customer_id,age,gender,subscription_type,watch_hours,last_login_days,region,device,monthly_fee,churned,payment_method,number_of_profiles,avg_watch_time_per_day,favorite_genre
A9B75100-82A8-427A-A208-72F24052884A,51,Other,Basic,14.73,29,Africa,Tv,8.99,1,Gift Card,1,0.49,Action
49A5Dfd9-7E69-4022-A6Ad-0A1B9767Fb5B,47,Other,Standard,0.7,19,Europe,Mobile,13.99,1,Gift Card,5,0.03,Sci-Fi
4D71F6Ce-Fca9-4Ff7-8Afa-197Ac24De14B,27,Female,Standard,16.32,10,Asia,Tv,13.99,0,Crypto,2,1.48,Drama
D3C72C38-631B-4F9E-8A0E-De103Cad1A7D,53,Other,Premium,4.51,12,Oceania,Tv,17.99,1,Crypto,2,0.35,Horror
4E265C34-103A-4Dbb-9553-76C9Aa47E946,56,Other,Standard,1.89,13,Africa,Mobile,13.99,1,Crypto,2,0.13,Action
D8079475-5Be7-47E9-8782-Ceb7Ff61395E,58,Female,Standard,13.8,26,Oceania,Mobile,13.99,0,Debit Card,3,0.51,Action
8E63450A-13D6-4E83-Bbb5-6Aebde9152Cb,48,Other,Basic,13.83,20,Asia,Tv,8.99,0,Gift Card,5,0.66,Romance
02387681-8C42-462A-807A-De0168C73B38,51,Male,Basic,14.3,56,Europe,Mobile,8.99,1,Gift Card,1,0.25,Action
0Bcaad0C-545C-4Ee1-85A6-75E165F39361,45,Other,Basic,9.98,10,Asia,Mobile,8.99,0,Paypal,3,0.91,Romance
Eae6439E-8Cdf-4258-Ab49-C493925B927A,32,Other,Premium,2.22,34,Europe,Tv,17.99,1,Debit Card,1,0.06,Drama
45A03Ce3-26D0-4Cd5-A9Bd-22D42490B612,26,Male,Premium,15.42,36,Asia,Laptop,17.99,0,Debit Card,4,0.42,Comedy
9Df43Ad1-D6Ee-44D0-A79B-C8Ab444F10Bf,28,Other,Standard,22.26,38,South America,Mobile,13.99,0,Crypto,5,0.57,Horror
4690Bf9C-B828-44D3-Bdb6-F91B10668288,47,Other,Standard,7.92,23,South America,Tv,13.99,0,Crypto,1,0.33,Sci-Fi
0Aac0E54-7D40-4Cf2-Abe4-45F3Ff73F5Ff,49,Female,Basic,5.26,33,South America,Mobile,8.99,1,Crypto,3,0.15,Documentary
E2A75072-5F48-47Ed-A533-Eb1B0301Aad9,39,Female,Basic,10.97,10,Oceania,Mobile,8.99,0,Paypal,1,1.0,Comedy
25Db8257-F409-4Acd-81F8-99629Fbf15A0,32,Female,Premium,40.94,7,South America,Desktop,17.99,0,Crypto,1,5.12,Action
Bf48551E-A8E6-4Fd9-Bb32-3F798Ed84680,46,Other,Premium,1.25,13,Europe,Tablet,17.99,1,Debit Card,3,0.09,Comedy
3819Aaed-Bed6-49C8-Ab53-0Fd9D917E4E1,48,Female,Standard,8.12,32,Africa,Desktop,13.99,1,Crypto,2,0.25,Action
E2F28860-44E4-4Fc2-A445-014332E7Fb11,68,Female,Premium,7.67,40,Oceania,Tablet,17.99,0,Paypal,4,0.19,Romance
A088D61D-Be5A-409E-B943-73B145B358D1,21,Female,Standard,15.53,27,South America,Laptop,13.99,0,Credit Card,1,0.55,Comedy
109Cc416-0A22-4C41-93E9-2C7Dd24Ddd3F,60,Male,Basic,31.9,4,Oceania,Tablet,8.99,0,Crypto,2,6.38,Comedy
A8C8Dcff-92D3-4A79-849D-42C6E6Bbc7Bc,70,Other,Premium,7.97,57,Europe,Laptop,17.99,1,Gift Card,5,0.14,Drama
8071C1Be-1197-49A1-Aa75-5Fb6A6B3087A,53,Other,Standard,43.02,43,South America,Tablet,13.99,0,Crypto,1,0.98,Action
98B7C57D-1094-45Dd-Bb45-D9Bb8Dff9B83,36,Other,Standard,34.6,19,Oceania,Tablet,13.99,0,Crypto,3,1.73,Action
18Be905C-203F-4De2-8E78-Ef10061Fc57F,55,Other,Basic,24.58,18,Asia,Desktop,8.99,0,Debit Card,1,1.29,Documentary
B7C1Bdad-Cafb-4586-A15D-Fc9Ff30A8115,45,Female,Standard,7.39,6,Oceania,Tv,13.99,0,Paypal,1,1.06,Romance
6E061F35-B1B5-4Efe-9E37-F40A14D929B1,24,Male,Premium,6.92,13,Africa,Desktop,17.99,0,Crypto,2,0.49,Action
8C2D377B-F6Ec-44B5-Ae08-3660C4358A93,30,Other,Premium,1.37,55,North America,Mobile,17.99,1,Debit Card,1,0.02,Horror
Afcc5C55-A3D8-4E2F-Ab95-3D34F5E0390D,69,Female,Basic,24.56,53,Oceania,Laptop,8.99,1,Gift Card,1,0.45,Action
2211B077-0300-4E0C-834C-E7751A45Eb96,47,Other,Standard,15.87,52,Africa,Laptop,13.99,1,Crypto,1,0.3,Sci-Fi
8D755725-4F16-4006-Bdae-Fa3Dc9Fa2579,49,Female,Standard,7.62,27,Asia,Tv,13.99,0,Debit Card,3,0.27,Action
C39A5943-Fe7C-46Ec-8D3C-2A24Ab46733B,67,Male,Standard,3.05,29,Oceania,Tablet,13.99,1,Paypal,1,0.1,Drama
E62D9Bc8-Dab9-42E0-B6B2-E8D076Fe843B,23,Female,Premium,13.31,34,Africa,Mobile,17.99,1,Debit Card,2,0.38,Romance
7A89D8B6-28Ec-4B0C-9D3B-88E0A5119E3B,67,Male,Basic,1.56,0,Oceania,Desktop,8.99,0,Crypto,5,1.56,Documentary
C8648F0F-0B92-4445-A3A7-5C48711Cbc07,57,Male,Premium,0.97,32,South America,Mobile,17.99,1,Gift Card,2,0.03,Comedy
Ebe928A7-De65-4567-B349-06056B35E6A6,55,Other,Standard,21.58,48,North America,Mobile,13.99,0,Credit Card,5,0.44,Romance
8B3597Af-7Da9-405D-9815-60D1E4Dbe2E5,35,Other,Standard,22.59,16,Europe,Tablet,13.99,0,Credit Card,2,1.33,Comedy
839Ec473-5F41-4A8B-955A-Ec14B3A9Cad4,22,Female,Standard,9.69,35,Asia,Tv,13.99,1,Crypto,4,0.27,Documentary
Cdf4012D-14B0-41D5-Ab40-Cc6627Fe1E3B,34,Male,Premium,12.82,45,North America,Mobile,17.99,1,Paypal,2,0.28,Romance
Aa97D1A3-C4Ad-4C76-Bd2A-56F1B46A753C,19,Male,Standard,4.34,1,Asia,Tablet,13.99,0,Paypal,1,2.17,Sci-Fi
6Ead42F9-86D8-4C66-B2Fc-3D791323186D,25,Female,Premium,15.95,15,South America,Laptop,17.99,0,Credit Card,1,1.0,Action
9235D289-6D46-46Ba-A48A-1Cf4Ea18B599,49,Other,Premium,2.05,14,North America,Tablet,17.99,0,Debit Card,5,0.14,Romance
20529E32-D3E7-4Cfc-8210-B6468Cdbe2A4,55,Other,Premium,3.86,25,Europe,Tablet,17.99,1,Paypal,3,0.15,Action
Bfe7729E-7D5D-4850-B496-51E891158836,36,Other,Basic,1.68,10,Africa,Tv,8.99,1,Paypal,4,0.15,Action
783C7652-37B8-4Be0-B8Bc-Fb51Bd4B5578,27,Other,Premium,46.88,56,Oceania,Tv,17.99,0,Crypto,3,0.82,Drama
2117B36A-9E3E-4077-Ac5B-03540Bb38461,49,Male,Standard,4.22,50,Oceania,Desktop,13.99,1,Gift Card,2,0.08,Comedy
Ceec2C10-9770-48D1-8366-344Fa66195B1,54,Female,Basic,26.88,44,South America,Desktop,8.99,0,Gift Card,3,0.6,Drama
854B2Bfd-6773-413F-B385-02338Fa3A316,31,Female,Standard,2.23,39,North America,Mobile,13.99,1,Debit Card,5,0.06,Drama
Ee53Be31-Fb36-41D9-8Eb2-1A4C1D976552,31,Male,Premium,14.15,24,South America,Desktop,17.99,0,Paypal,5,0.57,Drama
C9C8202C-992C-4E6C-B04F-0E2961Ea87Cc,42,Female,Basic,49.49,39,Europe,Mobile,8.99,0,Credit Card,5,1.24,Horror
022F9C7A-8276-494A-8629-086Ad5E81Df1,30,Male,Premium,8.79,21,Europe,Tablet,17.99,0,Crypto,4,0.4,Comedy
1A0F21B6-454A-4A22-88A8-5045B9D00Fa4,58,Male,Standard,14.57,22,North America,Mobile,13.99,0,Debit Card,2,0.63,Romance
616199Ed-33C4-4Ff5-9450-251Fc608D3A1,63,Other,Standard,25.73,11,Africa,Tv,13.99,0,Paypal,1,2.14,Comedy
D1593B1D-Ef59-4D4A-A169-5Ff338B8Baef,60,Male,Standard,3.01,30,Asia,Desktop,13.99,1,Gift Card,3,0.1,Documentary
749B69F5-8A24-428A-880C-86057Af2A485,66,Male,Basic,12.05,33,South America,Tablet,8.99,1,Paypal,3,0.35,Drama
A2Eab47C-Dc4C-427F-88F8-755051B303Fb,51,Female,Premium,3.7,37,South America,Mobile,17.99,1,Credit Card,2,0.1,Horror
B313F39D-0675-4Bef-9B10-573146872Adf,63,Male,Premium,5.84,20,Oceania,Mobile,17.99,0,Credit Card,1,0.28,Documentary
09A76Bc9-4048-4403-8087-A31Cdb16556E,31,Male,Basic,48.35,11,Oceania,Desktop,8.99,0,Debit Card,5,4.03,Comedy
Af9B0F0D-9532-48F2-Ad24-Bf41Faa164A6,55,Other,Standard,2.89,37,North America,Desktop,13.99,1,Debit Card,4,0.08,Action
Ec202012-E4Bf-4B14-B5Fe-4447D8Cfb730,38,Male,Premium,29.84,56,South America,Desktop,17.99,0,Credit Card,4,0.52,Drama
8C78B61B-0D41-4470-Ade0-3Ed2E2B36C28,65,Other,Standard,19.33,31,North America,Desktop,13.99,0,Credit Card,1,0.6,Comedy
Da57899F-77B4-4B23-Bcab-700Db438F6D1,43,Female,Premium,2.5,33,Europe,Tv,17.99,1,Credit Card,3,0.07,Action
361Aff57-8A5F-4229-B4F5-F52544178Dc7,63,Male,Premium,6.97,31,North America,Tablet,17.99,1,Crypto,1,0.22,Romance
900034D1-E7De-4E99-914E-4Ad863061834,64,Female,Standard,3.66,6,Africa,Mobile,13.99,0,Paypal,1,0.52,Romance
6082E011-4F6D-4Acb-93F2-3Bfefd532880,58,Female,Basic,30.85,46,North America,Mobile,8.99,0,Debit Card,5,0.66,Action
4C7D404A-Ebd5-4881-9Fb5-302Ad47F2Fb8,31,Male,Standard,1.77,34,Europe,Tv,13.99,1,Paypal,3,0.05,Sci-Fi
33146637-8D6B-4A63-B0Be-65C67A894825,62,Other,Standard,16.65,41,North America,Tablet,13.99,1,Debit Card,3,0.4,Romance
746Cea20-F12A-4B78-900D-Fe19B5Eaf91D,35,Male,Standard,25.08,2,Oceania,Tv,13.99,0,Crypto,5,8.36,Action
44361538-0Ea0-4B91-Bef5-4C5Af2Dc15Bd,34,Other,Standard,23.2,18,Asia,Tablet,13.99,0,Debit Card,1,1.22,Comedy
05E8A643-0A5C-4413-Ae75-A4Dcdccf9C62,65,Other,Premium,37.82,31,Oceania,Tablet,17.99,0,Gift Card,3,1.18,Sci-Fi
85B74247-A98B-47B1-91Ba-8B7Db3C3662C,68,Male,Standard,28.44,55,Europe,Laptop,13.99,0,Crypto,3,0.51,Romance
Aaf3513B-97C7-46Fa-B889-0D78C2Ca0Be7,46,Other,Standard,13.38,3,South America,Laptop,13.99,0,Credit Card,2,3.35,Romance
62D2Ca00-38A2-4F3B-A517-E212Fb24E26E,62,Female,Standard,14.8,40,South America,Mobile,13.99,1,Crypto,5,0.36,Drama
005B6Afc-Cff9-432F-Ae0E-265D9Acb5A59,63,Other,Premium,3.39,57,South America,Mobile,17.99,1,Paypal,4,0.06,Sci-Fi
4Dbbc3F7-6Ede-48Ad-Bf36-84C7E9188E3C,62,Female,Premium,13.15,11,Oceania,Desktop,17.99,0,Debit Card,1,1.1,Comedy
60559C1A-4093-4379-9E24-D2F033256395,41,Male,Basic,15.26,21,South America,Desktop,8.99,0,Debit Card,5,0.69,Drama
842Cacde-7763-4505-Bef1-538Dedd13Be7,27,Other,Premium,79.17,12,South America,Tablet,17.99,0,Debit Card,2,6.09,Drama
73772Dd0-A793-479A-A5Fa-51423747291A,60,Female,Basic,9.13,43,North America,Laptop,8.99,1,Debit Card,1,0.21,Documentary
52Aa9Ac1-8625-4421-8D2C-3Ed00Cf83389,60,Male,Premium,3.29,20,Asia,Mobile,17.99,1,Debit Card,2,0.16,Drama
72452F35-F1Ef-4881-A0F6-Df6De0351844,58,Female,Standard,9.52,51,Europe,Laptop,13.99,1,Paypal,1,0.18,Sci-Fi
Fdf130C6-Cd3C-434B-Abbf-4645C8Ca928D,18,Male,Standard,3.56,23,Oceania,Tablet,13.99,0,Debit Card,4,0.15,Horror
F3Dd9F07-99Ca-4425-8Eaa-62F1A949E8B1,48,Other,Premium,11.1,41,Africa,Mobile,17.99,1,Gift Card,5,0.26,Documentary
F67B2663-Cc48-4D48-A855-Fc3E1E323A0F,26,Other,Standard,23.13,27,Oceania,Mobile,13.99,0,Debit Card,2,0.83,Documentary
Da8C00Ec-40B0-400A-90B6-Ed24B0B37C89,21,Male,Premium,9.91,27,Asia,Desktop,17.99,0,Debit Card,2,0.35,Sci-Fi
6Be0B14C-Eaea-4580-B845-457Df93Bb828,46,Other,Basic,6.22,36,Asia,Laptop,8.99,1,Credit Card,2,0.17,Horror
134E6A09-9723-4652-9213-Fbfecaa84377,62,Female,Premium,0.45,20,Europe,Tablet,17.99,0,Debit Card,5,0.02,Sci-Fi
31563B13-7C8D-41C6-Bdf2-6A1A554574Cd,35,Female,Standard,17.53,38,Oceania,Laptop,13.99,1,Credit Card,1,0.45,Action
Ce40F5F8-42Ee-44E2-B754-Bd3A626Cf48D,61,Female,Standard,4.52,21,Europe,Tablet,13.99,1,Crypto,2,0.21,Drama
2682C90E-8E16-4Cb6-88Ae-1348Cd5A62Fb,37,Male,Basic,9.69,24,Asia,Mobile,8.99,0,Credit Card,4,0.39,Horror
84Cbf173-D71C-49Cf-B015-0Ea96838663A,46,Female,Standard,5.78,4,Asia,Laptop,13.99,0,Credit Card,2,1.16,Sci-Fi
55587Cf4-5322-467E-8066-2Ac35E023421,41,Female,Premium,18.87,9,Europe,Tv,17.99,0,Gift Card,3,1.89,Documentary
72C5F29B-8E0A-4B81-99C2-6Db14Fd602A6,21,Female,Premium,4.89,3,Oceania,Desktop,17.99,0,Debit Card,4,1.22,Sci-Fi
F1E8F248-727D-47F5-92Da-D6F7610Cfc5B,55,Female,Premium,1.66,54,Oceania,Tv,17.99,1,Paypal,4,0.03,Drama
1Cb5C1A8-8724-4Edc-8255-06B1152F5Dea,64,Female,Premium,4.42,17,South America,Laptop,17.99,1,Crypto,3,0.25,Horror
72E27837-1995-4843-8284-Fadf89A8Cfe8,36,Other,Premium,13.38,22,North America,Mobile,17.99,0,Gift Card,4,0.58,Documentary
40E78B9F-B88B-4Eb9-B6Dd-F288901B072D,67,Female,Premium,9.87,6,Europe,Tv,17.99,0,Paypal,3,1.41,Action
C82Cb034-7C20-47Af-901E-91379D90A183,23,Female,Premium,23.6,56,South America,Tv,17.99,0,Paypal,4,0.41,Sci-Fi
6D9E258D-3110-475F-Ac1C-1Eba0F56B7E8,19,Male,Basic,3.89,33,North America,Mobile,8.99,1,Credit Card,1,0.11,Romance
A9661B26-D812-406E-A1E2-58F640879A0A,20,Other,Premium,3.4,33,Africa,Tablet,17.99,1,Crypto,5,0.1,Drama
747D7B40-97B1-4207-923C-72D5C3E65343,50,Female,Standard,3.58,54,Europe,Tablet,13.99,1,Credit Card,4,0.07,Romance
8Ba94Dad-4F0E-4Aaf-B8D5-C8B4Deb2195B,33,Other,Premium,31.11,39,South America,Mobile,17.99,0,Crypto,4,0.78,Comedy
Cd2Fbe59-0226-47Ac-83F9-3Aad8Fdd9Fd1,31,Other,Premium,2.81,39,Europe,Desktop,17.99,1,Credit Card,5,0.07,Horror
E443C6B3-1D47-4274-B231-23F2Ffe08Dc9,20,Male,Standard,9.87,29,Africa,Desktop,13.99,0,Paypal,3,0.33,Documentary
7Fdace55-3767-41D2-85D3-E43A5Eddede6,18,Female,Basic,35.52,40,South America,Tablet,8.99,0,Crypto,3,0.87,Action
85D2824E-34B3-4E81-8E27-D1426F49Ae4B,31,Male,Premium,4.6,1,South America,Desktop,17.99,0,Gift Card,1,2.3,Sci-Fi
4B1E6601-B97E-479B-B01C-5228F3C6681E,47,Other,Premium,14.24,37,Africa,Tablet,17.99,1,Gift Card,2,0.37,Documentary
Fa19687B-872C-4163-A900-59F1B4098Ed9,49,Female,Basic,2.9,46,Asia,Mobile,8.99,1,Debit Card,2,0.06,Horror
90B17B2A-6B37-4913-Acb5-70B9A7Fb7400,30,Female,Basic,24.74,17,Oceania,Laptop,8.99,0,Credit Card,5,1.37,Comedy
F2D0A49A-A99D-440C-8495-66A3E2E4D7F9,22,Other,Basic,2.93,27,Asia,Tv,8.99,1,Gift Card,2,0.1,Sci-Fi
79F6A459-5E71-40E9-831A-8657Ed6F160B,61,Other,Standard,5.98,1,North America,Tablet,13.99,0,Gift Card,5,2.99,Romance
Fd3C898E-3Bfd-453B-B00E-839Eaf2Dd443,59,Other,Premium,24.59,49,North America,Desktop,17.99,0,Crypto,3,0.49,Romance
D88332B4-4D6A-49A9-A74C-55A5D43F3785,42,Male,Premium,18.17,2,South America,Laptop,17.99,0,Crypto,4,6.06,Sci-Fi
Ad1D5A11-4A28-49Fe-Ab0D-9D9708Af9Ae4,21,Female,Basic,13.97,14,North America,Laptop,8.99,0,Credit Card,3,0.93,Romance
F5A0302A-6Df7-4Cad-B563-199Ad2Af75Da,35,Male,Basic,4.58,42,South America,Tablet,8.99,1,Credit Card,4,0.11,Romance
2Dab7Db6-0652-42Aa-9Bbd-C685Fadca648,32,Other,Basic,17.18,22,Africa,Tv,8.99,0,Crypto,4,0.75,Romance
123F622F-26F1-431D-Bc19-2219C6E7Fc86,65,Female,Premium,4.89,6,Asia,Tv,17.99,0,Gift Card,1,0.7,Documentary
4B9D865E-50F1-447E-8E49-89D2C6Acd3B3,59,Other,Standard,6.77,22,Oceania,Tablet,13.99,0,Debit Card,1,0.29,Sci-Fi
4891E3C6-F53B-45Af-Ad62-12572F687302,70,Other,Basic,1.28,52,Asia,Mobile,8.99,1,Credit Card,5,0.02,Action
2E3A45B3-B511-42Dd-B3E3-E9Ce9D182B7A,63,Male,Premium,8.54,51,North America,Tablet,17.99,0,Credit Card,5,0.16,Documentary
5519A119-Ca14-4Ca1-9518-40Ab23D4Ea93,29,Other,Basic,17.58,2,Europe,Desktop,8.99,0,Paypal,1,5.86,Action
Ccaded82-6E9B-4863-B165-Cb90Cb39Fd26,30,Other,Basic,9.28,44,North America,Tablet,8.99,1,Paypal,4,0.21,Action
52C7F909-500A-4C6D-851D-E504C27Ec859,52,Other,Basic,6.18,41,South America,Tablet,8.99,1,Gift Card,3,0.15,Comedy
D019Bb17-C284-4B18-B15E-A8625A16D93F,49,Other,Standard,5.88,40,North America,Mobile,13.99,1,Crypto,2,0.14,Action
Efe01Bcd-E159-4494-A1D3-6E8432A0C269,33,Male,Standard,2.86,30,Europe,Tablet,13.99,1,Gift Card,5,0.09,Drama
552Fb14C-C171-4F05-895A-61D49233686B,22,Female,Basic,3.71,28,Europe,Tv,8.99,1,Crypto,1,0.13,Horror
99E08A07-D0De-46C9-997D-1Fb9452Bea46,29,Male,Basic,1.7,43,South America,Mobile,8.99,1,Debit Card,5,0.04,Horror
45291E8C-5116-4068-9168-545Eecfaf691,67,Female,Standard,1.02,20,Europe,Laptop,13.99,1,Gift Card,1,0.05,Sci-Fi
00477256-578D-4Abd-8Ed8-3A5E75539E7A,53,Female,Premium,1.36,35,South America,Mobile,17.99,1,Gift Card,2,0.04,Romance
A8F0268F-Cb07-4C40-9Fde-Dbe0F1C737Fc,40,Male,Premium,12.26,3,North America,Mobile,17.99,0,Debit Card,5,3.06,Romance
3B237337-1044-4E5D-A612-E1A9E5F6Eb36,56,Other,Premium,1.43,16,Europe,Laptop,17.99,1,Debit Card,2,0.08,Action
80E4A598-68B9-48E1-8Bc0-4Dbfa54D769E,35,Female,Basic,26.9,49,South America,Desktop,8.99,0,Gift Card,2,0.54,Drama
33563D42-7F51-405C-8328-8Cd881128656,54,Male,Basic,3.13,16,Oceania,Tv,8.99,1,Credit Card,5,0.18,Drama
4949Efaa-Be29-41Cc-A0Ee-683Eaa53F442,19,Other,Basic,3.72,11,Asia,Desktop,8.99,1,Crypto,5,0.31,Documentary
4Cea2A42-Ffdf-49E0-A1C0-5A13B3Bdffe3,28,Male,Premium,16.17,46,Africa,Laptop,17.99,1,Crypto,4,0.34,Horror
E301Bbbc-80E3-4E8A-9016-545Ab980B0Cf,19,Other,Basic,5.18,43,Europe,Tablet,8.99,1,Paypal,4,0.12,Horror
5945Dc09-1B5B-4511-Ac0D-20135699628E,34,Male,Basic,1.89,59,Asia,Tablet,8.99,1,Credit Card,5,0.03,Action
69281385-44F2-48Fb-Abf2-Dc483Ee5Be8B,19,Male,Premium,8.03,1,Asia,Tv,17.99,0,Gift Card,3,4.01,Drama
844F2522-32E3-4F44-A960-Cd0C13881618,45,Other,Basic,3.4,27,North America,Laptop,8.99,1,Crypto,3,0.12,Sci-Fi
8Bc108D0-Ddb9-4Aa9-8C28-081008F38Cb6,50,Other,Basic,0.11,1,South America,Tablet,8.99,1,Gift Card,2,0.06,Sci-Fi
7Bb33E01-E208-48B0-9C0B-Cd38833B1124,47,Female,Standard,40.12,55,Africa,Desktop,13.99,0,Paypal,1,0.72,Action
21F1A30F-Ff82-424C-B085-7770795446C1,40,Female,Standard,32.88,36,South America,Desktop,13.99,0,Crypto,4,0.89,Sci-Fi
5Fa579A5-F777-4206-98C3-De5D03627C6C,41,Female,Standard,6.26,16,Oceania,Tablet,13.99,0,Crypto,4,0.37,Action
Ffdade4E-D794-42Ce-A50D-25F0A5729E88,48,Other,Premium,16.78,2,Europe,Mobile,17.99,0,Paypal,1,5.59,Drama
E8Fda88A-2847-4Cb4-B5A0-B7F0C3454405,67,Other,Standard,3.29,25,North America,Tablet,13.99,1,Crypto,1,0.13,Documentary
E19A5270-F0E0-4586-8893-Ca3Fabdc2Fc8,59,Female,Basic,20.11,40,South America,Desktop,8.99,1,Paypal,2,0.49,Sci-Fi
46Fe1Eb8-C6F9-4Bd4-8A9A-D91919Ed031A,60,Female,Standard,19.36,45,South America,Desktop,13.99,1,Debit Card,2,0.42,Drama
6735D050-2Af6-4030-B34F-9687Ab1A8914,33,Male,Basic,2.27,20,South America,Desktop,8.99,1,Debit Card,3,0.11,Romance
629A11D7-4Bd9-4698-B40F-8638Ffd900C7,24,Female,Basic,2.42,56,Europe,Tablet,8.99,1,Crypto,3,0.04,Comedy
39287652-Cd55-45D3-99Bc-5B4917558F5E,23,Other,Basic,10.85,13,North America,Mobile,8.99,0,Paypal,3,0.78,Romance
071F4Ab9-B7C8-42B9-9571-Dac40F75Fe29,34,Male,Premium,9.59,28,Europe,Mobile,17.99,0,Paypal,4,0.33,Action
Ebfb8Aef-3Cb5-40E2-9Eed-15A73A544D43,30,Male,Premium,7.24,40,Asia,Tv,17.99,0,Debit Card,5,0.18,Documentary
1Ce9139B-2013-4A00-B77F-Fbab1B020A00,69,Male,Standard,7.85,43,Europe,Tv,13.99,1,Gift Card,5,0.18,Action
9Fbdd1E9-64E2-41A4-8753-Fb3412Bea228,70,Female,Basic,6.8,6,North America,Mobile,8.99,0,Debit Card,4,0.97,Action
76D56597-Dfb2-4223-845F-B8Ff46B00Ccd,42,Male,Premium,0.88,33,Oceania,Laptop,17.99,1,Credit Card,1,0.03,Comedy
7Da43629-4C0F-49Ff-8Bf2-047E7D6Ff102,34,Male,Premium,12.48,53,Asia,Tablet,17.99,1,Gift Card,2,0.23,Comedy
Fb2804Df-Cb81-4735-A73B-15241D47B179,51,Female,Premium,2.04,6,South America,Tv,17.99,0,Debit Card,2,0.29,Drama
Fd5C0B28-152D-47E2-Bc46-C8Db8Eb99985,27,Other,Premium,4.57,24,Africa,Laptop,17.99,1,Gift Card,4,0.18,Documentary
54Ff35F5-4B7D-4740-A2B3-4755A628E79A,19,Male,Standard,19.23,20,Oceania,Laptop,13.99,0,Debit Card,3,0.92,Romance
8Af34Fa6-55D3-4E2F-Bb67-94D27Ba89512,18,Other,Standard,16.81,56,Oceania,Tablet,13.99,1,Credit Card,2,0.29,Drama
4Ab4899E-8602-4207-8D66-B1D0037F9061,23,Other,Premium,8.17,38,Europe,Desktop,17.99,1,Paypal,3,0.21,Documentary
D0882378-87E1-4F8C-Ae52-9B4C6650Ed1D,23,Male,Basic,7.09,32,Europe,Tv,8.99,1,Credit Card,2,0.21,Romance
95506F85-Ac7C-441F-9653-2Ff87E09Cf22,50,Female,Premium,7.92,58,Asia,Desktop,17.99,1,Gift Card,4,0.13,Drama
78F24D23-96C3-46Bf-A87A-Fb61569Fc00B,54,Other,Standard,10.1,40,Oceania,Tv,13.99,0,Paypal,5,0.25,Horror
3D2A67B3-9Cdb-4E45-9066-27E51D45Cb66,68,Female,Basic,9.07,32,Africa,Tv,8.99,1,Crypto,3,0.27,Romance
A8582720-4D1C-4377-8Be1-A414Bc51938D,70,Other,Basic,2.24,50,Europe,Laptop,8.99,1,Paypal,5,0.04,Documentary
6Ad7F0B7-91F7-4C49-9D03-085Ce4845C8E,28,Male,Basic,11.25,52,Europe,Laptop,8.99,1,Paypal,5,0.21,Action
A9Bb3C30-19D3-4F1C-Ab31-2749363De6Ca,37,Male,Standard,31.31,53,South America,Mobile,13.99,0,Gift Card,1,0.58,Sci-Fi
6517898E-2C6A-4F44-A25A-33272Efdc08D,51,Female,Premium,8.32,48,Europe,Tv,17.99,1,Credit Card,2,0.17,Horror
Ce63B3Cf-0D7A-499F-A1D7-5Ee3A26A0257,18,Female,Premium,6.8,20,South America,Laptop,17.99,0,Credit Card,4,0.32,Drama
5911A679-Cdb3-4Ccc-8Ce8-491Fb5A5F538,25,Female,Basic,18.4,55,Asia,Tv,8.99,1,Debit Card,4,0.33,Drama
8F45C680-7D92-47C2-910E-2E4C69803700,33,Other,Basic,44.72,7,Oceania,Tablet,8.99,0,Paypal,4,5.59,Horror
9141433D-3463-435D-9B27-87D08766F03D,30,Female,Premium,3.61,43,Africa,Tablet,17.99,1,Paypal,4,0.08,Comedy
5131E34F-E327-4746-9132-241D79255Ecc,22,Male,Premium,10.68,60,Africa,Tablet,17.99,0,Debit Card,5,0.18,Action
8A93C9A8-86D1-4Fb8-9F0F-89Ff6671601A,40,Other,Basic,8.13,4,Oceania,Tablet,8.99,0,Gift Card,4,1.63,Romance
61E92891-B875-4291-8E37-00D10B069367,44,Male,Premium,38.18,49,Oceania,Tv,17.99,0,Gift Card,3,0.76,Documentary
C96E98A2-6211-4466-9096-6C389Ef0143A,68,Male,Basic,1.83,0,Africa,Mobile,8.99,0,Debit Card,5,1.83,Horror
Dd0Dd66B-B4E4-4077-B128-50039B87C68F,24,Female,Basic,47.9,21,Oceania,Laptop,8.99,0,Debit Card,4,2.18,Romance
9945Eeb5-7747-4C17-A171-35Bfde1B29Ff,34,Female,Standard,3.85,55,South America,Desktop,13.99,1,Gift Card,3,0.07,Romance
E3E9C377-2Cb7-4Ec4-A85A-F59B9E6F298D,62,Female,Basic,1.55,17,South America,Tablet,8.99,1,Debit Card,2,0.09,Action
01Bcc59B-2Ffe-4146-9C55-05195C1Bfd4F,29,Female,Standard,7.46,58,Asia,Tablet,13.99,0,Credit Card,5,0.13,Drama
66Ee8B3E-54D4-47B0-9Bdf-A9830A3Be6F0,62,Female,Basic,6.67,47,North America,Tv,8.99,1,Gift Card,2,0.14,Documentary
042C6D84-17Fa-4C97-A537-Dcc1Ebfc9B19,20,Female,Premium,4.57,17,South America,Laptop,17.99,1,Gift Card,1,0.25,Comedy
37Bf780F-45C1-471C-8158-9F211Fbf9E0A,60,Female,Standard,1.03,2,Asia,Tablet,13.99,0,Paypal,5,0.34,Documentary
57Bea9Bb-8E3B-4A70-831B-89Ec71163A30,25,Other,Standard,6.71,2,Africa,Tablet,13.99,0,Credit Card,4,2.24,Sci-Fi
Ea197301-Ecc0-4B24-B3F2-F9C7Aa3Efccf,57,Male,Standard,12.95,27,North America,Tv,13.99,0,Gift Card,4,0.46,Horror
31Dab47E-D021-4D4B-8284-98460539Ef0A,47,Male,Standard,3.92,58,Africa,Tablet,13.99,1,Paypal,5,0.07,Horror
339Bd217-4512-4Fce-8E0F-A8Ee2938F548,54,Male,Basic,24.44,28,North America,Laptop,8.99,0,Gift Card,4,0.84,Drama
E4696783-B60D-40F9-8556-B6Aaca0439Bb,34,Female,Standard,28.76,11,North America,Mobile,13.99,0,Paypal,2,2.4,Documentary
6131B5Ac-7Daf-4A54-9F44-63Fe0Fcca85F,52,Male,Standard,1.35,7,Asia,Tv,13.99,1,Crypto,1,0.17,Action
C81Ba12A-E438-42Fc-9D0A-045Fb8A0E87A,53,Other,Premium,0.25,50,Asia,Tablet,17.99,1,Paypal,1,0.0,Romance
D9706E06-14Bf-475C-Aeb6-1Eaaf5A3Dd1B,68,Female,Premium,10.27,55,North America,Tablet,17.99,0,Paypal,4,0.18,Horror
Db2Af8Cb-89E8-4D68-B1B4-6620A2D5D041,68,Male,Premium,52.22,4,North America,Laptop,17.99,0,Gift Card,1,10.44,Romance
B84C61Be-3Dbf-4706-9Ac0-Bf2C77B54Dde,55,Other,Standard,7.61,37,North America,Mobile,13.99,1,Paypal,1,0.2,Comedy
29C66269-9Ffd-4C33-A193-Ce878Aadd03E,31,Male,Basic,11.05,51,North America,Tv,8.99,1,Paypal,1,0.21,Horror
5515Be5C-4926-4E19-Abbf-6F2F6C8Da2Ac,30,Other,Standard,17.22,5,South America,Laptop,13.99,0,Paypal,1,2.87,Horror
65967Ad4-Dae6-45D3-9Af8-3897Eed4Bdfb,56,Female,Premium,2.39,21,South America,Tablet,17.99,1,Debit Card,2,0.11,Comedy
Ac2F51D0-0824-4F84-B2Cd-Ab20Ec04B858,44,Other,Basic,14.91,47,Europe,Desktop,8.99,1,Debit Card,5,0.31,Horror
F1C3C48D-F3D2-4D85-A8C3-F1A96Eaacad9,64,Male,Standard,13.86,7,Africa,Laptop,13.99,0,Credit Card,3,1.73,Comedy
2986574C-65Fa-40E8-Ae90-3C745B045804,42,Other,Basic,2.6,50,South America,Laptop,8.99,1,Credit Card,4,0.05,Romance
533Ad58F-7675-4E1F-8A7B-27F64E6Ac546,18,Other,Premium,17.75,9,Oceania,Desktop,17.99,0,Gift Card,1,1.77,Comedy
Bf84E8D8-05Ec-42A0-Acea-Ef18118399C7,56,Male,Basic,8.71,2,Asia,Laptop,8.99,0,Debit Card,3,2.9,Drama
Ec781D62-Dcea-497B-A9E4-C17263747C67,23,Male,Premium,10.39,2,North America,Tv,17.99,0,Paypal,4,3.46,Romance
8B81A984-02E2-48Aa-9Ff5-5F1868Dcf643,23,Female,Basic,18.25,30,South America,Mobile,8.99,0,Crypto,5,0.59,Documentary
56406333-657B-4C54-8Abd-6493Fcfb3683,65,Other,Premium,20.05,21,Asia,Tablet,17.99,0,Crypto,5,0.91,Documentary
7Ce062A1-89Ad-45C1-A25A-0B3B4Ee4Ec72,47,Other,Basic,0.39,48,South America,Tablet,8.99,1,Paypal,5,0.01,Romance
2Febe28B-3C16-4Efb-9188-1F37A1C01D82,36,Female,Premium,50.98,23,Asia,Mobile,17.99,0,Gift Card,4,2.12,Comedy
0480261E-6011-440B-862C-17Eb4D5F183F,54,Other,Premium,0.56,30,North America,Tablet,17.99,1,Debit Card,2,0.02,Horror
5Af996E6-33Fe-477D-A99E-1C10776Fda79,56,Other,Standard,1.95,28,North America,Mobile,13.99,1,Crypto,4,0.07,Romance
Dae2Da1F-76Cb-41C0-B04F-33Dc860Fcf32,34,Male,Premium,70.61,38,Oceania,Tv,17.99,0,Credit Card,5,1.81,Comedy
9Be09F8C-F7Dc-49Dd-8C6B-25C8F448D92F,70,Other,Standard,8.7,46,Asia,Mobile,13.99,1,Credit Card,3,0.19,Action
A15B0804-4A6C-4410-B37F-A4986930E827,51,Male,Basic,2.17,14,Africa,Tablet,8.99,1,Debit Card,3,0.14,Horror
6354Bb8B-9F9D-440D-Bcaf-Fb281E48866E,57,Female,Basic,15.75,1,Europe,Desktop,8.99,0,Crypto,3,7.88,Horror
C9C2F14E-1E0F-467A-90F5-E8512A867Bf1,36,Female,Basic,3.58,14,North America,Tablet,8.99,1,Paypal,2,0.24,Romance
73B4Ab33-132D-4C64-B52D-C9Aa2E2F85D6,67,Other,Standard,14.58,18,Europe,Desktop,13.99,0,Credit Card,2,0.77,Sci-Fi
A03703B4-96Da-4Fc9-Ab23-Dc087A013B7D,66,Other,Standard,1.42,57,Europe,Laptop,13.99,1,Gift Card,3,0.02,Drama
8E10Ed31-6232-49D2-9Def-3Cb40206C216,42,Female,Basic,2.98,29,Asia,Tv,8.99,1,Crypto,4,0.1,Comedy
2C8412Ce-38B1-4Edd-9A05-23Df72E6Ec65,34,Female,Standard,0.68,42,Africa,Desktop,13.99,1,Crypto,2,0.02,Comedy
06D02Ff5-4241-48Cf-88Cd-83E965C477Fa,49,Other,Standard,2.26,31,Europe,Laptop,13.99,1,Paypal,5,0.07,Comedy
Feb1F73A-8Cc1-44C9-A58E-83Bc8D1Fd127,66,Female,Basic,6.93,47,South America,Tablet,8.99,1,Paypal,3,0.14,Sci-Fi
8F511109-28D6-4502-Bb4A-02A31D2Fd9B1,24,Female,Premium,11.67,31,Oceania,Mobile,17.99,1,Crypto,3,0.36,Sci-Fi
908D1C29-96Cd-4D12-9B7B-6F25C85D46Ea,49,Other,Premium,5.31,39,Europe,Tv,17.99,1,Credit Card,1,0.13,Comedy
59B1D940-2563-4884-9944-87129D5A5399,65,Other,Standard,1.83,37,Africa,Desktop,13.99,1,Credit Card,1,0.05,Comedy
A229903C-F733-4E37-8F53-26759271A27D,52,Female,Standard,2.62,43,South America,Mobile,13.99,1,Gift Card,5,0.06,Documentary
Ecd9A401-3Be9-4Ff9-8B82-7491E8De3376,61,Other,Premium,0.85,6,Europe,Tv,17.99,1,Crypto,1,0.12,Horror
82247Ee5-3C0E-45Db-B734-31Cf92C63A7A,50,Female,Standard,5.02,47,Africa,Mobile,13.99,1,Crypto,3,0.1,Horror
8874Bf6B-73Ab-4361-9955-E6D678400A2F,56,Other,Premium,19.81,25,Asia,Tablet,17.99,0,Credit Card,4,0.76,Sci-Fi
41E580Ba-A11A-416E-863F-D94F0Fcb729E,36,Other,Premium,18.47,28,Asia,Tablet,17.99,0,Credit Card,2,0.64,Horror
80304332-21C7-4123-9691-Ec47680Ef521,40,Female,Standard,22.52,8,Africa,Laptop,13.99,0,Paypal,5,2.5,Comedy
E2Bade9E-76Ad-4E9C-B851-F15137431Ca2,23,Female,Premium,11.54,28,Europe,Laptop,17.99,0,Gift Card,5,0.4,Sci-Fi
93991Bdd-3B61-4167-Ba40-807E3Fc24Cce,49,Female,Basic,38.43,6,Oceania,Tablet,8.99,0,Paypal,3,5.49,Drama
5B14B084-6Bd2-4Df4-B9C5-8839F9E9680A,68,Female,Standard,2.7,35,Asia,Tv,13.99,1,Debit Card,1,0.08,Documentary
10E3667E-01B2-4340-8F1E-F6Eca396F00C,52,Other,Standard,1.79,38,Africa,Mobile,13.99,1,Credit Card,1,0.05,Drama
Ba539916-0De8-4F60-9B2F-Fb07Ba7F1193,37,Male,Standard,13.86,46,South America,Laptop,13.99,1,Gift Card,3,0.29,Documentary
Ae95F50E-1E2F-4F65-874D-0B6Bc9427707,33,Female,Basic,0.14,37,Europe,Tv,8.99,1,Paypal,5,0.0,Sci-Fi
10Fa7F05-3Ce2-4829-Bafa-78E5001Ebaa0,26,Other,Premium,19.48,35,Oceania,Laptop,17.99,0,Paypal,5,0.54,Horror
C92450D6-B3Fa-47A1-82Ac-Ebbf6F022Eac,37,Male,Basic,4.84,25,Africa,Laptop,8.99,1,Paypal,5,0.19,Action
Bc58E790-61Ad-438B-9059-67Adee68Af43,36,Other,Premium,8.7,45,South America,Mobile,17.99,0,Paypal,4,0.19,Drama
A59003Ca-Fc14-4078-9Ed4-D9Dbf9D91826,61,Male,Premium,19.19,27,South America,Mobile,17.99,0,Paypal,2,0.69,Horror
075F3920-D7Be-49De-B9A8-04Ae797D2806,43,Male,Basic,0.53,22,Europe,Tv,8.99,1,Paypal,1,0.02,Romance
C562Cd9E-2437-4343-Afd8-740938A1B59B,62,Male,Basic,7.85,53,Europe,Mobile,8.99,1,Paypal,2,0.15,Romance
E85F81F9-F1C6-4Db6-91B8-A68D9A225B14,70,Other,Premium,42.5,46,Europe,Laptop,17.99,0,Credit Card,2,0.9,Drama
95B61Ee7-Ccc7-4C12-B422-3518Fa9A9De9,34,Male,Standard,6.33,49,Europe,Laptop,13.99,0,Debit Card,4,0.13,Action
9479A993-2027-4F6B-90C3-76082A333411,38,Female,Basic,33.5,56,Asia,Laptop,8.99,0,Paypal,2,0.59,Action
258Fb686-A114-48C9-B4D9-45D0E773064F,67,Female,Basic,2.55,48,Oceania,Laptop,8.99,1,Gift Card,2,0.05,Sci-Fi
Dc507Aeb-Ca76-409A-9Ff8-09Dd364E0754,39,Female,Premium,47.79,12,North America,Tv,17.99,0,Gift Card,1,3.68,Comedy
Ed01A482-Affc-4E7F-A7B4-Ff9Fcde8024A,22,Other,Basic,26.28,48,Europe,Tv,8.99,0,Crypto,3,0.54,Sci-Fi
Af94B7Ff-2542-4364-B5Fb-A71E0250Ef2D,67,Male,Premium,1.04,17,Europe,Mobile,17.99,1,Gift Card,2,0.06,Romance
0E678D61-Af68-4C15-8870-34Aeb9E546De,42,Female,Standard,9.91,14,Africa,Desktop,13.99,0,Crypto,1,0.66,Comedy
0507202B-60A0-4Db0-9D84-D54696712Eb1,32,Other,Premium,16.39,27,Europe,Desktop,17.99,0,Gift Card,5,0.59,Horror
613Bfc9A-F30F-416C-802A-2Aa9327Cfa58,36,Other,Standard,32.78,51,Asia,Laptop,13.99,0,Debit Card,5,0.63,Documentary
77Cf8860-F7D9-4320-A1Eb-C06C6B3941Db,35,Male,Premium,1.95,52,Africa,Tablet,17.99,1,Credit Card,5,0.04,Drama
Fe5De36A-Ab2A-40C9-9697-4578C5212B9E,49,Other,Standard,5.02,26,South America,Tablet,13.99,0,Credit Card,4,0.19,Documentary
B512D943-7962-447F-9112-8Ff4Bf5B2767,41,Female,Basic,36.94,6,Africa,Tablet,8.99,0,Credit Card,4,5.28,Drama
C91B0Ee0-8912-4F6A-Bad2-32747Ee6E7B4,48,Female,Basic,1.3,2,South America,Mobile,8.99,1,Crypto,4,0.43,Drama
461B021E-97A5-486B-921B-6642C9D3E82A,34,Male,Premium,0.33,7,Asia,Tablet,17.99,1,Gift Card,2,0.04,Horror
Ce433Abe-57Fd-4E3D-9342-2E73Dfda078B,28,Other,Premium,5.03,59,Oceania,Tv,17.99,1,Crypto,1,0.08,Drama
8C0E6937-E5A5-4E4B-80E6-734497960Ec4,61,Female,Basic,1.21,31,Europe,Tablet,8.99,1,Crypto,3,0.04,Drama
C6B0204E-436A-40A3-8De9-2F3A84D799B7,23,Other,Premium,3.51,16,Asia,Desktop,17.99,0,Credit Card,5,0.21,Drama
7B0Bee97-A383-498D-A1D0-2De7C824Ce74,30,Female,Premium,3.55,45,South America,Desktop,17.99,1,Gift Card,3,0.08,Romance
5Ec455C9-3823-4034-B614-261B8E723D17,40,Female,Basic,7.02,44,Africa,Tablet,8.99,1,Gift Card,4,0.16,Horror
95613C6D-17D2-4B03-8C8B-9Ebe03768F44,18,Male,Basic,15.17,28,South America,Mobile,8.99,0,Paypal,3,0.52,Documentary
8A88927D-A219-4Bb5-8F16-Acc4C3171Dbf,47,Male,Standard,17.12,22,Europe,Desktop,13.99,0,Credit Card,1,0.74,Documentary
D8Da3B68-Dfd2-48Bb-8717-352605346780,61,Female,Basic,12.93,55,Oceania,Tablet,8.99,1,Debit Card,4,0.23,Sci-Fi
6627F98B-C514-4D31-9Be0-73D1F859E0Bc,50,Male,Standard,7.88,43,Europe,Tablet,13.99,1,Crypto,1,0.18,Horror
C0361C14-77F2-4833-Ae4A-4Fe578223F75,42,Other,Basic,5.55,47,Europe,Tablet,8.99,1,Gift Card,2,0.12,Drama
8Ad4594C-Beba-471B-Abe6-8071694E4294,60,Male,Basic,4.61,8,North America,Mobile,8.99,1,Paypal,3,0.51,Sci-Fi
2B408C37-307E-4E4B-Aa9E-Df26Fd74E648,46,Male,Basic,19.74,20,Asia,Mobile,8.99,0,Debit Card,1,0.94,Horror
B943A742-E530-4B1D-A717-B6F72C8Eb0Df,49,Other,Premium,19.67,54,Europe,Mobile,17.99,0,Credit Card,5,0.36,Documentary
86Ca5953-8687-4Fd4-Ad11-0D5D680458A8,63,Other,Premium,0.3,12,Asia,Laptop,17.99,1,Credit Card,2,0.02,Drama
1E06D863-A4C7-4967-8340-46C14Cb445A0,41,Male,Basic,7.73,31,Asia,Tablet,8.99,1,Gift Card,4,0.24,Documentary
860A5A69-185B-4Aef-8746-502864830574,63,Male,Basic,1.03,3,North America,Tablet,8.99,1,Credit Card,5,0.26,Documentary
Fd6488C2-9E1F-4227-9498-0A49F3702153,33,Male,Standard,9.93,51,South America,Tablet,13.99,0,Debit Card,4,0.19,Romance
0De32E81-Bbd2-465D-A0Bd-Dc9981E9De95,51,Male,Standard,2.56,53,Oceania,Desktop,13.99,1,Paypal,2,0.05,Romance
D3D8842A-961B-4951-Ad19-F2Ce40F0Bd6C,59,Female,Standard,2.28,38,Africa,Desktop,13.99,1,Paypal,3,0.06,Drama
251B46Dc-0342-44Cf-8868-Ac80695Ec9Df,44,Male,Standard,1.17,51,South America,Tablet,13.99,1,Credit Card,3,0.02,Romance
10B94520-29D7-4845-917F-98Fd0A3Bf3E7,22,Female,Premium,21.84,1,Oceania,Mobile,17.99,0,Credit Card,1,10.92,Horror
C73Edd98-948A-45A2-Bf02-D8556D7771C1,25,Female,Premium,10.53,33,Oceania,Tablet,17.99,1,Debit Card,3,0.31,Sci-Fi
15977Af7-Baf7-4922-Ac0B-06541E0271D3,26,Male,Standard,8.43,45,North America,Laptop,13.99,0,Debit Card,5,0.18,Comedy
3Ca42Ba1-9483-49C4-9Da0-3261165Ecb8E,51,Other,Premium,23.55,13,South America,Tv,17.99,0,Credit Card,2,1.68,Drama
14Ab6691-C9C4-479D-B472-B54Fad1Ea99E,46,Female,Standard,41.63,46,South America,Tablet,13.99,0,Debit Card,4,0.89,Comedy
32777B99-F320-4575-93F0-635Af1Cf0B43,35,Male,Premium,1.11,13,South America,Mobile,17.99,0,Credit Card,4,0.08,Sci-Fi
Baee1593-6034-48D7-8A84-7486C56E1563,50,Female,Premium,5.41,35,North America,Desktop,17.99,1,Gift Card,4,0.15,Action
B81C0235-959B-4E73-Af06-1A55896F1693,54,Female,Standard,11.79,39,Asia,Laptop,13.99,1,Debit Card,2,0.29,Documentary
314E27F7-020F-48A3-8914-5C0B51F67D00,27,Male,Standard,0.39,32,South America,Laptop,13.99,1,Gift Card,4,0.01,Action
Cb507A43-512E-4Dec-Be49-2489Ad065C20,18,Male,Premium,0.97,9,Africa,Tablet,17.99,0,Debit Card,5,0.1,Sci-Fi
505Fa98F-6743-4996-Abac-4Dfadbf39Cef,59,Female,Basic,4.16,25,Europe,Tablet,8.99,1,Crypto,2,0.16,Horror
B7842C18-8A7C-427D-985C-190Fa574149D,37,Male,Premium,13.91,27,Asia,Laptop,17.99,0,Paypal,5,0.5,Comedy
51Efc330-55C5-4B72-98Ef-7Bb6C3A82162,44,Female,Premium,3.73,49,Oceania,Tv,17.99,1,Credit Card,5,0.07,Drama
D798A26C-3Ede-4A44-B16A-A49C50E8F053,28,Male,Standard,10.91,16,North America,Tablet,13.99,0,Debit Card,4,0.64,Drama
7B5Ec85E-2Ca0-4C16-A1D2-Daa5E187Fc5C,23,Other,Premium,5.56,53,Europe,Laptop,17.99,1,Credit Card,1,0.1,Romance
10424D23-F638-4F9B-B107-3A3Fc714Ebdb,58,Other,Premium,4.04,19,Asia,Mobile,17.99,0,Credit Card,4,0.2,Romance
318B785E-376E-47Cc-Bf21-95B314654F83,23,Female,Standard,0.13,48,Europe,Laptop,13.99,1,Crypto,5,0.0,Sci-Fi
844F557E-B944-4Ca0-Aa50-1Ce827D8Bcb8,36,Female,Basic,20.03,16,Africa,Desktop,8.99,0,Debit Card,5,1.18,Comedy
03E51425-Ede3-4Da6-9769-2Ac43A43A6C8,37,Other,Basic,20.45,54,Asia,Desktop,8.99,0,Debit Card,4,0.37,Action
F18F3F06-7F7A-4860-8D04-5656E811782E,48,Other,Basic,4.91,1,North America,Mobile,8.99,1,Paypal,1,2.46,Action
6Abb7D1E-A927-4B88-A4F6-A995B5C42361,23,Male,Standard,28.75,20,Asia,Tv,13.99,0,Crypto,2,1.37,Horror
3Aabb525-5A7B-4668-Af65-A641A594A772,35,Other,Basic,10.43,46,Oceania,Mobile,8.99,1,Credit Card,4,0.22,Sci-Fi
4Cb69E88-Ac09-4383-B583-Af8Ac1Ed8Aa7,52,Other,Premium,11.5,53,Europe,Tv,17.99,1,Crypto,5,0.21,Documentary
9Eb4965A-D5D7-4223-Abf2-4Bc3205567D5,50,Other,Standard,1.49,8,Asia,Laptop,13.99,0,Credit Card,4,0.17,Documentary
40C040Fc-9B95-4B3B-871A-21Ff700D0F77,68,Male,Premium,17.56,29,Asia,Laptop,17.99,0,Debit Card,4,0.59,Sci-Fi
83A0D0Df-F602-47A7-8F84-Ff7B087Eb234,30,Other,Premium,15.15,55,South America,Tv,17.99,1,Credit Card,3,0.27,Comedy
5226D599-736B-422F-Bf60-186A26Fdeaca,41,Other,Basic,18.51,8,Asia,Mobile,8.99,0,Credit Card,2,2.06,Drama
Fa3Df7A7-031B-4Bc3-Ad1C-12C10Ebc05F7,56,Other,Basic,16.89,38,Europe,Tv,8.99,1,Debit Card,2,0.43,Horror
330Da1E1-F14F-48B1-A950-169E4C02303D,19,Male,Basic,0.22,21,Oceania,Mobile,8.99,1,Debit Card,4,0.01,Drama
D9536Bca-B67A-4E23-88B3-27208462B5F0,32,Female,Standard,11.33,42,Europe,Mobile,13.99,1,Credit Card,1,0.26,Sci-Fi
503Bb6A2-47C8-4Dee-B381-3B5415Ad89C9,60,Other,Basic,7.79,25,North America,Tv,8.99,0,Debit Card,2,0.3,Drama
Ff0A52B7-4A72-4A00-B2B9-926F67C65A15,52,Male,Basic,0.12,25,South America,Mobile,8.99,1,Gift Card,4,0.0,Documentary
97B76Db8-4504-438B-B561-4B8C8976C938,70,Female,Premium,1.04,37,South America,Tablet,17.99,1,Paypal,2,0.03,Horror
F5194307-2Cf2-4D42-A353-6Ed0142B7Dee,48,Female,Premium,16.1,20,South America,Mobile,17.99,0,Gift Card,4,0.77,Romance
Bb60C0F0-462A-411C-Bd4A-Be52A830F801,49,Other,Premium,0.65,34,South America,Laptop,17.99,1,Credit Card,3,0.02,Drama
2147D452-2D5C-4618-Aaba-E7Feb7D322F5,52,Female,Basic,0.3,21,Europe,Mobile,8.99,1,Gift Card,2,0.01,Horror
12F4C115-7090-47F6-9450-7F3C5B7Ce2Ee,37,Male,Standard,16.01,11,Europe,Laptop,13.99,0,Debit Card,4,1.33,Horror
2F2B96Aa-A4B0-47Fd-8163-128E7Da936Ac,39,Female,Basic,33.36,37,South America,Tv,8.99,1,Crypto,1,0.88,Sci-Fi
071580Bb-2081-42F1-82D9-55D269964Fed,70,Female,Basic,3.99,24,Africa,Laptop,8.99,1,Gift Card,1,0.16,Horror
49460Bf3-2D1F-48A8-Abca-B6Af133F2803,68,Male,Basic,17.26,10,South America,Desktop,8.99,0,Credit Card,3,1.57,Documentary
1Cddb6F1-Fc2F-4E07-887B-E3703974Af83,26,Other,Standard,4.64,7,Asia,Desktop,13.99,1,Crypto,1,0.58,Comedy
00Ed9Abb-99Cc-4B26-Bac4-Eab742A14F5A,49,Female,Premium,5.0,17,Oceania,Mobile,17.99,0,Crypto,1,0.28,Drama
304E77F6-80F7-4820-Affe-F288Fb212762,18,Male,Premium,12.42,58,North America,Laptop,17.99,1,Debit Card,3,0.21,Horror
F1664406-D734-495D-8499-225258Ceb44D,28,Other,Basic,16.54,24,South America,Laptop,8.99,0,Crypto,3,0.66,Romance
2E7F0F39-Fa6E-4Eb0-92De-1Ec80999427B,57,Female,Premium,0.26,28,Europe,Tablet,17.99,1,Credit Card,2,0.01,Action
6419436C-0144-4B48-A8Be-7A43D909A91D,47,Female,Basic,17.94,19,Oceania,Tablet,8.99,0,Paypal,2,0.9,Action
407Bcc3B-Fda7-46F1-Ad86-4Fb4B4D34E84,18,Male,Standard,41.28,24,Europe,Desktop,13.99,0,Debit Card,3,1.65,Action
0C7C7313-11C4-4127-86D9-7Db7Dbc296B3,48,Male,Basic,3.34,1,Oceania,Mobile,8.99,1,Credit Card,1,1.67,Comedy
Fb18811C-C703-4F82-8119-20F4341D811E,26,Female,Premium,3.13,18,Oceania,Laptop,17.99,0,Paypal,5,0.16,Sci-Fi
2Ef8917F-008F-4Cda-Ac07-1C700C111Afd,24,Other,Basic,3.02,21,Asia,Tablet,8.99,1,Gift Card,5,0.14,Comedy
61E9D50E-Dbe8-4E0C-99Cc-Cfd614F9Da3C,40,Other,Standard,7.82,8,North America,Tablet,13.99,0,Credit Card,2,0.87,Documentary
9Eb92A08-3A88-47A8-93Ed-717E041463D3,50,Female,Basic,0.82,1,North America,Mobile,8.99,1,Paypal,5,0.41,Drama
4Ed3Af39-Edab-4A77-A166-978Bd2Fe04C3,49,Male,Basic,13.95,21,Oceania,Laptop,8.99,0,Paypal,1,0.63,Sci-Fi
7325Ea2C-D50B-4Cd1-Aad0-245A0602F7Ce,55,Female,Premium,41.03,45,Africa,Laptop,17.99,0,Debit Card,3,0.89,Documentary
4E354Ac7-0A8E-4E95-Bea1-A9075202Ef61,20,Female,Premium,20.62,13,Asia,Tv,17.99,0,Debit Card,4,1.47,Sci-Fi
4857B9De-1Edb-4296-B3Ad-7A33E68F0C85,31,Other,Basic,11.3,37,South America,Mobile,8.99,1,Paypal,3,0.3,Romance
D5092D9C-C22A-462C-Ab30-88227Da4A8Bd,66,Female,Premium,5.8,41,Oceania,Tv,17.99,1,Paypal,2,0.14,Documentary
Cae4Eb59-460F-4819-82Ee-B5Ac5De9A5Bc,58,Other,Standard,24.34,31,Asia,Laptop,13.99,0,Crypto,1,0.76,Comedy
45Fae5A6-Eb08-4Eae-9Ec0-D6530Ad02310,54,Other,Basic,7.19,56,North America,Desktop,8.99,1,Gift Card,2,0.13,Romance
Aaf921C3-5870-4508-8814-A72E0Cbd10Ff,40,Male,Standard,13.33,24,North America,Tv,13.99,0,Crypto,3,0.53,Romance
Fbf6539B-A9E0-4443-8Cd2-46Cc1F1C7F81,56,Other,Premium,1.65,30,Africa,Mobile,17.99,1,Gift Card,4,0.05,Action
A1683619-5Cc2-49C0-9830-26Abcf323125,34,Male,Standard,10.55,54,Asia,Tablet,13.99,0,Paypal,5,0.19,Sci-Fi
8Ead4768-C185-45Ab-Acc0-233037753Cf4,52,Other,Premium,6.19,19,Asia,Tv,17.99,0,Gift Card,3,0.31,Romance
8Ee6Ec42-Bc06-4390-B152-Bbf1C1C0B165,45,Male,Standard,9.87,46,Europe,Desktop,13.99,0,Debit Card,4,0.21,Comedy
9D59350B-6Bf3-48Ad-Aa59-D0Fc92F66475,66,Other,Premium,92.07,58,North America,Mobile,17.99,0,Paypal,3,1.56,Comedy
463E5585-9Dae-4C85-94Fd-Dd5C15096551,49,Male,Basic,2.89,16,Oceania,Laptop,8.99,1,Credit Card,5,0.17,Drama
0C8B427B-4B17-4656-9664-805Fd9D79D94,35,Other,Standard,0.23,54,Asia,Desktop,13.99,1,Gift Card,5,0.0,Drama
Dba7977D-3E9B-444F-9130-E3Cf2F18C821,65,Other,Standard,0.4,48,Europe,Tv,13.99,1,Gift Card,5,0.01,Comedy
57C2Ede7-538E-4E16-88A3-Fdbea0Addc45,64,Other,Basic,11.05,12,Africa,Laptop,8.99,0,Crypto,5,0.85,Action
D6Cca673-966D-4C20-B758-19C3510C4219,61,Male,Premium,25.26,7,North America,Tablet,17.99,0,Debit Card,5,3.16,Horror
B525F0C4-903C-4313-B1B4-48E7C2Ed21Fa,31,Other,Premium,14.43,9,Africa,Tv,17.99,0,Credit Card,5,1.44,Documentary
7Aeed096-1Bb8-48Ca-9Bbc-8961Abcf5628,56,Other,Standard,10.6,55,Oceania,Laptop,13.99,1,Credit Card,1,0.19,Sci-Fi
066C1A91-Ea7D-44Ec-8D8A-0A7E16D61Fad,70,Female,Standard,2.4,12,Asia,Desktop,13.99,0,Paypal,5,0.18,Comedy
2D9B4222-589E-4C8D-B433-3B6F82C14E4C,40,Female,Standard,7.02,18,Africa,Tablet,13.99,0,Paypal,4,0.37,Sci-Fi
0Bd9E2E0-5F3A-43Af-A33E-9B91F849E3Df,63,Male,Standard,31.54,44,North America,Tv,13.99,0,Crypto,5,0.7,Drama
F98Dfba7-4659-4486-Af51-C26Bb5812Dd7,56,Other,Standard,17.44,11,Oceania,Tv,13.99,0,Crypto,1,1.45,Documentary
136Dea6E-2Ef8-4543-8646-3A53Ecf58C37,64,Male,Basic,4.74,39,Europe,Mobile,8.99,1,Crypto,3,0.12,Action
54Ba5A09-05Cd-4A27-A689-3Aacea4Bc87A,18,Male,Standard,14.18,27,North America,Tablet,13.99,0,Crypto,2,0.51,Drama
Dacb6F05-14D5-4F84-891E-C6498F9A27F2,60,Male,Standard,7.61,8,Europe,Laptop,13.99,0,Crypto,5,0.85,Horror
5Ce52697-Adf6-410E-9Fa4-136A826020D3,18,Other,Basic,0.59,41,Asia,Desktop,8.99,1,Debit Card,5,0.01,Horror
73985Dc8-731E-4899-93Ad-A2Fc6Dd855B4,32,Male,Standard,27.72,58,North America,Laptop,13.99,0,Paypal,3,0.47,Action
65A8B79C-91B9-4E37-8Db0-46D6Eb08A523,34,Male,Premium,26.06,28,North America,Tv,17.99,0,Debit Card,4,0.9,Drama
54Ac9D64-1C06-4C41-Af42-Cbde0C8B1Fb4,64,Female,Standard,10.78,10,Oceania,Mobile,13.99,0,Paypal,3,0.98,Drama
126Ecb5D-8652-497F-B5C4-C30D60A9Baaa,22,Female,Standard,8.07,36,South America,Laptop,13.99,1,Crypto,2,0.22,Drama
182A0A12-73F2-430C-Ace1-E771D0579B8D,39,Other,Standard,5.56,47,Asia,Tv,13.99,1,Crypto,5,0.12,Documentary
32Fefe2E-B543-4Afe-Ad6E-C9A54D4B9A47,59,Other,Basic,0.27,44,North America,Laptop,8.99,1,Paypal,5,0.01,Drama
8A8873B4-5397-44Ca-A433-9A870D6876Bc,68,Male,Standard,44.63,53,Oceania,Mobile,13.99,0,Credit Card,5,0.83,Sci-Fi
A9B1E2D9-7F36-437E-A38B-9339999F2Ae3,38,Male,Standard,13.61,16,Africa,Desktop,13.99,0,Paypal,5,0.8,Horror
Fe70Faa8-B5C5-4161-8Dc8-D3E67B347Bbe,22,Male,Premium,13.24,37,Europe,Mobile,17.99,0,Credit Card,5,0.35,Horror
652A3Ef0-A115-4F83-B5Bf-451C62Ada858,41,Male,Premium,4.41,56,Africa,Tv,17.99,1,Gift Card,2,0.08,Horror
335F4A66-Cbce-4D08-Affb-Aa5C6D92Ca89,36,Other,Premium,12.92,14,Oceania,Tablet,17.99,0,Gift Card,5,0.86,Sci-Fi
93Ea1605-C19E-4Faf-8Ddb-Cd2C4499908C,30,Male,Standard,1.29,4,Africa,Tv,13.99,0,Credit Card,5,0.26,Action
3Fa39771-D81F-4B62-A45D-D864399Ac4Be,57,Male,Standard,2.31,29,Europe,Tablet,13.99,1,Crypto,1,0.08,Sci-Fi
6701C268-E97F-46A1-891B-A5283D199258,54,Male,Standard,8.56,33,South America,Mobile,13.99,1,Gift Card,4,0.25,Drama
E5B3A35A-183B-4048-9Eea-11B59Ae5Ce5F,18,Male,Standard,18.75,24,South America,Mobile,13.99,0,Paypal,5,0.75,Sci-Fi
95E16D3F-1437-48A6-878C-5684Ef5F409A,46,Female,Standard,0.71,26,North America,Tablet,13.99,1,Crypto,5,0.03,Action
D482D990-31C6-4A80-A9F3-F4Bc26D671Cf,38,Male,Standard,18.9,54,Africa,Tablet,13.99,1,Gift Card,4,0.34,Horror
Ad31433B-096B-43E2-B67B-28Aac9340C0C,48,Male,Basic,6.52,34,North America,Tablet,8.99,1,Paypal,4,0.19,Comedy
6A16E21F-E800-42A9-9C0C-3Ef09Efe57D4,25,Male,Premium,23.81,59,South America,Laptop,17.99,0,Debit Card,3,0.4,Comedy
5F976666-0C51-493A-9924-14A17C615B89,31,Other,Premium,2.47,33,North America,Mobile,17.99,1,Paypal,2,0.07,Sci-Fi
C71D03Ad-0974-4365-9D07-44C31A3Dd2Ca,37,Female,Basic,7.59,5,Europe,Desktop,8.99,0,Crypto,2,1.26,Drama
B8Ca4F83-91E4-4913-Bb2A-7Af18B9Df8A5,57,Other,Basic,9.88,44,Europe,Mobile,8.99,1,Debit Card,3,0.22,Action
09746F94-C065-41Ac-Aa70-2C6Bd5645554,70,Other,Standard,21.33,47,Europe,Tablet,13.99,0,Debit Card,1,0.44,Sci-Fi
Efa03A02-4C30-4Ef2-A7Ea-5D5F76104688,65,Male,Basic,4.2,54,North America,Mobile,8.99,1,Crypto,4,0.08,Documentary
B294Bf19-B1F0-4B62-Ba68-2B8D4D0Bb572,44,Male,Premium,2.51,30,Europe,Mobile,17.99,0,Debit Card,4,0.08,Sci-Fi
676427Ff-9D86-4Bc4-98Aa-4904E25Ed3Ed,47,Female,Premium,11.36,13,South America,Mobile,17.99,0,Gift Card,1,0.81,Horror
0A12E979-14A5-4Cd3-Bb0F-28768F6A1163,70,Other,Premium,13.24,1,Africa,Tv,17.99,0,Gift Card,5,6.62,Drama
F27Eb411-B0C4-4Cad-8568-C071B05101D1,55,Male,Standard,7.78,7,Asia,Mobile,13.99,0,Paypal,3,0.97,Drama
090C334F-63Fc-4946-92Ad-A588A7600D25,46,Male,Premium,3.18,11,North America,Tv,17.99,1,Crypto,4,0.27,Sci-Fi
06A94Eb2-A132-4Bd9-8737-99C282F2Fcc5,68,Other,Premium,4.12,31,Europe,Tv,17.99,1,Credit Card,5,0.13,Drama
5C758E8D-16B7-4015-A0Fc-7Bb34B34879D,36,Other,Basic,29.27,35,Europe,Tv,8.99,0,Gift Card,4,0.81,Romance
00499449-D818-4965-B170-D6A300Fca0Fd,65,Female,Premium,14.47,31,South America,Tv,17.99,0,Debit Card,5,0.45,Drama
1D186E14-Fe68-41Bb-Abb3-Cf5A3055Bdd1,50,Other,Premium,13.98,56,Oceania,Mobile,17.99,1,Crypto,4,0.25,Horror
D38Dd14E-66F0-4A23-8C80-370B4F241Ec1,38,Other,Basic,14.43,16,South America,Tablet,8.99,0,Credit Card,1,0.85,Documentary
Aa838Ade-266B-42A6-96Eb-79D73Ce1C63A,26,Female,Premium,13.59,51,Oceania,Mobile,17.99,1,Crypto,2,0.26,Drama
1Abd56C9-1Fde-473B-89Cd-F9D78879Fc10,45,Male,Basic,4.59,47,Asia,Laptop,8.99,1,Gift Card,1,0.1,Sci-Fi
D9B3C54F-401E-4Ff5-83C5-66C369E26290,38,Other,Premium,1.81,22,Asia,Laptop,17.99,1,Gift Card,4,0.08,Action
Dd4567D9-Cc06-4Eed-Bf3C-44042F1D4E6B,41,Other,Basic,12.04,32,Oceania,Desktop,8.99,1,Credit Card,1,0.36,Drama
Dddfa932-69D3-48E0-81Df-8C797829701A,70,Other,Standard,4.69,32,Asia,Tv,13.99,1,Debit Card,3,0.14,Documentary
5C49D257-0De5-4601-A2Ec-Ff29A72735Ab,43,Female,Premium,12.37,37,Europe,Desktop,17.99,1,Crypto,3,0.33,Romance
B34037D6-C10B-4513-9969-2B2578C9E3A8,42,Female,Basic,7.27,7,Africa,Laptop,8.99,0,Crypto,2,0.91,Romance
31229975-3432-4E6F-9676-3Ba672C58F6A,48,Other,Premium,26.34,40,Africa,Tv,17.99,0,Crypto,2,0.64,Romance
6Af6Fe1B-F71F-4488-B5A0-749E5Ffd0Add,67,Male,Standard,19.48,25,North America,Mobile,13.99,0,Debit Card,2,0.75,Drama
B54F35Bd-04B4-4772-Bccc-C0914906Efd2,22,Other,Standard,1.04,56,Africa,Desktop,13.99,1,Paypal,3,0.02,Comedy
7169Fc97-817C-4230-9Aaf-514D20A0A711,33,Other,Standard,59.71,55,Asia,Desktop,13.99,0,Credit Card,5,1.07,Documentary
B563Fad3-459D-424F-B754-D7E38A922Faa,66,Female,Premium,16.22,0,Europe,Tv,17.99,0,Gift Card,2,16.22,Drama
Fbd31429-1B1E-4A66-Bcb3-1C571Dfe6Cd3,58,Female,Standard,4.39,11,South America,Mobile,13.99,0,Debit Card,5,0.37,Romance
6946Db19-5D1E-450E-9112-2342B6Ebb400,20,Female,Standard,13.2,56,Asia,Mobile,13.99,1,Debit Card,2,0.23,Romance
D16217Df-4Ad4-42Ad-95Da-3C3C95F09D2B,49,Female,Premium,20.88,41,South America,Tv,17.99,0,Crypto,3,0.5,Horror
B039Fd18-E62F-4Ab4-9Bae-Db1D0Eb6872B,50,Other,Basic,7.35,26,North America,Laptop,8.99,0,Debit Card,3,0.27,Drama
Bed23Ab3-6714-42A2-A245-7865F95Bf8Ed,43,Other,Premium,86.73,26,Africa,Tv,17.99,0,Debit Card,3,3.21,Romance
0E66Bbc5-6D6D-400D-971E-7604323C6E5A,65,Other,Basic,3.9,14,Europe,Mobile,8.99,1,Debit Card,4,0.26,Sci-Fi
F0F6032F-1Fbc-4115-822E-F85A80Af44Ba,61,Male,Premium,0.42,51,Europe,Tv,17.99,1,Gift Card,3,0.01,Drama
A00452E6-6D9A-4B59-A93D-D52833512Ece,32,Female,Standard,6.93,34,South America,Mobile,13.99,1,Crypto,3,0.2,Comedy
A78Cd558-Abc4-4205-8F08-Aac802C5D896,31,Male,Basic,5.18,36,Oceania,Tablet,8.99,1,Credit Card,1,0.14,Horror
7C183A33-34E5-4C0B-Ad55-Ffa5702D8D2E,42,Male,Premium,8.37,21,Europe,Tablet,17.99,0,Crypto,3,0.38,Documentary
48892130-C90F-4Efa-80Dd-B26C5De70E6B,69,Other,Premium,38.02,30,Europe,Tablet,17.99,0,Debit Card,3,1.23,Comedy
D9268020-9D9F-4B1A-A284-87Ee535Bee3F,65,Female,Premium,52.33,24,Europe,Tablet,17.99,0,Gift Card,5,2.09,Action
7Bbe4107-001F-4Bc9-A9B0-C449D046F78B,44,Male,Premium,1.83,25,Africa,Tv,17.99,0,Paypal,5,0.07,Comedy
E17A955B-011B-402A-9Ee1-58470D595818,58,Female,Basic,0.51,12,Asia,Tablet,8.99,1,Paypal,1,0.04,Action
326Aa08E-4B87-4552-Ba4B-C12E33B9Aadd,56,Female,Basic,8.54,16,Oceania,Tablet,8.99,0,Crypto,5,0.5,Action
77998B87-1B1A-4E4D-Bbdc-63Bc7A33610B,40,Female,Premium,8.64,35,South America,Laptop,17.99,0,Debit Card,5,0.24,Romance
0Bc35530-60Ff-4701-B4A4-82974657D4Ab,25,Female,Premium,6.38,23,South America,Tv,17.99,0,Gift Card,5,0.27,Drama
Cd662D41-5E22-45B1-A82A-B10B90503D2E,28,Other,Premium,7.1,11,North America,Laptop,17.99,0,Crypto,3,0.59,Horror
9C2Ffacf-8752-49E0-Ad2C-018B0373D9D3,36,Male,Premium,11.31,7,North America,Tv,17.99,0,Paypal,3,1.41,Action
4Af19Fec-91Fd-4307-897A-8820D828D965,33,Other,Basic,3.84,28,South America,Mobile,8.99,1,Credit Card,3,0.13,Horror
09900F0A-9376-42Db-9958-85C35349Ccac,21,Male,Standard,10.63,4,Oceania,Tablet,13.99,0,Gift Card,1,2.13,Comedy
2741A884-1629-4Cc1-Aedb-Dd2E1B24Bdeb,24,Female,Standard,0.02,35,Africa,Tablet,13.99,1,Paypal,3,0.0,Documentary
0Fa0E024-38A5-4Cdf-9595-628Ca4218902,68,Female,Premium,9.66,27,Africa,Tv,17.99,0,Credit Card,5,0.35,Sci-Fi
1972B144-6F74-4774-87Db-A6E90F56B0A3,70,Female,Premium,0.36,15,Oceania,Tv,17.99,1,Gift Card,5,0.02,Sci-Fi
9Bbc806A-C4C0-4De9-8E5E-4F8B28Bfa209,68,Male,Basic,7.63,23,North America,Tablet,8.99,0,Debit Card,4,0.32,Drama
3484396B-3Ad3-44Fe-8288-9Cd8Fb629122,41,Female,Standard,6.47,32,Africa,Tv,13.99,1,Gift Card,4,0.2,Drama
307992D3-Bd88-4D61-8C0F-8131659B3076,58,Other,Premium,26.32,18,Asia,Mobile,17.99,0,Paypal,4,1.39,Documentary
1E6A3B73-F6Dd-4Bbb-Aa8D-B0462877Ce4F,38,Female,Standard,7.34,56,Europe,Tv,13.99,1,Gift Card,4,0.13,Romance
5Ad16F1B-83C8-45Eb-B506-7A1Baafdab4F,33,Male,Basic,8.19,53,Europe,Tv,8.99,1,Credit Card,1,0.15,Comedy
F0432D3C-5C75-4Cca-B27C-73F92Ef194Cb,19,Female,Premium,11.05,5,Oceania,Tv,17.99,0,Gift Card,1,1.84,Romance
8Db6B22F-A49A-49A2-A991-901B21D61905,65,Other,Basic,1.05,51,Africa,Mobile,8.99,1,Gift Card,2,0.02,Sci-Fi
Eac73A53-F46D-4C9A-Ab1E-Def6C81B670E,66,Male,Standard,27.5,32,Africa,Mobile,13.99,0,Gift Card,3,0.83,Romance
A17Ade56-9Ee7-4D41-8Efd-659350776E44,28,Male,Basic,9.85,46,North America,Desktop,8.99,1,Gift Card,5,0.21,Drama
F81B3026-7189-46A6-8987-Bca6172794B3,66,Female,Premium,5.22,28,Asia,Desktop,17.99,0,Crypto,5,0.18,Action
B6F7895C-4A09-4E75-82Cb-06Baf8B2Ef29,21,Female,Basic,19.14,28,North America,Desktop,8.99,0,Crypto,2,0.66,Comedy
24Fa2911-7Aa9-42Dd-88F8-C1F76Ff94Cba,23,Other,Basic,10.73,35,Europe,Tablet,8.99,1,Credit Card,5,0.3,Comedy
8F6Dbb06-4191-4Bd6-9147-D9507A3E863B,30,Male,Standard,5.1,9,North America,Tv,13.99,0,Paypal,5,0.51,Comedy
03B2B19E-62Cd-4C9E-A3Ef-51Cb27A687Df,36,Other,Basic,16.65,36,Oceania,Tablet,8.99,1,Debit Card,2,0.45,Documentary
7Afcacfb-38F5-4F28-89D6-93B00A26104C,32,Other,Premium,45.98,45,Asia,Desktop,17.99,0,Crypto,1,1.0,Comedy
4A62Ea61-7Fd3-4F73-9D0F-Fea08B4087F7,18,Male,Standard,20.65,19,North America,Tablet,13.99,0,Crypto,4,1.03,Sci-Fi
05232Fb1-Bb8F-4E7E-A2Fd-D7C0957A3Fd0,40,Male,Basic,10.98,28,South America,Mobile,8.99,1,Debit Card,1,0.38,Action
6E8F06Ec-Bf9B-4Aca-82C9-6Dfbf5Dc0D77,28,Male,Standard,1.78,35,South America,Mobile,13.99,1,Debit Card,3,0.05,Action
9D09Dcf2-0456-4E2B-903F-B9E4Ccb40654,32,Male,Premium,4.11,45,Asia,Laptop,17.99,1,Credit Card,5,0.09,Action
15D5126A-B913-491A-Ba7C-73Ceca42478C,20,Other,Standard,21.21,0,North America,Mobile,13.99,0,Crypto,2,21.21,Drama
B48359E4-842D-4Aeb-8Bd5-9775186A9250,67,Female,Premium,15.45,46,Africa,Desktop,17.99,1,Gift Card,5,0.33,Comedy
6Bb29066-B9F3-4312-B7Ed-07C422Adda79,31,Male,Premium,12.0,2,Europe,Mobile,17.99,0,Credit Card,2,4.0,Comedy
35F0Abfa-Dfe5-4081-Ae01-Cece7E233Dd1,19,Other,Premium,1.44,40,South America,Tv,17.99,1,Gift Card,5,0.04,Comedy
60929Da4-5915-4610-B737-Ba4E7B7Fab9A,47,Other,Standard,8.67,41,North America,Laptop,13.99,1,Paypal,2,0.21,Sci-Fi
5B71D159-108A-4Bc4-Ad12-604740C7B9F5,28,Female,Premium,27.06,55,North America,Tablet,17.99,0,Debit Card,4,0.48,Action
2Bcb1598-761E-4E79-Bbb3-0A27Ee8735Ad,22,Female,Premium,7.24,30,Oceania,Tablet,17.99,0,Paypal,2,0.23,Romance
2C7C944E-7D27-409D-Aef6-46659C0Fb0C5,29,Male,Premium,63.39,37,North America,Tablet,17.99,0,Gift Card,4,1.67,Comedy
6Bb3B410-Ec41-4958-A6Eb-A1109B526C2E,63,Male,Basic,1.44,26,Europe,Mobile,8.99,1,Debit Card,1,0.05,Documentary
416A1Fd1-5F6D-483D-9Fb3-75C6E1F01Afb,42,Other,Premium,4.26,6,North America,Tablet,17.99,0,Crypto,5,0.61,Horror
980D0F2A-52E1-4525-94A6-0F04C19414Cc,68,Female,Standard,15.06,20,North America,Mobile,13.99,0,Gift Card,1,0.72,Romance
Fa67E175-0A06-4309-B029-013Aca420427,48,Male,Standard,29.96,44,Europe,Laptop,13.99,0,Crypto,5,0.67,Sci-Fi
Bec1Ae44-944B-454D-Afbe-Fd5358230B23,45,Female,Premium,8.05,54,Africa,Tv,17.99,1,Crypto,3,0.15,Action
52A46829-Efc4-48F2-Adbf-6A7Da898Af49,57,Male,Standard,3.51,50,Oceania,Laptop,13.99,1,Credit Card,1,0.07,Documentary
47E821D7-8960-4158-A530-812F1E4649A9,63,Male,Basic,2.51,31,Europe,Laptop,8.99,1,Debit Card,3,0.08,Comedy
9A51Ecb7-E23D-429F-B479-95A6D35Fc07D,32,Female,Premium,1.8,32,South America,Mobile,17.99,1,Paypal,2,0.05,Romance
943A4F59-F7B3-406D-90C3-4Dfff002C6Cc,70,Male,Standard,28.32,3,Asia,Tablet,13.99,0,Debit Card,3,7.08,Action
7519830F-3B2A-42C3-91C4-D440Cec4Edd4,48,Female,Standard,4.19,0,Europe,Tablet,13.99,0,Gift Card,2,4.19,Documentary
Eab381C2-B6D8-434B-Bc0D-A8631C8C5Dbe,66,Other,Standard,0.76,44,Europe,Tablet,13.99,1,Gift Card,2,0.02,Action
8D11C2A7-Db32-4Ffa-Bd30-00B65F83F249,38,Male,Standard,0.61,9,North America,Mobile,13.99,0,Credit Card,4,0.06,Documentary
4Ef7Aca8-5F78-47Ac-A29F-E5Aba589A6F8,67,Female,Premium,27.79,28,Oceania,Tv,17.99,0,Crypto,4,0.96,Action
5629Ff24-B786-4812-B0Fd-Bc82D7Af1F45,61,Female,Premium,16.13,21,Europe,Tablet,17.99,0,Crypto,3,0.73,Documentary
10Bfc352-0F52-44E7-B086-16Fb3B7C4834,32,Other,Premium,24.87,41,North America,Tablet,17.99,0,Gift Card,5,0.59,Sci-Fi
9440D961-076A-4E3B-Bfd3-1Faf6B67Db3D,23,Female,Standard,29.18,36,Oceania,Tv,13.99,0,Debit Card,1,0.79,Documentary
Ffaf5A8F-4A21-4263-B2E6-1661Ea990C16,30,Other,Premium,11.65,21,Africa,Laptop,17.99,0,Credit Card,5,0.53,Romance
Ce6A5766-B2C1-47E6-B45E-950Bdd6Eb6Ef,23,Male,Premium,6.55,27,Oceania,Laptop,17.99,0,Paypal,3,0.23,Romance
B3Be52Ce-4170-4Eac-B249-Af6B1475451F,20,Other,Standard,0.52,29,Asia,Tv,13.99,1,Debit Card,1,0.02,Romance
7D8F6A29-0E4D-47F5-8Bb5-3B07C5Ba02Ef,40,Female,Basic,7.31,3,Africa,Tablet,8.99,0,Debit Card,1,1.83,Action
B7D9B624-C891-4639-87E9-A8Eafacf6Fc5,28,Female,Basic,35.03,37,Asia,Desktop,8.99,0,Credit Card,4,0.92,Comedy
C24A6C5A-5D0D-4590-Be69-7316185Ba76F,24,Female,Basic,9.03,52,South America,Mobile,8.99,1,Crypto,1,0.17,Documentary
Bf0666Fc-Cc28-486C-8763-E4Ae72E567Bd,54,Other,Premium,14.2,6,Europe,Laptop,17.99,0,Crypto,5,2.03,Romance
05806200-9Ba0-4323-Adfd-4993Ce054D36,25,Female,Standard,8.01,20,South America,Laptop,13.99,0,Credit Card,4,0.38,Sci-Fi
3Eed3D0C-0Ee6-4E81-8651-Dd2585E2228E,35,Other,Basic,9.58,13,North America,Mobile,8.99,0,Debit Card,1,0.68,Horror
2E50B30B-57F0-4Ab7-8Aa0-7D1C90049955,30,Female,Basic,0.36,60,Africa,Laptop,8.99,1,Debit Card,3,0.01,Drama
801C7969-7D28-4E6B-8276-B4F92Da9F3F6,36,Female,Basic,22.91,0,Asia,Tv,8.99,0,Crypto,1,22.91,Drama
6298Bd59-6893-401D-94E5-A69Aa8B48D25,68,Female,Standard,18.49,11,South America,Mobile,13.99,0,Gift Card,1,1.54,Drama
A0503463-95D6-4B99-87C3-F473B095717D,29,Other,Basic,4.67,5,South America,Laptop,8.99,0,Paypal,3,0.78,Sci-Fi
13477D55-06B1-4D0E-A170-4047512Eb6C6,39,Female,Premium,17.14,3,Asia,Mobile,17.99,0,Credit Card,5,4.29,Comedy
F807418C-659B-40B0-9741-5045480E70D4,61,Female,Premium,26.79,34,Africa,Tv,17.99,0,Credit Card,4,0.77,Sci-Fi
35634Eef-1966-4D15-992C-7486E67A53C4,56,Female,Basic,0.97,33,Asia,Mobile,8.99,1,Debit Card,4,0.03,Horror
Da7B0235-Ccf2-4Fc3-8244-Cfd2258370Ec,61,Other,Premium,0.25,1,North America,Desktop,17.99,0,Paypal,2,0.12,Sci-Fi
B27B7E7D-38Bd-4Baa-9Fd2-Cf2Aae9C5Bd5,22,Other,Basic,13.16,6,Europe,Tablet,8.99,0,Debit Card,4,1.88,Comedy
9Fa9433E-9B38-4A44-9A82-5C6014630867,49,Female,Basic,4.49,57,South America,Tablet,8.99,1,Crypto,5,0.08,Documentary
Cf7Bca4D-00B0-48Ef-930E-F08E2422F3D0,21,Other,Premium,6.28,3,South America,Laptop,17.99,0,Crypto,4,1.57,Documentary
A34A0408-Ee59-4B6D-Ac53-33Dd131Ba1F2,58,Female,Basic,16.81,1,Europe,Tv,8.99,0,Gift Card,2,8.4,Horror
D38A661A-9Fbe-4961-90D8-0E8100B13965,59,Other,Premium,28.38,52,Africa,Tablet,17.99,0,Paypal,4,0.54,Drama
F6655409-3486-469E-Aa75-61A674188C36,32,Male,Basic,3.87,32,South America,Tv,8.99,1,Credit Card,2,0.12,Drama
C08Bf813-A733-48Df-9388-00B25842Fe2B,56,Other,Premium,1.28,22,Africa,Desktop,17.99,0,Paypal,5,0.06,Action
Cc539484-C58E-4F2A-8D71-499Afab22937,45,Male,Premium,3.31,34,Oceania,Tablet,17.99,1,Gift Card,2,0.09,Drama
Ece38646-24Dc-4Bb9-9Aa4-C5F22592D6Ad,66,Male,Premium,22.68,50,Europe,Laptop,17.99,0,Paypal,4,0.44,Documentary
727582Cf-31C0-4F90-Bfa3-931B71F80Ea4,33,Female,Premium,11.02,22,Africa,Tv,17.99,0,Gift Card,4,0.48,Drama
E2716Bd9-D203-499C-8788-C8A7F8B192A9,36,Other,Premium,23.5,1,Oceania,Laptop,17.99,0,Paypal,1,11.75,Action
012128Df-8B33-420D-89D1-4716B755Bda8,54,Male,Basic,5.47,36,South America,Mobile,8.99,1,Credit Card,1,0.15,Comedy
Aaaf0816-0F3C-4A93-8Bbc-Ace15D6Cf5Db,61,Male,Standard,21.36,39,Asia,Tablet,13.99,0,Debit Card,3,0.53,Comedy
F3F3Ef4B-6Dfa-4504-A0Df-68572435Dd73,53,Male,Standard,16.62,44,Africa,Tv,13.99,0,Paypal,5,0.37,Drama
3A6E044F-361E-4C4A-Be44-67Ce2B5Fddd5,55,Female,Standard,8.26,32,Africa,Laptop,13.99,0,Paypal,4,0.25,Drama
12248975-1F7F-458F-B21E-C3A45986B4C0,42,Female,Basic,8.5,32,Asia,Desktop,8.99,1,Paypal,2,0.26,Comedy
De73097B-D6Cb-4862-9308-Ed129859Bccb,22,Male,Premium,8.84,52,Europe,Desktop,17.99,1,Credit Card,2,0.17,Comedy
7C48C4Cc-32C0-436B-Aa5D-Da2Cb1509F93,19,Female,Premium,6.49,34,North America,Tablet,17.99,1,Gift Card,1,0.19,Romance
11F37912-99C6-41Fe-Ac0C-48Dd0930A4B4,20,Male,Standard,8.47,53,North America,Tv,13.99,1,Gift Card,2,0.16,Horror
3B400433-A639-4Fe3-A458-Dbbb865F8261,36,Other,Standard,31.46,47,Oceania,Desktop,13.99,0,Paypal,3,0.66,Comedy
Ca6A16C5-D79C-40A5-949F-Ba4B2A45993D,40,Male,Standard,13.4,49,Africa,Mobile,13.99,1,Crypto,1,0.27,Documentary
D80A7642-B629-4Ca4-B51D-91600Ae5D0A5,37,Female,Basic,7.36,38,Oceania,Laptop,8.99,1,Debit Card,2,0.19,Romance
Fea2691A-Fc62-4A68-B155-Bd95Ecf587De,21,Male,Basic,5.1,53,Europe,Tablet,8.99,1,Paypal,3,0.09,Documentary
D8127Bf4-B7Ea-4Cf8-81Ce-270Df2F38163,20,Female,Premium,4.39,33,Oceania,Mobile,17.99,1,Gift Card,1,0.13,Horror
7D980D04-B321-432F-B415-Ce55969De68A,35,Female,Standard,8.39,0,Africa,Tv,13.99,0,Credit Card,2,8.39,Comedy
928Dc2A2-8361-4E04-Bfef-Dcade10168Eb,31,Other,Basic,5.12,12,North America,Tv,8.99,0,Debit Card,5,0.39,Action
3A5Bfad8-D098-4418-Bdbb-D15C889A2389,63,Female,Standard,1.33,29,Asia,Laptop,13.99,1,Credit Card,3,0.04,Horror
Cd918584-Dbe4-43Ee-8Ee4-F35Dcf029De4,21,Female,Standard,3.88,0,Africa,Mobile,13.99,0,Crypto,1,3.88,Action
784Bbf74-1Bec-42E8-805D-D0A12579432C,28,Male,Standard,19.03,17,Europe,Laptop,13.99,0,Gift Card,2,1.06,Drama
E76C1166-9Bcf-4959-A627-863F1C621434,61,Other,Standard,4.08,35,Oceania,Mobile,13.99,1,Gift Card,3,0.11,Sci-Fi
3Ed28F9D-F5Ec-4A13-Afb8-D65Fe7F58Ab3,62,Other,Premium,4.31,47,Asia,Mobile,17.99,1,Debit Card,5,0.09,Action
C0Df8988-6625-4Beb-8955-1A12520Bd8C5,38,Female,Premium,1.18,4,Africa,Mobile,17.99,0,Debit Card,3,0.24,Action
14B07C0B-A32B-4F96-A236-6992F512Fd8E,33,Other,Premium,1.81,20,North America,Tablet,17.99,1,Crypto,2,0.09,Comedy
Eec5Fa1C-5A41-448A-B4F8-46E7E258Acc3,49,Female,Standard,11.06,50,Europe,Tablet,13.99,1,Paypal,3,0.22,Documentary
Bf910Ef4-Cb21-4375-A624-E57Cc2E4C293,26,Other,Basic,0.06,2,South America,Tv,8.99,1,Credit Card,4,0.02,Action
Fed18198-3Eef-444C-825E-068B5729Aac9,70,Other,Premium,22.22,5,Europe,Tv,17.99,0,Credit Card,2,3.7,Romance
7A2C4939-7E7B-4Ada-8F61-E09737Ba40B3,39,Male,Standard,8.99,32,Asia,Tv,13.99,1,Gift Card,3,0.27,Documentary
Ef372C4A-20Ae-4373-A2Db-12A114Ee5E2B,28,Male,Standard,20.31,40,Oceania,Laptop,13.99,0,Gift Card,1,0.5,Action
A91Bb5E4-A577-4365-8Bc6-3A306Dcc8Dd0,61,Other,Basic,0.65,24,Oceania,Tablet,8.99,1,Debit Card,5,0.03,Horror
0F372Dc7-03C2-4955-88Bd-4B78Deb7Bdc1,44,Female,Basic,55.55,17,Africa,Desktop,8.99,0,Debit Card,2,3.09,Romance
F5Dda56C-7406-4Db7-90Ed-E6738E422B8F,30,Male,Premium,13.28,44,South America,Mobile,17.99,0,Paypal,4,0.3,Romance
04C8618D-F34E-4885-B587-6D6B324603B7,61,Female,Premium,7.11,33,Oceania,Tv,17.99,1,Paypal,3,0.21,Horror
6732052D-D079-4067-A288-4C23E1A599B9,27,Male,Standard,20.21,57,Oceania,Tablet,13.99,0,Crypto,2,0.35,Horror
F3786D5D-Fa50-4225-A34C-C869Fe92149D,43,Male,Premium,4.64,7,Oceania,Tablet,17.99,0,Debit Card,5,0.58,Documentary
4Ac8C08A-Cb1C-41D8-8834-7F4D43160Ca5,31,Female,Premium,2.08,8,South America,Desktop,17.99,1,Credit Card,3,0.23,Romance
1C45723E-C679-4557-874E-17971854Aea4,59,Other,Standard,25.47,32,North America,Desktop,13.99,0,Debit Card,4,0.77,Sci-Fi
Ed2E6D14-1Ec8-4F3A-8A09-10311A97E7Db,27,Other,Premium,4.02,41,South America,Mobile,17.99,1,Credit Card,1,0.1,Documentary
23511A64-59Ce-4Cc2-Bc00-C4Fe31339534,29,Other,Standard,31.52,12,Europe,Tablet,13.99,0,Debit Card,3,2.42,Drama
23800C7B-Cb6D-46C8-B966-Bbb20F9B0Ca5,61,Female,Standard,0.76,22,Africa,Tv,13.99,0,Debit Card,5,0.03,Drama
458036E4-1C6F-42B8-819F-E453F97Ba7B1,62,Male,Basic,6.84,3,Africa,Desktop,8.99,0,Crypto,2,1.71,Comedy
Fe65B1Ac-55Dc-4D8E-A802-5867Af17F8Ea,56,Other,Basic,1.72,10,North America,Mobile,8.99,1,Debit Card,2,0.16,Horror
00139D09-C969-4136-987C-6E7D30F41Cc0,59,Female,Standard,19.34,25,North America,Tv,13.99,0,Crypto,3,0.74,Sci-Fi
682D7F24-Bf51-4E54-A2D2-2E25A3E17B61,33,Female,Standard,1.33,3,Africa,Tablet,13.99,0,Paypal,5,0.33,Documentary
6004A0A1-5334-4Dc7-8Cd6-6Ad98Aa442E7,41,Female,Standard,23.03,50,Europe,Tv,13.99,0,Credit Card,3,0.45,Drama
9732C8A3-1080-422B-92C6-Ecb2C1F838F3,54,Female,Standard,21.67,18,Africa,Tv,13.99,0,Gift Card,3,1.14,Romance
2D356C69-Fcbe-4A5D-Af62-C41E1944A95B,34,Female,Basic,27.09,9,Oceania,Tv,8.99,0,Debit Card,1,2.71,Documentary
E9B22Aff-6Ec8-4298-8D8A-74084C1Bac83,41,Male,Premium,22.75,22,Europe,Tv,17.99,0,Gift Card,2,0.99,Horror
Ab588E4B-6D23-4746-A5D3-2380Dd359F2C,38,Other,Basic,4.55,18,Africa,Tv,8.99,1,Credit Card,5,0.24,Drama
9C254E1C-5Ae4-470D-9Db9-79Fd55092590,42,Male,Basic,0.79,18,South America,Laptop,8.99,1,Paypal,4,0.04,Action
68111B31-0Aa4-40Ac-A612-5001E2891B73,45,Female,Premium,0.91,7,South America,Mobile,17.99,1,Crypto,5,0.11,Horror
44Fec6F1-73E6-4D9C-93D3-Ec91313A4Eb8,66,Female,Standard,4.63,26,Europe,Tablet,13.99,0,Paypal,5,0.17,Action
2Ad44Ab8-C58D-4228-80F8-57D658A25D04,31,Other,Basic,5.4,4,Europe,Desktop,8.99,0,Credit Card,5,1.08,Romance
157Af3Fa-Dccb-4Aba-A47F-A1D91C5426Fe,64,Female,Premium,18.21,21,Europe,Desktop,17.99,0,Paypal,4,0.83,Drama
A5275893-Fc09-4F77-A4Bb-7Fcb11Fbb042,37,Other,Premium,1.99,13,Asia,Tablet,17.99,0,Debit Card,4,0.14,Horror
04549D24-8090-4C9F-Bfd2-D5F77C7Dba5E,60,Female,Premium,5.68,30,Oceania,Laptop,17.99,0,Debit Card,3,0.18,Romance
4D4D4E8D-A8E6-44A5-Bc8D-E6585696D1B7,51,Male,Standard,41.24,38,North America,Mobile,13.99,0,Credit Card,5,1.06,Comedy
D700D121-5896-4474-915E-9C163Bdf9C32,18,Male,Standard,7.4,18,North America,Mobile,13.99,0,Credit Card,2,0.39,Romance
Aae17Cd4-A7Ca-4820-844D-A03761Fa27Af,45,Male,Standard,13.13,5,Asia,Desktop,13.99,0,Crypto,5,2.19,Drama
Afa62629-6F9B-48A2-956F-68Fdd66E2982,69,Other,Basic,21.91,24,Asia,Desktop,8.99,0,Debit Card,5,0.88,Action
D85Bd9B4-0564-435A-Bd8C-7599B9076257,67,Male,Standard,9.57,5,Europe,Mobile,13.99,0,Crypto,5,1.59,Action
B042695C-E2C1-4F68-Ab2D-3446F8F65967,44,Female,Standard,0.78,3,North America,Mobile,13.99,0,Credit Card,3,0.2,Drama
D04D1F2D-Ed98-4Ffe-B4F8-05678D9903A2,43,Male,Standard,31.73,34,Asia,Tv,13.99,0,Credit Card,3,0.91,Horror
1D65E890-Ed62-468A-B0Cd-153Ad70Cf2D4,49,Female,Premium,4.26,40,Africa,Mobile,17.99,1,Credit Card,3,0.1,Comedy
D0483B77-F8Ff-4535-9C53-9Ee919409583,57,Female,Premium,21.15,43,South America,Laptop,17.99,0,Credit Card,2,0.48,Comedy
A525393B-868F-4F37-A301-565E5472A982,59,Female,Standard,9.77,5,Africa,Tv,13.99,0,Crypto,4,1.63,Comedy
53B18Dce-Bb9A-4E83-A4Ab-Bfb367144160,28,Female,Premium,3.02,4,Africa,Desktop,17.99,0,Debit Card,2,0.6,Action
766Eaa1D-56F8-441E-A9F0-E8626A5F4D40,58,Other,Premium,1.05,58,South America,Laptop,17.99,1,Crypto,1,0.02,Comedy
470675D5-5Cf6-4A4C-974D-38Ba18E0D875,47,Female,Basic,8.22,4,Africa,Tv,8.99,0,Gift Card,2,1.64,Action
9086D806-Dcb7-4C64-9714-765F6A0303C6,22,Female,Premium,0.97,13,Oceania,Laptop,17.99,1,Paypal,2,0.07,Action
0D6Dae1E-D44C-425B-Abf5-371Bb1A033Db,44,Other,Premium,1.41,33,South America,Laptop,17.99,1,Credit Card,1,0.04,Documentary
B72D9A7D-7C15-4521-8A90-479596Bff39D,22,Other,Standard,46.56,3,Europe,Mobile,13.99,0,Paypal,3,11.64,Comedy
7F34876F-D31E-4C36-Be90-691335B33844,22,Other,Standard,12.77,33,North America,Desktop,13.99,1,Credit Card,2,0.38,Sci-Fi
F7Add970-Dc85-4C29-90E7-Cdb047F52746,62,Male,Basic,12.66,42,Asia,Tv,8.99,1,Debit Card,2,0.29,Action
51Edbf12-A8Ef-4848-9Be8-B5Baeb8Adab7,67,Male,Standard,12.02,20,Asia,Tv,13.99,0,Credit Card,1,0.57,Sci-Fi
8F8E95B6-5Be4-47Ed-A018-6976631Fbe71,44,Male,Basic,6.67,25,Africa,Tablet,8.99,0,Crypto,5,0.26,Drama
B15D15Eb-0Dda-409B-90C8-211757521F5D,58,Male,Standard,7.36,18,Oceania,Laptop,13.99,0,Gift Card,4,0.39,Romance
4F808Be4-E7F6-424A-87E8-61497B1Afee7,50,Male,Basic,3.28,59,Africa,Tablet,8.99,1,Gift Card,3,0.05,Documentary
Ab429Cc1-B1B1-4A7C-9A14-38212B83747D,69,Female,Premium,3.94,38,Oceania,Laptop,17.99,1,Paypal,2,0.1,Sci-Fi
Cf74B30A-3F9E-4Db8-Afbd-Cb920C58390E,70,Other,Standard,9.1,16,Europe,Tablet,13.99,0,Gift Card,2,0.54,Sci-Fi
Ff95F3Be-2385-4Aca-B331-F385759179Bb,50,Male,Premium,4.27,50,Asia,Mobile,17.99,1,Credit Card,3,0.08,Documentary
De93Cbf9-0851-4C5B-826F-939B565C632E,66,Male,Premium,9.17,28,Asia,Laptop,17.99,0,Debit Card,2,0.32,Horror
72Fa5202-E5C7-4Ac9-9974-05157876Aa57,59,Female,Standard,26.45,55,Oceania,Laptop,13.99,0,Paypal,4,0.47,Comedy
68D59730-6Ec5-4Fe3-8C1A-8F3B7E60C047,62,Other,Premium,7.16,5,North America,Desktop,17.99,0,Gift Card,5,1.19,Romance
0B9E8972-A536-4E1C-8F0D-62E22D801F63,51,Female,Basic,4.74,27,Africa,Tablet,8.99,1,Paypal,3,0.17,Drama
67155E14-7779-4Ff6-9536-1Fa72821C3Ab,51,Female,Basic,23.59,9,South America,Tv,8.99,0,Debit Card,3,2.36,Documentary
38948C93-2299-4Dc1-9Bcf-Aadfdbde8079,44,Male,Premium,18.92,0,Oceania,Tablet,17.99,0,Crypto,4,18.92,Romance
E9Bacc45-Dde8-4B72-Bfbc-2466280D785A,53,Male,Premium,0.77,21,South America,Laptop,17.99,1,Crypto,3,0.04,Sci-Fi
139A0E01-29Df-48C9-Bdad-Fa7801585Dea,31,Female,Standard,0.96,55,North America,Laptop,13.99,1,Crypto,3,0.02,Action
04F5830D-14F7-4Ba4-916D-8485F464808A,41,Female,Basic,40.64,31,Africa,Laptop,8.99,0,Gift Card,2,1.27,Action
40F087Fd-Eaa5-407C-8B81-41D6795A73Ac,49,Female,Standard,0.59,4,Africa,Desktop,13.99,1,Credit Card,1,0.12,Comedy
51866F33-A26B-4C0E-8Aa0-A8D5C11Bbfd1,30,Female,Basic,17.02,29,Africa,Desktop,8.99,0,Gift Card,3,0.57,Comedy
49Ac3B2B-Bdf7-499A-8549-1A66Ff5934A5,22,Other,Premium,2.61,10,Europe,Tv,17.99,0,Paypal,4,0.24,Sci-Fi
0F0A0838-F17E-4151-Be3A-174C1Df1D1C7,53,Other,Basic,23.5,20,South America,Mobile,8.99,0,Gift Card,4,1.12,Documentary
6611Dcd9-93B5-4A43-A351-Cd9570Bd8D8D,24,Female,Basic,7.5,4,South America,Tablet,8.99,0,Debit Card,2,1.5,Romance
6Ee480C7-C4C3-4Dcd-Abbc-D46B49F0B6Dd,62,Other,Standard,23.97,60,Africa,Desktop,13.99,1,Crypto,1,0.39,Horror
0D1C4623-A498-47E4-Acb2-Bb5D73F9Baff,43,Male,Basic,9.58,13,Oceania,Desktop,8.99,0,Debit Card,4,0.68,Drama
Ca65Ce5D-63Ec-4006-86Ab-32Fb0Feda982,47,Male,Premium,19.68,59,South America,Desktop,17.99,1,Crypto,2,0.33,Horror
997C57F8-F1C1-4B92-A9Ff-717D6Df18Df6,57,Female,Basic,6.14,29,South America,Desktop,8.99,0,Paypal,2,0.2,Documentary
4A42Dedb-08Aa-4609-84Cf-5B06Eae21153,56,Other,Premium,13.15,6,Africa,Mobile,17.99,0,Credit Card,2,1.88,Horror
101E7C6B-4F18-42D0-9626-5F5Fd3Bbd2E7,62,Female,Premium,4.34,45,Africa,Desktop,17.99,1,Gift Card,3,0.09,Drama
7E292C54-B2C4-497A-B05B-00D61D2B824D,44,Male,Premium,3.95,26,Asia,Desktop,17.99,1,Gift Card,4,0.15,Action
Ad9D7De3-A095-4576-931F-7E06480C9B78,45,Male,Basic,2.73,27,Asia,Mobile,8.99,1,Debit Card,3,0.1,Drama
916A5696-C195-4934-Bddc-Ef0B43Ec800B,20,Male,Basic,0.67,59,North America,Tv,8.99,1,Paypal,4,0.01,Horror
E3E4232D-F726-423D-80Bc-E293587B52D9,44,Female,Basic,6.71,40,Asia,Mobile,8.99,1,Crypto,1,0.16,Sci-Fi
A32Ab2Df-8Cda-4673-9Acf-C0A20E99522E,36,Female,Basic,14.33,44,South America,Laptop,8.99,1,Gift Card,2,0.32,Drama
0Dc3Af4D-E69A-4Efc-Ab80-757Bf616D4B7,55,Other,Standard,11.62,51,South America,Desktop,13.99,0,Paypal,4,0.22,Documentary
15Bf4F39-0A66-4D87-A298-8F53C4E0F27D,35,Male,Standard,16.34,39,Asia,Desktop,13.99,1,Gift Card,2,0.41,Documentary
9Ab81Da7-21F5-4A76-9Bd4-10A78Fe5Ae0A,53,Male,Premium,16.53,43,Europe,Mobile,17.99,1,Gift Card,1,0.38,Romance
145A8F1F-3C7D-4Dd1-B0D4-858Bea81Ce6F,42,Other,Standard,0.68,50,Africa,Mobile,13.99,1,Gift Card,4,0.01,Sci-Fi
Ef94Ff72-Ab34-4Be0-9Fdb-525Daa2C114C,60,Male,Basic,20.83,43,Europe,Mobile,8.99,1,Gift Card,5,0.47,Documentary
F022Ca06-C211-4695-9187-4A67A9F811Da,53,Other,Standard,0.07,50,North America,Desktop,13.99,1,Paypal,3,0.0,Action
5Bdfbdcf-Ab7B-41Da-B1D5-51F819Eb66Dc,52,Female,Basic,22.21,54,Oceania,Tv,8.99,1,Credit Card,1,0.4,Romance
900F7A72-5Fd2-448B-B8Fa-A24862C7766F,32,Male,Standard,8.26,39,Asia,Laptop,13.99,1,Gift Card,1,0.21,Drama
63F4E2E6-F646-430E-9F39-89F270669Dc4,54,Other,Premium,13.49,4,Africa,Laptop,17.99,0,Debit Card,1,2.7,Action
2C840D2C-Acbe-4A46-8E80-99489A4C1622,54,Male,Premium,11.38,31,Asia,Mobile,17.99,0,Credit Card,4,0.36,Horror
6C5C94D3-Ceba-42Ba-8361-235B50A755D9,66,Other,Basic,21.29,7,Africa,Tablet,8.99,0,Crypto,5,2.66,Romance
F43Dbc00-267C-4582-8A48-C51C960178Ab,49,Female,Basic,10.87,14,South America,Tablet,8.99,0,Credit Card,5,0.72,Sci-Fi
0E3Bcd74-C73F-4979-A929-487D0Ee88E20,63,Female,Standard,41.15,9,South America,Laptop,13.99,0,Paypal,2,4.12,Romance
5Db9Fb65-B73D-48B1-B112-619D9Ff3Cbac,62,Other,Standard,11.96,48,Oceania,Tablet,13.99,1,Gift Card,3,0.24,Drama
Ee277A8F-6580-47Ff-B15D-Bd4C472F7C33,40,Female,Standard,0.68,37,Africa,Laptop,13.99,1,Debit Card,3,0.02,Horror
2Af0Fa44-A495-4Ed8-B750-E29F5Ae68251,24,Female,Standard,5.56,32,Europe,Laptop,13.99,1,Paypal,1,0.17,Drama
36Cad62C-Bef7-4F24-Bc63-6A45179Bbe5F,36,Other,Premium,11.87,5,North America,Tv,17.99,0,Gift Card,4,1.98,Comedy
5Db1Bdfc-A507-4F07-Baad-908Aeb6De81A,57,Other,Premium,0.97,52,Africa,Desktop,17.99,1,Credit Card,1,0.02,Drama
98B942F7-194B-40Aa-95Ab-66F412De5D19,48,Female,Basic,17.68,47,Oceania,Tablet,8.99,1,Paypal,3,0.37,Romance
Cc99892D-23De-44D2-A63F-F8Ac9Fab69Fe,27,Other,Basic,16.36,8,Asia,Tv,8.99,0,Gift Card,1,1.82,Drama
478Cb287-75Dd-4Ed3-99F0-Bcc5877F308A,22,Other,Standard,5.42,1,Asia,Desktop,13.99,0,Debit Card,2,2.71,Action
2Dee33B5-2A32-4B1E-B663-E4E941113Df5,42,Other,Premium,3.6,2,Oceania,Tv,17.99,0,Credit Card,1,1.2,Action
Ff81933A-Fb48-42D3-9358-C1Aba9255E95,68,Female,Standard,0.34,41,North America,Mobile,13.99,1,Paypal,4,0.01,Action
901270Ae-4Cad-4Cb8-B501-Fa015Ea5C5F3,61,Male,Basic,47.74,56,Europe,Mobile,8.99,0,Crypto,2,0.84,Documentary
A6A0E427-Fde3-4051-Bced-8486D4Bd1883,40,Male,Standard,9.61,39,Oceania,Desktop,13.99,1,Debit Card,2,0.24,Documentary
96E2F6C6-657D-4D48-82C0-B2E87060Fe56,25,Other,Standard,6.11,0,Asia,Laptop,13.99,0,Credit Card,1,6.11,Drama
Cd276040-08Db-4333-90C5-7B14E4Af20Ae,69,Other,Premium,0.74,48,Oceania,Tablet,17.99,1,Paypal,3,0.02,Documentary
1137C41E-Fb4A-4D4B-A92A-075De068F94A,50,Other,Standard,8.77,42,North America,Tablet,13.99,1,Paypal,2,0.2,Action
D012E665-05A5-454D-Bc1C-4Eb7F132Dc77,64,Male,Basic,1.02,16,North America,Tv,8.99,1,Gift Card,4,0.06,Sci-Fi
5B39D054-A85A-472A-9C6B-6Ca36F9C6F4C,64,Female,Premium,6.71,42,North America,Tv,17.99,0,Paypal,5,0.16,Documentary
627B1B93-2178-4157-8E76-B8B8326E8694,54,Male,Standard,9.78,56,Africa,Mobile,13.99,0,Debit Card,5,0.17,Documentary
7C5015D6-Cb4D-4738-9D1D-7F49Dbee59C4,28,Female,Basic,2.97,23,Europe,Tablet,8.99,1,Credit Card,5,0.12,Romance
Eac45018-321F-4108-B08C-70F09651748C,62,Female,Premium,4.75,0,South America,Mobile,17.99,0,Gift Card,2,4.75,Comedy
E2Bb3E3F-6995-4D56-8Ada-5B22730B7D50,48,Other,Premium,0.71,24,Africa,Mobile,17.99,1,Paypal,2,0.03,Sci-Fi
91F223Fb-6D17-463E-96E6-Dc72621732C3,29,Female,Premium,54.65,49,Africa,Tablet,17.99,0,Debit Card,5,1.09,Comedy
73E2Fabe-Cd9F-47Cd-91C1-Fa7D54A00851,53,Female,Standard,1.49,14,North America,Desktop,13.99,1,Gift Card,2,0.1,Action
E9C0Dcf8-D2F5-45De-8296-71B278906386,42,Other,Standard,1.11,14,Oceania,Mobile,13.99,1,Gift Card,2,0.07,Drama
09Ff548D-7103-467D-B2Bb-E7185Dae56C3,19,Other,Premium,7.32,39,North America,Tv,17.99,0,Credit Card,4,0.18,Documentary
72Bb60Bf-C49D-4Cc3-86C2-8Cd3F6Be1Ce5,26,Male,Standard,1.71,52,Africa,Mobile,13.99,1,Credit Card,2,0.03,Drama
C8065254-8741-4265-84D7-B72Ddf02F2F5,61,Female,Standard,6.53,14,Asia,Tv,13.99,0,Credit Card,3,0.44,Sci-Fi
Bb486791-58B7-43C1-A079-B5388Eb2615A,19,Male,Standard,15.85,43,Oceania,Desktop,13.99,1,Gift Card,2,0.36,Comedy
Cd6292F9-F9Aa-4D53-83D2-E1A38238Cf1E,46,Female,Standard,7.59,3,Oceania,Laptop,13.99,0,Crypto,3,1.9,Comedy
6Dc6596E-60E8-414B-A3B5-C2Bca64Bb68F,63,Female,Standard,16.91,20,North America,Desktop,13.99,0,Gift Card,1,0.81,Horror
7Ad15795-15Cf-443A-9272-439388F8Af25,56,Female,Premium,24.68,9,Europe,Mobile,17.99,0,Credit Card,1,2.47,Drama
52Ff69F9-64Ce-456D-A1B9-2494C4B9Bdc8,18,Other,Standard,1.62,20,Asia,Mobile,13.99,1,Crypto,1,0.08,Documentary
57D8B5Cf-F8Ef-4B53-9B81-Ce894A52F74E,59,Female,Premium,16.39,40,Asia,Laptop,17.99,0,Debit Card,5,0.4,Horror
29A921Ff-1567-4Ba6-87C0-585Ba15Fcac7,39,Female,Basic,1.28,45,Africa,Tv,8.99,1,Gift Card,5,0.03,Horror
C350D5A0-Fef7-4281-B752-42162D72Bd05,33,Female,Premium,25.15,0,North America,Tv,17.99,0,Crypto,1,25.15,Comedy
Af3557Aa-86D0-4Ab8-9Ea1-28312Fef7900,19,Female,Basic,8.01,47,Europe,Tablet,8.99,1,Debit Card,2,0.17,Sci-Fi
D96A205C-59E2-44E0-A5F6-De58C25Eb3B1,27,Female,Standard,4.07,42,North America,Desktop,13.99,1,Crypto,5,0.09,Drama
4C77F75F-2B1E-4D25-B652-6047D04741D4,70,Male,Basic,15.81,44,Africa,Tablet,8.99,1,Crypto,1,0.35,Documentary
58B46654-4B27-4247-Ba09-49536Ac95586,64,Male,Standard,30.64,50,South America,Laptop,13.99,0,Paypal,3,0.6,Comedy
39Bad655-5F49-40Ce-Addd-C69Cc6742A25,66,Other,Basic,8.03,7,Africa,Mobile,8.99,0,Crypto,4,1.0,Horror
4B8B75Ad-626F-4201-Aaa3-6B1C4935F342,63,Other,Premium,15.63,22,South America,Desktop,17.99,0,Crypto,2,0.68,Documentary
52B32E23-E4D9-4Aa8-Bdb6-3D8116Bc98Aa,48,Female,Basic,0.23,37,Europe,Mobile,8.99,1,Credit Card,2,0.01,Action
Fdd237Ec-8Cfb-4Dc9-94A8-E378C84E1C09,57,Male,Basic,12.33,4,South America,Desktop,8.99,0,Crypto,2,2.47,Drama
74352C11-1327-4522-B04E-09375D2Ae60A,25,Female,Premium,4.43,11,Asia,Tv,17.99,0,Credit Card,5,0.37,Romance
C49E2F08-2711-434A-86Ce-A14869024D33,25,Male,Basic,2.39,8,Europe,Laptop,8.99,1,Credit Card,1,0.27,Horror
E0F60Ffb-2B43-4Da0-A550-7567557Da37E,55,Female,Premium,16.83,16,Africa,Mobile,17.99,0,Paypal,4,0.99,Documentary
0A7B5A2A-3292-409A-A758-5C93B920813C,65,Male,Premium,20.18,4,Oceania,Mobile,17.99,0,Crypto,4,4.04,Drama
Df17Acd4-8698-461E-9Cc7-1Ac06D763Fbc,47,Male,Premium,3.88,53,North America,Mobile,17.99,1,Crypto,5,0.07,Documentary
52281669-Df74-44A5-A392-2Be8C8A0147C,43,Male,Standard,8.99,53,North America,Laptop,13.99,1,Crypto,1,0.17,Action
Ebdb9Ce1-02Bf-4681-B86C-A11D237Ab90B,34,Other,Standard,12.65,2,South America,Laptop,13.99,0,Debit Card,4,4.22,Documentary
7F79Fa2F-18F5-4F95-8B69-B22Fc667F4F4,24,Female,Basic,25.78,8,Europe,Laptop,8.99,0,Credit Card,3,2.86,Horror
F19Ee025-D5A8-41E3-9A40-78A71E473891,50,Female,Standard,0.27,31,South America,Tablet,13.99,1,Crypto,1,0.01,Romance
Ebb4Aac9-1770-4E76-Be32-0A6990073795,28,Male,Basic,29.12,31,Africa,Tablet,8.99,0,Paypal,4,0.91,Documentary
210B00A5-C07D-401B-8396-3Eaba615E20F,56,Female,Premium,2.98,39,Europe,Laptop,17.99,1,Paypal,3,0.07,Comedy
00Bcd65F-Ca17-43Af-B1A3-C0E310D52966,42,Male,Standard,1.65,41,Africa,Mobile,13.99,1,Paypal,3,0.04,Action
570A21E1-Bc72-482A-B2F3-Afea983390F0,46,Other,Premium,5.98,31,Asia,Laptop,17.99,1,Paypal,1,0.19,Comedy
1Ad47F3A-F860-4C98-81A5-8616344Abafe,62,Male,Premium,29.21,1,South America,Mobile,17.99,0,Gift Card,1,14.61,Documentary
B82B1E9C-2120-4D5D-Ab97-6D871Eded035,20,Other,Premium,11.58,44,Africa,Laptop,17.99,1,Crypto,4,0.26,Drama
6800590B-A6Fe-40Ed-81D1-201693007A0A,24,Other,Standard,40.81,40,Europe,Laptop,13.99,0,Debit Card,4,1.0,Action
5E4D2986-6750-4833-84D7-Bf79F53E92Ae,62,Other,Standard,5.63,26,Asia,Tv,13.99,0,Credit Card,3,0.21,Romance
047Cacb4-85D1-4Fb9-82Ef-E68Ce12Afd11,26,Female,Standard,1.84,15,Asia,Mobile,13.99,1,Gift Card,5,0.12,Action
054Bfc20-E65D-4Fd8-A9D4-5Cf77Eefe836,58,Male,Standard,2.11,5,North America,Tv,13.99,1,Credit Card,1,0.35,Action
9D45D604-6975-4A0C-9De6-0C1Fb839C3E3,62,Other,Basic,1.16,2,South America,Tv,8.99,1,Paypal,2,0.39,Horror
A02D6Ab0-2Fda-47Eb-8656-158Beb0200A4,70,Female,Premium,11.06,38,Oceania,Laptop,17.99,1,Gift Card,1,0.28,Drama
Adf86F47-E169-492E-9Ec6-D2Fed5212796,25,Female,Basic,23.19,59,North America,Desktop,8.99,0,Debit Card,5,0.39,Sci-Fi
E614Db81-6994-48A8-A374-E5Aa644E85E0,36,Female,Premium,22.1,40,South America,Tv,17.99,0,Crypto,4,0.54,Documentary
00Cadb17-Dcde-4Cbc-Ae45-068Cd811Df59,37,Female,Basic,6.47,21,North America,Mobile,8.99,1,Gift Card,3,0.29,Action
Bbd4F7Df-E4Dc-4F51-B4Ff-473Eaf1005Ee,52,Female,Premium,6.28,44,North America,Desktop,17.99,1,Crypto,1,0.14,Romance
1F80Abbd-35A7-4D62-B292-D31Fa23C9F5F,38,Female,Basic,3.49,54,Asia,Tablet,8.99,1,Paypal,5,0.06,Horror
19F66E59-F164-47F1-B788-4B1762Db226B,36,Female,Basic,0.99,24,Africa,Laptop,8.99,1,Debit Card,3,0.04,Comedy
F7B78561-9D8B-4712-B3F3-238569B95F4B,47,Male,Premium,1.57,39,Oceania,Desktop,17.99,1,Credit Card,5,0.04,Horror
A2Ac0Be9-2264-4582-9D74-96Dcc0C869F8,29,Male,Premium,12.32,49,Asia,Mobile,17.99,0,Paypal,5,0.25,Horror
2Bb0265F-8Add-4083-Aed9-1E94748Be77B,27,Other,Premium,0.69,39,South America,Laptop,17.99,1,Debit Card,5,0.02,Sci-Fi
Cfd014C4-3952-4B99-B2F1-76Ed56Da8964,70,Other,Premium,7.15,27,Asia,Desktop,17.99,0,Credit Card,3,0.26,Sci-Fi
93460E1B-34B6-4586-8289-48A6F91E18Fb,55,Other,Standard,2.59,54,Europe,Desktop,13.99,1,Gift Card,3,0.05,Sci-Fi
3E46A9E8-Ebcc-4569-B534-D1Beeb525Aa5,33,Other,Premium,25.28,32,Asia,Laptop,17.99,0,Debit Card,3,0.77,Sci-Fi
6175Ecf8-A860-463C-90E5-277F36609637,22,Other,Premium,13.68,48,North America,Tv,17.99,1,Paypal,3,0.28,Comedy
3Be271A0-02Dd-41Ad-Bed5-3Fdeb3A08266,44,Other,Premium,18.75,44,Asia,Desktop,17.99,0,Paypal,5,0.42,Action
3860D316-C068-488E-84Ff-747868B9365F,20,Other,Premium,9.24,33,North America,Tv,17.99,1,Gift Card,5,0.27,Drama
22Cb4Dd5-D158-4Dd6-A49D-E8723Fadc557,69,Male,Premium,0.52,42,South America,Desktop,17.99,1,Gift Card,3,0.01,Action
48A57226-1B00-4E56-B555-2Cf66Bc4B9A7,23,Male,Standard,4.46,24,Africa,Mobile,13.99,1,Gift Card,3,0.18,Documentary
50693056-61Ef-4Ad9-977C-6Eaeb1Ec5F72,24,Female,Premium,9.94,34,North America,Laptop,17.99,1,Credit Card,2,0.28,Drama
6Acac882-0Bc1-4196-Bb12-05Ac39Dc229C,36,Other,Standard,25.82,3,Africa,Mobile,13.99,0,Paypal,1,6.46,Comedy
Afa322D5-A185-42A6-8Cc2-76Bcd432403E,29,Female,Premium,1.22,25,Asia,Laptop,17.99,0,Paypal,5,0.05,Comedy
Aa982946-1B7D-4315-8B81-9B19Bb6Cc8C8,34,Other,Standard,6.49,6,South America,Mobile,13.99,0,Credit Card,1,0.93,Comedy
642Cffb6-Ab5C-4931-B947-Cfa60413B560,39,Other,Standard,8.63,8,Oceania,Mobile,13.99,0,Debit Card,4,0.96,Romance
09904Ad7-D9Db-45A3-Ba9F-220Cfe88A333,44,Female,Standard,22.85,1,South America,Tablet,13.99,0,Credit Card,3,11.43,Comedy
2C564E41-545B-44A4-Bb03-6A827657Ea51,43,Female,Basic,5.59,32,Europe,Tv,8.99,1,Debit Card,4,0.17,Documentary
Ee076784-8841-4531-Be9C-Ca0B916C309A,35,Male,Standard,11.93,45,Europe,Desktop,13.99,1,Gift Card,1,0.26,Documentary
3382730C-46Bb-40D1-92De-55F346Dda22A,26,Male,Premium,3.24,57,Europe,Tablet,17.99,1,Paypal,3,0.06,Sci-Fi
06B5B5A3-F995-47A2-Af2F-86B9Cfbb42Ef,66,Male,Basic,25.03,16,North America,Tv,8.99,0,Credit Card,3,1.47,Action
E6E1E9A3-8Bb0-4Ebc-A469-Fc1581B6D59D,66,Other,Premium,6.11,9,Europe,Tablet,17.99,0,Crypto,4,0.61,Drama
7Ee9Fa15-81B6-4B1B-A841-Eec8B03D8B1E,29,Male,Basic,24.18,59,Africa,Laptop,8.99,1,Credit Card,1,0.4,Documentary
Babe5601-7E34-47Ad-Bcb1-0Ab32Ede5Cef,20,Male,Standard,7.19,26,North America,Tv,13.99,0,Paypal,4,0.27,Action
7D921Bf8-61Ef-4609-A46E-96D832D0D04E,52,Male,Premium,2.73,45,North America,Tv,17.99,1,Crypto,5,0.06,Horror
8042C4Ad-3A4A-4994-B81E-8Ae09199076C,41,Male,Standard,28.13,42,Oceania,Mobile,13.99,0,Credit Card,2,0.65,Documentary
39F699B0-D6Db-4B6D-9C15-B8Bbc716Ce34,38,Male,Basic,15.32,56,Europe,Mobile,8.99,1,Crypto,2,0.27,Action
F28413C0-E4Fb-4469-A595-C23E39036E09,18,Other,Basic,2.75,43,Oceania,Laptop,8.99,1,Gift Card,5,0.06,Romance
A62473B8-5D94-4B05-A6B5-Bddfa59478C6,28,Female,Standard,4.67,5,Oceania,Mobile,13.99,0,Crypto,2,0.78,Drama
395E2C15-2Abb-4A29-8F8C-06118A5539E2,19,Female,Standard,3.36,27,North America,Laptop,13.99,1,Debit Card,1,0.12,Action
F779A2Cd-Cb9D-445F-B0F7-2Af6C1A514C0,56,Male,Basic,5.03,22,Asia,Desktop,8.99,0,Debit Card,4,0.22,Horror
4D040Be6-2B36-4F59-Ba9C-B92C8C683A5F,34,Male,Basic,53.98,10,North America,Tablet,8.99,0,Crypto,5,4.91,Documentary
3406522E-Fd20-4C37-Aeab-1690D6B7Cb51,58,Female,Standard,23.39,52,Asia,Tablet,13.99,0,Credit Card,1,0.44,Comedy
Dd3B38Cd-3856-47F9-8F69-4Bdf268983Eb,63,Female,Premium,7.04,46,Europe,Mobile,17.99,1,Gift Card,4,0.15,Romance
746Cb060-C9F1-432E-91Cc-Cb1B57Ddb1C0,66,Male,Premium,32.06,51,Asia,Desktop,17.99,0,Debit Card,4,0.62,Drama
432Fa974-2A36-4F64-Af1E-770E03B9385F,37,Other,Premium,28.08,25,North America,Tv,17.99,0,Credit Card,4,1.08,Horror
D74666Ec-7B7B-4F1A-8776-0A17A1152F47,21,Male,Basic,23.95,50,North America,Laptop,8.99,1,Debit Card,3,0.47,Sci-Fi
84E4F9A0-F16B-4B00-Ba64-A1Dc667F9350,44,Male,Premium,20.32,46,Oceania,Laptop,17.99,0,Debit Card,3,0.43,Horror
A756E8D5-A9C2-4520-8F06-1E13159Bd0C0,66,Other,Standard,0.77,36,Africa,Tv,13.99,1,Crypto,4,0.02,Drama
7514941B-007C-44Ea-90Ee-4Ae0690F013D,56,Male,Standard,2.95,52,Europe,Tablet,13.99,1,Gift Card,1,0.06,Drama
0F22Beb8-1281-4Aca-Bfaa-17235C7Fb5D5,21,Male,Basic,11.85,34,Oceania,Mobile,8.99,1,Credit Card,4,0.34,Drama
48F68F53-A7Ef-4736-91A4-28Ba10E80C58,49,Other,Premium,9.61,27,South America,Tv,17.99,0,Paypal,3,0.34,Horror
5F41A538-A9Ef-457B-8022-57Fd9Cebc8D4,28,Male,Premium,49.34,31,Oceania,Tv,17.99,0,Gift Card,1,1.54,Horror
C16C6Ac0-11D2-496C-B9A3-2117F5D8E0Db,62,Male,Standard,3.02,16,Europe,Tv,13.99,1,Debit Card,2,0.18,Drama
34E13Cb5-2657-4148-Ac24-Be078C809D92,67,Female,Premium,2.02,52,Oceania,Mobile,17.99,1,Paypal,2,0.04,Action
Ed148Da8-E51D-4504-B40A-E358F6E8238A,47,Female,Standard,9.78,18,Asia,Tablet,13.99,0,Crypto,3,0.51,Comedy
D89F54D3-882D-4Cfc-96C5-B5F0Ddbb9915,57,Female,Premium,4.39,60,North America,Tv,17.99,1,Crypto,3,0.07,Horror
F76A2802-20D0-4772-B6Cc-F7E2A95D6384,43,Other,Basic,0.59,11,Europe,Mobile,8.99,1,Debit Card,3,0.05,Drama
6C75691C-3Ea5-49B5-92A9-894B2Bd420Be,24,Male,Basic,1.68,1,North America,Laptop,8.99,1,Credit Card,1,0.84,Sci-Fi
286D0A50-0C08-4D40-B50A-38Cfbdc3B8Fb,34,Female,Premium,1.58,7,Oceania,Tv,17.99,1,Gift Card,1,0.2,Comedy
Bb2Ec39D-5Eeb-478A-B763-0A2528Ec4D7B,39,Female,Standard,67.05,24,Oceania,Mobile,13.99,0,Paypal,2,2.68,Romance
Ed93Decf-E627-4873-A2F9-8B6Bf0D7Dce3,60,Female,Basic,1.07,3,Oceania,Tablet,8.99,1,Credit Card,3,0.27,Romance
Bd27Bcd3-Feaa-4A06-A98F-C4F3D61De505,66,Other,Premium,1.85,57,South America,Tablet,17.99,1,Debit Card,3,0.03,Action
178D73Ec-7742-4F67-894C-2Fe27601Cf8B,29,Male,Premium,16.42,4,Oceania,Tablet,17.99,0,Credit Card,3,3.28,Drama
68203B4F-6E76-442B-863A-29Eca29Cc26B,35,Female,Basic,11.85,57,North America,Tv,8.99,1,Gift Card,3,0.2,Documentary
F4Af1Dff-3131-49Eb-A195-0Cb169Bf9Ed4,36,Other,Premium,24.09,36,Oceania,Laptop,17.99,0,Credit Card,5,0.65,Drama
9D6Dfd4A-F437-4D78-B291-Dc00556B9E40,46,Other,Basic,14.53,19,South America,Mobile,8.99,0,Crypto,4,0.73,Romance
Ab1D244F-8750-47B1-8A61-Cf8Bce66C0Fb,58,Female,Standard,2.4,11,North America,Mobile,13.99,0,Paypal,5,0.2,Documentary
0Eeed5D2-C02E-4F29-Bfc4-85A0F21Bed79,18,Female,Premium,0.17,16,North America,Desktop,17.99,0,Debit Card,5,0.01,Horror
31E1A27E-D7F3-48A6-B560-60963B7Ae366,60,Male,Premium,8.42,59,North America,Mobile,17.99,1,Debit Card,2,0.14,Sci-Fi
08875185-F2Ab-42E7-Ae3E-5945341E5Bb7,39,Female,Standard,20.87,59,Europe,Tv,13.99,0,Credit Card,1,0.35,Romance
Bb3Dc1E7-E1F4-4010-B227-3Af57309C626,65,Female,Standard,2.75,36,Europe,Laptop,13.99,1,Paypal,2,0.07,Romance
51Ac7C84-3653-4Bd2-8F22-6F6Cace9B98B,38,Other,Basic,10.25,42,Europe,Desktop,8.99,1,Paypal,2,0.24,Action
99F7B4C6-5Aea-49Ad-B746-6E145C979D52,20,Male,Basic,1.98,45,North America,Desktop,8.99,1,Paypal,4,0.04,Romance
Dd11F0F0-3644-48E2-B20C-Bca7038B3028,27,Female,Basic,7.37,15,North America,Tv,8.99,0,Paypal,2,0.46,Documentary
6C369C84-7138-451A-98D8-8Dd3D2D2B4F2,58,Female,Premium,13.35,18,South America,Tv,17.99,0,Credit Card,5,0.7,Sci-Fi
2726Ac92-319F-4Aac-Bf5A-89Ce36E291Fe,39,Male,Standard,1.97,53,Asia,Mobile,13.99,1,Debit Card,2,0.04,Drama
A31F2Dc4-A9A6-4A19-80D9-8Dabb6A104E0,26,Other,Basic,12.57,30,Asia,Mobile,8.99,1,Gift Card,3,0.41,Action
76A4093F-A297-45Cf-A672-8C52D4743545,25,Other,Premium,12.4,57,Asia,Mobile,17.99,1,Gift Card,5,0.21,Action
38D00F7E-C7Ba-4Cd5-B1Fd-Fd704Cb0502D,56,Female,Standard,23.82,55,South America,Laptop,13.99,0,Debit Card,5,0.43,Documentary
F337Bc34-F6Bf-4Cf4-A559-4B79Ae8Ec658,49,Female,Premium,2.74,46,Asia,Tv,17.99,1,Credit Card,5,0.06,Horror
18E0Afd1-09C2-4C33-8069-4F2Aff4D1F3D,70,Other,Premium,13.11,59,Africa,Laptop,17.99,1,Gift Card,2,0.22,Drama
43E26139-B60E-4374-99A0-4E6C798438De,21,Male,Standard,12.25,13,Europe,Tv,13.99,0,Credit Card,1,0.88,Action
F80Ed925-6951-4Cf0-8372-8424D7B6Af02,26,Other,Basic,12.29,31,Asia,Tablet,8.99,1,Gift Card,3,0.38,Action
Bad8A04E-C0C9-4084-B4B7-069072424E68,33,Female,Standard,27.72,42,Europe,Mobile,13.99,0,Debit Card,4,0.64,Action
B4Cc7509-0F49-4213-82C3-Be547Ead38E7,29,Other,Basic,13.77,24,Africa,Mobile,8.99,0,Debit Card,4,0.55,Drama
1059Ec7D-1182-4B81-98Fc-3Fa73374A98F,70,Other,Basic,4.88,9,Europe,Tv,8.99,1,Paypal,1,0.49,Drama
80Ee7450-F22A-4F0F-B081-C978A5A5B347,48,Female,Standard,10.98,44,Asia,Tablet,13.99,1,Crypto,1,0.24,Drama
E02106Ca-0101-4Adc-963B-9Bdfc6E6877C,20,Male,Basic,17.03,47,Europe,Mobile,8.99,1,Credit Card,2,0.35,Documentary
B2C52C4F-2Ca8-4719-B798-32128B9009Ba,40,Female,Basic,33.55,5,Africa,Mobile,8.99,0,Paypal,1,5.59,Horror
Def12Ba1-Ee3F-4059-A620-05D7D523636C,53,Female,Basic,4.01,49,North America,Desktop,8.99,1,Crypto,2,0.08,Action
Eb0Cd898-3B91-46Fc-9D23-8Bb53D4297C4,56,Male,Premium,8.2,19,Europe,Tv,17.99,0,Paypal,2,0.41,Comedy
Fc76C95D-6886-4993-Bc12-Adbfcd4Cdac0,43,Other,Premium,4.17,46,South America,Mobile,17.99,1,Credit Card,1,0.09,Comedy
4641B78C-9F54-43B3-8F33-809Da152Aba2,36,Other,Basic,14.63,52,South America,Desktop,8.99,1,Crypto,1,0.28,Horror
3829A8Ad-947C-4E70-906D-Bf4Bbdf0Fe60,54,Male,Standard,19.26,10,Africa,Mobile,13.99,0,Debit Card,5,1.75,Comedy
021Af9D9-2Fff-4A33-B2C4-710Ad6F3F85C,64,Other,Basic,4.8,46,Oceania,Laptop,8.99,1,Credit Card,1,0.1,Romance
0194Ee30-Cde8-47Fd-9568-22E20B2C80Dc,28,Female,Basic,12.82,47,North America,Tablet,8.99,1,Credit Card,1,0.27,Action
29836151-75B3-437C-8395-299B962D9F0D,52,Male,Premium,8.34,21,Africa,Tv,17.99,0,Paypal,2,0.38,Sci-Fi
5F63Adf1-Cf70-4F07-8351-63Fe77C15857,50,Male,Standard,4.17,44,Oceania,Tablet,13.99,1,Gift Card,1,0.09,Documentary
70B0Ba0C-2333-4Ae5-9860-Ec22B91Ffc93,61,Other,Standard,3.49,23,North America,Laptop,13.99,1,Debit Card,1,0.15,Romance
53Ce20Da-Acf5-45F6-Bb0C-958C360Dbad6,70,Other,Premium,9.13,50,South America,Laptop,17.99,1,Debit Card,3,0.18,Horror
A36C6729-B90C-4514-92D8-4A98A66Bfff4,43,Male,Premium,4.17,24,South America,Laptop,17.99,1,Crypto,4,0.17,Romance
193Ffca7-6D19-4F3C-85E5-9E8B9F7E160E,62,Male,Premium,0.28,21,Oceania,Tablet,17.99,0,Paypal,5,0.01,Action
0146854F-D5A1-4Ee7-A28C-69B5Af885934,26,Female,Standard,3.82,14,South America,Tv,13.99,1,Crypto,2,0.25,Drama
Fbbbb16F-2D7F-4B68-B601-13Da986Cdcef,63,Male,Premium,32.75,30,South America,Desktop,17.99,0,Credit Card,1,1.06,Horror
Da21D05B-Cec0-405D-A7D3-3Dad478F3Bcf,38,Male,Premium,1.05,24,Oceania,Laptop,17.99,0,Debit Card,4,0.04,Sci-Fi
0F125Ed8-866A-4F58-Acd3-F981C2D910C4,50,Other,Basic,29.04,48,South America,Tv,8.99,0,Credit Card,4,0.59,Romance
5736A841-06Be-4E91-A475-Fdeae4Dbb161,49,Male,Standard,4.67,48,North America,Laptop,13.99,1,Debit Card,5,0.1,Horror
2088Ff07-56Ed-49A3-8824-6B0F5577B9Eb,38,Other,Basic,16.27,24,Africa,Desktop,8.99,0,Gift Card,2,0.65,Romance
534F289F-35C5-4314-973B-1B0C9Ed473Db,23,Male,Basic,4.64,55,Europe,Tv,8.99,1,Credit Card,1,0.08,Documentary
976212Fe-E88C-4118-A57C-8C828Ce17F0C,46,Male,Premium,8.78,13,Asia,Tablet,17.99,0,Paypal,4,0.63,Action
8F5E0F72-3Edf-4A03-Bdb4-44A26F91077B,44,Male,Basic,9.0,33,South America,Tv,8.99,1,Crypto,1,0.26,Action
E9E8258F-3F5B-4Bbf-99A7-59B4C88125E6,36,Female,Standard,9.2,7,Oceania,Desktop,13.99,0,Debit Card,2,1.15,Action
51Fad2Bb-5E3B-45Bc-8424-6E7331D255Ae,23,Female,Basic,8.26,33,Europe,Desktop,8.99,1,Gift Card,5,0.24,Horror
7B770D53-7Ea7-4Ad9-9Fa9-17D09F8E857C,34,Other,Premium,35.2,14,Europe,Tablet,17.99,0,Crypto,3,2.35,Romance
16359306-8225-4F9C-A0F6-446F18067C00,62,Female,Premium,1.12,43,Asia,Tv,17.99,1,Gift Card,4,0.03,Comedy
27Bb1F44-8D9C-4424-A509-1510F95Fa759,24,Other,Standard,10.67,28,Asia,Tablet,13.99,0,Paypal,1,0.37,Horror
30999E0C-Ada1-4174-89B6-D820Cfca282A,36,Male,Standard,14.29,4,Africa,Mobile,13.99,0,Credit Card,4,2.86,Sci-Fi
473F971C-2A0C-48C2-Aaaf-B4Cdfca5Aff3,33,Female,Standard,18.33,48,Oceania,Mobile,13.99,1,Debit Card,1,0.37,Comedy
46E95E2C-14C7-45Ef-A0A8-B5F76F9E5D75,58,Female,Basic,3.57,20,North America,Laptop,8.99,1,Gift Card,2,0.17,Documentary
Bb0B842B-0A9E-4351-8F7C-89365Dde8A9D,20,Other,Basic,15.54,24,Asia,Desktop,8.99,0,Debit Card,3,0.62,Sci-Fi
8C0C7D2B-Cefb-48B1-A633-C1C84C36C057,20,Female,Basic,10.28,43,South America,Laptop,8.99,1,Paypal,2,0.23,Action
64485Bba-7Db6-4F9A-A22B-5Cfec1Cd2Ee2,33,Female,Premium,2.2,40,South America,Desktop,17.99,1,Gift Card,4,0.05,Documentary
E674D937-9114-4F7C-887A-1Cd491C643C6,30,Other,Basic,0.52,4,Asia,Tv,8.99,1,Paypal,2,0.1,Sci-Fi
2D1Ea53F-D9Bb-453F-B8Be-88Dfc36Df0A3,59,Male,Standard,7.52,0,Europe,Tv,13.99,0,Paypal,4,7.52,Action
75Ef07C7-3Ac8-4C14-B9D3-2Ce79A3865B7,54,Male,Standard,18.96,18,Oceania,Tablet,13.99,0,Crypto,3,1.0,Documentary
0B11Ab87-551C-42D8-A5A4-1Cd7Ff98386F,47,Male,Premium,6.33,9,Asia,Laptop,17.99,0,Gift Card,4,0.63,Documentary
A5Ecf5F2-452B-4Dcd-873B-342C6094C012,59,Other,Basic,20.13,6,Africa,Mobile,8.99,0,Credit Card,1,2.88,Drama
25Ca4E8B-4Fed-408F-9F94-607529Cdd07B,24,Female,Basic,6.73,16,Africa,Mobile,8.99,0,Crypto,4,0.4,Comedy
5F9Af2Fd-06C8-4C9E-B327-4830Dab0361D,24,Other,Standard,21.53,57,North America,Tablet,13.99,0,Crypto,3,0.37,Drama
Fa1F7Eb9-E6Fd-41F7-943E-1186499Aeb8B,53,Other,Standard,8.85,3,Oceania,Mobile,13.99,0,Gift Card,1,2.21,Sci-Fi
B88B733E-5Ac8-46F5-9137-05B8F9E59898,57,Male,Standard,0.15,39,Africa,Tablet,13.99,1,Debit Card,3,0.0,Comedy
57E7B754-6Ed5-43F6-804D-140Bef82A2D7,66,Female,Basic,0.27,40,Africa,Laptop,8.99,1,Credit Card,1,0.01,Sci-Fi
60Dadbe4-Fa7A-4C2D-A577-69Aed385C0D0,24,Male,Standard,7.75,29,Europe,Tablet,13.99,0,Debit Card,5,0.26,Horror
Aeef9F76-67De-4Dc1-Ae73-8F625Fe165Cd,28,Other,Premium,6.79,54,Oceania,Tablet,17.99,1,Paypal,1,0.12,Horror
6Adc1Db8-Fe9F-4Bec-9Cb1-018123Ce1B08,29,Male,Premium,21.53,36,Africa,Tv,17.99,0,Credit Card,5,0.58,Sci-Fi
45E3D341-D04B-4276-99Dc-9Fc89496E4B9,45,Male,Premium,13.88,26,North America,Desktop,17.99,0,Crypto,1,0.51,Documentary
C6Ac02C8-Fe12-46B3-A1Ae-Fd7F7Ba481F9,50,Other,Premium,0.32,35,Europe,Desktop,17.99,1,Debit Card,2,0.01,Comedy
A3A126F7-1A28-4A66-9A60-6A60F8411E89,23,Female,Standard,2.28,46,Oceania,Tablet,13.99,1,Paypal,1,0.05,Horror
276C1104-D5Fd-4930-8D5D-35956891C4Fb,68,Female,Basic,0.27,4,Oceania,Tablet,8.99,1,Crypto,2,0.05,Horror
83Cc815B-5D92-4695-A2A2-Dacb964E209F,25,Male,Basic,6.05,60,North America,Mobile,8.99,1,Debit Card,3,0.1,Sci-Fi
B985D6De-295A-4Ecd-9353-4E9357C6C9Dc,68,Other,Premium,1.66,42,North America,Mobile,17.99,1,Gift Card,4,0.04,Documentary
B8F85415-9Ec9-4B9B-Be60-A88F1B6Ecbdd,23,Other,Basic,4.01,27,Asia,Tablet,8.99,1,Crypto,2,0.14,Romance
C3F8Acfa-5B6C-4778-994D-0B27B839F52E,27,Female,Premium,6.01,5,Europe,Mobile,17.99,0,Gift Card,1,1.0,Horror
Cb415Cf6-759A-40Bc-873B-1Abec0C9B5Ec,62,Other,Basic,15.54,51,Asia,Mobile,8.99,1,Paypal,4,0.3,Sci-Fi
C6028128-8D31-4B45-90A7-4422386E8649,28,Male,Premium,5.32,25,Africa,Laptop,17.99,0,Debit Card,4,0.2,Horror
24828084-41Fa-4B71-A36F-4575Ccbe0Ca8,45,Other,Standard,7.03,2,Africa,Laptop,13.99,0,Paypal,2,2.34,Drama
Fa639F8F-0453-46E1-93C3-Ed22F0D0Dff9,22,Female,Basic,5.42,0,Africa,Desktop,8.99,0,Paypal,1,5.42,Action
7F047317-Dfff-44B6-B4Fc-4D3B7493Da6B,66,Other,Basic,5.33,36,Africa,Mobile,8.99,1,Credit Card,2,0.14,Romance
A1F99Ca8-0B8F-4C59-A52E-4Eb2Ea8D4Bf6,49,Other,Standard,2.86,30,Europe,Tablet,13.99,1,Credit Card,3,0.09,Drama
D8E3D413-9B2B-47Ee-96B7-C1De8Ba78A74,37,Other,Standard,11.76,17,Oceania,Desktop,13.99,0,Crypto,3,0.65,Comedy
6F47F4C7-63E3-49C7-8E37-Bbb0Af66E9Eb,60,Male,Standard,36.16,42,North America,Tv,13.99,0,Gift Card,5,0.84,Drama
F18Bb534-3003-4858-95D7-Fdf908Fc7432,64,Male,Basic,0.27,49,South America,Mobile,8.99,1,Crypto,4,0.01,Horror
91C78112-B9Eb-48Ad-9Fca-29F6197Be2D7,21,Other,Standard,8.08,16,Oceania,Laptop,13.99,0,Crypto,4,0.48,Action
C34Baf8C-D65C-4Aaa-9602-2Bb9Efaa4F6C,45,Female,Basic,7.13,8,Oceania,Mobile,8.99,0,Credit Card,3,0.79,Horror
0Ef9124E-50C5-411B-B436-Edacd29199A8,47,Female,Standard,4.13,30,South America,Tablet,13.99,1,Gift Card,2,0.13,Horror
8F74Fb47-9Bcc-4Ec6-A9D8-5E795Ef2235D,60,Female,Premium,12.6,33,Europe,Desktop,17.99,1,Gift Card,2,0.37,Sci-Fi
60Fbb4Af-309D-4A37-93B2-20C05286Ac2F,60,Other,Standard,0.62,48,Africa,Tv,13.99,1,Crypto,4,0.01,Documentary
D5Ebd5D0-4Ce3-4120-9C8A-D01De6E00Ba5,28,Male,Standard,2.6,45,Europe,Laptop,13.99,1,Credit Card,2,0.06,Sci-Fi
E2Fa23Ce-0F5D-44A2-8Cec-B14660947D11,25,Female,Standard,3.17,32,Europe,Desktop,13.99,1,Debit Card,5,0.1,Documentary
A28580Ec-90Be-4F6D-Ab87-619D8F0679B0,19,Other,Standard,3.16,43,Oceania,Mobile,13.99,1,Gift Card,1,0.07,Horror
D9A89Da8-9188-4Be1-9Fa4-6Ff8394Bce3A,25,Female,Premium,0.64,32,Asia,Laptop,17.99,1,Gift Card,4,0.02,Romance
658Cf3Cd-4370-4794-8745-77395B791C00,58,Female,Standard,5.63,4,Africa,Tv,13.99,0,Gift Card,5,1.13,Documentary
384E7Ce5-F382-45E9-91Da-8D4E24B9A392,31,Female,Premium,20.73,60,South America,Tablet,17.99,0,Gift Card,4,0.34,Sci-Fi
A6B50D35-9Ec1-4952-Bc1A-4Db4877D1B7C,54,Female,Standard,6.26,47,South America,Desktop,13.99,1,Credit Card,2,0.13,Drama
609E52D2-62E8-428D-B9Fa-F2Fb77Dd62Cb,65,Female,Standard,34.39,19,Asia,Tv,13.99,0,Credit Card,3,1.72,Romance
2A70Df84-B707-4Ccb-B3Ac-56B6Ccc32347,26,Female,Premium,7.33,30,Oceania,Laptop,17.99,0,Gift Card,1,0.24,Sci-Fi
8372F52F-257C-4F58-Ae67-Dfa618516600,32,Other,Basic,1.96,49,North America,Laptop,8.99,1,Paypal,4,0.04,Documentary
D6Ad8Dcd-7D77-4C28-8A3B-Fe698C0F7794,32,Male,Basic,8.25,59,Africa,Tv,8.99,1,Paypal,4,0.14,Action
2D77B990-4C9B-4602-B2Cc-3635194E1Daf,52,Male,Standard,28.47,15,Europe,Laptop,13.99,0,Credit Card,1,1.78,Drama
Aaa3844F-E33C-4Ea6-B92D-35A5Ceec248A,67,Male,Basic,1.74,4,Europe,Mobile,8.99,1,Gift Card,2,0.35,Action
277577Cb-B4E0-41Ca-9C88-2456D7F2Ba36,37,Male,Basic,21.82,40,Europe,Tablet,8.99,0,Credit Card,2,0.53,Drama
3Cdce0Fe-8109-4092-9D06-4746C152516C,68,Female,Premium,13.41,35,North America,Mobile,17.99,1,Crypto,1,0.37,Action
7C88Ae82-Dad4-4Bb3-8E01-E587C43395Ab,38,Other,Standard,3.39,35,South America,Desktop,13.99,1,Debit Card,1,0.09,Drama
E07C609B-0Ad2-4F99-Bc35-B91288003B2E,61,Female,Premium,54.86,27,Africa,Mobile,17.99,0,Gift Card,2,1.96,Documentary
D786A211-3E93-4204-8B1D-E10F595Bf093,40,Female,Basic,23.97,48,South America,Desktop,8.99,0,Debit Card,5,0.49,Action
6928De64-4465-4A01-9208-9597Cdf58Bf8,56,Male,Basic,3.29,58,Europe,Mobile,8.99,1,Debit Card,1,0.06,Action
D1Bae981-3Ea1-432E-B791-65C33A5310Cc,68,Other,Basic,2.28,60,North America,Tablet,8.99,1,Debit Card,2,0.04,Documentary
D5085Dca-434A-4Eab-91D5-9A0085Af79D2,54,Other,Standard,0.37,39,North America,Tablet,13.99,1,Credit Card,4,0.01,Sci-Fi
C51C0139-D70E-4Eb5-89A0-Fb7553E33B4A,32,Other,Premium,14.0,44,Europe,Laptop,17.99,1,Debit Card,1,0.31,Sci-Fi
01C5033B-B19F-4074-A2C2-A1Ece7235Af7,59,Female,Standard,5.26,5,Africa,Laptop,13.99,0,Crypto,1,0.88,Documentary
4Ce5Cf41-1115-4423-Ad64-807B0D57C5D7,24,Other,Standard,18.29,52,North America,Tablet,13.99,0,Paypal,4,0.35,Comedy
F332B1A7-8Ece-44Df-8237-Bbc843E979B5,21,Female,Standard,0.74,16,Asia,Desktop,13.99,0,Credit Card,5,0.04,Romance
1F9510Bb-4838-49Ae-83Dd-4331A0F59F22,66,Other,Standard,29.93,46,Africa,Mobile,13.99,0,Credit Card,5,0.64,Sci-Fi
9A31B543-8464-42D2-Ab0B-4D9568Ebe947,26,Other,Premium,3.77,52,Africa,Tv,17.99,1,Crypto,4,0.07,Comedy
7B7213E4-5Ca8-4625-B1D2-F73605F5Ca06,51,Other,Basic,15.14,17,North America,Desktop,8.99,0,Gift Card,4,0.84,Documentary
94520F48-96A9-4B36-A6Ee-5Cfd9Ec9143B,18,Other,Basic,0.67,11,Asia,Laptop,8.99,1,Gift Card,4,0.06,Documentary
F258F8F6-080B-4Ef1-8884-C508456B9694,29,Male,Premium,9.22,6,South America,Laptop,17.99,0,Debit Card,4,1.32,Drama
Acee18E9-C039-434C-9C7B-8A2Bb81Bf19F,58,Female,Premium,4.41,39,Oceania,Laptop,17.99,1,Paypal,5,0.11,Documentary
6E346808-C15B-472C-Ab5A-83Cc8F70C8Cb,54,Male,Standard,3.47,31,Europe,Laptop,13.99,1,Crypto,5,0.11,Sci-Fi
786Dbd2B-3739-4C1B-946B-6C101F827832,61,Female,Basic,6.52,26,Africa,Tv,8.99,0,Credit Card,4,0.24,Horror
1C44E21B-8Dc4-4Deb-B0A5-67556Fbdf4A2,24,Other,Premium,18.31,45,North America,Laptop,17.99,1,Debit Card,1,0.4,Sci-Fi
A300Bc71-2231-406C-953C-92A9A5Ecbd89,57,Male,Premium,4.08,27,Europe,Tv,17.99,1,Credit Card,1,0.15,Horror
4C1Eec06-5Abb-4B67-A976-0A1B307004Ce,41,Female,Premium,0.43,2,Oceania,Mobile,17.99,0,Gift Card,5,0.14,Horror
7Dab1Ac1-07B0-43D7-A665-63D71F903C49,28,Female,Basic,46.68,10,Asia,Desktop,8.99,0,Paypal,1,4.24,Sci-Fi
D66B7151-9251-4E63-8Bac-8784764De25B,64,Other,Basic,3.84,38,Africa,Tablet,8.99,1,Credit Card,1,0.1,Documentary
D7Fe9858-9131-4293-9Ab0-88F6275949F8,26,Male,Basic,30.34,42,Asia,Laptop,8.99,0,Credit Card,5,0.71,Horror
3F1A1195-8Bb2-439E-8B0B-09B02Dacda0D,30,Female,Standard,8.01,40,Asia,Laptop,13.99,1,Crypto,2,0.2,Romance
861019E6-124D-4A7B-8C20-0Ea5F85F4B04,18,Female,Basic,20.25,9,South America,Tablet,8.99,0,Gift Card,3,2.02,Romance
0Caa27D1-1F18-4Fa5-97Ce-A1656248D78E,20,Other,Standard,18.31,41,Oceania,Laptop,13.99,1,Credit Card,1,0.44,Romance
E2Acf824-F42F-4E3B-B767-2D1A38910Ce4,61,Male,Standard,6.79,16,Asia,Desktop,13.99,0,Gift Card,5,0.4,Comedy
C9A4793A-Ad86-4111-9021-3B66Af99Fbfb,68,Other,Basic,2.48,0,Asia,Tablet,8.99,0,Credit Card,3,2.48,Horror
704Af732-4F2C-47Bd-8005-51Eaee71C3Bb,59,Other,Premium,1.12,13,North America,Tablet,17.99,1,Crypto,2,0.08,Drama
A6439C47-77E6-4C51-B834-0F66B0F1A239,48,Female,Premium,9.65,60,Oceania,Laptop,17.99,1,Gift Card,4,0.16,Drama
9344E6E8-32E7-4867-A514-A51882B6Ab16,40,Other,Premium,1.2,7,Africa,Tablet,17.99,1,Paypal,1,0.15,Action
02629028-5476-4Dad-B44B-0C284F757874,56,Female,Basic,2.23,26,Africa,Tablet,8.99,1,Credit Card,5,0.08,Documentary
9E919388-Ff51-4Cf3-A822-A64Ebac6A825,27,Other,Standard,22.68,45,North America,Laptop,13.99,0,Crypto,3,0.49,Sci-Fi
Af47B2Dd-417B-4542-8F5F-34D5F6940E36,46,Female,Standard,19.63,30,North America,Mobile,13.99,0,Credit Card,1,0.63,Comedy
4403409B-C5Ff-4F1D-85B6-D7D26093F6A3,43,Female,Basic,0.69,39,South America,Laptop,8.99,1,Debit Card,1,0.02,Action
C46Da64B-C643-414B-9C74-F9C9Cfd93905,21,Other,Standard,2.51,19,South America,Mobile,13.99,1,Crypto,2,0.13,Drama
C1D847E8-Da01-4F2C-Ad47-5Ca849B92F6D,23,Other,Basic,5.62,9,Africa,Tablet,8.99,0,Gift Card,4,0.56,Documentary
Beba695F-A5C0-4418-A080-59Fc806Ea0C6,58,Other,Basic,6.01,12,North America,Desktop,8.99,0,Debit Card,2,0.46,Comedy
722Ad842-9F84-4F22-Ba03-Ec58Ac6C23Da,65,Other,Premium,2.42,48,Africa,Desktop,17.99,1,Gift Card,2,0.05,Comedy
6Ca95308-1B7D-40A9-A8Ff-Fc292007D82F,54,Female,Standard,8.41,55,North America,Mobile,13.99,1,Crypto,4,0.15,Sci-Fi
615E7406-59C1-43A1-A7C2-21Eebf7B480B,31,Male,Basic,4.58,26,North America,Desktop,8.99,1,Paypal,2,0.17,Action
6165Db84-Db8D-46Ac-B332-1C3C11A6A0D0,20,Female,Premium,9.46,35,North America,Mobile,17.99,1,Crypto,2,0.26,Sci-Fi
E4A0A6B2-3105-4153-8233-36A82A6F9B11,54,Female,Premium,11.96,37,Oceania,Desktop,17.99,1,Gift Card,3,0.31,Romance
2D92D684-Bf9C-4Dbf-A3Ee-F28D0A610007,57,Other,Premium,10.03,21,Africa,Tablet,17.99,0,Credit Card,2,0.46,Horror
09861433-8978-4198-A3F3-51E0Cbe5B9A0,40,Other,Standard,14.34,15,North America,Desktop,13.99,0,Debit Card,1,0.9,Sci-Fi
32F4E267-4894-4705-9Abb-D834E5C51501,65,Other,Premium,0.47,25,Asia,Tv,17.99,1,Debit Card,3,0.02,Drama
A566Dd67-1290-4278-8Cc9-Fd29E99A7Aa6,21,Male,Premium,1.3,13,Oceania,Tablet,17.99,1,Paypal,2,0.09,Documentary
Ad8Ed552-77C0-494B-A820-0Ff9Eb72124D,60,Other,Basic,9.71,46,North America,Tablet,8.99,1,Debit Card,5,0.21,Action
3497E92A-D299-4252-B5E1-B77C3424Dd97,38,Other,Premium,20.79,21,Asia,Tv,17.99,0,Credit Card,4,0.94,Horror
Cc89E609-6Ccc-496F-B4Ae-De53496D3706,57,Other,Standard,31.69,18,Europe,Mobile,13.99,0,Paypal,4,1.67,Sci-Fi
D1Abaf68-4Ead-452C-9916-921A55246557,38,Other,Basic,11.42,5,South America,Laptop,8.99,0,Crypto,5,1.9,Romance
F872F7F1-9736-4B28-A268-51C252774A54,43,Female,Premium,17.91,26,Africa,Desktop,17.99,0,Gift Card,1,0.66,Action
B86Bed59-F60A-4Ad4-Ad4D-1011Bda4D143,62,Female,Premium,5.32,6,Asia,Laptop,17.99,0,Debit Card,5,0.76,Drama
7F1D805C-7098-481C-Aa5A-D4C06Ab3B77C,27,Female,Premium,23.17,36,North America,Laptop,17.99,0,Debit Card,3,0.63,Drama
A3Eeb138-744F-4Bfb-87Bf-72F794B2290A,47,Other,Premium,3.99,53,Africa,Mobile,17.99,1,Gift Card,2,0.07,Sci-Fi
2A99D3Ad-4874-4D00-A714-5E17Ab8Be70E,49,Male,Basic,3.34,50,Africa,Laptop,8.99,1,Credit Card,5,0.07,Sci-Fi
871Fbc03-Cc9A-4915-A0B2-1B53Fa2Ea19E,29,Female,Basic,1.46,54,Europe,Tv,8.99,1,Crypto,3,0.03,Sci-Fi
59C9Af14-E6E7-42B9-Bfc6-1E3F7B529C79,41,Other,Standard,12.78,48,Europe,Desktop,13.99,1,Crypto,5,0.26,Sci-Fi
C8389B66-987E-42Cb-A884-A424Dd8B6Eef,29,Male,Premium,7.18,23,Europe,Desktop,17.99,0,Debit Card,1,0.3,Horror
F0F2E301-21E8-4B5C-9B1A-69E650630E83,55,Female,Premium,12.82,47,South America,Mobile,17.99,1,Gift Card,3,0.27,Horror
2D60C768-C50A-462F-Bcbf-E0D5A7715A9C,70,Female,Basic,12.97,34,South America,Laptop,8.99,1,Gift Card,5,0.37,Action
1Dedd7Bd-4Abf-4F4B-8269-F4Becf423Ce2,23,Other,Basic,11.37,16,Africa,Tv,8.99,0,Credit Card,3,0.67,Horror
9Cfcedf7-E40B-4540-Ba12-84D6F04D55D9,25,Male,Premium,2.42,1,North America,Tablet,17.99,0,Credit Card,5,1.21,Sci-Fi
29F0D261-6Fb7-4413-9E1B-E93D45E073Bc,59,Male,Standard,22.89,38,Africa,Tv,13.99,0,Paypal,4,0.59,Action
0F6Eeb6A-A13B-49Df-Aa42-65048A3879E7,51,Other,Basic,7.53,39,Africa,Mobile,8.99,1,Credit Card,3,0.19,Drama
867083Ff-72Cc-4Bcb-A44F-442D4A12F7Bd,46,Female,Standard,13.41,42,Oceania,Tablet,13.99,1,Crypto,1,0.31,Drama
B1Bc1Db4-B670-44F7-A229-9Ef130B67A3C,27,Other,Basic,6.89,6,Europe,Tablet,8.99,0,Credit Card,5,0.98,Documentary
91B43C76-8109-4310-9B77-70Ff596E5237,70,Female,Basic,20.64,34,Africa,Mobile,8.99,1,Crypto,1,0.59,Sci-Fi
F7Ef1Fac-89A3-46Ec-856C-Daadc20D6E44,66,Male,Standard,3.11,3,Africa,Tv,13.99,0,Paypal,3,0.78,Comedy
9B063E64-9Ae5-4E10-8B25-04D7859Ac28C,68,Male,Basic,5.37,49,Europe,Desktop,8.99,1,Debit Card,3,0.11,Documentary
250343Bf-153A-4Ecf-969C-591Aae270Fc8,41,Other,Premium,26.57,58,Europe,Desktop,17.99,0,Crypto,3,0.45,Comedy
3578445B-Fdf1-4151-8F2B-22511480C2Ef,41,Male,Basic,4.32,0,South America,Tablet,8.99,1,Paypal,1,4.32,Horror
Be23Ec59-2Fcc-4671-9283-33B1981584F0,35,Male,Premium,14.76,26,South America,Desktop,17.99,0,Credit Card,4,0.55,Drama
354Dd217-2718-4A52-9640-2100Fce27845,27,Female,Standard,1.77,41,South America,Mobile,13.99,1,Paypal,2,0.04,Horror
D9909Eed-Db58-4Db5-B0E4-92B311601Ab9,44,Other,Standard,2.14,4,Asia,Desktop,13.99,1,Crypto,2,0.43,Comedy
312Afc5F-E59A-4E90-925D-2A8De08Ec764,38,Other,Basic,53.06,55,Africa,Laptop,8.99,0,Paypal,4,0.95,Horror
75Fc6D6B-4C43-4682-8151-3Ca3B9669Fb7,18,Female,Standard,1.71,49,South America,Tv,13.99,1,Paypal,3,0.03,Horror
88316C46-Ce49-4F56-Bed6-Ac68Ea711Acf,58,Other,Premium,2.75,8,South America,Laptop,17.99,0,Paypal,4,0.31,Documentary
301Cb0Ea-848E-4782-926B-70A7042Cd3B8,58,Male,Premium,6.28,4,Europe,Tablet,17.99,0,Debit Card,4,1.26,Drama
1Aa2E994-3Eb1-4Bd3-88E9-1Aa4C4Aab306,70,Male,Basic,1.24,29,Oceania,Laptop,8.99,1,Paypal,1,0.04,Horror
51C26840-B286-42Ef-B074-77C2Db6C31F5,38,Male,Basic,3.86,37,South America,Laptop,8.99,1,Paypal,4,0.1,Romance
24E4Bd86-3468-4E68-Befb-Bd4B6A6676A9,58,Other,Basic,14.3,43,South America,Tv,8.99,1,Credit Card,2,0.33,Drama
9Eca028C-Ffdd-4958-9E30-B04A4D3B93Bf,56,Other,Basic,9.13,11,Asia,Desktop,8.99,0,Debit Card,2,0.76,Romance
3D1D46Bb-37E3-4347-84F6-1266325022C0,38,Female,Premium,4.12,54,Oceania,Tablet,17.99,1,Gift Card,1,0.07,Romance
054F20D6-02B1-4E8B-845E-85Daac125A5A,70,Other,Standard,6.17,25,Oceania,Mobile,13.99,0,Credit Card,2,0.24,Drama
965F3Ea1-7C9B-4640-Bd10-D27C42163C65,61,Other,Premium,19.93,59,North America,Laptop,17.99,1,Credit Card,1,0.33,Action
D26Df67F-9283-43Be-Be84-53D211Ed7Bf4,53,Female,Basic,7.94,12,Europe,Mobile,8.99,0,Paypal,1,0.61,Documentary
02Ca32Eb-Bc08-4A92-8C39-Ea2Fe7612Be9,53,Male,Premium,2.72,8,Asia,Desktop,17.99,1,Crypto,1,0.3,Romance
6Bc3B8C6-8Beb-4C8D-B43E-6F17E0280063,58,Female,Standard,17.99,8,South America,Tv,13.99,0,Debit Card,1,2.0,Drama
Aa6F379A-Ce91-484E-B54E-C1223Dd2A9C0,19,Female,Standard,0.17,34,Europe,Laptop,13.99,1,Gift Card,3,0.0,Romance
1D3F0F36-3Bb5-407A-A51B-4656E78996Aa,47,Female,Basic,6.51,58,Asia,Laptop,8.99,1,Gift Card,5,0.11,Documentary
8Ab68B44-3C2F-41B6-B3B9-39B79Bd94Fa8,19,Other,Premium,0.24,4,Oceania,Desktop,17.99,0,Gift Card,4,0.05,Sci-Fi
108167E5-098A-4268-834B-C154D0500827,67,Other,Standard,15.34,39,North America,Laptop,13.99,1,Credit Card,2,0.38,Horror
20C8A7C5-8Ed4-4B39-A8F3-244A4679Ff09,47,Female,Basic,16.29,57,North America,Tablet,8.99,1,Credit Card,3,0.28,Horror
F2F4B958-E361-4C93-Afd5-3Ce91D7B7165,25,Other,Basic,35.36,34,Oceania,Tablet,8.99,0,Crypto,5,1.01,Sci-Fi
B305A860-7Ad9-4D15-B67D-A8C5F7D04158,59,Female,Standard,20.89,27,Africa,Laptop,13.99,0,Debit Card,2,0.75,Horror
6Dfa61Eb-B7Eb-4D9F-979A-252808674892,39,Other,Premium,1.83,12,Africa,Mobile,17.99,1,Credit Card,3,0.14,Romance
58E23F86-3804-49D5-Aad4-Ddae9767076E,27,Other,Basic,65.86,40,Europe,Mobile,8.99,0,Debit Card,5,1.61,Sci-Fi
D9Ab0B45-1Fd7-42B4-8Cac-954C506F4B0B,68,Other,Premium,38.25,16,South America,Desktop,17.99,0,Credit Card,3,2.25,Sci-Fi
92F00F87-Ff84-41Ee-8555-81009D4B6D10,26,Other,Standard,24.14,18,Oceania,Laptop,13.99,0,Debit Card,1,1.27,Horror
8751780D-93C1-4Eb9-8905-Ec30Ecc5Cabd,49,Female,Standard,10.83,56,Europe,Mobile,13.99,1,Gift Card,1,0.19,Sci-Fi
5E67D8D5-6502-4810-99De-205Eff3Fa834,41,Other,Basic,9.25,47,Oceania,Desktop,8.99,1,Debit Card,5,0.19,Drama
337D7132-8164-46Fe-9481-78329007A7Af,27,Male,Standard,0.43,27,Europe,Laptop,13.99,1,Paypal,2,0.02,Sci-Fi
09B2A1F5-8Eed-45D8-B381-B3327Cfcd14F,20,Male,Standard,41.67,44,Oceania,Tablet,13.99,0,Debit Card,2,0.93,Sci-Fi
3Fad7427-Ca8A-45C7-8Ace-23B3Cfa8B921,51,Other,Premium,8.0,11,South America,Tv,17.99,0,Crypto,1,0.67,Sci-Fi
18780A36-D9E5-4Aa3-Ad15-3C6D0Fb16344,32,Other,Standard,21.32,13,Asia,Tablet,13.99,0,Crypto,5,1.52,Sci-Fi
55A3Fde3-633F-4391-8622-3375E3Fa49B7,23,Female,Standard,31.27,10,Oceania,Mobile,13.99,0,Debit Card,4,2.84,Drama
1E9B1Aeb-5474-4B08-8588-D736F184D8Fe,60,Male,Standard,14.57,40,Africa,Tv,13.99,1,Gift Card,4,0.36,Romance
1F81B811-5888-4Bae-83Fd-50155E50C4Da,39,Other,Standard,8.27,36,South America,Laptop,13.99,1,Gift Card,2,0.22,Documentary
3B6F4E0F-3B8F-43A4-B7Cb-806E26Bf35D5,70,Male,Basic,5.45,42,South America,Mobile,8.99,1,Gift Card,5,0.13,Drama
6Dce1B4D-A8D3-4F5A-94Dc-B0Fe742371Df,34,Male,Standard,22.28,51,South America,Mobile,13.99,0,Paypal,1,0.43,Drama
534229C3-8F50-4913-9F38-Ceb0De98Fa82,42,Male,Basic,14.77,29,Europe,Mobile,8.99,1,Gift Card,3,0.49,Horror
Ff43Bebc-C143-44C4-Bc18-643F1Fab423C,32,Female,Standard,2.34,32,Oceania,Mobile,13.99,1,Crypto,5,0.07,Action
Eb64992F-D352-47D7-Afb7-C03Dd58Cdba6,50,Other,Premium,21.92,6,Asia,Mobile,17.99,0,Paypal,1,3.13,Documentary
15F25Fe0-0224-44B0-A150-2Afc797B5Cd5,26,Male,Standard,2.48,56,Asia,Laptop,13.99,1,Credit Card,4,0.04,Documentary
319E82A6-0499-4D27-9F10-F3C05154C3A0,29,Other,Premium,16.41,25,South America,Mobile,17.99,0,Paypal,5,0.63,Drama
60Edeb0F-1D93-4636-Ad6D-7Aafabfe9220,60,Female,Standard,9.16,37,North America,Tablet,13.99,1,Gift Card,5,0.24,Romance
1D13D8F1-Ee57-45E2-981A-5Ec74Bc67F1D,58,Male,Premium,11.98,41,South America,Tablet,17.99,1,Crypto,4,0.29,Romance
132Eb3C0-Beb0-4236-8684-Bb3E2Fc8Cec9,55,Female,Standard,14.39,54,Oceania,Tv,13.99,1,Credit Card,3,0.26,Romance
Cc7B109F-A26D-466B-Aee5-Eea0B7709004,60,Male,Premium,9.15,18,Oceania,Desktop,17.99,0,Debit Card,1,0.48,Drama
48B066A3-Ba77-444F-Ac80-33A8B5921Cea,24,Other,Premium,2.98,11,Europe,Tv,17.99,1,Paypal,2,0.25,Drama
892B51Bc-17Bf-44F1-A629-5Ab54394Fc90,30,Male,Standard,29.21,2,Asia,Mobile,13.99,0,Paypal,3,9.74,Romance
E469Dd14-2B8E-4054-B091-B7E45361Ed5E,44,Female,Premium,9.89,25,South America,Desktop,17.99,0,Credit Card,4,0.38,Comedy
72227Fe7-9Cb6-4220-8596-0Bcad0D4D3E4,63,Other,Basic,18.77,56,South America,Mobile,8.99,1,Crypto,2,0.33,Sci-Fi
53Bc3Af1-7D15-47C2-A0E0-D07714326D65,22,Male,Standard,13.57,3,Oceania,Tablet,13.99,0,Debit Card,4,3.39,Documentary
8Cab77Af-0730-4C99-Abfa-9322D9Cd1E3F,49,Male,Standard,3.91,10,Oceania,Tv,13.99,1,Gift Card,3,0.36,Romance
6Af66E55-75F5-4B4B-8Cc6-59F5B1A12687,46,Other,Standard,16.42,58,Africa,Mobile,13.99,1,Debit Card,2,0.28,Comedy
74A351Ad-A105-47A3-8788-Be27F4901415,46,Female,Premium,2.09,36,North America,Mobile,17.99,1,Debit Card,3,0.06,Sci-Fi
Ebfb6De4-10Aa-40Fd-8F58-14F5Bbe80D7F,48,Female,Basic,5.22,51,Europe,Tv,8.99,1,Gift Card,2,0.1,Documentary
C1Dd3024-79Ef-48E1-B1F7-420Cd63B57Bf,34,Female,Standard,11.95,47,South America,Laptop,13.99,0,Debit Card,5,0.25,Comedy
Adb42D2F-Cca8-4F85-Ba5F-9Ce775B0Cdb7,27,Male,Standard,7.3,54,South America,Tv,13.99,1,Credit Card,3,0.13,Action
C44Dca13-8B31-45Ae-8749-B96C8Cc7F207,42,Other,Standard,0.45,15,Africa,Laptop,13.99,1,Gift Card,5,0.03,Romance
55B61C53-96Bb-4C6E-9Ebe-21Cb327D2935,34,Other,Premium,1.59,8,South America,Laptop,17.99,1,Crypto,5,0.18,Action
A20E1296-2Ca8-4935-9877-Ced081Fdedd6,63,Male,Standard,0.4,0,North America,Tv,13.99,0,Paypal,4,0.4,Comedy
Ed9Ece99-238C-42Cb-9Dec-Fd9333218F1A,63,Other,Basic,59.23,27,Oceania,Desktop,8.99,0,Debit Card,2,2.12,Comedy
05014De6-4F07-455D-Ae29-2Ec9600D723C,52,Other,Premium,26.94,6,North America,Desktop,17.99,0,Crypto,3,3.85,Documentary
E0907Dc5-05E8-4469-822F-A363Ed76009F,44,Other,Premium,7.91,7,South America,Mobile,17.99,0,Debit Card,1,0.99,Documentary
7F20A481-Fa8A-466A-8003-791225F73Ab2,32,Female,Basic,8.12,36,Oceania,Laptop,8.99,1,Debit Card,5,0.22,Drama
Ffa3C2De-0887-4B1A-9F2E-F0Aaaf5Ea2E5,28,Female,Premium,4.1,55,Oceania,Desktop,17.99,1,Paypal,2,0.07,Sci-Fi
1C351517-E739-4Ef8-A0Bf-C188Dc68Abca,39,Other,Standard,23.44,22,Oceania,Tv,13.99,0,Debit Card,5,1.02,Comedy
A54D2797-8E28-42A3-A8B9-74D42Fc1D3Bd,51,Other,Standard,16.03,48,Africa,Tablet,13.99,1,Crypto,4,0.33,Romance
1F1B3A5E-0Dbc-4352-Ac12-73D9Bc1Dc7B4,53,Male,Standard,7.88,23,South America,Tv,13.99,0,Credit Card,1,0.33,Horror
7E6F4D69-8626-4Fd9-A4B9-F0206Bd3Fa3B,50,Female,Premium,3.81,53,Europe,Mobile,17.99,1,Gift Card,1,0.07,Sci-Fi
3835799A-8De3-44Fd-8982-3F36E75865Ed,37,Male,Premium,6.42,3,North America,Laptop,17.99,0,Debit Card,1,1.6,Comedy
6C6Bdb2D-B94F-40Dd-9427-Be74Fdbb7D3B,69,Female,Basic,33.34,42,Asia,Laptop,8.99,0,Gift Card,3,0.78,Romance
B40E1E26-2209-4E4F-8Ca8-5199Ec7D599B,26,Female,Standard,20.2,46,North America,Desktop,13.99,0,Crypto,5,0.43,Sci-Fi
31785188-5996-4861-A62C-90D91330002D,38,Female,Basic,23.78,1,Oceania,Desktop,8.99,0,Credit Card,2,11.89,Action
A765F57C-D958-435C-B331-Ffc9A8750A0F,50,Other,Basic,7.86,55,Asia,Tv,8.99,1,Gift Card,1,0.14,Drama
E8F2664C-402D-4227-975C-6B6F3960336F,61,Other,Standard,4.69,45,Asia,Mobile,13.99,1,Crypto,3,0.1,Horror
C78370Fc-117B-44Eb-927D-1E56D69513Fc,54,Other,Premium,6.83,53,Oceania,Tv,17.99,0,Debit Card,4,0.13,Documentary
86F4F231-F362-43D5-91Ca-D0045Caa2Ba6,66,Male,Basic,56.24,2,North America,Laptop,8.99,0,Credit Card,4,18.75,Romance
A1Ba331A-1851-4E9E-A785-9E38E25Fee01,39,Female,Basic,17.35,29,South America,Tablet,8.99,0,Paypal,4,0.58,Horror
31D3A4D3-4F08-4C99-B7C0-B86E5D907649,27,Male,Basic,4.61,42,Asia,Mobile,8.99,1,Crypto,2,0.11,Comedy
E0Cdb351-F217-4C9B-8462-56Cd11D35000,62,Female,Basic,9.41,31,Asia,Tv,8.99,1,Credit Card,1,0.29,Drama
E8B7Beae-B596-437F-9003-Baf5250132D1,22,Male,Premium,7.49,29,Europe,Mobile,17.99,0,Gift Card,2,0.25,Romance
C39Feafb-2760-416E-98E6-Ec7Ba55A88Bb,61,Female,Standard,39.09,5,Europe,Tablet,13.99,0,Paypal,1,6.52,Documentary
E86Efcfc-Cc7A-402E-B8C1-B2A0A5Ad92B8,49,Other,Basic,25.4,47,North America,Laptop,8.99,0,Crypto,4,0.53,Documentary
13Ce4E0A-Ed91-400C-A92A-D6D39C14Bdd9,32,Female,Premium,18.28,10,South America,Desktop,17.99,0,Credit Card,4,1.66,Action
51A00Cea-7F82-4B3B-B03E-Dcd34870Ecb6,49,Other,Premium,6.23,12,Europe,Laptop,17.99,0,Debit Card,2,0.48,Drama
450Aaa67-4Be4-4D6A-957F-3C3B3E02F741,38,Male,Standard,1.21,21,South America,Tv,13.99,0,Paypal,4,0.06,Romance
F5309997-6D14-4C98-9379-Ac88F9Cbbe93,29,Male,Standard,0.48,29,Asia,Tv,13.99,1,Debit Card,3,0.02,Action
7B727762-D96E-4828-Bd7D-0548F6311542,47,Female,Premium,14.8,43,Europe,Tv,17.99,1,Credit Card,3,0.34,Romance
F0998Eae-9A45-4Ed5-95E4-0B6A02Db0630,56,Other,Basic,1.22,23,North America,Tv,8.99,1,Paypal,5,0.05,Horror
0Cacf79A-Fce7-458E-B6C4-875C2Af22550,23,Other,Standard,7.45,41,Asia,Desktop,13.99,1,Crypto,3,0.18,Action
725F7196-8Df8-4046-8D35-22A7Ee20413E,28,Male,Premium,15.45,44,South America,Desktop,17.99,1,Crypto,4,0.34,Drama
7767A55D-Bc06-4Edf-89A6-0235F5728Dd5,19,Male,Standard,0.95,22,Asia,Laptop,13.99,1,Credit Card,2,0.04,Documentary
E12018Ab-4D36-4Bbe-Bd5A-3E7D2C14B5Bb,52,Female,Basic,34.13,32,South America,Desktop,8.99,0,Crypto,3,1.03,Comedy
C24Bf17B-A0F9-429C-9B41-A7B00Dcfa39B,62,Other,Premium,10.02,33,Africa,Tv,17.99,1,Paypal,2,0.29,Comedy
D2C7C300-4Be4-4Fc4-9E3B-F7075F0140D4,28,Male,Basic,48.58,10,North America,Laptop,8.99,0,Debit Card,2,4.42,Drama
11889462-30C0-4225-A01F-7363D2Edb91F,43,Female,Premium,7.18,14,Europe,Mobile,17.99,0,Gift Card,5,0.48,Romance
Ef33Bc45-1Eef-4924-970E-4Fe1E0A2Ad6B,62,Female,Basic,12.0,27,Asia,Tv,8.99,1,Crypto,2,0.43,Drama
Fb73A240-4Dd9-4168-Adfa-Cd33C41B23A3,45,Male,Standard,13.11,8,Asia,Laptop,13.99,0,Gift Card,1,1.46,Sci-Fi
6F0B25Fb-C81B-4416-Ad28-7Ae1B7F73Dfc,68,Female,Basic,1.91,57,Africa,Desktop,8.99,1,Debit Card,3,0.03,Sci-Fi
D4642E0C-7C28-4B72-A098-27F0F6Bf51Ac,24,Other,Basic,0.17,25,South America,Tv,8.99,1,Debit Card,5,0.01,Comedy
C211101F-5E9F-4E0A-B04D-6E14174A8A29,45,Male,Basic,6.78,23,Asia,Laptop,8.99,0,Paypal,2,0.28,Sci-Fi
7E0C2384-0D8B-4Ba9-9Ff0-698Bbd61512D,64,Male,Standard,46.62,48,Asia,Laptop,13.99,0,Paypal,3,0.95,Horror
45217A6B-8346-4945-907E-Aa7B308C5D9D,21,Female,Basic,1.31,10,South America,Mobile,8.99,1,Debit Card,2,0.12,Comedy
Abfeba54-42Ea-43D9-A800-A069D5B0Dbda,66,Other,Basic,0.83,30,Europe,Laptop,8.99,1,Paypal,5,0.03,Comedy
Fac6F604-Ca17-4E60-9C5A-50A7Bd80F2Bb,59,Female,Premium,4.67,13,Oceania,Mobile,17.99,0,Paypal,5,0.33,Action
C7370855-3032-43Eb-988B-E8Ac68458Da1,25,Other,Premium,48.76,47,North America,Laptop,17.99,0,Crypto,1,1.02,Romance
C1297Aad-0Eff-4128-A815-3D35E932B23C,55,Male,Basic,3.76,22,Asia,Desktop,8.99,1,Crypto,4,0.16,Romance
272A45Af-0205-4022-A7D3-Fd8266D2A630,46,Female,Basic,0.49,35,Africa,Mobile,8.99,1,Gift Card,3,0.01,Drama
0Bdf101F-Bfac-4Ae9-82Bb-A063653Efd7B,41,Male,Basic,10.68,14,Europe,Laptop,8.99,0,Gift Card,5,0.71,Drama
305425Be-706A-499B-992F-7C0C74027Cba,63,Female,Premium,15.93,31,Oceania,Mobile,17.99,0,Paypal,3,0.5,Documentary
0C341383-E13C-495A-97E6-9Da049Fa458E,27,Male,Premium,11.44,54,South America,Laptop,17.99,1,Crypto,3,0.21,Horror
1839B86B-6680-44D8-91D9-6875Ad85997E,50,Male,Premium,4.6,6,North America,Tablet,17.99,0,Paypal,4,0.66,Sci-Fi
Ed301603-0C5B-4E19-Bc71-E669064A348D,42,Female,Standard,27.93,59,Asia,Tv,13.99,0,Crypto,4,0.47,Horror
D63982F2-Ea11-489E-9092-559A4F2190Ec,60,Female,Standard,0.76,59,North America,Desktop,13.99,1,Credit Card,2,0.01,Romance
F45345B7-462C-499D-9Ad0-B9852024225D,22,Other,Premium,3.24,5,South America,Laptop,17.99,0,Gift Card,4,0.54,Romance
C2F0Dedf-B5Be-49D7-A724-7Ace524E3Cbf,67,Female,Premium,5.4,3,Asia,Mobile,17.99,0,Paypal,2,1.35,Sci-Fi
Dbab2C81-25F3-4F64-969D-48093E7989Cc,50,Other,Premium,1.21,44,Europe,Tablet,17.99,1,Credit Card,1,0.03,Action
E983Ae1E-8A1B-4D99-B9Fe-35B35F4E5A18,64,Other,Premium,15.0,24,Asia,Desktop,17.99,0,Crypto,2,0.6,Documentary
1F5Bbc73-5A88-444B-9814-Ad4F1Aa9291C,26,Female,Premium,5.22,24,Asia,Laptop,17.99,0,Gift Card,5,0.21,Action
79E33997-7571-4785-Bf32-7C6B45Dd2A38,37,Female,Premium,0.52,37,North America,Tv,17.99,1,Paypal,4,0.01,Documentary
Abac424E-372A-41Ae-83Ad-49Cb2C194231,64,Male,Standard,8.35,32,Africa,Tv,13.99,1,Credit Card,2,0.25,Action
09F7Ad4E-663A-4D60-A8Cb-28Fbb633D12F,32,Female,Standard,13.49,8,Africa,Desktop,13.99,0,Gift Card,4,1.5,Sci-Fi
3B9E88B6-D283-419B-9562-D98Fe199E04E,39,Other,Premium,3.98,39,Asia,Tablet,17.99,1,Debit Card,3,0.1,Drama
C9Fa7288-917D-4B7C-8538-Dcc9D103Ab8B,66,Male,Standard,0.24,13,Oceania,Tablet,13.99,1,Crypto,5,0.02,Action
D71984Cf-9D1D-4192-95Df-020Aed82E1Af,57,Male,Premium,20.0,41,South America,Laptop,17.99,1,Debit Card,2,0.48,Drama
C70B095C-012C-4449-97E4-E685D7B9A45B,53,Female,Basic,20.8,27,Asia,Mobile,8.99,0,Gift Card,5,0.74,Comedy
5B57Deb8-313A-4470-B11E-F3A11Aecea63,36,Other,Basic,0.95,41,North America,Desktop,8.99,1,Gift Card,5,0.02,Documentary
Ec879C8C-9Cc0-41A3-B625-69979Bbc565F,67,Female,Premium,3.33,11,Europe,Mobile,17.99,1,Crypto,3,0.28,Action
292F1Ea2-D6D7-4446-9Ed3-325Ed83D4238,32,Other,Basic,5.21,9,Asia,Laptop,8.99,0,Gift Card,2,0.52,Romance
C8Bd8Abb-7F19-4148-8B95-Bf358610E66E,48,Male,Premium,8.82,1,South America,Laptop,17.99,0,Paypal,5,4.41,Romance
2Dcbd1Ab-9F58-4Dfd-86Ae-87927Ae211Bf,32,Female,Basic,3.15,26,North America,Laptop,8.99,1,Debit Card,2,0.12,Comedy
645A02C0-C741-4Abc-8Ac1-A9Fb97B766E9,50,Other,Premium,75.9,40,South America,Mobile,17.99,0,Crypto,5,1.85,Action
Ee23B820-B023-455C-A164-7A6F029Cb8C8,55,Female,Premium,3.27,21,South America,Tv,17.99,1,Paypal,1,0.15,Action
Df604392-C45E-4F2D-80D5-544300E084E2,41,Other,Basic,4.15,39,Asia,Laptop,8.99,1,Paypal,5,0.1,Comedy
9B57E510-576F-4Fce-87B1-8F4D2B614820,34,Male,Premium,13.49,51,South America,Tablet,17.99,1,Debit Card,1,0.26,Horror
22De8619-8784-4702-A030-C9Ca8312D7F1,26,Female,Premium,26.05,42,South America,Tablet,17.99,0,Crypto,4,0.61,Sci-Fi
1C47A376-99F8-413D-80A8-1B409B29A493,59,Female,Premium,8.86,35,Africa,Laptop,17.99,0,Debit Card,5,0.25,Drama
Fef2B49B-0991-4Aa2-8614-D01832721049,58,Female,Premium,8.74,49,Africa,Laptop,17.99,1,Debit Card,1,0.17,Romance
A51A0Fca-F883-4Bde-9Acb-A7Dd51F56F09,22,Male,Basic,0.8,35,Oceania,Tv,8.99,1,Gift Card,1,0.02,Sci-Fi
6Cf5B92E-37E9-4E2E-9993-28D4Abdbe701,44,Other,Basic,16.91,23,Africa,Mobile,8.99,0,Crypto,4,0.7,Romance
E0A74F0E-Ad6F-485F-B40B-A100315Bb68D,62,Male,Basic,7.12,10,North America,Desktop,8.99,0,Gift Card,1,0.65,Drama
3135C865-75E1-426D-Bb90-4F6550Be662A,20,Female,Standard,5.68,54,North America,Tv,13.99,1,Gift Card,3,0.1,Sci-Fi
2Fa4C011-968C-449E-B26F-3Cb70Ae6A8A0,49,Female,Basic,18.19,23,Europe,Mobile,8.99,0,Gift Card,3,0.76,Sci-Fi
07E2381A-6287-4599-Acc0-231Fcce39535,52,Male,Premium,10.14,42,Europe,Laptop,17.99,0,Credit Card,5,0.24,Drama
B40A2Be6-D491-4Cb7-820E-5D185505Bbb6,69,Other,Premium,20.85,57,North America,Laptop,17.99,0,Gift Card,4,0.36,Drama
91Ec5E63-Ded9-4939-9069-D62188A03Aef,55,Other,Premium,14.3,32,Africa,Tv,17.99,1,Gift Card,5,0.43,Drama
8C1A9225-1585-49C8-84C6-Ef0E0Cd5265B,51,Female,Standard,18.3,56,Africa,Tv,13.99,1,Debit Card,3,0.32,Horror
0A327804-A317-4C35-Ba2D-Ef4656C5F744,32,Female,Premium,3.64,12,Europe,Tablet,17.99,0,Credit Card,4,0.28,Drama
76Ad4D6A-19Dd-42De-Add3-Bb96A7511B3C,53,Female,Premium,1.25,37,Asia,Mobile,17.99,1,Paypal,5,0.03,Action
1A2Dcd89-E8Ac-4205-Abd6-4F2Fa9A6559A,44,Female,Basic,3.72,37,Oceania,Tv,8.99,1,Debit Card,1,0.1,Documentary
06938A8C-6C69-4E18-8C06-17A8F12F6019,25,Male,Basic,1.27,43,Asia,Mobile,8.99,1,Debit Card,2,0.03,Sci-Fi
Fef9C533-B570-4Ab6-8Bbc-8Bc6Bbec40Fd,60,Male,Premium,2.52,32,Asia,Tablet,17.99,1,Paypal,4,0.08,Drama
87Bb868A-F169-41Ac-Ab78-94021Cf19A0F,68,Male,Standard,1.68,33,Africa,Desktop,13.99,1,Credit Card,3,0.05,Drama
1D1Cd9D8-Ec13-4C06-88B3-C7Aced7F8570,22,Other,Premium,0.43,23,Europe,Tablet,17.99,0,Credit Card,4,0.02,Horror
240347Ff-Cafe-4B8B-86Da-A0A0B6B8E162,43,Male,Basic,50.47,37,Africa,Laptop,8.99,0,Debit Card,4,1.33,Sci-Fi
732D67F8-5996-46Fe-9B35-695E2C344Cee,65,Female,Basic,3.46,48,Oceania,Tablet,8.99,1,Credit Card,4,0.07,Drama
97E6A461-5A39-4Cd6-8459-95562F279693,38,Male,Basic,5.46,5,Oceania,Tv,8.99,0,Gift Card,2,0.91,Horror
C1036F42-7Ebe-4737-Aa18-7019022De901,61,Other,Premium,2.22,43,Asia,Tv,17.99,1,Gift Card,4,0.05,Documentary
D7E8C0Ad-3178-481A-855E-5Fd5Fe3Ffa43,68,Female,Premium,27.23,53,North America,Desktop,17.99,0,Gift Card,3,0.5,Documentary
92F2Af93-27Fc-4030-95Ce-Aecc9B077942,54,Male,Standard,8.18,36,Oceania,Mobile,13.99,1,Credit Card,2,0.22,Documentary
De7Ca252-1A6C-444F-950D-1D30Acb83619,28,Male,Premium,4.6,16,South America,Mobile,17.99,0,Paypal,4,0.27,Action
4B2D1A25-31B7-4B0F-Bc95-017606Ce2284,54,Other,Basic,12.13,50,South America,Tablet,8.99,1,Crypto,1,0.24,Romance
5497A74D-E048-4392-9025-2000Dfceb952,63,Female,Basic,3.65,55,South America,Desktop,8.99,1,Crypto,5,0.07,Comedy
Decb540E-6381-40D1-8C00-29E7277A279D,59,Other,Basic,10.87,31,South America,Laptop,8.99,1,Debit Card,4,0.34,Comedy
Ab11Ccda-A915-4C76-851D-663A8E0D10Df,54,Other,Basic,30.06,37,Oceania,Tv,8.99,0,Gift Card,2,0.79,Action
13D60860-Ba76-458B-B4A2-A2B57814F3A5,62,Male,Premium,2.68,55,Africa,Tv,17.99,1,Gift Card,1,0.05,Action
Fa434710-E3C5-4591-B249-E7C0091Ef66F,54,Female,Standard,15.72,0,Africa,Mobile,13.99,0,Paypal,5,15.72,Romance
98006A18-B3Dc-4C62-862D-60E463Cf6F7F,37,Male,Standard,2.31,28,Asia,Laptop,13.99,1,Paypal,1,0.08,Horror
E3Eea8Bc-2806-4C16-9034-Bf7A50Dd7Acd,64,Male,Standard,22.72,32,North America,Laptop,13.99,0,Paypal,1,0.69,Romance
7D27B819-Bbc1-4Ed3-90Fc-Fab14F4F7676,26,Other,Premium,4.76,27,Oceania,Mobile,17.99,1,Crypto,4,0.17,Documentary
F6586998-C5Aa-4Fc4-86Ac-0C0356195134,41,Other,Premium,2.74,19,Asia,Laptop,17.99,1,Debit Card,3,0.14,Sci-Fi
B93F548E-Af61-48F2-9B3E-B3Ac52460C91,60,Female,Standard,17.42,27,Asia,Desktop,13.99,0,Credit Card,5,0.62,Action
17C2628D-07F1-47E3-9684-Dedb7Aa86B6C,56,Female,Premium,10.22,56,Africa,Tv,17.99,0,Debit Card,5,0.18,Drama
12A7Aef2-17Ed-466D-80E4-E176D2Ca52B9,20,Other,Premium,5.12,18,Oceania,Desktop,17.99,0,Paypal,1,0.27,Action
A0Caf50F-05F2-45A0-8B16-A55F02928A2B,19,Female,Premium,2.3,1,South America,Mobile,17.99,0,Crypto,3,1.15,Comedy
06Acad39-2870-4B82-Be56-Ed73B3Aa151B,20,Female,Standard,1.45,0,North America,Tablet,13.99,0,Gift Card,5,1.45,Horror
71459779-5507-4C55-9B99-C6Daee4273F0,57,Female,Premium,19.3,42,Europe,Desktop,17.99,1,Gift Card,4,0.45,Romance
23F251Da-E126-4Afc-88A9-12165A683Cde,61,Male,Premium,34.86,23,Oceania,Mobile,17.99,0,Crypto,3,1.45,Documentary
D950A7Ae-60Bd-4F16-Ad7E-46C34268C6Fd,24,Other,Standard,4.89,58,South America,Mobile,13.99,1,Debit Card,2,0.08,Action
9Faa53A9-C587-4B26-830B-365Ae864C983,47,Other,Standard,24.11,31,Europe,Laptop,13.99,0,Paypal,3,0.75,Sci-Fi
68F57553-4Bf4-455C-Ad2E-Ce88Ba80449D,68,Female,Standard,81.07,42,North America,Laptop,13.99,0,Debit Card,1,1.89,Documentary
1Fda0F85-9Ca8-4A37-B594-0577Cc40D107,40,Other,Basic,0.86,5,Oceania,Tablet,8.99,1,Debit Card,2,0.14,Documentary
99B75D88-389D-4E15-Ae49-2Fbda9481A56,42,Male,Premium,1.91,44,Europe,Mobile,17.99,1,Crypto,1,0.04,Action
1Ff10A52-1Dd7-49Be-A93F-16D96D69Cfe8,59,Other,Basic,14.32,47,South America,Laptop,8.99,1,Credit Card,1,0.3,Horror
28750512-060A-4199-Bbb4-Ffa43Bac55B5,59,Other,Basic,0.09,25,Europe,Laptop,8.99,1,Crypto,2,0.0,Sci-Fi
85116642-D67A-44Fb-8Cf1-193E544D9390,33,Male,Premium,9.68,57,Asia,Laptop,17.99,1,Gift Card,1,0.17,Documentary
4C85513B-B640-49E2-966A-Ecaf69Ed1A62,24,Male,Standard,13.71,51,Oceania,Mobile,13.99,1,Debit Card,1,0.26,Horror
83Ca2B12-F1Fd-48B2-886B-C795742478A4,45,Female,Premium,11.99,54,North America,Desktop,17.99,1,Credit Card,2,0.22,Horror
7003D3E0-38C6-442B-B19E-026Dde7D98Ea,48,Male,Premium,7.18,53,Asia,Tablet,17.99,0,Debit Card,4,0.13,Comedy
Be26463D-8Df5-4F33-Aaa9-94Fd9B9512F9,39,Male,Standard,31.83,2,Africa,Mobile,13.99,0,Crypto,5,10.61,Horror
476F04D7-1939-44F5-8231-9970934Be051,25,Male,Standard,7.26,43,Oceania,Desktop,13.99,1,Paypal,1,0.17,Action
8063A1Cf-5F45-417E-Ac5B-3660Ce54Cbb3,64,Male,Premium,3.51,30,Europe,Tablet,17.99,0,Paypal,5,0.11,Action
Bbc95670-F863-4860-9Cbb-D7B3Dec90199,25,Male,Premium,16.61,34,Oceania,Mobile,17.99,0,Debit Card,4,0.47,Comedy
Abd53402-72Af-47Cc-812B-9Baa61D4D769,59,Female,Basic,6.96,4,Asia,Tv,8.99,0,Paypal,2,1.39,Horror
C3B7F8F2-8065-47C1-B595-Aae94C1E9346,64,Male,Premium,15.22,4,North America,Laptop,17.99,0,Gift Card,1,3.04,Documentary
Ba0197Bb-B5F5-478A-Adda-7Fc9C9963Ae2,62,Other,Premium,4.99,10,North America,Tv,17.99,1,Debit Card,2,0.45,Comedy
Dc7B6E36-883C-4D1B-8258-C057E80305E4,57,Male,Standard,3.73,5,Europe,Laptop,13.99,0,Paypal,2,0.62,Comedy
82861B0B-5C7D-4251-A211-75C0A5B2Ee6C,24,Female,Premium,30.8,19,Europe,Mobile,17.99,0,Credit Card,5,1.54,Romance
A6391928-52E9-4141-85D4-5A49F203A0Fb,51,Other,Basic,36.62,43,North America,Laptop,8.99,0,Credit Card,4,0.83,Horror
Bc638748-782D-4220-8Fc7-Ed7E6747C894,69,Female,Basic,4.81,22,South America,Tv,8.99,1,Gift Card,2,0.21,Action
D43C645D-181A-41E8-89A1-051Dee52867D,20,Female,Standard,4.28,14,North America,Tablet,13.99,0,Debit Card,5,0.29,Sci-Fi
5707A108-C200-42Ad-Af1E-B4653B58D581,46,Female,Standard,10.98,20,Africa,Mobile,13.99,0,Gift Card,5,0.52,Sci-Fi
Fd38515A-Bac5-4F2E-A993-784B9013Fa7B,21,Male,Premium,3.06,24,North America,Mobile,17.99,0,Paypal,4,0.12,Romance
Fea19557-12F5-44Ac-A0Af-198D9808D92B,56,Other,Standard,16.86,34,South America,Tv,13.99,1,Credit Card,2,0.48,Action
86B8E1A7-89E0-4E3E-9888-B7007B775Af0,40,Other,Standard,9.41,46,Africa,Tv,13.99,1,Crypto,3,0.2,Drama
75356Eca-46E2-4C47-8F88-59C4646C5827,21,Other,Basic,54.56,11,North America,Desktop,8.99,0,Credit Card,5,4.55,Romance
4Acacbc6-042B-4Dce-Aae2-1A5C6D52Ce20,18,Male,Premium,1.61,29,Asia,Mobile,17.99,1,Paypal,1,0.05,Drama
87C00608-C077-4037-9Cfe-11D7E7F3F9F2,18,Female,Premium,0.38,37,North America,Tv,17.99,1,Crypto,5,0.01,Action
4Ba7F702-5B22-4E31-Ac70-272407Eb79F8,31,Female,Premium,0.54,16,North America,Desktop,17.99,1,Credit Card,1,0.03,Sci-Fi
603D23Eb-86C6-449E-83A9-626D45204C7F,45,Male,Basic,5.8,39,North America,Mobile,8.99,1,Debit Card,4,0.14,Documentary
79B69Ab0-31Aa-48B1-A4Bb-2987Db4Fa802,33,Female,Standard,6.15,13,North America,Tablet,13.99,0,Gift Card,5,0.44,Horror
5Fb82Ca0-59B1-4C7A-Ace5-9Dc04E30C4Ab,33,Female,Standard,3.98,49,Oceania,Tablet,13.99,1,Debit Card,4,0.08,Drama
F42Ed003-E8Bf-42Bd-830E-0286E52956A8,31,Male,Premium,1.9,31,Europe,Mobile,17.99,1,Gift Card,1,0.06,Horror
376B1E05-D9F2-4A64-A5F9-7817933D9C19,18,Other,Premium,7.93,60,Oceania,Mobile,17.99,0,Debit Card,4,0.13,Documentary
4Bd379Ac-7088-4F76-8659-5Dee42Ce681E,29,Male,Standard,1.23,50,Asia,Desktop,13.99,1,Paypal,3,0.02,Comedy
825C1F34-4C70-4E01-88De-57F51Cf6Bc99,46,Other,Basic,8.69,35,Oceania,Tv,8.99,1,Gift Card,1,0.24,Comedy
47F99416-Fe67-4680-89A7-D3Fb3Aad0529,60,Male,Basic,21.16,23,Europe,Tv,8.99,0,Credit Card,5,0.88,Romance
2810911B-Db9F-4Cf9-97C5-5C22D2D60Bee,52,Other,Standard,8.61,45,North America,Mobile,13.99,1,Crypto,3,0.19,Horror
114B979D-9555-470B-990F-4F6851855E8F,30,Other,Standard,14.41,51,Asia,Tablet,13.99,1,Gift Card,1,0.28,Comedy
023B26D4-C93D-4Dc3-8397-5F01Fd650E10,25,Male,Standard,1.36,4,North America,Laptop,13.99,0,Gift Card,5,0.27,Romance
95B8B913-647A-4Cf0-8A1C-12Eba4A8Ed74,33,Female,Basic,0.03,51,North America,Laptop,8.99,1,Credit Card,1,0.0,Horror
Df48D25D-A147-43C2-A6F4-7995Ad062C66,63,Female,Standard,45.57,53,Europe,Desktop,13.99,0,Debit Card,4,0.84,Romance
E3D1E10C-F5D4-42Cb-A0Cd-06B860980446,21,Other,Basic,19.21,57,Asia,Laptop,8.99,1,Gift Card,4,0.33,Documentary
3D604C3A-0B78-4192-8389-Dd95566832Af,46,Other,Standard,0.83,12,South America,Mobile,13.99,1,Crypto,4,0.06,Comedy
Dda88E04-Bad3-4755-9Aee-584F129D0D86,21,Female,Standard,9.39,41,South America,Mobile,13.99,0,Paypal,5,0.22,Drama
93880064-9281-4Aec-A8F9-0Be261A5257C,49,Female,Premium,3.31,59,Europe,Laptop,17.99,1,Paypal,1,0.06,Sci-Fi
Ff06Eb31-09Ff-48F4-821A-632B3D504124,55,Male,Premium,0.87,48,Asia,Tablet,17.99,1,Debit Card,4,0.02,Action
41F6124D-7959-4Fc3-83Af-7C634C843B10,39,Other,Premium,2.99,46,Europe,Tablet,17.99,1,Crypto,4,0.06,Romance
Cb4906D4-6473-4Dff-A7A6-9188Bad17Eb7,67,Female,Premium,15.71,20,North America,Mobile,17.99,0,Credit Card,5,0.75,Sci-Fi
0Fb2C3F5-D063-4477-Baba-Bffd25A2A799,55,Male,Standard,55.93,43,Asia,Tv,13.99,0,Gift Card,1,1.27,Action
915Bdcfc-6D40-4333-A5E2-5Af8C8F31566,19,Female,Basic,40.16,20,Oceania,Desktop,8.99,0,Paypal,3,1.91,Action
414C16E4-7496-4596-B55D-41D8Ed0219Fe,65,Male,Premium,11.56,18,South America,Desktop,17.99,0,Crypto,1,0.61,Sci-Fi
Cca8B581-77D7-49A1-91E5-6E68Aed943A2,34,Female,Basic,7.93,60,Asia,Desktop,8.99,1,Crypto,1,0.13,Action
7136Ba96-F288-4279-A5Ea-F9E2305F5387,58,Female,Standard,23.72,34,North America,Tablet,13.99,0,Paypal,4,0.68,Comedy
7A83Aab4-74D0-4981-A8Dc-B3Efb61412F6,25,Female,Premium,17.57,16,Oceania,Tablet,17.99,0,Paypal,4,1.03,Comedy
3D5Df00C-915C-489C-8B43-5066E165Ee26,65,Female,Standard,0.53,1,Europe,Laptop,13.99,0,Credit Card,5,0.27,Sci-Fi
373Bbb0C-Fe39-494C-A615-E5066A1A2B6D,65,Other,Premium,27.63,8,Asia,Tv,17.99,0,Crypto,5,3.07,Romance
524Faae4-641A-4B2F-B59C-1E54Ada79B0B,28,Male,Premium,50.96,23,North America,Mobile,17.99,0,Crypto,3,2.12,Horror
3A5D46Fd-0Ca3-44A1-A8Be-D7E35A75218E,57,Male,Basic,3.09,43,South America,Mobile,8.99,1,Debit Card,5,0.07,Horror
6B8C4Ccd-8Bee-4022-94E8-B5F5A0D5Bb5F,64,Other,Standard,1.09,37,South America,Laptop,13.99,1,Credit Card,5,0.03,Documentary
99A0C45F-205B-4979-B1Da-1410233Ab47F,66,Other,Standard,10.25,28,North America,Desktop,13.99,0,Debit Card,4,0.35,Comedy
5Abf9D55-254B-428F-83Be-4Bfd21883499,29,Male,Premium,17.56,13,Asia,Tv,17.99,0,Debit Card,3,1.25,Romance
0686A45F-68Cd-4B98-94F5-3Af6Be2Adc23,66,Male,Premium,32.92,33,Asia,Mobile,17.99,0,Debit Card,4,0.97,Drama
73B0Db82-374C-43Df-A4A6-Abebae1C9730,24,Female,Basic,1.71,3,Africa,Mobile,8.99,1,Crypto,3,0.43,Sci-Fi
53280000-5C09-40Ef-A4Dc-78D8C0583B19,36,Other,Basic,18.51,11,South America,Tv,8.99,0,Debit Card,3,1.54,Sci-Fi
A7E20D3F-Bf41-4628-8052-Ba95Cff759C1,51,Female,Standard,13.68,3,Africa,Desktop,13.99,0,Paypal,4,3.42,Documentary
D8E57Ff7-D71C-4Ffa-8A92-F63Fced488De,23,Other,Premium,11.61,38,North America,Mobile,17.99,1,Credit Card,3,0.3,Horror
C701Bb39-0Cd8-4E31-9B40-944Dcc679Fcb,66,Other,Premium,14.44,48,Africa,Tv,17.99,1,Crypto,3,0.29,Comedy
18Bed870-A69B-40C0-8D97-E03Ae32E7De8,29,Other,Standard,8.31,30,Asia,Mobile,13.99,0,Paypal,1,0.27,Action
Fa491F04-59Eb-4305-83Ea-0E1A91Ac890F,32,Female,Basic,11.48,34,Oceania,Tablet,8.99,1,Debit Card,1,0.33,Horror
7Be4E423-83Bd-4Cc9-96D5-A845A5Ae728F,43,Male,Premium,1.99,17,Africa,Tv,17.99,1,Crypto,5,0.11,Action
69A8Fdc5-Cf5B-43C9-Bd8D-3Fb8299Eac10,61,Other,Standard,8.12,56,Africa,Tv,13.99,0,Credit Card,4,0.14,Horror
Dcaf88Dd-7810-44Bb-Ab55-D2Ad4410Ad63,44,Other,Basic,1.4,58,Asia,Tv,8.99,1,Debit Card,5,0.02,Drama
A9D14534-5Bca-41Dd-8D02-0D92570Cb764,35,Male,Standard,4.13,32,Africa,Tv,13.99,1,Credit Card,1,0.13,Horror
179E0F5D-799D-4691-Accc-09755Ff50Aac,67,Female,Basic,23.72,49,Oceania,Desktop,8.99,1,Gift Card,5,0.47,Documentary
8224Eaf1-C683-4C85-A1F9-8Bb9C2Ef21Ec,67,Female,Standard,8.12,26,South America,Tv,13.99,0,Credit Card,3,0.3,Drama
4D72F986-020F-4C5E-9E76-Eb69Bea859E6,46,Other,Standard,1.24,60,Europe,Tv,13.99,1,Debit Card,5,0.02,Horror
39Ec453A-2361-4649-B68A-Cba07181C4A7,41,Other,Standard,22.67,51,North America,Desktop,13.99,0,Paypal,2,0.44,Documentary
F38Cb847-0Ed5-4A2D-87Bb-E740Dd8Adef2,28,Female,Basic,13.35,17,North America,Tablet,8.99,0,Paypal,1,0.74,Comedy
9401354D-1498-4Eee-A560-19B633A103B3,48,Other,Premium,25.07,29,North America,Tablet,17.99,0,Credit Card,4,0.84,Drama
Ec49D8E7-535D-4732-8Fd2-F99E64A19A5F,62,Female,Standard,5.47,31,South America,Tv,13.99,1,Debit Card,1,0.17,Sci-Fi
27Ccc5Be-9895-4Ee0-86B5-8E917C0650E4,29,Male,Basic,11.65,22,Asia,Laptop,8.99,0,Paypal,2,0.51,Comedy
Cb370C32-624D-42Ee-B4C7-D90Cd286A11F,40,Female,Basic,1.79,14,South America,Laptop,8.99,1,Paypal,1,0.12,Documentary
0Ad1Bda0-04Dc-4731-9A41-B2C54969004C,35,Female,Basic,5.61,18,Europe,Mobile,8.99,1,Crypto,2,0.3,Horror
6A99Ebb0-Cc9F-45Ab-B6E9-4791602Ae7C4,35,Female,Standard,3.26,39,Europe,Tablet,13.99,1,Debit Card,2,0.08,Drama
59711C93-38Ef-47C5-B728-42Fa302Cacd0,42,Female,Standard,3.67,13,Oceania,Tv,13.99,1,Debit Card,3,0.26,Action
Bb67998E-4Ac1-45Da-B7Ca-605Ec973E5Fe,24,Male,Premium,1.12,55,Asia,Tablet,17.99,1,Crypto,5,0.02,Documentary
32C0A4D8-3699-4F09-907B-5F303F8274C1,38,Female,Premium,15.94,54,Oceania,Desktop,17.99,1,Crypto,2,0.29,Action
E090Df54-097B-4E77-87C0-F9E8A965C013,26,Other,Premium,8.32,48,Africa,Laptop,17.99,1,Crypto,5,0.17,Sci-Fi
Ffb75258-7E17-4433-86Eb-Cca51E35B5De,65,Female,Premium,22.68,40,Europe,Tablet,17.99,0,Crypto,2,0.55,Horror
B26A4921-90B8-4360-8834-Fad7A130Bfb4,24,Male,Premium,0.58,57,Europe,Tablet,17.99,1,Paypal,3,0.01,Sci-Fi
A539900A-D75E-4437-865C-59D6Ba1Df7F5,56,Other,Basic,11.81,14,Asia,Laptop,8.99,0,Paypal,2,0.79,Drama
Eaf0471B-E553-4302-A1Aa-Cf3284F3A3A9,34,Female,Basic,0.95,44,Asia,Mobile,8.99,1,Paypal,4,0.02,Action
60Fddd3F-Fcdd-4D60-9195-D733C67449A0,26,Female,Premium,0.67,8,Asia,Laptop,17.99,0,Debit Card,4,0.07,Sci-Fi
38Af7Deb-8836-4D80-A9Fb-01540432A8B3,56,Other,Premium,3.67,19,Asia,Tv,17.99,0,Debit Card,5,0.18,Action
5826Ee1B-74C4-4180-Bfd3-F486446F0023,57,Female,Standard,16.97,55,Asia,Tv,13.99,1,Gift Card,4,0.3,Comedy
Ccfcd4B9-A541-4751-Abb4-571A84C4770C,54,Other,Standard,8.61,11,Africa,Tablet,13.99,0,Gift Card,3,0.72,Romance
31673A23-132A-46A7-B029-975Ac1465C50,48,Male,Premium,4.15,53,Africa,Laptop,17.99,1,Credit Card,4,0.08,Documentary
8C4C751F-F5A4-4Ac7-877D-1158Db922567,38,Female,Basic,6.63,24,Europe,Mobile,8.99,1,Crypto,3,0.27,Drama
90E5Aae2-D9C9-4271-Afb7-5E4B799Ddaa6,70,Female,Basic,13.01,32,Asia,Tv,8.99,1,Crypto,2,0.39,Comedy
094C8Ee8-4143-4Ebf-9Ed3-1Ad255F30Ef5,53,Female,Standard,20.82,13,Asia,Laptop,13.99,0,Credit Card,2,1.49,Romance
C7429Be0-64D2-4995-A915-E1250Fbe94Ec,48,Female,Premium,5.85,3,North America,Tablet,17.99,0,Credit Card,4,1.46,Action
43359Fac-Cb1F-4E7E-Ae5C-990D96Bd2200,63,Female,Basic,8.83,13,Asia,Laptop,8.99,0,Crypto,4,0.63,Sci-Fi
83404A73-33C4-4297-A97C-8A146155E477,67,Female,Premium,31.33,29,North America,Mobile,17.99,0,Gift Card,2,1.04,Horror
2C06953E-4Bc1-42F4-8769-813F8F36B530,54,Other,Basic,0.5,54,Asia,Desktop,8.99,1,Crypto,1,0.01,Comedy
9797381E-3100-410C-8D84-6145Bc723595,59,Male,Premium,8.39,59,Africa,Mobile,17.99,1,Debit Card,3,0.14,Horror
32B9Cb76-87C9-48C7-A73A-293D09C61937,22,Other,Basic,18.39,44,Africa,Tv,8.99,1,Credit Card,1,0.41,Comedy
Ab376D84-3616-480D-B4Eb-49Efee6F2837,24,Female,Basic,12.03,28,Asia,Mobile,8.99,0,Debit Card,4,0.41,Comedy
25Fd1786-Ff5A-45Fc-Bb97-0Ab5Ba25Bbd4,69,Female,Basic,0.64,21,South America,Mobile,8.99,1,Paypal,1,0.03,Drama
Fcc3Fddc-5Adf-4Ff0-9E0E-C84A424D2070,24,Female,Standard,3.9,32,South America,Tv,13.99,1,Paypal,5,0.12,Sci-Fi
73Afe00B-3F93-4Cd4-B71F-161F6Da7D9A8,64,Other,Basic,4.86,33,South America,Tv,8.99,1,Debit Card,5,0.14,Documentary
9F5Ad18C-D0A8-4Ba0-B642-Fa94801265F6,57,Female,Premium,28.21,1,Asia,Desktop,17.99,0,Crypto,5,14.11,Documentary
3E8C2562-A487-4D89-A1D8-3Fdc53Caf638,45,Other,Basic,10.01,46,Asia,Mobile,8.99,1,Paypal,3,0.21,Comedy
63424808-052E-4E93-A382-1Bc16302C1Cd,34,Female,Basic,4.45,60,North America,Laptop,8.99,1,Gift Card,4,0.07,Action
704F903B-21E4-4101-8321-58D705089B06,18,Female,Premium,33.81,5,Asia,Tv,17.99,0,Crypto,2,5.64,Romance
7Ab6446A-575B-4875-Ab7A-79Bd93C17A64,21,Other,Premium,9.85,54,South America,Desktop,17.99,1,Debit Card,1,0.18,Action
Ac7B5Aa4-5C89-4616-926F-1B8919909D63,63,Female,Standard,6.37,48,Asia,Mobile,13.99,0,Credit Card,5,0.13,Romance
C1D2A88A-570A-4De1-8313-46284C224Bee,23,Other,Standard,24.23,52,Africa,Tv,13.99,0,Gift Card,2,0.46,Documentary
45Ea1095-E06B-4A1C-A0B7-C3671C9F006A,57,Other,Basic,52.8,0,Europe,Tablet,8.99,0,Paypal,2,52.8,Sci-Fi
2E46A8D4-De1A-4340-9C8F-215Dc059Df43,63,Other,Basic,15.77,2,Europe,Tablet,8.99,0,Paypal,4,5.26,Drama
A1Fceb9A-0B93-4Ab1-8Cc5-987D5Ec80234,69,Other,Basic,13.94,32,North America,Tv,8.99,1,Paypal,1,0.42,Action
054B7510-54C8-48F4-Bd06-8E2Ba58Cbd51,64,Female,Standard,2.56,3,North America,Laptop,13.99,0,Debit Card,4,0.64,Documentary
4A349095-F180-4Dbf-981E-94A275412847,65,Male,Standard,1.55,1,Asia,Laptop,13.99,0,Debit Card,2,0.78,Horror
1Af70B1B-D756-415F-A5B4-3861139559D8,32,Female,Premium,4.46,40,South America,Mobile,17.99,1,Crypto,1,0.11,Comedy
6B9Ce9B4-316F-4E82-A0B9-127441795232,53,Male,Premium,7.98,20,Europe,Desktop,17.99,0,Credit Card,3,0.38,Action
0D7Ac1Da-194D-4844-A919-6Bfec0989D14,23,Other,Standard,9.6,54,Asia,Laptop,13.99,1,Gift Card,4,0.17,Action
760B70E5-2135-4106-Bf18-2Df119411Aa4,28,Female,Premium,3.16,8,Europe,Tablet,17.99,1,Crypto,1,0.35,Horror
2A0Fdbe4-588B-40Fe-Ba75-19Cebe31Bea8,69,Other,Premium,1.85,33,Oceania,Laptop,17.99,1,Debit Card,2,0.05,Drama
53C38B09-0Edc-4Eaa-B83F-D8227Eb19850,21,Other,Standard,14.71,11,Asia,Laptop,13.99,0,Crypto,1,1.23,Sci-Fi
825Bd557-2Be9-4Aca-A8D1-Eb8A5F1Bb037,29,Female,Premium,0.19,54,Europe,Mobile,17.99,1,Paypal,2,0.0,Drama
E2975Ec5-Cdb8-43D8-803A-1Ebba615Cf15,21,Male,Premium,20.0,22,North America,Laptop,17.99,0,Debit Card,5,0.87,Sci-Fi
820D7Eb0-D64E-4E70-839A-Ec9Db5Bf1969,32,Male,Basic,12.51,30,South America,Mobile,8.99,0,Paypal,2,0.4,Romance
14F4E734-Af4B-4566-9B26-A78985629Df6,47,Male,Standard,26.18,8,North America,Tv,13.99,0,Debit Card,1,2.91,Action
9E80B9C8-A0B6-48Bf-A0C6-44A0Bb9A2Fd4,66,Male,Standard,12.19,24,Oceania,Tablet,13.99,0,Debit Card,1,0.49,Action
8C6Cf0C3-B47D-4935-8973-E2A6De582B1C,60,Male,Basic,17.3,36,Europe,Tablet,8.99,1,Gift Card,3,0.47,Drama
00Aa6C2A-B291-411E-B240-202Fea9Bf417,18,Male,Premium,17.83,37,Asia,Laptop,17.99,0,Credit Card,4,0.47,Action
Dc13C828-Eda9-45C8-909B-Cb84E3B0B8Fb,46,Male,Basic,7.08,23,Asia,Desktop,8.99,0,Credit Card,5,0.29,Action
936B242F-90A4-4A2B-A846-12C531C67Df2,25,Male,Premium,22.64,14,Africa,Desktop,17.99,0,Paypal,2,1.51,Horror
Ec765C0B-Cd27-4E30-B514-9509F020F439,51,Male,Basic,26.04,8,South America,Laptop,8.99,0,Credit Card,1,2.89,Romance
686Ac4A2-1Ff7-45Dc-82A3-E28D5333190B,39,Female,Premium,12.07,15,South America,Desktop,17.99,0,Debit Card,1,0.75,Documentary
B622Cc96-C02C-4990-Bba5-D27F32558B77,69,Male,Basic,6.06,30,Europe,Tv,8.99,0,Credit Card,4,0.2,Romance
6E13C94B-65Dd-4B6B-B353-Aa5382A88546,55,Female,Basic,24.21,35,Oceania,Laptop,8.99,0,Paypal,1,0.67,Drama
C03D3D6B-A16D-4B1D-Bf07-788F0372Cec5,20,Other,Standard,3.19,53,South America,Tablet,13.99,1,Gift Card,4,0.06,Sci-Fi
7A1D3B12-9Be6-46Eb-Baa5-51803A0A4F10,20,Male,Premium,39.85,26,Europe,Desktop,17.99,0,Debit Card,1,1.48,Horror
0Decc7Ea-Dece-4638-83C8-B1Df7E1E54D2,31,Other,Standard,31.29,9,South America,Tv,13.99,0,Crypto,4,3.13,Documentary
89C2Cbb3-F9A7-4Eb1-86C3-C5488A62490E,18,Female,Standard,11.81,9,South America,Mobile,13.99,0,Credit Card,4,1.18,Horror
9E99Bc5E-Ff55-4Cae-8611-2Ce51687Be6A,58,Other,Basic,6.1,26,Oceania,Tablet,8.99,0,Credit Card,2,0.23,Comedy
99B76135-94D0-48E6-9Ac7-Ada314Cc1Ad1,37,Other,Premium,26.5,12,South America,Tablet,17.99,0,Debit Card,5,2.04,Drama
225699C5-8B55-456F-95E3-7A5780Ffac0A,23,Male,Standard,10.77,23,North America,Laptop,13.99,0,Paypal,3,0.45,Sci-Fi
E969D3A9-A455-455F-9Be8-38E701B1F653,46,Female,Standard,4.68,11,Africa,Tablet,13.99,1,Gift Card,5,0.39,Comedy
96De19F9-6Aa8-493D-Af89-56Dbf25535C7,22,Male,Standard,17.8,54,North America,Desktop,13.99,1,Debit Card,1,0.32,Action
7Cdc323F-67Af-48E2-B15B-3E94Cf19681F,36,Other,Standard,2.79,10,Europe,Desktop,13.99,1,Gift Card,1,0.25,Sci-Fi
Fef36Da3-13Ae-416D-9E67-Cfebe1220E24,51,Female,Premium,8.6,9,Europe,Tv,17.99,0,Gift Card,1,0.86,Sci-Fi
2A1B3474-38D6-4Ca0-8C57-B10Eaae5E250,60,Other,Standard,4.57,60,Oceania,Tv,13.99,1,Gift Card,3,0.07,Romance
D7Ec3B35-329B-4Ea1-B9D7-8E8Da1Ae05Bc,37,Male,Standard,2.43,6,North America,Tablet,13.99,0,Crypto,5,0.35,Romance
38D2D2Ab-E9Ce-43D7-97Bc-C6A2A3D37276,55,Male,Standard,43.73,28,North America,Laptop,13.99,0,Paypal,4,1.51,Horror
B9Be612D-C7Cc-411F-Afac-093196F87239,22,Male,Premium,21.47,51,South America,Tv,17.99,0,Paypal,3,0.41,Sci-Fi
798C452B-E7E0-48F3-A908-4F639Ac8E614,18,Other,Premium,16.89,33,South America,Laptop,17.99,0,Debit Card,4,0.5,Romance
744Ddc65-15Bd-4Ea4-Abe0-E6C0E760796F,46,Male,Premium,2.96,33,South America,Tv,17.99,1,Paypal,5,0.09,Action
F9436F14-5021-4177-9206-B79Da434105C,49,Other,Premium,22.29,19,Africa,Tablet,17.99,0,Gift Card,1,1.11,Comedy
Dccfb706-58Be-4F82-9F92-B806781953E0,23,Male,Basic,10.37,30,Oceania,Tablet,8.99,0,Paypal,2,0.33,Drama
9C9899E3-1Edf-4B8B-9C6D-Ceedbc530A70,24,Female,Basic,21.04,10,Oceania,Tablet,8.99,0,Gift Card,2,1.91,Action
19E566A9-A789-4194-92Eb-1A06B989A8D5,31,Other,Standard,8.02,28,Oceania,Tv,13.99,0,Gift Card,5,0.28,Drama
C9F95E61-E079-477F-99B1-1136A2495E2F,66,Female,Standard,18.96,6,South America,Laptop,13.99,0,Gift Card,3,2.71,Action
3Bea04A9-F8Bc-4696-B3Bb-60Ebd979B047,65,Other,Basic,15.79,22,South America,Mobile,8.99,0,Debit Card,5,0.69,Sci-Fi
23A70Fc2-9249-43B1-Bef3-Ea3121Bcc6D4,64,Other,Basic,15.26,48,Asia,Mobile,8.99,1,Credit Card,1,0.31,Comedy
46F6A6Ef-156A-4979-892F-F6912D017577,29,Female,Basic,0.36,3,Asia,Mobile,8.99,1,Debit Card,4,0.09,Horror
F426Cb2E-E7Cc-4571-Bedf-Ab5972F5Ec5E,55,Female,Premium,20.71,7,North America,Mobile,17.99,0,Debit Card,5,2.59,Sci-Fi
0017C041-A14B-4780-9D9A-7A99558A0768,62,Male,Basic,11.99,7,Europe,Tv,8.99,0,Paypal,2,1.5,Romance
702A602E-E109-4038-B50B-E599B4D7B76F,59,Female,Basic,0.75,6,Oceania,Tv,8.99,1,Debit Card,3,0.11,Romance
8Bbf6861-D17E-4548-Bf18-F7F295Ce59Dd,55,Other,Standard,3.19,45,South America,Mobile,13.99,1,Gift Card,2,0.07,Comedy
5673Adfa-C739-4Dbb-B371-Fd1F3Eaeb562,52,Male,Premium,1.92,0,North America,Tv,17.99,0,Debit Card,4,1.92,Action
7Ff1A77B-F219-42D5-97Cd-279306D9C7Bc,26,Male,Basic,2.04,59,South America,Laptop,8.99,1,Credit Card,5,0.03,Drama
Fbd594Ee-94Ca-41Dd-Ac59-144C2Ceb26C3,25,Male,Standard,30.99,52,Europe,Tv,13.99,0,Gift Card,4,0.58,Horror
8095Be8A-3220-40Ec-A3Ad-6Bbc2Aee0Cc9,33,Other,Basic,20.06,32,South America,Tablet,8.99,0,Debit Card,3,0.61,Drama
17F2Ec1D-C875-43Da-9307-7012Fa87236C,40,Female,Premium,3.91,53,Europe,Mobile,17.99,1,Paypal,4,0.07,Action
D694Ed01-7F0C-40Af-8749-F22Aa8Dd2Ffa,55,Other,Premium,1.98,25,South America,Mobile,17.99,1,Gift Card,2,0.08,Romance
33624A15-18F7-4Ffc-9315-F18F25909579,67,Female,Basic,5.74,1,Africa,Laptop,8.99,0,Credit Card,5,2.87,Drama
C76F1318-9857-4514-8548-3Cd20A91F650,62,Female,Basic,1.04,16,North America,Mobile,8.99,1,Credit Card,5,0.06,Comedy
68Afcc40-9Bb4-4903-A7Ce-3C64492794F6,69,Female,Standard,3.47,58,South America,Laptop,13.99,1,Gift Card,3,0.06,Comedy
6Bcde048-341C-45Ac-98F5-4D14Cb9833Fb,53,Female,Premium,10.75,48,South America,Mobile,17.99,0,Paypal,4,0.22,Sci-Fi
A21B6747-Ba7F-45Cf-Aac1-1356Acb9C8Ae,20,Male,Basic,14.05,12,Asia,Mobile,8.99,0,Gift Card,2,1.08,Romance
11D62C4F-C1A0-4356-80Eb-394F38D17Efe,60,Male,Premium,10.71,53,South America,Desktop,17.99,1,Credit Card,1,0.2,Documentary
B41E00A2-10D7-46Ae-A151-2Cc315Df1C34,56,Other,Basic,4.78,51,Oceania,Desktop,8.99,1,Gift Card,1,0.09,Romance
2F6Ecf7C-Ed0C-4011-8D13-90Edf44B305D,65,Other,Premium,4.11,41,Asia,Mobile,17.99,1,Gift Card,2,0.1,Drama
F83A42D7-D5E6-4E72-Ad56-651F51927Aca,67,Male,Basic,6.47,47,Europe,Tv,8.99,1,Paypal,2,0.13,Sci-Fi
8Ff31276-200D-4Aec-B2E0-6A25C12C51E1,58,Other,Basic,10.29,26,South America,Mobile,8.99,1,Paypal,1,0.38,Romance
2649F2E5-179F-4Ae9-8280-0Dd4Aadb0676,65,Female,Basic,10.17,19,Asia,Mobile,8.99,0,Debit Card,5,0.51,Documentary
Dea362Ed-393F-43B1-Aaff-5195D91B0716,63,Female,Basic,22.9,11,Europe,Tv,8.99,0,Credit Card,1,1.91,Romance
414E2477-5A33-4De3-9F34-D375Ccd27A80,38,Other,Premium,8.36,1,South America,Tv,17.99,0,Gift Card,2,4.18,Drama
0627Fc98-D9F7-49B9-A4Cf-Fd0B49F4E4D0,31,Male,Basic,11.96,6,Africa,Laptop,8.99,0,Paypal,4,1.71,Sci-Fi
05Bf2A9F-E720-4D01-8Ef5-9110D6Fca724,23,Other,Standard,3.04,48,Europe,Tablet,13.99,1,Crypto,2,0.06,Horror
819A1E55-0A4E-4467-92B3-74936Dc87Ecd,27,Female,Standard,0.21,44,Africa,Mobile,13.99,1,Gift Card,3,0.0,Documentary
D667D8Ed-686C-4D78-B93E-Ad2Bab070D4A,46,Female,Basic,5.62,58,Europe,Mobile,8.99,1,Paypal,4,0.1,Documentary
Fc8A1Ff7-4C98-4Ebd-A0Cc-0Fd7Bb0Bf243,62,Male,Basic,14.73,23,Africa,Desktop,8.99,0,Crypto,1,0.61,Romance
1C1A7D6E-6Ca7-4B92-9Ca2-8497547C5Ba1,25,Female,Basic,21.23,10,Africa,Laptop,8.99,0,Debit Card,1,1.93,Horror
3D90379C-6A89-4764-803B-B958C1A4E37A,24,Female,Premium,0.65,34,Africa,Mobile,17.99,1,Gift Card,4,0.02,Drama
8779474B-9C48-4042-Ae79-B30C1E583E5D,18,Other,Premium,17.01,43,South America,Desktop,17.99,1,Paypal,2,0.39,Drama
D2538457-5B62-41A2-98C7-4B3B8E570A97,45,Female,Premium,15.57,24,Europe,Mobile,17.99,0,Credit Card,4,0.62,Documentary
D35E9995-4A42-438C-A56F-Dff2E9Acc65E,39,Other,Basic,1.28,39,South America,Desktop,8.99,1,Credit Card,5,0.03,Documentary
66D3A92B-4C35-46E6-Bf15-Cb673Be2Aee2,27,Male,Premium,2.95,30,South America,Desktop,17.99,1,Paypal,2,0.1,Horror
5Dd447Db-64Ce-4B28-B902-9Ca4Fa896A61,33,Female,Basic,21.76,33,Asia,Laptop,8.99,0,Crypto,4,0.64,Action
78D39Da7-C35A-4A24-A6A2-Dcf5627F84F1,57,Male,Premium,16.85,33,Oceania,Laptop,17.99,1,Gift Card,1,0.5,Horror
8Fecb4D8-9571-46F5-8773-Da640A6481Bc,32,Male,Premium,19.63,18,Asia,Laptop,17.99,0,Crypto,5,1.03,Horror
7D3F0D0B-9Acd-4F21-88Ae-3801Eba6Cd8B,42,Female,Basic,23.89,18,Oceania,Mobile,8.99,0,Crypto,4,1.26,Horror
A893Ce7F-C8Bc-427A-B89D-206A94D5A33A,63,Female,Basic,2.95,41,South America,Laptop,8.99,1,Paypal,2,0.07,Romance
23B6E829-8591-490B-B518-20B451B14Bb1,61,Other,Basic,30.44,60,Oceania,Tablet,8.99,0,Gift Card,2,0.5,Horror
D16Ade89-0F8A-447E-B492-Db632A54E02B,67,Male,Premium,4.77,30,North America,Desktop,17.99,1,Debit Card,1,0.15,Action
713434A0-Cfc8-456F-B17E-2F35E330560F,46,Other,Standard,20.57,43,Asia,Mobile,13.99,0,Credit Card,3,0.47,Drama
D3B99F7E-D0Ac-4199-8813-91665F16B3Fb,23,Female,Premium,4.03,3,North America,Mobile,17.99,0,Paypal,5,1.01,Romance
9F79Dcf6-1Ff7-4605-B82C-36Cd49B06Dd2,60,Other,Standard,12.66,12,Asia,Desktop,13.99,0,Debit Card,1,0.97,Romance
E13622Fa-D0B3-44C6-B157-38F7A6933D87,58,Female,Basic,11.16,31,Asia,Laptop,8.99,1,Gift Card,1,0.35,Documentary
45C38646-4908-4075-B81D-B90B507Bdc9B,50,Other,Standard,31.24,8,South America,Tv,13.99,0,Paypal,4,3.47,Romance
Ceae0C44-3Af1-464C-98De-82C6C0A19Ae2,35,Other,Premium,3.63,57,Europe,Laptop,17.99,1,Credit Card,5,0.06,Sci-Fi
35Fd09B4-E9F0-4D81-9839-C48198D46Cf2,18,Female,Basic,5.19,37,South America,Tablet,8.99,1,Crypto,1,0.14,Romance
92B89Aae-D3D2-4715-B669-4634124A6444,62,Male,Basic,9.89,7,Europe,Tablet,8.99,0,Gift Card,2,1.24,Horror
062C9B99-D361-4C0E-B1Dd-507Fdd20B1E7,55,Male,Basic,3.83,28,Europe,Desktop,8.99,1,Credit Card,4,0.13,Sci-Fi
Ccde27C7-Ce46-4Ad9-A8B4-8B2E100C2Fa1,53,Male,Standard,3.65,2,Asia,Laptop,13.99,0,Paypal,4,1.22,Romance
Cc5F3372-1199-4095-B04E-5D731F75390E,27,Female,Premium,1.29,22,North America,Laptop,17.99,0,Debit Card,5,0.06,Comedy
8Ea1E41B-Df4C-4D34-Bb14-D0B5Eff7B1E9,56,Other,Standard,19.59,23,North America,Mobile,13.99,0,Debit Card,1,0.82,Comedy
771523C2-478A-4251-Bf5C-8A002D31B068,51,Other,Premium,4.52,59,North America,Tv,17.99,1,Crypto,3,0.08,Comedy
4D3B2Dc9-926D-4822-Bb9D-93Eb38181F03,58,Female,Basic,17.27,6,Asia,Tv,8.99,0,Debit Card,3,2.47,Romance
F77B7449-0C29-440F-A2C0-67Cd766Eb69B,54,Other,Basic,12.9,48,Africa,Tablet,8.99,1,Gift Card,4,0.26,Action
0C3D6Cf4-03Ef-4Bdc-90C2-4219F71D505A,38,Other,Standard,18.33,21,Africa,Desktop,13.99,0,Gift Card,5,0.83,Comedy
C7E0F909-6796-452D-A3Fd-Dc07966Ec853,21,Male,Basic,10.77,24,Africa,Tv,8.99,0,Paypal,2,0.43,Horror
C8A3Fc80-5146-415E-B463-45B56F4A9C14,40,Male,Basic,5.11,8,North America,Desktop,8.99,0,Crypto,1,0.57,Romance
F86Bf906-2201-4800-8413-Fba4E4E8Ae50,59,Male,Basic,0.5,60,North America,Tablet,8.99,1,Credit Card,2,0.01,Sci-Fi
59Ddcb4D-D232-4415-A32E-7C13D1B268F5,62,Female,Premium,33.77,31,Asia,Tablet,17.99,0,Paypal,4,1.06,Action
7016829C-88F3-4821-9Fc1-Ce5343E53906,31,Female,Premium,1.02,39,Oceania,Laptop,17.99,1,Crypto,3,0.03,Drama
8590233C-8A03-4Da7-B235-D889A4Ba10A7,27,Other,Premium,30.11,3,Africa,Mobile,17.99,0,Crypto,3,7.53,Romance
B444D608-A7Ec-4A3D-B25B-E182Bde9Cdca,51,Male,Premium,7.8,59,North America,Desktop,17.99,1,Debit Card,2,0.13,Romance
70C22Bdb-E226-4A53-B2Da-5F00C9873C5C,47,Other,Basic,3.64,15,Oceania,Mobile,8.99,1,Crypto,4,0.23,Drama
E5D91451-1D12-4A01-A042-87B0F22Cc66B,42,Male,Premium,16.37,45,Asia,Desktop,17.99,0,Debit Card,4,0.36,Comedy
A6D3A561-5Aff-4Eb2-B18A-60064Af4A2C4,60,Other,Standard,3.29,50,South America,Tv,13.99,1,Crypto,3,0.06,Horror
391709Dc-2122-409E-9E2C-0Bcf6F96D131,19,Male,Premium,1.98,26,Asia,Laptop,17.99,0,Paypal,4,0.07,Horror
2995E5E8-B8E9-40D6-B211-A261528128D7,61,Male,Premium,5.31,25,Europe,Laptop,17.99,0,Gift Card,3,0.2,Sci-Fi
A1B7828B-5601-4A18-B19C-Fe7268Dd5A15,68,Female,Premium,41.2,30,Oceania,Tablet,17.99,0,Gift Card,5,1.33,Comedy
49B003Fa-4997-4Af1-90E2-C4F8Ee1F1779,44,Male,Standard,1.05,18,Africa,Tablet,13.99,1,Paypal,3,0.06,Drama
30B72525-6Af0-428B-A8D9-7451D407F3B9,46,Male,Premium,30.92,15,Europe,Desktop,17.99,0,Credit Card,5,1.93,Action
C5012664-E999-48D6-Ba20-5A7C51F6F262,30,Other,Basic,14.06,50,North America,Laptop,8.99,1,Gift Card,1,0.28,Documentary
Fc1176E6-Bf27-4F67-989E-2Bb32Af87Eb5,60,Other,Basic,0.27,35,Europe,Mobile,8.99,1,Credit Card,2,0.01,Drama
05E3Ec87-8Fbd-43Ef-Aa33-05E871060939,66,Other,Premium,35.88,18,North America,Tablet,17.99,0,Credit Card,5,1.89,Drama
E76F0Da1-9474-47Af-A161-0D2F9A8Fda76,48,Other,Basic,17.72,22,Africa,Mobile,8.99,0,Crypto,3,0.77,Comedy
Ff13F6A1-44B1-4C92-B638-17F63606970B,46,Other,Premium,1.76,28,Oceania,Desktop,17.99,0,Credit Card,4,0.06,Documentary
E9Ea338A-E635-4D42-Ab37-96De2F5656Ad,66,Male,Premium,30.91,51,North America,Tv,17.99,0,Paypal,1,0.59,Drama
Ddc99C73-7758-4640-Aed3-4E11D1F22150,40,Male,Basic,1.18,39,Asia,Tablet,8.99,1,Debit Card,2,0.03,Sci-Fi
561B865B-5D18-4836-B50E-F40Bde688Bcf,35,Female,Basic,5.0,48,Africa,Desktop,8.99,1,Crypto,1,0.1,Drama
6C9F98Ff-4F0F-4639-85D0-5E401D743A4C,52,Male,Basic,0.41,48,Europe,Tv,8.99,1,Credit Card,5,0.01,Documentary
Bf6A8E72-8Dbc-4F8C-8E6E-77F94994Af64,24,Male,Standard,8.96,34,South America,Mobile,13.99,1,Gift Card,2,0.26,Comedy
2F4Ee00E-A84B-43E8-Bb6D-64C48D0Ce757,46,Other,Premium,7.86,10,Oceania,Tablet,17.99,0,Credit Card,1,0.71,Drama
D727F89D-D107-459C-A343-4C7C59015831,30,Female,Standard,1.21,14,Europe,Tv,13.99,1,Crypto,5,0.08,Drama
101B4Ce6-B2F8-41Ab-B6F4-2A3Ed4Dba3Eb,36,Female,Basic,0.05,25,Europe,Desktop,8.99,1,Debit Card,4,0.0,Action
571A05Dc-0525-4962-81B2-E2Debf902229,30,Female,Basic,7.59,36,Oceania,Mobile,8.99,1,Credit Card,3,0.21,Horror
01717096-8D78-4952-8E2A-2B736796D452,26,Male,Basic,22.41,15,South America,Tablet,8.99,0,Gift Card,4,1.4,Action
3D81D442-7Bd1-472E-Be6C-87D59A39D2D6,46,Other,Premium,13.15,57,Oceania,Tablet,17.99,1,Crypto,5,0.23,Action
65Ff28Ce-5167-4737-B5E6-68C27A6A6D8A,19,Male,Basic,12.3,29,Oceania,Desktop,8.99,1,Debit Card,1,0.41,Drama
235A56C4-10Be-43F0-Ac08-14A913Cd1569,33,Other,Basic,29.76,50,Europe,Mobile,8.99,0,Crypto,3,0.58,Action
05B69Fb9-1Cd4-4Eb2-866B-392801328417,21,Other,Basic,18.91,36,Asia,Desktop,8.99,1,Debit Card,1,0.51,Horror
Daa75C56-1674-4Ac3-A470-64524A70D5B5,69,Female,Standard,5.93,39,North America,Desktop,13.99,1,Gift Card,5,0.15,Sci-Fi
537Ac1C5-A609-4780-94Eb-517B0E64Ae21,30,Female,Premium,1.85,5,Europe,Laptop,17.99,0,Debit Card,5,0.31,Drama
373Df7A9-5E18-427A-982F-59E95851F9D7,23,Other,Basic,28.57,55,Oceania,Desktop,8.99,0,Paypal,3,0.51,Drama
Aaf5F091-7785-48D1-84E9-Fa47Bf7525E5,70,Female,Basic,2.46,53,South America,Laptop,8.99,1,Crypto,1,0.05,Drama
843F9E04-265C-4F69-8Cd8-27F093Ec3E0F,62,Male,Basic,22.77,47,South America,Mobile,8.99,1,Crypto,5,0.47,Documentary
61E49860-703A-4A67-82Ad-5749094F5Dc2,53,Female,Premium,2.89,22,South America,Mobile,17.99,0,Paypal,5,0.13,Documentary
Bbe915C1-0Aba-4B41-Befd-Ddb68Cdd7B58,63,Other,Premium,15.02,11,North America,Tv,17.99,0,Paypal,2,1.25,Comedy
E45D6C09-50D4-44Ae-B8F3-408Bcd74Cada,55,Male,Standard,7.28,12,South America,Tablet,13.99,0,Credit Card,1,0.56,Comedy
Dfc2C37E-28Ec-47Db-Bfd9-87Dce42A6384,62,Female,Standard,1.62,37,North America,Tv,13.99,1,Crypto,3,0.04,Horror
98B673Eb-Edbf-4Aa3-81D9-B6Cb512Beb47,21,Other,Premium,12.34,19,Oceania,Tv,17.99,0,Debit Card,3,0.62,Romance
9359E195-D2Cd-4E6D-Acdf-3Cc04Acb7545,29,Male,Standard,10.76,50,South America,Mobile,13.99,1,Paypal,2,0.21,Drama
B1990Fc7-29Ce-4129-A239-B95591Db2Fe3,22,Other,Premium,13.72,59,Asia,Desktop,17.99,1,Crypto,5,0.23,Drama
Ba8C3B67-E723-4833-8515-1909Eb090Ffc,28,Male,Standard,22.78,16,Oceania,Laptop,13.99,0,Debit Card,5,1.34,Sci-Fi
Fdf173E9-3Cc2-4211-Ad97-6A89Ab4C992D,60,Female,Basic,1.76,48,North America,Tv,8.99,1,Debit Card,2,0.04,Sci-Fi
B2Dabfea-7D61-4505-8D8B-15194D98A3C1,29,Male,Premium,14.85,10,Asia,Tablet,17.99,0,Credit Card,1,1.35,Horror
0A450E9C-D685-4B05-Bd36-Cb4Aab6A21Ed,63,Male,Basic,0.75,46,Asia,Tablet,8.99,1,Gift Card,3,0.02,Horror
E4E9504A-7D5D-47D9-940D-31817782Fc8F,40,Other,Standard,19.15,40,Asia,Laptop,13.99,1,Debit Card,2,0.47,Horror
20E2E96F-2Ac5-4A36-9Cfa-9D6738C4E1Ee,54,Other,Standard,5.57,53,Europe,Tv,13.99,1,Crypto,5,0.1,Documentary
Ba93D319-Ddd9-4D3E-991A-Fdcba85570C3,63,Other,Standard,6.72,18,Europe,Tablet,13.99,0,Credit Card,4,0.35,Documentary
3Ae5E0F7-8Bff-4310-B002-0D99213Fadad,31,Other,Basic,14.07,52,Europe,Desktop,8.99,1,Gift Card,3,0.27,Romance
C8A35Af6-Aa05-410A-85F0-E8Ea8E13D69A,26,Other,Standard,4.86,19,South America,Mobile,13.99,0,Paypal,4,0.24,Drama
A02F28E9-2264-4B14-B562-3098301B12Fd,18,Female,Basic,1.82,46,South America,Tablet,8.99,1,Credit Card,3,0.04,Romance
E3D31A6C-7408-4Ad9-A763-Ea9A744F27De,28,Female,Standard,4.39,14,North America,Tablet,13.99,1,Debit Card,2,0.29,Romance
D642D465-D3Dc-4C44-89D0-A93E4Cc2F65D,46,Male,Standard,3.37,18,Oceania,Tv,13.99,0,Debit Card,5,0.18,Horror
Dfd1210C-8265-4142-B69E-E4Cdb9258776,47,Male,Standard,2.01,5,North America,Laptop,13.99,0,Credit Card,2,0.33,Documentary
Ad681C74-E812-4922-A966-89Fea4750Cd4,47,Male,Basic,6.54,55,Africa,Mobile,8.99,1,Paypal,2,0.12,Comedy
9Ae480Fe-Dab2-482A-86Cc-D7Ad530F7704,29,Other,Standard,4.33,25,Europe,Mobile,13.99,0,Credit Card,4,0.17,Romance
422B2B02-7B3C-4Fbf-B594-6E2914E469C5,70,Other,Standard,32.62,26,Africa,Tv,13.99,0,Crypto,1,1.21,Sci-Fi
6Af7638E-274B-40Ba-8035-97B8D5181611,26,Other,Premium,11.35,37,Oceania,Tablet,17.99,1,Paypal,2,0.3,Romance
Fd7293Ff-A104-4081-B219-8A71Ad708Cb5,68,Male,Premium,2.34,44,Oceania,Laptop,17.99,1,Gift Card,5,0.05,Drama
892594B0-7698-4B09-9093-39Ed12E147Ae,18,Female,Basic,13.51,53,North America,Laptop,8.99,1,Debit Card,4,0.25,Documentary
9F356C38-182C-4951-B612-E9412297B50D,18,Other,Basic,3.89,33,Europe,Tablet,8.99,1,Debit Card,1,0.11,Action
63Daec73-9Ae1-4781-Ba06-3950Acff9Ba6,29,Female,Basic,8.48,39,Africa,Tv,8.99,1,Debit Card,5,0.21,Romance
Dfbbbb1B-D847-42C1-920C-2E08Ad6B3481,24,Male,Premium,9.02,26,North America,Desktop,17.99,0,Debit Card,4,0.33,Sci-Fi
7159F13C-01B8-4C3C-8D77-8A60Df9E2653,29,Other,Standard,53.2,49,South America,Laptop,13.99,0,Crypto,5,1.06,Sci-Fi
8329446C-9C38-459B-B296-59F5F19F2A51,37,Male,Basic,4.98,30,South America,Mobile,8.99,1,Gift Card,4,0.16,Romance
7Aeada68-2Ac1-4864-8292-82Cc19D446Da,21,Other,Premium,4.21,31,Europe,Laptop,17.99,1,Gift Card,5,0.13,Documentary
278C548D-Ee93-44B9-Aeab-Dacd67B66291,65,Other,Basic,16.1,10,North America,Tablet,8.99,0,Crypto,3,1.46,Sci-Fi
242A83Be-25Ed-4B50-966E-126Fa3Bda7D0,44,Male,Basic,4.89,35,Oceania,Laptop,8.99,1,Paypal,3,0.14,Drama
0886815C-00C9-4177-Bd6B-86B3D1610606,18,Other,Premium,7.15,9,Europe,Laptop,17.99,0,Debit Card,3,0.72,Comedy
19F96Bab-F769-4Ade-9Add-63Dd0769E499,55,Male,Basic,0.12,22,South America,Tablet,8.99,1,Debit Card,4,0.01,Comedy
B586E701-6744-4A21-A4C4-2A434139D2Ed,47,Other,Standard,10.82,51,Europe,Mobile,13.99,1,Credit Card,2,0.21,Comedy
2B17D2Bf-926E-4Ebf-A591-A9966Eed3815,47,Male,Premium,2.57,60,South America,Tv,17.99,1,Gift Card,3,0.04,Action
17Ec48Bb-58D9-4Be7-A2D5-Ad5F1Bd26C9B,36,Other,Premium,2.85,15,Africa,Tablet,17.99,1,Paypal,3,0.18,Comedy
C4Eb2F57-2A9B-405B-B686-E34Aa4C1Ba65,70,Other,Premium,8.6,37,Africa,Desktop,17.99,1,Crypto,3,0.23,Documentary
71231F4A-6054-4C64-8499-31766C837B61,51,Female,Premium,8.34,32,Asia,Tv,17.99,1,Crypto,2,0.25,Romance
Acbe95B8-Be8F-459A-B0E1-2E9F99755A77,48,Male,Standard,20.69,43,Africa,Laptop,13.99,0,Credit Card,2,0.47,Action
0A6816A7-F888-47B3-84F4-937Bcd1A9023,39,Other,Premium,13.49,21,South America,Tablet,17.99,0,Credit Card,4,0.61,Drama
2E24691D-31E2-4802-Af7A-2E2Fd8Afbee8,33,Male,Standard,0.93,4,Asia,Tablet,13.99,1,Crypto,1,0.19,Sci-Fi
65Cb8D99-164B-4E42-Badf-Dae7Fb16D388,63,Other,Standard,30.83,10,Europe,Laptop,13.99,0,Crypto,2,2.8,Sci-Fi
31F8Fd87-Aea7-4F86-Ac51-080Bbd39C074,51,Other,Basic,3.64,50,South America,Tv,8.99,1,Debit Card,1,0.07,Action
7D314499-D7E9-4619-A054-C17D976D3Aa4,21,Female,Standard,13.77,45,South America,Laptop,13.99,1,Paypal,1,0.3,Horror
22Ada47B-5F63-44Bc-Ac7B-24989A5De212,29,Female,Standard,1.56,10,Europe,Tablet,13.99,1,Gift Card,5,0.14,Horror
3Bf8C2A4-B13F-4Ce2-9532-440Dfd0472A0,52,Female,Standard,10.14,49,Europe,Tv,13.99,1,Gift Card,4,0.2,Action
0Ae85Af3-F96D-4D82-A2A0-72B0C0Db8529,20,Other,Standard,31.73,46,Africa,Tablet,13.99,0,Credit Card,1,0.68,Drama
Dc684B93-D819-40F9-8E0E-8419B6139Db6,48,Other,Basic,6.63,10,South America,Tablet,8.99,0,Paypal,2,0.6,Documentary
7C7Cb0De-6A7A-4C38-91Df-959C1Fa55547,25,Female,Basic,1.84,5,Oceania,Laptop,8.99,1,Paypal,5,0.31,Sci-Fi
1B03740B-7608-4B96-A78E-B48Bebde5337,53,Male,Basic,3.37,54,South America,Desktop,8.99,1,Paypal,5,0.06,Comedy
4E66E2A1-2Aa8-42Eb-9372-1A01A6F04A8C,27,Male,Standard,5.32,54,Europe,Desktop,13.99,0,Paypal,4,0.1,Drama
B5F4E9De-96Ed-44B6-9Ce8-51D81Ac90562,50,Other,Standard,21.29,26,Oceania,Laptop,13.99,0,Gift Card,3,0.79,Romance
A16251Fb-F52B-430E-9Bb1-272Ebfb4A387,41,Other,Basic,20.26,41,Africa,Laptop,8.99,1,Crypto,1,0.48,Documentary
F4C785Ec-5213-4D09-8Dfd-Af38Ed4Cc0B8,47,Female,Standard,4.1,52,South America,Laptop,13.99,1,Debit Card,1,0.08,Drama
A1Cacec9-Db50-426D-B7E5-6Ec5Ccfbc39E,59,Female,Basic,77.09,36,North America,Desktop,8.99,0,Paypal,3,2.08,Romance
84Bb4A72-F675-48Ba-A3D6-Aa4B8C828Fe6,58,Male,Premium,2.11,23,Africa,Tv,17.99,1,Debit Card,3,0.09,Documentary
F29753D3-885D-4D69-A71C-5Ac46637749E,24,Male,Premium,12.65,23,North America,Tablet,17.99,0,Debit Card,3,0.53,Comedy
Fe26C901-86Af-42Bf-A9Cf-Ec1Bc66F6A46,69,Male,Basic,2.74,52,Oceania,Mobile,8.99,1,Debit Card,4,0.05,Action
Cd4E8D09-810C-44A7-A053-37F8F77C0514,54,Other,Basic,8.52,10,Asia,Tv,8.99,0,Credit Card,4,0.77,Action
Fa40F79B-8E48-448A-98B0-D9064C1B0115,48,Other,Premium,18.21,35,Asia,Laptop,17.99,0,Gift Card,2,0.51,Sci-Fi
1B43Ab83-77A5-4A8F-B68C-Bbb2D21D310F,18,Female,Standard,2.14,44,North America,Desktop,13.99,1,Gift Card,3,0.05,Comedy
51Cf9141-4056-4062-85A8-43Eb7E6272Bc,27,Male,Standard,6.49,46,South America,Laptop,13.99,1,Debit Card,3,0.14,Drama
794B6449-C942-4346-82B8-166667E62C6C,41,Other,Standard,2.95,4,Asia,Laptop,13.99,0,Paypal,3,0.59,Sci-Fi
Df4Ef614-Eed1-4C6C-8472-B5Bf8Fe1E6Ae,49,Male,Premium,5.08,25,Oceania,Laptop,17.99,0,Paypal,4,0.2,Horror
Cff5D87D-E5D3-46A7-A439-B5D14D3Aee6B,45,Male,Basic,1.92,46,North America,Tv,8.99,1,Debit Card,4,0.04,Drama
Bc14C635-9C82-42E0-9Ea1-Fb4Cba7Aacb5,63,Female,Basic,30.88,15,North America,Tv,8.99,0,Gift Card,4,1.93,Comedy
Baaa1F32-4Ba3-46Ed-90Ef-D74366522631,54,Female,Basic,5.61,11,Europe,Mobile,8.99,0,Paypal,4,0.47,Sci-Fi
1Cedb0Ea-4404-4Bd3-Bd08-E1Aa6Ee85A12,38,Female,Standard,12.85,23,South America,Tv,13.99,0,Gift Card,5,0.54,Action
3E453410-A025-42Af-B464-F536Ad03A150,24,Female,Basic,3.11,11,Asia,Tablet,8.99,1,Credit Card,2,0.26,Sci-Fi
8A558Ce9-588B-4840-9E84-5A5D836D430F,41,Female,Standard,53.7,15,North America,Desktop,13.99,0,Paypal,5,3.36,Sci-Fi
B68C53E7-4C9F-4258-95B7-C73C28850F7C,26,Other,Standard,20.49,53,Oceania,Laptop,13.99,0,Gift Card,5,0.38,Sci-Fi
07Ca6C7A-E7Fb-498F-91B1-621Fc7Effa83,27,Other,Basic,19.48,16,Oceania,Desktop,8.99,0,Debit Card,3,1.15,Romance
B187Ac76-4367-49B1-8C71-Afb04Eadbc52,57,Male,Premium,0.55,40,Oceania,Desktop,17.99,1,Credit Card,5,0.01,Sci-Fi
De1C3060-C7E2-4Ddb-B67D-6C80B0Cc9F9B,47,Female,Basic,0.46,1,Asia,Tv,8.99,1,Credit Card,1,0.23,Comedy
B1255159-1199-4D92-925D-2Bd1D66F27A8,46,Male,Standard,6.19,60,Europe,Laptop,13.99,1,Gift Card,3,0.1,Horror
E68Dd843-5Ad0-4F96-A114-Fecf95B5F4D6,47,Other,Premium,1.03,38,North America,Tablet,17.99,1,Crypto,5,0.03,Comedy
F9506E2A-6A22-4945-Bb7B-0719C94E9258,23,Other,Standard,17.54,40,Asia,Laptop,13.99,1,Gift Card,5,0.43,Drama
2779629F-A22B-448B-Afe0-E9Dedee50Eff,68,Female,Basic,9.88,18,Africa,Desktop,8.99,0,Gift Card,3,0.52,Action
Fbb0E169-5635-4785-8C4C-D8Aca6Bc724D,19,Male,Standard,13.21,31,South America,Mobile,13.99,1,Credit Card,2,0.41,Action
A4E333Cf-Cc94-4387-Ad6A-C182Ab9A943A,69,Male,Basic,6.46,49,Europe,Mobile,8.99,1,Debit Card,3,0.13,Documentary
Fb521689-6488-481F-B8Eb-Bacbf056F385,29,Male,Standard,11.42,16,North America,Tv,13.99,0,Paypal,5,0.67,Comedy
5A65A314-97Bb-4893-B479-Fe03C3E20276,36,Female,Premium,71.41,60,South America,Desktop,17.99,0,Debit Card,1,1.17,Action
36Fdcf0E-96A0-4A84-80E5-92931C07651C,38,Other,Standard,1.24,55,Europe,Tv,13.99,1,Credit Card,5,0.02,Horror
D31F19B8-7Add-4867-9Aee-A9987C498E9D,38,Male,Standard,10.71,20,Asia,Mobile,13.99,0,Debit Card,3,0.51,Documentary
9E12B8Bd-A9C9-4Bfe-A09D-7Df603C13F52,67,Other,Basic,15.16,2,Asia,Desktop,8.99,0,Debit Card,5,5.05,Romance
8C9F805B-1Cea-4395-904E-7A5A310E9234,31,Other,Standard,10.2,18,Asia,Desktop,13.99,0,Gift Card,5,0.54,Comedy
48F3D126-2B72-47Ce-A88C-125Dbfcea2F6,53,Female,Standard,5.54,40,South America,Mobile,13.99,1,Crypto,3,0.14,Horror
Ee80Ddff-0534-48Ba-A952-Aa9E70933650,44,Other,Standard,1.12,24,Europe,Tv,13.99,1,Gift Card,2,0.04,Documentary
6F90Adfd-Ddf0-49E9-Ac0B-7833Fad27958,20,Other,Standard,0.79,23,South America,Tablet,13.99,0,Paypal,4,0.03,Drama
Fdbb7C09-86B4-4A59-9772-021F06656Aae,22,Male,Basic,23.81,23,Africa,Desktop,8.99,0,Paypal,1,0.99,Comedy
5Fd18Efb-F1B5-4Ecb-A506-7884Ac990Fcc,69,Other,Premium,25.85,15,Africa,Tv,17.99,0,Debit Card,3,1.62,Comedy
7106A199-919C-4Dca-Bcdd-50De7516208C,29,Other,Basic,9.08,39,Asia,Mobile,8.99,1,Gift Card,5,0.23,Horror
D2Ca8F35-33De-41F7-900D-D56232Be43E2,65,Other,Standard,4.68,4,Asia,Tv,13.99,0,Gift Card,1,0.94,Drama
A8A06958-F065-4125-Ad8C-1D43312E8635,40,Male,Premium,0.88,1,Europe,Mobile,17.99,0,Credit Card,2,0.44,Sci-Fi
8766Bf34-0235-4Bad-B3D3-4D855393Ec68,44,Male,Basic,3.32,16,South America,Desktop,8.99,1,Gift Card,4,0.2,Documentary
376A8158-1184-4952-Ad53-914E27Bc8D2E,21,Female,Premium,4.07,56,South America,Desktop,17.99,1,Credit Card,4,0.07,Action
6A551Fc0-60A5-483F-A823-De6Ecf0Ed3Fc,50,Female,Basic,11.25,13,Asia,Tv,8.99,0,Crypto,4,0.8,Sci-Fi
316B13Ff-974F-46Ee-A535-0Eb0D54Dbf08,69,Other,Standard,6.46,16,Oceania,Tv,13.99,0,Debit Card,2,0.38,Drama
9A579630-34Ed-41Af-9605-6D16463F51A3,31,Male,Basic,4.83,15,Europe,Laptop,8.99,1,Credit Card,4,0.3,Horror
99D26B54-A532-497D-891A-457988B8A000,66,Other,Premium,0.27,59,North America,Tablet,17.99,1,Gift Card,2,0.0,Documentary
B75B9Ecb-D8Bf-486E-A896-153A2039Cc85,64,Female,Premium,22.59,24,South America,Tv,17.99,0,Credit Card,4,0.9,Romance
C6Aa9949-Ba46-4793-8045-C6C9F528801D,69,Other,Premium,13.4,11,North America,Laptop,17.99,0,Debit Card,3,1.12,Comedy
F0D16Cce-516B-4B52-B541-146Fa115D382,47,Other,Standard,6.85,2,North America,Mobile,13.99,0,Gift Card,3,2.28,Romance
26028D11-A0Cb-4305-89A4-F481F1Dcc51E,70,Male,Standard,4.17,38,South America,Tablet,13.99,1,Paypal,1,0.11,Sci-Fi
866D76De-F261-47Fd-A76B-04D26F4354Cd,44,Male,Standard,29.87,6,Africa,Mobile,13.99,0,Gift Card,3,4.27,Drama
D20F17D4-829D-452F-8B9C-28B86A17Ba70,67,Female,Standard,1.63,58,North America,Mobile,13.99,1,Gift Card,3,0.03,Documentary
D28C2Ac2-60Ec-4630-B868-74Ac7E722Cf0,66,Other,Standard,20.65,58,North America,Desktop,13.99,0,Paypal,4,0.35,Documentary
51159C3C-65Bd-4E2F-Be01-7B65Fec7Cc64,57,Male,Premium,11.09,9,Oceania,Mobile,17.99,0,Gift Card,3,1.11,Romance
5Ae85Ada-Ce4A-4E43-9055-Cba17Bc8E5E9,53,Female,Premium,5.65,24,Asia,Tablet,17.99,0,Credit Card,2,0.23,Sci-Fi
Ac609128-C66E-4721-84Fe-5Bc8669Abe15,67,Male,Basic,17.44,3,South America,Laptop,8.99,0,Credit Card,3,4.36,Romance
8A796Eb5-411E-4659-8712-F55009816C45,35,Male,Standard,3.65,42,North America,Tablet,13.99,1,Debit Card,1,0.08,Drama
C9178B03-A423-4479-8770-A7799B9F3714,63,Female,Standard,1.66,0,Europe,Desktop,13.99,0,Crypto,1,1.66,Comedy
0E194852-0Ef1-49Eb-Ace7-3995062E3482,53,Female,Basic,2.6,46,Europe,Desktop,8.99,1,Gift Card,5,0.06,Sci-Fi
8045A861-A968-4B58-89C6-Dc15C6Fd41E8,24,Female,Premium,2.48,19,North America,Mobile,17.99,1,Debit Card,2,0.12,Sci-Fi
Ea08302A-40C0-4E80-A0F6-0D4De8353A19,28,Other,Basic,22.74,28,South America,Tv,8.99,0,Gift Card,1,0.78,Sci-Fi
3F98Db89-Eb95-4Beb-9376-Cb7E68D988Cc,69,Male,Premium,27.12,3,Asia,Tv,17.99,0,Credit Card,5,6.78,Drama
44E5Ebf4-9957-4C99-Addf-0966Df3B2Db4,58,Female,Basic,5.87,37,Europe,Tv,8.99,1,Paypal,5,0.15,Sci-Fi
3Ef7Aba6-D2Db-4Bf8-9700-8Eaa5F286Afe,50,Other,Basic,8.97,56,Asia,Laptop,8.99,1,Credit Card,4,0.16,Comedy
3386B0B9-C2Dd-4Bc0-Aa2F-87Fbd712D354,24,Female,Basic,3.74,38,Africa,Laptop,8.99,1,Debit Card,4,0.1,Drama
8B113Aca-3087-4316-B980-6925A693Dc6E,60,Male,Standard,1.38,41,Africa,Laptop,13.99,1,Debit Card,3,0.03,Drama
Ac6E7C60-12D5-49F7-927E-A32412E81B93,52,Other,Basic,8.9,23,Asia,Mobile,8.99,1,Paypal,1,0.37,Comedy
0566C602-68E3-47C4-Baab-F9Dd4Db9Dbea,70,Other,Standard,6.76,41,Asia,Tablet,13.99,1,Crypto,2,0.16,Horror
D5146E9C-493C-4165-A588-0340F585331C,24,Female,Basic,5.25,28,Asia,Laptop,8.99,0,Gift Card,4,0.18,Comedy
D3A4252B-A64C-4B21-99C8-Fa78272E30C8,40,Male,Standard,4.09,37,North America,Mobile,13.99,1,Gift Card,2,0.11,Sci-Fi
431C392C-36Ca-4Def-955A-566F02823C23,28,Other,Basic,13.38,23,North America,Tv,8.99,0,Gift Card,1,0.56,Sci-Fi
08Cc1C3F-Bd03-470E-9Ee5-F6206Ef8F0Ea,36,Other,Premium,5.79,21,North America,Laptop,17.99,0,Gift Card,3,0.26,Horror
4875Bcbf-Cc55-419A-8D9D-Cec963F0Dc03,39,Male,Standard,4.19,47,Europe,Laptop,13.99,1,Crypto,2,0.09,Horror
57Ffc492-Dcb6-416B-A4F3-7109014Eb262,26,Female,Premium,3.87,45,Asia,Tv,17.99,1,Gift Card,2,0.08,Documentary
Ecbbc218-4C84-4F64-Bb43-Ea339A091B4B,25,Female,Premium,6.49,14,North America,Tablet,17.99,0,Credit Card,1,0.43,Drama
E8F09351-F30E-4E46-9128-Fd3307Db7769,21,Male,Standard,1.02,23,Asia,Tablet,13.99,1,Paypal,3,0.04,Documentary
C0687495-Cb7E-4949-B63F-9532608D32F6,46,Male,Basic,9.09,60,South America,Desktop,8.99,1,Gift Card,1,0.15,Action
24Fae6E6-0303-46Ef-835F-1123D6500129,45,Female,Premium,3.45,44,South America,Tablet,17.99,1,Crypto,3,0.08,Action
C19Ffda9-Ff61-4Dcc-83A6-1C12Abf91B0F,54,Female,Standard,10.91,37,South America,Tablet,13.99,0,Paypal,5,0.29,Documentary
22D0434E-3D72-42D0-A21D-0815D6Fed80D,60,Other,Basic,8.89,23,Europe,Tv,8.99,1,Crypto,3,0.37,Romance
815Bed6B-02Ad-465B-9F68-C07C508524Ce,39,Other,Basic,9.96,22,South America,Tablet,8.99,0,Gift Card,5,0.43,Drama
E9063Abe-14F1-4A30-Ac69-04109B0Bd3A6,34,Male,Basic,0.35,57,Asia,Tv,8.99,1,Gift Card,1,0.01,Comedy
Bc6D4F0A-746B-4B43-B1A9-9A39Dac02D85,52,Other,Basic,10.08,46,Oceania,Laptop,8.99,1,Crypto,5,0.21,Sci-Fi
0D120F0A-8B1E-4A3F-8F4C-B9Da5114D22E,19,Female,Premium,11.97,17,North America,Desktop,17.99,0,Paypal,4,0.67,Action
4Bb417Fa-6C40-4649-A180-C6E5C6011565,21,Male,Standard,0.66,5,South America,Laptop,13.99,1,Crypto,1,0.11,Horror
89C72886-D4Cd-472C-82F4-82A56283Ff8C,27,Male,Premium,1.04,26,North America,Laptop,17.99,0,Paypal,4,0.04,Documentary
5Cbe23Ea-3Cac-44B7-B6Cb-E6Ccd8E6224C,66,Male,Premium,18.23,38,South America,Tv,17.99,1,Paypal,2,0.47,Action
6C7A0786-5Bbd-45A6-Bf15-A8Ca2018Cb9F,35,Other,Premium,2.86,16,Oceania,Mobile,17.99,1,Debit Card,1,0.17,Comedy
524D67C4-A4D6-46C4-853A-A934C0Ccfeea,35,Male,Standard,3.52,24,South America,Mobile,13.99,1,Crypto,5,0.14,Action
2Eb3Cff4-1B23-4D37-A3Dd-71E3A5A0E463,52,Other,Basic,8.45,58,Oceania,Tv,8.99,1,Paypal,3,0.14,Documentary
57E4Fad4-7Fad-49Ec-Aa15-9E560B0Fffae,57,Female,Premium,0.69,24,Europe,Mobile,17.99,1,Crypto,5,0.03,Sci-Fi
A9Ffad05-0E54-445D-Ad0D-A8A8Da93F6C1,64,Other,Premium,6.26,16,North America,Mobile,17.99,0,Debit Card,5,0.37,Drama
1D6B8014-2Fc0-431E-Aa3E-4754E38B957D,31,Male,Basic,21.84,44,South America,Laptop,8.99,1,Paypal,2,0.49,Documentary
73062Adc-8195-4300-838C-E746775A3183,19,Female,Standard,35.54,58,Europe,Tv,13.99,0,Debit Card,5,0.6,Documentary
A20D885B-6335-48E3-Bdd1-E4F60Ebe2B61,36,Other,Premium,12.74,58,Asia,Desktop,17.99,1,Crypto,2,0.22,Drama
Ec5C1648-1C9B-42Ec-932F-3303D2F85Fbf,31,Other,Basic,33.1,28,South America,Laptop,8.99,0,Credit Card,2,1.14,Drama
992F57Db-5Fda-457C-84F3-Deb78B71D38D,35,Other,Premium,14.56,45,Oceania,Tv,17.99,1,Crypto,3,0.32,Romance
Dcea56C8-D72F-4F30-9Afb-5B064D171F83,65,Male,Premium,6.14,58,Asia,Desktop,17.99,0,Debit Card,4,0.1,Comedy
B91F25F0-5C8F-44E4-80Ff-F3F3Ed4Eb2Aa,66,Male,Standard,3.86,28,Africa,Laptop,13.99,1,Paypal,3,0.13,Sci-Fi
A2F7E258-4C9B-423F-B78F-23C8F482Ef7E,36,Male,Basic,0.19,5,Oceania,Mobile,8.99,1,Debit Card,2,0.03,Sci-Fi
Ded64A9A-2E56-4024-8A7E-81Dc3E63E121,51,Other,Standard,2.68,48,Asia,Laptop,13.99,1,Crypto,3,0.05,Comedy
Fe46B178-30B3-46Cf-Be44-Cac1F583F76C,52,Female,Basic,20.8,33,Europe,Tv,8.99,0,Credit Card,2,0.61,Romance
F40F674E-Adfa-4D99-Bff1-F4742C94A88F,37,Male,Standard,20.47,41,South America,Laptop,13.99,0,Paypal,3,0.49,Documentary
1C2F812E-Ae76-46Aa-Ba56-E47B71E83832,28,Male,Standard,6.56,30,North America,Laptop,13.99,0,Debit Card,4,0.21,Sci-Fi
8C571858-A16E-42D9-B4F0-71986F50D67E,65,Female,Standard,18.34,48,Europe,Mobile,13.99,1,Debit Card,1,0.37,Action
29152433-D03D-4D65-Bc6A-A13F5319A1D4,44,Male,Basic,1.45,18,South America,Tv,8.99,1,Credit Card,4,0.08,Horror
5Eb87Ccc-7Ce2-4502-B08E-4329D8B2B0Ab,52,Male,Standard,11.84,36,Europe,Tablet,13.99,0,Credit Card,4,0.32,Horror
D292C5C2-Afaa-4Fa5-B935-Feb18B9E3B50,40,Other,Basic,14.88,12,Oceania,Tablet,8.99,0,Debit Card,3,1.14,Sci-Fi
268F87Dd-8E50-4924-80B5-50821C1A67Ed,35,Other,Standard,11.54,41,Europe,Tv,13.99,0,Paypal,4,0.27,Comedy
88700Df7-F82A-4264-9795-7Dbce785Fddd,21,Female,Standard,9.13,7,Africa,Laptop,13.99,0,Debit Card,1,1.14,Drama
54F5Cc09-4077-40Dc-A4D7-F6Fb71E80F17,36,Female,Premium,3.85,46,North America,Tablet,17.99,1,Paypal,2,0.08,Horror
5440Ff01-6874-4316-A8De-332C14096E93,35,Female,Premium,22.18,18,Africa,Mobile,17.99,0,Debit Card,1,1.17,Comedy
9659348B-2121-44Af-Ba88-7D3C1E7F84A7,45,Male,Basic,3.05,59,North America,Tablet,8.99,1,Credit Card,1,0.05,Action
A16386A4-1670-4F10-828F-3Ac3C2B798B5,51,Male,Standard,5.54,26,Oceania,Tablet,13.99,0,Debit Card,4,0.21,Documentary
B85A5Deb-Eba1-4241-A0C4-Ad0Cc05072B3,22,Male,Premium,37.12,36,Europe,Desktop,17.99,0,Debit Card,2,1.0,Sci-Fi
F979C22F-3961-4834-9F65-00418173B159,59,Female,Basic,4.06,9,Africa,Laptop,8.99,1,Gift Card,5,0.41,Sci-Fi
2Df5009F-Ba10-43B8-A428-572544188B0A,68,Other,Standard,0.68,20,Europe,Tv,13.99,0,Paypal,5,0.03,Comedy
Dd3C1Cea-8F2B-4191-Ab60-Ecf158741648,25,Other,Basic,13.34,49,Africa,Desktop,8.99,1,Credit Card,1,0.27,Action
D3Be3978-5F44-44C2-Ba5C-5Efda55C0788,68,Other,Premium,1.89,4,South America,Laptop,17.99,0,Credit Card,4,0.38,Documentary
915Eb940-938F-4970-8Bbf-9030603Ae745,60,Other,Premium,2.79,9,Africa,Desktop,17.99,0,Paypal,5,0.28,Horror
76D82511-A6F4-4F45-Ba69-2717608C288F,65,Male,Standard,1.0,47,Asia,Mobile,13.99,1,Credit Card,4,0.02,Sci-Fi
96Dd615F-2A29-4B16-8C77-24D24Cfccee9,28,Male,Premium,17.43,36,North America,Desktop,17.99,1,Crypto,3,0.47,Drama
59C7D7A5-6A3B-4790-9380-F763A497E0Fa,47,Other,Basic,8.37,27,Europe,Tablet,8.99,0,Gift Card,5,0.3,Comedy
980Bdfc4-9915-4Faf-807D-013D3B374Fcd,64,Female,Standard,12.3,16,Europe,Tablet,13.99,0,Paypal,3,0.72,Comedy
1954Befc-D7F8-4599-9Ed6-70Debad7D22F,30,Male,Standard,3.31,29,Asia,Tv,13.99,1,Debit Card,1,0.11,Documentary
454A2114-082E-4421-9Edb-12F83E186686,27,Male,Standard,25.23,20,South America,Mobile,13.99,0,Debit Card,5,1.2,Drama
3Ed1E81A-004F-4F9A-9C08-516Cd36F8F79,57,Male,Standard,17.87,36,Africa,Tablet,13.99,0,Paypal,4,0.48,Action
4E1D4840-8Dd1-44Ec-8965-B46C39A19D9D,66,Female,Standard,3.01,4,Africa,Tablet,13.99,0,Credit Card,2,0.6,Comedy
9Efa65Da-9012-443D-8E26-Ec27937Ea9D1,21,Other,Premium,13.63,3,Asia,Laptop,17.99,0,Crypto,1,3.41,Comedy
654257Bf-3F17-4Ffd-8A54-3410E94A9954,51,Male,Standard,18.53,30,Oceania,Tv,13.99,0,Credit Card,3,0.6,Drama
A4D2A10A-B24E-4B17-8Dc3-095C6A1A2B87,70,Male,Basic,1.35,46,Oceania,Mobile,8.99,1,Gift Card,5,0.03,Comedy
F57Ae19E-Fab1-45E4-9372-C2574A68Aa43,22,Male,Premium,18.97,55,North America,Tablet,17.99,1,Credit Card,2,0.34,Romance
27E77Aca-Ad72-4A6B-Bda0-C438D5Aa92E9,29,Male,Standard,13.38,14,North America,Tv,13.99,0,Paypal,5,0.89,Horror
F3848A3D-1201-49B8-Bb23-7Cbc6A08368B,22,Other,Standard,25.13,1,Africa,Desktop,13.99,0,Gift Card,2,12.56,Romance
8F35Fbad-1939-4A3C-A811-Bbe07Ef61935,33,Female,Premium,0.44,17,North America,Mobile,17.99,1,Crypto,4,0.02,Romance
89F9379B-Bb79-4B69-Bdc7-B09D9A1Fa20C,56,Other,Premium,3.39,45,Oceania,Tablet,17.99,1,Debit Card,3,0.07,Drama
6138F11F-9232-4A82-Bed6-C62B92161Da7,21,Other,Basic,20.67,38,North America,Tv,8.99,1,Crypto,1,0.53,Comedy
355644Db-E0Bf-43B2-8Be7-36A1205265C7,32,Male,Standard,2.91,13,Africa,Tablet,13.99,1,Crypto,2,0.21,Romance
86966Fb9-Ef7F-481F-A784-E39Ac267B56F,22,Female,Standard,0.63,9,Europe,Tablet,13.99,1,Debit Card,3,0.06,Action
94Fc55C1-643C-481F-8545-A970F5E10703,26,Other,Basic,11.89,37,South America,Tablet,8.99,1,Credit Card,2,0.31,Romance
3Eaad6F4-7F15-4C49-87D7-E05105C2Eea3,63,Male,Premium,0.81,13,Asia,Mobile,17.99,0,Credit Card,5,0.06,Romance
2A81Ec64-9B95-44Ac-9Bbd-3E77E004436E,59,Male,Basic,7.32,52,Europe,Laptop,8.99,1,Paypal,3,0.14,Romance
D4C626A2-6B6F-412F-B35F-453Cc57A08B7,44,Other,Standard,14.26,20,North America,Laptop,13.99,0,Paypal,1,0.68,Sci-Fi
7A65B354-9F0C-44Fa-A680-0E9D3C87C73E,59,Female,Premium,1.7,54,Oceania,Tv,17.99,1,Crypto,3,0.03,Romance
88Bacbc1-Bb05-43Ac-A090-35F31E6074D8,70,Male,Standard,29.3,53,Asia,Laptop,13.99,0,Paypal,3,0.54,Drama
8100Db00-7B75-4069-93F5-Cf74502A98C4,36,Other,Standard,15.58,43,North America,Mobile,13.99,0,Credit Card,4,0.35,Comedy
21205Edc-2Ffb-4Dce-B6A4-13Ad8A8450Bf,53,Female,Standard,1.72,19,Asia,Tv,13.99,1,Credit Card,1,0.09,Horror
450B6E68-026E-4D1B-B9Bb-597F2A9B1Bdc,35,Other,Premium,14.46,44,North America,Tablet,17.99,1,Debit Card,1,0.32,Action
B266559F-Da1E-48D0-A279-C7B37Cdc5899,24,Male,Basic,5.91,25,Oceania,Laptop,8.99,1,Paypal,1,0.23,Action
86765856-Af6D-4291-8299-8Ef70972A583,68,Other,Basic,6.53,6,Europe,Laptop,8.99,0,Paypal,4,0.93,Documentary
B76C94Bc-Af32-4A71-Ae69-9A2C713Cb696,40,Female,Standard,4.26,49,Europe,Tv,13.99,1,Debit Card,4,0.09,Documentary
930Be712-Ec74-4260-8C2C-C52F7F2327B7,36,Other,Basic,22.43,2,South America,Tablet,8.99,0,Crypto,4,7.48,Romance
2A290E33-1F4C-4B59-88D5-Bb9Fb03129Ea,70,Other,Basic,23.08,25,South America,Tv,8.99,0,Debit Card,3,0.89,Comedy
A338Aff4-Ae1A-45Ce-Bea5-Bce572Efe8C1,68,Female,Premium,0.2,32,North America,Laptop,17.99,1,Crypto,1,0.01,Horror
Acb287E0-75A9-4889-8Eb6-323D15Cc7De3,23,Other,Basic,6.27,52,Europe,Laptop,8.99,1,Gift Card,5,0.12,Sci-Fi
087F0011-86Fb-4327-A18A-536A08Edfb5D,68,Other,Premium,1.67,18,Africa,Mobile,17.99,1,Paypal,3,0.09,Romance
Adf1A226-5359-44E7-8690-Bbe814Ff2Ac3,19,Female,Standard,0.93,26,North America,Laptop,13.99,1,Debit Card,3,0.03,Action
785E0652-1283-4C68-A635-E96F3140Cbcc,62,Male,Premium,4.25,40,Asia,Mobile,17.99,1,Credit Card,2,0.1,Comedy
B4147601-494D-43C8-8Ff2-1320Cc1D525F,60,Female,Premium,11.15,49,South America,Desktop,17.99,1,Crypto,5,0.22,Romance
8F340B20-Ff03-4B80-9530-Ef215931E3B9,31,Other,Premium,21.92,54,Asia,Tv,17.99,0,Paypal,3,0.4,Documentary
7116A96F-6D6E-46D3-8176-93513053D545,31,Male,Premium,3.81,39,Asia,Tv,17.99,1,Crypto,1,0.1,Documentary
B2B8Ae31-Eb8A-40A3-A5D9-B131324D826B,37,Male,Standard,0.02,10,Europe,Tv,13.99,0,Paypal,5,0.0,Sci-Fi
8C10Da11-2Dd5-4223-888E-117A748F3107,20,Other,Premium,16.64,40,Europe,Desktop,17.99,1,Gift Card,3,0.41,Drama
2F5798A1-Fb24-4Efb-932C-6B0A926A6290,36,Male,Premium,3.24,53,South America,Desktop,17.99,1,Paypal,1,0.06,Drama
0F08014B-Da6E-4B79-8171-2C51Bdce39A2,43,Male,Premium,11.97,57,Asia,Tablet,17.99,1,Debit Card,2,0.21,Drama
7Abbcd40-0866-480D-9824-635556Dbeac1,25,Female,Basic,2.53,25,North America,Desktop,8.99,1,Debit Card,1,0.1,Documentary
7D2D65F3-Ed1F-4425-A325-8F8E43594E69,50,Female,Standard,8.43,16,Europe,Tv,13.99,0,Paypal,3,0.5,Documentary
4A8B2Fa1-8C5E-47F2-9801-C168Aa84121D,70,Male,Premium,3.19,24,Asia,Desktop,17.99,1,Crypto,2,0.13,Sci-Fi
9C2Bece6-8C3E-409B-Bf83-40E0508A45Cc,47,Male,Premium,9.82,55,North America,Mobile,17.99,0,Debit Card,5,0.18,Drama
Ed0F871A-C1Bc-4B93-9F5D-E2D90206146B,42,Female,Basic,1.52,48,Africa,Tablet,8.99,1,Debit Card,5,0.03,Romance
B4C3Ab7D-546B-4666-9E31-79D34941B0Ae,57,Male,Premium,24.49,46,Oceania,Tv,17.99,0,Gift Card,4,0.52,Action
01B3B3Ce-2C57-42D6-Aca9-497B62A1C66B,69,Female,Standard,3.35,5,Europe,Laptop,13.99,0,Gift Card,4,0.56,Action
485931A6-Ccb3-4436-9554-430Fbc8D189A,55,Male,Premium,1.2,32,Europe,Desktop,17.99,1,Credit Card,4,0.04,Drama
F6Bb630E-6A2D-42E4-9371-A598462B1515,40,Male,Premium,4.68,5,Europe,Tablet,17.99,0,Debit Card,4,0.78,Horror
D72A2Ac1-389D-4500-8F2A-65253Fd4Ebc3,52,Male,Standard,17.26,58,North America,Mobile,13.99,1,Crypto,4,0.29,Comedy
5Ad14C26-01D1-47D0-97D0-C57Fe72F84Ee,49,Female,Standard,11.88,41,Asia,Desktop,13.99,0,Credit Card,4,0.28,Horror
4C0287B1-Cf45-4107-A454-Cd7C56D26948,61,Other,Premium,4.58,33,Europe,Mobile,17.99,1,Gift Card,4,0.13,Comedy
F6Ab90B9-5E01-429E-Aac6-B858B434B20C,63,Other,Premium,3.98,43,Asia,Laptop,17.99,1,Paypal,2,0.09,Horror
B9Ae2A97-9Bb7-42F3-B6A9-4C90F221Ce64,66,Male,Basic,8.68,50,Oceania,Mobile,8.99,1,Paypal,3,0.17,Sci-Fi
C20324F1-17E6-4484-B4Bc-8671F89E607E,65,Female,Premium,10.55,25,Africa,Laptop,17.99,0,Gift Card,5,0.41,Drama
B98Db897-F857-4C18-Ba27-C667B30C0Dfe,47,Female,Standard,0.55,40,Asia,Tv,13.99,1,Paypal,3,0.01,Horror
8A229D09-04C2-4922-8645-C46Ee272Ebd2,47,Female,Basic,4.69,46,Europe,Laptop,8.99,1,Crypto,2,0.1,Sci-Fi
7D6F9C3E-50E3-4059-B5D0-Bbc9Fcbd3910,45,Other,Standard,26.82,41,Oceania,Mobile,13.99,0,Credit Card,5,0.64,Romance
93B8F61C-4375-49Bc-A30D-54B4C319F266,68,Female,Basic,3.07,49,South America,Laptop,8.99,1,Credit Card,3,0.06,Romance
B28Cfde3-38E8-4Dac-943D-C148414757B1,70,Other,Standard,25.23,7,Oceania,Laptop,13.99,0,Gift Card,3,3.15,Comedy
3B478Fcf-D4A2-4C33-B050-0B45Af3C0679,48,Male,Basic,0.31,37,Asia,Mobile,8.99,1,Crypto,2,0.01,Action
Ba626D62-C8F5-4F0E-90Da-05C8B526E564,26,Female,Basic,28.65,15,Europe,Laptop,8.99,0,Credit Card,4,1.79,Documentary
Dda37D3A-C038-448E-894D-630954F9Fd3F,66,Male,Premium,5.17,18,North America,Laptop,17.99,0,Gift Card,3,0.27,Drama
12F3Fe4C-C868-4E9E-82De-21F630Ec1E46,34,Male,Basic,1.82,60,North America,Mobile,8.99,1,Debit Card,1,0.03,Romance
2Cc87Dcd-7955-4Ec0-B520-000D68D18181,48,Male,Basic,34.5,42,North America,Mobile,8.99,0,Gift Card,5,0.8,Documentary
Eb14315F-33E7-4020-B9F6-F94F2B357828,68,Female,Standard,18.07,1,Asia,Tv,13.99,0,Crypto,3,9.04,Horror
A7Bcd2D8-77B6-48B7-Ba44-4A1939Df29Fb,36,Male,Standard,15.05,37,Africa,Desktop,13.99,1,Crypto,2,0.4,Romance
21A8Aaa5-6Af5-4756-Be7D-57B226F5C7F3,67,Other,Basic,10.82,53,South America,Tv,8.99,1,Gift Card,5,0.2,Sci-Fi
06863A94-2C2D-48B6-8770-Af0D3D8A0948,22,Male,Standard,4.84,32,South America,Mobile,13.99,1,Debit Card,3,0.15,Action
2B8002E0-B5F8-48F3-89D2-E7690E565274,45,Male,Basic,9.31,51,Africa,Tablet,8.99,1,Paypal,2,0.18,Romance
16A3E295-Eada-4912-A842-8A4Ed842D77B,61,Female,Standard,2.27,27,Oceania,Desktop,13.99,1,Credit Card,3,0.08,Documentary
4D1Caeb4-9Ec4-4179-Bb9B-Ff2Fd6206951,70,Other,Premium,18.73,41,Asia,Laptop,17.99,1,Crypto,4,0.45,Romance
A7F9Da07-1C52-4Dc2-9Ba9-9F3F2B901Acd,35,Male,Premium,16.78,15,Oceania,Laptop,17.99,0,Paypal,2,1.05,Documentary
483D0F42-E4Be-4801-Acaa-Ece87555Fe7E,37,Other,Basic,24.82,46,North America,Tv,8.99,0,Crypto,2,0.53,Romance
8B0943Cb-2Fd8-4Ef7-9255-13Bf11E0932D,54,Female,Premium,11.6,33,Africa,Tv,17.99,1,Gift Card,4,0.34,Horror
9B551D02-4450-4882-Abca-6Fc87F625427,61,Male,Basic,16.1,0,Oceania,Tv,8.99,0,Debit Card,1,16.1,Action
C3665E92-E3C1-4F8F-838F-149F8747Bf10,20,Female,Basic,12.66,8,Africa,Tv,8.99,0,Paypal,5,1.41,Comedy
97677Cac-6110-4Fca-8580-98B42A698B5C,19,Male,Basic,4.03,20,South America,Laptop,8.99,1,Gift Card,5,0.19,Drama
22D560A5-E928-4526-9802-5C31Ca8Ae3Ca,18,Female,Standard,5.81,49,Europe,Laptop,13.99,1,Paypal,2,0.12,Sci-Fi
9D8Fb170-2207-4356-9A79-049A27Db6Af1,47,Other,Standard,3.5,32,Europe,Tablet,13.99,1,Crypto,1,0.11,Sci-Fi
E2C388E8-73E3-43F6-930B-1787B2345D9D,37,Female,Premium,0.83,45,Europe,Tv,17.99,1,Debit Card,4,0.02,Documentary
95B2428F-6C41-4839-99D9-9E87A3Ae603E,65,Male,Standard,5.46,55,South America,Tablet,13.99,1,Paypal,2,0.1,Sci-Fi
4B04Bf41-8529-490F-Aad3-1C84E6F8B8E7,26,Other,Premium,19.48,16,South America,Desktop,17.99,0,Crypto,5,1.15,Romance
84505D11-F057-48B5-A9Ff-B18E99E81Dcc,38,Other,Basic,8.81,17,Africa,Mobile,8.99,0,Debit Card,4,0.49,Romance
1Bf23E82-0B9D-4E22-92Aa-4B8017E43F61,67,Female,Premium,4.2,3,South America,Desktop,17.99,0,Crypto,5,1.05,Action
984D419A-835E-49Dd-Be89-Bb42Da17C25A,20,Other,Standard,11.97,2,Africa,Mobile,13.99,0,Crypto,5,3.99,Comedy
532673Fd-E1A4-45Bd-8652-63Aaba3617A6,38,Female,Standard,4.06,26,South America,Desktop,13.99,1,Crypto,5,0.15,Comedy
64D4E2F0-B796-4477-A2B9-Dcb8D011E50F,59,Other,Basic,7.97,11,Asia,Tv,8.99,0,Crypto,1,0.66,Action
24586107-5506-4471-A0Fe-C2F6Bdbe3A78,37,Male,Premium,8.02,53,North America,Tablet,17.99,1,Gift Card,4,0.15,Comedy
Ec2Ed7B8-5675-4D32-B413-406Ef8F75E89,54,Other,Standard,2.79,1,South America,Tv,13.99,0,Credit Card,1,1.4,Action
Aa265A76-E810-4938-8736-3D1Eedaa4584,24,Female,Standard,11.33,47,North America,Mobile,13.99,1,Credit Card,3,0.24,Comedy
496B3Ef6-6A0A-4F3B-A4E2-5369A458408A,69,Male,Premium,20.29,37,North America,Tv,17.99,0,Debit Card,5,0.53,Horror
Ab89E0Ee-0F2C-405F-A6F5-2D32D8179218,24,Female,Basic,9.13,10,Asia,Laptop,8.99,0,Debit Card,4,0.83,Documentary
5C9B9Dd1-47D9-4F4F-9E25-D4E7Aaaa27A5,58,Other,Standard,13.23,18,Asia,Laptop,13.99,0,Debit Card,5,0.7,Comedy
Cdf8F775-0D9F-4Cbf-Ba73-91Ed31Fbcf5B,44,Male,Premium,13.56,14,Asia,Desktop,17.99,0,Debit Card,1,0.9,Documentary
B7D06409-49Ad-4E7A-9C82-12205A0A36B2,50,Male,Standard,30.53,31,North America,Desktop,13.99,0,Gift Card,5,0.95,Action
93226922-B654-47D2-Bee2-6801Bd2F8Ced,66,Other,Premium,14.15,14,South America,Mobile,17.99,0,Paypal,1,0.94,Action
E686A25C-0048-4481-B94E-B2668948Bd5A,40,Other,Basic,24.02,23,Asia,Laptop,8.99,0,Paypal,5,1.0,Documentary
9D51A596-157A-488B-955E-4C821202E8F5,25,Male,Standard,7.35,41,Asia,Tv,13.99,1,Credit Card,1,0.17,Documentary
2Fcf265C-B3A8-4D0C-9Cb0-3Adc351832F6,31,Female,Basic,3.89,0,Oceania,Laptop,8.99,0,Credit Card,3,3.89,Romance
6232C7Ae-F01E-4Ac3-845C-0F5A3F151E40,61,Male,Standard,4.14,30,Asia,Laptop,13.99,1,Credit Card,2,0.13,Drama
1B0A8496-8374-45F8-9D5C-41C5F0749Ccf,36,Male,Basic,6.54,28,Oceania,Laptop,8.99,0,Debit Card,5,0.23,Action
309B7813-E5Ae-4120-Aeae-303993C0136A,60,Male,Standard,6.23,19,South America,Desktop,13.99,0,Paypal,5,0.31,Documentary
259E4B86-1544-4C6B-A093-D429692Cdf4D,54,Male,Premium,6.26,51,South America,Desktop,17.99,1,Gift Card,3,0.12,Horror
C5922E16-8D07-4107-Bf11-7A7D14353F44,57,Male,Premium,7.79,46,Europe,Tv,17.99,1,Crypto,5,0.17,Documentary
9D5Ba8A6-0786-4B13-9C64-881480979699,20,Female,Basic,1.0,32,Africa,Tablet,8.99,1,Credit Card,2,0.03,Romance
Fdd9D730-Eff6-4C49-86A3-1A8Dbf9069F7,18,Female,Standard,9.29,52,Asia,Mobile,13.99,1,Paypal,2,0.18,Horror
0C40Bdbb-D30B-489E-Ac36-91Ab09Dfdeab,57,Male,Basic,3.31,57,Europe,Mobile,8.99,1,Gift Card,2,0.06,Drama
Bf7Ba12E-D46E-470F-A5B2-Ac24E64E1000,33,Female,Standard,19.28,19,North America,Tablet,13.99,0,Credit Card,4,0.96,Sci-Fi
Dd0F0Abf-7Da7-451D-8303-5C9D4E6C7686,68,Female,Premium,23.8,4,Oceania,Tablet,17.99,0,Crypto,2,4.76,Sci-Fi
40Bdcfc1-Aa37-4245-8B1A-5457Ee4C3329,66,Female,Premium,7.68,15,South America,Tablet,17.99,0,Crypto,4,0.48,Drama
8830A083-De96-4D43-A32B-E3862941A35D,30,Male,Basic,6.54,20,North America,Tablet,8.99,1,Debit Card,1,0.31,Drama
029A667B-D5E3-4E33-8804-Ae8Ad6593A7D,38,Female,Basic,7.92,18,South America,Tv,8.99,1,Crypto,1,0.42,Sci-Fi
B4C0A5B3-9910-4D8D-A34B-C7Ac6672E6C3,55,Other,Premium,4.36,52,Oceania,Desktop,17.99,1,Crypto,2,0.08,Comedy
7630541E-4Db2-42E7-9Ec2-Cbad37Db0B46,31,Male,Basic,11.88,56,Africa,Tablet,8.99,1,Debit Card,5,0.21,Sci-Fi
0Fbffe99-Eba0-4A18-B1F4-42B9E249Dfae,33,Female,Premium,0.06,53,North America,Desktop,17.99,1,Paypal,3,0.0,Horror
18D21Cf8-Fa88-4759-9Ae3-81E1D3Fc58Fd,63,Female,Standard,18.49,13,Europe,Tv,13.99,0,Paypal,1,1.32,Drama
8036Cdac-84B1-4B10-Abd3-F32109C28D1E,45,Other,Basic,6.87,11,Europe,Laptop,8.99,0,Debit Card,3,0.57,Drama
A981B14D-307E-40E0-B1Ac-65F5B3B6621D,24,Male,Basic,0.75,26,North America,Laptop,8.99,1,Gift Card,2,0.03,Drama
D65621Ad-D7C8-43Cb-B2D5-338Df3A9E044,35,Other,Basic,8.87,10,Oceania,Laptop,8.99,0,Credit Card,2,0.81,Drama
1Afd1Afc-9A16-4A59-9391-B5165327D402,69,Male,Basic,21.53,7,North America,Laptop,8.99,0,Crypto,3,2.69,Comedy
6242664E-528E-49C3-Bd6D-D0449F66Cc35,50,Other,Standard,7.54,18,South America,Desktop,13.99,0,Credit Card,4,0.4,Action
Ce42525A-3F98-4E08-96D5-22881F3069Cb,69,Female,Premium,6.95,54,Europe,Desktop,17.99,0,Debit Card,5,0.13,Action
B25014F9-A877-4644-8Ca2-3Ecc383Aede2,37,Other,Premium,58.79,27,North America,Mobile,17.99,0,Crypto,3,2.1,Drama
A92E0986-Aa29-4342-A381-38B070A25697,50,Other,Basic,18.87,28,Oceania,Mobile,8.99,0,Crypto,4,0.65,Action
72B7Cdc5-7D03-4550-8Bc6-28Db784Dc8Ca,56,Other,Premium,0.12,10,Oceania,Laptop,17.99,1,Crypto,4,0.01,Horror
39De63F4-D266-4Abf-B0F2-369D426Acb2A,29,Female,Premium,17.11,5,South America,Mobile,17.99,0,Crypto,1,2.85,Horror
2858E12C-4B07-4C7D-98D7-1C54F6E93Ae1,48,Male,Basic,3.88,17,South America,Mobile,8.99,1,Debit Card,1,0.22,Action
B6B9253B-918D-45E9-8A32-50B03Cd7E969,28,Male,Premium,9.22,44,Europe,Desktop,17.99,1,Credit Card,3,0.2,Drama
56E18A3C-3306-426A-87F4-A30881570966,19,Other,Standard,1.86,13,Asia,Laptop,13.99,0,Paypal,4,0.13,Documentary
924F48Da-83Dd-4188-81E0-30D3D4B7753A,35,Other,Standard,5.16,17,Oceania,Mobile,13.99,0,Credit Card,4,0.29,Comedy
Af8F5153-7336-4Fda-9255-900C86922Fef,51,Other,Basic,1.5,34,South America,Tv,8.99,1,Crypto,2,0.04,Documentary
11C276Ad-6Bf4-4E1E-Bd5C-Ae39Ed4Bad89,66,Male,Premium,5.73,58,Europe,Desktop,17.99,1,Paypal,1,0.1,Action
3F02596B-E0E2-4A15-8142-60D5D4Ea59Cb,55,Male,Basic,10.19,5,Europe,Desktop,8.99,0,Paypal,3,1.7,Action
31Ff060B-E65E-4Ff9-B663-Dc0431F70C17,63,Male,Basic,6.81,18,Europe,Tv,8.99,0,Gift Card,4,0.36,Comedy
2033F502-Adfa-4Ac1-8Bfa-151Aa1C6B05B,27,Other,Premium,6.78,4,South America,Mobile,17.99,0,Paypal,3,1.36,Drama
0Eac3038-33Dd-4516-99Ec-84D02F68A2C5,34,Other,Standard,1.92,31,Oceania,Tv,13.99,1,Paypal,1,0.06,Action
A819F681-825A-48B6-9554-03C6Ca09838B,39,Other,Standard,8.6,37,Europe,Mobile,13.99,0,Credit Card,4,0.23,Action
2D0Da2Af-0C0A-45D2-90E2-09Bf79D186B2,34,Female,Standard,4.06,44,Europe,Tablet,13.99,1,Paypal,1,0.09,Drama
7E1Fcb2F-E933-483A-A590-2D30A6F08E1B,24,Female,Standard,30.49,39,North America,Tv,13.99,0,Paypal,1,0.76,Sci-Fi
94096F6C-620A-4Bb2-A60E-37Dd3F3B1C53,33,Female,Basic,6.73,46,South America,Desktop,8.99,1,Credit Card,2,0.14,Drama
47Bac1F0-D7Bf-4C0B-8489-888E89950661,62,Male,Basic,0.9,22,South America,Tablet,8.99,1,Debit Card,4,0.04,Romance
7D3A7Eb0-43Dc-437F-Acb9-23282Ba7030D,51,Female,Basic,7.61,23,South America,Tablet,8.99,1,Gift Card,3,0.32,Comedy
0473D552-6B1F-403D-82F0-Df9246E4Da81,48,Male,Basic,7.52,48,Asia,Desktop,8.99,1,Debit Card,3,0.15,Romance
F178D493-4E6D-4769-8E2A-Fb17B9E3B217,20,Male,Premium,6.94,45,South America,Mobile,17.99,1,Credit Card,1,0.15,Comedy
8Ef7Eacb-B757-4433-8663-81F540A1F53F,44,Male,Premium,0.62,22,Africa,Tablet,17.99,1,Paypal,2,0.03,Documentary
F51Adae7-Ef23-404A-A35B-Af069595Bfc3,62,Female,Basic,79.18,18,Europe,Tv,8.99,0,Credit Card,3,4.17,Documentary
5377482B-2831-42Cb-A580-2C8Bc3613Adc,41,Other,Basic,5.65,57,Africa,Tablet,8.99,1,Debit Card,5,0.1,Comedy
Cbd69447-6141-4D27-80E4-3D24B6720C99,51,Other,Premium,1.37,60,South America,Tablet,17.99,1,Paypal,4,0.02,Action
Aa5D28Fd-4C26-4F47-8Fca-552F071Cc0B4,39,Female,Standard,17.67,13,Europe,Tablet,13.99,0,Debit Card,3,1.26,Romance
651B3E7C-1854-42E0-9A77-5764C9372D8C,52,Other,Basic,9.57,25,South America,Tv,8.99,0,Debit Card,5,0.37,Horror
F8A4D03B-Fdf7-4Ee5-86E9-411E45645Bae,22,Male,Premium,2.14,52,Oceania,Tv,17.99,1,Paypal,2,0.04,Horror
3A24C949-E09E-4Bae-830B-2C5462Cf12Dd,23,Female,Basic,8.23,23,Oceania,Desktop,8.99,1,Paypal,1,0.34,Action
E14B47Da-804C-4813-9B11-42C5Bf7A7966,44,Male,Basic,24.96,35,Europe,Tv,8.99,0,Crypto,2,0.69,Documentary
2C38E8Ff-Cf40-454E-B3B0-740Af2A79Dc4,58,Female,Standard,2.53,54,Europe,Desktop,13.99,1,Gift Card,5,0.05,Sci-Fi
2B91949D-Dcf1-41Ea-A2D7-4C9314F5279D,37,Male,Standard,5.08,40,Africa,Laptop,13.99,0,Paypal,4,0.12,Documentary
C6Ef4026-E73C-488A-Ad6F-9928108317Be,62,Other,Standard,7.36,45,Africa,Laptop,13.99,1,Paypal,2,0.16,Horror
56A921C2-C213-45F1-9Dbb-De2E3301283A,22,Female,Basic,8.01,26,Europe,Tablet,8.99,1,Paypal,1,0.3,Drama
Ed940Bf8-Aee8-4084-Aea0-C94146D3A17C,59,Male,Standard,1.86,40,South America,Laptop,13.99,1,Crypto,5,0.05,Drama
9Dff2733-4De0-4A36-9C8C-0E7Dac7E36Da,67,Male,Premium,7.94,52,South America,Tablet,17.99,1,Crypto,1,0.15,Horror
F33Fab0F-Cdc4-4F27-927B-71B8540F1645,63,Female,Basic,1.84,15,South America,Desktop,8.99,1,Debit Card,3,0.12,Action
63A5E679-C714-4728-B7B1-Bd682373E173,23,Other,Basic,1.04,59,South America,Tablet,8.99,1,Credit Card,4,0.02,Comedy
Eb856Ff3-00F3-44E5-Be5B-0D895C9226E5,68,Male,Basic,24.34,16,Oceania,Desktop,8.99,0,Credit Card,5,1.43,Documentary
36C1E728-81E6-4D66-99A2-Cc8773D2Db30,42,Other,Standard,0.02,38,Europe,Desktop,13.99,1,Crypto,3,0.0,Romance
59851Cb6-1F00-424C-88B2-E1A5A3320650,61,Female,Premium,6.27,42,South America,Tv,17.99,1,Crypto,1,0.15,Action
D1A393F0-9E4C-481A-A923-37Ac3B34Df3E,39,Male,Premium,16.03,13,Asia,Tv,17.99,0,Credit Card,1,1.15,Documentary
351A84A4-4945-4956-A4F9-191886Ec3E59,22,Female,Standard,2.14,44,Oceania,Laptop,13.99,1,Crypto,4,0.05,Sci-Fi
4A96D981-4507-4E47-816A-6B5Cf721875F,46,Male,Basic,13.33,34,Asia,Laptop,8.99,1,Credit Card,2,0.38,Sci-Fi
Deb7873D-1Def-45Fa-Afd9-1Cd7A6C3B199,64,Male,Basic,15.97,6,Oceania,Mobile,8.99,0,Credit Card,1,2.28,Romance
F44Bb6F9-A8D9-4Bac-95Fc-6Fd46Ca8C65C,35,Male,Premium,11.07,12,Europe,Tablet,17.99,0,Paypal,3,0.85,Horror
02Ec2522-2Ad3-47C8-862A-0Ecbcd44D536,53,Female,Basic,7.84,0,North America,Mobile,8.99,0,Gift Card,3,7.84,Action
6308Bb89-2D05-4Eb5-B8B6-1A29Eaa86F65,40,Other,Basic,8.15,24,Africa,Laptop,8.99,0,Paypal,4,0.33,Horror
17Eb2D4C-2069-4247-9Ced-33E6Af1Ccd4F,41,Female,Premium,1.35,59,Asia,Laptop,17.99,1,Paypal,1,0.02,Horror
04664Fb8-2Dc2-49Fc-8F2F-2783Dcbe7443,26,Male,Standard,41.97,44,South America,Desktop,13.99,0,Gift Card,2,0.93,Romance
E401Cb19-1807-4C06-99Bc-0Cc66B195884,53,Other,Standard,7.16,33,Asia,Laptop,13.99,1,Debit Card,1,0.21,Drama
0567Aa10-7398-4Fb5-9Ad7-05Bc221Ccf7B,70,Female,Basic,12.25,8,Africa,Desktop,8.99,0,Crypto,3,1.36,Horror
0E38Ffca-1F73-4B0D-82C2-E19A2035Bab1,46,Other,Premium,8.98,13,Africa,Desktop,17.99,0,Gift Card,5,0.64,Romance
A3E71728-F0D7-4B75-Adf0-6Df1D25F662E,22,Other,Standard,21.77,26,South America,Tv,13.99,0,Credit Card,5,0.81,Romance
153F211F-8482-4Da2-89B4-44848Fa3Ee76,55,Female,Standard,50.26,53,Asia,Tablet,13.99,0,Credit Card,3,0.93,Comedy
25D139Fe-79A2-42A1-8A50-519177556977,26,Male,Standard,4.97,10,Africa,Laptop,13.99,1,Paypal,1,0.45,Horror
A7A5F733-C699-45Ee-8Aa3-22D484D8Dfba,43,Male,Premium,2.23,29,Oceania,Laptop,17.99,1,Gift Card,1,0.07,Documentary
C50B4664-7E7C-4C68-8615-0Dd35Ce09233,51,Female,Basic,12.86,32,Africa,Laptop,8.99,1,Paypal,5,0.39,Action
9A94D32F-E929-4B83-8Cb1-B58B14E15500,41,Male,Standard,9.19,45,North America,Laptop,13.99,1,Paypal,2,0.2,Drama
B1Fd18D0-3Bee-4D64-B41D-20Adab557168,25,Male,Standard,9.59,25,North America,Tv,13.99,0,Paypal,2,0.37,Action
92880Fff-5Ea0-438F-B82F-52Da83A48A2E,27,Female,Premium,5.82,49,Oceania,Laptop,17.99,1,Gift Card,2,0.12,Documentary
275285D4-3473-42Ef-9539-36F58642Ca2D,62,Male,Premium,5.94,16,Europe,Tv,17.99,0,Credit Card,4,0.35,Documentary
C7E04E58-Fe88-45E8-9B70-E8325D3C0D77,36,Other,Premium,25.4,46,Oceania,Laptop,17.99,0,Debit Card,5,0.54,Documentary
Ed3733C8-Fad9-42D2-A075-753A501485C1,30,Male,Standard,2.26,3,South America,Tv,13.99,0,Gift Card,4,0.56,Documentary
Bb595Ca1-75A4-4Ff2-B2D5-7Bc616908485,57,Other,Basic,21.42,51,South America,Desktop,8.99,1,Gift Card,4,0.41,Romance
De6Ffcd0-4344-4Bc7-9F81-0A47B718B1C6,48,Female,Standard,0.81,54,North America,Mobile,13.99,1,Credit Card,1,0.01,Action
7Ae75372-D52C-4B9F-81Db-187B5Df11B8F,37,Female,Premium,7.79,55,Asia,Desktop,17.99,1,Debit Card,2,0.14,Documentary
0961B447-259C-4106-9Dfc-B29C18Ee3268,31,Female,Premium,17.83,8,North America,Tablet,17.99,0,Paypal,3,1.98,Sci-Fi
6733Fa88-2C22-4289-8F9D-2738F2F223F2,67,Female,Basic,0.34,16,Europe,Mobile,8.99,1,Gift Card,4,0.02,Horror
Ba736959-F583-4739-8968-0290Afa029E6,49,Male,Basic,4.11,3,Oceania,Mobile,8.99,1,Crypto,3,1.03,Action
D60D6724-Ba88-43D6-B084-1098266795E3,63,Other,Premium,13.82,38,North America,Desktop,17.99,1,Crypto,2,0.35,Sci-Fi
16E5F52C-B9A9-4682-Bd78-Bab672De433F,48,Male,Basic,2.12,52,North America,Laptop,8.99,1,Crypto,5,0.04,Documentary
Cae083Ba-161C-4411-A397-Aa999397571F,42,Other,Basic,28.96,22,Europe,Laptop,8.99,0,Paypal,5,1.26,Sci-Fi
C7E024A2-A7B1-42De-9Ec8-2Eface7A42Ea,54,Male,Standard,13.51,26,Asia,Tablet,13.99,0,Paypal,4,0.5,Horror
D294B97F-Cf2D-4D94-A8Ae-75B4Fbb91Cf6,39,Other,Premium,3.87,23,North America,Laptop,17.99,0,Debit Card,5,0.16,Drama
658035E4-1Ba4-4Be1-9Ef9-45B5307D06D0,31,Other,Premium,15.41,44,North America,Desktop,17.99,1,Paypal,2,0.34,Sci-Fi
581E6697-714A-4270-A0Ee-Fa3F59B0Af0C,46,Female,Standard,3.07,51,Europe,Tablet,13.99,1,Crypto,2,0.06,Documentary
803Ceff0-36A0-4703-Bf52-Cad1D975542F,53,Male,Basic,0.09,18,Africa,Mobile,8.99,1,Paypal,3,0.0,Comedy
73F751C7-8C61-4E76-83B6-452Af6A4Ede5,33,Female,Premium,3.91,11,Oceania,Desktop,17.99,1,Debit Card,2,0.33,Comedy
B599A0Ed-Bf0A-45Bb-Aeb6-0722F73A50Fa,67,Male,Standard,1.71,47,Asia,Tablet,13.99,1,Crypto,2,0.04,Romance
Da72Bd4B-Af88-4044-9054-B1256E865Aa1,37,Female,Premium,0.56,50,Europe,Tv,17.99,1,Debit Card,3,0.01,Documentary
5E38612F-0499-48D1-9B5C-77F3Ac880488,25,Male,Standard,7.12,33,South America,Laptop,13.99,1,Crypto,2,0.21,Documentary
0A66Cb6F-A8C4-44Db-Bce7-81A5C9E5E968,54,Female,Premium,1.42,59,South America,Laptop,17.99,1,Credit Card,5,0.02,Documentary
B9444B66-159E-4445-Baa3-86B6C67D2A12,29,Female,Basic,18.53,27,Africa,Mobile,8.99,0,Paypal,4,0.66,Comedy
A4493643-2E07-47Da-A9Aa-2Cfd8B95Ee3C,63,Male,Premium,13.66,4,Asia,Mobile,17.99,0,Paypal,2,2.73,Sci-Fi
9Cbb6Afa-02D9-4D41-A3A0-2Cee0503E9Cb,30,Female,Standard,6.03,6,Europe,Desktop,13.99,0,Crypto,1,0.86,Horror
7Bab1710-B049-40Ab-A51A-D4B81Eb796Ca,50,Female,Standard,16.83,11,South America,Tablet,13.99,0,Credit Card,2,1.4,Documentary
34A2C2E6-D37C-441D-A3Fa-8E2683608Dc9,36,Male,Standard,10.58,0,Europe,Tablet,13.99,0,Credit Card,1,10.58,Romance
D2175C8D-2B9D-4E57-8156-D60A6337269D,56,Other,Standard,11.0,21,Oceania,Tv,13.99,0,Debit Card,2,0.5,Drama
6C1223E7-81E1-4917-85E5-1A4C20152121,65,Other,Basic,4.92,44,Oceania,Tablet,8.99,1,Crypto,5,0.11,Comedy
5Dd87C4E-29Ae-4Eb3-Af0C-170F76727F27,54,Female,Basic,39.11,53,South America,Laptop,8.99,0,Gift Card,3,0.72,Horror
459F77F9-49Ea-4A47-8Ef9-Eccbcd48F711,38,Male,Basic,23.85,37,South America,Tablet,8.99,0,Credit Card,1,0.63,Drama
593F585F-8C2E-4301-8D4F-9A5072B0521A,54,Male,Premium,12.02,58,Europe,Tablet,17.99,1,Debit Card,3,0.2,Documentary
Fcb2D78A-D7E2-4F45-Bf6F-5C9D5Be316A1,60,Male,Premium,17.14,28,Oceania,Desktop,17.99,0,Gift Card,5,0.59,Sci-Fi
9Cf92281-2835-407D-8Baf-930F65D4A895,40,Other,Premium,2.14,12,South America,Tv,17.99,1,Crypto,1,0.16,Action
E0Bd7F71-4Fed-42D8-9543-838248A460D6,23,Female,Premium,14.78,11,Oceania,Tv,17.99,0,Debit Card,2,1.23,Documentary
F391B24A-8F47-4Abf-98C6-2B6Dc029B507,25,Female,Basic,13.15,54,North America,Tv,8.99,1,Gift Card,5,0.24,Action
8D62006D-9F79-4C44-8F55-Bc75E32A3113,24,Female,Premium,17.2,33,Asia,Desktop,17.99,0,Paypal,5,0.51,Sci-Fi
58Edff7E-Fe12-4847-9D63-96Fca02927Aa,34,Other,Basic,4.51,39,South America,Desktop,8.99,1,Crypto,4,0.11,Action
Ac249A0B-F687-44E4-8B45-C7E3Ca5B62Af,37,Other,Basic,13.86,55,Oceania,Mobile,8.99,1,Paypal,2,0.25,Romance
22Cf3563-A74A-422C-B504-4Ed96Bd42Adb,24,Other,Standard,6.56,8,Asia,Tv,13.99,0,Paypal,4,0.73,Romance
A369Fdd9-F4E2-4Ce1-88B5-8E63A29D3048,35,Male,Basic,32.1,58,Europe,Mobile,8.99,0,Gift Card,4,0.54,Comedy
14Fd0C3D-7C20-4F74-B705-Fc894Aafc0E6,69,Other,Standard,1.33,22,Africa,Laptop,13.99,1,Gift Card,3,0.06,Horror
C4E791Eb-6Ab3-4845-A181-B678Fa7Fa97A,69,Other,Standard,77.65,52,Oceania,Tv,13.99,0,Paypal,2,1.47,Horror
Ffd64028-3F77-4C63-8A5C-42C17Cf277Db,67,Male,Standard,5.35,46,Africa,Tv,13.99,1,Crypto,1,0.11,Sci-Fi
E873479A-1Eee-40Eb-B0Ff-A77512Efc64E,66,Female,Standard,21.15,51,North America,Tablet,13.99,0,Paypal,5,0.41,Sci-Fi
Ac571168-447D-4A33-9A0E-9Ecf66Da13A2,41,Male,Standard,1.87,37,Europe,Desktop,13.99,1,Crypto,2,0.05,Sci-Fi
Ab3D3213-C9C4-4843-Abef-94Fedd12B6B9,60,Other,Standard,2.38,10,Asia,Laptop,13.99,0,Debit Card,5,0.22,Action
5F50140B-1F81-4E05-Bf0D-E2Efdf9D83D0,69,Male,Standard,0.36,50,Europe,Desktop,13.99,1,Credit Card,2,0.01,Documentary
8Ca24125-559B-4D91-B405-46De7915F685,65,Female,Standard,7.4,34,South America,Tv,13.99,1,Crypto,3,0.21,Sci-Fi
3687107C-7C9B-40Ff-86E7-2D0636774A48,20,Other,Standard,0.68,35,North America,Desktop,13.99,1,Debit Card,1,0.02,Comedy
97532Dfe-A293-4674-8Dc1-1A90Ca1E2925,28,Other,Premium,4.3,21,North America,Laptop,17.99,1,Gift Card,1,0.2,Romance
A7273326-Fb8B-470D-Ba98-Dc6855D36Bda,34,Female,Premium,9.54,16,Oceania,Tablet,17.99,0,Gift Card,4,0.56,Romance
D2A0854F-8B84-470A-8F81-Ce7C2949E216,63,Male,Basic,4.09,55,South America,Desktop,8.99,1,Credit Card,1,0.07,Romance
0Ff5F6D7-Dc9B-46C0-B3D3-1A613B6F40Dc,46,Male,Standard,19.74,2,North America,Desktop,13.99,0,Credit Card,4,6.58,Documentary
D70E827B-2928-45Cb-8C8A-70Bb92C01Baf,20,Male,Premium,8.24,57,Africa,Tv,17.99,1,Gift Card,5,0.14,Documentary
Aa7A6Ff6-6Acb-4Fa2-80Ac-C9Df590D99B5,55,Female,Premium,14.29,30,South America,Laptop,17.99,0,Crypto,5,0.46,Action
F28Ba34A-Da01-4B10-A6E5-F19Be9Ec4993,43,Female,Premium,12.18,50,Europe,Laptop,17.99,1,Gift Card,3,0.24,Romance
F8C37904-7754-4F4F-A0A6-6C300F52D1B9,51,Other,Standard,1.12,34,Africa,Laptop,13.99,1,Gift Card,1,0.03,Documentary
13892F24-0399-43E4-81Ad-B2683A5937F3,44,Male,Premium,2.11,25,Europe,Tv,17.99,0,Paypal,4,0.08,Drama
774601Aa-0882-4Fa4-A7Ee-C107Ab9822E5,29,Other,Basic,14.55,18,North America,Tv,8.99,0,Paypal,3,0.77,Comedy
032E9A3C-7D07-42E6-8Dc5-6C7Da4996529,29,Male,Basic,5.33,36,Asia,Tv,8.99,1,Gift Card,4,0.14,Horror
4D6D9B2F-0D81-4D94-9269-E312986Bcc5D,33,Other,Standard,7.06,16,Asia,Tv,13.99,0,Debit Card,5,0.42,Comedy
00Cf1667-2876-4Dc9-978D-C5Ab0Abbde82,27,Other,Standard,20.02,53,Africa,Laptop,13.99,0,Credit Card,4,0.37,Action
85745954-F001-4B50-A3A8-89081A78Fdb3,43,Female,Standard,3.24,23,South America,Laptop,13.99,1,Gift Card,5,0.14,Drama
D7F4Bf21-Ac26-45Bf-91F0-06E1Fcfe9Bd7,65,Other,Basic,25.81,41,Africa,Tv,8.99,0,Credit Card,1,0.61,Sci-Fi
01E6801B-1Fef-42Fb-8Ef2-Ea09B77073A7,20,Other,Premium,11.73,9,Africa,Mobile,17.99,0,Credit Card,2,1.17,Documentary
Ab0F1851-F5Da-466F-9A40-39Ac5C454128,27,Other,Basic,0.18,7,Europe,Tablet,8.99,1,Gift Card,3,0.02,Drama
671165Ba-F196-4285-925F-75D561220775,24,Male,Premium,6.01,58,North America,Tablet,17.99,1,Debit Card,1,0.1,Romance
D2D40Ebb-B8B3-4Ad9-Ace3-096Edd180329,37,Other,Standard,1.56,21,South America,Desktop,13.99,0,Credit Card,5,0.07,Comedy
5C0B46C2-C510-45Ff-98Bb-Beb686D84154,19,Female,Standard,24.66,27,North America,Desktop,13.99,0,Crypto,2,0.88,Horror
58Ded57A-Ec90-49E9-963F-Dfea5Dc82A15,46,Male,Basic,11.72,23,Europe,Tv,8.99,0,Crypto,4,0.49,Drama
66Dec43E-1Ffc-4923-9E95-3D865F5B8Ef2,35,Female,Standard,20.45,10,Europe,Tablet,13.99,0,Credit Card,2,1.86,Sci-Fi
Fde12247-9936-42F7-8Be1-77087B2Ccb06,33,Other,Standard,8.94,50,Africa,Desktop,13.99,1,Crypto,3,0.18,Sci-Fi
B54Bde1D-Fa6B-4376-8F85-5Daf9Af3Baf0,65,Female,Basic,10.94,18,Asia,Laptop,8.99,0,Crypto,3,0.58,Sci-Fi
Fa32Fedc-Ac88-4F28-B1A5-911Aa754Bb54,61,Other,Premium,24.63,19,Africa,Tablet,17.99,0,Crypto,1,1.23,Drama
4Acf70A4-4601-4A7B-Ba60-Ec429E02Ed93,57,Other,Standard,45.93,53,North America,Desktop,13.99,0,Credit Card,2,0.85,Drama
1F93Face-05De-4411-Bebd-D5F0D5Ca63Cd,38,Male,Premium,11.96,22,North America,Tv,17.99,0,Debit Card,4,0.52,Drama
E81Aef30-E7A7-4Aeb-8Eef-C4967596A893,24,Female,Standard,8.4,29,North America,Tablet,13.99,0,Debit Card,1,0.28,Romance
99Bc6Deb-C00C-4E60-Bf79-57535827E446,20,Female,Basic,25.17,3,Oceania,Desktop,8.99,0,Crypto,2,6.29,Documentary
44Ae8A3C-93F0-4Ffa-80Ab-A04B49D288Ce,31,Other,Basic,2.82,19,Africa,Laptop,8.99,1,Debit Card,4,0.14,Sci-Fi
0Bc417Ee-3F71-4373-A8Cc-331B1Aa4A350,48,Other,Basic,1.61,41,Africa,Laptop,8.99,1,Credit Card,2,0.04,Drama
4Cbbe2C6-93A6-4F4A-8A58-Cb0568992128,22,Male,Premium,14.69,12,Asia,Desktop,17.99,0,Paypal,1,1.13,Romance
842E532F-Eafa-43C3-91E1-043216A3A1B9,35,Female,Basic,20.74,51,Oceania,Mobile,8.99,0,Debit Card,5,0.4,Horror
Ce76D2Eb-7452-44F4-Bfe8-8F14Ea2D179F,56,Other,Basic,1.62,8,Oceania,Tablet,8.99,1,Credit Card,1,0.18,Sci-Fi
B944A82D-8935-4Ec4-A9A8-Ee375C046361,27,Female,Standard,5.85,3,Oceania,Laptop,13.99,0,Crypto,5,1.46,Sci-Fi
56Fc1Cd3-F46C-45B1-86C8-A8D814B4B01F,37,Female,Basic,12.73,49,Africa,Mobile,8.99,1,Credit Card,3,0.25,Action
Eeecc979-D06F-4951-A2Cd-655A554Aeab5,18,Female,Premium,22.0,15,Europe,Laptop,17.99,0,Debit Card,5,1.38,Sci-Fi
8Cba73Af-Fdd2-40C5-A047-Ad5892347414,68,Male,Premium,18.66,57,Africa,Desktop,17.99,1,Credit Card,1,0.32,Drama
Ce9E2886-8929-4783-B4C6-606C0B390A67,28,Other,Premium,11.92,52,Oceania,Tv,17.99,1,Crypto,3,0.22,Horror
De4B41A5-0849-4E62-8E1A-8A8402D632Bc,52,Other,Premium,7.17,48,Oceania,Desktop,17.99,1,Credit Card,3,0.15,Comedy
2Def8921-9Bc9-4018-94E5-E01583Cb4A8A,45,Female,Basic,5.12,25,Oceania,Tv,8.99,0,Crypto,5,0.2,Horror
C6866D13-0B06-4E37-9951-7419Fe48F070,30,Male,Standard,31.65,29,Europe,Mobile,13.99,0,Debit Card,4,1.05,Horror
35F91264-6Cc8-4A3A-Ba35-F41A1F8845B8,29,Female,Basic,5.55,20,South America,Tv,8.99,1,Gift Card,2,0.26,Comedy
6322Cad7-9Bab-45Ba-974B-E2761A226Ff6,30,Female,Standard,6.42,26,Asia,Tablet,13.99,0,Paypal,1,0.24,Horror
0C62Aef7-Ef41-42Aa-8500-89A6C481Df76,63,Other,Premium,16.38,27,South America,Mobile,17.99,0,Paypal,3,0.58,Documentary
37791795-8E12-4220-89B1-1Fcdde816Eba,34,Other,Premium,29.29,19,Africa,Tv,17.99,0,Gift Card,4,1.46,Sci-Fi
48B9De50-6724-44Ad-A0D2-D78Beb2554C4,55,Female,Standard,13.62,47,Asia,Laptop,13.99,1,Crypto,4,0.28,Romance
0C872601-857C-425D-813A-07043F66Be87,62,Other,Basic,4.14,38,North America,Mobile,8.99,1,Paypal,1,0.11,Comedy
9C36838F-6Eaf-4Bb4-9024-1E2B376B94Ab,45,Female,Premium,32.96,50,Oceania,Tablet,17.99,0,Debit Card,5,0.65,Romance
3A184B71-300B-4893-B4Aa-92Cff705B7C7,60,Male,Standard,8.17,12,Africa,Tablet,13.99,0,Credit Card,3,0.63,Romance
D1Eea60C-8922-461E-97B9-7C8C3634E4A8,46,Male,Premium,14.63,0,Oceania,Mobile,17.99,0,Paypal,2,14.63,Documentary
Ad4116A1-D841-48Bb-B96D-4474Cbf84C68,44,Female,Premium,7.59,46,Asia,Tv,17.99,1,Paypal,2,0.16,Romance
1Ee48Ca0-F336-47E8-Bc94-950B8Fb7B8E4,39,Male,Standard,6.8,44,Africa,Desktop,13.99,1,Crypto,3,0.15,Romance
E256A69A-08Fe-4384-91D9-C1Bc7Bb74C96,69,Other,Basic,1.9,7,Europe,Desktop,8.99,1,Credit Card,5,0.24,Documentary
01B9A552-C129-4000-A259-2125118A2D05,44,Female,Basic,1.69,7,North America,Mobile,8.99,1,Crypto,5,0.21,Romance
F3763F9D-Ced2-4983-9Cfa-203770B1F23D,60,Male,Basic,3.09,35,South America,Tablet,8.99,1,Gift Card,2,0.09,Romance
5F4Ae876-26Fa-4E2D-A50C-06Cc47A357A5,18,Other,Standard,0.24,24,Africa,Mobile,13.99,1,Gift Card,5,0.01,Drama
23701Bff-2F61-4Efb-8367-A2B937E0A8C4,58,Female,Standard,17.9,52,Oceania,Desktop,13.99,1,Crypto,4,0.34,Documentary
6065D8F7-08E7-421C-Ab2C-0F3401C1007E,54,Male,Premium,4.81,27,North America,Tv,17.99,1,Debit Card,3,0.17,Documentary
38C98F6F-3535-415C-Bfba-78244C1Ba199,61,Male,Standard,7.28,11,North America,Laptop,13.99,0,Paypal,2,0.61,Romance
7Af0Ed2D-08Ed-400C-A8E7-B764Ab1E1B78,68,Other,Premium,7.65,50,North America,Mobile,17.99,0,Credit Card,4,0.15,Drama
14Ce19C7-Ffce-41B5-B4A1-67314Cd5974A,35,Female,Basic,8.85,48,Oceania,Mobile,8.99,1,Crypto,5,0.18,Romance
46849Fbb-5A52-4E73-Bb8F-Ae01B6Fb599C,45,Female,Standard,21.09,4,Africa,Tablet,13.99,0,Gift Card,5,4.22,Romance
C916C9B4-1164-4387-81E7-0C2D0565B9B1,32,Other,Basic,15.46,6,North America,Laptop,8.99,0,Credit Card,4,2.21,Horror
44Cc0Ae8-Cb94-4B3F-9D0D-0C24C1A57267,63,Female,Standard,9.75,21,Africa,Tablet,13.99,0,Debit Card,1,0.44,Horror
4B3A58Cf-F92E-40Ab-Bfe3-9203F6B813Ea,53,Female,Standard,2.23,22,Europe,Desktop,13.99,1,Credit Card,2,0.1,Romance
7E08B75E-D8C2-4370-917D-99E19D660Ed3,52,Other,Basic,4.08,37,Africa,Desktop,8.99,1,Paypal,4,0.11,Romance
Ecd05571-5133-452B-A15C-58B1D6Fcf55B,70,Female,Standard,2.21,56,Europe,Tablet,13.99,1,Gift Card,5,0.04,Documentary
Ad1386Aa-C4A6-4Fef-Ac7D-8D017Bc1834D,46,Other,Standard,7.14,23,Oceania,Tv,13.99,0,Crypto,5,0.3,Sci-Fi
5C0D251E-Ecf0-42B1-A8A3-92879C7759D2,19,Female,Basic,6.32,3,Asia,Mobile,8.99,0,Credit Card,2,1.58,Drama
1C50A915-B685-4954-B75E-50696B67585C,24,Male,Standard,22.15,10,Europe,Tv,13.99,0,Gift Card,5,2.01,Horror
0Dbd65Af-Cebd-466E-8Dae-0Faefae015D0,59,Male,Premium,2.83,12,Africa,Laptop,17.99,0,Credit Card,5,0.22,Comedy
B0E1E6B6-595D-40F5-9190-Bda8Ffaf670C,49,Female,Standard,4.38,43,Europe,Tv,13.99,1,Debit Card,3,0.1,Romance
Af3333Ad-218A-4C59-A505-0Bdc6C3A8Ff9,43,Male,Standard,9.13,12,Africa,Mobile,13.99,0,Debit Card,3,0.7,Documentary
B86D66Cb-9189-4291-B58A-Ff82F1400A1B,31,Other,Premium,13.34,39,Africa,Tablet,17.99,1,Crypto,4,0.33,Horror
8792F856-E6Dc-4E01-9E66-5Da330500Bb1,70,Other,Basic,26.98,57,North America,Tv,8.99,1,Crypto,4,0.47,Horror
9Ee323D9-03Fd-4243-B725-0799969Eebe5,56,Male,Standard,0.93,2,Oceania,Tablet,13.99,0,Credit Card,5,0.31,Horror
Ed30D9Dc-3B8B-4568-90B0-9A4Ab37C0B43,33,Other,Standard,4.18,10,South America,Laptop,13.99,1,Crypto,5,0.38,Horror
5Fd52A5C-0E8A-4C1F-Bce7-Fb565F654413,58,Other,Basic,5.36,59,Oceania,Tv,8.99,1,Crypto,1,0.09,Comedy
646Fdaf5-1306-44F0-B02D-00Ae75A929Ae,31,Female,Basic,3.77,12,South America,Laptop,8.99,1,Credit Card,2,0.29,Documentary
A29A6A04-1Baa-41Ca-A6F8-8975Da13Ccac,29,Other,Premium,2.06,24,Europe,Mobile,17.99,1,Gift Card,1,0.08,Horror
35687A5E-84Aa-4Fd3-8A35-6D2C4Ede909E,46,Female,Premium,4.16,13,North America,Tablet,17.99,1,Debit Card,2,0.3,Sci-Fi
092B1C55-371B-4499-A9Ba-03A34D3Efd9E,50,Other,Basic,13.21,36,Asia,Tablet,8.99,1,Crypto,4,0.36,Comedy
30F6Ab29-5F0D-44E0-B094-8A26164D5303,23,Female,Basic,6.86,59,Africa,Desktop,8.99,1,Gift Card,4,0.11,Action
5709D5C3-D7E3-44Cb-A414-0401Be7A414D,43,Female,Basic,1.51,29,North America,Desktop,8.99,1,Credit Card,2,0.05,Documentary
Ff149146-918E-4A05-802A-08E696B05Ca5,28,Female,Premium,0.01,7,South America,Tv,17.99,1,Crypto,1,0.0,Sci-Fi
8D3F248E-Ed7C-42Cd-B3D4-60774B897D71,28,Male,Standard,14.02,33,Oceania,Mobile,13.99,1,Debit Card,1,0.41,Drama
F0D90Afa-Ac9B-4248-9F1F-D262D266696B,44,Female,Standard,0.55,51,Asia,Tablet,13.99,1,Crypto,2,0.01,Documentary
Efe7Aef5-61D4-4046-B949-8Ebb253Ea4Df,62,Male,Standard,3.58,15,Oceania,Tablet,13.99,0,Credit Card,5,0.22,Horror
5F99Dc80-0876-4938-9F32-32F8121Def1D,54,Male,Basic,2.28,17,Asia,Tv,8.99,1,Paypal,2,0.13,Horror
7Dcf21E0-1891-4A67-8762-5475E064B562,24,Female,Basic,9.58,44,South America,Tablet,8.99,1,Credit Card,5,0.21,Documentary
8891Ec31-2A81-4F19-A0Fb-9F092F2Fa076,27,Other,Basic,6.3,34,Africa,Tablet,8.99,1,Debit Card,4,0.18,Documentary
B253557E-7E9F-42E7-A964-08409512972C,52,Female,Basic,1.59,29,South America,Tv,8.99,1,Paypal,3,0.05,Action
80Fa0811-9079-4A4E-Bee3-27D5D809118C,55,Other,Basic,1.38,52,South America,Tablet,8.99,1,Gift Card,5,0.03,Documentary
E0Ed8133-983B-499F-Aaa2-D55Fed500C39,62,Male,Standard,18.07,20,Africa,Desktop,13.99,0,Paypal,2,0.86,Romance
0742F86E-5F2D-44Ef-99E9-17701Ba583E9,64,Female,Premium,6.41,54,Europe,Mobile,17.99,1,Gift Card,1,0.12,Romance
B75366Bb-D3D5-426F-Bf5E-C38759E966Bc,31,Other,Premium,18.73,1,Oceania,Mobile,17.99,0,Crypto,1,9.37,Action
394Cb1E4-055F-4966-83E6-243Beaeb3Aca,47,Other,Basic,14.08,20,Africa,Desktop,8.99,0,Gift Card,3,0.67,Comedy
3A9Ecfb2-33D3-4Bee-A44A-630De00Fbd01,37,Other,Standard,18.23,36,Oceania,Desktop,13.99,1,Gift Card,5,0.49,Action
38E8F595-7Ae2-478A-Ad6B-449334D7Fc96,65,Other,Standard,28.86,13,Asia,Laptop,13.99,0,Gift Card,4,2.06,Horror
24796C47-3Ab2-4476-834F-B8Ee3062A37E,20,Female,Premium,49.3,25,Oceania,Tablet,17.99,0,Gift Card,3,1.9,Drama
41816B3F-56F6-43Bf-9115-971Ba7Dc242F,45,Other,Basic,3.95,38,Africa,Tablet,8.99,1,Gift Card,1,0.1,Documentary
5Cde086F-Eb25-4291-B2Ee-0C6D1C6B5459,67,Female,Basic,11.06,16,North America,Desktop,8.99,0,Credit Card,4,0.65,Sci-Fi
1Dfb56Be-D12C-4739-Aab0-0F6Cd8C3031C,70,Male,Basic,6.66,55,Oceania,Desktop,8.99,1,Gift Card,4,0.12,Romance
D8653E82-A487-4Adf-9Ac9-64F6664Ed08C,67,Male,Basic,9.54,40,North America,Laptop,8.99,1,Crypto,2,0.23,Comedy
0Cb3B1B4-F56D-4937-A509-B7C79A125Bc7,28,Female,Basic,10.43,25,Oceania,Tablet,8.99,0,Gift Card,4,0.4,Horror
E33B05Be-Fc1B-4Cf1-9Fcc-185Be5525Bac,53,Other,Premium,5.79,34,Africa,Mobile,17.99,1,Gift Card,5,0.17,Documentary
E674Aba0-35Ab-4D84-9283-901A58D5Ece9,36,Male,Basic,34.97,16,Europe,Tv,8.99,0,Paypal,2,2.06,Action
98504084-75Ee-40C1-A61E-C01Ebf8377D5,48,Female,Basic,5.71,40,Africa,Tablet,8.99,1,Crypto,1,0.14,Romance
Db86Ffd3-430D-4F21-99A0-D0C002B24Dfb,19,Other,Standard,6.31,18,North America,Tv,13.99,0,Crypto,1,0.33,Sci-Fi
F2148F5B-1C1C-4924-8F23-C2781Fe5C869,25,Male,Premium,6.08,33,Africa,Laptop,17.99,0,Debit Card,5,0.18,Documentary
6B12Da3C-C538-4257-B3A8-6Ecaaeb07210,31,Other,Standard,6.59,19,Africa,Desktop,13.99,0,Crypto,3,0.33,Documentary
4419096C-Eab3-4723-920E-Eac48Bdbf287,56,Female,Basic,15.59,3,South America,Desktop,8.99,0,Gift Card,3,3.9,Action
6579Bce5-Dc6A-481C-B1Fe-A22518A7A609,51,Other,Standard,7.43,25,North America,Mobile,13.99,0,Crypto,5,0.29,Comedy
891Cf0F4-F86F-4Ad3-9336-C08226Ab832F,23,Female,Basic,21.34,19,South America,Tv,8.99,0,Gift Card,2,1.07,Romance
3A412682-0C12-4379-8613-F752Dadfc41D,67,Male,Standard,17.3,30,North America,Desktop,13.99,0,Gift Card,4,0.56,Action
3Ea62E22-D039-4D10-Bdfb-Ff1B821675Bb,29,Other,Premium,14.26,23,South America,Laptop,17.99,0,Paypal,5,0.59,Horror
71E228F4-5B7F-4806-8A29-28Bf53814D83,25,Male,Premium,9.95,43,South America,Tablet,17.99,0,Debit Card,4,0.23,Sci-Fi
422Bf1A4-F0Ed-4Bab-A1Ff-8269C1C70Ecc,37,Female,Basic,5.62,19,Asia,Laptop,8.99,1,Crypto,3,0.28,Romance
963809C1-1498-4951-B893-A42Cd0B8038A,69,Male,Premium,9.07,47,Africa,Desktop,17.99,0,Paypal,5,0.19,Comedy
32C89F45-A6E5-450A-991B-Ca55E7D3Bc65,37,Other,Basic,10.37,58,South America,Tablet,8.99,1,Credit Card,1,0.18,Horror
25C15Fc4-5Df8-45A4-A8F3-4477B6549Bb9,31,Female,Premium,19.72,40,South America,Tv,17.99,1,Gift Card,3,0.48,Horror
F80D6Eaf-Dae4-43Ce-8C83-Bd1C6Ae38C81,39,Other,Premium,22.35,36,Asia,Tv,17.99,0,Gift Card,5,0.6,Romance
6861742F-E225-4A48-A899-10515F5Fe14A,26,Male,Standard,11.26,50,Oceania,Tablet,13.99,1,Credit Card,2,0.22,Documentary
3D12F279-Fec1-42B9-8628-9191B773A7F4,49,Male,Standard,14.28,7,Africa,Desktop,13.99,0,Crypto,3,1.78,Sci-Fi
36490C08-2Bed-473E-B421-F79D03E44D36,34,Other,Standard,1.55,15,Asia,Desktop,13.99,1,Debit Card,3,0.1,Sci-Fi
952C3B4F-7921-4F45-Bb74-2B229A8312D4,64,Male,Basic,26.45,41,Africa,Laptop,8.99,0,Debit Card,1,0.63,Romance
B8Fdc9D1-5B33-44Ff-8112-C60Df62D6F32,60,Male,Standard,5.77,0,Europe,Tablet,13.99,0,Debit Card,5,5.77,Comedy
0Fe47C7B-385A-478D-Bda2-22B84A8712A2,29,Male,Basic,13.0,46,Oceania,Tablet,8.99,1,Credit Card,4,0.28,Drama
18F6B306-A34C-4Cfc-9798-99A919A0992F,30,Male,Standard,0.74,0,South America,Laptop,13.99,0,Credit Card,4,0.74,Action
E975682C-48C9-49B9-8381-1Fe0F4943C3B,67,Male,Standard,26.05,21,Europe,Tv,13.99,0,Paypal,4,1.18,Drama
B041Cc34-Ff46-4F7C-8983-F68F29C0D3Ef,23,Other,Premium,4.46,50,North America,Desktop,17.99,1,Crypto,3,0.09,Horror
Dd14A766-3108-4397-9422-525Fac071E57,34,Male,Standard,4.26,22,South America,Laptop,13.99,1,Credit Card,3,0.19,Sci-Fi
F7E212Bf-14Ed-4017-Ad80-Dacd5D6B7Be5,57,Female,Basic,14.31,0,Oceania,Mobile,8.99,0,Paypal,5,14.31,Romance
C33F8Bd1-B44C-4E7B-Af87-B85574C2Bec5,52,Male,Premium,45.18,45,Africa,Tv,17.99,0,Gift Card,5,0.98,Action
D96D507E-5F27-43Fc-B25E-C80F3E52F49D,59,Female,Standard,23.07,56,North America,Tv,13.99,0,Credit Card,2,0.4,Romance
2224F87A-30Da-4C5E-9Ff3-Dbdac8E1592E,26,Male,Premium,3.67,2,North America,Desktop,17.99,0,Gift Card,1,1.22,Documentary
3Cb33869-2004-4Ce2-8D6D-Bcfe4432E0Cf,40,Male,Basic,14.79,4,North America,Tv,8.99,0,Paypal,3,2.96,Sci-Fi
1Accc892-44Fa-4Be9-Bfc4-C9168Ec4417A,28,Male,Standard,1.17,34,Asia,Laptop,13.99,1,Paypal,4,0.03,Comedy
F06A4E35-9Aad-42E2-97B8-88C0876364Ae,50,Male,Standard,13.5,49,Asia,Tablet,13.99,1,Credit Card,2,0.27,Drama
07C019Ac-78Fd-4F04-99B3-Ed1Efce17Ed2,37,Male,Standard,4.65,15,Africa,Laptop,13.99,1,Credit Card,3,0.29,Horror
2114F4A9-F892-40F2-Ad83-1F6431F06Ad6,26,Male,Premium,11.88,25,Europe,Laptop,17.99,0,Gift Card,3,0.46,Drama
Eeafbbe8-C130-4215-98Cb-2C50590D4C36,64,Female,Basic,3.25,44,Asia,Laptop,8.99,1,Credit Card,1,0.07,Drama
B6C7F41F-F9Fd-4915-A4B5-Eb9Eddfcca2F,69,Female,Basic,4.81,46,North America,Laptop,8.99,1,Debit Card,3,0.1,Action
B60244Ce-C9Ab-4Ca7-Af7B-A752E7569F20,29,Male,Premium,7.54,10,Europe,Mobile,17.99,0,Debit Card,3,0.69,Action
A6Af82Cf-A6A1-4305-A839-E70B51783C32,36,Other,Basic,13.88,27,South America,Tv,8.99,0,Paypal,3,0.5,Horror
A70Da997-2A45-4Bb6-Bb24-E40964941Eff,55,Female,Standard,3.68,35,North America,Laptop,13.99,1,Crypto,5,0.1,Horror
C306Dc87-45F3-4Bee-Bfbc-2E928Cd8C63F,35,Male,Premium,9.21,34,North America,Tablet,17.99,0,Paypal,5,0.26,Sci-Fi
F898A1Fd-293E-40B3-9A40-E21De4828852,62,Female,Premium,25.53,51,Oceania,Laptop,17.99,0,Paypal,3,0.49,Action
B47423E0-Fc07-4C45-93E9-5De5F180C69B,44,Male,Basic,0.6,47,Africa,Desktop,8.99,1,Paypal,5,0.01,Comedy
4Bb2258B-B1Bf-4E4A-8E25-5738517E9917,35,Other,Premium,2.43,58,Africa,Tv,17.99,1,Credit Card,2,0.04,Action
4Ca18B96-1Fce-4Bcc-9B1E-85C0F699523E,64,Female,Premium,8.24,29,Oceania,Mobile,17.99,0,Gift Card,5,0.27,Action
45Cd4327-0De3-43A8-A581-0Bdd0432030D,45,Female,Standard,2.52,23,Europe,Desktop,13.99,1,Debit Card,1,0.1,Documentary
D263F088-0D09-494B-83B1-268D497Cbcd0,55,Other,Premium,10.13,13,Oceania,Laptop,17.99,0,Paypal,3,0.72,Romance
7E16B964-D803-4Cb8-94Da-29F5660C1027,45,Other,Standard,6.84,40,South America,Tablet,13.99,1,Crypto,2,0.17,Documentary
672A8D38-E6Ed-4649-8B8F-E31Ceedeea37,52,Male,Premium,1.81,23,North America,Mobile,17.99,1,Debit Card,3,0.08,Documentary
3Cffe3C7-6583-4E5A-B615-1Fdf922642F9,63,Other,Standard,11.43,49,Europe,Tv,13.99,1,Debit Card,1,0.23,Horror
744Bf5E8-5096-4082-8903-70E4Cfdd1E64,33,Other,Basic,33.23,58,Oceania,Tv,8.99,0,Debit Card,5,0.56,Romance
B9802Ea9-5C98-4D4A-A77C-6De878D22Ea4,34,Female,Premium,4.59,31,Oceania,Desktop,17.99,1,Gift Card,2,0.14,Sci-Fi
9363Bef2-C9Cb-4A76-971E-F1A5Bb357D58,37,Female,Standard,10.29,49,South America,Desktop,13.99,1,Crypto,1,0.21,Drama
349F7E43-7477-4E48-860D-B838Ad415B1C,25,Male,Standard,2.96,25,Africa,Laptop,13.99,1,Credit Card,1,0.11,Comedy
9Cc41B86-9E5F-40F1-91F1-5C431290571A,46,Other,Premium,30.01,56,North America,Mobile,17.99,0,Gift Card,5,0.53,Romance
6F5A2958-Cb64-47B5-Af53-1D70Ba016494,63,Male,Standard,26.63,31,Asia,Tv,13.99,0,Crypto,2,0.83,Horror
887De878-C150-46F7-9Bf5-58C7Ef8Ce74E,55,Male,Basic,3.66,11,Asia,Tv,8.99,1,Credit Card,4,0.3,Sci-Fi
291D76B3-D8C3-406E-803F-C9E04Fb283De,55,Other,Basic,0.67,24,Europe,Desktop,8.99,1,Paypal,3,0.03,Horror
46B5Db3D-C2B2-4188-9424-4F7172F15112,61,Male,Standard,14.57,16,Oceania,Mobile,13.99,0,Gift Card,1,0.86,Horror
Aaa4F493-B841-42D0-A7Ca-644Ad0512C3A,28,Male,Basic,3.72,56,Asia,Laptop,8.99,1,Debit Card,3,0.07,Horror
43C97B11-0E8D-4947-9Bdb-12Af35174F31,62,Other,Basic,21.41,22,Europe,Tv,8.99,0,Paypal,3,0.93,Sci-Fi
565B0478-0A6F-4900-B6B6-285E6656Bb91,66,Other,Basic,1.89,22,Africa,Desktop,8.99,1,Paypal,2,0.08,Action
2240C2C4-F736-4Caa-Bc9F-6500Eb1501Ba,63,Male,Basic,14.4,3,Europe,Desktop,8.99,0,Debit Card,3,3.6,Documentary
C9Ca7E43-Bb03-4E5C-82Be-057200Bc6F32,46,Other,Premium,7.29,4,North America,Laptop,17.99,0,Credit Card,2,1.46,Comedy
32F97948-Ac90-446F-Ba8F-0Da203D8D523,34,Other,Basic,5.95,37,South America,Tablet,8.99,1,Crypto,2,0.16,Comedy
501823E6-8Ea5-433B-B0F6-D8C5F53C8907,56,Male,Standard,5.83,59,Europe,Mobile,13.99,0,Paypal,5,0.1,Action
C4C39Eed-21Ee-4F06-Be68-F9F4899Be76B,35,Other,Basic,2.19,5,Oceania,Laptop,8.99,1,Gift Card,5,0.36,Action
16C333Fc-47Cb-49F9-819B-B9853C0254D7,52,Other,Basic,8.72,28,Africa,Laptop,8.99,1,Debit Card,1,0.3,Horror
3790887A-7A19-4201-9F39-Fec333345E97,54,Female,Basic,12.12,38,North America,Tv,8.99,1,Gift Card,5,0.31,Romance
7Bd51Ef6-D0F6-4894-Ade9-Af2B4F2F45B1,42,Female,Standard,25.68,33,Asia,Laptop,13.99,0,Debit Card,5,0.76,Comedy
67Db947C-F035-417E-8883-71B4780B4Fc0,39,Other,Basic,10.6,53,North America,Laptop,8.99,1,Paypal,3,0.2,Comedy
3D394651-D7F9-455C-B308-058Cb52F8Df8,65,Other,Premium,13.71,4,South America,Desktop,17.99,0,Crypto,3,2.74,Sci-Fi
356A678E-8341-481B-B1Dd-C3Bf8085Cdf3,70,Female,Basic,4.04,52,Asia,Mobile,8.99,1,Crypto,3,0.08,Drama
Af9Ce006-0Bc4-48Ee-Ad39-730A74359D03,23,Male,Premium,22.77,10,South America,Tv,17.99,0,Credit Card,1,2.07,Sci-Fi
466Baf83-D1B8-4D98-9F30-06B1E654F463,54,Female,Basic,18.84,49,South America,Mobile,8.99,1,Gift Card,1,0.38,Comedy
A902Ec06-7Bed-4C3D-B664-5E26Fc183D7C,30,Male,Basic,1.5,41,Europe,Tablet,8.99,1,Crypto,1,0.04,Romance
32484385-55D4-4C6A-Ad1A-834Abeaaa883,44,Other,Standard,1.46,59,North America,Tablet,13.99,1,Paypal,1,0.02,Documentary
1227B01E-1600-46Ac-B14F-3991A895796A,56,Male,Basic,2.02,23,North America,Tv,8.99,1,Credit Card,5,0.08,Documentary
64F688C6-0B4C-451A-94F9-48A66Dd0139D,48,Male,Premium,0.84,43,Africa,Mobile,17.99,1,Crypto,4,0.02,Horror
D20C3Cd3-E949-4026-A0Af-1B9392F4D466,56,Female,Basic,0.8,18,North America,Desktop,8.99,1,Paypal,3,0.04,Romance
16Baff30-D637-4241-9B5F-1D0451F30375,40,Other,Premium,0.52,26,North America,Mobile,17.99,1,Paypal,2,0.02,Documentary
8B811175-E9C7-4A47-9E23-1B92A6A498Aa,58,Male,Premium,3.2,53,Africa,Desktop,17.99,1,Crypto,1,0.06,Sci-Fi
A2796611-E145-4000-823C-16E30E8F2D03,20,Male,Basic,3.02,2,Africa,Tablet,8.99,0,Debit Card,5,1.01,Action
D1F48191-4Dfa-474E-B7Ca-3B935Aee6531,44,Other,Premium,3.38,6,Europe,Mobile,17.99,0,Credit Card,5,0.48,Horror
E724E4F3-9542-43F8-Ab8F-E817D88999A3,58,Other,Basic,6.47,46,Africa,Tablet,8.99,1,Crypto,1,0.14,Horror
45C7566B-3B5B-4112-8Ed2-89A4D20A3Eae,58,Male,Standard,19.25,2,Europe,Mobile,13.99,0,Credit Card,2,6.42,Drama
6B1Bb258-A4C9-41C1-Abb5-811Dbb60701A,46,Other,Premium,26.06,4,Oceania,Desktop,17.99,0,Paypal,4,5.21,Action
D13F6Fc0-7D6E-4Dce-9798-93A1C6162887,51,Other,Standard,1.14,55,Asia,Laptop,13.99,1,Crypto,1,0.02,Drama
8018Cc4C-3924-46B3-8Fc8-A31De1B42Fc2,19,Female,Standard,6.61,18,Oceania,Desktop,13.99,0,Crypto,1,0.35,Documentary
00108Bd6-C0Ee-42F0-8809-E5Be2B6Cd12A,25,Male,Premium,0.98,30,North America,Mobile,17.99,1,Crypto,1,0.03,Horror
A7607Adf-E66D-431E-Ad89-61A216125690,25,Male,Standard,0.45,2,Oceania,Tv,13.99,1,Debit Card,1,0.15,Comedy
5A5Cf094-Cda6-4488-9171-9747Ec590Ad0,50,Female,Basic,8.09,4,North America,Mobile,8.99,0,Debit Card,1,1.62,Action
5254De27-F444-44D4-Bc79-08Efebefaa4B,30,Male,Standard,1.65,58,Europe,Mobile,13.99,1,Crypto,5,0.03,Horror
C6D7Aa04-5235-4214-B413-8A53F966B119,41,Female,Premium,8.27,50,South America,Tv,17.99,0,Credit Card,5,0.16,Romance
Fde18152-Cb7B-433C-98B4-Cc7B6016B750,40,Female,Standard,8.89,21,Oceania,Tablet,13.99,0,Gift Card,1,0.4,Documentary
3155D3E9-2213-4D16-8587-5137A087Ef3B,23,Female,Standard,6.25,54,North America,Tv,13.99,0,Paypal,4,0.11,Documentary
104484A9-8Ace-4877-A90C-Bf2C7E79Be7B,28,Male,Basic,15.79,12,South America,Desktop,8.99,0,Gift Card,2,1.21,Action
65Fcb9C7-6E5A-4058-86Ee-93Af0D7Bd2Fb,56,Male,Basic,5.08,60,South America,Tablet,8.99,1,Credit Card,4,0.08,Romance
94B1C205-4Fe9-431A-Bba7-Ca1D0D013436,52,Other,Premium,21.99,19,Asia,Laptop,17.99,0,Gift Card,2,1.1,Drama
55725796-857E-4B59-B253-187Bd5F07D1B,40,Female,Standard,11.91,4,Europe,Mobile,13.99,0,Debit Card,5,2.38,Comedy
D2F0F6E0-Fa3C-4B50-97Fd-A84F8B4707Fe,69,Other,Premium,8.09,54,Asia,Desktop,17.99,1,Paypal,2,0.15,Romance
Ddb275D9-4E72-4Fa7-8Ce6-D3D458A81Cf3,67,Female,Standard,0.28,51,Asia,Laptop,13.99,1,Gift Card,1,0.01,Drama
606Adbe6-Dd8A-4Eb8-8Ddf-Baf3D62Da553,63,Other,Basic,19.68,7,Oceania,Tv,8.99,0,Credit Card,3,2.46,Documentary
C172Eab0-Fd92-44Ea-Aed5-4119Fdf3D104,48,Other,Standard,3.97,1,South America,Tv,13.99,0,Debit Card,5,1.99,Horror
6E118D2B-80Ba-4226-8A1A-Cdacad3F4448,27,Female,Basic,0.67,22,Africa,Mobile,8.99,1,Crypto,2,0.03,Drama
Ca6C9E3C-8993-450D-B1Fb-49Cc7Afd440E,18,Female,Premium,4.94,39,South America,Mobile,17.99,1,Crypto,5,0.12,Horror
E4E34065-9917-4Bec-9673-B0F75E992985,61,Female,Premium,41.68,54,Africa,Laptop,17.99,0,Crypto,3,0.76,Action
0512Ed5B-De30-4681-8B7C-8F2Aeaf80725,24,Male,Standard,16.21,6,Asia,Mobile,13.99,0,Gift Card,1,2.32,Documentary
1257021F-5Cd1-4213-821C-E0A323D6E2Ee,60,Male,Premium,6.21,15,Asia,Mobile,17.99,0,Debit Card,3,0.39,Horror
9356Ab66-A890-48Cf-86D8-A569664D9B56,19,Female,Premium,3.9,9,North America,Laptop,17.99,0,Credit Card,5,0.39,Romance
3Daa3B0C-08D0-4763-876B-Dc2C86533963,50,Male,Premium,10.83,3,Africa,Laptop,17.99,0,Credit Card,3,2.71,Drama
47366Ae4-467F-4Bec-B49D-A7F22B794F59,62,Other,Premium,5.98,48,North America,Tablet,17.99,1,Crypto,5,0.12,Documentary
1B077Aeb-57D0-438B-Adab-48691727B847,53,Female,Standard,6.68,11,North America,Mobile,13.99,0,Paypal,4,0.56,Action
49725105-8575-4217-87F4-5733Bd288D03,18,Male,Premium,36.34,15,South America,Desktop,17.99,0,Debit Card,3,2.27,Action
6B2Ff669-1B0A-4F76-Acfe-421153087710,52,Other,Standard,6.41,15,Oceania,Tv,13.99,0,Paypal,1,0.4,Sci-Fi
A22669D5-6Da6-4097-A4E4-4Ff4655A0D38,40,Other,Basic,6.48,51,Asia,Desktop,8.99,1,Credit Card,4,0.12,Drama
Aef0Ea56-6758-44C7-88B6-32D7Ca0556Ca,51,Female,Premium,1.46,35,Oceania,Tablet,17.99,1,Paypal,3,0.04,Action
Fb963246-A793-4D70-A015-0402E3173F5A,36,Female,Standard,2.59,36,North America,Desktop,13.99,1,Debit Card,2,0.07,Comedy
B1806254-48Df-4Ade-8024-Ce14Aab30781,30,Male,Standard,13.25,47,Asia,Laptop,13.99,0,Credit Card,4,0.28,Drama
Cfce115A-0Bc5-4Aac-Bf51-59898240C4A1,54,Male,Standard,23.35,40,North America,Mobile,13.99,0,Credit Card,5,0.57,Horror
4C6Ba635-F6A3-47B0-B165-D6654655De23,31,Female,Basic,35.35,14,Europe,Mobile,8.99,0,Crypto,5,2.36,Romance
5Fe4F40A-4055-446D-8D46-E7Cb6A540C72,26,Other,Standard,24.89,16,Asia,Desktop,13.99,0,Paypal,4,1.46,Romance
266Be772-0A13-4114-Bd1B-Dc40B0516Ce2,30,Male,Standard,45.29,29,South America,Tablet,13.99,0,Credit Card,5,1.51,Documentary
Fc9Cfb2B-7E44-456D-Ad56-Cb91F2B276Fb,67,Male,Basic,15.98,9,South America,Tv,8.99,0,Credit Card,4,1.6,Sci-Fi
1C1Ef7B5-72Cc-4Aa6-95D8-7B26897E9A21,60,Male,Standard,1.24,4,North America,Desktop,13.99,0,Paypal,2,0.25,Drama
Baa40E1D-E279-4770-B5Fa-1Da71E3Ab2E2,67,Female,Basic,9.91,18,North America,Desktop,8.99,0,Gift Card,5,0.52,Comedy
Edd9B3D1-Bdde-4F75-A7F9-8012744512Ba,51,Male,Basic,5.69,36,Europe,Tv,8.99,1,Paypal,3,0.15,Horror
255Dd7Cf-6113-435A-A958-00F25E1987E5,31,Female,Standard,7.48,3,Africa,Tablet,13.99,0,Gift Card,2,1.87,Sci-Fi
0Fa1Ce67-73Cf-4D9B-A171-81Ef2Ba271Fd,70,Male,Standard,9.54,60,Europe,Tv,13.99,0,Paypal,5,0.16,Sci-Fi
23E2A122-9E50-41D8-A434-C25675765F79,42,Male,Basic,98.42,0,Asia,Desktop,8.99,0,Gift Card,5,98.42,Documentary
7Ec26427-23A6-4Cc3-A188-Ac08968E6F3E,63,Male,Premium,7.82,57,South America,Tv,17.99,0,Debit Card,5,0.13,Romance
E012B536-8421-45De-A8Ca-Caab61D9B1E4,58,Female,Basic,7.31,49,North America,Laptop,8.99,1,Gift Card,2,0.15,Romance
7069B89A-B443-4895-89A4-44B719C1E347,28,Female,Standard,14.34,11,Asia,Desktop,13.99,0,Credit Card,5,1.2,Comedy
1Dcf08F8-357B-4740-98C1-Bb768F842126,67,Other,Premium,22.63,33,Africa,Laptop,17.99,0,Gift Card,2,0.67,Documentary
9Ffd0956-8B70-4483-Ac93-63F2E5E101Cc,21,Other,Standard,17.63,28,South America,Laptop,13.99,0,Credit Card,1,0.61,Documentary
Bfbe5804-1Dc1-452B-B92B-A483C5Eeb76B,67,Other,Premium,2.51,25,Africa,Tablet,17.99,1,Credit Card,3,0.1,Romance
7Bf23B3D-Ab59-48E0-A558-Db5C48B1A206,64,Other,Standard,8.08,12,Europe,Mobile,13.99,0,Paypal,4,0.62,Romance
02Ec20F5-Ed7F-4F0E-8C1C-E95B386C28B5,40,Female,Basic,31.43,26,North America,Tablet,8.99,0,Crypto,1,1.16,Action
7954Dfc1-63A1-4207-B3E0-4D55B73F564F,20,Male,Basic,8.91,28,Africa,Tv,8.99,1,Crypto,2,0.31,Comedy
48692C47-9278-4198-Be47-F921A8Ab8299,37,Female,Standard,47.74,52,Oceania,Laptop,13.99,0,Gift Card,4,0.9,Action
57A8Fb5F-C293-4702-Ad9E-71Cbdb4Aa6E8,30,Other,Premium,12.88,54,Oceania,Desktop,17.99,1,Gift Card,4,0.23,Documentary
3Fe822D8-7078-4018-A420-B4496D29Ccf2,33,Other,Basic,24.5,46,Africa,Tv,8.99,0,Credit Card,3,0.52,Sci-Fi
Fcd90302-E7F6-4679-Ac49-Cffe71A7Ee46,54,Other,Premium,3.66,40,Oceania,Tv,17.99,1,Gift Card,1,0.09,Documentary
Aae4B13B-2247-4C8B-Bdfd-F94Dc5Ac45E9,48,Male,Premium,7.86,40,Oceania,Desktop,17.99,1,Crypto,3,0.19,Horror
5D298906-96Ce-4A2A-B1F1-8E7B18Bbbd25,41,Female,Basic,8.14,54,Europe,Mobile,8.99,1,Gift Card,5,0.15,Romance
Ba02Bc00-8Be5-478D-92Ba-Eb993Ed9E571,48,Other,Standard,6.66,34,South America,Desktop,13.99,0,Debit Card,5,0.19,Horror
05F5D068-70F9-45F7-A440-2Eca2E0Af6Df,57,Other,Standard,7.92,19,Oceania,Mobile,13.99,0,Gift Card,2,0.4,Horror
F57D69C1-F51D-4Ec3-B0F7-7Cfcc5F49E3B,36,Female,Premium,19.63,1,North America,Desktop,17.99,0,Gift Card,2,9.81,Action
403D8E8C-Bc7B-4D0A-8339-07365F767B62,47,Male,Premium,7.22,38,Europe,Desktop,17.99,1,Credit Card,2,0.19,Drama
792136Ad-A56C-4505-Abf3-22D4B8Fe35D9,57,Other,Standard,1.1,26,Europe,Desktop,13.99,0,Credit Card,5,0.04,Sci-Fi
82Eb568E-1658-4648-8809-2A53Fafc3Dc7,39,Female,Basic,2.09,3,Oceania,Laptop,8.99,1,Crypto,3,0.52,Documentary
8Ff8E23B-Ac00-4E86-9748-01556E3Ecc32,48,Female,Basic,22.06,47,Africa,Desktop,8.99,1,Crypto,1,0.46,Sci-Fi
5626606A-8708-469E-A1C9-D0D93478C2E1,41,Female,Basic,17.37,16,Oceania,Mobile,8.99,0,Paypal,2,1.02,Comedy
B3B8B32A-3B18-4Ef3-86Ff-424D50Eef43F,68,Female,Standard,3.06,59,Europe,Desktop,13.99,1,Gift Card,5,0.05,Documentary
Ee0C0189-40A6-4894-A64A-5C23B3F6B5A2,48,Male,Standard,1.93,50,Asia,Tv,13.99,1,Gift Card,4,0.04,Drama
D20A61C2-Fa3D-4E57-8B09-3E19Ade44D10,46,Other,Basic,9.61,15,Oceania,Tablet,8.99,0,Paypal,1,0.6,Comedy
0301A4B5-7475-4B89-Bac5-00093859216D,31,Male,Standard,18.75,43,Oceania,Mobile,13.99,1,Gift Card,3,0.43,Action
6236413F-44F4-4429-85Ba-6Ba5Dbf37E89,61,Male,Premium,9.71,36,Asia,Laptop,17.99,1,Debit Card,1,0.26,Drama
154Ec30A-7A10-4161-9386-87Abd5A14B98,38,Male,Basic,6.75,43,Asia,Mobile,8.99,1,Paypal,2,0.15,Horror
88848D87-D7Aa-4F30-85E6-Af72905Dd402,40,Female,Basic,3.8,10,Africa,Desktop,8.99,1,Credit Card,3,0.35,Comedy
E4768262-43E0-4321-929D-D7Ac85194Afa,31,Male,Premium,5.69,22,North America,Mobile,17.99,0,Debit Card,4,0.25,Horror
Fd0Ebde2-F8C0-4963-A1Af-402Dd9Fe9Fb6,62,Male,Standard,8.25,37,South America,Desktop,13.99,0,Paypal,5,0.22,Comedy
60D8375E-E90B-4Db1-827D-29F59Ee209A7,66,Female,Premium,12.91,34,Asia,Tv,17.99,1,Crypto,5,0.37,Sci-Fi
Dd57Db1B-A539-458A-A190-1Fa9D3961F20,20,Female,Premium,11.48,30,South America,Tablet,17.99,0,Debit Card,1,0.37,Romance
54089806-C774-4D4B-B323-E5F2D42Fbb5C,68,Other,Premium,21.72,28,Europe,Desktop,17.99,0,Crypto,3,0.75,Sci-Fi
F6C76B05-75Ec-4Bf4-A63D-E8Eede4026C6,39,Other,Basic,8.16,14,South America,Laptop,8.99,0,Paypal,1,0.54,Comedy
2D1781Ac-2416-4Df0-8681-E86766Db1D33,32,Male,Basic,11.91,36,Asia,Tv,8.99,1,Credit Card,5,0.32,Drama
838Bc2Fe-A146-4520-97Ba-0F710F7B1Ea3,51,Male,Premium,26.92,24,North America,Tablet,17.99,0,Paypal,1,1.08,Drama
38Dde078-8A79-4E50-8D44-Dad952E9Ae22,38,Female,Basic,24.57,2,Africa,Tablet,8.99,0,Gift Card,4,8.19,Comedy
C0B4153B-D0B1-4974-90F4-28Dbb8C88Ff8,57,Male,Basic,5.09,53,Europe,Desktop,8.99,1,Crypto,2,0.09,Sci-Fi
B5C5A9Ff-0Db7-466E-B0Cd-E2948Bd83E94,54,Male,Basic,2.54,52,Europe,Laptop,8.99,1,Paypal,4,0.05,Romance
Aeff1496-6B97-4258-870D-670Cd28F4Ada,55,Female,Standard,25.31,51,Europe,Tv,13.99,0,Gift Card,4,0.49,Horror
C71E9898-65Ce-47Bd-918C-3Ebdd3Ffcac9,63,Male,Premium,13.77,51,Africa,Mobile,17.99,1,Gift Card,5,0.26,Romance
1F9E775F-0Ade-4083-9Cb5-11B1324985Ec,18,Other,Premium,1.63,10,Africa,Desktop,17.99,0,Credit Card,4,0.15,Comedy
A577834A-41C6-489F-9666-5Eafe78530A5,40,Female,Standard,6.2,10,North America,Tablet,13.99,0,Credit Card,3,0.56,Drama
796A5F77-018A-451D-Abc9-46948B6456B2,35,Other,Basic,25.11,3,Africa,Mobile,8.99,0,Crypto,2,6.28,Drama
Dc518D2A-A7F9-4120-8407-01Ccb6Efe5Cb,47,Male,Premium,2.11,58,Oceania,Tablet,17.99,1,Gift Card,2,0.04,Horror
49Ff3Afb-Cb6C-4Dfc-8468-530F9C0Abfd6,39,Female,Standard,57.19,19,Africa,Mobile,13.99,0,Gift Card,5,2.86,Documentary
6C561Eec-2D63-4Ef6-9D9A-18C9C6F1Bac1,52,Male,Basic,27.37,12,South America,Tv,8.99,0,Credit Card,2,2.11,Romance
560576D9-5Dd5-4Ce5-9C25-319Ce946F39E,68,Other,Basic,20.54,14,Africa,Tv,8.99,0,Paypal,5,1.37,Sci-Fi
3Ab879Fb-D01A-4C51-B3F9-625D2C4E1860,47,Other,Basic,14.8,19,Europe,Mobile,8.99,0,Credit Card,2,0.74,Romance
Ee70356F-8D7B-4674-Bdc8-Ee84Bf93E296,45,Female,Premium,3.91,44,Africa,Desktop,17.99,1,Credit Card,3,0.09,Comedy
D43Ee357-4A11-411A-Be89-1E938A2B03C5,18,Other,Premium,5.09,13,Asia,Desktop,17.99,0,Gift Card,2,0.36,Drama
950D7Dad-D93E-43Ae-Ab6F-1E24D330F4B3,46,Other,Standard,16.08,40,Oceania,Desktop,13.99,1,Crypto,3,0.39,Action
A085A33F-40Ea-44F0-A592-3869A8Fb76D6,44,Other,Standard,8.65,60,Oceania,Tablet,13.99,1,Credit Card,1,0.14,Comedy
F1Bf566A-Dde7-4E4F-8895-4E30277B67Fe,36,Other,Basic,1.82,55,Europe,Laptop,8.99,1,Paypal,2,0.03,Sci-Fi
Ff0381B1-21B5-4E1C-9F32-A33104814Ce9,35,Other,Standard,9.43,10,South America,Laptop,13.99,0,Paypal,2,0.86,Horror
B02Aafea-C911-43Ca-8034-748Cdba41D79,43,Male,Premium,8.97,0,North America,Tv,17.99,0,Gift Card,5,8.97,Documentary
58D12B76-D7Ee-481E-B9F8-6D8513Ea063D,57,Female,Standard,4.91,6,North America,Desktop,13.99,0,Paypal,1,0.7,Sci-Fi
08141B17-2F86-464F-Ac79-Eac660142Aab,58,Male,Standard,4.83,49,Asia,Tv,13.99,1,Paypal,4,0.1,Documentary
1560Ad96-084E-4Aee-9Acd-5E46Ee8105E4,65,Female,Basic,4.09,18,Europe,Mobile,8.99,1,Credit Card,2,0.22,Drama
0D26Aff1-5Dcd-4C72-8853-Ac6Efd34Ca2A,22,Female,Premium,26.81,4,Asia,Tv,17.99,0,Debit Card,5,5.36,Romance
84080A5B-Af89-4C17-B1F8-6859842D4E5B,68,Female,Basic,15.85,38,South America,Tv,8.99,1,Crypto,2,0.41,Horror
C0D31Bac-2Ab7-4F02-A3B0-D9B5A0E1C03D,68,Male,Basic,3.01,27,Africa,Tablet,8.99,1,Crypto,3,0.11,Drama
8196F9C1-0F8F-4A56-9Eb3-Baa2012B65D4,28,Male,Premium,4.49,50,Oceania,Desktop,17.99,1,Crypto,4,0.09,Drama
01E7Ba0E-23F7-4C43-91C2-97Ccea703E51,23,Female,Standard,2.63,4,Oceania,Mobile,13.99,0,Paypal,3,0.53,Comedy
4Fe787Fa-8786-4D56-93D0-Ed72F11B7241,51,Male,Standard,8.63,23,Oceania,Tablet,13.99,0,Debit Card,1,0.36,Drama
A9284906-2F35-4B1C-85Bb-7Eb60338Cc2D,36,Male,Standard,8.87,36,North America,Desktop,13.99,1,Gift Card,2,0.24,Romance
26B2Ed27-68F5-4D21-A1F2-1Cd87D048E06,68,Female,Premium,5.99,19,North America,Tablet,17.99,0,Gift Card,4,0.3,Romance
92C683Ff-034E-4Bdd-8C27-D196A4676Bed,25,Female,Premium,4.05,34,Asia,Desktop,17.99,1,Gift Card,2,0.12,Documentary
64A5562B-1Eeb-4De7-90D8-9Eba0B1C09Ff,25,Male,Basic,14.39,53,North America,Tablet,8.99,1,Gift Card,4,0.27,Documentary
1524B909-0E45-44Be-8E93-1855B614339C,56,Female,Premium,19.03,37,South America,Tablet,17.99,0,Credit Card,1,0.5,Romance
693F8Ac0-Ef10-4A05-9F43-07E089Edab75,51,Other,Standard,4.98,28,South America,Tablet,13.99,1,Gift Card,5,0.17,Sci-Fi
C31B9740-Ad76-4178-9256-2C00A1C7290A,57,Other,Basic,27.17,38,South America,Tv,8.99,0,Paypal,5,0.7,Comedy
C7F1727B-E0A3-4F06-86Ba-Cc1A3Dedfa85,24,Other,Standard,5.81,32,North America,Tv,13.99,0,Paypal,4,0.18,Romance
F376F532-F75B-4C60-B56E-08527A7Facca,23,Male,Standard,0.29,58,Europe,Desktop,13.99,1,Gift Card,2,0.0,Documentary
4A212Db8-6B5D-4F86-96C6-027C1D4C5A60,66,Other,Premium,10.48,29,Europe,Mobile,17.99,0,Paypal,3,0.35,Horror
16993E91-870B-47D2-9098-B687B2F20336,36,Female,Premium,4.26,21,Europe,Tv,17.99,0,Paypal,4,0.19,Horror
5B5Ea547-92Ab-40Fa-8576-69D92D37557B,23,Other,Basic,0.03,60,North America,Tv,8.99,1,Paypal,1,0.0,Comedy
80545107-3Bf0-4Bad-8C8E-98950B1E8738,69,Male,Premium,9.8,56,Oceania,Tv,17.99,1,Gift Card,2,0.17,Documentary
0376Ecc1-F7Bd-41B0-Bb41-719F1Cdf0853,21,Male,Standard,13.79,39,Asia,Mobile,13.99,0,Paypal,5,0.34,Horror
E7Aeeddd-1450-47D9-A18A-0E209F5Af835,27,Male,Premium,18.17,60,North America,Mobile,17.99,1,Paypal,2,0.3,Documentary
19646Dbb-A0C8-44C8-A262-169801A59F2F,58,Male,Premium,27.98,8,North America,Mobile,17.99,0,Crypto,1,3.11,Romance
Ae7779F6-13A0-43E7-A356-45A7C3965E23,37,Other,Standard,10.84,29,North America,Mobile,13.99,0,Crypto,4,0.36,Sci-Fi
2Dc2F017-C762-4922-8704-Ed47A421Afb6,45,Male,Premium,2.7,2,Europe,Tv,17.99,0,Credit Card,4,0.9,Sci-Fi
D34B78Fd-E9Fd-4Af2-8185-Ecad66520D4B,25,Female,Premium,28.54,50,Europe,Tablet,17.99,0,Paypal,2,0.56,Documentary
910Ccab4-1C1A-4591-94C7-8399939F3480,58,Female,Premium,3.44,17,Europe,Laptop,17.99,1,Crypto,3,0.19,Comedy
Cb2B7B7C-60Aa-4222-A711-Cb109E2Aa2B8,64,Female,Basic,12.14,50,Europe,Desktop,8.99,1,Paypal,3,0.24,Horror
A7B3553D-E719-4B4D-802D-33622723Dd5D,19,Female,Standard,10.38,58,Europe,Laptop,13.99,0,Paypal,5,0.18,Documentary
D2F0F59A-Fd2C-4F32-9Da0-A09C7B877025,44,Other,Basic,26.37,21,Oceania,Mobile,8.99,0,Paypal,5,1.2,Romance
6E99Dfd5-3046-4724-8933-41Ed69D81932,57,Male,Basic,0.06,39,North America,Tv,8.99,1,Crypto,4,0.0,Sci-Fi
97Bb6237-30A3-4795-B9Dd-036113D4B3B3,26,Female,Premium,0.97,49,South America,Mobile,17.99,1,Paypal,1,0.02,Action
Efba9209-3221-4892-8D96-23146Aef4424,37,Male,Basic,3.05,15,South America,Tablet,8.99,1,Gift Card,3,0.19,Sci-Fi
8Eb5037D-Cf60-465E-A7B6-Fc940311B87B,63,Other,Standard,0.83,41,Asia,Mobile,13.99,1,Gift Card,2,0.02,Comedy
A9Aa274F-D581-457A-Ad8E-94D886058Ed8,59,Female,Basic,12.13,23,Asia,Tv,8.99,0,Debit Card,5,0.51,Drama
92Ba884C-D467-4B97-Aba0-7032878C1E03,65,Female,Basic,11.25,22,Oceania,Desktop,8.99,1,Crypto,3,0.49,Drama
0A8Bc259-Eb14-4Cdf-8Add-0D96Ac8F1646,18,Other,Premium,2.19,24,Africa,Mobile,17.99,1,Crypto,1,0.09,Documentary
748Be132-1B1E-4306-Ba23-735A539D422E,49,Female,Basic,17.05,16,Europe,Laptop,8.99,0,Paypal,4,1.0,Horror
298435D0-1F7A-4Dd4-B065-7801De7E23Fd,59,Female,Basic,17.34,40,Europe,Mobile,8.99,1,Debit Card,3,0.42,Comedy
07Bb46A2-C255-4133-8Fec-C0B3Ac944990,25,Female,Premium,0.27,60,North America,Tablet,17.99,1,Gift Card,1,0.0,Drama
92C53048-5882-489D-856D-Aa142Eaf9D80,25,Other,Basic,17.9,3,Oceania,Tablet,8.99,0,Crypto,3,4.47,Romance
8F16A933-2D0F-43F7-Af59-63Dba7B6Db8D,48,Male,Standard,5.33,31,North America,Tablet,13.99,1,Crypto,3,0.17,Documentary
A673Ecc2-3F9E-49C8-A8A0-33518170Fc75,26,Other,Basic,0.75,59,North America,Tablet,8.99,1,Crypto,2,0.01,Horror
E4C0Bdd0-8887-4794-83D0-90Bcf550E7F8,25,Male,Standard,4.45,41,North America,Tv,13.99,1,Gift Card,2,0.11,Documentary
E1400Ac9-2Fdf-4207-8C65-82D322A55539,42,Female,Standard,2.96,30,Europe,Tv,13.99,0,Paypal,5,0.1,Sci-Fi
F6271F82-73C1-4C68-94F0-00A8C7Ee3Ec1,33,Female,Basic,0.6,41,South America,Tablet,8.99,1,Debit Card,3,0.01,Documentary
2Af3F4C7-9797-4E72-B0E8-7005376Ce267,58,Male,Standard,10.77,44,Oceania,Tv,13.99,1,Paypal,1,0.24,Romance
246E7B39-0755-4A0A-9D9B-Dfe34Ab133Cb,66,Female,Premium,13.36,15,Africa,Desktop,17.99,0,Gift Card,5,0.83,Sci-Fi
9Fb45Fe7-6937-4239-8548-115936Dfce77,42,Male,Basic,20.9,42,Europe,Tablet,8.99,1,Credit Card,3,0.49,Drama
Bae9Ac0C-Dcd5-429B-88Df-2Af895Fc1F3E,50,Male,Premium,7.18,23,North America,Tv,17.99,0,Credit Card,3,0.3,Action
Fbeabb4D-6F7E-4465-881F-Bcb265B21Ca0,40,Other,Basic,14.01,14,Europe,Laptop,8.99,0,Debit Card,3,0.93,Romance
Db369245-5A2D-4Fd1-8463-4679D35D7Cd2,36,Female,Premium,16.68,60,Africa,Tv,17.99,0,Credit Card,5,0.27,Horror
Fbdfea76-1Ced-4Cf1-96Dd-6C38E159Ddbb,48,Other,Premium,1.67,14,Asia,Laptop,17.99,1,Gift Card,3,0.11,Sci-Fi
Df1F5E40-48F8-4501-B220-53Ba2A1001D3,60,Other,Basic,14.45,52,Oceania,Tv,8.99,1,Paypal,5,0.27,Drama
Fe420Cef-9Ccb-473E-9Ae5-D7Ca920Ec4Fc,42,Male,Standard,7.63,32,Oceania,Tablet,13.99,1,Credit Card,2,0.23,Action
9B8878C6-238F-44C8-9Dfe-4676C66E11F7,31,Male,Standard,6.29,24,Asia,Laptop,13.99,0,Gift Card,3,0.25,Sci-Fi
3Cdcd810-39E5-4F28-989B-378A9B976A5D,34,Male,Standard,45.52,52,South America,Laptop,13.99,0,Credit Card,3,0.86,Action
C95F2368-372E-46C4-9F3D-1C82A301Fd78,21,Other,Basic,0.15,48,Asia,Mobile,8.99,1,Credit Card,4,0.0,Action
C43449Fd-4Ad5-429D-89C4-74D268Dcb6Bc,67,Female,Basic,19.58,44,Europe,Tablet,8.99,1,Debit Card,3,0.44,Romance
365Dc778-C1E5-4Ab8-8687-F9583F9308E1,30,Male,Standard,2.27,0,North America,Tablet,13.99,0,Crypto,2,2.27,Action
639Cda74-2249-449F-A7F2-64228302647B,55,Other,Premium,18.02,36,North America,Mobile,17.99,0,Credit Card,4,0.49,Romance
4Fd24Bc2-10Ac-4A18-96Cd-1F062Ba5024C,20,Male,Standard,2.89,13,South America,Desktop,13.99,1,Debit Card,2,0.21,Sci-Fi
7Fa02534-0Dd1-455F-84Ac-Dcbef3Aa4168,52,Male,Premium,10.6,38,Africa,Desktop,17.99,0,Credit Card,4,0.27,Romance
27Fd0327-3305-449E-B4Df-20Aeb99D6Ea2,45,Male,Premium,14.0,33,North America,Tv,17.99,1,Credit Card,2,0.41,Horror
66284077-A6C7-4460-9Cc9-Df93097A5Fb5,31,Male,Basic,7.69,57,Europe,Desktop,8.99,1,Gift Card,5,0.13,Documentary
9F1D9E64-D5Eb-4014-A291-033Be9Ad6031,68,Female,Standard,20.24,16,Asia,Desktop,13.99,0,Paypal,3,1.19,Comedy
81F9Ef23-4A14-44Ac-9C0D-8322B1588958,44,Female,Basic,0.65,59,Africa,Tv,8.99,1,Paypal,4,0.01,Horror
Fd89085E-0Ec9-40Aa-8B8B-B72B7Ca501Da,29,Other,Premium,4.19,54,South America,Desktop,17.99,1,Credit Card,1,0.08,Sci-Fi
B3Aa4Ed8-5A94-461B-8446-D653Fc705466,34,Male,Standard,16.36,22,Oceania,Desktop,13.99,0,Gift Card,2,0.71,Romance
099Bd55E-Eb92-4B54-B33A-C148619D6148,35,Male,Premium,7.93,19,North America,Tv,17.99,0,Paypal,5,0.4,Horror
90Ad70Cd-6152-4D45-A6A3-9289F33Ed606,49,Male,Premium,6.06,12,Asia,Tv,17.99,0,Paypal,5,0.47,Comedy
1A69031E-2A84-46B5-A375-E94E60Ab0Bc7,54,Other,Basic,9.44,36,South America,Tablet,8.99,1,Crypto,4,0.26,Comedy
065606Ab-5F1F-428F-B2C5-C6Da4Baf9597,27,Male,Premium,6.31,55,Africa,Tablet,17.99,0,Paypal,4,0.11,Comedy
1660Ae96-D64F-496C-91Cb-Bdac9B7722Aa,44,Male,Standard,15.75,47,Asia,Desktop,13.99,1,Gift Card,4,0.33,Comedy
Eb8761Bc-Db4A-4E20-951A-E00522Afcb18,50,Other,Premium,2.77,49,South America,Mobile,17.99,1,Debit Card,4,0.06,Drama
C7D025B0-F633-4505-8793-1401F9C0F412,49,Other,Basic,3.07,44,South America,Tablet,8.99,1,Crypto,1,0.07,Romance
4585284F-5848-44B3-83E5-Aac36E6Bfe1E,32,Male,Premium,28.92,15,Europe,Tablet,17.99,0,Crypto,4,1.81,Romance
Ab1A4A62-5D67-4E91-Bceb-Bfd5Cf9779C9,45,Female,Basic,4.02,5,North America,Tablet,8.99,1,Paypal,1,0.67,Documentary
A29E03Cc-8960-45B2-B2Dd-608515080F08,27,Female,Basic,35.36,58,Asia,Desktop,8.99,0,Paypal,4,0.6,Drama
F0E1C2De-9251-4A9A-A28D-083519F93A99,43,Other,Basic,13.19,10,Asia,Tv,8.99,0,Crypto,5,1.2,Comedy
B7Da6Db6-172A-4970-B38A-4A375Cfa375B,64,Other,Premium,23.36,52,North America,Mobile,17.99,0,Debit Card,4,0.44,Drama
A9876912-824C-4E5A-846E-819E55D8269F,58,Other,Premium,15.12,59,Africa,Tablet,17.99,0,Debit Card,5,0.25,Action
94F9F356-3B73-4A86-95D0-D27829Bd0717,23,Other,Premium,1.43,30,Europe,Tv,17.99,1,Gift Card,5,0.05,Sci-Fi
A1E0529C-84B2-4403-B3C1-6C64Aa9E23Cc,21,Male,Basic,0.92,57,Africa,Laptop,8.99,1,Crypto,2,0.02,Action
2E278144-386B-48Ff-9777-Dbe15A249E13,44,Male,Standard,2.0,40,Oceania,Laptop,13.99,1,Gift Card,1,0.05,Action
5675244B-3663-4D14-9B6B-B076128889A5,57,Female,Basic,0.95,58,Asia,Tv,8.99,1,Credit Card,5,0.02,Comedy
6B0Cde7D-0F34-41Bc-Bc64-A3254A2D7561,34,Male,Premium,18.98,40,Africa,Tablet,17.99,0,Credit Card,5,0.46,Documentary
D3911E59-4Ea8-4Fa9-Aeef-5Bfb155C103B,63,Male,Premium,0.3,56,Oceania,Mobile,17.99,1,Crypto,3,0.01,Horror
8C796D6A-Ee93-4640-B9A9-7556B5A1A07D,57,Female,Premium,0.66,59,Oceania,Tablet,17.99,1,Paypal,5,0.01,Comedy
1241Fd90-C3C5-4A10-A69B-708Ba8B4633E,56,Male,Premium,8.36,58,North America,Mobile,17.99,1,Gift Card,2,0.14,Horror
Eab99641-F7E9-4Cba-A913-E1880044E640,22,Female,Standard,0.48,24,North America,Desktop,13.99,1,Gift Card,2,0.02,Romance
5Acce646-5752-40E2-Bc51-1C308240464E,63,Female,Standard,15.97,38,South America,Tablet,13.99,1,Gift Card,3,0.41,Drama
B76C3506-251D-4836-A3F7-F3Bb62D02Ad1,62,Female,Basic,4.82,10,Europe,Laptop,8.99,1,Debit Card,5,0.44,Sci-Fi
Bbcb20F1-75B4-4393-95Dd-6E2B65D5Ff4F,63,Other,Premium,21.62,50,Oceania,Desktop,17.99,0,Gift Card,4,0.42,Romance
59Cbff4B-2D9F-4539-B6D6-0D89Eddde6Bc,21,Other,Premium,0.2,21,Oceania,Mobile,17.99,0,Debit Card,5,0.01,Drama
D8F3A1Ce-A034-4298-Bdec-7A1Edd116231,52,Male,Standard,22.33,28,South America,Desktop,13.99,0,Paypal,5,0.77,Sci-Fi
Cd82C04B-852D-4E0C-8D5E-68645248Bd6F,33,Female,Premium,18.3,14,Europe,Tablet,17.99,0,Crypto,1,1.22,Sci-Fi
C3335Df7-3Db5-44C4-Bc70-1B03Ba03048A,39,Female,Standard,17.05,37,Europe,Desktop,13.99,1,Debit Card,1,0.45,Drama
Dbdbfa7C-7932-46Fa-Ad10-D53Bbd798Cf5,48,Female,Basic,16.75,16,Africa,Laptop,8.99,0,Gift Card,5,0.99,Documentary
F608833D-8F7E-4184-A3Fc-665F57Aba3B0,46,Female,Premium,23.02,59,Asia,Tablet,17.99,0,Crypto,2,0.38,Documentary
Ef61F409-A614-4271-986A-5D40D27E053C,25,Male,Basic,5.88,0,Europe,Mobile,8.99,0,Credit Card,3,5.88,Drama
Aad6F51A-1C6F-46B7-Aa7B-768352Ed8D1C,57,Other,Basic,2.08,14,North America,Mobile,8.99,1,Credit Card,5,0.14,Action
2723Dca3-D1E9-4198-829F-F9Ed1Fb396B4,18,Male,Premium,28.08,11,Oceania,Laptop,17.99,0,Gift Card,2,2.34,Romance
7984E2C6-C353-4A41-B094-E1Dafb4Edf8B,62,Female,Basic,16.1,54,Africa,Tv,8.99,1,Paypal,2,0.29,Documentary
07Dbcfe6-Abc1-4D18-8461-Eb3989C5462B,57,Female,Standard,15.02,5,South America,Tablet,13.99,0,Credit Card,2,2.5,Drama
132Aaf5F-1300-43Ed-Bae5-4887A7E7E6Aa,54,Male,Basic,22.85,10,South America,Desktop,8.99,0,Crypto,5,2.08,Drama
08B55574-A0B5-45C8-Abea-E84Eb7B32975,38,Other,Basic,6.49,34,North America,Tv,8.99,1,Debit Card,2,0.19,Horror
09F04Fe7-9954-4Df3-9431-Cd35713Dbc1A,68,Male,Basic,19.16,24,North America,Tv,8.99,0,Debit Card,4,0.77,Comedy
F078167B-F855-4987-Bfda-6527E54E8D44,36,Female,Premium,14.18,6,Oceania,Tablet,17.99,0,Gift Card,2,2.03,Sci-Fi
Cabf84Bd-B268-4013-Af9D-Cbe9Ffc044Af,38,Male,Basic,8.32,22,Asia,Laptop,8.99,1,Debit Card,1,0.36,Documentary
Da313250-0337-4225-A411-B5B75Ca190D9,40,Other,Premium,9.64,34,North America,Tablet,17.99,1,Credit Card,1,0.28,Action
A7Cc0271-0B4C-4Da5-869B-7B59Ce57D0Bd,54,Other,Standard,3.22,12,Africa,Laptop,13.99,1,Credit Card,1,0.25,Drama
Cd0E79D8-3857-4Dfb-B7F9-8D7106Aa1Fce,59,Male,Basic,14.96,8,Asia,Laptop,8.99,0,Credit Card,2,1.66,Romance
954Dcb74-100F-4Ceb-8Eed-376103Cf5436,46,Other,Basic,6.99,34,Asia,Laptop,8.99,1,Crypto,2,0.2,Horror
A4C72480-839C-4B10-9139-E602B10215B8,65,Male,Premium,13.83,9,South America,Tablet,17.99,0,Credit Card,3,1.38,Documentary
06768E6D-9118-44Cd-852C-32Cce8Bfe898,35,Female,Standard,13.03,0,Africa,Desktop,13.99,0,Paypal,5,13.03,Sci-Fi
D0885607-812A-49F6-B5A4-Dbc7A59549F4,22,Other,Standard,5.32,16,Asia,Laptop,13.99,0,Credit Card,3,0.31,Comedy
4Bc6206B-A4Ee-4F43-A69F-13A03Aa8Adbe,53,Female,Basic,20.16,1,North America,Tablet,8.99,0,Debit Card,5,10.08,Documentary
6Afbc377-C531-4B4B-Ba2D-F616107Bea3E,18,Other,Premium,25.3,51,North America,Tv,17.99,0,Crypto,3,0.49,Horror
E7069522-Df6F-43E5-Acd7-050D7C3F1Fe3,22,Female,Basic,16.66,18,South America,Mobile,8.99,0,Paypal,1,0.88,Comedy
9D8871Fd-6726-4Bdd-B846-4A19C7D197Bc,18,Male,Standard,1.68,19,South America,Laptop,13.99,1,Crypto,4,0.08,Sci-Fi
Fd485B3C-F7Bd-4Eb2-A742-1D2431Bcbb2A,53,Other,Basic,8.33,4,Asia,Tablet,8.99,0,Crypto,2,1.67,Romance
Efb1D2D1-E437-4A9D-A0E4-6B1Da652541E,47,Female,Premium,3.51,50,Oceania,Mobile,17.99,1,Crypto,1,0.07,Romance
D553A8Df-D604-4A85-B7Cc-C11980Bd7Ce2,69,Female,Basic,6.16,1,South America,Tablet,8.99,0,Crypto,1,3.08,Horror
7F73A9Ec-Fb82-4Eb0-Bc55-Bff60Ca0Afc4,42,Female,Standard,13.17,50,Africa,Mobile,13.99,0,Paypal,4,0.26,Documentary
Cd3E92Be-8Dbb-4F0F-A7B7-80Be21D85Db8,41,Other,Premium,1.65,9,Europe,Tablet,17.99,1,Paypal,2,0.16,Comedy
7843F07D-F2C8-4Ebc-8Dc1-9A25D28B8D28,19,Male,Premium,0.17,9,South America,Desktop,17.99,0,Debit Card,4,0.02,Horror
8B92D68F-3Baa-431C-B556-472D9638Ce45,45,Other,Basic,11.74,17,Oceania,Tablet,8.99,0,Debit Card,4,0.65,Documentary
6C580D81-De0F-4Db3-B8Dd-Bd1Ab10919E4,41,Female,Premium,13.2,29,Africa,Laptop,17.99,0,Crypto,3,0.44,Horror
3997F8F9-Ed0E-4Bda-94B0-6F06372C9506,25,Female,Premium,36.4,28,Europe,Mobile,17.99,0,Crypto,5,1.26,Drama
8F556804-A1D0-41B1-930D-96Be4A33E606,23,Female,Standard,51.87,25,Asia,Desktop,13.99,0,Crypto,2,1.99,Action
369B918F-C741-4Cd7-8F5A-74Eaebb3Ba16,21,Female,Standard,14.17,60,North America,Tv,13.99,1,Gift Card,5,0.23,Documentary
Ebd6F9C6-F04E-402A-B3B5-E35E3D1752Ca,29,Female,Basic,0.39,45,Africa,Tv,8.99,1,Debit Card,5,0.01,Comedy
D26A52B3-D9F5-4B5D-8Aca-Afa2484875Ee,34,Female,Standard,5.67,20,South America,Mobile,13.99,0,Crypto,4,0.27,Sci-Fi
6A3430A2-4A88-41A8-Beaf-Fccdd1D45517,36,Other,Standard,14.25,22,Oceania,Mobile,13.99,0,Paypal,5,0.62,Horror
03572A83-A989-4602-Bb89-D6Ed424Bb61A,35,Other,Premium,28.04,59,Oceania,Mobile,17.99,0,Crypto,2,0.47,Horror
A0338B15-Ee5A-46B7-9Ff5-6Efb2Eb8F5Ab,31,Male,Standard,6.11,17,Europe,Mobile,13.99,0,Credit Card,5,0.34,Sci-Fi
30D8Cd44-A1A8-4Ab7-87F1-99111C75Cb6F,57,Male,Premium,6.13,3,Asia,Desktop,17.99,0,Paypal,3,1.53,Sci-Fi
4Efe87F8-2Bf7-48E1-85Cf-5C1457Df9D9D,46,Other,Basic,3.39,5,North America,Tablet,8.99,0,Debit Card,4,0.57,Horror
0Fc80A72-2D05-4C3C-8136-F544Df2093C3,26,Female,Standard,5.67,36,South America,Tv,13.99,0,Paypal,5,0.15,Sci-Fi
5Bde9C98-533B-4Ba8-8D0D-Aed2782D2684,30,Other,Basic,0.28,56,Africa,Mobile,8.99,1,Paypal,2,0.0,Horror
074974Ed-7713-4Edf-Abcc-5E200Bc8537D,57,Female,Premium,6.49,23,Oceania,Laptop,17.99,0,Gift Card,1,0.27,Romance
5Bb7086D-A632-48C5-9B57-A2Ff4Dc934F8,24,Male,Basic,3.55,59,Asia,Laptop,8.99,1,Paypal,3,0.06,Drama
B48455Fa-Fbdf-4A42-Aa4E-Cbf8Da5D9Ee1,20,Female,Basic,14.05,7,Africa,Mobile,8.99,0,Credit Card,3,1.76,Action
Fcd98704-3381-4Da8-A9D0-85206456Ca0B,22,Female,Premium,1.03,44,Africa,Tv,17.99,1,Debit Card,2,0.02,Drama
03473Cbb-116F-4F83-86C0-50D5889Eff11,62,Female,Basic,3.62,34,Africa,Mobile,8.99,1,Paypal,3,0.1,Drama
1Cec8E1A-078F-4340-Ba27-A583A615Df39,56,Female,Basic,2.54,39,North America,Desktop,8.99,1,Paypal,5,0.06,Sci-Fi
9A1B7476-D0E7-436F-Ae1B-959Aafbad559,22,Other,Basic,2.59,2,Africa,Tv,8.99,1,Gift Card,1,0.86,Documentary
E8Ba80Fd-2A67-4540-Bd98-B356Fd9E2Dd2,43,Other,Basic,8.05,13,North America,Desktop,8.99,0,Paypal,5,0.58,Horror
D5959062-3681-408A-A01A-53C7403A89Be,46,Other,Standard,16.95,32,Oceania,Laptop,13.99,0,Debit Card,2,0.51,Drama
33Fa6E25-F271-47D9-8A29-De91Bc1Af0D5,38,Male,Standard,2.76,30,North America,Desktop,13.99,1,Gift Card,4,0.09,Drama
Cdfc45E7-7F97-429E-Bb8B-09A7C29B9Bd0,36,Other,Premium,13.25,19,North America,Tablet,17.99,0,Gift Card,1,0.66,Romance
85A4F95C-60Cc-4Cb9-814D-D8F745F82325,41,Male,Standard,14.82,33,Europe,Laptop,13.99,1,Debit Card,2,0.44,Romance
8388Cf02-9398-4B74-B67B-56D7A074612E,39,Other,Basic,2.52,52,Oceania,Desktop,8.99,1,Paypal,2,0.05,Romance
Ab956Cd0-1819-451C-B8C1-D22B4B6796B2,31,Male,Basic,9.71,16,North America,Tv,8.99,0,Crypto,3,0.57,Sci-Fi
5D77Fa6C-4508-4088-9722-5A2902285A19,29,Female,Premium,5.29,8,Oceania,Tablet,17.99,0,Debit Card,3,0.59,Horror
2312Ef5D-8274-4E8C-90E6-0F5C3Eadd031,33,Female,Basic,9.81,39,North America,Tablet,8.99,1,Gift Card,3,0.25,Sci-Fi
5A7Ab9D8-B064-4994-8477-3A606Aad924C,30,Other,Standard,5.21,11,Oceania,Tablet,13.99,0,Paypal,3,0.43,Romance
3C779E4E-Ccc4-4D72-B98E-A1757Ac6797F,51,Other,Basic,6.7,58,Oceania,Tablet,8.99,1,Gift Card,4,0.11,Horror
Eca1D876-576B-4434-B47B-1Bebd8F426D2,40,Female,Standard,7.88,9,Oceania,Mobile,13.99,0,Crypto,2,0.79,Sci-Fi
Cb4B90E7-5Dcc-4E06-92B4-2Aeb4Db98Cdf,36,Other,Premium,41.02,47,Europe,Tv,17.99,0,Debit Card,3,0.85,Drama
08A14Bb8-Ab48-4170-Bccf-Ef04Ab15C43A,65,Male,Basic,46.29,39,North America,Tablet,8.99,0,Paypal,5,1.16,Drama
05Eaae1B-E321-499C-Be9B-B6599Ad1A880,58,Female,Premium,59.99,11,North America,Desktop,17.99,0,Credit Card,2,5.0,Comedy
1A594Ae9-Af38-4C31-A00B-A1Cf439139Bc,43,Male,Basic,1.18,31,Asia,Desktop,8.99,1,Debit Card,1,0.04,Action
Ead812Db-D371-4Bc2-Abb4-Ca8C8471Ca77,70,Other,Basic,8.26,2,Asia,Tv,8.99,0,Debit Card,4,2.75,Comedy
A3Dfcf7D-3765-40D2-8A11-2111Df14899B,49,Male,Standard,20.37,30,Europe,Mobile,13.99,0,Crypto,1,0.66,Drama
46Bdbd12-F628-49D0-850D-40Ed37757Cdc,30,Other,Standard,3.36,2,Oceania,Laptop,13.99,0,Crypto,2,1.12,Sci-Fi
7Dca795D-Ec1E-44B2-A87C-Daa04461915A,43,Male,Basic,17.66,7,Asia,Laptop,8.99,0,Crypto,1,2.21,Horror
Ea9Dd8Be-C392-42E1-8Ccc-Ace56B211966,47,Male,Basic,0.83,42,North America,Tv,8.99,1,Credit Card,2,0.02,Horror
6D7Cc8E5-2Cc5-46A0-84C8-43C7F87Daf9A,47,Male,Premium,25.17,1,Africa,Desktop,17.99,0,Crypto,5,12.59,Sci-Fi
1B88D370-7853-4579-99Af-Dc942E3F248F,51,Female,Standard,6.79,3,Asia,Tablet,13.99,0,Gift Card,4,1.7,Action
B8C06B97-66A7-492F-9Ee4-A115B51E9Dcf,38,Male,Premium,11.56,38,North America,Mobile,17.99,1,Gift Card,4,0.3,Romance
Ee89F93F-B2Ff-459E-93A2-Ea8Bfa7992F6,48,Other,Basic,60.85,10,Africa,Desktop,8.99,0,Debit Card,5,5.53,Horror
4473C5Da-F69B-4Fd8-9A33-1838C1E09Fc6,28,Male,Standard,5.29,18,Europe,Desktop,13.99,0,Debit Card,1,0.28,Horror
6B31Ebd3-0Df5-4C2F-A137-A81D2C18E90A,32,Female,Standard,1.7,45,Africa,Mobile,13.99,1,Gift Card,5,0.04,Comedy
Cadbece8-Fd1A-4Fcf-A4F5-3Dd2E6Bdd969,57,Other,Premium,27.17,41,South America,Tv,17.99,0,Paypal,4,0.65,Sci-Fi
33A69D90-E90A-45Af-A9Ce-Eda2A1Ab0D7C,44,Male,Standard,8.03,57,South America,Tv,13.99,1,Crypto,5,0.14,Horror
A59Ad549-Bbaa-4Fee-9Eb0-10D7E64B5E3B,18,Other,Standard,5.41,20,Africa,Tablet,13.99,0,Crypto,3,0.26,Action
837A5Bb7-7D0F-4315-8528-D5A30Bf12108,18,Male,Basic,10.17,46,Europe,Mobile,8.99,1,Debit Card,1,0.22,Drama
396F6900-F042-44D8-Be21-0B167B912Ff9,21,Female,Standard,16.74,39,Oceania,Laptop,13.99,1,Gift Card,3,0.42,Action
C8Fb5434-5Cc6-4B80-85F4-3Bcd5205A7A8,29,Female,Premium,1.38,4,Europe,Laptop,17.99,1,Gift Card,3,0.28,Sci-Fi
59512720-E88A-468C-Adda-27695B946960,63,Female,Premium,21.06,17,Africa,Desktop,17.99,0,Crypto,1,1.17,Comedy
7B7Aa94D-7978-405D-874B-593805447B56,64,Female,Basic,11.77,9,Africa,Mobile,8.99,0,Crypto,2,1.18,Action
8134248C-Be39-48B8-Ae98-F9E508Dbb240,21,Female,Premium,20.56,0,Africa,Laptop,17.99,0,Crypto,5,20.56,Documentary
C86981De-A762-42D2-8576-C52E61Cf46B6,50,Other,Basic,6.36,57,Europe,Mobile,8.99,1,Debit Card,5,0.11,Documentary
435E0Df1-9Dc6-4Dbc-8A22-D98D9287743F,23,Female,Standard,12.14,9,North America,Tv,13.99,0,Crypto,3,1.21,Romance
4E273869-Ee28-46A6-B32D-41C1B291Af1E,65,Female,Standard,15.97,2,Africa,Tv,13.99,0,Crypto,1,5.32,Drama
C93B183B-6934-4630-B9B9-727Cf3A44D9F,49,Male,Standard,3.75,0,North America,Tablet,13.99,0,Credit Card,4,3.75,Horror
984F7F4A-0E12-47D7-8F25-00433E9A81Ab,29,Female,Standard,0.24,23,Oceania,Tv,13.99,1,Credit Card,2,0.01,Documentary
2C7Ccf0F-852F-4359-A5Bf-1E15605D2411,55,Female,Basic,18.98,34,South America,Desktop,8.99,0,Paypal,5,0.54,Documentary
E0203E9A-2724-4032-B679-6C33795C4D13,63,Male,Premium,2.96,25,North America,Desktop,17.99,0,Debit Card,4,0.11,Action
B2976Ddf-B2Bb-4870-8Fcf-2377C119D2Cd,66,Other,Premium,1.4,23,Asia,Laptop,17.99,1,Gift Card,2,0.06,Documentary
4B4E57F2-0Dce-4598-885F-71Fa5662Cf0E,24,Other,Basic,3.05,54,Oceania,Desktop,8.99,1,Gift Card,3,0.06,Drama
521D1F0D-3F5F-438F-8C6D-6C9Aab0299Af,22,Male,Basic,5.15,25,Africa,Laptop,8.99,0,Crypto,4,0.2,Documentary
C8A08658-20Ab-4F89-A0E7-3F614340Eb78,34,Male,Premium,26.14,15,Oceania,Mobile,17.99,0,Debit Card,3,1.63,Romance
B010Be93-76B2-4B4D-Bdbc-A420Fc96Aeaf,64,Other,Premium,8.46,20,Asia,Laptop,17.99,0,Debit Card,4,0.4,Romance
7E4E462C-F211-4671-B964-Ee732464853E,67,Female,Basic,3.68,34,North America,Tablet,8.99,1,Paypal,1,0.11,Sci-Fi
35Cdcfe1-C48A-43B6-8533-8F70Aa35C713,38,Male,Standard,6.77,49,Europe,Mobile,13.99,1,Gift Card,3,0.14,Romance
1Df5B1E8-8112-471D-80Aa-74Af1982324F,57,Female,Basic,1.24,52,Europe,Desktop,8.99,1,Credit Card,4,0.02,Sci-Fi
Eb295874-E3Cf-4C03-8Fcc-0D20F7002487,31,Male,Basic,1.04,46,South America,Tv,8.99,1,Paypal,1,0.02,Romance
B46Fb518-339F-4C79-A429-F00E662C7085,43,Male,Basic,1.63,0,Oceania,Mobile,8.99,0,Credit Card,3,1.63,Documentary
D6B8270F-7185-40Df-9965-535Dc995Fafb,69,Other,Premium,3.66,53,Oceania,Tv,17.99,1,Crypto,4,0.07,Sci-Fi
5F8Bdd64-2A4F-404D-9Cdc-A1Ada06Cafe8,55,Male,Basic,9.28,42,Asia,Laptop,8.99,1,Paypal,2,0.22,Horror
Cb5D5D80-7F94-421C-A76A-Fb560Beeb1Ba,43,Other,Standard,77.57,6,South America,Mobile,13.99,0,Credit Card,4,11.08,Comedy
1De5Ede5-F00C-473F-9A4C-Adb67Defa9A2,46,Female,Premium,3.16,5,Asia,Tv,17.99,0,Debit Card,5,0.53,Action
31Cd336C-F793-4Bec-Bc4C-039D941C2490,60,Female,Premium,9.31,2,Europe,Desktop,17.99,0,Paypal,5,3.1,Horror
29208590-743A-425B-9077-67234E055F13,32,Male,Premium,24.08,37,Oceania,Tablet,17.99,0,Debit Card,3,0.63,Action
3Db1Dae5-386E-4Bcd-8696-37840C900Ccf,42,Other,Basic,12.95,41,Oceania,Desktop,8.99,1,Gift Card,1,0.31,Comedy
7Ba75Cd9-Df14-4E14-A22C-3Ddc259Ef325,32,Female,Standard,9.8,5,North America,Tablet,13.99,0,Credit Card,3,1.63,Drama
8109F1C7-Ba4F-46Ec-B3C5-46243B944811,35,Male,Standard,23.05,14,Africa,Laptop,13.99,0,Debit Card,4,1.54,Documentary
06465985-0B74-4942-Bae3-5D65186Df92B,60,Other,Basic,12.11,33,Oceania,Desktop,8.99,1,Crypto,4,0.36,Comedy
Ca45E25E-8Bdd-4799-8C0C-2Eccdcb6Bbf2,68,Female,Standard,2.58,37,South America,Tablet,13.99,1,Debit Card,3,0.07,Sci-Fi
B2B6A0A2-6478-467C-B4F6-901Fde495Cec,43,Male,Standard,16.48,17,North America,Tablet,13.99,0,Gift Card,3,0.92,Comedy
9181Fa02-7760-4F1E-A008-1A54D063Fb9B,64,Male,Standard,10.46,51,South America,Laptop,13.99,1,Credit Card,2,0.2,Comedy
Bb097E87-3E4E-40Ad-B791-Cd342F7Ad67B,56,Female,Basic,2.15,12,South America,Laptop,8.99,1,Paypal,5,0.17,Drama
1C813952-7E02-4264-A834-416E29Ccb810,56,Other,Premium,19.25,28,North America,Laptop,17.99,0,Credit Card,5,0.66,Action
F4D7Fadf-5C3B-41D9-B4Fb-F6Df2Bfaaa2D,57,Other,Premium,8.62,40,Africa,Desktop,17.99,1,Paypal,2,0.21,Romance
7B2Aae74-2B75-4973-93Ec-B657Bff5A9A1,38,Other,Standard,10.23,18,Africa,Tv,13.99,0,Paypal,5,0.54,Documentary
09263D5F-674E-482D-A8C0-324762193672,35,Other,Premium,21.23,9,Asia,Tv,17.99,0,Paypal,5,2.12,Horror
3Dd65018-61B5-4329-A9Cc-Bac8C15A6B25,35,Male,Basic,16.65,46,Asia,Tv,8.99,1,Crypto,3,0.35,Romance
516E93D4-Bbed-4673-9Afd-E3E853754100,58,Other,Standard,6.62,25,Africa,Tv,13.99,0,Debit Card,2,0.25,Drama
42466881-A58B-4057-A0Ea-615Af204F9A6,38,Male,Basic,6.67,39,North America,Laptop,8.99,1,Gift Card,3,0.17,Drama
6Dde2C86-7593-4D49-Aee0-38Ae33B01060,69,Male,Standard,4.86,27,North America,Desktop,13.99,1,Gift Card,3,0.17,Horror
1A0Feffc-117C-4E7C-A2Cf-8C2C3548F658,47,Male,Basic,19.26,57,Europe,Tv,8.99,1,Paypal,2,0.33,Action
A0Acfed2-3Ecb-4404-A39E-2Fc473381219,49,Male,Premium,7.9,20,Europe,Mobile,17.99,0,Crypto,2,0.38,Horror
3Cef2Ed3-Dfec-427E-Ba70-5D08Fa92A631,26,Female,Standard,8.88,42,Africa,Desktop,13.99,1,Debit Card,1,0.21,Documentary
25C3F6C6-D0D4-4135-B2E8-67E3D423Fa2D,28,Female,Premium,25.32,6,South America,Laptop,17.99,0,Gift Card,1,3.62,Action
Fa6410Af-B085-4A71-9789-00Ccefdeb848,36,Female,Standard,12.08,60,Europe,Mobile,13.99,1,Paypal,2,0.2,Comedy
Ea172916-31B9-429F-B590-A746507Bb20E,28,Male,Premium,2.01,35,Europe,Tablet,17.99,1,Gift Card,2,0.06,Documentary
B36B2E7D-Ddd2-41Ee-8A2F-00154F07B184,24,Male,Premium,9.24,23,Oceania,Desktop,17.99,0,Debit Card,3,0.39,Documentary
1B82995D-Cc3F-4F27-A87F-2Dd1B6C9Fc2E,59,Other,Premium,18.05,19,Asia,Tv,17.99,0,Paypal,3,0.9,Documentary
Eb0149C4-6C4F-4467-92F1-32A3745766F7,69,Other,Basic,3.12,47,South America,Mobile,8.99,1,Crypto,3,0.07,Documentary
Eb6C6692-Bbc5-40F1-B191-88B47869C368,46,Male,Premium,26.01,3,Asia,Mobile,17.99,0,Debit Card,3,6.5,Horror
181Aa143-101D-4965-9Ab4-80Edcaedd194,62,Other,Standard,36.03,46,North America,Mobile,13.99,0,Gift Card,2,0.77,Documentary
0066A45E-D10F-4519-9E4A-15E32388Ad00,60,Female,Standard,1.85,28,Africa,Mobile,13.99,1,Paypal,3,0.06,Comedy
41750832-10D6-4Ce6-Ae6C-494A1D849B0A,33,Female,Standard,1.32,36,South America,Laptop,13.99,1,Crypto,1,0.04,Drama
E55E1E83-D28D-4691-A909-185781512Ae0,51,Female,Premium,16.96,15,Oceania,Laptop,17.99,0,Credit Card,5,1.06,Sci-Fi
1Ad376C4-Db63-48E2-92Ea-1F2F94D583Ce,32,Female,Basic,0.54,5,Oceania,Laptop,8.99,1,Paypal,2,0.09,Drama
79D11806-228A-4Fab-8270-A7D65C9Cecf7,40,Other,Standard,11.56,48,Asia,Tablet,13.99,1,Gift Card,5,0.24,Documentary
B69Ffd1C-443E-47A7-Ac67-B304Ee8Ece03,62,Other,Premium,9.58,25,Asia,Tablet,17.99,0,Credit Card,2,0.37,Comedy
Cff04A7A-B133-49E2-9A12-16C9C89C1A7A,56,Male,Premium,6.24,2,Oceania,Tablet,17.99,0,Crypto,4,2.08,Sci-Fi
2D6E45F9-C626-4F26-B7Ca-7Fbea55A3773,22,Male,Premium,12.87,59,Europe,Tablet,17.99,1,Gift Card,4,0.21,Romance
78A91B6F-0E0A-4432-B7Cf-170F0D378356,31,Male,Standard,11.93,15,Africa,Tablet,13.99,0,Gift Card,4,0.75,Horror
Ce4Be12E-C15F-46E0-8026-F3E4935D04B4,60,Male,Premium,7.25,35,Asia,Tv,17.99,0,Debit Card,5,0.2,Sci-Fi
1C8Ec967-8010-404B-B7D6-767A09E543Bc,64,Male,Basic,6.68,24,Asia,Laptop,8.99,1,Crypto,2,0.27,Horror
A35353Ba-7E5D-4A4E-B1E2-851B4Ce3Ed64,53,Male,Basic,6.64,37,Africa,Desktop,8.99,1,Credit Card,5,0.17,Documentary
Ab117F6F-73Fc-4211-B264-Db6211Bd97F3,21,Female,Standard,8.6,46,Europe,Mobile,13.99,0,Paypal,4,0.18,Action
A060Eae1-66Cc-4F52-9Aef-D512Ccc77F47,45,Other,Standard,25.59,22,Europe,Tv,13.99,0,Credit Card,2,1.11,Sci-Fi
1663F5Da-A60E-41D7-A9Ae-5704F4C7A196,37,Male,Basic,11.52,38,Oceania,Tv,8.99,1,Paypal,4,0.3,Action
24Be0465-3Bee-4952-Bc5B-8B0227A6Baaa,18,Female,Basic,47.29,23,Asia,Tv,8.99,0,Paypal,3,1.97,Romance
A952D34F-2Ec1-4Daf-9Ee0-9C06351Caa91,28,Female,Basic,2.66,55,Africa,Laptop,8.99,1,Crypto,5,0.05,Action
F7B5A5D9-Ce05-4088-8839-E0Ee991872Ec,38,Other,Basic,8.81,1,North America,Desktop,8.99,0,Gift Card,4,4.41,Action
8F38Ef25-91A6-42E2-947F-9D9D094A2D0D,54,Other,Basic,1.07,59,Europe,Tv,8.99,1,Credit Card,1,0.02,Documentary
2756A817-E711-4A26-B146-2E793E01D065,36,Male,Standard,48.01,29,Africa,Tablet,13.99,0,Crypto,5,1.6,Sci-Fi
F1Bbc7Ec-707D-4D01-B7Fc-Ceb06Bd4De36,61,Male,Standard,26.05,21,North America,Tablet,13.99,0,Debit Card,1,1.18,Documentary
4B488Ecd-4021-414B-9E79-052A51E982E6,65,Other,Premium,16.68,9,Asia,Mobile,17.99,0,Debit Card,2,1.67,Romance
2919E65B-E387-49F7-8Afa-26B4Cb2F5D35,25,Female,Standard,9.64,54,Oceania,Tv,13.99,1,Credit Card,3,0.18,Drama
Abe07Eca-D0Df-4A23-8B09-738A81049742,37,Male,Basic,18.78,33,North America,Tablet,8.99,1,Debit Card,3,0.55,Horror
03E076Ee-865E-440A-Bf29-41053D4F0B3B,59,Male,Premium,4.9,56,Oceania,Laptop,17.99,1,Crypto,4,0.09,Documentary
37Cfcd56-9185-4C3D-8049-8Ac6B15E6Cbb,64,Female,Basic,3.98,58,Oceania,Laptop,8.99,1,Paypal,5,0.07,Sci-Fi
7E65Ef60-0906-4E1E-9B54-B8D89Cefddae,44,Male,Basic,8.02,9,North America,Tv,8.99,0,Crypto,4,0.8,Comedy
5C619083-1760-4A87-A00A-3Ca15Ffccf0C,21,Male,Premium,1.83,21,North America,Tv,17.99,1,Gift Card,1,0.08,Comedy
4D396Fff-770C-4879-Ab7D-562Cd5347D99,31,Other,Standard,3.9,33,Oceania,Laptop,13.99,1,Debit Card,3,0.11,Action
E1C24850-9Ba6-4B3C-B64C-B3Dc0E49A8F0,46,Other,Basic,7.63,31,Asia,Tablet,8.99,1,Gift Card,5,0.24,Romance
80Ae474F-2E01-4732-A930-00D3E2Cd07Ba,32,Male,Premium,2.38,3,Asia,Mobile,17.99,0,Gift Card,4,0.59,Drama
E9C0E33C-D11C-49Fe-8C0A-7Cd7C19Bccb6,20,Female,Basic,1.27,46,Asia,Desktop,8.99,1,Paypal,1,0.03,Horror
Eb61A935-8Dbb-40Cc-83Eb-A4B86A1C5F82,49,Male,Basic,5.3,44,Oceania,Tv,8.99,1,Credit Card,3,0.12,Comedy
6Ef75419-014D-484F-B0B5-Ad892Dc6355A,18,Male,Basic,3.11,48,Europe,Tv,8.99,1,Credit Card,2,0.06,Sci-Fi
78881B37-93A3-40E3-Af3F-0Ed648260308,65,Male,Premium,23.31,25,South America,Tablet,17.99,0,Debit Card,2,0.9,Action
3E5Ca0E8-0Ee4-442C-A7D5-42E317F42E32,28,Female,Standard,0.61,59,Africa,Laptop,13.99,1,Gift Card,5,0.01,Romance
1Ef03E82-E34C-4C29-B256-B321B3A5Ce99,62,Male,Premium,0.99,43,Asia,Mobile,17.99,1,Debit Card,5,0.02,Documentary
74321B67-Ea33-4478-A9A2-A5D32E6Eab48,22,Male,Standard,10.96,50,Asia,Laptop,13.99,1,Crypto,4,0.21,Drama
5A8Ba2Fb-5253-47Fd-8008-44384430Edf1,29,Other,Premium,16.95,53,Africa,Mobile,17.99,1,Paypal,3,0.31,Romance
Ba7257D0-99C8-4C55-A657-6537Eb677Dfb,37,Female,Standard,5.31,38,Asia,Tv,13.99,0,Paypal,5,0.14,Sci-Fi
Fa287C41-72Cd-40A9-82B6-1Fc0737Ab235,34,Other,Standard,8.59,20,Europe,Tv,13.99,0,Gift Card,1,0.41,Romance
09054F5F-12F8-4050-A4A3-0200272Daaa0,60,Other,Basic,36.07,38,Oceania,Tv,8.99,0,Debit Card,5,0.92,Romance
900D8E75-3067-4Dfb-8193-9F2A21E0678E,57,Female,Basic,2.86,49,Europe,Desktop,8.99,1,Debit Card,2,0.06,Documentary
E158767D-D404-4C70-9Ab1-Df830Be9D0D7,33,Other,Basic,24.94,16,South America,Mobile,8.99,0,Credit Card,1,1.47,Drama
804256F3-09B1-43A2-9E9B-2E12Ed16Cffe,26,Male,Standard,26.4,22,North America,Tv,13.99,0,Credit Card,1,1.15,Romance
210B9C3E-61Bd-419B-842D-72Ed78D38E9E,28,Other,Standard,14.45,4,Europe,Laptop,13.99,0,Credit Card,5,2.89,Horror
5Ab5431D-4185-4B4F-Be21-4183473Aa0A9,53,Other,Premium,4.49,10,South America,Tablet,17.99,1,Debit Card,1,0.41,Action
Eb0D1E13-35B7-472C-A39C-C5211Ebb80E4,45,Male,Basic,4.22,18,Africa,Desktop,8.99,1,Crypto,3,0.22,Sci-Fi
83F21Fb5-7Cfa-45E9-875E-819C773032Fb,62,Other,Basic,16.62,21,South America,Desktop,8.99,0,Gift Card,3,0.76,Action
33Bca94A-0B75-4Ad7-B4Fe-Db44Cfdd6992,28,Other,Standard,1.07,9,Africa,Mobile,13.99,1,Paypal,1,0.11,Comedy
Ac790561-30Ba-49Da-B38B-56E3F1D6898D,53,Other,Premium,27.73,32,Africa,Desktop,17.99,0,Debit Card,4,0.84,Comedy
1B49Ab1B-80C6-48A5-8Fa2-99155B0D743D,20,Male,Basic,1.4,51,South America,Tv,8.99,1,Gift Card,4,0.03,Comedy
2053F03C-0Aff-41B0-Be01-B4B81F0B1C6B,59,Male,Standard,10.64,36,Oceania,Desktop,13.99,1,Gift Card,2,0.29,Drama
77B85C42-C67D-4876-B26B-6Ab89Ed8Bbaf,66,Male,Basic,8.01,53,Europe,Tablet,8.99,1,Credit Card,1,0.15,Comedy
6B608954-Fb0E-409E-Bb61-F6B97Fea7Fb5,41,Male,Basic,7.04,30,South America,Tablet,8.99,0,Debit Card,5,0.23,Sci-Fi
7Fc041A7-0Fd1-44E9-B505-6Dd1E752A78C,51,Male,Basic,7.54,5,Europe,Desktop,8.99,0,Debit Card,4,1.26,Action
Cd3D65E9-6653-4206-8809-0665721A1Af5,29,Female,Standard,17.26,17,Oceania,Tablet,13.99,0,Gift Card,2,0.96,Drama
D7Fbf7D7-9302-402C-A84E-D8303Dedc8Cd,58,Other,Premium,14.44,43,North America,Tablet,17.99,1,Gift Card,3,0.33,Horror
4715E1C8-4447-49Fb-Aaf6-D1F7Cdc5A4A3,28,Other,Standard,6.97,9,Africa,Desktop,13.99,0,Debit Card,4,0.7,Horror
E6D043Fa-2Dd1-45D0-876C-A7C704F2Ce1F,29,Female,Premium,14.87,12,North America,Laptop,17.99,0,Credit Card,4,1.14,Action
84E37D64-6055-4386-Ba92-21D96A511B3B,62,Other,Standard,4.16,29,Europe,Desktop,13.99,1,Paypal,3,0.14,Sci-Fi
B16C9135-2798-4E1D-A48A-1D9C64D459F2,62,Other,Basic,21.86,22,Oceania,Tv,8.99,0,Crypto,5,0.95,Sci-Fi
029E94B4-Bc1C-4602-A8Ef-7Fe92C78F4C2,58,Female,Basic,8.4,44,Africa,Laptop,8.99,1,Gift Card,2,0.19,Documentary
28C6E751-2511-479D-83C1-455A6E1Fc02A,21,Female,Standard,25.32,60,Europe,Mobile,13.99,0,Crypto,4,0.42,Comedy
727E553F-D207-4563-9A00-8D82561E7817,38,Male,Basic,22.74,60,Asia,Desktop,8.99,1,Gift Card,3,0.37,Documentary
3F14D6E0-Dd02-4Fe1-82Ff-Bd5Cec08118B,19,Female,Standard,16.26,17,Europe,Tablet,13.99,0,Credit Card,1,0.9,Drama
43C2A767-Ad49-4977-B9B7-E87E81E9E93D,46,Other,Basic,13.83,44,North America,Mobile,8.99,1,Debit Card,4,0.31,Action
2B7Bf795-Ccef-4Bca-93A6-D00318B73C50,38,Female,Standard,0.9,35,North America,Desktop,13.99,1,Paypal,2,0.03,Sci-Fi
F1200806-6780-4B17-B062-50507384F5Ce,36,Male,Standard,37.54,54,Europe,Tv,13.99,0,Paypal,2,0.68,Romance
E3A57085-5027-4193-90Fd-91B31D51Ffe8,42,Male,Standard,1.64,17,Oceania,Desktop,13.99,0,Debit Card,5,0.09,Comedy
214Cb42C-B964-4040-9C71-0251Fb9A4A1E,43,Male,Standard,5.61,41,Europe,Tablet,13.99,1,Paypal,1,0.13,Horror
E8E2671B-Ef4F-4D9B-A1B3-0B642A8Eff25,60,Other,Premium,7.61,20,Europe,Laptop,17.99,0,Paypal,1,0.36,Action
4D29E9Ee-D620-4826-934A-0Ad009294493,55,Female,Standard,14.71,20,South America,Desktop,13.99,0,Credit Card,2,0.7,Horror
Ecb0426B-5580-4337-A6C4-Add3B523895D,41,Female,Basic,27.09,7,South America,Tv,8.99,0,Credit Card,5,3.39,Action
83A192A7-6748-40Bc-A60B-004E4A03E87B,51,Male,Premium,7.92,16,Africa,Mobile,17.99,0,Debit Card,2,0.47,Documentary
85420440-Ebf6-49E6-Af14-16079557B57A,32,Other,Basic,12.06,26,Asia,Laptop,8.99,0,Paypal,3,0.45,Drama
57212Dcb-1D06-4D90-8679-277113D72959,35,Female,Basic,2.22,4,Africa,Desktop,8.99,1,Paypal,2,0.44,Comedy
69F107Ad-0D39-475D-850E-6D718D486Ae4,63,Male,Premium,20.68,26,Asia,Tablet,17.99,0,Crypto,5,0.77,Horror
18A5612D-F555-46C6-Ad9A-Ec247C068C0E,39,Other,Premium,4.0,32,South America,Mobile,17.99,1,Debit Card,2,0.12,Horror
Cc8Ec647-33C7-46Cf-Af2B-141363C9314F,19,Male,Basic,2.79,33,Oceania,Tablet,8.99,1,Paypal,4,0.08,Sci-Fi
63C3D866-4C2F-4B50-9E58-332A2Bbea4E5,33,Female,Basic,9.64,30,Asia,Mobile,8.99,0,Crypto,5,0.31,Documentary
981B303B-C6Cd-438A-9E2A-D360Db261B75,63,Male,Basic,39.55,42,North America,Tablet,8.99,1,Gift Card,1,0.92,Sci-Fi
B6A5E8Ca-Ccd7-4Fca-A1D3-949Bffc746Cf,18,Other,Basic,2.13,20,Oceania,Laptop,8.99,1,Credit Card,1,0.1,Sci-Fi
C3Bb2207-5913-4675-9977-5A1A64De72E1,22,Other,Premium,32.64,30,Oceania,Mobile,17.99,0,Credit Card,5,1.05,Sci-Fi
Ac6D762A-91B1-494E-9Ce5-Cdccfd177F90,42,Other,Basic,20.52,5,Europe,Tablet,8.99,0,Debit Card,2,3.42,Romance
9084D77F-70C5-4E36-91F5-57F8F36C20C7,42,Male,Premium,3.49,55,Oceania,Tablet,17.99,1,Gift Card,4,0.06,Horror
B2Bf8C40-7A2A-4695-8A51-354E6021337E,24,Female,Basic,14.8,28,North America,Laptop,8.99,0,Debit Card,5,0.51,Drama
75213958-6F81-4Fc1-A446-5Eafb01Dca12,30,Female,Basic,4.39,52,North America,Tv,8.99,1,Credit Card,3,0.08,Drama
Ead37A59-Af0E-4Cd8-A764-F2Cdbe727457,22,Male,Premium,5.45,16,North America,Desktop,17.99,0,Credit Card,1,0.32,Romance
91B02759-584D-4F29-B1A4-5818311708D1,54,Male,Standard,15.65,53,Oceania,Tablet,13.99,1,Gift Card,2,0.29,Sci-Fi
2B8E4729-3D02-40E1-86Ba-7Cb9241B7F80,68,Other,Standard,5.33,26,North America,Laptop,13.99,0,Crypto,5,0.2,Drama
10Fe2D39-3E7A-4Fd6-Afef-Fd7885F1Fd16,51,Female,Standard,5.79,47,South America,Mobile,13.99,1,Debit Card,2,0.12,Documentary
8F256Cb4-Eb43-4Eaf-A0F9-Ee1436424B70,68,Female,Standard,14.65,11,Oceania,Tablet,13.99,0,Debit Card,5,1.22,Sci-Fi
47787F39-8E7E-44Fb-B179-442E3735F82F,58,Other,Standard,0.37,60,Europe,Tablet,13.99,1,Debit Card,5,0.01,Documentary
B6083E69-466B-43Ff-Bd61-D835Ff91Dfae,32,Female,Basic,9.14,51,North America,Mobile,8.99,1,Debit Card,2,0.18,Romance
225A3Fb2-E273-4726-A0F3-0Fea1Aa6F0C9,59,Male,Basic,25.0,44,Asia,Tablet,8.99,0,Crypto,4,0.56,Comedy
Bdfa953F-4810-434E-A574-205313689450,49,Female,Premium,14.39,48,Asia,Desktop,17.99,1,Gift Card,1,0.29,Action
9F3553Ad-D5B2-4D08-85F8-1560403A619D,29,Male,Premium,0.69,41,Oceania,Tablet,17.99,1,Debit Card,5,0.02,Action
11Ea4551-84Fd-4D94-B679-4A8F5D4Fd69A,53,Female,Basic,10.96,15,South America,Tv,8.99,0,Paypal,2,0.69,Comedy
6A2C245C-1C2B-4Aab-8133-182C39000B3A,56,Male,Basic,14.36,21,South America,Tablet,8.99,0,Crypto,1,0.65,Romance
435Ccceb-38F8-40A8-86Eb-7629Bd3D9C54,56,Male,Basic,3.26,20,North America,Laptop,8.99,1,Paypal,3,0.16,Comedy
437Ee4E8-Fc39-4E80-99A5-3E8Aa461522A,68,Male,Standard,24.08,58,South America,Laptop,13.99,0,Gift Card,2,0.41,Comedy
3A541439-F431-4Fbc-9F60-8434D47Eaae8,62,Other,Premium,7.68,56,Europe,Laptop,17.99,1,Paypal,2,0.13,Horror
28C544F1-3E87-4Ae2-Bd03-8Bb94284B82C,26,Male,Standard,67.5,29,South America,Mobile,13.99,0,Paypal,4,2.25,Romance
9927198C-86E3-4F28-A6Ce-397Acc4Caf69,26,Other,Standard,4.31,13,South America,Mobile,13.99,1,Debit Card,1,0.31,Comedy
2381Eca7-1A48-4Bfb-8Dab-C7A632Ed0058,40,Female,Basic,12.67,44,Europe,Laptop,8.99,1,Credit Card,1,0.28,Comedy
C6E7Dcc7-F791-40A3-Ac2E-7604B3A98468,52,Male,Standard,5.03,4,Europe,Desktop,13.99,0,Debit Card,5,1.01,Sci-Fi
0986188B-Fb15-47A9-Afc2-8A22C131768F,37,Female,Basic,25.43,5,Africa,Desktop,8.99,0,Gift Card,4,4.24,Horror
51846Af3-4Ee8-4383-B77E-C7941Ff99E4F,24,Female,Basic,5.59,0,North America,Tablet,8.99,0,Crypto,5,5.59,Documentary
872Edb94-4351-4086-B95A-9E27431Cc43F,19,Male,Premium,11.32,31,Asia,Desktop,17.99,0,Debit Card,4,0.35,Action
5387Eb2D-2E8E-47Aa-A12F-9202951E5F69,69,Male,Basic,1.13,24,Africa,Tablet,8.99,1,Credit Card,3,0.05,Romance
887211Af-46F5-4170-B67D-Ae4B857A3E02,40,Female,Standard,30.74,55,Oceania,Tablet,13.99,0,Crypto,3,0.55,Drama
19Cef185-673B-4519-9Fb2-Cd85A59F6528,39,Other,Basic,16.77,48,South America,Laptop,8.99,1,Credit Card,1,0.34,Romance
398C5457-Acaa-41B1-887C-Eb2B44578430,51,Other,Basic,51.43,34,South America,Tablet,8.99,0,Gift Card,5,1.47,Horror
87224324-13D4-4C0C-B5A2-8F782C47Cccd,52,Male,Standard,21.89,3,Europe,Mobile,13.99,0,Paypal,1,5.47,Horror
67Cf164D-D961-4310-8646-8B5792F20876,70,Other,Premium,8.68,41,South America,Desktop,17.99,1,Paypal,1,0.21,Horror
5C55Ebb6-04Ac-4D5D-9D7C-32Ea910C88Ba,70,Other,Standard,20.33,42,Europe,Mobile,13.99,0,Crypto,4,0.47,Documentary
De02Cddd-08A6-42Fe-99Bc-06Cc033F2Bd5,68,Male,Premium,19.91,54,Europe,Mobile,17.99,1,Gift Card,3,0.36,Horror
D625591A-3Bbc-429E-A938-E0C608D79B57,32,Other,Standard,17.48,4,North America,Laptop,13.99,0,Crypto,4,3.5,Horror
51902957-4D34-4297-Ae4B-Fb94B2467E14,43,Female,Basic,17.9,48,Asia,Desktop,8.99,1,Crypto,2,0.37,Documentary
42C50042-91A6-424A-B693-29D883255E61,28,Other,Standard,50.73,12,North America,Desktop,13.99,0,Credit Card,4,3.9,Documentary
5Ad29C73-F218-4Cb0-B44C-628973888C49,41,Male,Premium,60.32,25,Asia,Tv,17.99,0,Paypal,5,2.32,Comedy
226C0013-0F4E-437E-A087-E806934Fc1Fb,50,Other,Basic,6.53,19,Europe,Mobile,8.99,0,Crypto,5,0.33,Sci-Fi
5952E659-Bab6-482A-96C4-F44B828Be07A,59,Female,Premium,23.31,50,South America,Tv,17.99,0,Gift Card,3,0.46,Comedy
07Cbc13D-C375-4955-A2A8-15Fd519C8740,51,Other,Premium,10.47,22,South America,Tablet,17.99,0,Credit Card,2,0.46,Horror
Dbb5D434-8A56-41F9-87Eb-1Cf8Dc563B1B,19,Male,Premium,5.34,3,North America,Tablet,17.99,0,Debit Card,1,1.33,Action
40F121Cf-8Cc7-4E5A-Bf91-Dfa99F774Bca,25,Other,Standard,5.36,23,Africa,Mobile,13.99,0,Crypto,4,0.22,Comedy
4Be265B7-F86A-4D63-913D-F15259Bbc9Ad,61,Other,Standard,19.49,9,Asia,Tv,13.99,0,Paypal,1,1.95,Drama
4B9Cde42-026C-4E54-A2D5-C417Ffca15Ac,39,Other,Standard,14.12,12,Europe,Desktop,13.99,0,Credit Card,5,1.09,Documentary
Cd892F9F-B0E1-4C18-B7Da-E733C906F25A,53,Male,Basic,7.21,53,North America,Mobile,8.99,1,Credit Card,3,0.13,Comedy
207339D4-84F7-4562-Aeab-481Ca61807C6,21,Male,Basic,24.12,18,South America,Laptop,8.99,0,Crypto,1,1.27,Action
755F3Ee0-6334-4300-8117-Dd9D43D6B113,42,Other,Premium,13.25,29,Africa,Desktop,17.99,0,Paypal,4,0.44,Romance
5Cd4Bc7F-42Fe-4Ca5-8903-F154B5473974,65,Other,Basic,0.39,3,Oceania,Desktop,8.99,1,Paypal,2,0.1,Action
803B8187-D2Cd-405E-9016-A8Aa418384E1,18,Male,Basic,32.68,58,Africa,Tv,8.99,0,Gift Card,5,0.55,Romance
61Ed2C75-3159-4640-9A7F-Adbdcd9F6144,45,Other,Standard,12.64,33,North America,Desktop,13.99,1,Crypto,4,0.37,Romance
47Ef1Fd4-7788-481E-829C-Abd737Dbd61F,19,Female,Premium,1.8,4,Africa,Tablet,17.99,0,Debit Card,2,0.36,Documentary
2820C5F3-3394-45Aa-930F-E4E26A781C66,45,Other,Premium,21.12,27,Oceania,Desktop,17.99,0,Credit Card,5,0.75,Drama
3080B07C-545A-4370-9485-B288De08764F,24,Female,Standard,1.68,45,Asia,Mobile,13.99,1,Credit Card,3,0.04,Comedy
C0874A78-Dcb0-4A64-B41D-1995F7C54Cab,48,Other,Standard,3.22,33,Asia,Desktop,13.99,1,Paypal,1,0.09,Comedy
C2Edf117-Ec72-4Ee9-Bf3C-Bb67Ea3Ce636,67,Female,Basic,8.03,34,Asia,Desktop,8.99,1,Crypto,1,0.23,Romance
8Eebe75F-D578-48F5-9C59-5A5864Dfa1C2,41,Female,Basic,7.36,30,South America,Tv,8.99,0,Paypal,3,0.24,Drama
D87C00E4-E192-46Ea-A7Cf-353A90D06715,35,Female,Premium,1.84,30,Asia,Desktop,17.99,1,Crypto,3,0.06,Horror
10D5F159-A06D-4C0B-8Ca6-20231Beefa15,50,Female,Standard,19.48,49,Europe,Laptop,13.99,1,Gift Card,3,0.39,Comedy
7Ffed6Ac-Db02-4E27-9368-551Fb7B66687,24,Male,Premium,33.35,38,Africa,Tv,17.99,0,Credit Card,1,0.86,Documentary
C8A454E7-9Cfd-41De-A06E-F0251Becf007,30,Female,Premium,3.63,35,Europe,Desktop,17.99,1,Paypal,3,0.1,Drama
2F7Bc8A8-1433-4C9E-976D-02584059D9C4,44,Female,Premium,15.31,26,North America,Tv,17.99,0,Crypto,5,0.57,Sci-Fi
724Af657-0Df2-4775-8850-9E3Cd124F620,61,Female,Basic,14.55,37,South America,Laptop,8.99,1,Gift Card,2,0.38,Documentary
5C4B45Aa-9549-406C-9B5A-Efbc6Faf2A36,43,Female,Standard,19.95,40,North America,Laptop,13.99,1,Paypal,1,0.49,Horror
19Ff99C9-4347-4Ec5-9Ba7-D9680A0268A6,54,Other,Basic,9.92,27,Asia,Laptop,8.99,1,Credit Card,1,0.35,Drama
F933C9Ef-6E58-4E70-B20D-E7D40E7C0Ea2,39,Female,Standard,1.72,24,Asia,Tablet,13.99,1,Gift Card,5,0.07,Drama
E334Edac-479F-4209-A523-985D5244F439,43,Female,Standard,8.45,20,Africa,Laptop,13.99,0,Gift Card,3,0.4,Documentary
76Cf661D-95Cb-4B43-Bd4E-A2Fb1E1Ca16C,26,Other,Standard,13.02,41,North America,Tablet,13.99,1,Crypto,1,0.31,Sci-Fi
2736897F-A383-4813-Bb71-2A3B303Dc1Be,22,Male,Standard,0.12,4,Asia,Laptop,13.99,0,Paypal,5,0.02,Drama
D178F7F4-F66B-4F59-8Ab8-D15E9B51A915,32,Male,Standard,5.6,44,Europe,Mobile,13.99,1,Paypal,3,0.12,Horror
14505C8A-5D16-4808-8A62-75Fcdfbb28D1,28,Other,Premium,0.68,53,North America,Laptop,17.99,1,Crypto,1,0.01,Comedy
A20Bd2C0-01C9-46F2-883E-Addc3A0B0Ab3,50,Male,Standard,1.96,60,Oceania,Laptop,13.99,1,Crypto,2,0.03,Horror
3A85Cb4F-Fbe6-43Cd-9E48-561E968A38Ba,25,Other,Basic,6.38,58,Europe,Desktop,8.99,1,Paypal,3,0.11,Documentary
Df6931Fb-0022-4C8A-A665-D7A6Fa7E896D,46,Female,Premium,0.5,51,South America,Tablet,17.99,1,Debit Card,4,0.01,Comedy
A4Cfac30-906C-46C6-9613-799375Ab5C8A,69,Other,Premium,15.94,36,South America,Laptop,17.99,1,Debit Card,2,0.43,Drama
4Accb3D6-Cb3E-4912-955E-5C7Ab5B2F60A,57,Female,Basic,0.71,42,North America,Tv,8.99,1,Debit Card,4,0.02,Sci-Fi
Ee1C6064-32F6-488D-B0C5-E7Ff7Fc46D64,37,Other,Premium,1.32,47,North America,Desktop,17.99,1,Paypal,3,0.03,Drama
D3B41960-C2B4-4Bf5-92Cb-243Fd3Dd3839,66,Female,Basic,37.6,35,South America,Mobile,8.99,0,Gift Card,3,1.04,Comedy
88007999-8185-4C2C-8Bb7-019Af9A4268A,44,Female,Standard,2.69,12,Africa,Mobile,13.99,0,Credit Card,5,0.21,Sci-Fi
Bbc959B5-3E2D-486D-Afe6-F5604Ccd8353,66,Male,Basic,5.07,38,North America,Mobile,8.99,1,Paypal,5,0.13,Sci-Fi
C7070081-A154-4414-B413-Bef90B05E624,39,Female,Premium,15.78,25,Oceania,Laptop,17.99,0,Gift Card,4,0.61,Romance
0048F001-A72C-4307-8F2D-3820Bdf4Ed80,63,Female,Premium,9.84,46,South America,Mobile,17.99,1,Paypal,2,0.21,Romance
37D89Df6-E945-4365-B6Bf-F153Ff42Dba6,39,Male,Basic,0.21,39,South America,Laptop,8.99,1,Paypal,3,0.01,Action
81264692-E2Fd-4344-9F2B-0826D6Bb7Edf,62,Male,Standard,9.15,55,North America,Tablet,13.99,1,Gift Card,5,0.16,Sci-Fi
0B23F53C-B88A-4F84-9Ad7-A5C6C58468C1,63,Female,Standard,3.86,14,Europe,Mobile,13.99,1,Crypto,5,0.26,Documentary
Baf77C0B-Ae75-441E-A9Ca-10Dcb0Ca8A86,33,Female,Standard,6.82,17,Africa,Tablet,13.99,0,Paypal,3,0.38,Sci-Fi
E6F30248-Cada-456A-9Bad-60136760979B,18,Female,Premium,11.82,59,Africa,Laptop,17.99,1,Credit Card,2,0.2,Drama
07B6De05-0028-418A-9E1C-09A345Bd813C,68,Female,Standard,6.49,6,South America,Desktop,13.99,0,Credit Card,1,0.93,Drama
A07F537A-651F-4Bfd-894C-91D437Fe5A2F,20,Male,Premium,2.04,52,Africa,Laptop,17.99,1,Debit Card,5,0.04,Action
49D28E48-9B37-4E3D-B921-06B3C1Ff01F3,62,Other,Basic,18.42,45,North America,Desktop,8.99,1,Debit Card,3,0.4,Documentary
005Bfa8F-2B5B-4B77-8285-3Bf38Fc632Da,24,Female,Premium,0.98,46,Europe,Laptop,17.99,1,Debit Card,4,0.02,Romance
6463Ec75-E456-45E7-8Cfb-A377F3842234,39,Female,Premium,17.26,21,South America,Tv,17.99,0,Debit Card,5,0.78,Documentary
Acccbbd5-848F-4151-A9E8-33E653D4E494,46,Other,Standard,4.0,42,Asia,Laptop,13.99,1,Credit Card,3,0.09,Comedy
31F056A8-4F89-4D97-A971-D157F79285C2,38,Female,Standard,47.25,12,Africa,Laptop,13.99,0,Gift Card,1,3.63,Documentary
86222Aa8-5671-4C15-B626-A0B47E66Afcf,30,Male,Premium,2.19,24,Asia,Laptop,17.99,1,Gift Card,5,0.09,Romance
3A338129-8B57-498D-B986-04C650132C87,29,Other,Basic,7.83,39,Oceania,Mobile,8.99,1,Paypal,1,0.2,Romance
119A8E37-6E68-4055-B5Bb-012E97Bc9Ffb,66,Other,Premium,8.07,20,Africa,Desktop,17.99,0,Gift Card,5,0.38,Romance
8Cb6D729-372A-415E-A63F-7460Bf042Fb5,54,Female,Standard,9.97,2,Asia,Tablet,13.99,0,Debit Card,2,3.32,Romance
6Cdf0799-8C0C-40Af-8522-41Cb8Dedbd76,37,Male,Standard,5.47,39,Asia,Tv,13.99,1,Gift Card,2,0.14,Horror
Fd0Ef1Ea-371A-4E71-8Fb7-C9A05F7Ccd03,41,Other,Premium,0.87,33,South America,Tablet,17.99,1,Paypal,4,0.03,Documentary
0D84A40E-1Adf-46A9-850F-312E3Efd401B,47,Male,Standard,13.37,46,Asia,Mobile,13.99,1,Crypto,3,0.28,Sci-Fi
3Fede56D-0D7A-4Aa2-93B7-Acc1341F620B,41,Female,Premium,0.43,60,Europe,Laptop,17.99,1,Debit Card,3,0.01,Action
C55Bd57E-3C4F-495C-Be97-D55C21B22F6F,18,Other,Premium,8.3,41,Oceania,Mobile,17.99,1,Crypto,5,0.2,Romance
7B4E29Be-Baa8-42C4-A7E8-3A707D8Ef336,69,Female,Basic,40.16,16,Asia,Tv,8.99,0,Debit Card,4,2.36,Drama
00E9F683-9379-4296-A5A6-76Bc2C9Dd117,58,Female,Premium,0.45,7,Oceania,Tv,17.99,1,Crypto,1,0.06,Sci-Fi
3C9F262F-A793-4935-8967-C74Dbadf9938,65,Female,Standard,45.1,58,Africa,Tablet,13.99,0,Credit Card,3,0.76,Romance
A70E3Fc7-66F5-4Ab7-Ac53-4875558A9A48,24,Other,Premium,15.55,30,Africa,Tablet,17.99,0,Gift Card,1,0.5,Horror
Fb35081C-372B-46F2-Afb1-A239C1Ca535B,65,Other,Standard,1.64,15,South America,Tablet,13.99,1,Crypto,2,0.1,Horror
C214A79D-72D0-4384-8A5A-619721B76C8E,27,Other,Premium,2.3,1,Europe,Mobile,17.99,0,Credit Card,5,1.15,Romance
0090F79E-A776-489A-9112-5F71E7870F94,53,Female,Standard,0.89,42,Europe,Tv,13.99,1,Credit Card,3,0.02,Romance
Df3978Cc-64E6-4E40-9Cd3-10A6A5Dda843,22,Female,Premium,26.78,38,Europe,Desktop,17.99,0,Paypal,4,0.69,Comedy
174B96De-7B2D-4934-A5A0-35Ba2D435C5A,63,Female,Premium,2.81,0,South America,Tablet,17.99,0,Gift Card,5,2.81,Drama
69Aedea2-3081-4C29-805A-C76Edff4C5A3,29,Female,Standard,3.69,1,North America,Tablet,13.99,0,Credit Card,1,1.84,Documentary
0Bd8Dee5-47A9-4349-9D55-E109F81D4394,62,Male,Standard,27.16,45,Europe,Desktop,13.99,0,Credit Card,2,0.59,Comedy
593B2Af6-E882-4129-8C49-1Deddd7278Fb,34,Male,Standard,15.02,13,Europe,Mobile,13.99,0,Paypal,2,1.07,Romance
Cfe10E0F-1Aac-495B-B869-4Af2359Dbb3A,21,Other,Standard,3.18,41,Europe,Laptop,13.99,1,Paypal,1,0.08,Documentary
A65D3Fbe-D5B0-4Ac7-840C-Fdca8D9A9379,53,Male,Basic,79.83,27,Oceania,Tv,8.99,0,Gift Card,3,2.85,Sci-Fi
3Fa23200-518C-4593-983C-1114Bf8Ee2E7,63,Other,Standard,3.13,45,North America,Laptop,13.99,1,Gift Card,2,0.07,Sci-Fi
75994C2A-9F9A-4701-B51D-Ad8B7E3787Cb,65,Male,Standard,15.33,17,North America,Desktop,13.99,0,Gift Card,1,0.85,Sci-Fi
B96865Dc-Ec6F-42Ff-8D8B-9A0Bf7D5B6Be,45,Male,Standard,2.69,8,Asia,Tablet,13.99,1,Crypto,3,0.3,Drama
99700D41-55B7-4D78-Acd3-86A1060D880C,53,Female,Basic,0.19,25,North America,Laptop,8.99,1,Paypal,4,0.01,Romance
14032Ec1-Bd28-4B6E-8Baf-E87A673489B1,60,Male,Basic,4.37,59,North America,Laptop,8.99,1,Crypto,2,0.07,Sci-Fi
C73888D0-47C7-49E4-Ac1F-8C525C426907,35,Male,Premium,28.76,23,South America,Tablet,17.99,0,Gift Card,1,1.2,Sci-Fi
99Ac905D-C892-41E1-B9Dc-619Aace2175A,51,Female,Standard,1.91,8,Europe,Laptop,13.99,1,Paypal,3,0.21,Comedy
D7F8474A-Aa5C-452D-B85D-C86132F7E5C0,27,Female,Basic,5.3,1,Africa,Mobile,8.99,0,Paypal,2,2.65,Documentary
236586Ff-C75C-4Dfa-B787-19A63E0B4Dbd,28,Other,Premium,9.9,19,Europe,Tablet,17.99,0,Gift Card,5,0.49,Sci-Fi
30Bc483C-87D9-4A9A-9863-6Eb5C6Bdcb66,18,Female,Basic,5.64,44,Europe,Tablet,8.99,1,Gift Card,4,0.13,Horror
374De352-5868-4026-B9Fb-57Fd075B1Fb3,22,Other,Basic,7.06,58,Asia,Mobile,8.99,1,Credit Card,3,0.12,Documentary
Bb31Bd8F-7D63-4280-Ada1-F1E832Fcfdd6,61,Male,Standard,2.15,33,South America,Mobile,13.99,1,Crypto,1,0.06,Sci-Fi
71C014Eb-50D0-488E-9F41-B4Db638F20Be,54,Other,Standard,4.69,6,South America,Laptop,13.99,0,Gift Card,5,0.67,Documentary
Eaafa153-5C55-4D3B-897C-Ef6198Ece521,52,Female,Premium,2.05,24,Africa,Mobile,17.99,1,Gift Card,2,0.08,Romance
5D64D061-91F4-4Dd9-Ab18-93007717E295,24,Male,Premium,26.44,28,Africa,Mobile,17.99,0,Gift Card,1,0.91,Documentary
2E409Def-802A-4A41-9972-8C8864802Af3,38,Other,Basic,4.26,42,Europe,Mobile,8.99,1,Gift Card,5,0.1,Action
4D71C035-C5C9-4Da6-907E-171241Ea0922,44,Other,Standard,6.9,21,Europe,Mobile,13.99,0,Gift Card,4,0.31,Horror
93A74Dd5-Ab90-4Ce9-A0B9-8Eb45B50E030,64,Male,Standard,8.4,47,South America,Tv,13.99,1,Crypto,4,0.18,Documentary
8F6Ce173-Fad9-4B9F-Bb9C-54Cf1F37D6Ef,23,Female,Basic,5.22,12,Africa,Tv,8.99,0,Paypal,2,0.4,Horror
9Db403C5-08C3-4Cee-8E71-59423D132195,22,Male,Premium,23.15,42,South America,Tv,17.99,0,Gift Card,1,0.54,Sci-Fi
A8F4A8Ea-A8A6-4Ebb-Bcd8-B22E7Da612A5,23,Other,Basic,11.07,28,South America,Desktop,8.99,1,Paypal,1,0.38,Sci-Fi
B4866929-B3Fb-47Af-A191-0Afaf68D14C8,68,Female,Basic,10.14,9,Europe,Tv,8.99,0,Gift Card,1,1.01,Sci-Fi
941A7320-7C18-442A-9184-F56D633B7B8E,18,Other,Basic,20.15,4,South America,Tv,8.99,0,Crypto,4,4.03,Horror
Abb4775A-Faff-43C3-8D78-641Ec98033A8,36,Male,Premium,6.59,58,South America,Mobile,17.99,1,Gift Card,5,0.11,Sci-Fi
F234490C-9B75-4956-9Efa-Ed1C14B00599,26,Female,Basic,2.58,16,Asia,Desktop,8.99,1,Credit Card,5,0.15,Horror
A5796917-05B1-456C-8D56-A2D396Ebfcf2,33,Male,Standard,8.27,58,Africa,Mobile,13.99,1,Gift Card,4,0.14,Romance
8C15047A-4Ddf-4B9B-9F42-5E616Af49Dc1,50,Other,Standard,6.11,12,Africa,Tv,13.99,0,Debit Card,2,0.47,Documentary
1D4D7280-Ee29-4030-8773-D70Bea7B2B3B,34,Male,Basic,31.66,60,Africa,Tv,8.99,0,Gift Card,5,0.52,Sci-Fi
58Bf1357-6164-4E5F-A325-69D1Bbd93289,22,Other,Premium,0.76,52,South America,Tv,17.99,1,Credit Card,1,0.01,Comedy
919Cd49B-F1E4-4Deb-82E8-Ed7Db297D9B8,61,Female,Basic,4.18,47,South America,Laptop,8.99,1,Debit Card,2,0.09,Drama
2F4B3F98-C2E9-49E2-Bc44-5Bfd637D4Dec,30,Female,Basic,2.56,32,Oceania,Tablet,8.99,1,Crypto,1,0.08,Horror
18886A51-C0A1-4984-90D4-D4A65E31E03B,32,Female,Basic,17.67,14,Asia,Tv,8.99,0,Paypal,4,1.18,Romance
11Ff4157-7112-460A-B2F0-B74Ee12Ee607,56,Female,Premium,17.25,52,Oceania,Laptop,17.99,0,Paypal,5,0.33,Sci-Fi
61Ad71A3-40B3-487A-9F6D-38A74144F87B,58,Male,Premium,21.56,39,Europe,Tv,17.99,0,Crypto,4,0.54,Drama
70B1A663-57Dc-4D65-8665-808F618Abbba,61,Other,Premium,5.87,8,Africa,Laptop,17.99,0,Crypto,5,0.65,Horror
8790E02E-D917-4C2B-Bcae-249E1597109C,51,Other,Basic,2.42,9,Europe,Tablet,8.99,1,Crypto,5,0.24,Documentary
2F38Faa5-6695-40E3-892A-Ecd94Ff19800,24,Other,Premium,2.43,32,Oceania,Tv,17.99,1,Debit Card,2,0.07,Documentary
75F21653-1613-4Eb8-92A6-5B82721D96Df,40,Male,Premium,18.06,21,Oceania,Desktop,17.99,0,Gift Card,1,0.82,Sci-Fi
6A427566-52A2-4932-9486-979C1Bc514D8,51,Other,Premium,7.64,13,Africa,Laptop,17.99,0,Gift Card,2,0.55,Romance
904460Bb-B5A1-4450-Bc0F-5Fec7Fd21583,56,Other,Premium,1.54,10,Africa,Tablet,17.99,1,Credit Card,3,0.14,Romance
5Fd7658B-F5Bb-462E-B9E4-86A4485B0Fb0,53,Other,Premium,21.9,28,Africa,Desktop,17.99,0,Credit Card,2,0.76,Documentary
9E060381-F27B-4Fbf-B098-6415F3Eb4Bbb,20,Other,Standard,2.13,8,Oceania,Desktop,13.99,1,Gift Card,3,0.24,Horror
5C4D8663-35C7-4F51-A930-5B1A7059A8B0,43,Other,Basic,4.07,19,Asia,Desktop,8.99,1,Debit Card,3,0.2,Horror
1934Ae7E-6F01-40D2-A15C-Ee3Db2650F99,64,Female,Basic,0.65,43,Asia,Laptop,8.99,1,Paypal,3,0.01,Drama
9Eacdfae-16Bb-4A84-8C31-Dd5976Efb95F,40,Female,Premium,6.11,28,North America,Desktop,17.99,0,Credit Card,1,0.21,Romance
9F085E5D-C6B2-4Ec1-A43F-1307F1F59222,29,Female,Premium,4.53,15,North America,Mobile,17.99,0,Credit Card,4,0.28,Horror
444B694B-D1B2-476B-98D7-F05298E37B91,47,Other,Premium,15.18,30,Asia,Desktop,17.99,0,Crypto,4,0.49,Horror
E5Fa0Aa5-41A0-4C47-8547-4D9600229701,51,Female,Basic,13.92,29,South America,Desktop,8.99,1,Gift Card,1,0.46,Drama
4937C49D-70Db-459D-B2D1-Ac7F33F0Dfc5,25,Male,Premium,5.62,49,Africa,Tablet,17.99,0,Credit Card,5,0.11,Horror
3D36Ed49-A4F4-4Fb2-80Ea-F90F048Bc0E1,35,Female,Standard,2.42,59,Europe,Laptop,13.99,1,Paypal,3,0.04,Drama
E5A706A6-0A02-4A59-93Ae-8D86Ea5Fcb6E,38,Male,Basic,9.06,30,Europe,Mobile,8.99,0,Credit Card,2,0.29,Drama
511D9A10-669B-4283-Bc6D-40C10A595B43,58,Female,Basic,34.53,0,Asia,Tv,8.99,0,Gift Card,4,34.53,Romance
92Bd3Cd1-3724-4B30-A56C-4929277C2461,68,Other,Basic,2.28,6,Asia,Desktop,8.99,1,Credit Card,3,0.33,Romance
68Be0Bb5-A6Ed-4Dfd-889D-0E116265290D,28,Female,Standard,28.8,49,South America,Laptop,13.99,0,Credit Card,3,0.58,Documentary
Bfe8F1A3-00D5-436F-B79A-553651C553F7,57,Male,Standard,14.87,46,North America,Tablet,13.99,0,Debit Card,4,0.32,Romance
F4Fc7C39-6B78-4437-Ab00-8Ab2957F73F7,52,Other,Basic,13.94,56,Asia,Desktop,8.99,1,Paypal,3,0.24,Documentary
7D7Ec060-Ca0F-4371-A86A-69Bf262B94Bb,70,Female,Premium,10.54,0,Europe,Desktop,17.99,0,Crypto,4,10.54,Documentary
Bce13731-9D24-4Bbe-9B0F-97221E952048,68,Female,Standard,56.43,18,Asia,Tablet,13.99,0,Paypal,2,2.97,Romance
489Dcbd1-474E-42B6-878E-F62C181860F6,53,Other,Standard,39.33,16,Oceania,Laptop,13.99,0,Debit Card,4,2.31,Documentary
571102Fa-B9C7-4E1C-8E0F-Bc6642D36Cb0,44,Male,Basic,15.61,30,North America,Desktop,8.99,0,Crypto,5,0.5,Romance
E5Ba5Dd3-A246-4526-9616-662Dd7188E7C,68,Female,Standard,0.22,51,Asia,Desktop,13.99,1,Credit Card,1,0.0,Sci-Fi
B4Aae09C-528F-445D-Afb3-68Ab027B8D48,64,Female,Standard,3.92,17,Oceania,Desktop,13.99,0,Credit Card,5,0.22,Horror
0210Bc7E-5A01-4A6B-B3C1-8C1A332Ab7F6,65,Female,Standard,2.26,60,South America,Mobile,13.99,1,Credit Card,2,0.04,Horror
E5E25330-3900-43Bf-A8E2-45A13D1Ec806,28,Female,Premium,1.79,5,Oceania,Tv,17.99,0,Gift Card,5,0.3,Drama
95C88693-4388-4Ab9-Bd37-C917Bc4C8D1D,50,Male,Premium,22.44,29,Europe,Tablet,17.99,0,Credit Card,2,0.75,Action
3E87Afc6-292D-4A8B-8399-1A8Fe6Aad089,59,Female,Standard,23.59,43,North America,Desktop,13.99,0,Debit Card,1,0.54,Romance
8E57Aa17-60F6-4C7E-9E15-A886A240C4D7,38,Other,Premium,24.19,22,Oceania,Mobile,17.99,0,Gift Card,2,1.05,Romance
E16E6Ae0-8E67-4B63-80A5-A0F7E8801Ed7,49,Female,Basic,6.56,10,Africa,Tv,8.99,0,Debit Card,5,0.6,Comedy
Cb219C7B-8D77-454D-8967-2B4529A0E172,40,Male,Standard,16.13,47,Asia,Mobile,13.99,0,Debit Card,5,0.34,Comedy
Abf01A4A-4B6F-477F-943C-7189C33Cd6Cc,39,Female,Standard,19.16,60,Africa,Tablet,13.99,0,Debit Card,5,0.31,Horror
520074A5-0028-44E4-B17A-199D74134190,34,Female,Standard,1.28,57,Africa,Tablet,13.99,1,Crypto,4,0.02,Romance
B64E1A04-Ef14-4A6C-Ad72-640A941C2612,20,Male,Premium,32.04,26,Europe,Tablet,17.99,0,Paypal,3,1.19,Action
B963A331-91Ee-4A6A-9D9C-208788C49074,28,Female,Premium,0.12,2,North America,Laptop,17.99,0,Paypal,5,0.04,Comedy
2F55007A-9682-4109-8431-2Fa060E85673,18,Female,Standard,0.25,37,Africa,Laptop,13.99,1,Debit Card,5,0.01,Sci-Fi
17874397-5431-4E69-9Bf9-19D705Faab2E,19,Male,Basic,4.46,50,Africa,Desktop,8.99,1,Credit Card,3,0.09,Documentary
D3975Aa1-9Bf5-45A5-9375-Ff6Ced50De42,32,Other,Premium,4.24,14,Africa,Tv,17.99,1,Gift Card,2,0.28,Drama
22266A98-3D16-4F4E-B382-Ffa5D3Aed831,19,Female,Standard,8.62,57,Asia,Laptop,13.99,1,Paypal,3,0.15,Action
44D3397A-806F-43C1-8907-Aa8C27Ed8079,22,Female,Basic,11.96,45,Europe,Mobile,8.99,1,Paypal,2,0.26,Action
521382De-978E-48Ad-B161-5D8Ab6B7234E,55,Male,Standard,10.1,4,Asia,Desktop,13.99,0,Debit Card,4,2.02,Sci-Fi
72601Ad7-F6B1-4F64-8C07-F1A0A787A386,21,Female,Standard,0.44,1,Asia,Tablet,13.99,1,Paypal,1,0.22,Romance
Ab5B6Ce1-4472-4987-B7Ca-Dd71334F9592,39,Other,Premium,1.12,27,North America,Mobile,17.99,1,Gift Card,5,0.04,Sci-Fi
697Ba97E-0Ab7-465C-8C43-87A7E484Dfac,53,Other,Basic,14.1,42,North America,Laptop,8.99,1,Paypal,5,0.33,Horror
C1D6B7A6-E749-43Fc-8430-E0F0057Aca5F,27,Other,Premium,30.8,16,Europe,Desktop,17.99,0,Paypal,2,1.81,Action
A683A981-D35F-49F3-9B9A-A8Ad04Fd7B16,29,Other,Standard,10.74,27,South America,Tablet,13.99,0,Paypal,5,0.38,Drama
5548Db44-9939-45Ea-8Cde-6Dd44B0D8036,70,Female,Standard,8.27,60,Europe,Tablet,13.99,1,Gift Card,3,0.14,Comedy
30Add045-Ab3E-4753-Abfa-C317Ec02730A,51,Male,Standard,12.91,42,North America,Tablet,13.99,1,Debit Card,1,0.3,Comedy
Ec4Fcd72-7A49-473C-85Ca-390Fc9E57D52,26,Other,Premium,9.23,10,North America,Desktop,17.99,0,Gift Card,3,0.84,Documentary
6C7026Ab-704B-4D7D-B658-66432E78Fbf8,63,Female,Basic,0.52,1,Africa,Tablet,8.99,1,Paypal,4,0.26,Comedy
Aeb6A179-A31D-4430-9D79-388Dbd8B552F,66,Male,Basic,2.18,15,South America,Laptop,8.99,1,Debit Card,5,0.14,Horror
60334592-83Df-4B11-A2E1-Da7Ded2535Aa,57,Other,Premium,29.23,3,South America,Laptop,17.99,0,Credit Card,1,7.31,Romance
1B829A44-Ed16-4913-Aac5-28506C92E0A9,53,Other,Premium,1.64,5,North America,Laptop,17.99,1,Crypto,1,0.27,Horror
55Aa7135-3268-48A1-A965-0Fac4Eddb7B8,47,Other,Basic,5.53,17,North America,Laptop,8.99,0,Debit Card,2,0.31,Romance
2Ad8B82E-2168-47F7-9744-E845A8E48A18,34,Male,Basic,9.96,8,North America,Tablet,8.99,0,Credit Card,2,1.11,Action
B88A132F-9Afd-4Eb8-9E78-2D359Cc78A22,26,Male,Basic,4.27,36,Oceania,Laptop,8.99,1,Paypal,3,0.12,Action
2D25D85A-6085-4Ad8-Ae08-1A4D21B7C05B,67,Female,Standard,43.24,34,Africa,Tablet,13.99,0,Credit Card,3,1.24,Sci-Fi
51Ba57C9-Cf31-4241-9A54-Ad1Abaf17326,32,Other,Standard,27.77,2,Oceania,Tablet,13.99,0,Crypto,3,9.26,Sci-Fi
A8F8A526-8289-46Fc-83A3-9717A64Af759,24,Other,Standard,1.57,16,Africa,Laptop,13.99,0,Paypal,5,0.09,Documentary
2975D560-Cd13-47C5-8216-F8847177Ed85,24,Other,Standard,5.4,7,Asia,Laptop,13.99,0,Gift Card,5,0.68,Sci-Fi
Edaac9B2-7788-4Cc2-Bcae-8Cf07F8Afb3A,31,Male,Basic,3.86,8,Europe,Tv,8.99,1,Paypal,4,0.43,Action
55987346-C6E1-4766-8226-74D0Fcf02Ff5,34,Other,Premium,10.51,13,Europe,Desktop,17.99,0,Credit Card,5,0.75,Horror
Feca176B-1Ae3-47F9-82D6-Ebee151Dcd65,70,Female,Basic,7.47,58,North America,Desktop,8.99,1,Gift Card,2,0.13,Romance
70877Fd0-301A-4021-9Bca-539C1833Ae4D,18,Male,Premium,0.72,47,Oceania,Tv,17.99,1,Crypto,3,0.01,Documentary
Bcae9B58-6081-44E3-8Dec-26406F6835E7,49,Male,Basic,18.97,60,Oceania,Mobile,8.99,1,Gift Card,3,0.31,Action
0E9C2A39-12F4-4Bf6-Be86-Deaccd099Fec,25,Female,Basic,4.02,48,North America,Desktop,8.99,1,Credit Card,4,0.08,Sci-Fi
C0D2Bb59-F5Bb-4Da4-88Ed-9D670E2Ec727,23,Female,Basic,13.62,33,Oceania,Desktop,8.99,1,Gift Card,2,0.4,Comedy
1Bc58C87-Ff12-4Ead-995A-C2C35062E450,32,Female,Standard,4.69,48,South America,Laptop,13.99,1,Credit Card,4,0.1,Sci-Fi
Eec8B59A-4325-43D3-9308-Fc5Cc94830Fa,19,Female,Standard,1.68,6,North America,Laptop,13.99,0,Credit Card,3,0.24,Documentary
6Ef3D5C9-1D7F-4100-9B17-22A554E8Caad,21,Male,Standard,8.69,22,South America,Desktop,13.99,0,Credit Card,2,0.38,Horror
287Ec5Fe-48E9-4538-B9C9-71Bf23Aa8781,57,Male,Standard,12.67,50,North America,Tv,13.99,1,Crypto,2,0.25,Documentary
036B4A5F-D26D-40E3-Ba14-669A725Bdb1F,53,Male,Standard,13.02,41,Africa,Tv,13.99,1,Gift Card,3,0.31,Romance
0691D9E7-92De-4Dc5-Ae11-64824Edbf9E0,67,Other,Premium,53.67,47,Africa,Laptop,17.99,0,Paypal,2,1.12,Romance
099473B4-B27C-4Cf8-9Bb1-862C639701F3,66,Male,Premium,11.94,43,Asia,Tablet,17.99,0,Credit Card,4,0.27,Documentary
0Ac19238-Cb50-4882-B4Bb-3D068Dc29494,33,Male,Basic,24.4,35,Europe,Tv,8.99,0,Paypal,2,0.68,Drama
8728E75D-5Ce9-4A44-B6Ab-F53Ffaacf6C5,23,Female,Premium,3.0,59,South America,Desktop,17.99,1,Crypto,5,0.05,Sci-Fi
8050Afa7-Ecbe-4Ad4-A793-50F42Ab423D3,58,Male,Standard,12.42,20,Oceania,Tablet,13.99,0,Credit Card,5,0.59,Romance
5Ed9091C-6B7E-4351-B526-D57Df230B26D,49,Male,Standard,35.69,42,North America,Tv,13.99,0,Credit Card,2,0.83,Drama
4D37690F-3D7F-4Aae-9B34-9A45B65Cf63D,24,Female,Standard,12.3,32,Asia,Laptop,13.99,1,Gift Card,4,0.37,Comedy
81A2A8C7-3F1B-47Be-B787-9730E6874B3B,57,Female,Premium,23.63,34,Africa,Laptop,17.99,0,Credit Card,5,0.68,Drama
B1B17C62-0907-4594-8477-B6D9A1De203C,61,Female,Basic,4.48,28,North America,Laptop,8.99,1,Gift Card,5,0.15,Action
41667E6F-421B-44Dc-A22E-6F49D64D11C7,38,Female,Standard,3.26,20,Oceania,Laptop,13.99,0,Paypal,4,0.16,Sci-Fi
7987069D-Efaa-4D6B-Bf85-De78408157C5,67,Other,Basic,4.31,37,Africa,Laptop,8.99,1,Debit Card,5,0.11,Sci-Fi
F6790D45-E49B-478E-9535-Ee8Ce7Ef1Cdf,64,Female,Premium,6.41,4,North America,Tablet,17.99,0,Credit Card,1,1.28,Sci-Fi
A4A081Bf-78E0-49F2-B13D-Edb25Ab7Ea32,26,Male,Standard,24.88,15,Asia,Tablet,13.99,0,Gift Card,1,1.55,Action
3A705431-53Dc-4Ec6-A4E5-2960228A1Ad8,68,Female,Basic,9.48,4,Oceania,Tablet,8.99,0,Credit Card,2,1.9,Drama
B9Fd67Cd-6Bf0-4C9C-Ab2F-2D3060247949,27,Female,Basic,7.52,34,Oceania,Mobile,8.99,1,Crypto,5,0.21,Romance
1009Cba1-E578-425E-99B7-0693B4024E29,24,Other,Standard,17.37,17,Africa,Desktop,13.99,0,Debit Card,1,0.97,Horror
9448266E-01A1-472A-9Fe4-37D4E1A6B7B4,28,Male,Basic,25.3,8,North America,Tablet,8.99,0,Gift Card,5,2.81,Horror
9C5Addc5-De2B-4614-8Efc-Afc56A0Ac20B,35,Other,Basic,29.26,36,Africa,Laptop,8.99,0,Debit Card,1,0.79,Comedy
Fbf7Eced-0008-448B-A601-D051971B1764,54,Other,Standard,27.56,28,Asia,Laptop,13.99,0,Paypal,5,0.95,Horror
7B929Fce-23D0-4C91-886C-E9D3C60F2A03,22,Other,Basic,11.74,33,Africa,Desktop,8.99,1,Crypto,2,0.35,Documentary
E938D06E-Fcc5-4768-86D8-6Aaf73F4Fa35,60,Male,Standard,12.22,17,Africa,Tv,13.99,0,Debit Card,2,0.68,Drama
A5E54Cb5-Cab8-452B-9592-F2B83Dadb4C5,37,Female,Standard,1.64,8,Asia,Laptop,13.99,1,Credit Card,1,0.18,Action
C7Ef45C3-A8D7-4952-Bf06-66E39F308471,30,Male,Basic,1.3,56,Africa,Tv,8.99,1,Credit Card,1,0.02,Documentary
6E91Dbee-B822-44C0-A014-A48A452Ec9D0,21,Male,Standard,51.45,24,Asia,Laptop,13.99,0,Credit Card,1,2.06,Romance
49D191D4-94D6-46A0-A47A-F36813B05Dfb,40,Other,Premium,3.41,26,North America,Tv,17.99,0,Credit Card,5,0.13,Action
F500Aa1D-D760-42Ea-8Cd1-725D5Aa13413,69,Male,Standard,32.2,13,Asia,Mobile,13.99,0,Debit Card,1,2.3,Documentary
Da1D94C9-Af82-46Ad-A2A3-112Aa874E2C2,29,Other,Basic,15.49,31,Africa,Laptop,8.99,1,Gift Card,3,0.48,Documentary
6Eaa7000-E450-4Dbd-9Eea-6Abe53A3Ccea,60,Female,Premium,16.05,56,North America,Laptop,17.99,0,Paypal,4,0.28,Documentary
14B8D5B4-Acf9-4243-Bfc7-371Bfc3B67Df,36,Male,Premium,5.72,21,Oceania,Tablet,17.99,0,Debit Card,1,0.26,Comedy
5Ff64E1B-5Ffa-4F13-827C-62773Ab1Ab6F,57,Female,Basic,3.81,1,Africa,Desktop,8.99,1,Gift Card,2,1.91,Drama
89931699-5Ba5-434A-8Dca-32E18D7Dbd4B,19,Female,Standard,8.54,6,Africa,Tv,13.99,0,Credit Card,3,1.22,Romance
46621Af8-C4Ca-4079-87D7-A8B68C9461B3,43,Female,Premium,16.6,17,North America,Laptop,17.99,0,Gift Card,3,0.92,Drama
750A6638-3B93-407C-80B6-074F7B7E9673,45,Other,Premium,19.18,49,North America,Mobile,17.99,1,Gift Card,5,0.38,Documentary
A1419778-Cfb0-47D8-8E7A-Bc5D093195D2,31,Other,Standard,4.11,33,North America,Tv,13.99,1,Crypto,5,0.12,Drama
4933B25D-6722-45B2-B706-E08605C11066,38,Female,Premium,3.26,36,Africa,Tablet,17.99,1,Gift Card,1,0.09,Documentary
24405E27-B8B8-4Ef8-9Cb0-C7974Bd0Dcd7,59,Male,Basic,14.13,4,Asia,Mobile,8.99,0,Paypal,2,2.83,Horror
3Fb95Ed2-0C85-4197-9463-622B3Ca9A90C,42,Male,Premium,3.39,30,South America,Mobile,17.99,0,Debit Card,5,0.11,Drama
C414E639-5Ea4-4481-B760-4C16636863Fb,47,Other,Basic,14.58,56,Asia,Desktop,8.99,1,Credit Card,3,0.26,Documentary
F7B0C51E-0031-4647-900A-115A166B40B5,58,Male,Premium,23.87,47,Oceania,Desktop,17.99,0,Crypto,2,0.5,Drama
17219697-8881-42F0-Aba7-7Ab8Fdd11Da9,41,Male,Premium,11.91,18,South America,Tablet,17.99,0,Credit Card,3,0.63,Action
B4Af5Cfb-B811-4Ec6-9B0E-B8Fbf7De35B5,40,Other,Standard,0.65,16,Asia,Tablet,13.99,1,Gift Card,5,0.04,Horror
9216565F-576A-44Ed-9D7A-A8Aab306D7Fb,59,Male,Standard,6.99,28,Asia,Mobile,13.99,0,Credit Card,3,0.24,Romance
7F00Af18-E9A7-464E-A6B5-B9B10A54B27D,52,Female,Premium,2.69,54,South America,Mobile,17.99,1,Crypto,3,0.05,Sci-Fi
931Bee39-98Db-4B72-9E52-F40E09E00738,61,Female,Standard,38.55,11,Europe,Desktop,13.99,0,Debit Card,4,3.21,Comedy
8C2D6F55-Ade2-477E-B273-53E50B0A40B7,52,Other,Basic,33.99,30,Asia,Laptop,8.99,0,Credit Card,2,1.1,Drama
6B1Bf8C4-E894-4Ba9-9Fad-7497Ef253B7F,39,Other,Standard,6.67,49,Oceania,Desktop,13.99,1,Crypto,1,0.13,Documentary
1A7Ac656-Bafb-4E6A-A5Ac-Ae0416F3Dbe1,33,Female,Basic,1.96,18,Europe,Tablet,8.99,1,Debit Card,2,0.1,Action
6034D060-391F-4F38-9Ff7-870Fb4D6C241,24,Other,Basic,1.97,39,Oceania,Mobile,8.99,1,Credit Card,3,0.05,Horror
E1Ba461D-21C7-4A8A-9629-D916D9B5Cff7,53,Male,Basic,25.23,5,Europe,Desktop,8.99,0,Credit Card,1,4.21,Documentary
F0B6C5Bd-F49E-4Cd3-90F5-29B4B00A8Ab3,25,Female,Standard,0.09,40,North America,Tv,13.99,1,Credit Card,1,0.0,Horror
17570Efb-4Ba0-4B9F-8841-56492358C59A,40,Female,Standard,12.53,30,North America,Mobile,13.99,0,Crypto,4,0.4,Documentary
17D1F30D-33Be-4Bc4-Ba78-8A57Cdc8Ef8D,46,Male,Premium,4.4,24,South America,Tablet,17.99,0,Paypal,4,0.18,Documentary
Cf036Ddf-1A7E-4A72-B1Ea-55B11A87B482,67,Other,Premium,1.54,27,Asia,Desktop,17.99,1,Crypto,2,0.06,Horror
62Bf9Eae-D919-4C34-8Bc2-2Ffedcc4Ec5D,20,Male,Standard,17.28,50,South America,Desktop,13.99,0,Paypal,5,0.34,Comedy
3B71B9Da-Ed2A-4Bac-935D-60979792672E,22,Male,Premium,13.87,24,North America,Desktop,17.99,0,Credit Card,5,0.55,Comedy
D4Fa918C-1Bfb-4A9F-Ab36-2179E743Db0B,39,Female,Premium,4.25,21,South America,Laptop,17.99,1,Paypal,3,0.19,Sci-Fi
B585C7C3-46Df-4C32-95Eb-12551B1Bb2D8,53,Male,Basic,15.01,25,Asia,Tablet,8.99,0,Debit Card,2,0.58,Romance
91Cf940B-4Be6-4692-B46E-53Cc59C3Bc36,53,Other,Basic,16.65,0,Europe,Desktop,8.99,0,Debit Card,4,16.65,Sci-Fi
1B5F4177-371A-4C9A-A4Fd-46Ccc96103Dd,20,Male,Basic,6.06,37,North America,Tv,8.99,1,Debit Card,5,0.16,Comedy
Cf0E854C-0608-40F6-B631-6B4D5F7A0Ce9,62,Female,Basic,26.62,55,Europe,Tv,8.99,0,Debit Card,4,0.48,Action
2C906F73-B731-418E-8097-95C0F874C3Eb,62,Female,Premium,1.26,34,Africa,Tv,17.99,1,Credit Card,2,0.04,Documentary
6843Cc5D-4C0D-4A4F-A479-05001622C9Bb,41,Female,Standard,1.21,20,South America,Tablet,13.99,1,Gift Card,5,0.06,Sci-Fi
4Ffd8A27-1149-4B0C-A822-1Da56B80B212,30,Female,Basic,6.53,49,Africa,Tablet,8.99,1,Gift Card,5,0.13,Sci-Fi
Dcece5B0-43E4-466C-9511-3Fbae0A3B624,48,Male,Basic,15.91,21,Europe,Tv,8.99,0,Gift Card,2,0.72,Documentary
56664Bb3-161C-447C-A977-00F18Bc4787D,18,Other,Basic,2.02,2,Oceania,Mobile,8.99,0,Crypto,5,0.67,Documentary
552546Fb-Dfc4-48E2-A13E-183C8Fb7C18F,23,Other,Premium,11.18,46,Asia,Tablet,17.99,0,Debit Card,4,0.24,Action
Da959D35-24C6-46E5-B52B-A2908E645Ed7,68,Other,Basic,0.12,26,South America,Tv,8.99,1,Crypto,2,0.0,Documentary
A4Eaedbe-375C-472F-Bf56-15F560Afa034,30,Male,Premium,24.6,9,North America,Tablet,17.99,0,Credit Card,4,2.46,Documentary
B9D07746-6Aa5-48E1-9033-E37B45Cefb34,61,Male,Standard,27.06,32,Africa,Laptop,13.99,0,Debit Card,3,0.82,Drama
Fcf7205D-Ed92-45A1-A608-75F6A70E5Ed7,31,Other,Premium,0.62,39,Europe,Tablet,17.99,1,Gift Card,2,0.02,Action
43E3Cd1C-2C5A-4B3B-Bd24-5A7D4Ccd8Bf2,44,Other,Standard,10.18,56,North America,Laptop,13.99,1,Debit Card,3,0.18,Romance
87C2892E-E449-40C4-B110-0824C85D14Af,26,Male,Standard,6.52,23,South America,Desktop,13.99,0,Paypal,2,0.27,Comedy
Ccada82D-8Cc9-47A7-Bc93-Ac1B8Fa07B8E,55,Male,Premium,2.47,7,Africa,Desktop,17.99,0,Debit Card,4,0.31,Romance
5526Ab76-D30D-4Cdf-84Cb-Ff2D3217274A,40,Male,Standard,3.48,29,Oceania,Laptop,13.99,0,Debit Card,4,0.12,Drama
086A7A3F-9A89-42Cd-8B47-Ac858B72722A,59,Other,Basic,20.49,26,Asia,Tablet,8.99,0,Debit Card,1,0.76,Horror
D6Fde866-8Dab-414D-93A6-44293E26C97B,51,Other,Premium,20.55,20,South America,Tv,17.99,0,Credit Card,5,0.98,Sci-Fi
F2B16C7F-4760-4F1E-A4B2-B5E50E67Fb27,26,Other,Basic,0.94,30,Europe,Desktop,8.99,1,Credit Card,4,0.03,Drama
6E160B44-363A-4D57-Bab6-5B22E979E887,56,Female,Basic,0.4,38,Oceania,Mobile,8.99,1,Debit Card,5,0.01,Action
F0E8E312-3315-46D4-9475-D376Bb231524,66,Male,Standard,1.97,2,Europe,Laptop,13.99,0,Credit Card,4,0.66,Sci-Fi
3Ee82784-D01B-44Da-B1Fe-Bbfa81B78Bf1,35,Female,Standard,58.33,42,Oceania,Laptop,13.99,0,Crypto,4,1.36,Horror
27Df865C-D4B2-4981-A525-360126Dcd57A,28,Male,Premium,16.88,20,Oceania,Mobile,17.99,0,Paypal,2,0.8,Sci-Fi
Efd974Fa-1Dce-41Ff-9D11-0D2F181559A0,66,Male,Standard,0.8,32,Oceania,Tv,13.99,1,Debit Card,1,0.02,Drama
E2C3F40A-Af6B-49Bb-A8C6-85691505Fae8,19,Male,Basic,23.08,15,Africa,Desktop,8.99,0,Gift Card,3,1.44,Comedy
8E595Ac0-28A0-4178-B0Bb-04B452326A5B,32,Other,Basic,14.84,10,Europe,Desktop,8.99,0,Crypto,2,1.35,Sci-Fi
E49A8C45-D0F3-40A4-Bbdf-08134E2C2A91,63,Male,Premium,9.84,3,North America,Laptop,17.99,0,Paypal,4,2.46,Comedy
47F88627-Cafa-48F1-Be88-630Ac9399313,69,Other,Standard,31.16,47,Asia,Mobile,13.99,0,Debit Card,5,0.65,Documentary
140050F4-0857-4A05-B012-34001D8114A6,24,Female,Basic,1.42,40,Oceania,Mobile,8.99,1,Debit Card,4,0.03,Romance
Fae18Ffd-0F18-453B-9A08-6Af102C029Fa,24,Male,Basic,0.9,40,Europe,Laptop,8.99,1,Gift Card,5,0.02,Documentary
25D38511-Efff-416E-A92E-Af59E71Aedae,62,Female,Premium,6.48,25,Europe,Desktop,17.99,0,Crypto,4,0.25,Documentary
37Df711B-35Ee-4Ed8-83D2-922C80Ffa1A1,64,Male,Standard,1.42,42,Oceania,Laptop,13.99,1,Paypal,3,0.03,Horror
94Db0386-F234-4Ee7-8Aa0-Dcc0Ff457278,69,Female,Basic,10.1,24,Africa,Tv,8.99,0,Credit Card,2,0.4,Sci-Fi
73133473-9657-49C2-B4F8-77B2380Ca309,32,Other,Premium,4.69,12,Asia,Mobile,17.99,1,Credit Card,3,0.36,Documentary
E19F60Cc-7E74-458F-9E37-12511D3A3506,67,Female,Premium,0.61,12,Oceania,Tablet,17.99,1,Crypto,3,0.05,Documentary
Ddb44990-503F-4D57-B23E-81Ee8E33E31C,37,Other,Basic,18.15,54,North America,Desktop,8.99,1,Debit Card,1,0.33,Sci-Fi
Fefecab1-579C-48Fa-8803-253Dfbdf42D5,34,Male,Standard,2.89,36,North America,Tv,13.99,1,Debit Card,3,0.08,Sci-Fi
46Fd4297-B49A-45D6-A09D-19A26147E19A,21,Female,Basic,23.78,9,Oceania,Laptop,8.99,0,Credit Card,3,2.38,Romance
89C5D399-6C86-4310-B981-2Bd58Fc37E57,50,Male,Premium,8.48,13,Asia,Tablet,17.99,0,Paypal,3,0.61,Sci-Fi
F1506978-D456-462E-A6C7-85A160C9B82E,56,Male,Basic,27.15,15,Europe,Tv,8.99,0,Credit Card,1,1.7,Action
165348B6-2C90-4D08-88C4-9C3A76076B85,52,Male,Basic,6.78,2,Asia,Mobile,8.99,0,Gift Card,1,2.26,Romance
146Bc219-473C-4813-9D27-F584962Bdb44,62,Male,Premium,0.62,8,Asia,Mobile,17.99,1,Paypal,1,0.07,Horror
1715C4E4-7C56-4Bcf-845A-4C366C39E8Fc,53,Female,Basic,0.01,55,Africa,Mobile,8.99,1,Paypal,3,0.0,Documentary
1986A40F-Eb95-42F1-866C-0Aa905972Aa5,46,Female,Basic,4.15,50,North America,Tv,8.99,1,Debit Card,2,0.08,Documentary
Eb982E0D-4Adc-47A3-98E8-4E86A3Befe48,65,Female,Standard,16.1,9,Africa,Tv,13.99,0,Paypal,4,1.61,Documentary
C469045F-Ec87-42E4-82A1-Be8E5Bab2135,33,Female,Standard,26.73,28,Asia,Desktop,13.99,0,Gift Card,3,0.92,Horror
B74F6B4B-A83D-4319-A121-99C5B4E1A7Ed,37,Other,Basic,1.32,11,South America,Tv,8.99,1,Gift Card,5,0.11,Horror
23D09F18-697F-4233-B1A5-6Fe4513Aab29,52,Male,Premium,27.41,1,Africa,Laptop,17.99,0,Crypto,2,13.71,Action
B12D8725-09De-44F9-8B52-603Ba1C99166,30,Female,Standard,19.84,29,Africa,Tv,13.99,0,Debit Card,1,0.66,Drama
C26D29B3-Eac5-4Ac4-82A5-116833C65582,38,Other,Premium,3.64,39,Africa,Desktop,17.99,1,Gift Card,5,0.09,Drama
C53745C7-448F-4527-Be6B-734D02C8548E,62,Female,Premium,10.68,46,South America,Tablet,17.99,1,Crypto,1,0.23,Documentary
A2147627-7D68-4461-8C26-3192B1252E0E,22,Other,Basic,29.96,43,North America,Tv,8.99,0,Crypto,5,0.68,Romance
Dd2569D2-B6Cc-474B-Be8B-Bc3Dc7A5Cb4A,55,Other,Premium,38.31,32,Asia,Mobile,17.99,0,Crypto,1,1.16,Sci-Fi
Cd974314-1954-4De9-9813-63Cb988Be716,48,Male,Premium,1.64,11,North America,Mobile,17.99,1,Gift Card,1,0.14,Drama
7F3Ea46A-0D94-46Df-A668-471A6E468F64,54,Other,Standard,8.55,57,Oceania,Mobile,13.99,1,Paypal,1,0.15,Horror
89Fa6C7C-Ab59-40A0-Aab5-8A9C35733Ad5,27,Other,Standard,3.92,56,Oceania,Desktop,13.99,1,Debit Card,1,0.07,Drama
0908B54F-538E-4A4B-Bc5E-E93D4B529D8D,59,Other,Premium,4.8,1,Africa,Desktop,17.99,0,Paypal,1,2.4,Drama
E4D4A948-04D2-434F-A52C-Ebc5151Db43E,39,Other,Premium,11.29,7,Europe,Tablet,17.99,0,Gift Card,1,1.41,Documentary
Edf8770B-4690-4B30-A9Da-A5Bc9Ef3C615,19,Other,Premium,0.4,15,South America,Mobile,17.99,1,Gift Card,1,0.03,Sci-Fi
8571850D-E2Cd-47A6-Bc93-63F2D3F9Cb30,29,Other,Standard,2.33,56,Asia,Desktop,13.99,1,Crypto,2,0.04,Sci-Fi
2B696005-F4D7-40C5-Bcc3-587D2910A8E3,33,Male,Premium,1.98,5,Europe,Desktop,17.99,0,Credit Card,2,0.33,Sci-Fi
77F8D2Da-3F34-4A02-8780-Fcaab801B7Fb,62,Other,Basic,1.31,46,Asia,Desktop,8.99,1,Crypto,2,0.03,Sci-Fi
2986B2Af-Cafa-4E8E-84Ef-935C90683C79,45,Male,Standard,8.71,23,South America,Tablet,13.99,0,Credit Card,5,0.36,Comedy
23A6A866-D1A1-4929-9B5D-97C99Ed39C80,48,Other,Standard,4.65,19,Oceania,Laptop,13.99,0,Debit Card,4,0.23,Romance
81572C13-A12D-4Bf8-A510-5Bdb12C9C16A,19,Male,Basic,15.61,8,Africa,Tablet,8.99,0,Crypto,2,1.73,Horror
1F89F505-Ac3F-4538-9215-063C70B48B98,20,Female,Premium,27.16,53,South America,Tablet,17.99,0,Credit Card,1,0.5,Documentary
Dcf62189-400F-4B2A-Afc7-9B673182C229,59,Female,Basic,10.22,53,Oceania,Mobile,8.99,1,Credit Card,4,0.19,Sci-Fi
3C84119C-5Db9-4Cbb-Ac42-45757Da0210F,41,Other,Basic,11.39,44,South America,Mobile,8.99,1,Gift Card,3,0.25,Romance
729Ef660-Eb97-4B5E-8765-4791Dba2F754,41,Female,Premium,1.5,60,South America,Desktop,17.99,1,Gift Card,5,0.02,Horror
93Ddd2C6-7761-44E5-A8B5-A43863575F33,47,Female,Standard,13.28,20,Europe,Mobile,13.99,0,Paypal,3,0.63,Documentary
3C43176B-3672-4722-87A6-74A88692C573,46,Male,Premium,4.67,58,Asia,Tv,17.99,1,Paypal,1,0.08,Documentary
0E9Cfc52-27Cb-4Fed-97Cd-46F4Bbacfa31,33,Female,Basic,1.18,42,Asia,Tv,8.99,1,Debit Card,5,0.03,Horror
973E84F5-3Ef5-4309-9B37-2B4Af45Ed4B9,21,Male,Premium,11.78,4,Oceania,Laptop,17.99,0,Crypto,3,2.36,Drama
0301Dc2E-B1D8-46Ad-A291-0F056E28896A,66,Male,Basic,1.92,27,South America,Laptop,8.99,1,Gift Card,5,0.07,Horror
E5Bd752B-A772-4775-B45B-1F2Fdd438Ba7,37,Male,Premium,3.73,31,Asia,Tv,17.99,1,Paypal,5,0.12,Documentary
E33F6670-Abe6-4931-8C94-3C94E8A9Ce49,49,Male,Standard,9.39,22,Europe,Laptop,13.99,0,Gift Card,1,0.41,Action
Ad445A45-E3Da-485D-9D7C-D174Bd6Cb9Fd,66,Female,Standard,7.74,6,South America,Laptop,13.99,0,Credit Card,4,1.11,Horror
23F24Aaf-241E-4D60-A09E-7B0Ca98Bc162,35,Other,Basic,0.57,56,South America,Mobile,8.99,1,Paypal,2,0.01,Comedy
9Fc308Fa-66Ba-46C2-Ab5D-96A0592Bfdb6,65,Male,Standard,4.3,46,Africa,Mobile,13.99,1,Paypal,3,0.09,Comedy
535F3322-6658-449B-8Cca-0942262D1C30,20,Other,Standard,22.07,59,Oceania,Desktop,13.99,0,Debit Card,1,0.37,Comedy
Df0Faf6A-31A9-4E2A-Bb49-3Ec85A23Da60,25,Female,Standard,10.7,39,Europe,Tv,13.99,1,Crypto,1,0.27,Romance
Ac816925-161D-46Fb-94C9-1Fd98990A8A9,32,Male,Standard,1.88,40,North America,Tablet,13.99,1,Crypto,4,0.05,Romance
99Ad0075-1330-459A-80Ee-C657F8D65788,59,Other,Premium,0.95,55,South America,Desktop,17.99,1,Crypto,4,0.02,Comedy
46C6Cf49-E8B6-475D-9252-218A53Be060C,34,Female,Basic,16.43,56,Europe,Tv,8.99,1,Debit Card,2,0.29,Romance
D1Beab45-E3A2-4Cbd-84D3-15D4409Cfab0,62,Other,Premium,12.37,30,Europe,Tv,17.99,0,Credit Card,2,0.4,Action
421Eaae8-990A-4421-Be7E-B58F45B36D28,55,Other,Basic,17.87,4,South America,Tablet,8.99,0,Credit Card,1,3.57,Romance
28Dd1332-F527-4429-88E4-2C54F09B4578,40,Other,Standard,12.82,36,Asia,Tv,13.99,1,Credit Card,2,0.35,Romance
2094B063-9307-43B4-93E2-C886A4267F3E,51,Male,Premium,10.86,46,Europe,Mobile,17.99,0,Credit Card,4,0.23,Sci-Fi
32E6A570-0814-4Ec5-9437-964Eb1C0628C,29,Other,Premium,1.78,51,Oceania,Mobile,17.99,1,Crypto,5,0.03,Horror
2F3049D1-4D2C-4843-A9C2-8Fc9120B4C94,49,Female,Basic,13.93,34,North America,Laptop,8.99,1,Credit Card,2,0.4,Comedy
67E5D466-D227-4F8E-9Bda-0149Ee523745,38,Male,Premium,2.95,40,Oceania,Laptop,17.99,1,Credit Card,2,0.07,Romance
373A5341-9Fae-4E0F-B0Cb-940C4142C903,49,Other,Basic,16.82,5,Asia,Tv,8.99,0,Gift Card,5,2.8,Romance
Aac9Ebfd-3Df9-483C-8Fa5-Ff1D45671696,48,Male,Premium,28.14,60,Africa,Mobile,17.99,0,Credit Card,2,0.46,Comedy
44Dbc1A9-Eb73-4769-Bb12-4664Aaac9Fd5,45,Male,Premium,8.28,16,South America,Desktop,17.99,0,Debit Card,5,0.49,Horror
96E05214-21B3-4450-Ab7C-2722A75E519D,39,Female,Basic,10.64,57,Oceania,Laptop,8.99,1,Debit Card,1,0.18,Action
D9E6A910-4984-4Cba-Bacc-406Df78A9267,63,Other,Basic,0.85,36,North America,Mobile,8.99,1,Credit Card,3,0.02,Sci-Fi
46251140-D9Fd-4Ce3-B8Dd-Fb44601072B2,21,Female,Basic,2.29,26,Asia,Tv,8.99,1,Crypto,4,0.08,Documentary
34B11349-C05D-4937-A515-141C02818F64,36,Other,Standard,23.37,57,Africa,Tv,13.99,0,Credit Card,5,0.4,Comedy
07Aaee5A-C849-49F0-Bc95-4Ec089Ebd3Fd,63,Male,Basic,3.01,60,South America,Tv,8.99,1,Debit Card,5,0.05,Drama
E7Ef30C9-36Eb-4033-Ba19-2Baf2F0563C8,54,Female,Basic,27.8,9,North America,Tv,8.99,0,Gift Card,4,2.78,Horror
39047018-Dbfe-4Cd5-8D42-Abef35B1Be4A,22,Female,Standard,10.29,17,South America,Desktop,13.99,0,Gift Card,5,0.57,Comedy
91218Fe1-6859-4876-80F7-D6165Cbd7Bd0,33,Male,Standard,7.45,0,Europe,Mobile,13.99,0,Paypal,4,7.45,Action
6C6C1Bb7-6107-461D-Ae34-E6759269A77D,28,Female,Basic,2.63,54,Europe,Tv,8.99,1,Credit Card,4,0.05,Action
03C16F8B-64Ce-4D37-9Afe-F7A7359A10B8,22,Female,Premium,14.27,17,North America,Desktop,17.99,0,Credit Card,4,0.79,Comedy
24F1F8Ac-6D0E-4447-A0Db-C3Ab27251400,22,Male,Premium,4.9,1,North America,Tv,17.99,0,Gift Card,5,2.45,Drama
4264A846-1Da0-44D8-B472-Dee73A80502E,18,Other,Basic,2.48,45,Africa,Laptop,8.99,1,Gift Card,2,0.05,Horror
027C06C0-4Dec-43D4-91Eb-D2A5A70F92E0,49,Female,Premium,0.48,35,North America,Laptop,17.99,1,Paypal,3,0.01,Sci-Fi
Fb5Cc622-695B-4447-B65E-173Ed40Be7Fd,23,Male,Premium,12.6,54,Asia,Tv,17.99,1,Crypto,1,0.23,Documentary
7344E8A9-C160-4F84-9215-54Be55F8B369,69,Female,Premium,1.35,8,North America,Mobile,17.99,1,Debit Card,3,0.15,Drama
0690Ee56-Dbe2-4187-9A3B-Db22C49Cea51,42,Male,Standard,4.11,54,Asia,Mobile,13.99,1,Debit Card,1,0.07,Sci-Fi
72C79Df9-Fe17-4B36-887C-9Ac68890F255,40,Other,Basic,27.26,24,Africa,Mobile,8.99,0,Crypto,1,1.09,Action
34795A37-7635-423E-9Ecb-56194C0Ee1Ef,26,Male,Standard,24.13,27,Africa,Tablet,13.99,0,Credit Card,3,0.86,Comedy
504C17D7-19Fd-456D-A80E-B60C45Ce6E7F,46,Male,Premium,13.66,31,South America,Mobile,17.99,1,Paypal,1,0.43,Comedy
64D66Fab-5Ec1-4Ae5-9010-B72C1Aefa827,19,Male,Standard,10.58,9,South America,Desktop,13.99,0,Credit Card,1,1.06,Documentary
15F35D98-Ef62-4252-A44A-98483Ecfdc6B,26,Male,Premium,0.73,44,Oceania,Desktop,17.99,1,Gift Card,5,0.02,Sci-Fi
381B9550-7403-48Dc-Bcff-6Dad9Fc2Fa87,27,Female,Premium,2.66,32,Asia,Tv,17.99,1,Gift Card,3,0.08,Comedy
3Ead40Cc-03A1-4Cf8-Abf1-Cfed74120C33,40,Female,Premium,0.12,28,Oceania,Desktop,17.99,1,Crypto,4,0.0,Romance
91F3Fee3-3140-4E9A-A53E-B7Cd3160Bbb8,58,Other,Basic,0.76,44,Europe,Tablet,8.99,1,Gift Card,4,0.02,Sci-Fi
35Eda14F-A4C1-4E4D-A0Ff-48D5F47D6Cd0,36,Other,Standard,22.9,47,South America,Desktop,13.99,0,Crypto,2,0.48,Documentary
Ac468Cbb-0F55-48Fd-978F-33519D3C4E8F,67,Female,Premium,3.36,23,North America,Tablet,17.99,1,Credit Card,3,0.14,Romance
4D1F6B5B-7652-4E4E-B63B-A8Bc84930962,24,Female,Standard,4.1,21,Europe,Mobile,13.99,0,Credit Card,5,0.19,Romance
0C23Ddf6-2F6F-4738-Bbbe-D03878Cef662,37,Other,Basic,8.77,41,Europe,Tv,8.99,1,Crypto,2,0.21,Horror
85B672B9-5979-4D69-A17E-9Fab8Ddf7175,26,Female,Premium,22.8,24,Asia,Laptop,17.99,0,Credit Card,4,0.91,Sci-Fi
F2Cd737B-75Dc-4064-Bd5C-De2Ee6Af51C9,63,Male,Standard,0.88,21,Oceania,Mobile,13.99,1,Crypto,1,0.04,Action
5B1Eeeb3-53E3-4Ae2-Bcfb-2B0D60E1A21C,38,Male,Premium,43.56,26,Oceania,Laptop,17.99,0,Debit Card,3,1.61,Horror
6C63319F-2D29-4Cd8-Ae08-7D646783282A,54,Other,Standard,6.59,40,North America,Desktop,13.99,1,Crypto,4,0.16,Horror
Ef8A5D14-205A-47A3-A595-Acef403Bffa7,57,Male,Basic,4.15,17,Africa,Desktop,8.99,1,Debit Card,5,0.23,Drama
Af35351D-11Cc-4C32-8B3C-6D477Cb05B19,55,Male,Premium,0.42,29,Oceania,Tablet,17.99,1,Paypal,2,0.01,Documentary
Cfe60Bd5-D9F0-4Eb7-Bd59-3358E35Bca91,42,Female,Basic,2.8,40,North America,Tv,8.99,1,Gift Card,4,0.07,Comedy
2C9B21D9-8B8D-4E69-Bb70-E20D34B16983,22,Female,Standard,0.76,24,Africa,Desktop,13.99,1,Gift Card,2,0.03,Sci-Fi
1211C375-77C5-456B-B087-Adb685025Dd0,37,Female,Basic,5.78,22,Europe,Laptop,8.99,1,Crypto,2,0.25,Romance
E093D405-4D3F-489F-969F-6C14Fcac2A33,61,Female,Basic,17.59,58,North America,Laptop,8.99,1,Debit Card,2,0.3,Horror
25790560-F785-425F-A426-Fd3545Fc21Ad,47,Female,Basic,6.28,3,Oceania,Tablet,8.99,0,Debit Card,2,1.57,Documentary
Ffbe0E7C-9921-4107-9D4C-F75A1A70Ac2A,31,Other,Standard,9.9,46,Asia,Laptop,13.99,0,Paypal,5,0.21,Action
7D0A7427-093B-4583-9B8E-13162463Ad6A,52,Other,Standard,13.22,37,Europe,Mobile,13.99,1,Crypto,2,0.35,Drama
08D9Dcda-Cbfc-4B6B-Adc8-658Ae78Cdcf3,29,Female,Basic,1.77,47,Oceania,Laptop,8.99,1,Credit Card,3,0.04,Documentary
5D798Ad1-Efc9-4Cfe-99Af-7Dcae34B5C0E,26,Male,Standard,33.1,21,Oceania,Laptop,13.99,0,Paypal,5,1.5,Documentary
Acb5B541-437D-4150-9562-2639A38159Db,52,Male,Premium,7.03,19,Africa,Tablet,17.99,0,Credit Card,2,0.35,Documentary
643494E4-Afe5-405D-B0E2-Daec487796A3,33,Male,Standard,14.96,16,North America,Tablet,13.99,0,Crypto,5,0.88,Romance
96845736-2Edd-450D-8678-2D935B5B3F09,52,Male,Premium,3.11,50,North America,Mobile,17.99,1,Credit Card,4,0.06,Comedy
42Fb7Dc0-56Cd-426E-8C8E-19808925Ea59,48,Female,Basic,0.29,33,North America,Tablet,8.99,1,Debit Card,1,0.01,Horror
2024Bd7E-E873-48C0-9E44-5C66143E14A2,52,Female,Standard,1.69,54,South America,Laptop,13.99,1,Debit Card,3,0.03,Documentary
28E30Bf4-E7C0-4579-9C38-0Aee5D5Ea3F2,50,Other,Basic,0.61,16,Asia,Tv,8.99,1,Gift Card,2,0.04,Drama
196F5F4B-47A8-496E-9Ddb-9299912Fd698,43,Male,Premium,11.84,56,Africa,Mobile,17.99,0,Credit Card,5,0.21,Sci-Fi
4B1C7681-3221-44Aa-82C7-02Aebdd20434,62,Male,Standard,25.88,49,Europe,Desktop,13.99,0,Paypal,2,0.52,Horror
179Fd5Bc-99D7-42Ca-96E9-194C7C1068Be,31,Male,Basic,1.79,18,Asia,Laptop,8.99,1,Gift Card,5,0.09,Drama
Ecd368Fd-0A23-436C-B18C-F79Fa8D974C1,35,Other,Premium,19.19,50,Asia,Desktop,17.99,1,Credit Card,1,0.38,Documentary
Faddd042-B338-4999-Ab4A-21667A8Aff99,68,Female,Premium,7.11,43,South America,Tv,17.99,0,Credit Card,5,0.16,Horror
3Fd47B85-Cf5A-414E-9929-7Ed51Be738Ab,45,Other,Premium,3.2,57,Oceania,Tv,17.99,1,Credit Card,1,0.06,Sci-Fi
548084C6-48Aa-4110-Ae71-02C2Cd0640D8,24,Female,Premium,1.03,30,Oceania,Tablet,17.99,1,Credit Card,1,0.03,Sci-Fi
200744Fd-339D-46B7-Bdd7-75F6311D10C2,30,Female,Standard,6.23,49,Europe,Tv,13.99,1,Debit Card,3,0.12,Comedy
4F3C78E6-9E90-4601-Bece-377F38567Cef,51,Male,Standard,7.01,38,Asia,Tablet,13.99,1,Gift Card,2,0.18,Sci-Fi
Faf264Ee-C0A0-400B-9D77-353C6Ced1A8C,25,Male,Basic,2.95,37,North America,Tv,8.99,1,Paypal,4,0.08,Horror
44E14173-268C-47B3-B10D-35E655F1B8D5,43,Male,Standard,16.9,20,South America,Tablet,13.99,0,Credit Card,2,0.8,Drama
F0E9091E-2431-4Ab8-8Bb9-444C5C39C800,58,Male,Basic,0.36,39,Africa,Laptop,8.99,1,Paypal,3,0.01,Drama
1F0B6300-2576-4798-Bd4A-7645Fc55445B,27,Female,Standard,19.23,56,North America,Tablet,13.99,1,Gift Card,2,0.34,Romance
514C1267-5Be8-4418-9Efb-F7999A11F894,33,Other,Premium,27.1,57,Africa,Desktop,17.99,0,Gift Card,4,0.47,Drama
Ec5781D8-464A-454C-Baff-392F96621E07,35,Female,Premium,38.65,21,Asia,Desktop,17.99,0,Paypal,4,1.76,Horror
4C9Eda19-2Bb3-43E7-8E1C-0A0Ff9357Bd4,56,Male,Basic,8.25,27,Asia,Tv,8.99,0,Debit Card,3,0.29,Comedy
910C5164-93Ec-4E31-88Ad-549868476466,59,Male,Standard,3.06,17,Europe,Tablet,13.99,1,Paypal,2,0.17,Documentary
2D4805D4-31Be-4Eb1-940D-A328774E9E5D,41,Other,Basic,0.86,22,South America,Tv,8.99,1,Crypto,4,0.04,Documentary
D2D6B334-A048-454E-A756-1D925A2445Eb,22,Female,Premium,5.22,33,Oceania,Desktop,17.99,0,Credit Card,5,0.15,Documentary
F3246E5B-Ec85-446B-Bcf2-30B15De58D9D,64,Female,Premium,22.92,7,Africa,Desktop,17.99,0,Debit Card,1,2.87,Action
346Ab0C2-F11D-4A08-A0Ef-7694363F3Ae0,61,Male,Basic,3.99,33,South America,Mobile,8.99,1,Paypal,5,0.12,Romance
6E50444C-6C08-423F-B720-847Af215Bd41,37,Female,Standard,0.59,13,Oceania,Tv,13.99,1,Credit Card,3,0.04,Sci-Fi
5E0F5D5F-F7B8-4Ad4-A56F-22B2Bb3C43E4,48,Other,Basic,0.75,55,North America,Laptop,8.99,1,Paypal,5,0.01,Action
A48287Db-3D2E-40A0-A0B8-8675D4589388,58,Female,Basic,3.59,29,Asia,Tv,8.99,1,Paypal,3,0.12,Horror
26622754-7436-4Bf5-Adea-04A292F06216,25,Male,Basic,0.24,43,Asia,Desktop,8.99,1,Debit Card,3,0.01,Romance
Abd4Eaa5-969C-4035-Bd81-B98533442Ae0,51,Other,Basic,25.77,38,South America,Mobile,8.99,0,Paypal,4,0.66,Action
Faf370Da-6Bed-4D99-Aa01-15B0F2868A9E,34,Male,Standard,2.94,43,Oceania,Desktop,13.99,1,Credit Card,2,0.07,Sci-Fi
28B8C898-187C-49Cb-B827-D91Fd93Bec70,62,Male,Premium,20.63,11,Africa,Tv,17.99,0,Paypal,3,1.72,Comedy
049Ec9Ab-B09F-461C-B774-5810Bc5789C9,66,Female,Standard,6.54,7,Africa,Tablet,13.99,0,Paypal,2,0.82,Comedy
18529D93-893A-4903-8289-5Bc00Dfbbbc6,35,Male,Standard,4.7,13,Oceania,Tablet,13.99,1,Crypto,4,0.34,Sci-Fi
1303B7B6-6Ec5-4E7A-Af22-Ea429515357D,64,Female,Premium,0.19,18,Africa,Laptop,17.99,0,Debit Card,5,0.01,Action
654260Fa-24D7-4F03-B32C-F5Ab977A1031,21,Female,Premium,7.72,51,Oceania,Tv,17.99,1,Debit Card,3,0.15,Romance
301E8131-5946-4245-Ba48-2Dc3Fd552Cb8,58,Male,Standard,6.88,22,Asia,Desktop,13.99,0,Crypto,3,0.3,Romance
Ffd7A77D-7608-4Dbc-82D1-C2D4D1D5D132,49,Other,Premium,19.3,19,Oceania,Mobile,17.99,0,Paypal,5,0.97,Horror
B2B3Bbdb-482C-4388-B355-C728F9Da748F,39,Other,Standard,35.7,7,South America,Tv,13.99,0,Crypto,4,4.46,Sci-Fi
1F796607-Be06-4E6A-A102-2Efc78B1Ca16,49,Male,Premium,1.0,40,Asia,Tablet,17.99,1,Gift Card,4,0.02,Documentary
Bfa02557-5441-4042-8137-793C43A422E8,61,Other,Premium,28.65,36,Europe,Laptop,17.99,0,Paypal,5,0.77,Drama
F6907862-A9Fd-4A23-Aae1-6Edbf491D7F1,32,Female,Standard,6.86,49,Africa,Tv,13.99,1,Debit Card,2,0.14,Sci-Fi
5144A8Df-7F6D-4E84-9022-66F39E58Bb68,22,Other,Basic,2.36,27,Oceania,Laptop,8.99,1,Crypto,3,0.08,Action
7B0D81Cd-C249-4D2D-9Cdc-6Ee9D85Ed283,47,Female,Basic,3.84,2,Europe,Mobile,8.99,0,Credit Card,2,1.28,Action
769674Ba-19E5-4A6A-B353-Facf54Fbb6E0,41,Female,Standard,0.11,41,Africa,Mobile,13.99,1,Credit Card,2,0.0,Action
1679B3Fc-718F-4000-8F69-3B9366299E49,65,Male,Basic,6.36,31,Europe,Tablet,8.99,1,Credit Card,4,0.2,Sci-Fi
D88C20B8-C0Af-41E5-8D59-65A345133Fb3,57,Male,Basic,12.3,26,Asia,Tablet,8.99,0,Debit Card,4,0.46,Sci-Fi
E5A8E0B5-5B5E-4613-Acc4-76B38E03F958,42,Other,Premium,8.18,40,Europe,Mobile,17.99,0,Credit Card,5,0.2,Romance
B034D781-E4Ca-4Cfc-B645-E9531Ef2D347,50,Other,Premium,1.05,42,Asia,Laptop,17.99,1,Credit Card,2,0.02,Action
0C07F09F-A442-4A69-A25D-8Af2Df6Af414,38,Other,Standard,6.49,50,Oceania,Tv,13.99,0,Paypal,5,0.13,Romance
916D87C9-3F88-4F0E-98Ee-0F27D8E62B0A,58,Male,Premium,15.91,49,South America,Mobile,17.99,1,Gift Card,1,0.32,Drama
9B6193Ab-B21C-4Cc8-B45D-2Bd11475Efb3,30,Other,Standard,12.85,39,Asia,Tablet,13.99,1,Debit Card,3,0.32,Comedy
14B956Af-Aa78-468C-A20D-Daabae23108D,64,Female,Premium,1.22,56,Asia,Desktop,17.99,1,Crypto,1,0.02,Comedy
6032D0F5-E5C0-49D2-971D-079Db6C358Df,51,Other,Standard,1.96,26,Europe,Tablet,13.99,0,Debit Card,4,0.07,Documentary
D59Ba34E-6680-40F2-Ae1A-14F2D2C88E91,56,Female,Basic,8.3,55,Asia,Tv,8.99,1,Paypal,3,0.15,Comedy
1Ba18211-9C5F-498F-B188-B5B5F58Ff198,48,Male,Standard,7.38,4,South America,Desktop,13.99,0,Credit Card,4,1.48,Horror
7Fc98C2F-C71A-4Af0-B532-7Bb513272815,27,Female,Basic,11.62,50,Asia,Tv,8.99,1,Credit Card,2,0.23,Documentary
C6F3374B-7A7F-4219-B194-F0C989F78Cfc,23,Female,Basic,5.06,36,Europe,Tablet,8.99,1,Debit Card,3,0.14,Comedy
Fcf17Ea1-2E26-45B6-8C64-052A0C84E1A4,69,Other,Premium,3.84,30,Asia,Desktop,17.99,1,Crypto,5,0.12,Documentary
Af2F7A8E-6611-416A-8Cbc-871E3Df33A1B,41,Female,Standard,2.97,46,North America,Tablet,13.99,1,Credit Card,1,0.06,Horror
8329B08A-22C9-41C9-B4A2-Ede2A1407Ca9,65,Female,Standard,8.23,57,Asia,Tv,13.99,1,Crypto,1,0.14,Comedy
E7E2Dc97-77Cb-4657-A75C-7B909B1F473F,20,Male,Premium,12.72,13,Oceania,Mobile,17.99,0,Credit Card,2,0.91,Horror
E96F9Dcb-1D39-48Ea-8C76-83D4526B1D5F,62,Male,Premium,10.76,31,Africa,Desktop,17.99,1,Paypal,1,0.34,Horror
63B76069-9C9C-4030-8501-E9Bd5F70Baac,34,Female,Premium,19.54,10,Asia,Laptop,17.99,0,Debit Card,2,1.78,Sci-Fi
D5494De3-5422-4437-A937-9E9Fc1673B23,58,Male,Premium,26.15,53,South America,Desktop,17.99,0,Credit Card,1,0.48,Romance
965D9Ef5-Fdbf-48E4-A11E-8Fd70B8Dd4A9,35,Female,Premium,3.78,37,Africa,Laptop,17.99,1,Debit Card,5,0.1,Drama
B3E8Ad34-Ade8-4B9E-A72D-1629275399Eb,36,Female,Standard,6.49,21,North America,Laptop,13.99,0,Credit Card,5,0.29,Action
1A417Fbf-866C-4Ff1-Af44-13E90Cbbb9Db,57,Female,Basic,1.76,10,North America,Tablet,8.99,1,Credit Card,4,0.16,Comedy
29495870-356F-4676-9Bf8-F8Ba49204D46,58,Male,Premium,8.43,49,Europe,Tablet,17.99,1,Crypto,1,0.17,Romance
161Da9Aa-5E4F-427E-A647-Bc015A469252,54,Male,Basic,4.85,37,Africa,Tablet,8.99,1,Credit Card,4,0.13,Comedy
93C00B2A-B12A-4729-978A-1856748Fec65,22,Other,Standard,14.04,19,North America,Mobile,13.99,0,Gift Card,2,0.7,Sci-Fi
D3Bfe52C-7F6A-4E4A-B895-A3210B84D94D,43,Male,Premium,19.59,25,Africa,Tablet,17.99,0,Credit Card,1,0.75,Drama
99D5Bb9E-B3Ce-4E56-A8D2-493Bed4864E1,21,Other,Standard,0.06,13,Oceania,Desktop,13.99,0,Paypal,5,0.0,Drama
4E3Cbc2A-8C21-4845-932B-Bd5Bbb02E10B,53,Female,Standard,26.91,19,North America,Tablet,13.99,0,Debit Card,2,1.35,Action
1C1C5145-Fd13-4C0E-9A45-E18E9Ebb6A07,36,Male,Standard,1.36,58,North America,Desktop,13.99,1,Credit Card,5,0.02,Documentary
9E153932-2F33-4F32-Ac2D-279F5C5Ffaab,37,Female,Premium,7.53,48,Asia,Desktop,17.99,1,Paypal,3,0.15,Documentary
A2860E45-9812-4952-8865-2C9113Baae8D,44,Female,Standard,62.82,44,Africa,Desktop,13.99,0,Credit Card,4,1.4,Sci-Fi
Eb9Ffc1D-90Cf-41Bb-B18E-B118D745B184,33,Female,Premium,2.08,7,North America,Tv,17.99,0,Debit Card,4,0.26,Romance
F3D58E2F-B78F-4Df7-8455-58Ecd328798D,32,Male,Basic,10.13,8,Oceania,Tablet,8.99,0,Credit Card,5,1.13,Horror
Ed233136-D1C6-4E17-8Ea3-64Ec10D8F882,23,Female,Basic,11.07,47,Europe,Laptop,8.99,1,Crypto,4,0.23,Action
065Fa014-3A3E-4D9A-A54F-60F91Fae5820,61,Male,Premium,4.67,43,South America,Tv,17.99,1,Crypto,4,0.11,Romance
B942A90E-E80A-4079-94Cf-B6657F127De4,33,Male,Premium,17.72,5,North America,Laptop,17.99,0,Credit Card,5,2.95,Romance
Bf57159A-63C5-479A-B4C8-Ced4A60E2D2D,41,Female,Premium,6.01,36,North America,Tablet,17.99,0,Debit Card,4,0.16,Action
Ebdbba9B-B3C9-4074-B02D-4Ee57B51F8F6,23,Female,Standard,14.92,13,North America,Tv,13.99,0,Gift Card,2,1.07,Documentary
E433A731-5370-4D70-8852-A81C478D4483,67,Female,Basic,8.28,51,Africa,Laptop,8.99,1,Gift Card,2,0.16,Comedy
3D0Ef301-6769-46Fc-B331-Ce295Cd74E80,59,Other,Basic,4.96,51,South America,Mobile,8.99,1,Paypal,1,0.1,Comedy
F71Aec52-Ab1E-4Dcf-A184-69646Fe45F56,50,Other,Basic,1.11,44,North America,Laptop,8.99,1,Paypal,5,0.02,Romance
303E5D95-809B-4Bf4-92Ac-6E5F2Cc59Ba8,22,Other,Premium,0.85,26,Oceania,Tv,17.99,1,Debit Card,3,0.03,Comedy
412C7E89-3176-4918-9264-Dd82Be8010F5,65,Female,Basic,1.85,34,Asia,Tv,8.99,1,Paypal,2,0.05,Romance
1A681A1B-25E5-4De8-837D-0Cf7D69B7A21,70,Male,Premium,8.29,13,North America,Mobile,17.99,0,Gift Card,1,0.59,Comedy
3C7Bdc9D-9591-4914-8Ba0-50080Fe98B08,39,Female,Basic,13.15,13,Asia,Tv,8.99,0,Gift Card,2,0.94,Horror
8Bd100A3-8559-404B-Bdd6-Ddaa029B6C70,59,Other,Standard,3.7,22,Europe,Tablet,13.99,1,Gift Card,3,0.16,Comedy
E4B24812-Efbd-4593-9D9C-00B531D763C4,58,Female,Basic,5.08,48,Asia,Tv,8.99,1,Paypal,5,0.1,Documentary
803Da581-3136-49B8-8Fcc-7A3B32964C21,56,Female,Basic,23.72,13,South America,Mobile,8.99,0,Debit Card,1,1.69,Comedy
F3C0Fef7-E0E2-4559-9541-63D4D6C943Ce,46,Female,Standard,13.81,13,Oceania,Tv,13.99,0,Credit Card,1,0.99,Action
5Fc305D7-0598-4114-Bd7D-E523Aa1Befc9,19,Female,Standard,6.51,51,Asia,Tablet,13.99,1,Crypto,1,0.13,Comedy
E43Fd57A-Efec-41D1-93Be-Ef8Bb0E913Be,38,Male,Standard,6.68,15,Oceania,Mobile,13.99,0,Credit Card,1,0.42,Drama
96Cd4E09-7D3A-44Ac-8895-3E579B483E67,24,Other,Premium,18.05,41,Africa,Mobile,17.99,0,Credit Card,5,0.43,Romance
9B84C381-8A4E-425E-82D6-E4574Ce7Eaef,63,Female,Premium,26.19,34,Africa,Laptop,17.99,0,Crypto,1,0.75,Sci-Fi
Ae61Debd-11D7-4E74-90B0-5058E273C518,49,Other,Premium,8.48,10,North America,Laptop,17.99,0,Paypal,1,0.77,Horror
027D0683-397F-4764-B23B-26C0Baa7Dd31,56,Male,Premium,14.15,44,Africa,Mobile,17.99,1,Crypto,3,0.31,Horror
69Fce7D7-873C-4A8C-9E16-31B51F8A5B89,55,Female,Premium,2.01,24,North America,Tablet,17.99,1,Debit Card,3,0.08,Sci-Fi
B51E3Fd6-B485-4Fb4-8F4D-7308E8F8637F,46,Male,Premium,0.48,36,Asia,Tv,17.99,1,Gift Card,5,0.01,Romance
F542341A-C266-4E89-A629-A1Bd8Ea7B663,18,Other,Basic,3.17,0,Asia,Laptop,8.99,1,Credit Card,1,3.17,Action
A0Aa33E6-8D16-4270-8Fff-50888Fca0Dcf,28,Male,Premium,8.75,46,Asia,Desktop,17.99,1,Credit Card,3,0.19,Comedy
B92F9947-8Cc5-4C19-A6E2-92166D3183A6,35,Female,Premium,9.17,43,Asia,Mobile,17.99,1,Crypto,3,0.21,Drama
20610703-F205-4E18-8F71-B06869A773D9,43,Male,Standard,0.83,13,South America,Tv,13.99,1,Paypal,3,0.06,Documentary
27Ad2E65-11C8-44Ef-B468-C1B5A271B2D6,37,Other,Basic,3.68,45,Africa,Laptop,8.99,1,Credit Card,3,0.08,Sci-Fi
9Eee1Bd0-7E98-411B-8970-2Fe112D7Ebec,62,Male,Premium,10.33,3,Africa,Desktop,17.99,0,Crypto,2,2.58,Documentary
43F062Ac-2Abc-4849-B273-Eee6C1D03926,46,Female,Basic,12.12,41,South America,Tablet,8.99,1,Debit Card,2,0.29,Drama
80Bdb6A9-Af1D-4Bf8-Bdd6-D44D23361Ec7,34,Female,Basic,28.06,33,Oceania,Tv,8.99,0,Paypal,4,0.83,Documentary
4B561De5-67Ca-4D0C-8E49-Ec97Fa83626A,21,Male,Premium,16.09,2,North America,Tablet,17.99,0,Crypto,4,5.36,Sci-Fi
Ae401F97-F477-4B59-835C-80Aba1166E34,61,Female,Premium,55.13,59,Asia,Tablet,17.99,0,Debit Card,1,0.92,Horror
31A4140A-C4Fb-42C7-8854-4C24C438D18E,48,Other,Premium,17.24,53,Oceania,Mobile,17.99,0,Debit Card,5,0.32,Documentary
Ce3Fbd40-95B0-45E9-B263-3C8Ec20036C0,23,Other,Basic,2.91,40,Oceania,Tablet,8.99,1,Paypal,3,0.07,Drama
B7738Cff-10Aa-4E6F-9Fef-E9Fcf917D1C4,57,Female,Standard,3.05,26,North America,Tv,13.99,1,Paypal,2,0.11,Sci-Fi
57F1D116-Ea1E-43Db-93E6-4A9324378Aa1,30,Male,Premium,5.43,56,Africa,Tv,17.99,1,Gift Card,4,0.1,Documentary
0Ca91C24-0Ea5-4885-8Ae4-665754C4A464,25,Other,Premium,2.51,18,Asia,Tv,17.99,0,Paypal,5,0.13,Sci-Fi
C98976Dd-6Fef-4649-Bf60-100427Cfa861,32,Female,Basic,7.17,3,Asia,Tablet,8.99,0,Debit Card,5,1.79,Horror
Bf4Af9Cd-1B68-481C-96Aa-D569Dc62852D,29,Female,Basic,10.64,36,Europe,Tablet,8.99,1,Paypal,1,0.29,Action
13480445-Fc86-4991-89E5-Ab251055352D,56,Male,Standard,12.06,26,South America,Laptop,13.99,0,Debit Card,1,0.45,Horror
D0A6Eca4-Bb35-4Ab4-A281-9A5427Cd35Af,57,Female,Standard,28.5,23,South America,Desktop,13.99,0,Gift Card,3,1.19,Documentary
1A2E23E5-B228-4E47-B7Cc-0Ae914646Afd,23,Female,Basic,11.25,24,Asia,Desktop,8.99,0,Crypto,5,0.45,Comedy
6F635592-2A83-4D81-Bfc8-1Bc88A9A26A2,38,Other,Basic,1.13,41,Asia,Desktop,8.99,1,Crypto,2,0.03,Comedy
3Ba1272D-37F8-45Eb-89D8-9A1Dfbc113Dc,62,Male,Basic,12.33,47,South America,Desktop,8.99,1,Gift Card,1,0.26,Action
7Ae87F0B-Ec48-4A45-9947-Aadbd421A2D8,51,Male,Standard,8.43,37,South America,Mobile,13.99,1,Debit Card,1,0.22,Documentary
D074446A-701B-4B52-8A63-790Ae3D922B0,54,Other,Standard,3.36,50,Africa,Laptop,13.99,1,Gift Card,5,0.07,Romance
D1957Af6-689C-4010-81Fd-Fd8590Ba41B6,33,Female,Basic,11.36,51,Europe,Desktop,8.99,1,Paypal,1,0.22,Drama
663438B8-2E83-49B7-8Ca1-F4E8D89Fa67F,54,Female,Premium,2.08,12,Africa,Mobile,17.99,0,Debit Card,5,0.16,Action
017De893-5Eca-4Abb-A6Fb-235Bf52E1183,38,Male,Premium,3.49,26,Asia,Tv,17.99,0,Credit Card,5,0.13,Action
Bb58Fe93-E0B2-4946-B2F9-F150F203A485,24,Other,Basic,17.56,10,Oceania,Mobile,8.99,0,Gift Card,5,1.6,Action
82Ce0B3D-F1D9-4A0F-92Cf-Cef581133E3F,44,Male,Standard,2.28,59,Asia,Laptop,13.99,1,Crypto,2,0.04,Comedy
F1F1260D-5360-470D-9818-505F8Db68230,37,Male,Standard,28.57,4,Europe,Mobile,13.99,0,Credit Card,2,5.71,Horror
2Fe5Ac5C-459B-49F1-A673-398B1Db9B72E,64,Male,Standard,22.89,50,Africa,Laptop,13.99,0,Crypto,3,0.45,Action
Ebf85Bd7-B3B1-4299-9D0F-E32E7Fc3Cd4A,41,Female,Premium,14.17,19,North America,Tablet,17.99,0,Gift Card,3,0.71,Action
7864A64D-B304-4501-84Ea-Cfd022C2F1Bc,25,Other,Standard,0.9,27,North America,Mobile,13.99,1,Paypal,3,0.03,Horror
E6B3368D-95D8-445D-Bf7E-102D660F0C57,65,Female,Standard,17.31,37,Africa,Mobile,13.99,1,Paypal,1,0.46,Drama
3944F950-85D8-4Cb2-Bedb-09Ce9Cbed09C,39,Female,Premium,3.69,26,Asia,Tablet,17.99,1,Crypto,5,0.14,Documentary
9Bae5E8D-359C-48C6-Ad6F-C791395832E2,69,Male,Standard,42.32,48,Oceania,Tv,13.99,0,Gift Card,3,0.86,Action
A24Bb748-6Eb6-4841-94A9-Bf532Feac6E6,61,Other,Premium,31.47,52,Europe,Desktop,17.99,0,Debit Card,5,0.59,Documentary
Ead6Bbc7-1708-4702-99D6-95F30Ea755Bb,59,Male,Standard,16.35,1,Asia,Tv,13.99,0,Paypal,3,8.18,Action
A2794C07-A79C-43A9-Ba77-Bcbc4Cfb17Ef,26,Other,Standard,1.24,56,Asia,Tv,13.99,1,Debit Card,1,0.02,Sci-Fi
D9Fc180D-06Dc-4976-B536-F86B54C3006F,36,Other,Premium,2.98,60,South America,Mobile,17.99,1,Debit Card,4,0.05,Drama
B80F6489-78A5-440F-8084-6Db353891Aeb,42,Female,Basic,1.85,6,Africa,Laptop,8.99,1,Crypto,5,0.26,Horror
4Fc4E447-3B9A-4414-Aed8-894D34103034,45,Female,Standard,1.77,11,Africa,Mobile,13.99,1,Paypal,3,0.15,Romance
83Bad4Fe-Fb54-4501-8Bfc-0B1F728B523E,66,Other,Premium,0.42,28,North America,Tv,17.99,1,Crypto,5,0.01,Drama
00Ce9289-E055-4962-Ad61-110Ce7D37Ff4,64,Female,Basic,5.7,9,North America,Desktop,8.99,0,Credit Card,1,0.57,Comedy
9Ac104Ea-5967-4A62-8F82-3A14E82Ecde0,54,Other,Basic,0.51,11,South America,Tablet,8.99,1,Paypal,5,0.04,Documentary
5055574D-E03A-4409-8940-5Aa540F8C7B1,69,Male,Basic,3.45,26,North America,Mobile,8.99,1,Debit Card,3,0.13,Drama
886Ecf0D-E049-42B3-Bb10-C2E7993A5682,53,Male,Basic,6.45,6,South America,Mobile,8.99,0,Credit Card,5,0.92,Documentary
2A8B672E-C40E-4884-A460-33C3A34A315E,31,Other,Basic,5.16,41,Europe,Mobile,8.99,1,Debit Card,2,0.12,Romance
A0E1Dbff-Bcc6-41C4-97F6-1A3A032B39F4,27,Male,Basic,1.41,0,North America,Tablet,8.99,0,Debit Card,5,1.41,Action
90E19Cd2-Bb3B-4Fd6-Bec6-Db40Cf203781,64,Male,Premium,0.52,20,Europe,Tablet,17.99,1,Credit Card,2,0.02,Sci-Fi
Cb532B75-Eac0-49C2-898E-6F86E94Cd9Ee,59,Female,Standard,6.25,56,Africa,Desktop,13.99,0,Debit Card,4,0.11,Romance
A8013C09-772B-450F-9E42-403Cdabc7B2D,31,Female,Standard,8.58,16,South America,Laptop,13.99,0,Credit Card,2,0.5,Drama
2F313767-Ac03-459D-9300-05962C229980,39,Male,Premium,9.78,54,Africa,Desktop,17.99,0,Credit Card,4,0.18,Romance
5294D27C-A856-43Bb-A560-05Cd5D08B939,27,Other,Basic,0.14,57,North America,Laptop,8.99,1,Debit Card,5,0.0,Drama
673C0432-05Df-4C54-98Bb-2Cf25801Fc96,69,Male,Premium,7.95,59,North America,Mobile,17.99,1,Crypto,2,0.13,Documentary
F749E2C8-E004-479B-B690-6A89Ef434Ddb,30,Other,Basic,14.86,55,Oceania,Desktop,8.99,1,Debit Card,2,0.27,Documentary
05Ec7918-Ccd6-4042-9577-99Ccf86B3031,43,Other,Standard,4.09,7,Europe,Tv,13.99,0,Gift Card,5,0.51,Documentary
64A172B5-1F6B-4618-Aeb1-50Fef19Ae22F,66,Female,Basic,1.29,44,Oceania,Tablet,8.99,1,Paypal,3,0.03,Romance
06Ca1B4C-5275-4Cf2-B1E3-44955C49C0Aa,31,Other,Standard,2.44,17,South America,Tv,13.99,1,Credit Card,3,0.14,Sci-Fi
64B4C226-5693-4B0C-A064-E5E7567Ef883,36,Male,Premium,6.16,53,Europe,Mobile,17.99,0,Credit Card,4,0.11,Sci-Fi
5A4745Cf-5727-463F-A722-07Eaf6B09Ee6,60,Other,Premium,15.16,45,Europe,Laptop,17.99,1,Credit Card,2,0.33,Documentary
Cfea570A-88D4-4F81-88Ae-D89496Ed6C87,32,Male,Standard,7.57,18,Africa,Tablet,13.99,0,Crypto,5,0.4,Comedy
0Be77627-7C87-403B-9Aa1-35591B045Fba,50,Other,Premium,27.56,44,Africa,Tv,17.99,0,Gift Card,4,0.61,Comedy
D50C7902-2F7E-4Db5-B315-Db3E9F0C2496,37,Other,Basic,3.17,46,Africa,Mobile,8.99,1,Paypal,1,0.07,Drama
344C5424-1D19-4Abe-9252-A8Ca71Cf5Aca,20,Male,Premium,36.39,49,South America,Tv,17.99,0,Debit Card,4,0.73,Comedy
8E927D87-D1C2-4694-8Abb-Afc222021Faa,65,Female,Basic,2.99,54,South America,Laptop,8.99,1,Crypto,1,0.05,Drama
44C26F24-Daef-4B15-Bed0-Ec68547F0413,50,Other,Premium,1.04,51,Africa,Tablet,17.99,1,Credit Card,1,0.02,Documentary
22F875B0-1894-46A3-B73C-E077Fa665873,48,Male,Standard,6.52,25,Asia,Mobile,13.99,0,Gift Card,2,0.25,Sci-Fi
606E1Bbd-36D5-45A1-9932-Cf5Aa3484E5C,40,Male,Standard,3.11,51,Oceania,Tablet,13.99,1,Gift Card,5,0.06,Drama
C69E8C4A-8081-46Ab-9482-0147501A5603,51,Male,Premium,9.77,29,Asia,Tv,17.99,0,Crypto,3,0.33,Drama
B312C59E-92Cd-4B0A-9Baa-D6477C72A8A5,23,Female,Basic,4.27,23,North America,Tv,8.99,1,Debit Card,1,0.18,Sci-Fi
B9616946-7D01-4C68-Ac7D-B7Dcd62Fb6Ad,48,Other,Basic,22.19,34,South America,Mobile,8.99,0,Credit Card,2,0.63,Romance
D019D181-62Ae-4042-80Fc-61C843545Bcd,21,Female,Standard,6.43,39,Africa,Mobile,13.99,0,Credit Card,5,0.16,Horror
Cd2B2235-3612-4D81-B143-1A3Af5884238,62,Male,Premium,2.15,42,Europe,Laptop,17.99,1,Credit Card,2,0.05,Comedy
F78F708E-Fc00-4C1D-823B-8798F10C8B83,19,Male,Premium,9.32,0,Oceania,Desktop,17.99,0,Debit Card,2,9.32,Documentary
4C1A5Dd9-A2D2-46F0-870E-A6142Afbb3A9,55,Other,Standard,47.76,39,Oceania,Desktop,13.99,0,Debit Card,2,1.19,Horror
4Dc3204A-1C4F-4Afd-9597-9Dc4E9166Bd9,27,Other,Standard,5.08,25,Asia,Tablet,13.99,0,Gift Card,1,0.2,Romance
054D48D4-E95F-4Bb8-A4Cb-E1Bd7C448Dbc,42,Male,Standard,4.79,58,South America,Tv,13.99,1,Credit Card,3,0.08,Sci-Fi
B0Fde5Ba-8A38-45Ee-B7Fb-6C35851E8975,56,Other,Standard,4.09,56,Europe,Tv,13.99,1,Paypal,3,0.07,Romance
C4A05Da1-D840-47Cf-Baf8-D8F4005A4928,42,Other,Basic,5.46,41,Asia,Laptop,8.99,1,Debit Card,3,0.13,Action
Caaa5Ce7-686C-4498-Add9-565Eb0493C6D,59,Other,Standard,11.65,44,Asia,Mobile,13.99,1,Crypto,1,0.26,Romance
9829890A-3880-439C-A2B4-80Afeb217997,22,Male,Standard,1.41,28,South America,Laptop,13.99,1,Gift Card,4,0.05,Sci-Fi
3C07805F-4275-40C9-Ac26-921Ea46824E8,42,Other,Standard,3.69,45,Africa,Tablet,13.99,1,Gift Card,2,0.08,Horror
30F6A1Ee-33D7-4A8A-A6Cb-82C3Aa6A16Ae,31,Male,Basic,10.99,33,Asia,Laptop,8.99,1,Credit Card,3,0.32,Sci-Fi
59Adee7E-D7D6-4C22-B62C-1B42311F77A2,67,Female,Premium,2.92,38,Oceania,Desktop,17.99,1,Gift Card,5,0.07,Action
Bd4Aab1A-8302-4E08-A648-A63609Db66Df,18,Male,Basic,12.68,18,Europe,Tv,8.99,0,Debit Card,3,0.67,Drama
11373011-9E1B-41F4-Ab76-15Ee1C916105,25,Female,Basic,1.91,18,Africa,Desktop,8.99,1,Crypto,3,0.1,Documentary
E9087E86-8089-43Bc-Be36-A876Aeb5Ceb6,24,Male,Standard,5.37,2,North America,Tv,13.99,0,Gift Card,2,1.79,Comedy
0Ad6Fe46-9B24-46Fc-9698-7001Aa3C071B,64,Male,Standard,0.31,52,Europe,Desktop,13.99,1,Debit Card,1,0.01,Comedy
2F8C9D54-7C13-4902-Bc95-Dca665D28276,66,Male,Basic,27.65,12,Europe,Laptop,8.99,0,Debit Card,1,2.13,Sci-Fi
3Ee5C136-2055-4E39-A9B9-46Da20B123A7,39,Male,Premium,7.45,24,Africa,Mobile,17.99,0,Debit Card,1,0.3,Sci-Fi
9274Feb4-B477-492E-8Ebe-8E6A3466Bbdf,30,Male,Basic,5.73,41,Oceania,Laptop,8.99,1,Gift Card,3,0.14,Romance
7Bb73Ff8-9Bb9-4F6D-866F-240F38Cc21Ee,52,Female,Standard,31.15,57,Europe,Tv,13.99,0,Paypal,5,0.54,Horror
09676128-1363-46D4-8E65-Fb15Aab4502C,19,Other,Premium,8.11,56,North America,Laptop,17.99,0,Paypal,5,0.14,Horror
3117Ae22-8768-4682-B37C-F6788Ee60Ace,47,Male,Premium,7.02,44,North America,Desktop,17.99,1,Gift Card,5,0.16,Action
E5697B4F-3B1F-40D0-A27F-Ffbe199Aa1Fa,40,Female,Standard,9.36,27,Asia,Laptop,13.99,0,Debit Card,3,0.33,Horror
1829Ac6C-Bf86-4Add-93Af-Ef3534A06C28,30,Male,Standard,9.7,37,North America,Mobile,13.99,1,Crypto,1,0.26,Action
7D44B140-388B-45E7-90Be-3989F2C186Ef,24,Other,Basic,15.34,43,Europe,Desktop,8.99,1,Crypto,3,0.35,Comedy
7F720Eb2-A80F-4B4D-8Daf-1F6829E1E9Ae,44,Male,Premium,1.68,16,Oceania,Desktop,17.99,1,Debit Card,2,0.1,Drama
A854B579-3D98-44Fb-9D45-00Ab83F24A6F,36,Female,Standard,3.88,41,South America,Laptop,13.99,1,Paypal,4,0.09,Horror
C614659A-26Da-476A-864B-718733Fe9Da3,41,Female,Premium,10.47,37,Asia,Tv,17.99,0,Debit Card,4,0.28,Sci-Fi
948Ce2Cb-69D0-44E8-82D3-77E8E7E8Faef,19,Male,Standard,8.32,2,Asia,Laptop,13.99,0,Paypal,2,2.77,Horror
7D08D89E-8404-4B5F-9997-Bf9E6B5Fb250,36,Other,Premium,54.48,25,Africa,Mobile,17.99,0,Gift Card,2,2.1,Documentary
8Ca4333B-E984-423E-8C3B-359064E08C95,46,Other,Standard,38.53,49,Europe,Laptop,13.99,0,Crypto,2,0.77,Sci-Fi
Bfa1Ea14-554F-4Ea6-Bdde-025E9F3797F5,46,Other,Basic,6.69,13,Oceania,Desktop,8.99,1,Crypto,1,0.48,Romance
B188Eb5C-8E85-49E6-Be94-Ebd9F6C8Db61,35,Other,Standard,8.18,36,South America,Mobile,13.99,1,Debit Card,2,0.22,Romance
E5Cd7A56-D6F1-4023-81Ab-11A379047F1D,67,Female,Standard,21.36,19,North America,Desktop,13.99,0,Paypal,4,1.07,Horror
1532673A-A236-4238-8071-860E099Bd870,66,Female,Standard,36.7,48,South America,Tv,13.99,0,Crypto,3,0.75,Romance
760E2C65-F8D5-4600-802D-36Cb875E9A19,20,Female,Standard,7.66,36,North America,Desktop,13.99,0,Debit Card,5,0.21,Sci-Fi
15717C27-C14F-451F-9Cd6-8Cfa0A2D24E1,22,Other,Basic,10.85,44,North America,Laptop,8.99,1,Gift Card,4,0.24,Drama
9352Be40-839F-4Dcc-Af25-F8Edd6A94669,62,Male,Standard,9.73,52,North America,Tablet,13.99,1,Crypto,1,0.18,Drama
416B8522-14E6-4803-8F23-A434Add52670,24,Male,Basic,7.95,33,Africa,Tablet,8.99,1,Paypal,3,0.23,Drama
Cd60De06-E3C0-4B41-914F-F63E856Ddd67,55,Other,Basic,1.92,32,South America,Laptop,8.99,1,Gift Card,5,0.06,Horror
2026Cff5-8C58-4355-8D63-Cd1Bd67114A1,45,Other,Standard,82.63,44,Oceania,Tablet,13.99,0,Paypal,4,1.84,Action
9Ad724Af-34B1-4Dc6-913D-291F9A5E5D26,63,Other,Premium,27.92,14,Africa,Laptop,17.99,0,Gift Card,3,1.86,Drama
0Ce8E49E-5Fe9-4Acc-A9Fa-9Cc3Afcfde73,44,Other,Premium,11.7,28,Europe,Desktop,17.99,0,Debit Card,3,0.4,Horror
2Fcd7184-Dbcc-40Ba-9107-01Eb946Cd492,45,Female,Premium,30.42,14,Asia,Mobile,17.99,0,Debit Card,3,2.03,Romance
8B5B904F-29D5-4933-Ba64-957976Fa103C,39,Female,Standard,12.72,16,North America,Desktop,13.99,0,Gift Card,3,0.75,Horror
9B509A70-72Ae-4D6A-8Ec3-7501F5220D76,66,Other,Premium,6.66,39,Asia,Tv,17.99,1,Debit Card,1,0.17,Sci-Fi
76410Bb6-7942-4Be9-A862-94701D4Dcbd3,65,Other,Premium,0.76,2,Asia,Mobile,17.99,0,Debit Card,2,0.25,Comedy
9D93Da93-4Af0-4Ee3-A33A-E9113Bb9E909,26,Other,Standard,11.13,2,South America,Laptop,13.99,0,Credit Card,2,3.71,Sci-Fi
38769Edf-D82F-4Be4-98B2-324B1295E6D9,21,Male,Basic,24.86,54,North America,Tv,8.99,1,Paypal,2,0.45,Comedy
1Bc9Bedd-0Caf-425E-Aed3-5Faf9A0C2D27,20,Female,Standard,22.67,55,Europe,Tablet,13.99,1,Gift Card,1,0.4,Documentary
9Aa74495-95C3-4D40-Afa8-6B352Ea283Ae,66,Male,Standard,17.66,19,South America,Tablet,13.99,0,Debit Card,2,0.88,Romance
24920Cb3-62F7-4D92-85B5-Ad23F9C29103,48,Male,Premium,12.66,45,Oceania,Tv,17.99,1,Paypal,1,0.28,Documentary
5Fd6B79C-C1C6-45E2-9604-58Cece9A92F7,40,Male,Premium,1.85,46,North America,Mobile,17.99,1,Crypto,1,0.04,Action
6D029724-A31C-4Ef1-Aea2-59C572067D27,69,Female,Premium,36.48,33,Europe,Laptop,17.99,0,Debit Card,3,1.07,Drama
B918E3F7-644C-4Be8-9B94-E079F0E57Adb,22,Other,Standard,1.42,37,North America,Tablet,13.99,1,Gift Card,2,0.04,Sci-Fi
4B7B3437-9E9B-476A-93E2-B566045C069E,67,Other,Basic,10.31,14,Europe,Tablet,8.99,0,Paypal,1,0.69,Action
051F8977-2874-40A1-B3Ff-2374156B1Ea0,36,Female,Premium,8.8,10,Oceania,Mobile,17.99,0,Debit Card,2,0.8,Comedy
23Dbe855-88B7-49E6-8Afd-C87E6E7A3789,65,Female,Premium,6.18,36,Europe,Laptop,17.99,1,Crypto,3,0.17,Drama
C5070E45-4A31-420C-Aa42-6C8733276B63,57,Other,Premium,28.19,10,Europe,Tablet,17.99,0,Debit Card,1,2.56,Romance
B5Acd69B-8Cd3-401D-88C2-40C7D6Ce48C6,23,Male,Premium,4.23,14,South America,Desktop,17.99,0,Credit Card,5,0.28,Documentary
595Dbdea-9Fbb-419C-9E52-4Bf9E64D802E,54,Male,Premium,4.93,3,Asia,Tv,17.99,0,Crypto,1,1.23,Documentary
3C7F59B3-1C9E-4Dc6-9B84-9Ef32Bde9B1A,58,Female,Premium,1.21,24,Asia,Tablet,17.99,0,Debit Card,5,0.05,Romance
891545A3-C612-41Af-B037-C9513Bd65F4D,44,Other,Basic,18.32,52,Oceania,Tablet,8.99,1,Crypto,5,0.35,Comedy
A897C8Ea-28F4-4Fc2-A050-9B41F2188F72,60,Other,Standard,12.7,35,Africa,Laptop,13.99,0,Credit Card,5,0.35,Drama
F3Fd9E3A-3A0C-4290-8368-4Ec6535A24Fa,65,Female,Standard,47.81,11,Africa,Desktop,13.99,0,Crypto,4,3.98,Action
Fb7Ccdf3-68C3-4Ed8-Bc57-04Ba93357Cfd,59,Female,Basic,2.63,42,North America,Mobile,8.99,1,Gift Card,2,0.06,Drama
069324D5-5B98-413B-B77A-F60Ebb7A0342,41,Female,Premium,5.18,33,South America,Laptop,17.99,1,Gift Card,1,0.15,Action
Cf4022Df-7092-48F3-8264-878F8Fba98E5,64,Female,Basic,6.99,11,Oceania,Tablet,8.99,0,Crypto,1,0.58,Sci-Fi
Bbfa791D-Bf59-4022-B8Fc-3C0A64E7C2F4,32,Other,Basic,0.49,4,North America,Desktop,8.99,1,Gift Card,2,0.1,Documentary
2Aa44138-B15C-461F-Ba7B-6B1718Fc3F8F,27,Other,Premium,11.61,21,Europe,Laptop,17.99,0,Credit Card,4,0.53,Horror
Ae174D75-414D-4847-B752-44D73211Df8E,48,Female,Premium,17.58,33,Europe,Laptop,17.99,0,Crypto,2,0.52,Sci-Fi
8A61F494-Bab5-4E82-A508-A7120E973Db8,49,Female,Basic,18.37,1,North America,Laptop,8.99,0,Paypal,2,9.19,Drama
47A75Ee0-4752-4838-9962-891Abdb5C0Ea,47,Other,Basic,1.71,56,Oceania,Tv,8.99,1,Crypto,3,0.03,Comedy
745745E9-E354-486C-952D-1Cf7Bcc6451F,61,Other,Basic,9.33,51,Oceania,Desktop,8.99,1,Gift Card,4,0.18,Romance
A41Dd9Ef-0764-4F95-9101-E9D5Bb30C03A,54,Female,Standard,4.28,36,Europe,Laptop,13.99,1,Paypal,4,0.12,Romance
F31C3891-2944-40Ab-A8Ef-92B11B3F4334,25,Male,Premium,13.12,47,Asia,Mobile,17.99,1,Crypto,5,0.27,Drama
A63F5214-Db0F-4Cac-A315-64D3499Cde08,58,Female,Basic,21.67,45,Europe,Tv,8.99,0,Debit Card,4,0.47,Sci-Fi
66Cd6Ce6-43F8-4F9B-920C-03Fe32F6B3C1,49,Other,Premium,27.9,38,Africa,Laptop,17.99,0,Debit Card,1,0.72,Documentary
Adbfc678-4Fe5-4B2E-B071-F72B8Bdf9Aa1,47,Other,Basic,5.91,53,North America,Desktop,8.99,1,Credit Card,2,0.11,Sci-Fi
Fbe0177D-1A78-4759-91F1-Ba62B03Acc15,23,Female,Basic,25.79,55,Asia,Tablet,8.99,1,Debit Card,2,0.46,Action
27Cea559-7785-44C0-Ac70-6B3494Eeb70B,26,Male,Basic,25.49,35,South America,Mobile,8.99,0,Crypto,3,0.71,Romance
8A0848Fd-4827-4F85-9B6F-007Ffe391D30,26,Male,Standard,4.87,59,Oceania,Mobile,13.99,1,Credit Card,3,0.08,Action
84Ee2484-F659-41F0-B358-119262Ea7D5D,28,Other,Premium,17.1,28,Africa,Tv,17.99,0,Debit Card,4,0.59,Action
94135B4F-6A37-41C4-8625-D91C4926Ec68,64,Female,Standard,0.91,44,South America,Tv,13.99,1,Debit Card,3,0.02,Horror
8D2214A8-Eef2-4345-Ab43-Dc9Fa0719C72,58,Female,Basic,26.03,26,South America,Desktop,8.99,0,Gift Card,5,0.96,Horror
B72A5D95-24Ba-4440-8288-B9Aacfee95B9,40,Female,Premium,11.57,11,South America,Laptop,17.99,0,Debit Card,3,0.96,Documentary
Abb262E4-25F1-48A4-A322-879A563A00Af,22,Other,Basic,11.84,40,Africa,Tv,8.99,1,Debit Card,1,0.29,Action
8F6Dc546-9B9C-41Fb-9Ed2-Afac4E5C5A9E,36,Other,Basic,21.08,27,Africa,Mobile,8.99,0,Debit Card,2,0.75,Action
Ed668Da3-D99B-4026-92A3-300A114142E7,46,Other,Standard,0.96,46,Oceania,Desktop,13.99,1,Paypal,4,0.02,Sci-Fi
Ee57514C-Eefb-44E1-A80D-8Dfe36Cee93B,62,Female,Standard,24.45,13,Africa,Laptop,13.99,0,Credit Card,3,1.75,Documentary
Fa307A7F-4A55-4E3A-A385-0De816F61De8,37,Other,Basic,7.72,31,South America,Tv,8.99,1,Crypto,5,0.24,Comedy
30Ce7Dcc-C41F-48E9-8E16-B6Cfb0E9D1A3,45,Other,Basic,0.7,25,Africa,Desktop,8.99,1,Crypto,5,0.03,Action
D8A6954A-Bf7F-45Fa-Bde0-90266D3195Fb,54,Female,Standard,12.34,32,Asia,Desktop,13.99,1,Gift Card,3,0.37,Sci-Fi
Bba14E0B-05F9-4Cf4-B201-41398C6D4Ec5,32,Male,Standard,1.89,24,Europe,Tv,13.99,1,Credit Card,1,0.08,Romance
47537E18-5119-4D3C-934E-C0Fa3646Be77,30,Female,Basic,11.4,50,Asia,Desktop,8.99,1,Debit Card,5,0.22,Romance
1F70867F-6022-4521-8138-3116B8A88A5C,18,Male,Premium,2.75,5,Asia,Tv,17.99,1,Crypto,1,0.46,Drama
49261E9E-Fdd0-48Df-87F7-3Eab7D66Fa81,18,Other,Standard,3.54,45,Oceania,Mobile,13.99,1,Debit Card,5,0.08,Horror
A065E7E1-F8A6-429B-90Be-E5B35E78F22A,48,Other,Basic,39.47,32,Europe,Desktop,8.99,0,Crypto,4,1.2,Action
9F43A60A-Bd6E-42De-9707-0A3B942D97Fc,64,Female,Basic,7.82,34,North America,Mobile,8.99,1,Debit Card,2,0.22,Comedy
5Cdde76B-50A8-4D41-A799-177A2E77E581,67,Female,Premium,4.01,55,South America,Laptop,17.99,1,Debit Card,4,0.07,Drama
B21Baa2A-9C93-4D91-92Bc-88F708Dabe32,30,Male,Basic,5.42,43,Africa,Tablet,8.99,1,Gift Card,4,0.12,Drama
73A4B76C-1E0C-4D55-9Ef4-Cfce29A688Ba,45,Male,Premium,17.85,57,Europe,Desktop,17.99,1,Crypto,3,0.31,Sci-Fi
1E89C820-F686-4A32-Aeab-924D79F6D288,28,Male,Standard,3.57,60,North America,Mobile,13.99,1,Crypto,4,0.06,Horror
F8520665-Cd2A-42C9-Ba24-3Da9505579A9,46,Male,Standard,0.86,23,Asia,Tablet,13.99,0,Debit Card,4,0.04,Horror
7E06975C-0Bf7-4Fe1-B884-8E7De13B702D,45,Female,Basic,15.8,57,Oceania,Mobile,8.99,1,Credit Card,1,0.27,Documentary
F6Abaaad-45A9-4879-8E66-3B1D4D5C3Cbc,25,Female,Standard,10.36,52,Africa,Mobile,13.99,0,Credit Card,4,0.2,Horror
F1C437F2-B4Be-40Fb-9007-03Dece9B63Bd,42,Other,Standard,7.51,28,Europe,Laptop,13.99,0,Gift Card,1,0.26,Documentary
1B217597-8E8C-475F-Bfc2-Df1B648F3Ec8,33,Other,Basic,2.36,10,Africa,Mobile,8.99,1,Paypal,3,0.21,Action
A7B7Aed8-C00A-4D06-8Ffc-Bf527572F7Bb,44,Female,Basic,9.35,56,Africa,Tablet,8.99,1,Crypto,5,0.16,Sci-Fi
Ccbcbfcb-32F4-4Cfb-Be96-79Bb84Daf04B,19,Female,Standard,18.18,48,Asia,Tv,13.99,1,Gift Card,3,0.37,Romance
Febacab1-7C87-4A27-B2A5-6Aaa51021C13,43,Female,Basic,11.02,47,Oceania,Tv,8.99,1,Crypto,4,0.23,Romance
Deadc085-Ed13-47Fb-81B4-45Eadc08353D,32,Female,Standard,7.07,21,Asia,Desktop,13.99,0,Crypto,1,0.32,Horror
5B9Fc53D-960A-475A-B189-B54D9C7564A6,35,Female,Premium,8.44,47,Asia,Laptop,17.99,1,Crypto,4,0.18,Sci-Fi
065Fe85D-0373-4737-Bbf9-0880Fc13Ad44,66,Male,Standard,26.72,35,Oceania,Tv,13.99,0,Paypal,5,0.74,Drama
88Fd7813-Ff27-47Be-9470-B4Ad4044Ccef,68,Female,Standard,1.45,27,North America,Desktop,13.99,0,Debit Card,5,0.05,Romance
20Eb5Fec-6D12-4D6A-B791-C984C662Cd33,46,Other,Basic,0.04,2,South America,Tablet,8.99,1,Credit Card,4,0.01,Action
C1C6Bed5-6167-4C79-Bd6F-4C27851Ce580,20,Male,Premium,3.26,32,Europe,Mobile,17.99,1,Paypal,2,0.1,Action
C4Da46C8-Aadf-4Aca-98C3-B2E9422C1E93,33,Male,Standard,4.63,0,Europe,Tv,13.99,0,Debit Card,1,4.63,Sci-Fi
089C7011-1Dec-412D-A160-D029Ac6Eb0A5,63,Female,Premium,6.24,17,North America,Tablet,17.99,0,Paypal,1,0.35,Drama
20971458-C879-4Bdc-Bf4F-6A4758552A35,33,Male,Basic,21.02,45,Asia,Desktop,8.99,1,Gift Card,1,0.46,Drama
C3144388-5E8F-4C1C-83Ff-3129E562Ba4E,40,Other,Standard,1.46,44,Europe,Laptop,13.99,1,Credit Card,3,0.03,Documentary
4489B67D-456A-40Da-941E-68Facbe3Bdb4,66,Male,Basic,7.42,22,Africa,Desktop,8.99,1,Paypal,1,0.32,Documentary
90Acaef3-45C4-49E4-Bd9F-1Faf1B350E71,44,Female,Basic,9.89,39,Asia,Mobile,8.99,1,Gift Card,4,0.25,Sci-Fi
C42B0Dd0-9D7E-47Eb-9B16-18C2195E9Fce,41,Other,Basic,19.1,2,Europe,Mobile,8.99,0,Paypal,1,6.37,Sci-Fi
590D4Fc0-17Ef-42Af-Aa91-778Aa0D317D6,67,Female,Standard,5.78,47,Africa,Desktop,13.99,1,Debit Card,3,0.12,Action
55125Abd-2493-40Cf-8843-604709Af81E7,29,Female,Premium,5.97,2,Europe,Tablet,17.99,0,Paypal,4,1.99,Action
24D6F90A-Ea1F-44Cb-A83B-4D3D53C4D152,34,Female,Standard,0.22,52,Oceania,Tablet,13.99,1,Paypal,4,0.0,Documentary
A525E81A-Ceac-45Bf-9Aaf-312B292C0Ab2,23,Other,Standard,20.75,51,Asia,Desktop,13.99,0,Credit Card,4,0.4,Documentary
4E16202D-72C0-4A59-974B-Ba3E9C9Fb04D,44,Other,Basic,3.53,56,North America,Desktop,8.99,1,Crypto,1,0.06,Comedy
B74Fff72-Ab6F-46D9-A86C-66E7B580C4F3,62,Male,Basic,7.6,38,Oceania,Laptop,8.99,1,Paypal,1,0.19,Romance
Ecf5D19D-4Bb9-4Dd4-9B1F-1E34Cf7B03Cf,49,Male,Basic,11.25,9,South America,Mobile,8.99,0,Debit Card,1,1.12,Action
Cb28901C-B8A3-43Aa-9580-F116D219Bf30,68,Other,Standard,35.61,40,South America,Desktop,13.99,0,Debit Card,4,0.87,Documentary
3Db02Ad4-41A1-4582-975D-A3A19E873C5A,20,Female,Premium,9.92,25,North America,Desktop,17.99,0,Gift Card,2,0.38,Sci-Fi
39C2F74D-E634-4686-B4A4-7F3617F6Db10,28,Female,Premium,0.12,9,Europe,Tv,17.99,1,Crypto,2,0.01,Romance
B4C1296B-4B42-4988-8541-0E5E848C4488,53,Other,Standard,52.23,7,Oceania,Desktop,13.99,0,Paypal,3,6.53,Drama
18C08Dd6-5Cd2-49Ff-B9D4-D1E5D3B4Aaf1,29,Male,Standard,11.46,54,North America,Laptop,13.99,1,Gift Card,4,0.21,Drama
33A14E13-98Be-4886-8707-28184C66Ae0D,33,Male,Premium,13.95,53,North America,Laptop,17.99,0,Credit Card,4,0.26,Horror
0658B8Ed-13E8-4Ea7-A31F-8Afeb49Acd60,57,Female,Basic,24.97,53,Asia,Tv,8.99,1,Gift Card,5,0.46,Horror
F49A225D-D3Da-4584-8F5B-2D17Ebb19Bd7,42,Male,Premium,18.09,10,South America,Tv,17.99,0,Debit Card,2,1.64,Horror
2D41Aa15-7Acd-4Ab4-B5Df-2D6A316Ddb17,27,Female,Standard,33.25,34,South America,Laptop,13.99,0,Debit Card,3,0.95,Documentary
3F593C64-F2Eb-4736-974A-5Efadabce25A,18,Male,Standard,3.62,20,South America,Tablet,13.99,1,Gift Card,1,0.17,Sci-Fi
8966B795-F82F-4C5D-A80C-5244A1016339,53,Female,Premium,1.62,60,Africa,Tv,17.99,1,Debit Card,3,0.03,Drama
88023604-F612-409E-9761-9Fe2336A43E4,41,Female,Premium,7.53,28,Oceania,Desktop,17.99,0,Debit Card,2,0.26,Comedy
2635A91A-D4Db-4458-8100-C8Aa01Ee55F1,35,Male,Basic,5.07,41,South America,Tv,8.99,1,Debit Card,2,0.12,Horror
E3852E2B-3A3C-466A-916E-Edd403C5353F,69,Male,Premium,36.44,10,North America,Laptop,17.99,0,Debit Card,4,3.31,Documentary
Eeca7E99-Fc70-4609-Aeb1-5Ba88Fd7Daef,53,Male,Premium,6.61,54,Europe,Laptop,17.99,1,Paypal,2,0.12,Comedy
8632438C-1Adb-4A0F-9D3B-9Eed17Db3536,51,Female,Premium,35.22,53,Asia,Laptop,17.99,0,Paypal,5,0.65,Documentary
4020Ae84-Bece-4F52-Bee7-B9Ea56435B36,67,Male,Premium,27.23,45,Oceania,Mobile,17.99,0,Paypal,2,0.59,Documentary
8918B03E-E245-4Ebf-B05F-158B557Fcaea,38,Female,Premium,20.14,40,Africa,Desktop,17.99,0,Paypal,3,0.49,Drama
67B67Fc6-7750-44Bd-896C-3260F78D8E53,29,Male,Basic,11.32,48,Africa,Tv,8.99,1,Credit Card,2,0.23,Sci-Fi
F8839F01-4286-4F45-A675-F09D869146C1,34,Other,Premium,1.92,44,South America,Tv,17.99,1,Gift Card,2,0.04,Documentary
3Cb37E51-569D-4238-9854-5E659Abf16C4,18,Female,Premium,0.82,59,South America,Tablet,17.99,1,Paypal,3,0.01,Action
D64C129E-B523-4E14-Ab3A-Ec621137C3Af,28,Female,Standard,6.72,15,North America,Desktop,13.99,0,Paypal,5,0.42,Comedy
D08E5984-Dcc6-4E82-9190-C0532Bbb7Cae,57,Female,Premium,12.51,4,Africa,Tv,17.99,0,Gift Card,2,2.5,Documentary
5299C7Dd-6117-44Fb-B316-41E3C6Ca0E8F,34,Other,Premium,16.67,11,Asia,Tablet,17.99,0,Crypto,1,1.39,Action
187A5666-9D16-459C-A524-35B1789Ba1Ae,32,Male,Standard,15.29,23,Asia,Tablet,13.99,0,Credit Card,5,0.64,Documentary
3Fd34D59-Ed02-4B2A-A7B7-7C8Dba676Ef9,60,Female,Premium,1.09,6,South America,Laptop,17.99,1,Credit Card,1,0.16,Horror
79B3F0Bd-B45F-444D-A121-5B7A374C0780,21,Female,Basic,17.28,18,Africa,Mobile,8.99,0,Paypal,4,0.91,Documentary
D74761A3-27C1-4593-92Ee-084F86B6C7F5,70,Other,Premium,5.52,29,South America,Desktop,17.99,0,Crypto,4,0.18,Documentary
14E1Fddb-7D3B-4098-B5F5-98D0467D9921,69,Other,Basic,22.17,51,Europe,Laptop,8.99,1,Gift Card,2,0.43,Drama
D3Cdf140-4887-4F53-A5D3-Ec891892C883,36,Male,Premium,0.98,55,Oceania,Mobile,17.99,1,Debit Card,2,0.02,Comedy
2Fae4D1F-9063-4947-Aac3-Ec1C00169D35,70,Other,Basic,61.47,7,Europe,Mobile,8.99,0,Paypal,1,7.68,Romance
4Beaf71E-A65E-4Ddd-A643-C8E5Acf5Bd55,22,Male,Basic,20.87,45,Oceania,Tablet,8.99,1,Paypal,1,0.45,Drama
D0C512Fc-8212-4D61-9Ad2-Dce10Af1Dbf7,52,Female,Basic,3.59,42,Africa,Tv,8.99,1,Gift Card,4,0.08,Sci-Fi
76A7587E-4288-4134-Acd3-1C161865573A,19,Female,Standard,8.85,20,Oceania,Laptop,13.99,0,Paypal,4,0.42,Drama
8868E07D-Acc4-4B62-808A-Ad4553109922,42,Male,Basic,7.09,21,Africa,Tv,8.99,1,Debit Card,1,0.32,Action
91A11Dc0-B609-434F-A1D2-3Ecd42D2321B,35,Other,Basic,1.21,4,Oceania,Desktop,8.99,1,Gift Card,2,0.24,Action
3Bca6390-0C4B-4F47-A993-8E49139361C3,18,Female,Standard,2.26,48,Africa,Desktop,13.99,1,Paypal,1,0.05,Action
F6Aa3008-2137-480E-Ac38-70D58514Af59,21,Other,Premium,16.71,12,North America,Desktop,17.99,0,Credit Card,3,1.29,Sci-Fi
6Fb2Caa8-9389-4816-91Cb-D1134A7B15A1,57,Male,Basic,2.89,27,Africa,Mobile,8.99,1,Paypal,4,0.1,Horror
A96D856F-C265-4F78-80D5-F6D85C2E3E48,38,Female,Basic,3.08,53,North America,Desktop,8.99,1,Gift Card,2,0.06,Comedy
0769F070-5B48-4E47-9507-35259B4Dfc71,50,Other,Premium,7.44,32,South America,Tablet,17.99,0,Credit Card,4,0.23,Comedy
57B1D167-A660-48D5-8Fca-F75Fa0837D41,57,Male,Standard,18.93,42,Africa,Tv,13.99,1,Gift Card,5,0.44,Romance
9Bc6420A-4Fe7-4Bda-97Db-6689849Cc101,65,Other,Premium,9.71,47,Africa,Desktop,17.99,0,Paypal,4,0.2,Documentary
9127Fd59-F25D-4B74-A710-7F60B1804252,29,Male,Premium,1.61,59,North America,Desktop,17.99,1,Credit Card,2,0.03,Horror
39A2Da01-6445-4Ba4-8Dd5-846B8Fe23C43,62,Female,Premium,4.2,37,Africa,Laptop,17.99,1,Crypto,1,0.11,Comedy
Ac511430-85A0-40Ed-Bac6-423C3Fe14A63,58,Other,Basic,15.24,16,Asia,Tablet,8.99,0,Crypto,5,0.9,Comedy
C42C5Dc0-22F1-464B-9Aa8-9Ff0661A54C3,50,Male,Premium,5.93,51,Asia,Desktop,17.99,1,Crypto,1,0.11,Horror
7D756761-F638-4E9B-8C0A-00492281D68D,28,Other,Standard,9.61,50,North America,Mobile,13.99,1,Crypto,4,0.19,Drama
Cade9688-A34C-4Bf1-A49A-962D5D8Fb7C4,49,Female,Standard,17.61,60,South America,Laptop,13.99,1,Paypal,1,0.29,Sci-Fi
466Eaa12-9E20-4D53-860F-A8Dccfb242B8,25,Female,Basic,5.49,41,Oceania,Desktop,8.99,1,Debit Card,3,0.13,Documentary
57A0A7Ed-21Ea-4587-B519-Ab35689Cc9C8,40,Female,Standard,7.66,57,Asia,Desktop,13.99,1,Crypto,1,0.13,Action
4E091Ec6-3C1B-4649-Aed7-Cf99Cc9Da60D,29,Female,Standard,4.88,39,Oceania,Mobile,13.99,1,Credit Card,4,0.12,Horror
3Afd0A8C-2D06-41F8-954A-E439E193F21D,43,Female,Standard,12.58,16,Oceania,Desktop,13.99,0,Credit Card,4,0.74,Horror
63Fb5A17-B9Fc-4191-8Cec-Ca2848Cc3E54,69,Other,Premium,26.07,5,Oceania,Laptop,17.99,0,Paypal,1,4.34,Romance
1C663855-E700-49Cf-8512-224B34D1Efac,37,Other,Premium,14.54,22,North America,Tablet,17.99,0,Debit Card,2,0.63,Drama
Ca44D69C-F059-423E-82E2-65550F1314Be,31,Female,Basic,9.44,46,Asia,Tablet,8.99,1,Paypal,2,0.2,Action
07B638Bb-A4Bf-4938-9B81-3160Ecf59053,27,Other,Basic,5.84,42,Europe,Mobile,8.99,1,Crypto,1,0.14,Horror
10187A53-E499-45Ef-B5B2-0C0D16Ffaef7,65,Male,Premium,0.74,20,Europe,Laptop,17.99,1,Debit Card,3,0.04,Sci-Fi
Fe5Bdcb9-Aa57-47Ff-B123-33E4842057Da,29,Female,Basic,12.37,44,Oceania,Mobile,8.99,1,Gift Card,3,0.27,Drama
Dc67Ab9C-2786-4C67-8B27-3891F2676446,63,Male,Standard,5.16,53,North America,Desktop,13.99,0,Debit Card,5,0.1,Romance
92Ea3113-82A0-40C9-8D98-142D22F0799B,54,Female,Premium,14.52,24,Africa,Tv,17.99,0,Debit Card,2,0.58,Sci-Fi
834274E5-Cea9-4D78-A673-89B85674De2A,27,Male,Basic,6.11,35,Asia,Mobile,8.99,1,Credit Card,3,0.17,Sci-Fi
68Fcc8F2-4100-4Fb8-Bc83-Efdca9A49322,70,Male,Basic,11.19,40,Europe,Tv,8.99,1,Paypal,2,0.27,Action
E0306A29-E5De-43F9-A455-6955498Cd3Ed,31,Other,Standard,0.67,22,Oceania,Tv,13.99,1,Gift Card,5,0.03,Drama
27482340-B055-4041-Aeb1-1A0Feb5Dec60,36,Male,Standard,12.66,34,North America,Desktop,13.99,1,Paypal,1,0.36,Documentary
Ab2D8Fa6-2F40-4122-Ae99-Bf400C1301B1,19,Male,Premium,5.04,22,Europe,Desktop,17.99,0,Debit Card,1,0.22,Action
4F6Ec262-Da69-45Ec-914C-026309454E98,47,Male,Premium,1.75,12,Europe,Desktop,17.99,0,Credit Card,5,0.13,Drama
Fbdb9C05-F713-42Da-Acbc-426247E3Dae8,20,Other,Basic,26.06,1,Europe,Mobile,8.99,0,Debit Card,1,13.03,Sci-Fi
63Fefe7D-6134-49Fb-95Fc-5B011B8583C7,56,Other,Basic,30.55,11,Africa,Tv,8.99,0,Credit Card,1,2.55,Comedy
72913Cf5-928B-4C70-9Fdf-23F320B7387E,48,Male,Basic,13.29,45,Oceania,Tablet,8.99,1,Debit Card,2,0.29,Romance
E9Ecd068-Dda1-43B9-A4Fb-C17B3E2C9455,48,Female,Basic,19.86,26,Europe,Desktop,8.99,0,Debit Card,5,0.74,Sci-Fi
Aa56B066-Fb34-4C3C-8Ffa-913E48221D38,64,Female,Standard,7.4,49,Africa,Desktop,13.99,1,Crypto,2,0.15,Horror
4B34B055-D1B3-401E-8B73-B8C3297396D0,25,Male,Standard,5.73,37,Africa,Laptop,13.99,1,Debit Card,1,0.15,Documentary
2C4Ab875-D3C3-429D-9Dad-Fdf4C0F850D7,48,Female,Premium,1.84,9,North America,Laptop,17.99,1,Crypto,2,0.18,Comedy
Dba01592-6410-4Be2-B930-10D122Fabfef,50,Other,Standard,4.36,9,Asia,Tablet,13.99,1,Paypal,2,0.44,Action
35119411-B270-46A9-B807-5F703Dc512E5,38,Other,Standard,0.08,35,Europe,Laptop,13.99,1,Gift Card,1,0.0,Comedy
63D9D93C-1C27-4123-951C-81F49F5Bcc38,46,Male,Premium,10.11,52,South America,Tablet,17.99,1,Credit Card,1,0.19,Documentary
794A55Aa-41E8-4973-A92D-E694Ac1D2C10,18,Other,Premium,12.72,15,Europe,Tablet,17.99,0,Debit Card,1,0.8,Action
8Ca9Ce9B-95F1-480A-Bdf8-7Ab9B97535Ce,30,Female,Standard,15.45,11,Europe,Mobile,13.99,0,Credit Card,1,1.29,Sci-Fi
9C5B8Ee6-D18B-4614-8C23-4A4Fcac04D80,48,Male,Premium,2.84,35,North America,Desktop,17.99,1,Debit Card,2,0.08,Action
604F83Af-4C1B-4E00-897C-82Ce3D3A5727,22,Male,Basic,4.64,30,Europe,Tv,8.99,1,Crypto,3,0.15,Sci-Fi
2E1Aad64-26Cc-449A-B08C-Fbedd731De31,36,Male,Premium,11.69,23,Asia,Tv,17.99,0,Gift Card,3,0.49,Drama
7Aa81Ae5-8879-4D6B-Ac2C-E30Ddadbbef6,42,Other,Standard,14.09,57,Africa,Mobile,13.99,0,Debit Card,4,0.24,Action
73C16C1B-0B24-47D3-B7C8-41A1Fac54B48,48,Female,Standard,49.33,37,Europe,Mobile,13.99,0,Credit Card,3,1.3,Action
58540F35-Ed97-4Eef-9638-9039F8Eddb3D,30,Male,Standard,3.17,24,Oceania,Tablet,13.99,0,Paypal,5,0.13,Comedy
59631C00-9348-44Af-A232-40E34Ec07C22,35,Female,Basic,6.03,42,Europe,Mobile,8.99,1,Credit Card,3,0.14,Drama
2B59D33A-1B53-4131-A0D5-4D3E56E07D85,29,Other,Standard,1.6,7,Asia,Tablet,13.99,0,Debit Card,4,0.2,Sci-Fi
1F736007-B6D2-447A-840D-89C0Ee65629B,42,Other,Premium,9.19,5,South America,Mobile,17.99,0,Paypal,5,1.53,Horror
02421D84-5F78-429D-A2F6-Be81C656Dc0A,20,Male,Basic,16.96,53,North America,Tablet,8.99,1,Gift Card,1,0.31,Action
797E3A2D-50Ad-478D-9F62-48F49771Dd87,44,Other,Basic,1.06,37,Asia,Desktop,8.99,1,Crypto,1,0.03,Comedy
98850D40-9Bb7-46E5-Bf51-9C36Ff13Ccf1,54,Female,Standard,6.61,26,Oceania,Tablet,13.99,0,Gift Card,3,0.24,Action
6Df50497-D522-4C9E-Ae35-B570Fc2656Cf,66,Female,Premium,20.01,30,Africa,Tablet,17.99,0,Paypal,2,0.65,Horror
1E7Bde1F-8158-40B9-9Aa5-97Cf0312Ed3F,60,Other,Basic,9.99,34,Europe,Tv,8.99,1,Paypal,3,0.29,Drama
5Bc33D7D-2258-438C-9C77-7Cfb0Af09Acb,21,Other,Premium,8.53,36,Europe,Laptop,17.99,1,Crypto,4,0.23,Romance
E40B9738-Ff59-46B5-A2Bb-3Dc95A2A429C,51,Female,Premium,4.9,23,Oceania,Desktop,17.99,1,Gift Card,5,0.2,Comedy
12Fa97B3-078A-4A97-B338-F130Fb3762A4,41,Male,Standard,8.6,47,Africa,Mobile,13.99,1,Paypal,2,0.18,Action
1753Bc3C-D5F3-4507-Bbc9-3D8D2De87Bf6,36,Male,Premium,13.68,3,South America,Tablet,17.99,0,Crypto,3,3.42,Comedy
B13B45B8-9130-4222-Aced-Db116C542C50,36,Male,Premium,7.25,36,Oceania,Tablet,17.99,0,Credit Card,5,0.2,Comedy
5843Bccd-C8A2-4294-B541-85481A633Beb,54,Male,Premium,2.28,47,Asia,Tablet,17.99,1,Crypto,3,0.05,Drama
56E385B7-755F-4C91-917E-0A5A60Db358A,31,Other,Standard,18.09,34,Europe,Tv,13.99,0,Gift Card,4,0.52,Action
F2477Cdd-25E4-47C2-8B0E-2194E62A4Ea2,64,Female,Premium,9.37,16,South America,Tablet,17.99,0,Crypto,5,0.55,Drama
153D426A-Bfd4-47D8-9821-A84A5E9Fee7B,55,Female,Basic,11.36,0,North America,Laptop,8.99,0,Paypal,4,11.36,Comedy
B512A9Aa-3832-4Ec2-Bfc0-65Cec94Afd68,51,Female,Basic,6.21,40,South America,Tv,8.99,1,Debit Card,5,0.15,Sci-Fi
19Ef59D2-6A1C-4507-8B4C-8D8Fbd68Db12,66,Female,Premium,1.37,36,North America,Desktop,17.99,1,Paypal,5,0.04,Action
7Ccb2Fc4-29Ae-47D5-B9Ca-C10D7E9Dce63,57,Male,Standard,8.27,59,Europe,Desktop,13.99,0,Debit Card,4,0.14,Romance
51440C93-Aa74-453E-A0Ac-0Fd9Cb25409F,68,Female,Standard,26.58,36,Oceania,Desktop,13.99,0,Debit Card,4,0.72,Romance
D78F5876-1525-463F-9790-58F96401020D,31,Female,Basic,9.11,51,South America,Laptop,8.99,1,Paypal,3,0.18,Comedy
B4A4Ef53-4Da5-4B3A-818D-7A2Db7B6Dc3C,39,Other,Premium,12.34,30,Africa,Tv,17.99,0,Debit Card,5,0.4,Comedy
5E5Dcb10-52C2-4611-B0A2-C083F94Dde3C,31,Female,Basic,6.71,7,South America,Tablet,8.99,0,Crypto,5,0.84,Sci-Fi
0244Ba1E-F643-4F1A-9Ed1-2531650A2Ace,63,Male,Standard,8.51,55,South America,Laptop,13.99,1,Gift Card,4,0.15,Sci-Fi
43C345F1-1534-4F02-Afed-866B3515059B,46,Female,Basic,6.75,37,South America,Desktop,8.99,1,Gift Card,2,0.18,Comedy
31A08A9F-E3B2-46Ed-80Fc-4Cdc63F2E593,22,Male,Standard,7.67,53,South America,Tv,13.99,1,Crypto,3,0.14,Documentary
0Abfd213-Ef70-4C96-979A-95401F2D222A,59,Other,Premium,16.6,23,Asia,Laptop,17.99,0,Crypto,3,0.69,Drama
9318Ddca-73D1-425F-8Cf2-180B30Bf5C37,36,Female,Standard,22.11,6,Europe,Laptop,13.99,0,Credit Card,4,3.16,Action
E95Ba0A7-3085-4358-9Fac-B404Fdb198B3,55,Other,Premium,0.44,27,Oceania,Tv,17.99,1,Crypto,3,0.02,Drama
5405F752-Cb3F-4F59-9206-4E7Cdc662738,58,Other,Basic,37.24,8,Europe,Tv,8.99,0,Gift Card,3,4.14,Romance
Bfb8411B-0E6A-4F69-B072-24Ed44Cc094E,57,Other,Basic,10.24,19,Africa,Tv,8.99,0,Paypal,2,0.51,Comedy
9Fbafa7F-E3De-4166-B71B-E4Bc230715A5,67,Other,Premium,28.86,1,South America,Laptop,17.99,0,Gift Card,2,14.43,Drama
575E8Cef-5Ce2-4Bbc-80A0-Bdf68Bd29505,54,Male,Basic,25.24,43,South America,Tv,8.99,0,Debit Card,5,0.57,Comedy
17Bd8Bda-C161-413A-Bb7D-8453978C974B,46,Male,Premium,1.48,10,Asia,Tablet,17.99,0,Credit Card,4,0.13,Romance
A36Af881-F75F-42Aa-Bb55-Aa8F43Cd2C1F,37,Male,Standard,5.43,46,Africa,Tv,13.99,0,Paypal,5,0.12,Documentary
Dd222A27-27Ab-459A-994A-8C5Ad58Ddeeb,60,Other,Basic,6.84,40,North America,Tablet,8.99,1,Crypto,2,0.17,Sci-Fi
9216Acf7-Bc86-44F9-95D5-2D5E96D459D4,61,Female,Premium,1.3,44,North America,Mobile,17.99,1,Paypal,5,0.03,Romance
1B673Fc7-2B1B-4F12-Ae55-6F61E739C483,59,Male,Standard,17.33,59,Oceania,Tv,13.99,0,Debit Card,5,0.29,Comedy
8643Fbb4-E91F-40D3-Bb3D-9Da4Cf47D8D2,20,Male,Basic,0.61,3,Asia,Laptop,8.99,1,Paypal,3,0.15,Documentary
Efa05E12-91F5-4De0-886D-7Efe2B13E3Df,47,Female,Premium,2.2,39,Oceania,Tv,17.99,1,Debit Card,2,0.06,Comedy
De40D774-89D7-43Ef-81F2-A845C85Cb3A3,69,Male,Basic,5.31,52,South America,Mobile,8.99,1,Paypal,4,0.1,Action
E3B0394B-C1E2-4D2A-8F3E-881750Fa9401,65,Other,Standard,28.56,18,Africa,Laptop,13.99,0,Crypto,4,1.5,Documentary
C42C3176-Bb7E-411D-A769-0B2Ad9E8Ed2A,58,Female,Premium,16.33,43,Europe,Laptop,17.99,1,Gift Card,1,0.37,Comedy
433C3F13-1127-42B6-Bff7-8801B71Cdaf6,36,Other,Basic,5.39,4,Asia,Tablet,8.99,0,Debit Card,2,1.08,Drama
E8E4D4Ec-8D71-4F31-9A49-18B68Cb209B8,32,Other,Premium,9.15,58,Europe,Tablet,17.99,1,Credit Card,2,0.16,Romance
3B6Ad87B-8320-46B3-8Cd0-Ba38C3Def845,63,Other,Standard,1.77,56,North America,Mobile,13.99,1,Debit Card,5,0.03,Horror
B239Abd3-B75B-4Da5-9794-0De700A9D4A7,67,Other,Basic,25.25,25,Asia,Tv,8.99,0,Debit Card,3,0.97,Comedy
87Dd331E-Af28-4193-Ad16-3Fa4Dde9F4Df,43,Female,Basic,15.64,8,Oceania,Mobile,8.99,0,Debit Card,1,1.74,Action
1A222Df2-070F-4549-B164-A9Baa2Bbdafe,52,Other,Basic,5.56,48,Africa,Desktop,8.99,1,Paypal,1,0.11,Romance
Dd06B1E7-368E-4A14-9C4B-1167E1751312,57,Other,Standard,35.52,12,Oceania,Mobile,13.99,0,Debit Card,4,2.73,Comedy
Bdeb4F47-097C-49B8-956A-D9Fa25802324,21,Other,Premium,6.27,53,North America,Desktop,17.99,1,Crypto,5,0.12,Romance
23983A3B-9Ddb-44Ee-B02D-7128Ffc31A36,56,Other,Premium,9.96,51,Oceania,Tablet,17.99,1,Gift Card,3,0.19,Drama
1F21093E-A068-4Fd4-A23A-3Bdbe2A2Ac90,64,Female,Standard,0.02,36,South America,Tv,13.99,1,Gift Card,3,0.0,Documentary
452E1227-Fdcd-4F2A-B51D-93C972870576,54,Male,Basic,20.0,45,Europe,Desktop,8.99,1,Credit Card,2,0.43,Romance
F53Aabeb-9951-48D4-A47C-Ee92Be30B9Ef,62,Female,Premium,3.99,25,South America,Tv,17.99,1,Crypto,5,0.15,Documentary
D0478Dc6-40B3-4217-B23B-1E5D368D99E3,63,Male,Standard,2.31,29,Oceania,Laptop,13.99,1,Gift Card,2,0.08,Romance
9B97Bbce-Cee3-4F9F-929A-91A55540665A,69,Female,Standard,10.33,42,Europe,Tablet,13.99,1,Debit Card,3,0.24,Action
1A4Dc981-F642-40E7-Be57-Eb92Abdce2Cd,38,Other,Premium,0.55,3,Africa,Desktop,17.99,1,Debit Card,1,0.14,Documentary
789522F8-C4A7-458C-8303-68262A0F458A,69,Female,Standard,9.14,48,South America,Laptop,13.99,0,Debit Card,5,0.19,Action
Ca235C75-Ef56-4B6E-B147-144484Fc7A68,18,Female,Basic,4.37,46,Europe,Tv,8.99,1,Paypal,1,0.09,Action
E7Be6384-C0D8-4762-8490-1242E245F14A,26,Male,Standard,10.42,28,South America,Laptop,13.99,0,Crypto,1,0.36,Comedy
530F7589-89C5-487C-A14A-D1500Bb9Fc21,44,Female,Standard,3.08,58,Asia,Tv,13.99,1,Paypal,1,0.05,Romance
Cc1Eecc4-1916-4342-9400-B18C036D98E5,43,Female,Standard,1.86,52,Asia,Tablet,13.99,1,Gift Card,3,0.04,Comedy
8629Cc72-E810-4Acd-89B5-51614D21B070,39,Female,Standard,6.5,12,Asia,Tablet,13.99,0,Crypto,4,0.5,Sci-Fi
Fa0F95Cd-A763-4Ca0-B86C-Dc7D1E93F8A9,70,Other,Basic,9.65,12,North America,Desktop,8.99,0,Crypto,5,0.74,Documentary
F58D7D36-Bc85-44C4-B74A-E7De9Cf5104A,19,Female,Premium,0.1,24,Africa,Mobile,17.99,0,Debit Card,5,0.0,Sci-Fi
094Fe1Ea-C59B-434B-Afd9-Be895740Dea7,23,Other,Premium,33.47,29,Europe,Laptop,17.99,0,Paypal,3,1.12,Romance
A35Dfad2-B67F-40Ea-871C-37C1Ec686Bda,39,Female,Premium,4.67,9,Oceania,Tv,17.99,1,Crypto,3,0.47,Sci-Fi
234A89E9-0793-4C4B-8855-8Afaf76B3Bc7,19,Female,Premium,1.73,22,Oceania,Laptop,17.99,1,Credit Card,3,0.08,Sci-Fi
7A889B45-8Ea4-416D-B58F-D38B5Eb7Ea45,30,Male,Basic,0.25,29,Europe,Tablet,8.99,1,Gift Card,2,0.01,Comedy
6818695A-D9B5-47C0-98Dc-C1B0C1C379Ce,22,Other,Premium,17.65,9,Africa,Tv,17.99,0,Paypal,2,1.76,Drama
0Cff8Cd5-Ab3C-4116-8Edb-Fa314B5A3273,56,Male,Standard,0.49,44,Europe,Tv,13.99,1,Gift Card,3,0.01,Romance
2774Bcf2-Ddec-44C9-A3Bc-Ff87A8A96Dee,61,Male,Standard,83.55,25,South America,Desktop,13.99,0,Debit Card,5,3.21,Romance
Eb0251Cf-302E-4E08-A31D-A9A5Ab2Baef3,24,Other,Basic,1.25,27,South America,Desktop,8.99,1,Credit Card,2,0.04,Action
E001F24E-444B-4781-84Bf-A90A3B374710,26,Female,Basic,11.36,22,Africa,Laptop,8.99,0,Paypal,2,0.49,Horror
83913311-E86F-4750-98Dc-E9D4Bf78E544,47,Other,Standard,19.9,31,South America,Tablet,13.99,0,Paypal,2,0.62,Romance
463A6397-5C89-4Ad4-8D08-F9C6E3081F25,66,Other,Standard,4.41,48,Asia,Mobile,13.99,1,Gift Card,5,0.09,Sci-Fi
7Dae8155-8114-4Ead-Acab-712Cdb9Fecda,36,Female,Standard,9.16,47,South America,Desktop,13.99,1,Crypto,5,0.19,Action
1D0E9016-5635-4615-B5Aa-Defaadffcc7F,49,Male,Standard,15.37,34,Europe,Laptop,13.99,0,Paypal,5,0.44,Action
4D84F911-Ed8D-42Bd-A583-924E3B9Dafd8,69,Female,Standard,4.56,37,South America,Tv,13.99,1,Paypal,2,0.12,Drama
0A77605C-E86E-4B72-91A1-7A49969C1Ac1,18,Female,Basic,7.65,49,Europe,Desktop,8.99,1,Debit Card,1,0.15,Drama
17Edb2D1-C14B-4E51-A874-2F1658336201,29,Female,Standard,6.87,27,Africa,Tablet,13.99,0,Gift Card,4,0.25,Romance
F8Bef0A9-79F7-4D01-9699-F7D9Ca36129B,49,Female,Standard,30.07,34,Asia,Tv,13.99,0,Debit Card,4,0.86,Sci-Fi
5Eaaffbf-Db92-48F4-88E2-6D0924F6Bc9C,20,Other,Premium,25.68,3,Asia,Laptop,17.99,0,Credit Card,5,6.42,Comedy
B2Ec2304-01Bd-4336-8A61-F0B0Abbba0Db,70,Male,Basic,2.22,12,Asia,Laptop,8.99,1,Paypal,3,0.17,Romance
1A3B4D35-F6D2-4645-A156-55305464E7Ae,26,Male,Premium,13.17,37,South America,Tablet,17.99,0,Credit Card,4,0.35,Action
9Eec9D5C-6E0E-4796-B55F-75B8B68180B4,65,Female,Standard,13.88,57,Oceania,Laptop,13.99,1,Crypto,5,0.24,Comedy
5F426A25-B218-474F-8D86-484Cb97D3A29,53,Other,Standard,1.55,30,Asia,Laptop,13.99,1,Credit Card,3,0.05,Documentary
C40C9949-8C3E-4002-9Ad3-3E98Abf9D759,33,Other,Standard,11.4,42,North America,Desktop,13.99,1,Crypto,4,0.27,Action
629Cdfb3-3B30-4A6D-8112-8A323Da83E34,33,Male,Standard,6.6,55,Europe,Desktop,13.99,1,Gift Card,2,0.12,Documentary
9E095556-C0Fe-4Ebd-9E42-00Fdbd49A5E6,19,Female,Premium,8.29,28,Europe,Tv,17.99,0,Crypto,5,0.29,Drama
54C05598-365D-4F0A-9053-47C773D60Fb0,58,Male,Standard,4.38,25,Africa,Tablet,13.99,1,Credit Card,1,0.17,Romance
33B1D71A-A301-4Ff5-B31E-E0Ae15703Dc6,63,Other,Basic,14.16,45,Europe,Laptop,8.99,1,Credit Card,4,0.31,Romance
A7E66B70-B8A9-466C-83C2-28F7Ee12B1F5,50,Female,Standard,23.31,5,South America,Tablet,13.99,0,Credit Card,1,3.88,Action
23738Ea6-6051-407F-B134-54B5Abf97C76,43,Other,Premium,4.96,34,Europe,Tv,17.99,1,Crypto,3,0.14,Documentary
127C0924-F08C-4B58-826E-Eaba5D7E5684,46,Male,Standard,18.14,45,Europe,Desktop,13.99,1,Credit Card,2,0.39,Sci-Fi
5Db3F1F4-2A78-4905-A404-38B184A190D4,19,Other,Basic,4.42,0,Europe,Laptop,8.99,0,Credit Card,3,4.42,Drama
Ca048E28-C4A0-423C-Abe2-A0Da5Ead69A1,64,Other,Standard,19.87,41,South America,Mobile,13.99,0,Credit Card,5,0.47,Romance
Ece55Bb3-Fc9A-4A30-92B0-Fb95A55Aec51,59,Male,Standard,25.89,58,North America,Desktop,13.99,0,Debit Card,1,0.44,Documentary
2F262B29-6001-432D-9F5C-0F6558826627,66,Other,Premium,51.07,9,Africa,Laptop,17.99,0,Crypto,5,5.11,Action
Bc7703F4-A5D9-4D99-955E-158Eb11751Ef,51,Female,Premium,3.89,1,Europe,Tablet,17.99,0,Credit Card,2,1.95,Drama
9253A50A-Fd90-4A43-A419-1A8725Cdaaad,27,Other,Standard,10.69,4,Asia,Mobile,13.99,0,Crypto,3,2.14,Drama
6Dd30Fa8-E9Be-4Ba1-831D-Ec479489390D,60,Female,Standard,1.13,12,Asia,Laptop,13.99,1,Credit Card,2,0.09,Romance
0F3Aff18-A29F-48D1-96Fd-3Dce25Aa3F30,41,Female,Basic,23.74,8,North America,Mobile,8.99,0,Crypto,2,2.64,Documentary
B2Ac1325-4F88-49F8-B626-C339C8A839B8,37,Other,Premium,11.15,60,Oceania,Desktop,17.99,0,Paypal,4,0.18,Documentary
2Cea2E6F-6Ac0-451E-Bc97-28C032B6431B,26,Female,Premium,2.92,32,South America,Tablet,17.99,1,Crypto,2,0.09,Sci-Fi
Daba8Bad-2131-40Db-9Fa3-467C7Da43703,69,Other,Premium,13.61,5,Europe,Tv,17.99,0,Credit Card,3,2.27,Romance
Ad2Be0D3-7744-43Bd-B4B8-5B61799756A1,42,Other,Basic,2.65,30,Africa,Tv,8.99,1,Gift Card,1,0.09,Documentary
2E6Ffbc2-Aaf8-41C1-9D30-47Ae9260Fb4B,19,Female,Premium,7.43,10,Europe,Tablet,17.99,0,Debit Card,4,0.68,Drama
13Fc0Db0-35B8-4902-A770-11A2Aade369D,61,Male,Standard,5.61,56,Europe,Laptop,13.99,1,Debit Card,1,0.1,Horror
286E9Bc1-B9D2-4D4D-9B46-8F823A170139,34,Female,Standard,0.32,58,Asia,Mobile,13.99,1,Gift Card,1,0.01,Comedy
A9Bac7Bd-9Fb2-43Cc-B170-Fb3A6C9772F7,68,Other,Standard,12.66,7,Asia,Tablet,13.99,0,Credit Card,2,1.58,Romance
6E498648-F7Cf-4Fd0-9315-Df66B413Fba8,32,Female,Basic,8.94,6,North America,Desktop,8.99,0,Crypto,5,1.28,Action
0Acb8995-D92D-46A1-B80A-2C5D7Fac4Df3,21,Male,Basic,11.25,59,South America,Mobile,8.99,1,Debit Card,2,0.19,Action
B81C524A-A1A3-4047-A9Ca-A656564F9Ad2,24,Other,Premium,14.15,58,Europe,Tv,17.99,1,Paypal,1,0.24,Romance
8C722Fa9-57Be-4Fa0-A466-F43E61D35F94,55,Male,Premium,0.44,45,South America,Desktop,17.99,1,Debit Card,1,0.01,Sci-Fi
67261644-D5D8-4867-A359-22D606E2Dcc9,65,Male,Standard,4.05,45,Asia,Mobile,13.99,1,Gift Card,4,0.09,Sci-Fi
3Cbf2873-561B-4Ef3-A946-Fc8693Dab3Bc,25,Other,Standard,18.23,26,Africa,Desktop,13.99,0,Paypal,2,0.68,Horror
D021C19C-289D-44B2-959C-Bb3231F5F23A,63,Female,Standard,6.42,17,Europe,Tablet,13.99,0,Crypto,4,0.36,Action
D73Ea6C0-C6A3-43Ef-B4Df-34D432F0295F,56,Female,Premium,14.39,38,Asia,Tablet,17.99,1,Credit Card,3,0.37,Comedy
9Ab55Bb5-1957-46A6-8472-D26B2Fda624A,47,Other,Basic,13.22,8,North America,Mobile,8.99,0,Crypto,4,1.47,Action
7492F32F-8C97-4A80-81Ad-78749329C8F3,29,Female,Standard,1.12,60,Asia,Desktop,13.99,1,Paypal,5,0.02,Horror
D9Ea07B7-Ffa7-4165-8D37-04Fdfe0Fd5Fa,52,Female,Standard,8.45,28,North America,Laptop,13.99,0,Gift Card,2,0.29,Action
Ad0Caecf-9B95-4921-8A81-7Bb311564C2A,26,Male,Standard,0.89,25,South America,Tv,13.99,1,Credit Card,2,0.03,Action
5B2Ec7Eb-5Ee5-4B1A-A409-88F9B0Dba73E,39,Female,Premium,7.21,42,Africa,Tablet,17.99,1,Paypal,2,0.17,Action
9Fa65636-Ca49-40Ef-Bd85-85Dac00A0612,46,Other,Standard,40.93,39,North America,Tablet,13.99,0,Crypto,4,1.02,Horror
F916F25F-2303-4145-Af99-99A0B8E8De5B,22,Male,Basic,0.75,10,South America,Mobile,8.99,1,Gift Card,3,0.07,Sci-Fi
37B1F7E9-731B-45F0-8B64-0019780A7C3C,36,Male,Premium,25.23,53,Africa,Mobile,17.99,0,Crypto,2,0.47,Sci-Fi
0C65Fd72-9E3B-4033-99Ed-4397Ccf9346F,40,Other,Basic,4.68,25,Africa,Tablet,8.99,1,Paypal,5,0.18,Action
9212F1Ee-8Fcc-49De-9379-496677369Ec0,29,Male,Standard,35.97,10,South America,Desktop,13.99,0,Debit Card,4,3.27,Romance
245A68D0-Ff48-4300-8Fd9-94Cc361E02C9,53,Female,Standard,6.2,5,Oceania,Desktop,13.99,0,Gift Card,4,1.03,Documentary
88D0C4Cb-A32D-45Df-B849-536859B8Ba10,43,Other,Standard,13.53,15,Europe,Tablet,13.99,0,Debit Card,4,0.85,Comedy
9B18D52F-D169-4Ac0-Aae9-840D5B8Fd937,40,Female,Premium,0.17,58,South America,Desktop,17.99,1,Gift Card,5,0.0,Horror
85F3C893-5Cb4-402F-893A-563686A5A644,40,Female,Premium,30.61,35,Europe,Tv,17.99,0,Debit Card,3,0.85,Romance
Ff5354Ce-5Deb-4Dc4-8D39-A68C03938Af3,69,Female,Standard,4.53,16,Europe,Laptop,13.99,1,Crypto,2,0.27,Horror
E60D2E98-1236-4D67-Aa6C-B5B3Ca28E7A0,29,Male,Basic,14.23,4,Europe,Desktop,8.99,0,Credit Card,2,2.85,Documentary
D6Dbab58-A030-43A9-9873-06B044B65052,24,Female,Premium,42.14,8,South America,Laptop,17.99,0,Gift Card,3,4.68,Horror
F290C3Ba-8Bc9-48C3-8B9F-D4C878F405Fa,59,Male,Standard,2.41,4,Asia,Tablet,13.99,0,Debit Card,2,0.48,Action
A12E71Fd-B9D2-4A9F-Aa23-Ec9901Dd1Fc3,51,Other,Standard,10.19,22,Europe,Tv,13.99,0,Paypal,3,0.44,Horror
44Bf9Ce1-Bd7D-40F8-A16C-Abce926888Ae,40,Other,Premium,4.13,58,North America,Desktop,17.99,1,Crypto,3,0.07,Action
10B310C8-Dca5-4Bbc-A54E-696Beba345F2,19,Male,Standard,6.08,44,Africa,Mobile,13.99,1,Crypto,1,0.14,Drama
38D1C68C-E901-4446-A303-9Ea123048B89,52,Male,Premium,33.13,27,North America,Tv,17.99,0,Crypto,4,1.18,Sci-Fi
795A4E3F-5B2A-4D74-94C7-0879C68F7140,20,Male,Standard,5.06,25,Asia,Tv,13.99,0,Gift Card,4,0.19,Documentary
5Eb42C33-Ba38-441A-8C46-55726449543B,26,Female,Standard,11.7,7,North America,Tablet,13.99,0,Crypto,5,1.46,Action
6Bbbd9Ca-D3D6-443D-Aed6-A5C6D9A6Aa03,66,Male,Basic,7.0,39,Asia,Tv,8.99,1,Debit Card,2,0.17,Sci-Fi
7C517774-77B3-4C4C-Acb6-8D338Fcb3A6F,48,Other,Basic,21.91,52,North America,Desktop,8.99,1,Gift Card,5,0.41,Comedy
3485B497-Ec38-4C7F-Abdb-05C2Bad0E25B,56,Female,Standard,21.44,47,Europe,Tv,13.99,1,Crypto,1,0.45,Comedy
4B02C88C-A29D-46C6-Aa87-2Dae9F140E4E,52,Male,Standard,0.33,14,Oceania,Desktop,13.99,1,Gift Card,2,0.02,Comedy
1F0E4Cc1-431D-4Fbe-89Ca-3Bd42241Cd29,28,Other,Standard,2.06,59,Asia,Mobile,13.99,1,Crypto,2,0.03,Romance
2A059484-209D-4E60-8329-4344Aac42Bbb,26,Female,Basic,11.07,54,Europe,Laptop,8.99,1,Credit Card,4,0.2,Drama
1Ee12Cc7-48C9-452C-83D0-Aaf89Ee786Ff,50,Male,Standard,15.65,27,North America,Tv,13.99,0,Gift Card,2,0.56,Drama
2Fb99E15-5E31-4F4E-Acaa-78Dc5Da4B8Bf,49,Female,Standard,5.21,33,Asia,Desktop,13.99,1,Crypto,4,0.15,Documentary
75609F51-5Ee6-4Cac-Ad28-A3821E94554E,37,Female,Basic,4.69,25,Europe,Tablet,8.99,1,Gift Card,4,0.18,Romance
F33D248F-0Bb4-4189-919E-61F1A239D69E,38,Male,Premium,2.24,58,Africa,Laptop,17.99,1,Debit Card,4,0.04,Documentary
43Cb53F5-D22C-4Cb2-Ae1C-879Ffabb8B97,62,Female,Standard,26.88,55,Asia,Tv,13.99,0,Paypal,4,0.48,Romance
85629D48-5Eda-4610-B233-C4E4D562C796,63,Female,Standard,2.84,18,Oceania,Tablet,13.99,1,Gift Card,3,0.15,Horror
207F99B4-Fa1E-4Ed8-Ad8E-7Fb58D76E1Aa,26,Other,Basic,9.97,37,North America,Tv,8.99,1,Credit Card,1,0.26,Drama
39319E9D-Faad-4026-Bac4-4270B7853Cd0,40,Male,Premium,46.29,26,Africa,Laptop,17.99,0,Crypto,4,1.71,Drama
A5C028Fb-E6Fd-43Ab-A87C-Bd591558B580,68,Male,Premium,9.36,15,Europe,Tv,17.99,0,Crypto,5,0.58,Action
1A19714F-Fc3F-4023-8006-84D562378A9B,23,Female,Standard,0.89,18,Europe,Tablet,13.99,1,Paypal,1,0.05,Action
96506B65-616A-497C-A3E4-888B830Db1C3,31,Other,Standard,1.17,36,Europe,Laptop,13.99,1,Paypal,1,0.03,Comedy
2D7Ebb9D-93Bb-495C-80De-4346C8A4Cbee,47,Male,Basic,1.25,44,South America,Mobile,8.99,1,Credit Card,1,0.03,Sci-Fi
9D34Ab95-164D-4C46-8F82-38B03Ea4A17F,67,Male,Premium,13.19,55,South America,Desktop,17.99,1,Crypto,3,0.24,Comedy
025F67D8-5Ff0-4E79-9463-Ec829Fec6755,63,Other,Basic,1.25,3,Asia,Tablet,8.99,1,Debit Card,5,0.31,Comedy
72795539-6B5F-4F9A-8105-7F15Dba34E9D,59,Female,Basic,1.2,32,North America,Tv,8.99,1,Credit Card,2,0.04,Comedy
610B1D2E-92Ab-4C35-868A-3227A0E36Ba5,34,Male,Standard,7.38,26,South America,Desktop,13.99,0,Debit Card,1,0.27,Sci-Fi
7B2C7B95-8650-4966-80B5-50Bcedc9Ef73,35,Female,Premium,3.59,53,Asia,Tablet,17.99,1,Crypto,3,0.07,Romance
2Ce755Db-5314-4C64-B00B-Ad8C71Df90F8,21,Female,Standard,4.17,38,South America,Mobile,13.99,1,Crypto,1,0.11,Horror
905Edc2C-831C-4D3A-90E1-C80Fd7F63A97,29,Female,Premium,15.26,49,North America,Tablet,17.99,1,Credit Card,1,0.31,Sci-Fi
B3210D44-92C1-40Ad-B881-B560Dda637C1,55,Male,Standard,2.7,31,Asia,Tv,13.99,1,Debit Card,4,0.08,Sci-Fi
9E87210E-05Ee-4E33-9E89-9Cd544Cf9A4E,51,Female,Premium,3.82,34,Asia,Tv,17.99,1,Gift Card,1,0.11,Horror
6380741D-7D1C-4C91-8Df5-Cb4Db02Fbac7,23,Male,Basic,6.7,48,North America,Mobile,8.99,1,Credit Card,4,0.14,Sci-Fi
67F97Be2-F7Bd-4Fe4-B6F9-5B5F3Fd1Da4C,63,Female,Standard,12.08,17,South America,Desktop,13.99,0,Credit Card,4,0.67,Horror
3B02D521-586B-4E03-88Dc-A0E6F9D01Eda,42,Other,Premium,10.89,31,South America,Tablet,17.99,0,Paypal,5,0.34,Drama
053A53A2-0627-432E-B93B-Ae6465D32095,51,Other,Standard,1.23,4,South America,Laptop,13.99,0,Credit Card,5,0.25,Romance
A2E3E19D-086E-4E27-9Fcd-4677C429156F,20,Male,Basic,0.76,28,Asia,Laptop,8.99,1,Paypal,3,0.03,Drama
559D5073-6Ed9-4E7A-Ab5C-4Cabe918406B,26,Male,Premium,6.15,42,South America,Mobile,17.99,1,Gift Card,2,0.14,Drama
6Be63F37-9C93-4781-B9D3-Ee6E4170A2C5,50,Female,Basic,6.01,43,Asia,Desktop,8.99,1,Crypto,1,0.14,Sci-Fi
0Ba4451F-8Bef-4373-99E9-338665B1Faaf,60,Other,Standard,82.61,33,North America,Mobile,13.99,0,Paypal,3,2.43,Sci-Fi
D4A3Ccb8-D383-49Aa-8B56-259C70E96Ec1,50,Female,Standard,8.21,22,Oceania,Mobile,13.99,0,Paypal,5,0.36,Action
1B5E5Fe1-2E6D-44D7-9A7C-E5Bccbfe2C6D,53,Other,Basic,11.01,44,Europe,Desktop,8.99,1,Credit Card,1,0.24,Sci-Fi
Febcc30F-5Bb3-4977-Ba96-F546920D93C9,55,Other,Basic,0.21,34,South America,Laptop,8.99,1,Debit Card,5,0.01,Horror
362B51E7-E0Eb-49F2-Aa16-2E94B8062820,34,Male,Standard,1.22,9,North America,Desktop,13.99,0,Debit Card,5,0.12,Action
759Ff976-7636-4958-8A91-Acb48Aa80Dfe,49,Female,Basic,9.81,39,Oceania,Tv,8.99,1,Paypal,5,0.25,Sci-Fi
33522Bd5-Ca92-4999-9077-Ded7F2Fb1E49,55,Other,Premium,3.15,51,Asia,Tablet,17.99,1,Debit Card,5,0.06,Sci-Fi
32D86B8C-Cf94-4D2E-9963-Baae45C6B1Ea,61,Male,Basic,1.1,2,South America,Laptop,8.99,1,Paypal,5,0.37,Romance
B58920D7-B06E-4602-8F17-6351Acee76Bb,33,Female,Standard,32.18,29,South America,Desktop,13.99,0,Paypal,1,1.07,Action
40426E9F-3686-43A6-B231-F0D6D435Df43,34,Male,Premium,3.58,4,Europe,Desktop,17.99,0,Gift Card,1,0.72,Sci-Fi
34Ce66Fa-96D9-43D5-A840-7D0F624E6686,69,Male,Basic,1.07,47,Europe,Mobile,8.99,1,Paypal,2,0.02,Action
9Ae7D36B-12F9-4D0D-A13E-Dbade0Db9F8E,59,Male,Standard,14.46,28,Oceania,Laptop,13.99,0,Crypto,2,0.5,Horror
06571E46-9Baa-43E8-A233-E03930636B84,59,Female,Basic,2.44,55,Africa,Tablet,8.99,1,Crypto,1,0.04,Comedy
3Fd709E6-3919-422B-A31F-5D087936D68B,21,Other,Premium,6.14,7,Europe,Desktop,17.99,0,Crypto,4,0.77,Documentary
8701Ef59-597F-4Cb4-Abf3-C2Fac543E7E4,58,Other,Premium,12.9,38,Oceania,Laptop,17.99,0,Credit Card,4,0.33,Romance
Cd226887-22A7-4F48-Ab87-03E7B874B9Cb,20,Other,Standard,5.31,25,Asia,Tv,13.99,0,Credit Card,3,0.2,Comedy
2Eba8457-300A-470E-Add1-A90F68E6B02A,31,Other,Basic,2.36,46,North America,Tv,8.99,1,Credit Card,2,0.05,Romance
115385Ba-4D05-41C3-8437-4C6892265Daa,69,Male,Premium,0.24,20,Oceania,Tv,17.99,1,Gift Card,1,0.01,Sci-Fi
D42B27Cf-7D96-4Bd9-8752-2A3E2Dbc0Def,68,Male,Premium,18.88,34,Asia,Tv,17.99,0,Paypal,4,0.54,Horror
64C6A3D1-570A-4835-9F8A-295E5F4F5607,32,Female,Standard,11.47,4,Asia,Laptop,13.99,0,Paypal,1,2.29,Drama
1Ab284De-6A45-4A1E-Bccb-F31C7E8304B9,67,Other,Premium,8.28,59,South America,Tv,17.99,1,Gift Card,3,0.14,Documentary
3Da7720A-A9Fb-48F9-835C-45D6Eba9A95C,19,Male,Premium,29.48,60,Africa,Laptop,17.99,0,Gift Card,3,0.48,Drama
501815Fc-7Cd1-4680-8C34-93A69E69F7Eb,37,Male,Standard,8.39,8,Oceania,Desktop,13.99,0,Crypto,5,0.93,Action
8A86D03A-5E09-42Ff-Bd95-E5195E959450,35,Female,Premium,26.28,23,Europe,Desktop,17.99,0,Debit Card,1,1.09,Drama
9Aaa979E-72Ef-477C-B2Ea-E1E373A1533E,51,Male,Premium,3.79,2,Asia,Laptop,17.99,0,Credit Card,3,1.26,Sci-Fi
Dcf5F39E-43D4-4D3E-Bd9A-217B4Ef016B8,37,Male,Basic,37.37,52,Africa,Desktop,8.99,0,Paypal,3,0.71,Drama
193Ff2D8-D842-4028-837D-B13263E2F08F,60,Female,Basic,21.66,11,South America,Desktop,8.99,0,Crypto,2,1.8,Comedy
8798F187-18Cb-42Aa-A3Bf-698Dfd72A880,45,Female,Premium,3.45,3,Africa,Desktop,17.99,0,Crypto,3,0.86,Horror
81Ff625A-3B7D-4D84-8A40-C0E42881Eab7,44,Male,Basic,19.82,43,South America,Mobile,8.99,1,Paypal,2,0.45,Comedy
Af59C21C-5C00-4051-B1A8-96B84B8C46Be,26,Female,Premium,4.78,18,Oceania,Mobile,17.99,1,Gift Card,4,0.25,Sci-Fi
25Af57E2-B956-4155-Bf4C-3D7687B5D3B8,69,Other,Premium,32.54,45,South America,Tablet,17.99,0,Crypto,4,0.71,Documentary
4Fc64B59-3F7E-4560-B434-027440Fd4E30,18,Other,Standard,4.64,21,North America,Laptop,13.99,1,Debit Card,3,0.21,Documentary
E8Dd552E-5B29-4C98-B499-Ac4Be92Ea012,33,Male,Standard,2.71,22,Europe,Mobile,13.99,1,Crypto,3,0.12,Drama
2A0D5401-4F2F-49E7-811E-F0Ea4Fe51A48,39,Male,Basic,22.24,47,North America,Laptop,8.99,1,Debit Card,3,0.46,Action
1Feead91-6D5B-4113-84F7-8A01C3112Fa4,22,Male,Standard,13.78,0,Oceania,Tv,13.99,0,Paypal,2,13.78,Sci-Fi
5508C3B7-0927-40Eb-9E4F-B9Fed144Ab44,62,Female,Basic,5.64,36,Europe,Tablet,8.99,1,Gift Card,5,0.15,Horror
47Fe2C0B-Aac3-4406-9D6F-Fac41Aa6Ef9B,32,Other,Basic,41.97,34,Europe,Desktop,8.99,0,Credit Card,1,1.2,Horror
Ec4B1929-7Af9-4042-Af0D-580378D7Fd70,64,Male,Premium,0.01,16,Africa,Tv,17.99,0,Paypal,5,0.0,Horror
B81D84E9-720C-4Ebf-88D1-76Fb220Fec64,58,Male,Premium,2.83,58,North America,Tv,17.99,1,Gift Card,4,0.05,Romance
Dc750F45-8D0F-4D97-9C14-5F2C12B388Df,35,Male,Premium,9.29,20,Africa,Tablet,17.99,0,Debit Card,4,0.44,Comedy
35183E0C-9D34-4De7-8E56-C02D8150D52A,59,Female,Standard,30.59,37,Asia,Tablet,13.99,0,Paypal,1,0.81,Comedy
Ea0Ee4Eb-Bc26-492D-A755-E024Bd41Fc86,33,Male,Premium,12.28,43,Africa,Tv,17.99,0,Paypal,4,0.28,Comedy
E68Ca7Ad-262C-4Faa-8F72-31Acf9B3520C,60,Female,Premium,3.92,7,North America,Tv,17.99,1,Crypto,2,0.49,Comedy
5Cbb9981-6F2D-424F-Af91-Af52901B2F54,65,Female,Basic,4.12,9,South America,Tablet,8.99,1,Credit Card,5,0.41,Romance
C7D5Fd94-65A7-44D0-9950-Cbd4A81Baefc,49,Male,Standard,24.88,36,North America,Mobile,13.99,0,Gift Card,3,0.67,Comedy
5Ff73D3C-2Fab-46F6-9B67-48982872780E,25,Male,Premium,12.73,59,Africa,Tv,17.99,0,Paypal,5,0.21,Documentary
1D278Ed7-0Ab6-4012-8Ab9-58513B6242E1,46,Other,Premium,2.98,12,Europe,Laptop,17.99,1,Debit Card,2,0.23,Action
37371173-515B-475E-Afc8-832445A40A2A,19,Male,Premium,17.42,40,South America,Desktop,17.99,1,Paypal,3,0.42,Drama
175442F3-3430-402E-8032-Bd875F2163C2,47,Male,Standard,3.71,54,South America,Desktop,13.99,1,Crypto,5,0.07,Action
74C58C56-4Bbd-4E7C-8Ff9-1853E03F0E7B,51,Other,Basic,8.34,33,Europe,Tv,8.99,1,Credit Card,1,0.25,Documentary
1367Ea74-884B-4Db8-B4Be-43A00413F280,32,Female,Standard,5.93,41,Europe,Mobile,13.99,0,Paypal,4,0.14,Action
B5632911-Eebb-4Df5-98E5-68Ba421Fee57,59,Female,Basic,19.32,36,North America,Tablet,8.99,1,Paypal,3,0.52,Comedy
10B6A948-69Ee-4074-8E15-C15Ce0304F8F,64,Female,Standard,8.53,48,North America,Tablet,13.99,0,Debit Card,4,0.17,Romance
05Cc6F25-3Ad7-48E3-B37D-Cd542F0Facd8,29,Female,Standard,6.13,9,North America,Mobile,13.99,0,Gift Card,3,0.61,Sci-Fi
1170Be2F-64E5-4819-856D-961Cd44A38D4,57,Male,Basic,4.35,39,South America,Laptop,8.99,1,Debit Card,1,0.11,Action
C6A8E5Fa-5432-47Ce-B361-Ae6096451A27,49,Other,Basic,76.16,13,North America,Tv,8.99,0,Paypal,5,5.44,Comedy
Ec9Db0F2-3043-427D-A332-28Ec111524De,65,Female,Basic,2.39,26,Europe,Mobile,8.99,1,Gift Card,3,0.09,Horror
2773E85D-C7Cf-4A74-885E-E2F0D15C50F5,21,Female,Premium,5.25,53,Oceania,Tablet,17.99,1,Debit Card,2,0.1,Comedy
82F97023-7Abf-4356-9B04-437F708C843A,66,Other,Standard,16.52,56,Asia,Desktop,13.99,1,Gift Card,5,0.29,Sci-Fi
7Cdbbdf7-D057-4B7F-B595-38A19016Ad63,69,Other,Standard,8.57,40,Oceania,Tablet,13.99,1,Paypal,3,0.21,Drama
7D6Adea2-0428-4B69-B74A-83Be5A20Dcdd,38,Female,Standard,1.69,12,Africa,Mobile,13.99,1,Debit Card,3,0.13,Drama
58C2D13E-80D1-4D13-Ba1B-C10Fdb76845D,63,Female,Basic,15.81,9,Europe,Mobile,8.99,0,Paypal,3,1.58,Comedy
Fd0Bbc67-8B8E-4Ced-Ae4B-67E27C0E854E,31,Male,Premium,5.04,28,Europe,Laptop,17.99,0,Debit Card,3,0.17,Sci-Fi
0B3Ee497-E62E-42De-907D-169Ab8C05E41,42,Male,Premium,2.81,32,Europe,Desktop,17.99,1,Gift Card,2,0.09,Comedy
578A0A90-3Fed-4C72-Ba24-Bb08903F1D4E,48,Male,Premium,19.56,58,Europe,Mobile,17.99,1,Credit Card,1,0.33,Action
7A9A43Fb-A99F-4468-A7Df-8B037E5723D7,67,Female,Standard,10.88,30,South America,Tv,13.99,0,Gift Card,5,0.35,Romance
9Bdf15Cd-9Bb1-498F-Ae9F-182F09Db433A,70,Other,Basic,5.74,48,South America,Tv,8.99,1,Gift Card,5,0.12,Comedy
C3F7Aa56-F0Bd-416C-8351-B4A71Bb9Cc03,49,Male,Premium,8.49,7,South America,Laptop,17.99,0,Crypto,1,1.06,Sci-Fi
B21933F8-6D51-47A5-8Cc3-800B518Ebd77,46,Male,Standard,14.29,35,South America,Desktop,13.99,0,Debit Card,5,0.4,Sci-Fi
816F0519-7F1F-4840-B216-B8C08471D1C9,31,Female,Premium,9.95,6,North America,Mobile,17.99,0,Debit Card,2,1.42,Documentary
Fbf49131-0D40-4538-B833-61F2853232F7,41,Female,Standard,18.04,49,South America,Tv,13.99,0,Paypal,4,0.36,Romance
Fca823B8-3Edd-4563-A0Cf-B232Af5E2B5B,62,Female,Standard,35.13,4,Europe,Desktop,13.99,0,Crypto,4,7.03,Comedy
003A0B79-Bbe0-4Fc3-A472-6F41163304F6,38,Female,Premium,34.08,1,North America,Laptop,17.99,0,Credit Card,4,17.04,Drama
9Df42Ee9-00E2-45Dc-90A7-F5111Edb1Dd4,45,Female,Premium,17.83,45,Europe,Tv,17.99,1,Debit Card,1,0.39,Drama
A5274505-Ce99-404D-91D2-7Eb2B196C891,20,Female,Premium,9.96,17,North America,Tv,17.99,0,Gift Card,4,0.55,Horror
Ab0B6855-52B4-4535-Bde3-Ef4E0941742B,18,Male,Premium,23.07,8,South America,Tv,17.99,0,Credit Card,1,2.56,Drama
B69Cfa34-4Ed4-4990-91Ba-4E92Acf4365D,28,Female,Premium,28.72,40,South America,Laptop,17.99,0,Gift Card,2,0.7,Romance
9Ec86251-A006-474A-A64E-Cdca8F8C125D,34,Other,Standard,26.66,55,North America,Desktop,13.99,0,Paypal,2,0.48,Comedy
28Da7E28-603E-4B58-90D9-084Ffdc09314,53,Female,Basic,0.33,35,Oceania,Mobile,8.99,1,Credit Card,1,0.01,Action
168A2180-Feec-4B0E-82E7-A717621851Ad,56,Other,Basic,29.0,23,Oceania,Tablet,8.99,0,Gift Card,4,1.21,Action
66B059D7-75Da-4083-Ae90-Baf7321930Ba,29,Female,Basic,1.88,46,Asia,Desktop,8.99,1,Crypto,4,0.04,Sci-Fi
1Fda63Bb-9Af0-4C63-B275-92E1711D8C2F,62,Female,Premium,5.81,29,Asia,Laptop,17.99,0,Paypal,2,0.19,Drama
1E5Ea5Bb-78D0-44D0-8Ed9-1Ab9Ee0F5Ec6,40,Male,Basic,23.44,40,North America,Tv,8.99,0,Gift Card,4,0.57,Horror
3E7541Bd-Bfd7-4C88-A7F6-Bcdb0C97507A,54,Other,Premium,4.79,49,Africa,Tv,17.99,1,Gift Card,4,0.1,Action
5Ce962Cf-4737-4Fed-B993-De3E16546C74,63,Female,Basic,24.97,23,South America,Mobile,8.99,0,Credit Card,1,1.04,Sci-Fi
3Fe2608C-C96B-44Ba-9Bd4-3B9815Ca30A8,34,Male,Basic,12.84,42,North America,Mobile,8.99,1,Paypal,4,0.3,Sci-Fi
0518F586-Beca-4A14-89Bc-B8084Bcf6599,29,Female,Basic,18.68,51,South America,Tablet,8.99,1,Paypal,3,0.36,Sci-Fi
2841Bec1-E995-44C2-A8A3-461E3Eb33Cb6,31,Male,Premium,2.7,51,Europe,Tablet,17.99,1,Crypto,5,0.05,Horror
79834450-F52D-498E-902B-Cb69D3F6C6A4,26,Female,Premium,16.27,34,Asia,Mobile,17.99,1,Crypto,3,0.46,Drama
2Efa1510-6349-40Ab-8C60-5B5Abec779A6,23,Male,Premium,16.01,2,Europe,Laptop,17.99,0,Paypal,1,5.34,Sci-Fi
2Adb38Da-C9E8-43Dc-B500-4Ebdfc5187E1,45,Male,Basic,1.98,53,Europe,Laptop,8.99,1,Crypto,5,0.04,Documentary
Fa4Ec32F-55E7-4609-Bb12-293D41B042F6,22,Male,Standard,39.11,13,South America,Mobile,13.99,0,Crypto,2,2.79,Drama
54Ef27F9-1C05-4E92-8B3D-Adbaf901C73F,62,Female,Premium,6.17,1,Asia,Tv,17.99,0,Debit Card,2,3.08,Comedy
6A973E51-C068-46F4-92F7-8Eec5D2028Cd,33,Female,Premium,14.93,7,Europe,Laptop,17.99,0,Debit Card,3,1.87,Action
6C9531Ae-10Ec-45Cf-99Bc-971287Abef2A,68,Other,Premium,25.21,50,Europe,Mobile,17.99,0,Credit Card,4,0.49,Drama
B6B5Ba74-46Cf-4Df3-Aeae-C16D3338D3E3,59,Other,Premium,2.45,51,South America,Laptop,17.99,1,Debit Card,5,0.05,Action
04Df6B31-22Ff-4A64-B1F9-Fde97Eed25F8,37,Other,Standard,26.94,12,Africa,Desktop,13.99,0,Gift Card,3,2.07,Documentary
Aa9475E4-00E1-4E7C-9C1B-780632D33B3D,39,Male,Basic,7.67,27,Africa,Tablet,8.99,0,Credit Card,3,0.27,Comedy
Aa019Cbc-24D5-4898-93Ee-5B2F4B89Ef68,47,Other,Standard,2.11,24,Africa,Mobile,13.99,1,Crypto,4,0.08,Comedy
F8B2Fc02-C42F-48C0-A07B-56E4D8Eb9D85,64,Male,Basic,22.69,43,South America,Mobile,8.99,0,Paypal,2,0.52,Drama
57E85Db6-Af70-499C-9D7D-C89Dcc29A52D,55,Male,Standard,0.53,32,Asia,Mobile,13.99,1,Credit Card,5,0.02,Drama
86B5D63B-5Dd5-4D9B-907E-Ef44A55E3C9E,55,Other,Basic,12.26,1,Oceania,Desktop,8.99,0,Paypal,1,6.13,Comedy
15E35649-01D8-4A27-849B-6Aab102Fce77,56,Male,Standard,9.97,10,Asia,Mobile,13.99,0,Credit Card,5,0.91,Action
5Bf04Dcf-B209-4833-A2B7-Be6C11Aa6A41,38,Female,Standard,2.44,11,Oceania,Laptop,13.99,1,Gift Card,5,0.2,Documentary
3Cf947Ab-E2D5-43Cf-8Dee-E8B8566D5Dee,56,Other,Premium,18.15,40,North America,Mobile,17.99,0,Paypal,4,0.44,Drama
3A5Fcf0B-57A7-4E8D-8Afd-7Bcf84B8Adc5,63,Female,Standard,32.06,24,Europe,Desktop,13.99,0,Debit Card,3,1.28,Documentary
61Ae1E60-0D02-409B-B105-B64C3F2Ecf90,38,Male,Premium,5.89,2,Europe,Desktop,17.99,0,Crypto,1,1.96,Romance
884C5Fad-A79E-457F-Be31-813997B37Cf6,34,Male,Basic,8.25,27,Europe,Tablet,8.99,0,Credit Card,5,0.29,Comedy
3414E470-95A7-4043-B8Ce-B7C876Fa0969,33,Male,Premium,1.42,50,Asia,Mobile,17.99,1,Gift Card,3,0.03,Comedy
2A4F3F62-Fb1C-4854-B2D0-8078586F0Eff,43,Male,Standard,12.79,36,Africa,Tablet,13.99,0,Credit Card,5,0.35,Documentary
6D118C34-Ab50-4536-A2A2-B07A214E2343,43,Female,Standard,5.74,6,Oceania,Mobile,13.99,0,Credit Card,3,0.82,Drama
147Bda63-2552-4E10-A3D7-3Ad43264B5E2,26,Female,Premium,2.99,59,Asia,Tv,17.99,1,Debit Card,3,0.05,Action
43711252-D3Df-41Aa-98Bf-B17Bd33Ad95E,23,Other,Standard,39.63,20,Asia,Tablet,13.99,0,Credit Card,3,1.89,Sci-Fi
755Df1C3-0358-4107-9E92-D5Bcc92E25Ff,39,Female,Standard,15.89,21,Oceania,Desktop,13.99,0,Gift Card,4,0.72,Sci-Fi
A29Dec9D-Fc5A-4D29-9C63-5D4465De58C6,28,Male,Basic,11.24,37,Asia,Tablet,8.99,1,Crypto,4,0.3,Horror
4E50Ad61-F951-418F-88Ca-Cbdaf2B57E8D,63,Female,Basic,1.07,5,South America,Tv,8.99,1,Credit Card,4,0.18,Action
Cc3Ba241-0Ca3-40B2-A1F9-A8E88Cb724E8,66,Other,Standard,9.88,25,Europe,Mobile,13.99,0,Credit Card,3,0.38,Action
A8Eeb6Ff-E4E6-4Fa6-B4Dd-2147D66E5234,62,Other,Premium,3.8,58,Africa,Desktop,17.99,1,Debit Card,4,0.06,Comedy
81A4Ab80-32Bd-4D9A-9E23-6Cecbebf2173,57,Female,Standard,3.47,36,South America,Tablet,13.99,1,Crypto,4,0.09,Romance
9677Ed5D-0Bf2-4Ccc-92Ca-C176E3Ed5Ab2,49,Male,Basic,1.64,32,Europe,Laptop,8.99,1,Paypal,5,0.05,Drama
Bc860Dfd-B813-4828-A17C-0B55C994De44,30,Male,Standard,10.47,50,Africa,Mobile,13.99,1,Crypto,4,0.21,Sci-Fi
A5F996C0-05A7-4654-B5Ee-46B897Cfbb83,23,Other,Basic,18.23,47,Asia,Tablet,8.99,1,Debit Card,4,0.38,Romance
Ac99A3E4-Fbf6-4B32-82Cc-76D8D2D528F1,57,Other,Premium,16.09,30,Europe,Desktop,17.99,0,Crypto,1,0.52,Horror
Dc8A8278-A2Ed-47B1-Aa4F-C0693A216B8F,63,Male,Standard,11.89,52,Europe,Laptop,13.99,1,Debit Card,1,0.22,Romance
19F92E26-27Ea-420A-803A-Fffce53367A5,69,Other,Basic,2.95,40,North America,Mobile,8.99,1,Crypto,1,0.07,Documentary
1Ada8Db6-B7B4-4Bfc-Ae3D-600E0Fce87C6,42,Other,Premium,25.84,59,North America,Tablet,17.99,0,Paypal,3,0.43,Comedy
9E87A156-02Ad-45A1-B98F-E218859F3D38,64,Male,Premium,14.53,29,South America,Tv,17.99,0,Credit Card,2,0.48,Horror
Eb5B6E30-6Cc5-4Abf-A0E0-99Faac5951E6,41,Male,Basic,9.42,19,South America,Mobile,8.99,1,Paypal,1,0.47,Documentary
4Abe31Be-3910-4Fe0-9B6B-17481304F2C6,23,Female,Premium,5.81,45,Asia,Laptop,17.99,1,Crypto,2,0.13,Comedy
99E90Dad-2Eaa-46E0-838A-Ed38065Dcef8,37,Female,Basic,4.76,41,Asia,Desktop,8.99,1,Paypal,3,0.11,Romance
012Bcaff-F27C-444F-Bba9-0E8D362980D6,20,Female,Premium,1.22,50,Europe,Laptop,17.99,1,Crypto,3,0.02,Sci-Fi
67370C23-Ea2C-4Fae-A662-Bac10E67Fb5D,40,Female,Premium,3.93,30,North America,Tablet,17.99,0,Debit Card,4,0.13,Documentary
D58C60E4-282F-48Df-A284-F965335453A6,37,Other,Premium,5.97,57,Oceania,Desktop,17.99,0,Credit Card,5,0.1,Action
2A7592D1-A98B-47F9-9B78-1Da8608E4Ba2,49,Other,Standard,9.91,14,Europe,Laptop,13.99,0,Credit Card,3,0.66,Documentary
Fb89A317-D2A8-4415-B75B-923Bc1F30E87,32,Male,Basic,4.0,26,Africa,Desktop,8.99,1,Gift Card,2,0.15,Horror
Eae91E7A-6C46-4327-B6D4-A5Ad5D813D39,43,Other,Standard,12.39,31,Europe,Tv,13.99,1,Paypal,3,0.39,Comedy
C2E7C00E-Db9D-4789-89Ad-76D415275D8D,18,Female,Basic,3.68,60,South America,Laptop,8.99,1,Debit Card,4,0.06,Action
95B33D84-4E8C-487C-80E1-3612C7911294,70,Male,Standard,10.5,55,South America,Mobile,13.99,0,Debit Card,5,0.19,Horror
9691B88B-4Dcc-4C06-A61B-7703Cc740491,60,Other,Basic,28.75,39,Europe,Tablet,8.99,0,Debit Card,4,0.72,Action
819A11D2-8939-4883-84Fb-7983E1326Cbb,26,Other,Premium,6.46,27,Africa,Tv,17.99,0,Debit Card,5,0.23,Drama
09Cb6244-Abf9-46B2-98Fe-24E87B26170E,56,Other,Standard,4.44,29,South America,Tablet,13.99,0,Debit Card,4,0.15,Action
Eb9C8E47-3F0F-4851-95Fc-9Edd7Ff39Aa2,22,Other,Standard,3.31,35,Europe,Desktop,13.99,1,Crypto,2,0.09,Romance
D2947208-73Ad-4E8C-9665-809F51D636Fb,44,Female,Basic,50.38,53,North America,Mobile,8.99,0,Crypto,4,0.93,Horror
Cc7Fca45-D81C-4971-8Fd7-2A953250De71,44,Male,Standard,0.91,39,North America,Laptop,13.99,1,Crypto,2,0.02,Comedy
28Da3Fe8-E182-4B9E-874C-0Ac4C7Cdf9Cd,56,Male,Basic,10.45,38,Europe,Tablet,8.99,1,Paypal,4,0.27,Sci-Fi
6Ef6129F-8D85-4Be9-A20A-Bd1E67689Ab7,32,Female,Premium,8.77,50,Asia,Tablet,17.99,1,Credit Card,3,0.17,Drama
Bead6A43-11A4-4F53-Af77-0D537Fe06928,32,Female,Premium,9.11,40,North America,Tv,17.99,1,Paypal,3,0.22,Romance
E2F70790-F0Ed-4Ad8-8985-Bc89Def534A9,29,Other,Basic,12.54,26,North America,Tablet,8.99,0,Debit Card,2,0.46,Sci-Fi
8710F794-E3Ec-4Fd0-B4Aa-F9Feff298048,26,Other,Standard,18.76,34,Europe,Tablet,13.99,0,Credit Card,2,0.54,Romance
35Ccb42A-5B8F-4A56-B979-56Ef4Df94413,47,Male,Standard,0.18,50,Africa,Desktop,13.99,1,Paypal,4,0.0,Horror
3032Fb1B-Eee1-4E0B-8B51-30B6A52Cd563,55,Other,Premium,1.43,60,Asia,Laptop,17.99,1,Debit Card,1,0.02,Romance
A47B3283-A619-43F4-8Ae0-B649Ee493A8E,68,Female,Premium,5.94,23,Oceania,Mobile,17.99,0,Gift Card,5,0.25,Horror
E27F7Ce7-451E-43A1-921D-805411Db2E25,57,Other,Premium,10.89,3,North America,Desktop,17.99,0,Crypto,5,2.72,Sci-Fi
985405Ca-0C9A-41Bb-B747-4C142F3E339A,46,Female,Basic,35.85,39,Asia,Tablet,8.99,0,Credit Card,1,0.9,Sci-Fi
D8A243E7-F547-459A-929C-4105Fd3F8B38,65,Male,Basic,8.06,24,Africa,Tv,8.99,0,Paypal,4,0.32,Sci-Fi
Ca6B3804-Bb03-4B9B-B835-76B2Fe647189,60,Other,Premium,11.77,18,South America,Laptop,17.99,0,Crypto,1,0.62,Comedy
1Bbee03C-Aa9A-43Ba-A760-10D789B2Bb68,47,Female,Premium,2.25,53,Europe,Mobile,17.99,1,Gift Card,2,0.04,Romance
B8C8C57B-903F-448B-88Fc-0313C24694B7,24,Other,Standard,10.72,40,Asia,Tv,13.99,1,Debit Card,3,0.26,Comedy
39414F09-6Fcd-4D7E-A1F0-F4345620Df82,21,Other,Standard,2.77,8,Africa,Tv,13.99,1,Gift Card,4,0.31,Horror
B4Aebd19-20Bf-4D4E-A458-45038B95A910,54,Other,Standard,13.19,10,North America,Tablet,13.99,0,Gift Card,2,1.2,Action
4Ca1Ccbe-5E66-4Bdc-B1D4-282060B755Ed,67,Female,Premium,2.34,54,South America,Mobile,17.99,1,Credit Card,4,0.04,Documentary
C5Bfe476-A505-42D5-8A63-9Ec89B17D347,67,Other,Premium,16.71,9,Europe,Tv,17.99,0,Crypto,4,1.67,Romance
2D9E4Af8-9F66-4585-9E71-D42609937Bb8,37,Male,Premium,4.12,28,Oceania,Mobile,17.99,1,Paypal,1,0.14,Drama
0Bf9C06D-E909-461D-9505-147648Fc9E80,46,Male,Premium,3.84,15,Africa,Mobile,17.99,0,Paypal,4,0.24,Documentary
730C39Fa-5F30-44A1-9Ca8-0Fb76E80Cd16,37,Male,Basic,17.29,49,North America,Tablet,8.99,1,Paypal,3,0.35,Horror
Dd50E0B3-Cece-4441-881F-09Eee537B752,64,Male,Basic,7.29,18,Asia,Laptop,8.99,0,Paypal,2,0.38,Sci-Fi
7Ebf8B63-C79A-41B3-B418-E06465B5D3Ee,64,Male,Standard,54.34,9,Asia,Desktop,13.99,0,Debit Card,3,5.43,Documentary
95F04Ac9-D1Ae-4D72-874A-8E2927626532,50,Male,Basic,2.05,59,North America,Tv,8.99,1,Debit Card,5,0.03,Action
A76291Ab-Bfb6-4Bb9-8467-2C5C89Ce0C01,31,Other,Premium,8.18,43,Europe,Desktop,17.99,1,Paypal,1,0.19,Horror
3D0Adeac-Cb46-4796-8548-B37987C94581,44,Female,Basic,1.75,52,Africa,Tv,8.99,1,Crypto,5,0.03,Drama
54B96Af4-Ca5C-4846-A42D-4D6F8698163D,64,Male,Basic,24.36,32,Oceania,Laptop,8.99,0,Crypto,3,0.74,Sci-Fi
E6A7Df09-1068-494E-86B1-382393Fc5Ee9,54,Other,Standard,5.07,20,Asia,Tablet,13.99,0,Credit Card,5,0.24,Documentary
B96E7Dcf-5D14-4745-Bb48-28C661562440,69,Male,Standard,17.01,47,South America,Laptop,13.99,1,Crypto,2,0.35,Drama
Ad17Bae3-Ef4B-43Ea-95F6-C26Fd969493E,65,Male,Basic,0.14,16,South America,Mobile,8.99,1,Gift Card,1,0.01,Drama
2Cb5D01B-9A5A-4270-A03F-D487Eb11Ae88,58,Other,Premium,23.9,38,North America,Tv,17.99,0,Debit Card,1,0.61,Romance
B832A589-8Dc2-48A0-8A58-25D1035941Ec,21,Female,Premium,4.12,35,North America,Laptop,17.99,1,Gift Card,2,0.11,Comedy
728A8191-97Ca-408B-882E-F8F5Ec540146,28,Female,Premium,29.83,32,North America,Desktop,17.99,0,Crypto,4,0.9,Drama
10D74E3D-D297-4008-9A90-Bd424Fd2423E,70,Female,Premium,7.13,29,Africa,Desktop,17.99,0,Paypal,5,0.24,Action
8492A1Da-4C16-458F-B27F-7F3127B402Bb,69,Other,Basic,9.77,12,Oceania,Desktop,8.99,0,Credit Card,3,0.75,Romance
Ac9E9C4B-A50E-4C0C-9F68-D0A2B3A657F5,28,Male,Basic,13.44,20,Oceania,Tv,8.99,0,Credit Card,1,0.64,Comedy
Ccddfb15-797A-4E9E-B571-4675290B071D,42,Female,Standard,4.16,46,Asia,Laptop,13.99,1,Debit Card,5,0.09,Horror
414F08D4-5A4C-4113-B152-09813060F9A4,27,Male,Basic,0.4,9,Oceania,Tablet,8.99,1,Debit Card,5,0.04,Action
16Bb271F-9990-42Ef-A49E-5563Fb1D11B9,30,Male,Basic,0.39,4,Africa,Mobile,8.99,1,Credit Card,2,0.08,Comedy
724493Ea-Fdfc-4Cb1-914C-4F157F8803A8,41,Other,Basic,1.06,30,Asia,Tablet,8.99,1,Debit Card,4,0.03,Horror
525028B4-Ea2D-463F-892F-86A839621Ee9,27,Male,Basic,26.34,18,North America,Desktop,8.99,0,Gift Card,2,1.39,Romance
Ea3Decc3-11Cf-464E-8B9B-91E394E97D41,57,Female,Basic,7.46,10,Asia,Desktop,8.99,0,Debit Card,1,0.68,Comedy
Ad8Bfdb0-341B-4C9C-8E83-D96Aed9203E5,69,Male,Basic,24.18,56,Europe,Laptop,8.99,1,Gift Card,2,0.42,Romance
B146Adf9-Cdfd-48D7-Bc1C-0748Cca548B2,38,Male,Basic,15.01,11,South America,Tv,8.99,0,Debit Card,3,1.25,Documentary
B488Bac9-04C0-425B-A671-70598580C686,55,Female,Premium,3.72,54,North America,Laptop,17.99,1,Crypto,5,0.07,Action
D29365Dc-C4E0-4B7E-A094-B3Aee49A99F4,26,Female,Basic,0.11,55,South America,Laptop,8.99,1,Crypto,4,0.0,Sci-Fi
63F9D986-7068-49E3-B822-Fab8E0A49Bc1,31,Male,Basic,7.69,57,Africa,Desktop,8.99,1,Debit Card,2,0.13,Comedy
D2Bbf3A7-D910-4D8B-B554-497251508886,36,Other,Standard,3.89,37,South America,Tv,13.99,1,Crypto,3,0.1,Romance
0Ceddb1D-533E-46Bc-967F-823B87B432Fa,70,Other,Basic,13.74,44,South America,Mobile,8.99,1,Paypal,3,0.31,Romance
9747Ed12-6F16-46Af-8C59-C54Fcd947B73,49,Other,Premium,18.55,50,North America,Tv,17.99,1,Crypto,3,0.36,Sci-Fi
08Dbcf43-5Ce6-4326-A997-8Da4Cf6F731F,47,Female,Standard,13.27,26,Oceania,Laptop,13.99,0,Credit Card,3,0.49,Documentary
3C78A99F-E9A5-4F6A-9Bd4-9Bea5F137515,31,Other,Standard,15.37,4,South America,Laptop,13.99,0,Crypto,3,3.07,Comedy
99Cbb3De-Fe56-4704-82C1-Ffa8Dd5C7A36,40,Female,Basic,3.0,0,Oceania,Laptop,8.99,0,Debit Card,4,3.0,Drama
Ae2Fd5Ac-59E1-4433-B26B-3Ac43B42A4Bf,69,Female,Standard,9.43,1,Europe,Desktop,13.99,0,Credit Card,3,4.71,Action
0A82244E-E72E-46A5-9D96-76Eedc5674C6,19,Other,Basic,5.62,13,Europe,Tv,8.99,0,Paypal,4,0.4,Drama
8316D994-9295-49D6-B608-7A27856Fa6Cf,30,Male,Standard,4.62,46,Europe,Laptop,13.99,1,Paypal,3,0.1,Action
E1B71893-1F20-45Ab-B9E6-0Edacceaf9D3,29,Male,Basic,26.48,53,Africa,Mobile,8.99,1,Debit Card,3,0.49,Romance
00C85C4A-478B-411C-A06F-8D229Eea4684,62,Female,Standard,24.14,2,Africa,Desktop,13.99,0,Crypto,4,8.05,Horror
77601669-57Ba-4D83-822B-2C9D3Fbee785,38,Female,Premium,12.49,38,Oceania,Tv,17.99,1,Credit Card,1,0.32,Sci-Fi
Aa3D931E-F2C1-4A87-Ac26-F4Feed539178,47,Male,Premium,37.49,56,South America,Tablet,17.99,0,Crypto,5,0.66,Sci-Fi
4Abb2B16-B493-4D53-A738-9475Abc94756,64,Female,Premium,31.88,16,Europe,Mobile,17.99,0,Paypal,4,1.88,Comedy
Dbee2C1D-4003-4723-B0Db-0Cdd117D341D,21,Male,Premium,3.13,53,Asia,Mobile,17.99,1,Gift Card,4,0.06,Drama
06Ad36Eb-67Ec-4Eb4-93D7-Fa5C1A4Abded,22,Female,Basic,11.2,14,Africa,Tablet,8.99,0,Gift Card,4,0.75,Horror
74296717-7313-49B7-A0Ff-17281751B037,60,Other,Premium,14.41,41,North America,Tablet,17.99,0,Debit Card,4,0.34,Sci-Fi
10374C5A-0A9B-46C9-A19A-4B9Acbfe6322,27,Male,Premium,7.92,9,South America,Desktop,17.99,0,Debit Card,5,0.79,Horror
107F9E60-E4Ce-4Fe0-B90F-7F478B64E346,36,Female,Basic,9.02,32,Europe,Tablet,8.99,1,Paypal,2,0.27,Sci-Fi
E6F5Aad8-3D0D-482C-B377-0399C888F984,22,Female,Basic,5.59,57,South America,Desktop,8.99,1,Gift Card,3,0.1,Action
E88Ae0Bf-E5Ca-4295-Ab09-1Ea14E389B70,43,Female,Basic,3.17,30,North America,Laptop,8.99,1,Paypal,4,0.1,Romance
3C748Cc8-Fab5-41D0-971E-Eba32B247A66,50,Other,Standard,26.57,34,Africa,Mobile,13.99,0,Credit Card,5,0.76,Documentary
Bd3Ee325-8A00-419A-B1A6-E976080197F5,67,Male,Basic,7.17,41,Europe,Tv,8.99,1,Crypto,4,0.17,Comedy
Ce5F31E7-101E-4709-Ac71-B46Dfd8C8C59,59,Female,Premium,19.86,37,Europe,Mobile,17.99,0,Gift Card,3,0.52,Sci-Fi
F9Aae5F5-3F3B-4Afe-Ba24-4F313A94Ec46,33,Other,Basic,40.05,47,Europe,Tablet,8.99,0,Crypto,5,0.83,Horror
46942525-7197-40Ab-A5D1-79E46F5E09F4,50,Male,Standard,8.9,42,Oceania,Desktop,13.99,1,Gift Card,3,0.21,Horror
Eca3B2Cc-7Fa6-4731-93C2-C2Af38D448Ad,55,Other,Basic,22.18,29,Oceania,Mobile,8.99,0,Credit Card,3,0.74,Action
17F77859-2514-41C7-95Be-Cd3570D0025C,46,Female,Standard,4.38,37,North America,Tablet,13.99,1,Crypto,4,0.12,Romance
E0795841-Bcb5-499E-86E6-Cb0F87F9870F,51,Female,Basic,12.08,41,North America,Mobile,8.99,1,Debit Card,5,0.29,Horror
C76969Cd-336D-4838-A240-8002D91705F2,67,Other,Premium,6.7,30,Africa,Mobile,17.99,0,Credit Card,5,0.22,Comedy
74Dcb7C7-74C6-43E6-9034-D1A72Adad651,44,Female,Basic,9.03,49,Oceania,Desktop,8.99,1,Credit Card,2,0.18,Documentary
9Ee5C445-56Ec-4208-B47C-759C3B7F01Bb,58,Other,Standard,4.69,49,Africa,Tv,13.99,1,Crypto,1,0.09,Romance
999D8E4E-1E8E-46Fa-818E-9657Afcc0068,59,Other,Basic,7.17,31,South America,Mobile,8.99,1,Gift Card,3,0.22,Horror
A1743E4C-9E2C-4F48-A208-Dba3B8Df1C91,22,Other,Basic,25.18,39,Oceania,Tv,8.99,0,Debit Card,5,0.63,Action
32B42Dc3-6E82-44Bb-B5D0-F323244Aba7C,44,Female,Basic,7.25,19,Oceania,Desktop,8.99,1,Credit Card,1,0.36,Horror
1386123C-5F7C-459E-Ae51-08Ae5Fbe47Bb,63,Male,Premium,1.43,57,Asia,Tv,17.99,1,Gift Card,5,0.02,Comedy
B1298A61-B99B-4B75-A99A-Ad94966F69F6,57,Male,Standard,2.34,0,North America,Desktop,13.99,0,Debit Card,5,2.34,Sci-Fi
71F9B5Da-Cd65-4D82-Aadc-03Be9F0D0822,43,Male,Premium,14.21,11,South America,Tv,17.99,0,Paypal,3,1.18,Horror
Feb0Dafb-Ef3C-4Cd8-A3E4-530Babafb063,55,Female,Standard,5.36,42,Africa,Desktop,13.99,0,Debit Card,5,0.12,Horror
68Fd098E-D088-47Eb-B14F-Bd5E306322A0,19,Female,Standard,5.42,60,North America,Tv,13.99,1,Credit Card,1,0.09,Comedy
Ad293Cc0-F9C5-41Cc-B98B-D30104Acd571,64,Other,Premium,11.09,26,Africa,Desktop,17.99,0,Debit Card,5,0.41,Drama
2D709119-8028-4486-8E2C-D140C42A3E33,61,Female,Premium,1.91,52,North America,Tv,17.99,1,Debit Card,1,0.04,Romance
2619177E-Ff09-4D89-B00B-F61E7Dad8Bf9,44,Male,Premium,1.22,24,Oceania,Tablet,17.99,1,Crypto,3,0.05,Horror
A2Fa6Fbd-35F8-4Db0-Aff2-2673727Dc84C,40,Female,Standard,3.21,58,Europe,Desktop,13.99,1,Paypal,2,0.05,Action
Dc3A0A45-0717-4Baa-86F2-8D6573D5Cd0C,33,Female,Standard,13.21,21,Oceania,Tablet,13.99,0,Debit Card,4,0.6,Comedy
5Fa5Ca82-B81D-40Df-A054-96E09Acb28Ea,47,Other,Standard,8.01,11,Europe,Mobile,13.99,0,Gift Card,4,0.67,Horror
Ce71D08B-80B9-4B6A-A055-D07Ad964B74E,48,Other,Premium,6.53,55,Asia,Mobile,17.99,1,Gift Card,2,0.12,Documentary
3F0C299B-2856-4Fcd-9Da8-A1D19Afa1365,69,Female,Basic,20.61,37,South America,Tablet,8.99,0,Crypto,5,0.54,Romance
C298405C-4F93-4E45-B8Ce-De46Bc13B51A,37,Other,Basic,6.29,16,Africa,Tablet,8.99,0,Debit Card,2,0.37,Drama
107B7Ac2-D69A-482E-Ba42-0707D07983F5,36,Female,Standard,2.06,24,Africa,Laptop,13.99,1,Crypto,1,0.08,Romance
A9414457-2C36-4D97-8820-4Dcc8349368E,25,Other,Premium,0.57,53,North America,Mobile,17.99,1,Paypal,4,0.01,Romance
Db07D34D-D62E-4Cee-A65B-00F8A336C73B,37,Male,Basic,9.34,43,Asia,Tablet,8.99,1,Crypto,3,0.21,Sci-Fi
A1Fa1E89-C730-4C7F-B615-5Fc51F92Abfc,54,Male,Standard,3.6,39,North America,Mobile,13.99,1,Credit Card,3,0.09,Drama
Df2E5Ee6-A486-4Cd8-B452-959E63E397C6,67,Male,Premium,2.24,34,Africa,Tv,17.99,1,Crypto,2,0.06,Action
5Dbd7687-5F99-4393-93Cd-22Ad811B4D22,63,Other,Standard,3.8,57,North America,Tv,13.99,1,Crypto,3,0.07,Action
3F8F748F-Aae8-4Ebd-8E6D-A88Ed721F2Fd,69,Other,Basic,32.42,43,North America,Desktop,8.99,0,Credit Card,3,0.74,Action
Dfb72A40-99Ce-419C-8Bb8-A7E6D80F8D0F,45,Female,Basic,42.32,30,Asia,Tv,8.99,0,Crypto,4,1.37,Documentary
2C9893Fa-7934-40A5-8Ddb-85F934F5Dbe0,68,Other,Standard,3.68,53,South America,Tablet,13.99,1,Credit Card,3,0.07,Horror
45C38E06-D28C-46B6-B473-Bd983B259D4C,20,Male,Standard,2.97,35,South America,Tv,13.99,1,Paypal,2,0.08,Romance
64D85F24-42F8-48B1-8675-590Db42D23E5,18,Male,Standard,28.66,0,Oceania,Desktop,13.99,0,Gift Card,5,28.66,Drama
0Aa018D1-6F8D-493A-Bd1B-7D79B803Fd22,26,Other,Standard,2.0,11,Africa,Desktop,13.99,1,Paypal,3,0.17,Documentary
D50276Ec-30C4-4E33-94B1-68Cb83Eaf5A7,59,Other,Basic,5.65,37,Africa,Tablet,8.99,1,Debit Card,2,0.15,Comedy
76Cc2999-F28B-46Ee-B31D-A27407C1F421,36,Male,Premium,22.32,55,Asia,Tv,17.99,0,Gift Card,3,0.4,Drama
9Ae4Fd75-7402-4539-8D0D-A5D7D1Ac9596,51,Other,Premium,9.53,23,Oceania,Laptop,17.99,0,Credit Card,2,0.4,Comedy
1B9Db6E9-6522-4731-9474-7B1F63Da1Fc9,44,Male,Basic,21.72,0,Asia,Tablet,8.99,0,Crypto,2,21.72,Documentary
0C7A461A-E6F9-45C9-A1Ba-B9745A6B3B17,57,Female,Basic,1.22,8,Oceania,Tv,8.99,1,Credit Card,5,0.14,Horror
37Dd41Be-F537-46B1-8E2E-905604A8Cdad,24,Other,Premium,6.21,25,South America,Desktop,17.99,0,Paypal,4,0.24,Horror
2Fa9Fc55-Ecbd-428F-A0E6-7Ce6F60E8975,54,Female,Premium,22.73,39,Europe,Tv,17.99,0,Paypal,5,0.57,Sci-Fi
76F5Fba2-0349-4F73-84Aa-475Fa2F8C789,63,Male,Basic,0.24,21,Europe,Laptop,8.99,1,Credit Card,5,0.01,Action
Cf48D58A-217E-40C4-B6C5-72Bbbe03Fd56,20,Other,Standard,11.07,23,North America,Laptop,13.99,0,Paypal,1,0.46,Horror
Ac919Ac2-E711-45B2-8D74-F2D164585C15,37,Female,Standard,11.8,23,Africa,Laptop,13.99,0,Debit Card,3,0.49,Comedy
Dbdab0Cd-577E-49B5-B94E-4C5D8162C4F5,66,Male,Standard,7.95,47,Asia,Desktop,13.99,1,Gift Card,2,0.17,Documentary
D85E4916-857B-4008-B7A5-20Ea8157E9Af,36,Male,Standard,4.34,57,South America,Laptop,13.99,1,Debit Card,3,0.07,Romance
17Ed341D-De04-4466-8B18-Bda03F5E38Fd,35,Female,Premium,12.01,5,Asia,Mobile,17.99,0,Debit Card,4,2.0,Horror
274599C6-5A23-4D2E-A471-22Fa0E76E24E,51,Male,Basic,89.83,53,South America,Laptop,8.99,0,Gift Card,5,1.66,Drama
Dc5B0984-88D3-4Ff3-B093-F0Cfdb80070D,22,Female,Premium,0.79,17,North America,Mobile,17.99,1,Crypto,4,0.04,Horror
Ca23A8Be-Fef8-4B6C-Afba-136Af304B2D5,19,Female,Standard,13.89,30,Asia,Desktop,13.99,0,Crypto,3,0.45,Sci-Fi
4099D31A-Cc4B-4948-Bcb8-D3270Cf3A9F5,58,Other,Basic,20.1,25,South America,Mobile,8.99,0,Paypal,2,0.77,Action
37C521D5-E042-4Dc6-A38A-Be7Eafeb9092,37,Other,Standard,0.44,35,Africa,Tv,13.99,1,Gift Card,2,0.01,Horror
17Ce1Fd9-Fa04-4C76-B7C0-F23519005371,34,Female,Basic,13.6,1,North America,Mobile,8.99,0,Debit Card,2,6.8,Romance
C1660018-6E78-4Bd4-88F0-3A1Faa017C4C,47,Female,Basic,2.57,10,South America,Tablet,8.99,1,Gift Card,5,0.23,Sci-Fi
86079Cfc-0Cd9-4487-Ac31-0E38A2859Cd2,26,Male,Premium,16.34,5,Asia,Tv,17.99,0,Credit Card,2,2.72,Drama
3E3Cfb79-20Ef-4690-A186-7F69Adb9C1C6,35,Other,Basic,14.78,24,Asia,Mobile,8.99,0,Crypto,4,0.59,Sci-Fi
C726Aec5-29Ec-4B62-B752-7D9F91D7Ebd1,41,Other,Standard,2.14,59,North America,Desktop,13.99,1,Credit Card,1,0.04,Horror
7911E6E5-Fad9-423B-B343-C74A045Ad2Ae,65,Male,Basic,0.71,54,Oceania,Laptop,8.99,1,Crypto,3,0.01,Documentary
0A5Ee218-5618-44Fe-B90D-Cae6Da8F6859,63,Male,Premium,45.68,52,South America,Desktop,17.99,0,Gift Card,1,0.86,Sci-Fi
99B365A9-075D-4Ed6-B3A4-539D4245Cd22,54,Other,Standard,2.91,26,Europe,Laptop,13.99,1,Gift Card,5,0.11,Documentary
20B10142-39C2-4061-8573-A1E5F91Ad019,26,Male,Standard,3.81,41,South America,Tv,13.99,1,Crypto,4,0.09,Documentary
2B784338-D744-4800-B6F8-4508260255B7,69,Male,Premium,11.8,53,Oceania,Tablet,17.99,1,Crypto,5,0.22,Comedy
Ac8576Dd-8167-485C-9452-C8Fc0E559Ed8,45,Female,Basic,9.77,16,Asia,Laptop,8.99,0,Gift Card,2,0.57,Romance
E95A32D7-Dbb3-457D-B655-Df5765B3Ea84,18,Female,Basic,0.33,28,Oceania,Tablet,8.99,1,Paypal,3,0.01,Action
A22B2Cef-2032-47D9-8Fb4-36F3Dcf93B94,30,Other,Standard,7.51,45,Europe,Tablet,13.99,1,Crypto,3,0.16,Horror
Ba13Ed63-7Cc2-4A1E-9D77-D45Bfe793Cc5,58,Female,Premium,24.06,38,North America,Mobile,17.99,0,Paypal,5,0.62,Horror
8Bdf4628-437D-4675-A5Bd-C0E70Adb590D,37,Other,Standard,8.25,4,North America,Laptop,13.99,0,Paypal,1,1.65,Horror
E203E4Ef-Dc62-4E97-884D-77A46Ddf3813,18,Female,Standard,0.27,20,Oceania,Desktop,13.99,1,Credit Card,1,0.01,Comedy
5B4C2040-0725-49Cd-B8Bb-0C1848Fe1577,57,Female,Premium,0.98,59,Africa,Laptop,17.99,1,Debit Card,2,0.02,Documentary
Cdd7611F-D900-43Cf-B218-71D45Bca9A13,59,Female,Premium,0.1,20,North America,Laptop,17.99,1,Crypto,1,0.0,Sci-Fi
11D562Cc-A296-442C-8Ad0-4C2A5F5F2E1F,29,Other,Premium,8.13,17,Oceania,Tv,17.99,0,Credit Card,2,0.45,Sci-Fi
1Fb210C3-6369-4Fb9-9Abc-F56736Df9F47,66,Male,Standard,3.46,44,Oceania,Tablet,13.99,1,Crypto,4,0.08,Comedy
1Aab7315-184D-4E18-8338-071Aab257E63,55,Male,Basic,2.74,44,South America,Laptop,8.99,1,Credit Card,4,0.06,Documentary
33E54062-D5B6-400E-9F34-Fe98Abbe476C,39,Male,Premium,21.09,57,North America,Laptop,17.99,0,Gift Card,2,0.36,Drama
5D0Fd4A3-Dc03-4A99-8Cb0-087424513A52,51,Other,Premium,4.43,9,South America,Laptop,17.99,1,Gift Card,3,0.44,Horror
D16Fcf8A-89Ce-4B6C-9083-Bf9E43Fbd8D7,57,Female,Standard,1.41,11,Europe,Tablet,13.99,0,Paypal,5,0.12,Romance
609E1A47-614A-4C12-B0C7-50C6A27C83Bb,48,Other,Basic,3.04,20,Europe,Mobile,8.99,1,Debit Card,2,0.14,Action
C3Fc2A8B-B9E3-48B3-9C46-B3A64B62157D,26,Female,Premium,4.66,38,South America,Laptop,17.99,1,Debit Card,5,0.12,Documentary
6Af2Ef31-7637-45A5-8A64-201Ec7Cb3065,34,Female,Basic,18.39,53,Oceania,Laptop,8.99,1,Debit Card,1,0.34,Action
A35B0E4D-C43A-48Cb-8C56-E49D6879C391,18,Male,Standard,3.03,22,Oceania,Tablet,13.99,1,Gift Card,5,0.13,Action
1C904Da9-0232-449D-A20E-43A3C0E409B7,51,Male,Basic,6.65,2,North America,Tv,8.99,0,Paypal,4,2.22,Horror
3F0B4A45-5Ec6-4A10-A6F0-Dfab7D32C292,55,Male,Basic,7.22,3,North America,Tablet,8.99,0,Gift Card,2,1.8,Romance
696Ead93-5262-4D00-A2Ab-042F737Bcb9C,20,Male,Basic,1.81,0,Africa,Mobile,8.99,0,Credit Card,3,1.81,Sci-Fi
Eacf58Bf-9E97-4299-B176-75E028554818,21,Other,Premium,27.46,43,North America,Tablet,17.99,0,Gift Card,2,0.62,Documentary
75C9Cb84-D05C-4A42-8Ab2-828D008F94Ba,70,Other,Basic,18.36,46,North America,Laptop,8.99,1,Gift Card,2,0.39,Horror
Dac932Ff-Cdf8-4B8D-A369-7A25F9Bd7A0E,70,Female,Basic,1.26,20,Africa,Tv,8.99,1,Debit Card,5,0.06,Drama
39000A6B-840B-4387-8278-74242Df72456,66,Male,Standard,0.29,2,Oceania,Laptop,13.99,1,Gift Card,2,0.1,Action
0C1633Dd-Ffdf-4A8E-Acf3-6B8726513703,55,Female,Premium,13.7,59,South America,Desktop,17.99,1,Paypal,3,0.23,Action
4C9B0D0F-1Fa8-439E-Af1F-8282130Cf0Bf,28,Female,Standard,2.25,30,South America,Laptop,13.99,1,Crypto,3,0.07,Action
Dbaf9169-5442-4B8C-B41D-B9F87F96E404,47,Other,Premium,7.74,25,Africa,Desktop,17.99,0,Debit Card,1,0.3,Documentary
56Eae98D-0F94-42E9-Bc74-B87Ee559Adc0,38,Female,Basic,7.99,27,South America,Mobile,8.99,0,Credit Card,3,0.29,Comedy
4234D7Ee-C5D2-43Be-Ad24-1545623C4983,63,Other,Premium,26.2,52,North America,Laptop,17.99,0,Gift Card,2,0.49,Horror
A880A8D5-Fd6C-4056-8Fea-151329Ac0Bc0,29,Other,Standard,8.15,13,North America,Tv,13.99,0,Crypto,2,0.58,Drama
Fe3Fe07B-85B9-4F24-Aef0-78A120Ffca7D,39,Male,Premium,4.84,0,Africa,Laptop,17.99,0,Debit Card,2,4.84,Comedy
Da3695Da-D79E-4240-Be6F-E5252500E74C,23,Male,Basic,0.6,6,Oceania,Desktop,8.99,1,Paypal,3,0.09,Documentary
45556D1E-Cca3-4681-91F0-C400A3523511,58,Female,Basic,10.42,6,Oceania,Tablet,8.99,0,Debit Card,2,1.49,Documentary
755Ce452-4079-48Bb-Bc47-4Ba2B2Ecd942,26,Male,Standard,2.35,25,Oceania,Tablet,13.99,0,Paypal,5,0.09,Romance
Fa010757-B01A-4F20-Abed-Bce22F5A810A,63,Male,Premium,3.17,14,Oceania,Tablet,17.99,1,Gift Card,5,0.21,Comedy
E2Dfa569-35Ea-412E-9A4E-2B194F5D62C8,37,Male,Premium,24.13,31,South America,Tv,17.99,0,Crypto,2,0.75,Action
003E8Ce2-25Ac-44B6-91Db-Fc2784528C36,48,Female,Standard,3.84,23,South America,Tablet,13.99,1,Crypto,1,0.16,Romance
E25B97A4-Daab-4243-8698-14B71B085A13,32,Other,Premium,14.31,43,Europe,Desktop,17.99,0,Credit Card,5,0.33,Horror
8Acd78Db-F4Ed-4Bc0-A385-0764A60E7B9F,64,Female,Basic,6.74,46,North America,Tablet,8.99,1,Credit Card,5,0.14,Documentary
8A3Af76B-7153-48C0-A775-3534Fd49Fe16,47,Female,Basic,10.89,48,Oceania,Mobile,8.99,1,Debit Card,5,0.22,Comedy
8661F083-Bf8B-497E-80Af-74B5442Aa691,48,Female,Standard,21.16,28,South America,Mobile,13.99,0,Paypal,5,0.73,Comedy
E444D340-Ba14-40Bd-99F4-85F85F98Cf78,44,Other,Basic,22.22,42,Asia,Tablet,8.99,0,Gift Card,5,0.52,Comedy
E12Dbde6-Af94-4Fed-8392-75Efd9F8C1A8,44,Male,Standard,27.08,16,Asia,Desktop,13.99,0,Crypto,3,1.59,Horror
095B2666-34F3-42Ba-Aaa6-F9512B8D30Cc,49,Female,Basic,7.69,2,Africa,Mobile,8.99,0,Gift Card,1,2.56,Comedy
D3C3D095-8B42-45D2-9C19-7E3Fa96Ca787,60,Female,Basic,15.01,20,South America,Mobile,8.99,0,Crypto,1,0.71,Sci-Fi
1Aa16B12-Fff7-48B4-9B72-Fa22E08D058D,61,Other,Premium,12.59,11,North America,Tv,17.99,0,Crypto,5,1.05,Romance
F8Aa86E5-518A-4051-9727-74947064Db92,68,Female,Basic,6.43,38,Asia,Desktop,8.99,1,Crypto,3,0.16,Comedy
A92A788B-Ae74-4716-9Bea-7Eb0B3Cef793,55,Male,Standard,22.74,5,Europe,Mobile,13.99,0,Paypal,3,3.79,Horror
17183448-1Fc2-4E97-A5F2-36D1D5A9Ca1E,54,Male,Premium,10.36,50,Europe,Tv,17.99,0,Credit Card,5,0.2,Sci-Fi
Cdb0C59C-6086-4985-A133-Bd141E1Bb6Ca,29,Female,Basic,0.65,12,Europe,Tablet,8.99,1,Crypto,3,0.05,Drama
Dcb91836-142B-4Bcd-B42C-F0B34C272121,56,Other,Premium,0.85,29,Oceania,Tv,17.99,1,Crypto,5,0.03,Sci-Fi
828E263C-A5A2-4390-8880-5851Ba9395C1,18,Other,Premium,6.61,50,South America,Laptop,17.99,1,Gift Card,2,0.13,Horror
C54F6982-C7Af-4460-B1Ca-661C411Ee091,26,Other,Standard,5.59,1,North America,Tablet,13.99,0,Debit Card,3,2.79,Romance
E7C17A68-7Cb0-445F-8D31-F2C1D07Aab3D,24,Male,Standard,2.65,32,South America,Tv,13.99,1,Credit Card,4,0.08,Drama
Da5099Cc-9057-4Fcd-A133-8873336C7697,26,Male,Standard,10.62,60,South America,Mobile,13.99,0,Debit Card,5,0.17,Action
2D6081Cb-4964-472E-Ad69-86Ebf0Dd7C1C,47,Male,Standard,4.22,12,South America,Mobile,13.99,1,Debit Card,3,0.32,Drama
45Edfde5-88C9-424D-8D71-709998C94939,59,Male,Standard,7.33,21,Oceania,Mobile,13.99,0,Paypal,4,0.33,Documentary
55E8D23C-B8A3-4Bb1-9C03-3E14641639Ac,25,Other,Standard,9.92,3,Europe,Tablet,13.99,0,Crypto,5,2.48,Horror
Def3E5B6-5Ce0-4D69-B0B5-B39Fad417A6D,35,Male,Premium,9.51,2,Oceania,Desktop,17.99,0,Gift Card,1,3.17,Horror
B27E3290-Ca39-4779-89Db-6402Ae280A3D,37,Other,Basic,23.55,17,Europe,Mobile,8.99,0,Crypto,2,1.31,Comedy
3A23E4A5-22F8-4647-8717-8331Fa5Eba94,27,Female,Standard,3.4,46,Africa,Laptop,13.99,1,Paypal,1,0.07,Action
B945055D-449D-47E8-9F14-574Ea7Cea9A1,54,Other,Standard,3.47,31,Africa,Laptop,13.99,1,Paypal,5,0.11,Documentary
C5Dc62Ac-E177-461A-Bc76-D7842De60Ca8,66,Female,Standard,0.06,58,Europe,Mobile,13.99,1,Paypal,2,0.0,Documentary
035988Be-2Cdb-4A69-A630-6D76Bc1B97F6,64,Female,Standard,31.14,39,Oceania,Laptop,13.99,0,Debit Card,3,0.78,Documentary
8A0A4Ccf-0708-43C7-8B95-12Cf9B4Fb001,38,Female,Basic,5.61,12,South America,Desktop,8.99,1,Gift Card,2,0.43,Drama
F044C71B-3Fed-4121-9Cd6-B3A3D0Be4Cf6,53,Male,Standard,3.74,21,Africa,Laptop,13.99,1,Debit Card,3,0.17,Romance
77A6C968-3Ec1-4C82-Ae01-A2E5B4Db0931,51,Female,Premium,0.46,7,Africa,Tv,17.99,1,Paypal,2,0.06,Drama
6A53Dd10-B7E8-44F2-8F4A-56015F9A5C61,69,Male,Basic,4.88,29,South America,Desktop,8.99,1,Paypal,1,0.16,Comedy
Bbe577B2-0E7E-44De-Aec5-8D54Cbb0Eed8,61,Male,Standard,8.85,13,Africa,Tablet,13.99,0,Crypto,2,0.63,Comedy
8B412Cdc-C03A-456C-Af50-3D045Bc026Ee,18,Male,Basic,4.91,44,Africa,Tablet,8.99,1,Gift Card,1,0.11,Romance
735190C8-4A3D-46A6-885F-795F3Ecdad42,31,Female,Basic,2.82,51,North America,Desktop,8.99,1,Credit Card,2,0.05,Action
F60E85Aa-2C80-4282-9A7E-885C5B1801Fd,29,Other,Standard,2.22,34,North America,Tablet,13.99,1,Debit Card,4,0.06,Action
43316923-630E-4B9D-97Af-Cc263E0B56E3,45,Female,Premium,9.28,34,Europe,Laptop,17.99,1,Credit Card,2,0.27,Horror
67Ce86B7-0F74-4Af8-Acf1-5987206Db796,41,Male,Premium,10.7,50,South America,Tablet,17.99,0,Paypal,5,0.21,Drama
87D5811F-29Bd-480A-B53E-8B2775331Cfe,69,Female,Basic,9.95,34,Africa,Laptop,8.99,1,Crypto,4,0.28,Documentary
6D446445-A1B2-455D-Bba9-D7F3077C0A10,33,Male,Standard,2.31,46,Asia,Tablet,13.99,1,Credit Card,1,0.05,Sci-Fi
Dce7Ccc8-E51C-4Cb3-9Aed-7F952220A2D1,55,Female,Premium,2.59,17,North America,Mobile,17.99,0,Paypal,5,0.14,Drama
688D52Ac-3051-4780-B1F1-5436Fdb4D51B,34,Female,Premium,14.62,47,North America,Tablet,17.99,1,Crypto,5,0.3,Drama
Efe57503-644E-4224-A159-A8D880E1676B,68,Other,Basic,2.39,47,Oceania,Mobile,8.99,1,Credit Card,5,0.05,Sci-Fi
8A965066-832A-445B-A5D3-6935102C89A0,32,Male,Basic,26.07,37,Oceania,Laptop,8.99,0,Credit Card,2,0.69,Drama
211Cc3E6-2493-4Cb5-A05D-648A8B62339E,64,Male,Basic,15.08,36,Europe,Desktop,8.99,1,Credit Card,3,0.41,Romance
827B839A-2A40-41E8-A668-3E84708Aab8D,44,Female,Basic,47.4,9,North America,Desktop,8.99,0,Debit Card,5,4.74,Romance
5A434596-Ec80-4D47-A472-46587F20A98F,29,Other,Standard,0.53,13,Africa,Desktop,13.99,1,Debit Card,3,0.04,Action
6C297Fda-C973-4435-Ac49-C330B5E20030,40,Male,Basic,2.24,9,Oceania,Desktop,8.99,1,Debit Card,2,0.22,Drama
E7336493-B9Bd-47Ee-9298-A74A91625Ab9,57,Other,Basic,6.73,51,North America,Desktop,8.99,1,Debit Card,1,0.13,Romance
14Ef7D6F-0C7F-448E-8Bb2-A718401Cd8A9,47,Other,Premium,12.6,52,Africa,Tv,17.99,1,Crypto,5,0.24,Sci-Fi
3914Fd90-24Cd-4681-A26A-2Ba4A2A159F9,31,Other,Standard,0.21,16,Africa,Laptop,13.99,1,Debit Card,1,0.01,Drama
5F056E77-B597-4372-81Ec-74Cfa153E832,66,Female,Premium,19.19,40,Africa,Desktop,17.99,1,Credit Card,3,0.47,Documentary
F1F834A6-23C4-405A-B5F2-Dfd604Ce318B,32,Other,Premium,5.09,37,Oceania,Desktop,17.99,0,Credit Card,5,0.13,Drama
2Cf69775-8761-45E2-A44D-B4Bd0669B757,55,Other,Premium,1.63,52,Africa,Tablet,17.99,1,Gift Card,1,0.03,Action
4F25B8C4-D5C9-4131-Af78-55E3Ffeed2Dd,48,Female,Basic,4.59,55,South America,Tablet,8.99,1,Debit Card,1,0.08,Drama
C51B4715-3Ce4-49E7-9102-508107212399,66,Female,Premium,2.29,52,Europe,Desktop,17.99,1,Crypto,2,0.04,Romance
2430B31A-Ab1D-4Aeb-9D8F-5B5Bb2427Ff5,60,Female,Premium,2.09,14,North America,Laptop,17.99,1,Gift Card,2,0.14,Comedy
A06F6Ebb-Cdf1-4D0A-Ab74-C3C1B86D53Ae,34,Male,Premium,27.92,35,Africa,Tv,17.99,0,Crypto,4,0.78,Horror
B160Aa5F-532A-4E17-999D-5D17Abb3926F,38,Other,Standard,32.69,7,Asia,Tablet,13.99,0,Gift Card,4,4.09,Documentary
F7F78B0A-14A9-43C0-8Ab4-Dbae4364Badc,22,Male,Premium,1.78,17,Africa,Desktop,17.99,1,Gift Card,4,0.1,Documentary
6516706C-08Dd-4Be3-9Bcf-D8Cc39B8E59B,24,Female,Basic,8.27,14,Africa,Tv,8.99,0,Credit Card,3,0.55,Sci-Fi
E518B0D5-B916-43A0-9F3E-23030Ae34Aa7,65,Other,Standard,10.38,10,Oceania,Desktop,13.99,0,Paypal,4,0.94,Horror
Ca6E759E-E5B0-4F69-B548-2Acfba9Ef338,41,Male,Premium,10.81,44,South America,Tablet,17.99,1,Gift Card,3,0.24,Documentary
B0D6C364-2083-42C5-9C6F-92Fb5A21A71A,20,Other,Premium,2.86,34,Africa,Laptop,17.99,1,Credit Card,3,0.08,Romance
5D26A7Bf-3240-4197-A94C-369861B65C37,50,Male,Premium,7.96,51,Oceania,Tablet,17.99,1,Gift Card,5,0.15,Horror
58Ae61Ba-C2A5-4Ae2-B3Ec-3A99C8Ea6357,38,Other,Standard,29.16,46,North America,Tablet,13.99,0,Crypto,5,0.62,Drama
F55Fe025-31Da-4F50-Ab61-F691C3Fc3631,30,Female,Basic,12.11,25,Oceania,Tv,8.99,0,Gift Card,4,0.47,Romance
B78B1Bc6-D7D2-45A0-Ba76-F10383Ccc023,35,Female,Premium,14.42,30,South America,Tv,17.99,0,Gift Card,2,0.47,Action
7Bb98F8F-Da88-4641-9A18-990F20E1Ec42,35,Male,Standard,1.91,38,Asia,Desktop,13.99,1,Debit Card,2,0.05,Drama
8639Ee6F-B8D5-4F6A-949E-Ede441E48612,59,Male,Premium,9.49,42,Oceania,Desktop,17.99,1,Debit Card,2,0.22,Action
4Cac4Adf-90Cb-4Cce-A753-7Aee0A1C21Ae,27,Male,Premium,2.83,37,Oceania,Tablet,17.99,1,Gift Card,2,0.07,Action
Ed8Ebb86-Abad-4Cd8-B5B9-C5A6Fb6Abac7,22,Other,Standard,0.72,49,Africa,Desktop,13.99,1,Gift Card,5,0.01,Horror
D9Ebed4C-Cdb4-468E-A1E1-9E2Cf8Ad491D,23,Female,Premium,5.48,16,Europe,Tablet,17.99,0,Debit Card,1,0.32,Drama
Ad1Bd590-72Fa-472E-9A02-22Ec6Cd82E5F,24,Other,Basic,5.28,55,South America,Tablet,8.99,1,Credit Card,4,0.09,Horror
E68Fd0C3-Ad0E-46Be-B2C8-233662C68310,20,Other,Standard,8.96,34,Africa,Tablet,13.99,1,Gift Card,1,0.26,Comedy
6B127Fa4-Cce8-4A17-8B7F-926B1D1Edd42,19,Male,Premium,14.47,27,Asia,Mobile,17.99,0,Crypto,2,0.52,Action
C8Cfc65C-6035-46D5-8C9C-D7Bb68Bf9F20,27,Other,Premium,1.44,48,Asia,Laptop,17.99,1,Credit Card,1,0.03,Sci-Fi
C0670D76-1E6F-4C29-B07E-C28C5Ce90B62,33,Other,Standard,16.3,11,Europe,Tablet,13.99,0,Gift Card,2,1.36,Sci-Fi
Dca23069-4F5F-4525-9277-Eadd2Bc97E9C,21,Male,Basic,8.58,44,South America,Tv,8.99,1,Crypto,2,0.19,Sci-Fi
8E164955-Faf6-4390-8B3F-F65A067Bdf27,61,Female,Standard,6.67,6,South America,Tablet,13.99,0,Gift Card,1,0.95,Sci-Fi
8F0Aadba-150A-48C7-A659-16E5Cee03B2E,67,Female,Basic,35.37,27,South America,Desktop,8.99,0,Debit Card,4,1.26,Sci-Fi
9836211A-C1Be-4Ccd-B56C-Fe50E8F975Fd,18,Male,Standard,3.57,50,Africa,Desktop,13.99,1,Debit Card,4,0.07,Horror
28F087F2-D7Ca-4D0C-B8Cc-17Ac530Ecd68,25,Female,Premium,33.04,37,Asia,Tablet,17.99,0,Crypto,2,0.87,Horror
B392Aeef-57C0-4Bfd-95A8-0D91D61A7493,48,Male,Basic,6.44,40,Asia,Desktop,8.99,1,Crypto,5,0.16,Documentary
Be65E2D8-F330-4919-Af85-108De70426Dd,60,Other,Standard,10.1,28,North America,Mobile,13.99,0,Crypto,5,0.35,Romance
2B853Bf7-98C9-4980-8425-80Cf8A0B472B,50,Other,Basic,3.37,3,South America,Mobile,8.99,0,Credit Card,3,0.84,Documentary
48231D68-14Ab-4Cff-A17C-F9Fb1022Ba1A,43,Male,Standard,16.44,60,Africa,Laptop,13.99,1,Gift Card,4,0.27,Drama
7501De45-Fff5-4212-8179-1C1877Baab45,26,Male,Standard,11.12,2,Asia,Tv,13.99,0,Debit Card,4,3.71,Horror
C8Dd50F4-F755-486A-A904-024A1Be2Ba69,25,Female,Premium,11.67,17,Africa,Desktop,17.99,0,Gift Card,4,0.65,Sci-Fi
F739Acc1-B74A-4659-87Ee-B634E946C9B5,26,Male,Basic,10.54,27,Oceania,Tv,8.99,1,Paypal,1,0.38,Horror
5095A93A-4007-4F71-B9C0-063E9A8F41E5,67,Other,Standard,17.13,42,North America,Tablet,13.99,0,Paypal,4,0.4,Drama
927B4844-C0E6-41Ba-Bb80-76019Beb67C8,47,Other,Premium,33.79,52,Asia,Tablet,17.99,0,Debit Card,3,0.64,Drama
A4D87De9-69Bf-459A-B5E9-95B76B21Badb,33,Male,Premium,32.7,47,Asia,Tv,17.99,0,Debit Card,2,0.68,Comedy
625Dc945-Cbd7-42B5-9199-2F64F2Abd664,41,Other,Standard,3.59,41,Africa,Laptop,13.99,1,Gift Card,5,0.09,Comedy
72Adca9F-6269-4E59-A56B-Cb03C699549C,47,Male,Premium,22.31,6,Africa,Tv,17.99,0,Gift Card,3,3.19,Comedy
Fce4863C-99E6-4058-Ab31-561B8607Bbe4,50,Female,Basic,7.45,2,Europe,Laptop,8.99,0,Gift Card,3,2.48,Sci-Fi
F6652572-C33F-4Cf6-Ba8E-Db6Ce43Bf4B9,56,Other,Premium,3.41,53,Asia,Tablet,17.99,1,Paypal,4,0.06,Horror
B9380B2A-266E-4475-A158-19726Cfc98F7,26,Female,Basic,14.85,26,North America,Mobile,8.99,0,Crypto,4,0.55,Action
E9B2749D-D99A-4826-96F7-A9B971B69714,24,Other,Basic,17.04,23,Europe,Mobile,8.99,0,Credit Card,4,0.71,Romance
C448Fef8-33E2-4067-B717-Ae7F77695A51,51,Male,Premium,0.19,20,Africa,Tv,17.99,0,Debit Card,4,0.01,Romance
Aed594Ac-9218-427F-8D52-D137F7604C5F,50,Male,Premium,13.05,31,Asia,Tablet,17.99,0,Debit Card,4,0.41,Horror
7370E647-9B05-42Bd-8Ede-B893Eebcbafc,35,Other,Basic,0.87,58,North America,Tablet,8.99,1,Debit Card,5,0.01,Action
60D0282F-3849-479F-A487-9A3B59E0C727,53,Male,Premium,1.83,15,North America,Tablet,17.99,1,Paypal,3,0.11,Drama
3F92D3Cc-76Cc-4Fc6-A6Fb-Cfea5A0292Be,32,Female,Standard,52.67,34,Asia,Laptop,13.99,0,Gift Card,3,1.5,Sci-Fi
C98B0D35-2Af6-43A6-8589-E358859De87F,34,Female,Basic,37.61,50,Asia,Tv,8.99,0,Credit Card,5,0.74,Action
052E5Ea6-7C77-4Cc2-9437-1Baf5694Adb5,69,Male,Standard,11.83,7,Oceania,Tv,13.99,0,Debit Card,4,1.48,Documentary
2452Bd61-488E-4Fa5-A947-3329C9D4Aac3,31,Male,Premium,2.62,34,Oceania,Desktop,17.99,1,Crypto,4,0.07,Comedy
800C65D1-Ea65-45D2-843E-B710461C44Fd,58,Female,Premium,25.6,55,Asia,Tablet,17.99,0,Paypal,1,0.46,Action
00Dda31E-Daec-401F-Af63-32A4Bd2Be0F9,42,Female,Basic,9.75,48,South America,Laptop,8.99,1,Crypto,5,0.2,Sci-Fi
62D7E157-Addd-463A-8Fa3-07F8F309D8Ca,35,Other,Basic,0.03,5,Asia,Tv,8.99,1,Paypal,3,0.01,Horror
134Fda45-9Bd5-42Dd-8192-F1B24Ff87Fc8,61,Female,Premium,16.44,22,Europe,Mobile,17.99,0,Credit Card,2,0.71,Sci-Fi
5Df7E878-2B99-4215-813E-76Ddff65867E,19,Female,Standard,2.38,19,Europe,Desktop,13.99,1,Crypto,3,0.12,Action
F6B53553-E1Df-4C96-Ab51-1B9F5D512011,65,Male,Standard,19.08,52,Asia,Tablet,13.99,1,Paypal,2,0.36,Drama
4Bcc6A9A-9A97-477C-9Fef-531B6Bee4626,24,Male,Standard,19.5,44,Africa,Desktop,13.99,1,Crypto,5,0.43,Sci-Fi
4B1239Ba-6B62-4D21-A8A6-2B59B284A1B9,25,Other,Premium,11.65,18,Africa,Desktop,17.99,0,Credit Card,3,0.61,Comedy
10180C1A-D001-46C9-910A-1A232602A1E2,20,Male,Basic,10.81,22,South America,Tablet,8.99,1,Gift Card,2,0.47,Drama
91D28D6E-D797-43B0-918A-180131E67A89,37,Male,Standard,21.24,41,Oceania,Mobile,13.99,0,Debit Card,4,0.51,Drama
0E25484D-2192-4933-Af25-8C1Ce66Ddef1,30,Female,Basic,19.21,22,Asia,Mobile,8.99,0,Paypal,4,0.84,Romance
B8109934-3350-4D7D-A4A2-4665Cbbac2B0,44,Other,Standard,7.64,35,Africa,Laptop,13.99,0,Credit Card,4,0.21,Comedy
37Efe8D4-F30B-4839-8707-67Cfb77Cc1Ff,62,Female,Basic,1.8,4,South America,Mobile,8.99,1,Crypto,5,0.36,Drama
3127338F-47D9-4Aa7-B9F6-79107E057B80,46,Other,Basic,8.48,34,South America,Tv,8.99,1,Debit Card,5,0.24,Comedy
0A8Aa6A2-Ba3D-4042-B959-8Cb224Db42F2,63,Other,Premium,20.27,57,South America,Mobile,17.99,0,Paypal,4,0.35,Documentary
F267Db4A-Af7E-447D-B5B2-09798E3160A4,41,Male,Basic,17.87,6,North America,Tablet,8.99,0,Paypal,1,2.55,Drama
7E3De2A4-1Eda-4822-9414-Edf630B56Ca0,63,Male,Standard,3.82,31,Oceania,Tablet,13.99,1,Paypal,4,0.12,Action
C08952B5-9E61-464B-8118-851535B2F0A0,52,Female,Basic,41.33,41,North America,Laptop,8.99,1,Gift Card,1,0.98,Sci-Fi
E183F03B-E7Ec-425A-B5Be-B5C7Ee8010B2,50,Male,Premium,25.98,37,Oceania,Tablet,17.99,0,Paypal,5,0.68,Drama
Fa9E2423-D295-4Fb8-Af3C-4197Ee5B7435,30,Male,Standard,1.87,28,North America,Desktop,13.99,0,Debit Card,4,0.06,Sci-Fi
Ed914A01-62E5-4B18-B4Ad-1E9A28C3A68C,50,Other,Basic,2.85,22,Europe,Desktop,8.99,1,Debit Card,1,0.12,Drama
53C0345A-7D19-48Bd-B659-70D4A6781Dfb,61,Female,Standard,5.84,58,North America,Desktop,13.99,0,Paypal,5,0.1,Horror
6D6A8D7B-F943-4279-Ba4F-F2Fcc8Df2Fc0,30,Male,Basic,1.07,35,Oceania,Tablet,8.99,1,Credit Card,3,0.03,Horror
783898C5-A397-44Be-9556-E1Fd61Bf35E9,43,Female,Basic,12.52,26,Europe,Tv,8.99,0,Credit Card,2,0.46,Horror
82Dee3Af-9F17-421C-8D3E-2177420183E1,56,Other,Premium,2.04,27,Oceania,Tv,17.99,1,Debit Card,1,0.07,Romance
05Aa98F7-B533-4184-9F57-Bafe5Be92E11,35,Female,Basic,7.06,14,Africa,Tablet,8.99,0,Gift Card,5,0.47,Documentary
A16Eabd8-7500-401F-A09F-C196E8084525,61,Other,Standard,12.41,10,Europe,Tv,13.99,0,Crypto,2,1.13,Romance
125660B9-B996-4330-B1C1-C12Ecf075F80,40,Other,Basic,75.99,9,Africa,Mobile,8.99,0,Credit Card,1,7.6,Comedy
C214433B-2Cd5-42Bb-8B59-657928B311A6,57,Other,Standard,4.99,9,North America,Tablet,13.99,0,Crypto,5,0.5,Romance
Ff769F45-E8C0-4224-8Fef-763D9B9Cf9B6,19,Other,Standard,12.97,36,South America,Desktop,13.99,0,Debit Card,4,0.35,Romance
7Aaf4A07-Bbee-41Cc-B800-8084935B8B7C,55,Female,Premium,9.52,15,Asia,Tablet,17.99,0,Paypal,2,0.59,Comedy
7Cd4A8F6-A14A-4C46-9C67-D52B2279855E,41,Other,Basic,2.09,52,Asia,Laptop,8.99,1,Crypto,3,0.04,Comedy
4231D1Df-7Cdf-491D-B0Ca-794940A56Bfd,22,Female,Standard,19.19,29,Asia,Tv,13.99,0,Debit Card,1,0.64,Sci-Fi
F1Cfed63-B6F3-4Af8-B406-Dc92Beac76Ce,35,Female,Standard,0.45,7,Oceania,Laptop,13.99,0,Debit Card,5,0.06,Documentary
914A0Ec2-9Ccc-4C89-A18E-4A95F8F38049,35,Other,Premium,5.39,54,South America,Tv,17.99,1,Debit Card,1,0.1,Comedy
C39Ca4E9-D9F8-440E-A74B-56D91473Dd2C,70,Male,Premium,15.73,56,North America,Mobile,17.99,1,Crypto,3,0.28,Drama
Edfd175F-6D64-4Ba5-9C17-5Ed2312Cfb32,32,Female,Premium,14.36,0,South America,Desktop,17.99,0,Paypal,2,14.36,Romance
C251Eb3B-1929-4C6A-A29E-7Bb49E637A0A,25,Other,Basic,15.26,34,Asia,Laptop,8.99,1,Credit Card,4,0.44,Comedy
4C80103D-Ac0A-4E95-A494-7Ba0F6388867,49,Female,Basic,1.58,29,North America,Tablet,8.99,1,Credit Card,4,0.05,Comedy
Ae7Ea312-9Fa1-40Ef-A563-25D4Efa57399,49,Other,Standard,2.76,20,Europe,Mobile,13.99,0,Debit Card,4,0.13,Action
9Eec0F0F-8898-49Ab-Bdd4-59839A8A1D9D,67,Female,Basic,6.88,44,Africa,Laptop,8.99,1,Gift Card,4,0.15,Horror
0B97Eae3-769E-4F45-Bdc7-47173286870F,39,Male,Premium,4.22,33,Asia,Desktop,17.99,1,Paypal,2,0.12,Drama
97B3Ebca-2895-42C0-8C95-D75F212B5Efa,34,Other,Basic,4.43,33,Oceania,Laptop,8.99,1,Gift Card,2,0.13,Romance
72B5Dad8-35Cd-4E5B-B5F6-9Fd189E46Db5,27,Other,Premium,5.05,47,South America,Tablet,17.99,1,Crypto,5,0.11,Romance
Bc0Deac4-46D4-46A3-Aa7F-7E4F7D0Cd88C,53,Female,Standard,3.47,38,Asia,Mobile,13.99,1,Crypto,1,0.09,Horror
33Ce32B1-A79B-4B4F-8E3F-A73A326Be03A,31,Male,Premium,8.88,25,Asia,Tv,17.99,0,Debit Card,4,0.34,Action
0D5125Bb-9A77-46Fd-A008-E12965C68F6E,46,Other,Basic,19.72,47,Oceania,Desktop,8.99,1,Credit Card,1,0.41,Horror
7C554923-0Fc8-4Af4-9482-48Ddaa9Af4Ce,30,Female,Standard,28.52,28,Africa,Tv,13.99,0,Credit Card,4,0.98,Documentary
4Aaa4B30-0995-42B2-86F8-Acd420Bd1F27,65,Other,Standard,3.26,41,Asia,Desktop,13.99,1,Paypal,5,0.08,Action
0B4D9C35-A743-4C45-Acac-1953Cacbac29,64,Male,Standard,1.24,9,Africa,Mobile,13.99,0,Credit Card,4,0.12,Sci-Fi
6F2Eb696-241E-4D07-B0Dd-F8Fa78955Fc7,38,Other,Standard,32.73,21,Asia,Mobile,13.99,0,Debit Card,5,1.49,Documentary
37Eab84E-F904-41Ee-9Fa0-9160D1A8Ac85,56,Female,Basic,20.91,35,North America,Tablet,8.99,0,Credit Card,4,0.58,Documentary
07D39Ac7-4F54-407C-9065-D2De9017092B,34,Male,Standard,8.59,17,South America,Tv,13.99,0,Gift Card,3,0.48,Drama
A816Aad2-Ddc6-4714-9013-8D76B4De89E5,35,Female,Basic,7.37,9,Asia,Tablet,8.99,0,Paypal,4,0.74,Horror
4825A472-0710-4Ab2-824D-2Fdd30Ed23Ca,27,Male,Premium,18.7,29,Europe,Mobile,17.99,0,Credit Card,4,0.62,Action
934908B3-41B9-4415-Bbad-0F3032A18506,52,Other,Basic,2.11,46,Asia,Mobile,8.99,1,Paypal,5,0.04,Action
C52A8297-84Ec-4E1F-8193-4Ee88A0Fc34E,46,Male,Premium,21.11,48,Africa,Tablet,17.99,0,Gift Card,4,0.43,Horror
B2161461-Eb4C-4473-A193-E167Ba3C784C,56,Other,Basic,2.19,35,Asia,Laptop,8.99,1,Credit Card,5,0.06,Documentary
C5Fc233B-21E3-410C-85Bf-742Fca828D6A,44,Male,Premium,30.04,56,Asia,Mobile,17.99,0,Debit Card,5,0.53,Romance
3Ca556Af-B4D6-4C39-Bb53-F00960221Cbf,36,Male,Basic,12.52,6,Asia,Laptop,8.99,0,Credit Card,4,1.79,Documentary
5A11D8D0-Cb62-456E-939D-Ae4A8Cbdde5C,62,Male,Standard,21.13,36,Asia,Mobile,13.99,0,Paypal,2,0.57,Documentary
B7Fd931C-D59D-466C-B104-Dc8819641E5D,60,Other,Standard,13.86,8,Europe,Desktop,13.99,0,Debit Card,1,1.54,Documentary
C175Fd94-Acfe-41F0-9C92-0F5E386499Fe,21,Female,Standard,12.52,46,Africa,Laptop,13.99,1,Crypto,5,0.27,Horror
0A762B77-7701-436C-A5E6-2B4A2Cff7D03,53,Male,Premium,2.27,38,North America,Tablet,17.99,1,Crypto,4,0.06,Drama
Ffdf0F37-5Ab0-4B5D-B33D-1A4A11E02C70,70,Male,Basic,1.69,23,Oceania,Tablet,8.99,1,Crypto,3,0.07,Sci-Fi
D4B6B1C5-E809-4A36-9126-C485C93C2099,32,Male,Premium,0.53,23,North America,Mobile,17.99,1,Crypto,3,0.02,Action
Fac8F5Fe-151E-4991-98A9-7906520B9967,39,Female,Basic,6.52,54,Asia,Tv,8.99,1,Paypal,4,0.12,Romance
B794556E-1123-4C20-Bc98-4Ad400D68F76,35,Female,Standard,2.19,57,Oceania,Tablet,13.99,1,Gift Card,2,0.04,Comedy
Abcdc4Df-Ade6-4Dc0-A29F-26751510F091,26,Other,Standard,4.42,55,Asia,Laptop,13.99,1,Paypal,4,0.08,Horror
92A658Bc-F2C1-4F19-Ba0A-5F8627195A23,38,Female,Standard,3.79,32,Africa,Tablet,13.99,1,Crypto,3,0.11,Drama
9176Aa47-8F35-4B61-Aa0C-7F5E82Ef4315,31,Female,Basic,0.42,43,Oceania,Tablet,8.99,1,Credit Card,3,0.01,Documentary
A74837E1-Dc9C-4Feb-A9F4-4091B15D15Ea,43,Male,Premium,0.05,33,Europe,Tablet,17.99,1,Debit Card,4,0.0,Sci-Fi
9E6A25D6-4014-4C58-A23F-6016815D6F31,62,Other,Basic,6.72,19,Oceania,Tablet,8.99,0,Debit Card,5,0.34,Romance
C52E4D67-F98F-4F1E-83A0-Ec401295Cd65,28,Male,Standard,1.05,26,Europe,Laptop,13.99,0,Paypal,4,0.04,Action
6D40B2A3-6520-4F59-B076-276940E28Dee,19,Female,Premium,4.06,7,Africa,Laptop,17.99,0,Paypal,3,0.51,Action
65C8B6A9-0386-40De-B313-0Ccfd413Fda0,34,Other,Premium,9.67,7,Oceania,Mobile,17.99,0,Credit Card,1,1.21,Drama
Eab869Fb-6318-4E76-Ad3D-453D4Fd7A219,59,Male,Premium,6.27,12,North America,Mobile,17.99,0,Debit Card,3,0.48,Romance
F30Ef5C3-Be17-4886-9Bcf-A859532Fbfef,27,Other,Basic,2.58,6,South America,Tablet,8.99,1,Debit Card,3,0.37,Romance
086Bac2E-0490-4C8B-8B1E-5B9813Ef2E72,65,Other,Standard,10.07,20,Africa,Mobile,13.99,0,Credit Card,1,0.48,Romance
13169809-D529-496B-A4F8-1D470A744300,22,Other,Standard,2.12,58,Europe,Mobile,13.99,1,Gift Card,1,0.04,Action
0A7127Ae-3D90-4B6D-8249-484Df4905Aec,51,Male,Standard,11.48,15,Asia,Laptop,13.99,0,Crypto,2,0.72,Romance
D5Dbc55B-8Ef1-4988-A9B0-C45505Ca2431,28,Other,Basic,4.82,31,North America,Desktop,8.99,1,Crypto,5,0.15,Drama
8Afd45E9-D401-4A9B-B3C6-E20808C39073,27,Male,Basic,46.09,3,Oceania,Tv,8.99,0,Crypto,4,11.52,Documentary
7D40C105-0Ae1-4235-Aab9-F8Ec0122145D,60,Female,Premium,15.94,4,South America,Desktop,17.99,0,Paypal,3,3.19,Action
4834Dd77-26Eb-49C2-9684-2Ca5183Ca4F0,47,Female,Standard,20.83,58,Asia,Tv,13.99,0,Debit Card,3,0.35,Horror
A2A1697F-7D68-4C9A-Bd9F-82C6958A0222,40,Female,Premium,2.66,52,South America,Laptop,17.99,1,Paypal,1,0.05,Romance
A7A9Bf50-F432-4336-B5Ce-F5Fc967C388D,45,Female,Basic,31.15,22,Asia,Tablet,8.99,0,Credit Card,5,1.35,Drama
4Aa4Cb4E-Bb15-429C-88Ae-00274C3Fcebf,64,Female,Standard,12.5,33,Asia,Tv,13.99,0,Debit Card,5,0.37,Romance
938B3E5A-2269-45D3-9A05-B04Df79D7719,22,Other,Premium,2.15,30,South America,Tablet,17.99,1,Debit Card,3,0.07,Drama
Ea9Ede30-Ded4-475E-8Bdb-6E6F74Ef8557,55,Female,Premium,17.76,49,Europe,Tablet,17.99,1,Credit Card,3,0.36,Drama
16Cf6Caf-Bc65-4Ec7-Bf7B-Ed1944Ac741D,21,Male,Standard,12.34,5,Africa,Tablet,13.99,0,Paypal,2,2.06,Sci-Fi
57B01680-4141-4474-A48B-E78A987B9D2F,37,Female,Basic,18.86,42,Europe,Tablet,8.99,1,Paypal,5,0.44,Comedy
34C37623-852F-4Ce4-92F1-F8C41322E3A3,21,Other,Premium,13.66,36,Oceania,Tablet,17.99,1,Credit Card,3,0.37,Horror
1De748Fc-27F6-4D04-95B1-43185506Ff98,32,Male,Premium,13.09,51,North America,Tablet,17.99,1,Crypto,2,0.25,Action
F5463712-8752-4Fb0-Ae3F-30137078F44B,37,Other,Standard,10.87,1,Oceania,Mobile,13.99,0,Gift Card,5,5.43,Documentary
C1D63Ea1-39Ef-402C-Aaac-6086Bd3E3368,42,Female,Standard,33.48,16,Europe,Desktop,13.99,0,Debit Card,2,1.97,Action
C3892Ced-E6D1-4218-Aa88-6Ed1D835De10,46,Male,Basic,5.07,0,Africa,Desktop,8.99,0,Debit Card,1,5.07,Comedy
D7Cbf38B-95B2-46B7-8Ac3-50F4B316878C,59,Female,Premium,26.54,33,Oceania,Laptop,17.99,0,Crypto,3,0.78,Sci-Fi
7Ae851Ab-037F-41F3-B58A-A54190149Ed0,24,Female,Basic,0.19,49,Oceania,Tablet,8.99,1,Crypto,3,0.0,Romance
692B797C-2E2C-4907-A81A-24F394F25810,30,Female,Basic,4.21,13,Oceania,Desktop,8.99,1,Debit Card,4,0.3,Drama
B3D7Df66-3750-4Afa-Afd1-D217Ac259Eff,63,Other,Standard,5.11,18,Asia,Tablet,13.99,0,Crypto,1,0.27,Horror
0Ac9F17D-3658-4D74-9054-0F96A5460C54,51,Male,Premium,3.41,46,Asia,Desktop,17.99,1,Gift Card,2,0.07,Comedy
32C2A5Bc-7E17-4Fe3-85F0-B00105Dde7Dc,47,Male,Premium,7.42,47,Africa,Tablet,17.99,1,Crypto,4,0.15,Horror
91898A2B-07F0-43D5-Aecb-7933052C3F77,32,Female,Standard,2.74,8,Asia,Tv,13.99,1,Credit Card,1,0.3,Action
D11573Bf-F68B-4134-89Ff-659630Bb63F3,60,Other,Premium,2.56,22,Asia,Mobile,17.99,1,Crypto,2,0.11,Sci-Fi
Aeca46B3-2F4A-4F8A-941A-Bcc7C536F372,40,Other,Premium,2.28,37,Africa,Laptop,17.99,1,Gift Card,2,0.06,Action
C8117A2E-0Ad2-4702-98D4-A91B9E29247C,46,Other,Basic,6.46,35,Europe,Desktop,8.99,1,Gift Card,4,0.18,Sci-Fi
12Be3D4B-67Ef-4665-A7Bb-F889989Afe1A,33,Female,Premium,11.3,7,North America,Tablet,17.99,0,Gift Card,1,1.41,Drama
D14Be48F-B54B-4B14-90B7-153E6C90A1Ed,31,Female,Premium,3.13,7,North America,Mobile,17.99,0,Debit Card,5,0.39,Documentary
89F7D229-8Ad2-4553-8582-066A2Af2Ebed,39,Other,Basic,9.89,45,Africa,Mobile,8.99,1,Gift Card,4,0.22,Documentary
F4Eaec8D-554B-40C5-9761-C74633A253B5,19,Female,Premium,0.6,26,Oceania,Mobile,17.99,1,Gift Card,1,0.02,Sci-Fi
1D72E7F2-4E93-471D-8D46-772C2D538Fdd,25,Male,Premium,44.46,33,Oceania,Tablet,17.99,0,Paypal,1,1.31,Drama
E408Ee62-5313-4E04-Bcec-E23B5202A7Ab,49,Male,Basic,9.67,57,Europe,Mobile,8.99,1,Credit Card,1,0.17,Horror
F1C83B47-42F3-43D3-8E18-4Ea89C57773C,67,Other,Basic,10.17,18,North America,Tablet,8.99,0,Gift Card,2,0.54,Action
610D956E-F1F5-4B11-9D7C-441A37B21A17,55,Male,Standard,1.88,44,Europe,Tablet,13.99,1,Paypal,4,0.04,Action
F0C87Ced-93A5-4494-A348-Fcfcecb24541,19,Male,Premium,0.36,28,Oceania,Desktop,17.99,1,Credit Card,1,0.01,Comedy
A32Eee4C-69E9-41Ee-A91D-F328Cb381B15,59,Female,Premium,0.61,17,Africa,Tablet,17.99,0,Debit Card,5,0.03,Documentary
A5E64288-3362-4735-Be6E-A09C1C044761,26,Other,Basic,23.33,27,North America,Mobile,8.99,0,Gift Card,1,0.83,Action
2Fe53083-6764-4Dc3-Bbaa-A88E030E71E2,58,Female,Standard,76.29,5,Europe,Mobile,13.99,0,Crypto,5,12.72,Sci-Fi
44F7004F-4F0C-4Ff0-848B-97Da9A781Eb0,18,Male,Premium,10.08,33,Oceania,Mobile,17.99,1,Credit Card,2,0.3,Documentary
50Ebca29-2130-4894-9F3C-63F3F938F819,59,Other,Basic,8.48,24,North America,Tv,8.99,1,Crypto,1,0.34,Drama
48486230-B6Dd-4D6C-8D2A-0C8A2B7F2F39,41,Male,Premium,16.13,44,Asia,Desktop,17.99,0,Debit Card,4,0.36,Horror
47Ea998F-01F4-4E7E-8C55-0Fa01Baecd11,28,Male,Basic,0.43,6,South America,Tv,8.99,1,Credit Card,3,0.06,Drama
5Af2D5Bd-47Aa-435F-8Ea9-F18Bba61Da3F,35,Male,Basic,43.84,24,South America,Tv,8.99,0,Gift Card,4,1.75,Action
39218D93-3485-4F1A-B7Db-F501Deb29F04,56,Other,Standard,3.62,22,Asia,Tv,13.99,1,Crypto,1,0.16,Horror
D763Fc11-4943-4F8B-80C2-4De5Ba439245,34,Female,Premium,1.67,29,Africa,Tablet,17.99,1,Credit Card,1,0.06,Comedy
Aacd3Fe3-Fdd1-415F-Bdaf-A0D23Aeb3C37,41,Female,Standard,7.91,41,Asia,Desktop,13.99,0,Paypal,4,0.19,Romance
26F6D31C-6D28-43F9-A56E-760Eef8Da91E,43,Other,Premium,7.18,5,North America,Desktop,17.99,0,Crypto,5,1.2,Sci-Fi
1Fc5Bc15-E2Ed-47E0-A8C3-78632Ffeae19,56,Female,Standard,30.05,14,Africa,Mobile,13.99,0,Gift Card,1,2.0,Horror
D9930885-Add6-474C-91Bd-A2F9D0D2629D,31,Female,Premium,0.57,60,Oceania,Mobile,17.99,1,Crypto,3,0.01,Action
B0204082-D07F-4B31-858A-7Ece1B76Fb30,46,Other,Standard,28.66,37,Africa,Laptop,13.99,0,Paypal,1,0.75,Comedy
F10C6464-Abf4-4120-A49D-2B80657F5324,45,Male,Premium,18.07,4,Asia,Tablet,17.99,0,Gift Card,1,3.61,Romance
23C526Da-C76E-4A8C-82Ea-838A7736F832,68,Female,Standard,36.44,49,Oceania,Mobile,13.99,0,Gift Card,3,0.73,Sci-Fi
Bf9A7E56-2737-4931-A68D-E0B9696B65D7,29,Male,Standard,4.09,59,Europe,Tv,13.99,1,Credit Card,2,0.07,Sci-Fi
A88F8E6A-Cf81-47Eb-B982-5F73F413Cf84,45,Other,Premium,8.95,16,Europe,Laptop,17.99,0,Credit Card,3,0.53,Sci-Fi
Ee612990-Fd6F-4B96-95C5-4C3D64A961A7,64,Male,Basic,1.84,30,Oceania,Tablet,8.99,1,Credit Card,4,0.06,Sci-Fi
70Ef21Fb-2720-408F-8D98-7070D307971B,57,Other,Standard,2.93,35,South America,Laptop,13.99,1,Paypal,5,0.08,Drama
44E03489-87F8-4024-8Ad0-24Eb139168Fe,27,Male,Basic,3.36,22,Asia,Mobile,8.99,1,Paypal,3,0.15,Romance
72556Cf5-71A1-404B-Bb96-E1D49E112Ed3,30,Male,Premium,1.84,2,Oceania,Tablet,17.99,0,Paypal,2,0.61,Action
94940860-8Fc0-4Fe9-A813-136E736Dc785,69,Female,Standard,5.7,27,South America,Laptop,13.99,0,Crypto,1,0.2,Horror
5D4F942C-5E0C-4E72-B7E5-C03Cc4Dc020C,33,Other,Basic,4.44,28,Asia,Mobile,8.99,1,Crypto,1,0.15,Horror
6A1Cf920-Fbb2-4B70-881C-358C007Bc43C,66,Female,Standard,32.75,41,Africa,Tablet,13.99,0,Credit Card,1,0.78,Romance
8E64C096-6Cc3-468E-B5Bc-63C64E8Ea64A,24,Female,Premium,15.52,33,Europe,Tv,17.99,1,Crypto,1,0.46,Romance
C38F1921-4Fc2-4350-A1E1-C0Aaeedf1654,45,Male,Basic,0.29,45,Oceania,Tablet,8.99,1,Debit Card,2,0.01,Documentary
Dcc0039C-307A-4D72-A67E-A69688D676Db,19,Other,Premium,1.68,18,Africa,Tablet,17.99,0,Paypal,4,0.09,Horror
6C89B2Aa-65Db-477B-8A60-5D8Da393950F,33,Male,Premium,22.26,35,Europe,Tablet,17.99,0,Debit Card,3,0.62,Drama
91C178Ba-D603-4Aa5-8A9F-F872B9E9Ee38,43,Male,Standard,26.79,6,Africa,Tv,13.99,0,Credit Card,3,3.83,Comedy
2A2087F5-D137-4320-A395-2352Acab3Eef,19,Female,Basic,48.49,7,Europe,Tv,8.99,0,Debit Card,4,6.06,Action
E874713C-7349-4582-806F-1Fb0D743Ab6C,64,Other,Premium,1.83,0,Africa,Tablet,17.99,0,Paypal,1,1.83,Romance
75Bb1697-A008-4D94-9307-8652F6B88827,42,Other,Standard,6.91,21,Asia,Mobile,13.99,0,Gift Card,4,0.31,Drama
F5Edc841-Bc01-4908-Ae59-2051C2757A7B,63,Male,Premium,50.34,16,Europe,Tv,17.99,0,Crypto,5,2.96,Romance
95Da76Ce-Dc72-4192-B15D-57B576909335,37,Other,Basic,11.16,23,North America,Tablet,8.99,0,Paypal,2,0.47,Documentary
5152898C-B43A-4087-93Bc-4Ec283F379B2,60,Male,Basic,5.34,18,Asia,Tv,8.99,0,Credit Card,2,0.28,Drama
Eee51Db1-409B-4642-Becb-311Ad53094A2,64,Male,Basic,19.1,30,Europe,Tablet,8.99,0,Credit Card,4,0.62,Documentary
C8363C4A-8478-4498-B1Fb-F6C33222E11D,18,Female,Basic,1.97,46,South America,Tv,8.99,1,Crypto,2,0.04,Action
8Ba829Fb-Fe7C-47F4-89Db-241934A74Db6,61,Female,Standard,2.54,49,South America,Tv,13.99,1,Gift Card,3,0.05,Drama
6Bf1D15A-7Ede-4Fa1-8Ac3-Ca10566780Ea,70,Other,Basic,13.09,13,Asia,Tablet,8.99,0,Debit Card,2,0.93,Comedy
C3F2E7Fd-8B89-48A5-8327-6Db568E73A64,43,Female,Standard,3.16,7,Asia,Mobile,13.99,1,Paypal,2,0.4,Sci-Fi
Ad7Ef66F-B1Ff-4E88-A13A-3A031501A8Cb,20,Male,Basic,3.38,34,Europe,Tv,8.99,1,Credit Card,5,0.1,Romance
12Ddaf98-D735-4343-954A-5269936B4D85,49,Other,Basic,1.17,46,South America,Laptop,8.99,1,Debit Card,1,0.02,Romance
28028F3F-Af46-4E13-B3Cd-D32Ab1279C48,40,Male,Basic,4.92,30,North America,Tablet,8.99,1,Credit Card,5,0.16,Documentary
Ab76D3Cc-B330-42C9-Ad6B-28B5E707A64D,63,Male,Basic,2.24,27,Africa,Mobile,8.99,1,Credit Card,4,0.08,Drama
1Adad285-B2B1-4090-84B5-21D9Aa4D1922,30,Other,Premium,4.45,43,Europe,Mobile,17.99,1,Gift Card,4,0.1,Action
76Ee5C7F-F3C8-49Ae-B448-A2510B0Bd954,53,Male,Premium,11.18,19,South America,Tablet,17.99,0,Paypal,4,0.56,Comedy
23Cfb542-2422-44Ab-9Acf-48096Caccd3C,18,Other,Premium,9.52,5,Oceania,Desktop,17.99,0,Gift Card,2,1.59,Drama
C32Bafe7-6744-4901-Bf9A-Fa83Bda82088,39,Other,Standard,0.75,27,Africa,Laptop,13.99,1,Crypto,4,0.03,Romance
C18A0290-A6C6-4D07-9641-5255C31Da967,70,Male,Standard,13.92,57,North America,Laptop,13.99,1,Crypto,1,0.24,Action
3Ad7F42C-02C6-469E-915C-Cc1D57Bba996,19,Male,Premium,5.34,0,Europe,Tablet,17.99,0,Credit Card,3,5.34,Documentary
Ce97C787-6A6C-4162-Aeda-19B2F014D2Ff,48,Other,Basic,10.9,26,Oceania,Mobile,8.99,1,Crypto,2,0.4,Horror
4F064243-4E60-4A9B-Ab4E-B4B262969F53,26,Male,Premium,8.13,12,South America,Laptop,17.99,0,Credit Card,4,0.63,Sci-Fi
87Badf81-7A2D-4Bbe-A869-321A3Ca58275,48,Female,Standard,17.03,57,Europe,Tv,13.99,0,Debit Card,5,0.29,Action
3Cd1C05F-5575-4A10-Ac1F-B67337A7Acaf,19,Female,Premium,4.73,41,Asia,Tablet,17.99,1,Crypto,2,0.11,Drama
336A2Ae7-F0Bc-4Aa5-8Fc8-540C138B7D3C,70,Male,Basic,110.4,33,Africa,Desktop,8.99,0,Paypal,5,3.25,Horror
7E9Ddb87-4B17-40C9-Aa12-A070F3720693,18,Female,Standard,5.32,18,Asia,Desktop,13.99,0,Gift Card,3,0.28,Sci-Fi
C1D1Ae44-0Bc9-49Ee-B2Ae-E2D6Fb2Bf599,58,Female,Standard,2.51,31,North America,Desktop,13.99,1,Paypal,5,0.08,Drama
B819383F-8219-47Be-A119-7C9225B5436C,57,Male,Premium,44.65,52,Oceania,Tablet,17.99,0,Credit Card,5,0.84,Comedy
7C1Dfa22-78A1-4Be1-A9C9-929801F14B1C,47,Other,Standard,1.59,34,Oceania,Mobile,13.99,1,Gift Card,1,0.05,Comedy
A7Ffdf22-B673-4B5A-Aed8-8C53Ed42814D,22,Other,Premium,32.25,30,Africa,Tv,17.99,0,Gift Card,2,1.04,Romance
958219D9-6C45-4863-Ae79-E0580F7936A0,52,Other,Premium,1.42,45,North America,Tablet,17.99,1,Paypal,5,0.03,Horror
Cdcea36D-E4Be-42Ff-8Df1-F792147643Fc,53,Other,Standard,3.68,55,Oceania,Tablet,13.99,1,Paypal,1,0.07,Documentary
71243054-81B6-43A9-Bea5-0Bb0A0B2Cf11,34,Other,Premium,1.41,20,South America,Tv,17.99,0,Credit Card,4,0.07,Action
F10Cd6C5-F3Ec-43E7-A296-Ccfa7F15942E,46,Male,Basic,1.6,31,North America,Desktop,8.99,1,Crypto,3,0.05,Drama
Cde28795-9A83-4B21-85A4-2Fdd628430A5,33,Male,Premium,12.0,18,Africa,Laptop,17.99,0,Debit Card,3,0.63,Comedy
0D2E7Cf3-53E8-4Ff5-8385-3D2047301D5A,59,Other,Basic,10.68,13,Asia,Tv,8.99,0,Debit Card,1,0.76,Romance
5816A80B-D30E-4F74-B896-66982B245Ac2,51,Other,Standard,1.23,4,Europe,Tablet,13.99,0,Credit Card,4,0.25,Comedy
8B321E79-2Eea-4412-8D82-1D3178D5Bf05,36,Male,Basic,0.38,44,Oceania,Laptop,8.99,1,Crypto,2,0.01,Comedy
Dfcfa9B7-1Cf2-4Fc2-A671-12B758A6D6Fd,31,Female,Basic,9.38,9,Africa,Tv,8.99,0,Crypto,1,0.94,Horror
E502Bbd1-D79D-4705-B2F8-51D3D0Da534A,22,Other,Premium,10.69,7,Africa,Tv,17.99,0,Gift Card,2,1.34,Drama
126Bb497-94E7-4C3E-B7E4-58F87B347217,27,Other,Basic,8.88,46,Asia,Tv,8.99,1,Debit Card,2,0.19,Action
783256B2-4209-4768-8239-6C32Fd358074,26,Male,Basic,2.18,37,Europe,Mobile,8.99,1,Paypal,5,0.06,Comedy
399C1Cff-C016-45B4-B2B0-984443300064,54,Male,Basic,30.0,9,Asia,Tablet,8.99,0,Credit Card,4,3.0,Drama
728Cb69B-4920-4D86-83Ce-8C89Da725583,45,Male,Premium,17.57,37,Africa,Tv,17.99,0,Paypal,4,0.46,Horror
9347980B-009D-4C3F-99D8-E7C509A64747,44,Female,Basic,6.0,44,Europe,Laptop,8.99,1,Crypto,4,0.13,Horror
1B8D684D-619C-41B0-9E21-Ae96Bf84Dcf7,24,Other,Standard,0.72,56,South America,Tv,13.99,1,Crypto,2,0.01,Romance
8F4A47F4-7B2A-4Afc-B520-7B99B5Ab2B37,64,Male,Premium,2.66,57,North America,Desktop,17.99,1,Credit Card,2,0.05,Romance
96Ff8Ebe-A6E9-4Cdc-Ba8F-Cd8Ab503887E,41,Female,Standard,4.13,26,Asia,Tv,13.99,1,Paypal,3,0.15,Horror
6E4404Fd-2F42-4A86-8D30-769A4F940474,42,Other,Premium,0.15,5,South America,Tablet,17.99,0,Debit Card,4,0.02,Sci-Fi
Aaddbc84-7Ee8-4C0F-8E0C-16Ca63Dd7881,30,Female,Premium,6.24,29,Oceania,Tablet,17.99,0,Gift Card,3,0.21,Sci-Fi
8Dc81534-C8A1-4A55-8F4C-5E34Ba2Ae7Bc,28,Male,Standard,10.69,51,Asia,Laptop,13.99,1,Crypto,3,0.21,Comedy
Ba083146-D48C-4D1F-Aca2-Ca4Bc5D6178A,24,Female,Basic,26.07,27,Asia,Laptop,8.99,0,Credit Card,2,0.93,Sci-Fi
F6F6624A-B2D0-4655-A972-F9Bec17A6Ee4,23,Other,Premium,12.51,11,Europe,Mobile,17.99,0,Crypto,4,1.04,Documentary
458Dc247-15Ed-4E76-Aa27-D2F194E47D2A,30,Female,Basic,1.6,56,Europe,Desktop,8.99,1,Debit Card,2,0.03,Horror
C889501D-97D7-4383-9Fcf-9C87840E4A43,35,Female,Basic,1.1,25,North America,Laptop,8.99,1,Paypal,2,0.04,Horror
18Fdd87E-1221-4B90-A8Ac-C80D74F6511F,22,Other,Premium,17.85,46,South America,Tv,17.99,1,Paypal,2,0.38,Romance
74E8480B-6D93-4E54-8298-026036832022,35,Female,Basic,1.1,35,Africa,Tv,8.99,1,Paypal,2,0.03,Sci-Fi
5F0Daf72-991E-4Edc-A8C2-C1A330351E9A,35,Female,Basic,37.93,14,Africa,Desktop,8.99,0,Crypto,4,2.53,Romance
Ca75F885-2393-40F3-Bd87-28F761Ef8487,22,Female,Basic,0.68,21,Oceania,Tv,8.99,1,Debit Card,1,0.03,Action
2Bcf8E3C-C68D-4343-9D6F-8A0D4406A4Cb,43,Male,Premium,13.49,8,Europe,Desktop,17.99,0,Gift Card,4,1.5,Documentary
984019B7-1F52-407C-A36F-8288F6A141A0,33,Male,Premium,0.69,13,Asia,Tablet,17.99,1,Crypto,4,0.05,Documentary
6F60718E-5A94-4Ed6-9350-982F44C4166C,48,Female,Premium,10.54,19,Europe,Mobile,17.99,0,Credit Card,1,0.53,Sci-Fi
5D21578A-B614-4939-9Ce3-0C2E84Aed9A4,68,Female,Premium,1.85,3,Europe,Tablet,17.99,0,Gift Card,5,0.46,Romance
9731C4F5-6E17-4Efb-8757-47E7B6491B02,58,Other,Standard,1.32,29,Oceania,Mobile,13.99,1,Paypal,2,0.04,Documentary
0601Af52-Dab0-4113-9231-3A750Db99347,49,Other,Basic,10.47,43,Africa,Laptop,8.99,1,Debit Card,5,0.24,Documentary
Bf7C20E7-A641-4744-B5F5-77726Be8761B,24,Other,Basic,2.59,24,North America,Mobile,8.99,1,Gift Card,3,0.1,Horror
B1F58E6D-869A-4Bcc-B8Ef-85C692608B44,66,Other,Standard,26.89,17,Africa,Desktop,13.99,0,Gift Card,1,1.49,Documentary
615Bf370-1547-4522-Bd9A-095Ea804C262,26,Male,Premium,1.87,26,South America,Tv,17.99,1,Crypto,3,0.07,Comedy
6B9Ea7E4-5A75-4Ad1-8E49-8B47731862A2,32,Female,Basic,6.82,42,Africa,Mobile,8.99,1,Credit Card,5,0.16,Comedy
28E352Ce-75B6-4Fe3-8F57-Ea1B0757Ae28,54,Female,Basic,6.76,52,Asia,Tablet,8.99,1,Paypal,5,0.13,Drama
Ca30626A-76D6-4200-A884-9883377Bfbc5,45,Female,Premium,1.85,23,Asia,Tv,17.99,1,Crypto,5,0.08,Sci-Fi
5Bf1D96E-C284-4Dae-851A-3B2Cc3922Dc9,59,Other,Premium,8.88,16,South America,Mobile,17.99,0,Debit Card,1,0.52,Romance
2Dd034C1-08B9-4B8A-9121-5Ee5B4Ff187E,67,Other,Basic,17.08,33,South America,Tv,8.99,0,Credit Card,5,0.5,Drama
13B141F5-Ad9B-49Ea-9C0B-1Fbbe042F285,61,Female,Basic,12.55,8,Africa,Tv,8.99,0,Paypal,3,1.39,Romance
411B6Bce-947C-4E94-A92C-F9709D42F9Ea,22,Female,Standard,3.05,48,South America,Desktop,13.99,1,Crypto,4,0.06,Documentary
7D2E8C99-Eba5-41D7-8A5A-6F5D58Fecaca,23,Other,Basic,14.42,2,Africa,Tablet,8.99,0,Crypto,2,4.81,Romance
C9A12C20-E602-4D0F-B036-4877D4E55E9A,61,Female,Standard,16.83,46,South America,Mobile,13.99,0,Paypal,5,0.36,Romance
Df086863-9F4B-48Ba-968B-0286614E5Bd5,66,Male,Standard,1.65,44,Africa,Tv,13.99,1,Paypal,2,0.04,Romance
C9246E8B-545B-4719-88F1-Ee69Be75E652,39,Female,Standard,2.76,1,South America,Mobile,13.99,0,Paypal,3,1.38,Documentary
1B5A59A3-7Bd7-460A-8978-0A0D192Fe774,68,Other,Premium,1.23,12,Asia,Mobile,17.99,1,Crypto,5,0.09,Horror
F6Cbd08C-12Fa-4Eba-B860-Da3B6C21Eb39,52,Other,Premium,3.1,6,Europe,Tablet,17.99,0,Credit Card,3,0.44,Documentary
8443F57D-34F9-495C-9471-Eb212212192E,21,Female,Premium,34.18,47,Europe,Mobile,17.99,0,Gift Card,1,0.71,Comedy
D2A932Ab-697B-4647-8F2C-Dbc66Caef165,53,Male,Standard,16.06,57,North America,Tablet,13.99,1,Gift Card,4,0.28,Action
E6C7D246-1773-48C1-Ac58-689C3E68Ac6B,68,Male,Basic,5.26,45,Asia,Desktop,8.99,1,Gift Card,1,0.11,Action
7A5A1C2D-4Ddf-4Ced-8B06-9Fe87D4E0D77,46,Female,Standard,4.76,43,Europe,Desktop,13.99,1,Paypal,5,0.11,Romance
Eb1715Dc-8Db7-4781-A6Fd-027E5F6Bb5Ac,20,Other,Premium,1.78,34,Asia,Desktop,17.99,1,Credit Card,5,0.05,Action
C2E9B503-386D-42Dc-Bac7-6A297A98E82C,34,Male,Basic,10.48,60,Europe,Desktop,8.99,1,Crypto,5,0.17,Romance
3589Dd2E-C79A-4239-99Fb-F35C8B19F77C,31,Male,Basic,1.61,41,North America,Tablet,8.99,1,Gift Card,2,0.04,Sci-Fi
D487B07D-0A2D-49C5-81F9-0Ca3D4A25069,31,Male,Premium,4.0,10,South America,Mobile,17.99,0,Debit Card,5,0.36,Comedy
E1844A6B-1068-4951-83F9-Eb207E5B60D3,24,Female,Basic,6.65,41,Europe,Desktop,8.99,1,Crypto,2,0.16,Romance
181Fd400-Afb0-4208-9315-759De2Eb87D9,66,Other,Basic,12.76,0,North America,Tablet,8.99,0,Credit Card,1,12.76,Sci-Fi
996B6673-00Fa-4Bf0-B45D-74D98888F537,26,Female,Basic,7.83,1,North America,Tablet,8.99,0,Credit Card,1,3.92,Documentary
47610273-6Edd-4A7B-A38E-8299B453981E,53,Female,Standard,2.34,46,Asia,Desktop,13.99,1,Paypal,1,0.05,Romance
01Adeb52-273B-42Eb-979A-3Fb1A4440A75,32,Other,Basic,8.18,16,Oceania,Desktop,8.99,0,Debit Card,4,0.48,Sci-Fi
1A3F4483-772D-43Ea-A48A-605E0Ebe7079,33,Other,Premium,9.1,26,South America,Laptop,17.99,0,Gift Card,2,0.34,Drama
E473C69F-6859-4428-844E-93814Aaf0186,49,Female,Premium,15.64,1,Africa,Tablet,17.99,0,Paypal,4,7.82,Horror
5Ee0Ae54-F871-4Dd1-9614-E4Ca9F74659F,46,Male,Standard,8.72,8,Europe,Desktop,13.99,0,Debit Card,5,0.97,Documentary
A03Ee82D-6Ef9-4C38-976A-D121E6B7Dea0,29,Male,Basic,3.75,49,South America,Tablet,8.99,1,Crypto,1,0.07,Romance
082C7632-Daca-4F82-Ba6E-Dc1E7Dca5624,69,Other,Basic,2.86,1,South America,Laptop,8.99,0,Gift Card,4,1.43,Action
Da9C8B84-7D45-457F-9038-Dfe4A87751A1,54,Male,Basic,1.29,49,Europe,Laptop,8.99,1,Credit Card,4,0.03,Sci-Fi
1E2Cf6C0-3Fb4-49D5-8Aeb-Af2A4C886D64,59,Male,Standard,4.14,55,South America,Desktop,13.99,1,Crypto,5,0.07,Horror
B8004935-690F-401B-B365-33B40B1D5D4E,18,Male,Premium,2.53,38,Asia,Mobile,17.99,1,Debit Card,3,0.06,Sci-Fi
2De72Af7-0363-4Ede-Bf96-C0003A896F72,42,Male,Premium,22.19,6,Asia,Desktop,17.99,0,Paypal,2,3.17,Sci-Fi
023674Fd-9B81-45E5-8F9D-F8733D7D65D8,47,Other,Standard,2.92,56,South America,Mobile,13.99,1,Debit Card,5,0.05,Drama
77A52F9C-7768-491C-9B1D-723Ead182Bdf,23,Other,Basic,10.62,52,North America,Mobile,8.99,1,Gift Card,4,0.2,Comedy
454Fec46-8E0D-4393-8447-Cd6A9E571728,51,Male,Standard,18.0,60,South America,Desktop,13.99,0,Debit Card,4,0.3,Romance
5Cc8A992-4C30-43Be-A159-973C513B4Dd6,30,Female,Basic,8.52,11,Asia,Laptop,8.99,0,Gift Card,4,0.71,Action
1A0E524E-C388-4Abf-Af21-46Baf2798E0A,65,Other,Basic,9.95,8,North America,Laptop,8.99,0,Crypto,5,1.11,Comedy
2E4826Ea-64A8-4Eae-84F2-4E5E2C104656,70,Female,Premium,9.25,8,South America,Tablet,17.99,0,Paypal,5,1.03,Documentary
F4C54Bfe-7854-4C8C-Ad84-B9710932A4Af,49,Female,Basic,9.65,8,Asia,Laptop,8.99,0,Crypto,3,1.07,Romance
7108B055-A04F-4Eb1-B937-Acf3B9Eacbfc,37,Male,Premium,0.64,10,Europe,Desktop,17.99,1,Gift Card,5,0.06,Comedy
72836765-0277-45C6-8517-86670C85Cc1C,70,Other,Standard,1.34,0,Asia,Tv,13.99,0,Debit Card,1,1.34,Documentary
Fa628A8C-2284-4Cd4-B893-92F7667Cd544,26,Male,Premium,10.65,37,South America,Tv,17.99,1,Credit Card,3,0.28,Horror
Bfc31455-3690-4B1C-8B1D-7C920788Dacd,64,Male,Premium,3.74,32,North America,Tablet,17.99,1,Paypal,3,0.11,Drama
838A0849-D3C0-459D-Be8A-3062F5C3C0F4,43,Female,Premium,12.51,47,Oceania,Tv,17.99,1,Credit Card,1,0.26,Action
9Adb0B11-3199-438C-9B3C-59Dee22C6B27,59,Other,Premium,32.81,0,North America,Laptop,17.99,0,Debit Card,3,32.81,Sci-Fi
817458Bd-A260-4430-B45E-F81D607Fb449,60,Male,Premium,6.91,46,North America,Tablet,17.99,1,Debit Card,1,0.15,Action
219A55D5-2799-4E22-9E75-Ef4Fe26Ed9Cd,60,Female,Basic,4.46,10,Europe,Laptop,8.99,1,Gift Card,5,0.41,Action
6D10F486-9B5F-4Cd3-B85B-Fc27A5A5595D,69,Other,Basic,2.16,57,Europe,Tablet,8.99,1,Crypto,2,0.04,Action
082Fd087-4859-4B03-9Ec1-F51050Cd285B,42,Other,Premium,6.34,28,Asia,Tv,17.99,0,Gift Card,1,0.22,Documentary
C31A20Bb-1B05-4448-801C-A8193F1B4F74,47,Other,Premium,12.5,18,Africa,Mobile,17.99,0,Credit Card,1,0.66,Drama
Cbdd092B-08F0-4234-8418-Feceb1F990D9,54,Other,Premium,5.37,35,Oceania,Desktop,17.99,1,Crypto,4,0.15,Romance
74Bab484-Aac9-4A5C-8E3D-D2A4504A1Eff,35,Male,Standard,32.86,25,Oceania,Tv,13.99,0,Gift Card,4,1.26,Romance
C3614Ddf-Ee73-496A-B1Ea-3E27F6A5288A,50,Other,Premium,12.5,56,Asia,Tablet,17.99,0,Credit Card,5,0.22,Action
26024Fd4-7715-4460-Ae23-4E78F477A652,69,Female,Premium,1.75,6,Oceania,Mobile,17.99,0,Paypal,5,0.25,Romance
C7Cf1B97-Cdd3-47Cf-A147-A8Ab731A5F19,25,Other,Basic,19.31,5,Africa,Mobile,8.99,0,Paypal,2,3.22,Documentary
6004Fb8D-885F-4Bdc-Bcef-D671742Ba6F6,51,Female,Basic,17.62,55,Asia,Laptop,8.99,1,Debit Card,4,0.31,Comedy
19Fc98F0-Ad10-4Ad2-9526-28254Dca93E5,23,Female,Standard,3.7,6,Africa,Mobile,13.99,0,Paypal,3,0.53,Drama
80B1Fe1E-8Ef5-42Af-Ada7-Af43D8993352,39,Other,Premium,7.99,50,Asia,Mobile,17.99,1,Paypal,3,0.16,Drama
C65Be27E-F93B-4423-A704-E981640E344E,22,Other,Premium,8.18,29,Oceania,Desktop,17.99,0,Gift Card,2,0.27,Horror
E2Bcc0Cf-556C-4C71-93B4-F4E99A0E9520,51,Other,Premium,12.41,53,Asia,Laptop,17.99,1,Gift Card,3,0.23,Romance
693Dbaee-4Cc2-4978-Ab24-F5588Acfe591,52,Other,Basic,28.04,11,Europe,Laptop,8.99,0,Debit Card,2,2.34,Action
Cc439399-1Ef2-4143-8924-B9E36668Bdea,51,Male,Standard,5.05,24,North America,Tablet,13.99,0,Gift Card,3,0.2,Action
4B051C08-De8A-4D4E-A445-Efb30Be01528,68,Male,Premium,10.0,60,North America,Desktop,17.99,1,Crypto,4,0.16,Horror
D1Be299E-4Ffd-47Bf-9976-93A9C9456Ba0,46,Other,Basic,2.04,26,North America,Mobile,8.99,1,Gift Card,4,0.08,Action
2F01C18C-8Ac5-4B63-873E-Fe10605673E3,55,Other,Premium,2.69,37,Africa,Tv,17.99,1,Debit Card,2,0.07,Sci-Fi
Ab672Cb5-Ca3C-4C41-8F60-05033Fd5A24F,70,Male,Standard,17.8,48,North America,Mobile,13.99,1,Gift Card,2,0.36,Drama
5A322090-313F-4308-Ab38-8Fdf937Cc37E,56,Other,Premium,36.2,3,Europe,Mobile,17.99,0,Gift Card,5,9.05,Sci-Fi
2B48Ac28-5439-47A6-B935-4438F01794Ee,24,Male,Standard,0.49,2,Oceania,Laptop,13.99,0,Debit Card,2,0.16,Romance
612E9485-7864-4Dcb-83Be-Bc58C403719E,68,Male,Standard,0.88,32,Europe,Laptop,13.99,1,Credit Card,3,0.03,Documentary
F140D0F2-16E8-44D1-B48C-2D1Cc316939E,59,Other,Basic,12.02,4,North America,Mobile,8.99,0,Crypto,2,2.4,Action
1575Ab22-Bbac-4Dc1-Be66-E03431A9Fc07,28,Female,Standard,11.94,1,Oceania,Tablet,13.99,0,Crypto,2,5.97,Comedy
3A68905F-037F-48Eb-97B0-7E8C5A6F9C5A,36,Male,Premium,3.28,15,South America,Tablet,17.99,1,Paypal,3,0.2,Horror
6Ed1Be2A-984E-4Fe7-Becc-351B913Eb571,31,Other,Basic,7.46,45,Oceania,Mobile,8.99,1,Credit Card,2,0.16,Action
79A31Ced-93D3-4F11-A961-7Ce4256Ab073,18,Female,Standard,25.19,11,North America,Tv,13.99,0,Paypal,1,2.1,Horror
1E0C89Ad-A44C-479E-B2B5-Eb8E35Cc0F41,30,Female,Basic,2.99,51,Europe,Laptop,8.99,1,Credit Card,4,0.06,Horror
F4223A44-E729-4Eb9-Afca-28680C9Cdb21,58,Male,Basic,14.69,30,Europe,Tv,8.99,1,Crypto,2,0.47,Horror
96Ba87E6-324E-4976-96E1-5359F74975F6,24,Male,Basic,9.34,17,Asia,Tv,8.99,0,Paypal,4,0.52,Sci-Fi
4A019852-Cd31-4F1A-Ab65-Fce6B1B4Fa01,62,Female,Premium,6.03,49,Oceania,Tv,17.99,1,Debit Card,2,0.12,Horror
31832Db0-5F36-4C75-9226-07C279E0F707,35,Other,Premium,1.45,12,Africa,Laptop,17.99,1,Credit Card,2,0.11,Documentary
9D3B9Aa9-6Ef6-40C3-990A-0B71D4E1Cd32,54,Other,Basic,29.19,28,Asia,Tablet,8.99,0,Gift Card,2,1.01,Romance
D62D3551-4902-442D-8C64-0D6877A35934,42,Other,Basic,8.18,15,South America,Laptop,8.99,0,Gift Card,2,0.51,Horror
84E03006-C72A-4D1F-Bd72-D59D7854660A,36,Female,Standard,7.28,2,North America,Tablet,13.99,0,Debit Card,4,2.43,Sci-Fi
0Ea4C14C-52Be-4987-A6B8-396C00B47Ee1,47,Other,Premium,5.41,10,Oceania,Tablet,17.99,0,Debit Card,3,0.49,Horror
D736A739-Cc2B-4884-Ae4B-72C68825F391,45,Other,Standard,4.13,4,South America,Tablet,13.99,0,Debit Card,2,0.83,Comedy
7Fde535C-B503-4287-A277-Ee12295Cf580,36,Other,Premium,5.09,26,Europe,Laptop,17.99,0,Debit Card,4,0.19,Documentary
4Ad47677-3633-4836-A9Df-C0F173E50006,23,Male,Standard,22.05,53,South America,Laptop,13.99,0,Debit Card,3,0.41,Action
8Ad33487-24C0-448E-A75A-35Ec18A47E30,58,Other,Standard,14.37,1,North America,Tv,13.99,0,Debit Card,3,7.18,Action
Ac50Dc85-D01D-4066-B80F-Ef5F2D2Af804,27,Female,Standard,2.62,10,South America,Desktop,13.99,1,Crypto,4,0.24,Action
D25Fa337-92Ae-40F9-A2Ab-8C6Bc5Cdf6Ae,40,Other,Premium,2.78,12,North America,Laptop,17.99,1,Paypal,2,0.21,Drama
Ca46Ce36-Fc9E-44F2-8389-482A3140E392,47,Other,Standard,3.3,51,Europe,Tablet,13.99,1,Debit Card,5,0.06,Horror
1646D3Ef-E240-4Ca8-8594-D79116550B71,57,Other,Premium,13.72,29,South America,Desktop,17.99,0,Credit Card,1,0.46,Sci-Fi
0D95Ff72-E987-4197-B250-Afc7E62D2Dee,52,Other,Standard,12.96,40,South America,Mobile,13.99,1,Gift Card,4,0.32,Comedy
62B61C40-B80A-416A-9Ccb-Fe3C9E6D0A06,25,Other,Standard,1.7,21,Oceania,Tv,13.99,1,Paypal,3,0.08,Drama
4Ef6Fb81-A622-445F-8F85-597Ecf5567Be,32,Male,Premium,30.07,24,South America,Mobile,17.99,0,Debit Card,3,1.2,Documentary
056Fe4F4-E919-4Cfe-Ba2F-Fdec0661500D,32,Other,Basic,8.94,24,Oceania,Tablet,8.99,1,Crypto,3,0.36,Drama
Ee07Ca21-C2C4-44E6-9Df9-1C15Ec176C3A,44,Other,Standard,5.3,29,Africa,Mobile,13.99,0,Gift Card,1,0.18,Documentary
6531Fb78-Bb8A-4Beb-Ab13-C3E8B856E3F6,20,Female,Basic,1.98,2,Asia,Tablet,8.99,1,Crypto,1,0.66,Sci-Fi
266C6B86-79E8-4Fa9-A41C-Be3D23Ef2475,51,Male,Standard,20.53,1,Europe,Laptop,13.99,0,Debit Card,4,10.27,Comedy
4115Cbbb-3De8-46Ef-A43F-B338D350Ad79,64,Other,Basic,0.95,50,Africa,Tablet,8.99,1,Credit Card,2,0.02,Action
5381612F-764A-40Ee-9B78-D63104E51F5F,47,Other,Premium,3.3,24,North America,Desktop,17.99,1,Crypto,4,0.13,Action
3988C64C-4754-489C-Bf86-146Be943C7B8,25,Other,Basic,2.2,55,North America,Tablet,8.99,1,Gift Card,4,0.04,Romance
83D9F3D1-27B2-46D3-B2C5-6803Bb220F4D,56,Other,Standard,34.8,2,Oceania,Desktop,13.99,0,Debit Card,4,11.6,Drama
31Fa49F8-825A-4Ea0-8Ac6-Ea7101Ad0Bda,59,Other,Premium,10.17,14,South America,Laptop,17.99,0,Debit Card,3,0.68,Action
B0494B53-2F3C-46Cc-B907-265Ed1F3D345,45,Male,Standard,43.5,7,North America,Desktop,13.99,0,Gift Card,5,5.44,Drama
A9815Df5-69E5-4Cb7-9Cdd-E7E47B879875,68,Other,Premium,13.82,44,Oceania,Tv,17.99,1,Gift Card,4,0.31,Comedy
8D1288C4-B29C-4Cba-8C59-4Bbf0Db22487,50,Other,Premium,13.02,51,South America,Desktop,17.99,1,Crypto,2,0.25,Romance
3A1Bf4C6-39Ee-430E-Bdf0-74Fd5F9615C2,20,Other,Standard,2.0,24,Europe,Tablet,13.99,1,Credit Card,2,0.08,Action
Ee78B050-Dae3-4B93-Ba7C-Cc046F2E7003,23,Female,Basic,3.03,45,Africa,Laptop,8.99,1,Debit Card,3,0.07,Drama
1D8Fdb2F-7A27-4D1F-9Dcf-Fc324A029558,45,Other,Basic,11.67,16,North America,Tablet,8.99,0,Paypal,1,0.69,Sci-Fi
A58A4B83-C549-420B-Acf2-E746Ed63477A,19,Other,Premium,3.81,45,Oceania,Tv,17.99,1,Debit Card,3,0.08,Documentary
7769Cf6C-0C7C-4F5B-8807-03A2Ccb516A7,34,Other,Standard,12.44,59,Asia,Tv,13.99,0,Credit Card,4,0.21,Drama
32Fb3202-3001-457C-B218-60B3E3Bfe26B,54,Male,Basic,14.95,44,Europe,Desktop,8.99,1,Debit Card,1,0.33,Horror
622065Af-078B-407B-Ac57-754272D9B7Df,47,Female,Standard,1.23,54,Asia,Tv,13.99,1,Crypto,1,0.02,Documentary
0C18Ab75-E044-4805-Ac68-9828F50F3193,32,Male,Basic,24.51,50,Africa,Laptop,8.99,1,Paypal,3,0.48,Romance
6C602423-7B4C-4B86-8505-32B042557344,30,Male,Premium,5.12,59,Europe,Mobile,17.99,1,Paypal,1,0.09,Action
351A509C-28Ab-4E97-8Ac2-D8Addfe48E93,59,Other,Standard,19.18,20,Oceania,Desktop,13.99,0,Crypto,2,0.91,Horror
D9Ac3Ade-6C21-4Bae-89Bd-C2Ad880D31F0,54,Other,Standard,25.32,57,Asia,Mobile,13.99,0,Credit Card,3,0.44,Drama
5C3Ffb03-1Eb8-4441-853F-E6Aca2Fdbc2B,44,Male,Basic,4.99,57,Europe,Laptop,8.99,1,Credit Card,3,0.09,Drama
C836E596-7E8E-4Be9-8413-4D75F8151709,35,Male,Standard,1.75,41,Europe,Tv,13.99,1,Paypal,1,0.04,Romance
79Aa6450-52E2-4C0E-9Efe-969Afaa8C252,56,Male,Premium,42.86,41,Europe,Tv,17.99,0,Paypal,3,1.02,Action
5913A03E-Ba87-408C-B4Fd-B0713609Ab9F,18,Other,Premium,4.12,47,Europe,Mobile,17.99,1,Debit Card,3,0.09,Romance
C004D46A-3676-4C1F-Bd2A-B3Ca2C55389D,63,Other,Standard,1.38,0,Oceania,Desktop,13.99,0,Gift Card,4,1.38,Sci-Fi
4A3D750D-4Fc6-43Ce-9354-C086E2372D3E,38,Other,Premium,7.13,60,Europe,Desktop,17.99,1,Paypal,1,0.12,Drama
81703340-2D76-4363-953E-56Bed0C5B93C,39,Other,Standard,7.27,31,Asia,Mobile,13.99,1,Crypto,1,0.23,Drama
Feff7Dcc-8B4D-4121-9638-E39Edad5C67F,52,Other,Premium,34.96,50,North America,Desktop,17.99,0,Credit Card,3,0.69,Horror
56Ba0529-B5Aa-48E2-Ba5B-154E594Ce824,57,Other,Premium,7.31,53,Oceania,Tablet,17.99,1,Paypal,3,0.14,Romance
7F9E1A97-C9Be-4712-A61B-Aed1Bbbf858E,37,Male,Standard,3.66,5,Africa,Tablet,13.99,0,Paypal,1,0.61,Sci-Fi
Dc9Be9A8-E518-4F3C-A023-Bdbaeeb17B3C,53,Other,Standard,0.51,30,South America,Mobile,13.99,0,Debit Card,5,0.02,Horror
633Ce2E6-3297-4E35-83Ac-1Eb8Ebb10331,58,Female,Basic,31.06,38,North America,Mobile,8.99,0,Paypal,2,0.8,Sci-Fi
03D585D7-1C33-4D36-A7B1-F75Db2Ebff42,31,Other,Standard,0.68,58,South America,Tv,13.99,1,Gift Card,5,0.01,Drama
181B6713-B90E-4211-A3C5-0F763E890D58,38,Other,Premium,8.93,57,South America,Mobile,17.99,0,Debit Card,4,0.15,Drama
Fff878E7-Afef-4B0F-9934-6F5B2819E20D,58,Female,Basic,3.41,34,Oceania,Tablet,8.99,1,Gift Card,2,0.1,Sci-Fi
E1A73Fc5-3F78-481B-Bc83-3E2938Ba4129,20,Male,Basic,24.77,55,North America,Mobile,8.99,0,Debit Card,4,0.44,Documentary
3D98A1F8-5893-42Da-B18D-59E48283Ec63,69,Female,Basic,16.43,10,Oceania,Tablet,8.99,0,Debit Card,1,1.49,Action
6D950E48-0E13-4E8F-A6D7-2C30B2Ec6529,55,Other,Basic,11.13,24,Asia,Laptop,8.99,0,Crypto,4,0.45,Romance
887801E2-9Db1-4956-A541-C39601Fb5C06,21,Other,Basic,0.54,36,Asia,Tv,8.99,1,Credit Card,2,0.01,Sci-Fi
F967Ac11-3D04-4C44-A518-5E6F432Cd0C0,60,Female,Standard,5.02,26,Oceania,Tablet,13.99,0,Crypto,3,0.19,Horror
88Ff87A0-D3A1-4609-9960-D505E81D2507,34,Other,Standard,1.34,28,Africa,Desktop,13.99,1,Crypto,3,0.05,Documentary
4Ab6Dc88-5117-45E9-8A50-D7Ce2F48Cc66,27,Other,Premium,5.07,33,Asia,Desktop,17.99,1,Gift Card,3,0.15,Action
B084D328-0B3A-49Bd-A03F-06D53Bf89686,44,Female,Basic,5.7,18,North America,Tablet,8.99,0,Paypal,2,0.3,Drama
Cbe73B6F-Edfd-43A2-95Aa-8821C564389E,36,Female,Premium,12.97,18,Europe,Tablet,17.99,0,Credit Card,2,0.68,Documentary
Be92Bfd0-A5A6-431A-B376-Dd8207Dd32D2,63,Male,Standard,15.51,9,South America,Laptop,13.99,0,Paypal,1,1.55,Action
1B5358Fa-03C3-4163-8Dd5-C30B2460Ca97,36,Female,Standard,48.9,23,North America,Laptop,13.99,0,Paypal,1,2.04,Drama
83662Cbb-68D7-4D0A-Bed6-73C0B4Fb0206,34,Male,Standard,6.79,2,Oceania,Mobile,13.99,0,Paypal,2,2.26,Romance
5A10Ba14-49E9-4305-84C4-39690A5750E2,43,Other,Standard,2.08,45,Asia,Tv,13.99,1,Debit Card,3,0.05,Action
6D3F8263-B314-4D76-B2Bf-0329597D963E,42,Female,Basic,5.67,2,Asia,Mobile,8.99,0,Debit Card,3,1.89,Horror
A34E8Ef9-Faa1-42A4-8Db2-D0402E6F09Ee,46,Male,Premium,36.23,16,South America,Desktop,17.99,0,Credit Card,4,2.13,Sci-Fi
B33D87E2-8E21-405E-95E0-B357F02A0Af5,37,Female,Basic,5.35,2,North America,Tablet,8.99,0,Gift Card,2,1.78,Drama
651E01C7-45B6-44Ef-A851-16Dd82B0D92F,58,Female,Basic,11.9,36,Asia,Tablet,8.99,1,Paypal,3,0.32,Documentary
Eb9340Bf-76E0-4Abc-A037-897Ab16A9321,19,Other,Basic,8.23,34,Asia,Tv,8.99,1,Crypto,3,0.24,Comedy
13D9A2C4-6246-4B31-9C92-2Dd0A8Ab193B,53,Female,Standard,21.38,53,Oceania,Tablet,13.99,0,Credit Card,5,0.4,Documentary
Ea772153-Fc26-4Ae7-9A01-F0C441D77Bac,61,Female,Standard,4.19,30,South America,Tv,13.99,1,Crypto,2,0.14,Comedy
A856148D-F351-4167-97B3-F542C4B0055B,37,Male,Premium,10.86,47,Africa,Desktop,17.99,1,Crypto,3,0.23,Romance
41C3B640-F804-4274-8B9B-10C9Ad380348,56,Female,Standard,3.8,26,Africa,Desktop,13.99,1,Credit Card,2,0.14,Romance
470957A2-9765-4376-Bd45-7B0C8Ae3Fdac,65,Female,Standard,50.15,13,South America,Laptop,13.99,0,Credit Card,3,3.58,Sci-Fi
01Bf79Df-D2F3-4Bf8-B63C-1E8031B22Ac3,33,Other,Premium,7.79,17,Asia,Desktop,17.99,0,Gift Card,3,0.43,Action
C2A427A1-F7A0-4E27-Aa4B-00A947A019Fb,36,Female,Standard,15.28,54,North America,Tablet,13.99,1,Crypto,4,0.28,Drama
Dc9C76A8-0447-4Ba5-Ae03-Cf1Babba783B,65,Other,Standard,9.15,30,Europe,Laptop,13.99,0,Gift Card,4,0.3,Horror
E75Da4F2-0792-4146-9A51-F4A49Af1275B,44,Other,Standard,14.25,25,South America,Laptop,13.99,0,Crypto,1,0.55,Comedy
611B8C45-F9Dd-4635-A726-F2Fab2Ab0C7E,36,Male,Standard,9.1,2,North America,Tablet,13.99,0,Debit Card,2,3.03,Drama
6F8F6066-8B9D-4D86-9706-Fd94C6D87F8C,38,Female,Basic,0.32,16,South America,Tablet,8.99,1,Debit Card,3,0.02,Comedy
0Ef46415-Fdcc-428B-8F0D-068A9412Db6A,44,Female,Basic,1.03,15,Asia,Tablet,8.99,1,Gift Card,3,0.06,Drama
79Ffa97F-3B33-4795-9D8B-98Cb819D9A5C,20,Female,Premium,60.37,8,Asia,Laptop,17.99,0,Debit Card,3,6.71,Sci-Fi
E3C31B2E-94Eb-419B-8212-3536E2385D2C,31,Other,Basic,7.32,23,Asia,Mobile,8.99,0,Gift Card,5,0.3,Documentary
D8A1B0E1-30C5-404C-Aaef-Ee2F91090379,33,Other,Premium,3.8,38,Oceania,Mobile,17.99,1,Crypto,2,0.1,Sci-Fi
3305C5Ff-0C1D-4454-A4D1-Dea0E3978975,50,Female,Premium,18.62,25,Africa,Tablet,17.99,0,Gift Card,5,0.72,Documentary
13869085-2E02-4A17-Add2-47D51472D671,64,Male,Premium,16.62,58,Asia,Tablet,17.99,0,Credit Card,5,0.28,Documentary
E4103B71-A2Ba-4C11-82F8-9Bff9Aba5A4B,40,Female,Premium,25.5,24,Asia,Tv,17.99,0,Crypto,5,1.02,Action
E160466A-F14F-4Ad4-B190-Ab9Ffd5C2A27,67,Other,Basic,4.62,33,North America,Mobile,8.99,1,Crypto,5,0.14,Horror
F6C82890-A67E-4C6C-Bc25-C0942E667B1A,61,Other,Standard,4.12,0,Africa,Desktop,13.99,0,Crypto,1,4.12,Romance
C8C6Df6C-920D-4F3C-80B1-8607D13C62Dd,67,Male,Standard,0.08,20,North America,Mobile,13.99,1,Gift Card,2,0.0,Drama
45B3Fb12-D487-41Cf-A511-6Bb224C2848D,53,Other,Basic,5.96,46,South America,Tablet,8.99,1,Credit Card,1,0.13,Drama
284B8E48-B6Ef-4947-A69B-4934F8509B51,32,Male,Premium,3.32,12,Asia,Laptop,17.99,0,Paypal,4,0.26,Horror
02Cc8F8C-5D42-4C4B-Bacb-177A896E51B7,31,Female,Standard,6.08,25,Europe,Tv,13.99,0,Gift Card,2,0.23,Romance
84057A35-72Ad-4922-8C79-4Bdd241B83C3,69,Female,Premium,5.48,54,North America,Laptop,17.99,1,Gift Card,5,0.1,Action
36562Aee-2F47-41C0-8455-E0Ad53858C3C,55,Other,Basic,28.25,23,Africa,Tv,8.99,0,Credit Card,1,1.18,Action
Ad57C204-F497-4F4B-88Fb-03A6Ed249A42,70,Male,Premium,5.62,25,Europe,Desktop,17.99,0,Credit Card,3,0.22,Comedy
37E9A389-655C-4B71-A5F8-Ceb53A4B0728,70,Male,Standard,15.52,12,Africa,Mobile,13.99,0,Gift Card,5,1.19,Drama
F812B295-Fffc-4248-9068-A94A1F30Bba7,70,Female,Standard,3.06,57,North America,Tv,13.99,1,Credit Card,4,0.05,Comedy
Ed9483F7-D1Bb-43Ea-B042-737F411148E0,27,Female,Basic,17.34,16,South America,Laptop,8.99,0,Credit Card,4,1.02,Sci-Fi
A6A03D8A-8C9B-4F3B-910D-4Ee276Cd1B8B,19,Male,Basic,9.09,56,South America,Laptop,8.99,1,Credit Card,3,0.16,Romance
Ac2992F2-0F0B-410E-Acc3-Cd2Df1Cc164D,63,Other,Basic,36.14,53,Europe,Mobile,8.99,0,Credit Card,4,0.67,Drama
A885F06B-975D-4Dc1-B097-Fbeeb8A5Ae05,47,Male,Basic,3.92,40,Oceania,Tablet,8.99,1,Paypal,5,0.1,Drama
7Fba5Ae9-1913-4021-9975-C3B8982A0C16,27,Male,Premium,17.29,11,Europe,Laptop,17.99,0,Crypto,2,1.44,Comedy
6631Dbbb-Dba7-4E36-98E1-Ecd5867Db158,33,Female,Basic,11.53,3,Europe,Tv,8.99,0,Debit Card,5,2.88,Documentary
2Cc8E207-22D5-4Fb0-A161-45D411D07Da6,58,Female,Premium,8.53,48,Oceania,Laptop,17.99,0,Paypal,4,0.17,Horror
7D760C06-D947-48E0-8Db5-F5329387D1Ef,66,Other,Premium,1.02,15,Europe,Mobile,17.99,1,Gift Card,5,0.06,Comedy
Ecdc67Bf-2219-48D4-Ad54-61842802C67C,55,Female,Standard,3.81,2,Oceania,Tv,13.99,0,Gift Card,1,1.27,Sci-Fi
7B1A55Cd-297F-4B7E-B881-1B5Fd6F5Ec61,30,Male,Standard,9.58,35,South America,Tablet,13.99,1,Debit Card,3,0.27,Horror
Bd92A3F0-63Ff-4E60-8Ebd-7789D7318Af9,70,Other,Standard,4.66,43,North America,Tv,13.99,1,Debit Card,2,0.11,Horror
7Cdf9E69-0B07-42Dc-8Aa9-225C8Cdf6904,70,Male,Premium,18.46,8,North America,Tv,17.99,0,Credit Card,4,2.05,Documentary
36D2Ad86-3674-4Aa9-86E0-B523C81990B6,33,Female,Premium,11.79,15,Oceania,Tablet,17.99,0,Debit Card,4,0.74,Sci-Fi
10E56352-8Dce-4Ba9-A452-87405310C972,57,Other,Standard,9.9,45,North America,Mobile,13.99,0,Debit Card,4,0.22,Documentary
Fe446B20-D84D-4Ee7-9De6-6Bf726B339B4,54,Other,Premium,9.8,56,North America,Tablet,17.99,1,Crypto,4,0.17,Romance
8974F6Aa-5A7B-4Cef-9F38-B56Ac2869Ef4,30,Female,Standard,4.72,14,Africa,Tv,13.99,1,Credit Card,3,0.31,Horror
4C950183-7B4D-433D-94F0-7F415E89C36E,31,Male,Standard,9.41,39,Europe,Tablet,13.99,0,Paypal,4,0.24,Documentary
Ef0C40A9-94E9-43D8-B0F5-0123E35C851C,18,Female,Premium,0.24,9,South America,Tv,17.99,1,Credit Card,1,0.02,Drama
727A2Bec-50Ec-47Ee-9905-3Caf8Cb2A987,52,Male,Premium,3.12,9,South America,Tv,17.99,1,Paypal,1,0.31,Comedy
1F958Ee1-08D0-46D2-8375-88Bb42Ff738A,36,Female,Premium,19.03,1,Asia,Desktop,17.99,0,Crypto,2,9.52,Sci-Fi
1D5Bbdf1-B8Eb-49C8-8502-6925C92285D6,49,Female,Standard,8.43,2,Oceania,Tv,13.99,0,Gift Card,1,2.81,Comedy
Ee8Faa7F-A7E8-4A8B-8441-695A894635Ec,49,Female,Basic,7.02,55,South America,Mobile,8.99,1,Gift Card,3,0.13,Drama
33287Cc9-F41F-40Ae-Ac5C-71754484E635,40,Other,Basic,6.58,3,Asia,Desktop,8.99,0,Paypal,1,1.65,Drama
E3A08F87-A693-47D8-A47E-Cf071D5C1D71,58,Female,Premium,14.52,42,Asia,Desktop,17.99,1,Paypal,1,0.34,Horror
0B4Eb218-348C-4C68-A3A5-08E7993B303A,56,Female,Standard,35.01,2,Asia,Desktop,13.99,0,Crypto,4,11.67,Sci-Fi
2146A842-093C-446D-A78D-86B66080475F,20,Other,Standard,5.85,15,Europe,Laptop,13.99,0,Crypto,2,0.37,Documentary
E6Dd515F-7399-4451-8A24-6E0Ffda79F66,67,Other,Standard,9.09,37,South America,Laptop,13.99,1,Crypto,4,0.24,Horror
Cc2D1C2C-57Dd-420B-8937-6004C639Af1D,18,Female,Basic,7.7,33,North America,Laptop,8.99,1,Crypto,2,0.23,Action
A54A7593-D55E-4F30-B27B-56C9B17B6Bb6,68,Male,Standard,7.02,58,Oceania,Desktop,13.99,0,Debit Card,4,0.12,Romance
7Fe742A0-9A13-4740-93F2-7De97369Def0,57,Female,Premium,4.83,3,Oceania,Desktop,17.99,0,Credit Card,4,1.21,Comedy
7948427B-E1C2-40C2-8447-04791699Eeb9,23,Female,Basic,17.3,22,Africa,Tablet,8.99,0,Paypal,2,0.75,Documentary
C4694Ef0-B6Af-47A9-B7Ae-F24Ad7Ecdb29,29,Male,Premium,6.93,13,Africa,Laptop,17.99,0,Credit Card,1,0.49,Drama
Ed0D8D2E-659D-4A88-Ba88-B42846C0E9C8,41,Female,Standard,3.35,57,Oceania,Tablet,13.99,1,Crypto,3,0.06,Horror
45E9C6D3-4C02-4437-9A89-B1E425B3809C,37,Female,Standard,3.94,2,Oceania,Mobile,13.99,0,Debit Card,2,1.31,Comedy
7E2E2Ab8-Ef15-4A1D-Ab31-70439070Dcb2,45,Female,Premium,0.12,14,Europe,Tv,17.99,0,Debit Card,5,0.01,Documentary
Ac363Bfb-8031-4077-A271-465E28B18E97,47,Male,Premium,0.64,43,Africa,Desktop,17.99,1,Crypto,2,0.01,Romance
E8A364A4-Feae-43F7-805E-Eca0A2Ba8B9C,55,Other,Premium,7.53,8,Oceania,Tv,17.99,0,Crypto,2,0.84,Horror
1D57D21E-088D-4E30-9D26-A22F243D2Cfd,70,Other,Basic,11.44,3,Asia,Tv,8.99,0,Paypal,4,2.86,Romance
Fddebef1-3Eb1-4164-B39E-58708Ccec633,42,Other,Basic,3.47,36,South America,Tablet,8.99,1,Credit Card,5,0.09,Documentary
9B096C41-88Cb-47F7-821A-51088E67Fd01,33,Male,Standard,17.89,32,Asia,Mobile,13.99,0,Gift Card,4,0.54,Sci-Fi
586Bee8A-9719-4537-Ab4A-5Ce2B2A584Fa,57,Male,Basic,28.44,41,North America,Mobile,8.99,0,Credit Card,1,0.68,Comedy
1D2A4F65-52E7-4608-8B68-Eb5Bd4Cdffe7,64,Female,Standard,12.66,36,North America,Mobile,13.99,1,Crypto,2,0.34,Horror
2Dae5422-290C-43F5-86A0-1B32D4Ac035B,69,Other,Premium,3.05,57,Europe,Tv,17.99,1,Paypal,4,0.05,Comedy
4524Dbd8-5791-42D4-B071-F52C41Ee1C6E,27,Female,Basic,0.03,2,Africa,Mobile,8.99,1,Debit Card,3,0.01,Drama
05C92D11-017E-4Bc6-Bb81-936A2547Ed8A,39,Male,Premium,7.64,40,Oceania,Desktop,17.99,1,Paypal,1,0.19,Action
44B4F479-0F54-4647-B5Fc-Eca9657724Ce,65,Male,Premium,5.02,51,Africa,Laptop,17.99,1,Crypto,3,0.1,Comedy
1B04627D-B81D-4Bad-8343-Ae22Bd145828,39,Other,Basic,12.17,18,South America,Tv,8.99,0,Credit Card,5,0.64,Sci-Fi
B281Af12-1392-4E70-9Dc8-B394Fe8De6A8,52,Female,Standard,8.93,38,Africa,Desktop,13.99,1,Crypto,1,0.23,Horror
08B88A8C-5Cf1-4443-8735-Cb68E6Ec3769,62,Other,Basic,30.35,29,Oceania,Tablet,8.99,0,Debit Card,2,1.01,Drama
Aac86E6A-Dd8E-4A52-9Ab0-B6F14Fd2911F,52,Other,Basic,0.4,54,Europe,Desktop,8.99,1,Debit Card,1,0.01,Romance
3E53A4A8-4033-4454-8C95-0B6Be106De8D,43,Male,Standard,0.24,3,Europe,Mobile,13.99,1,Gift Card,3,0.06,Romance
48B92021-3236-486C-8C47-9E0C6E6E6C4B,32,Other,Standard,0.38,10,Asia,Desktop,13.99,0,Credit Card,5,0.03,Comedy
2D323E83-1795-4C77-91Fa-Cbc75C603296,18,Female,Premium,9.88,11,South America,Laptop,17.99,0,Debit Card,4,0.82,Sci-Fi
Adc7F84C-3Aab-48F5-Af7E-27358F82Ac21,45,Female,Basic,25.86,36,North America,Tablet,8.99,0,Paypal,3,0.7,Comedy
5C43C29C-5301-4C78-Bde7-D3F55324E38E,21,Male,Basic,28.27,26,Asia,Laptop,8.99,0,Gift Card,5,1.05,Documentary
3B324E22-6303-4712-B779-D62414Ac4Ecc,63,Male,Basic,6.79,46,Asia,Tablet,8.99,1,Credit Card,1,0.14,Comedy
8Bfa387D-Bfd3-411F-Ab70-4754993Bc947,57,Male,Premium,14.69,12,Africa,Desktop,17.99,0,Crypto,5,1.13,Sci-Fi
3937C4F3-E061-412E-881C-4Abc32F985E0,24,Male,Standard,7.75,25,Europe,Laptop,13.99,0,Crypto,5,0.3,Action
F2Bd18F7-Ed02-4F34-980E-1C7Dba261108,56,Female,Premium,8.83,10,Europe,Tablet,17.99,0,Debit Card,1,0.8,Documentary
2224D120-E062-49D2-Bd41-26419D703Ce9,39,Other,Premium,18.98,37,Asia,Laptop,17.99,0,Gift Card,3,0.5,Comedy
Fedb3F81-A21C-43Fe-839B-Fcb7C0252E68,66,Other,Basic,31.95,12,Africa,Mobile,8.99,0,Debit Card,4,2.46,Horror
74E01E40-D5A7-4Efb-90Fe-F1300408Cb29,38,Female,Premium,15.01,31,Africa,Desktop,17.99,0,Debit Card,5,0.47,Sci-Fi
048C60Bd-5233-445A-83D5-F33E8E5Ad0F1,49,Other,Basic,15.49,18,North America,Tablet,8.99,0,Credit Card,3,0.82,Documentary
B4Ebf013-Bb7D-4033-B06D-Cd08A2026791,25,Female,Basic,2.78,0,Oceania,Tv,8.99,1,Debit Card,1,2.78,Drama
886E8D80-2Dd5-42Ef-82Ce-513B690759B0,64,Male,Standard,28.71,15,South America,Mobile,13.99,0,Paypal,4,1.79,Documentary
81882B96-2263-47C0-Be9A-895D4C8983D3,70,Other,Premium,12.08,16,Oceania,Laptop,17.99,0,Gift Card,5,0.71,Comedy
Acbfff21-46Ea-4D22-9320-980Af367Bdc2,46,Male,Standard,12.26,45,Africa,Tablet,13.99,1,Paypal,3,0.27,Documentary
Ce4F1F9B-06D3-4Ed6-A75C-Bc1D13E5Cbec,62,Other,Basic,0.98,36,Europe,Desktop,8.99,1,Gift Card,4,0.03,Comedy
6E006Abe-2672-4309-9303-6Ca60Ffd2E60,56,Female,Basic,2.98,37,South America,Desktop,8.99,1,Gift Card,4,0.08,Sci-Fi
3Cf2407F-5D20-4C4C-Aa54-7F5Ca07E0183,66,Male,Basic,16.19,25,Africa,Tv,8.99,0,Gift Card,4,0.62,Drama
Ab212213-Fe29-41Ff-9Baf-98537678D60C,25,Male,Basic,4.02,19,Europe,Laptop,8.99,1,Gift Card,3,0.2,Horror
F8D78376-Febd-4540-8D6A-81Bbab8F3B57,45,Other,Basic,39.96,41,Oceania,Laptop,8.99,0,Paypal,5,0.95,Romance
3878E4E3-2960-4B36-B25C-F90Ddd01B5D8,29,Female,Standard,54.53,1,South America,Mobile,13.99,0,Debit Card,2,27.27,Sci-Fi
47C7Ceb4-E638-4732-Abbf-708C055D13F5,68,Other,Premium,3.15,1,Africa,Tablet,17.99,0,Credit Card,3,1.57,Horror
8511Ae79-B03F-432B-Bac6-1933649F2B24,56,Male,Premium,24.37,26,Europe,Laptop,17.99,0,Paypal,3,0.9,Romance
18C6F3B7-Bdb7-4860-B12F-D614Adedd94E,35,Female,Premium,9.97,13,Africa,Tv,17.99,0,Debit Card,5,0.71,Drama
3396E8C6-D124-466A-976A-2282Eb070659,51,Female,Premium,8.68,8,Africa,Tv,17.99,0,Paypal,4,0.96,Documentary
2C7E4D20-2F73-49A5-82D4-3Eea433B1Dee,24,Male,Premium,77.9,12,North America,Tv,17.99,0,Paypal,1,5.99,Comedy
8Ce3C8Fd-8D0A-42Cd-9Ace-C79D8847F482,32,Male,Premium,28.61,22,North America,Tablet,17.99,0,Credit Card,4,1.24,Romance
180983F8-9D3C-440F-B4Cd-32012522Ca03,38,Male,Basic,6.95,17,South America,Tablet,8.99,0,Credit Card,5,0.39,Documentary
49Fa3709-598C-42Ec-9F7F-3Fe2952A7A9D,27,Female,Standard,1.04,54,South America,Tablet,13.99,1,Crypto,3,0.02,Romance
11B11026-73Bb-42Af-8A0F-092Fac0012Ee,49,Male,Standard,10.66,38,Asia,Tv,13.99,1,Paypal,3,0.27,Drama
Ab2A775F-9E55-4246-A6F8-6F9B9B933Da5,47,Male,Premium,20.61,56,Oceania,Desktop,17.99,0,Credit Card,1,0.36,Romance
9204Fff6-14Fd-45Be-Ab46-1Cd5Efe61Aff,59,Male,Premium,12.39,29,Oceania,Tablet,17.99,0,Credit Card,2,0.41,Action
95718011-6Fd5-45Fc-A8F1-4Edcd8Cadcbf,64,Female,Basic,2.11,31,Africa,Tablet,8.99,1,Debit Card,4,0.07,Documentary
080276Bb-8Ca9-4584-Bd17-E42062A10A56,56,Male,Premium,3.93,27,Asia,Tv,17.99,0,Paypal,4,0.14,Drama
362Cc198-E99A-4E0F-91B3-F0442B7D0177,41,Male,Premium,1.34,4,Europe,Laptop,17.99,0,Paypal,2,0.27,Action
26B02B3C-52B1-4C5E-B5D7-62E599A4E310,65,Male,Basic,4.85,45,Africa,Laptop,8.99,1,Crypto,4,0.11,Romance
75019D85-6F3C-4332-A407-7Ff4F9A5Da92,59,Other,Premium,7.26,30,Asia,Mobile,17.99,0,Gift Card,4,0.23,Drama
038A3B7A-2156-496B-95Dc-1A141Efbf296,64,Male,Premium,31.16,47,Oceania,Mobile,17.99,0,Credit Card,5,0.65,Romance
Bcf1E773-449B-4E76-878A-9E9620465707,55,Female,Premium,9.76,37,Europe,Desktop,17.99,1,Gift Card,2,0.26,Drama
F621Bd06-0Cdf-4010-B39E-3Ad5D697Ba92,51,Male,Standard,24.3,38,South America,Desktop,13.99,0,Debit Card,2,0.62,Horror
Dfd041Ff-D855-4C8E-81C1-57155D28C48F,54,Male,Premium,2.1,50,Oceania,Tablet,17.99,1,Gift Card,1,0.04,Horror
B656E72D-28Cd-4Aec-Bc48-4Fd49B5Fc7C8,21,Female,Standard,6.2,4,Oceania,Mobile,13.99,0,Debit Card,5,1.24,Action
E758Dc19-126C-439F-Bc98-4302726912Cd,22,Female,Basic,5.12,27,North America,Laptop,8.99,0,Paypal,4,0.18,Romance
F73Da12B-B911-40Cf-910E-202E6419D7E9,21,Female,Premium,27.5,26,South America,Tablet,17.99,0,Crypto,2,1.02,Horror
De0Bbcd6-C19D-4E30-9Cf2-B66Bf2Dc5Ceb,49,Female,Standard,10.34,20,Europe,Mobile,13.99,0,Gift Card,3,0.49,Sci-Fi
A8Df1927-7706-42Ec-9Dd9-99D18857Cb02,53,Female,Premium,4.37,48,Europe,Tablet,17.99,1,Paypal,3,0.09,Comedy
5253E4Fd-15D7-42E6-B83C-4Cffe2678758,33,Other,Standard,10.71,25,North America,Laptop,13.99,0,Credit Card,1,0.41,Horror
E2204612-D947-4F10-8E02-A7E9Aa6E4Ee8,58,Other,Basic,1.03,50,Africa,Mobile,8.99,1,Credit Card,4,0.02,Drama
Da651Aa7-4E06-40D7-88Dd-Bc98395Aaade,43,Other,Premium,5.78,11,Africa,Desktop,17.99,0,Paypal,5,0.48,Sci-Fi
B72187E9-7572-4Cc6-B79C-5B07Cea9E128,52,Female,Basic,5.2,20,South America,Tv,8.99,0,Paypal,3,0.25,Horror
C079Ea83-Bb00-4217-86B6-Cbb230F0E14F,33,Other,Standard,3.76,16,North America,Tv,13.99,0,Debit Card,5,0.22,Comedy
F566B553-8B4F-48D7-90F0-0B21C62Cfc5B,70,Other,Premium,7.61,1,South America,Laptop,17.99,0,Credit Card,5,3.81,Drama
19841454-1C0F-4A76-Bc4A-223Be392E712,33,Male,Standard,2.53,30,Asia,Tv,13.99,1,Debit Card,3,0.08,Comedy
2B231Ddf-E204-4577-Ae91-F0Da4Cb5F261,52,Female,Basic,4.47,7,North America,Tablet,8.99,1,Debit Card,3,0.56,Action
Dfa1B990-66Dd-4237-Afee-721Ed2E9Aab6,49,Other,Standard,9.01,31,Europe,Laptop,13.99,1,Paypal,3,0.28,Action
6008Bb17-F444-46Ae-A8C5-B1890E810Ca4,55,Male,Basic,12.56,46,Asia,Laptop,8.99,1,Paypal,1,0.27,Horror
B3Fe4F32-1641-4053-B26C-B5000C1D2A58,54,Male,Basic,8.46,41,Oceania,Laptop,8.99,1,Paypal,2,0.2,Romance
Bd8E834A-51Cf-4E23-8487-Bf5892Bce69B,60,Female,Basic,49.16,11,Europe,Tv,8.99,0,Debit Card,3,4.1,Documentary
44A3736F-Eb54-4B27-Afb8-6F07D6C9C25B,47,Other,Basic,0.29,10,Africa,Mobile,8.99,1,Debit Card,4,0.03,Horror
18C7Ffea-F407-4E12-A8Ca-F4Cf9Bb2E4Ab,26,Male,Standard,2.87,50,Africa,Desktop,13.99,1,Paypal,3,0.06,Drama
945A5F93-9C3B-4B1E-893A-Bb486805D851,50,Female,Basic,18.3,25,North America,Mobile,8.99,0,Gift Card,1,0.7,Sci-Fi
5862858F-D37E-4231-Aaef-31Db7463D60D,44,Other,Basic,5.85,5,Asia,Tablet,8.99,0,Paypal,1,0.97,Action
1F8F36B8-2B12-423C-8D89-7B6421897C37,60,Male,Standard,15.15,37,Europe,Tv,13.99,1,Crypto,2,0.4,Romance
5Caa5Ca3-C54D-4B59-838F-E008E0Cdc129,41,Other,Premium,2.49,26,Europe,Tv,17.99,1,Crypto,2,0.09,Action
4Efc58Fd-C544-473C-8E01-Cb331Aa88456,40,Male,Basic,14.79,15,Europe,Tv,8.99,0,Credit Card,1,0.92,Sci-Fi
3Cf735C4-C340-44E5-9Fe5-B5Aee7B4D3D9,42,Other,Basic,0.33,43,Oceania,Tv,8.99,1,Gift Card,2,0.01,Documentary
97A423C0-E104-4E03-8Ba2-4083Cba8D28A,34,Female,Premium,1.56,8,North America,Tablet,17.99,1,Paypal,3,0.17,Horror
82F9B433-0Df6-4474-97B9-C478F3D5D7C8,24,Other,Basic,2.42,24,Africa,Tablet,8.99,1,Paypal,3,0.1,Horror
E7E1Eef2-2F92-487C-A5F3-D1Cf791E3167,24,Male,Premium,6.65,7,Europe,Mobile,17.99,0,Crypto,4,0.83,Horror
3D0767C0-Fa70-434F-Ac4C-57F6Ffa24E4C,70,Other,Standard,18.5,54,Oceania,Mobile,13.99,0,Debit Card,4,0.34,Action
3Bc53390-2E23-40A3-9Ebd-F4Eeb7367575,52,Male,Basic,2.61,51,North America,Desktop,8.99,1,Crypto,5,0.05,Horror
Be1De62D-9B6F-4C09-9316-1212C248B4C6,36,Female,Premium,17.33,21,South America,Mobile,17.99,0,Crypto,4,0.79,Drama
1B68C20D-Bee2-4F66-8701-67809Addd9Aa,25,Female,Basic,0.05,52,Africa,Tablet,8.99,1,Debit Card,1,0.0,Action
72A2C300-Cc3D-4E71-81E6-85E4E309C680,38,Female,Basic,76.2,12,Africa,Laptop,8.99,0,Crypto,5,5.86,Romance
322Eef98-5Dfd-41D1-B4F6-41F20F253632,58,Female,Premium,17.93,7,Europe,Laptop,17.99,0,Credit Card,1,2.24,Documentary
3Cd2Ff2C-063E-4384-A092-1F812A51A456,19,Female,Premium,17.12,11,Europe,Tv,17.99,0,Credit Card,1,1.43,Sci-Fi
439B60Cc-9888-424F-98F0-D2Ed345B5Dd5,54,Other,Basic,11.19,27,South America,Tv,8.99,1,Gift Card,1,0.4,Comedy
261Ddbef-9B7A-4226-A1B6-631Ae8Dbf332,26,Other,Standard,9.6,18,Oceania,Desktop,13.99,0,Crypto,4,0.51,Horror
0451999D-C51D-4453-8015-9Dc317341A30,23,Other,Premium,30.22,27,South America,Desktop,17.99,0,Gift Card,1,1.08,Sci-Fi
6Ed5F317-Ba85-4Aac-8F7B-0324686982F6,25,Male,Basic,12.69,39,Europe,Mobile,8.99,1,Credit Card,3,0.32,Sci-Fi
0B811Eb1-B4B7-4873-Ab45-437E74F75A6C,18,Male,Basic,29.27,45,Asia,Laptop,8.99,1,Crypto,1,0.64,Sci-Fi
D85B071C-30C4-4396-9B9D-14E3E60E724F,44,Female,Basic,40.75,9,South America,Desktop,8.99,0,Gift Card,1,4.08,Documentary
11C1De99-A041-4F28-9158-033C5E09Ef50,56,Male,Basic,15.94,12,North America,Tv,8.99,0,Gift Card,2,1.23,Documentary
125Db7Ff-B7E9-44A4-B29C-80B0Cd45Ea2E,63,Male,Basic,27.89,30,Asia,Desktop,8.99,0,Debit Card,4,0.9,Romance
F418494C-D6E3-4Fca-Bdb8-D08Fb3B83A85,70,Male,Standard,24.78,19,North America,Laptop,13.99,0,Gift Card,1,1.24,Sci-Fi
886Da80B-6C19-47Ba-B070-C7630C5B4241,53,Male,Premium,27.97,35,Africa,Desktop,17.99,0,Crypto,1,0.78,Documentary
922Bce16-2Ceb-44A4-96F4-Fc49Fb0E0Ac2,61,Female,Premium,16.07,32,Asia,Desktop,17.99,1,Gift Card,5,0.49,Action
080Dac1D-54E2-4664-Af52-56Eb42281C72,59,Female,Standard,0.32,29,Africa,Mobile,13.99,0,Debit Card,4,0.01,Horror
C185F0F8-0410-4E1C-Bc87-40F90824Bf1D,31,Male,Basic,2.85,5,Oceania,Mobile,8.99,1,Debit Card,5,0.48,Horror
90695F65-6429-4F63-903F-843160038Baa,44,Other,Premium,6.78,6,Africa,Laptop,17.99,0,Paypal,5,0.97,Action
4Ce50867-9E68-4F77-857C-45D1B57260F3,18,Female,Premium,12.95,39,North America,Tv,17.99,1,Gift Card,4,0.32,Romance
2Dd53C77-3646-42B0-825E-69F598E0Dc00,64,Female,Basic,1.74,20,Europe,Laptop,8.99,1,Debit Card,5,0.08,Action
C090572E-263A-422D-9829-D167Bf0E98Fa,59,Other,Basic,1.36,57,North America,Tablet,8.99,1,Gift Card,1,0.02,Sci-Fi
Aca733C9-Cee7-40E5-Acc5-0C0627834828,27,Female,Standard,3.46,42,Europe,Laptop,13.99,1,Gift Card,5,0.08,Comedy
352B88Dc-F431-41Cc-Ab32-20829A4E4E37,36,Female,Standard,16.29,48,North America,Mobile,13.99,1,Crypto,4,0.33,Documentary
24798Db7-C1A2-4E80-9275-Ae9B143Dace7,28,Other,Basic,12.94,40,Europe,Mobile,8.99,1,Paypal,3,0.32,Comedy
1531F56B-7A98-43De-9Ee2-Ca215Bec697B,66,Female,Basic,5.27,6,South America,Mobile,8.99,0,Credit Card,5,0.75,Documentary
Ad498Abb-6C86-4Ece-81B7-9588A0Ff3Eda,24,Female,Premium,16.17,33,South America,Tablet,17.99,1,Gift Card,2,0.48,Romance
C5703E60-Bad8-4B18-880D-7Ed85D00462B,66,Male,Premium,10.41,1,North America,Laptop,17.99,0,Credit Card,5,5.21,Comedy
Ee43F918-A9D2-4A68-8B2A-5F4A25Dee1F2,60,Female,Basic,20.76,8,Asia,Laptop,8.99,0,Credit Card,4,2.31,Action
12A181F8-58Ca-45Ab-968B-Af28Ef28B37B,45,Male,Premium,0.45,44,Asia,Mobile,17.99,1,Debit Card,3,0.01,Comedy
0D13D747-9091-4Ad1-Af2F-752B753B78D5,54,Female,Basic,11.9,49,South America,Desktop,8.99,1,Paypal,5,0.24,Horror
A985F355-5Ac2-4B10-A656-Ab62E4E279F3,33,Male,Basic,43.55,4,South America,Tv,8.99,0,Gift Card,1,8.71,Documentary
4Bcdf3D2-C743-46F8-9656-911Dc92E6213,69,Male,Premium,5.4,14,Africa,Tv,17.99,0,Crypto,3,0.36,Sci-Fi
Aaafd476-Ccb4-457E-A984-24Abae7F34C8,44,Other,Standard,12.56,53,North America,Laptop,13.99,1,Crypto,3,0.23,Action
2D08C15F-C97D-4Cf0-84Fc-9127Dcf6E9Cb,39,Male,Basic,34.56,39,Europe,Mobile,8.99,0,Debit Card,1,0.86,Comedy
Ee8B1Fc7-9123-4E95-9Df9-8Bcb4C58Bbb8,53,Female,Premium,3.41,50,Oceania,Laptop,17.99,1,Debit Card,1,0.07,Romance
7829169D-75D6-4F04-Bef9-7Ae2Fc256E33,33,Male,Standard,5.76,40,Europe,Desktop,13.99,1,Gift Card,5,0.14,Comedy
177Ad6C2-46Ed-4Fbb-A3F8-1Dc137C45417,36,Other,Basic,1.11,39,Oceania,Tv,8.99,1,Credit Card,1,0.03,Documentary
Cba44E85-C06E-4Bbc-8C94-6Ab64421E817,65,Other,Basic,3.84,3,Oceania,Desktop,8.99,0,Credit Card,3,0.96,Comedy
E1D31D7F-2Cff-40Bb-8A77-3Da93095D5D4,23,Other,Premium,15.27,27,Asia,Tablet,17.99,0,Paypal,1,0.55,Drama
3Ca8Ae59-19Ce-4566-8Ad0-922C03C652B2,22,Female,Premium,7.28,43,North America,Desktop,17.99,0,Debit Card,5,0.17,Sci-Fi
E0F75Dc5-79D3-466C-Af2C-6Cddc2518204,51,Other,Standard,0.73,46,North America,Laptop,13.99,1,Crypto,5,0.02,Documentary
161B7568-Fcb1-49A4-Ab7E-97Cc7Be6A554,69,Male,Premium,21.64,27,Europe,Mobile,17.99,0,Gift Card,5,0.77,Comedy
E8F79144-74D8-4255-845A-4080948838C8,57,Female,Basic,4.12,10,South America,Tv,8.99,1,Debit Card,1,0.37,Sci-Fi
5F35Fd9B-F8B6-4C0C-8Ee5-824Cec062F5A,28,Other,Premium,0.77,21,North America,Mobile,17.99,1,Crypto,2,0.04,Action
A2C2E9Bb-E5Dd-497C-Aa8F-1A6354694023,65,Female,Basic,13.42,52,Asia,Tablet,8.99,1,Paypal,3,0.25,Horror
2Eb65Cb4-3E68-4E6A-Abb5-Fb5988Bcd903,31,Female,Premium,4.03,24,Oceania,Mobile,17.99,1,Gift Card,5,0.16,Drama
467D07A0-Cee3-437E-99C0-24Ad8B68Fb34,54,Female,Standard,4.41,9,North America,Laptop,13.99,1,Gift Card,2,0.44,Sci-Fi
Bc17D830-Baf7-4D14-B51E-B18Ee693E4B9,46,Male,Basic,14.86,47,South America,Tv,8.99,1,Paypal,4,0.31,Romance
4E449F48-1106-4A52-A52F-217F716F2987,39,Other,Premium,11.04,60,Europe,Tablet,17.99,1,Crypto,4,0.18,Horror
C9B84086-70B7-4713-9370-09408B3C0173,29,Male,Premium,15.36,31,South America,Mobile,17.99,1,Crypto,1,0.48,Sci-Fi
055A3Dec-4F91-4B6D-B8Ac-Cbfdce142525,50,Other,Basic,9.54,38,Europe,Laptop,8.99,1,Paypal,3,0.24,Action
D00E3438-46Da-4754-Bb0D-637232738B44,54,Male,Basic,14.18,45,Africa,Mobile,8.99,1,Paypal,5,0.31,Documentary
658Fa594-C797-41Fb-B95F-7E27E0B3Dcc8,32,Male,Standard,1.52,10,Asia,Desktop,13.99,1,Paypal,3,0.14,Action
E4Dd7619-90Ac-4B86-944A-F37209896674,25,Female,Premium,0.82,22,Oceania,Tablet,17.99,1,Crypto,1,0.04,Romance
6Fdb47Dd-024C-459A-955A-Eb58B4306458,64,Other,Premium,0.34,1,Europe,Desktop,17.99,1,Gift Card,3,0.17,Comedy
025012Fa-15F3-4F23-8772-35803Aa97Fae,44,Male,Standard,1.01,13,Europe,Laptop,13.99,0,Paypal,4,0.07,Action
94Da8854-45E5-453F-99Ce-A98D248D8673,44,Female,Premium,7.47,19,Europe,Desktop,17.99,0,Debit Card,1,0.37,Action
6Fbcc123-9037-4413-B11C-Df0870F0F896,18,Male,Basic,6.57,50,Africa,Laptop,8.99,1,Paypal,3,0.13,Documentary
85E00A43-2E79-4D0B-8231-6920229Fb2F9,38,Female,Basic,39.29,54,North America,Tv,8.99,0,Credit Card,5,0.71,Romance
4B4467E7-7863-4358-8C3E-2B5F347A1Dfc,36,Female,Standard,3.16,23,Oceania,Tablet,13.99,1,Crypto,5,0.13,Comedy
7608719D-77C5-43C9-88Fd-918Eaaf748Ba,18,Female,Basic,0.75,11,Africa,Laptop,8.99,1,Crypto,5,0.06,Romance
Dbf86Fb5-6F71-4453-95Af-8Dadc61159D6,21,Other,Basic,5.57,21,Oceania,Tv,8.99,0,Paypal,3,0.25,Romance
921Baddb-222C-49Fe-94F2-Cc54858A5De8,37,Male,Standard,3.72,31,Africa,Mobile,13.99,1,Debit Card,2,0.12,Romance
893Fda9F-2A90-4011-Ae1F-9E5Ba9Cf7D6C,34,Other,Premium,1.94,39,South America,Tv,17.99,1,Gift Card,5,0.05,Drama
Dbb8C947-E4F5-46A0-B002-A03A0E6D5Ea4,36,Female,Premium,1.46,60,Europe,Desktop,17.99,1,Gift Card,5,0.02,Sci-Fi
C8E2F96A-60F2-42B0-86F4-B7F16868F196,51,Other,Basic,2.29,51,North America,Laptop,8.99,1,Credit Card,3,0.04,Sci-Fi
Df15018A-F407-4F1B-8Be5-8Cfb76E94670,54,Female,Basic,6.72,47,Europe,Laptop,8.99,1,Debit Card,4,0.14,Drama
B2F4E8Db-E2B0-42F7-81Aa-26E6239D7D25,37,Male,Premium,2.44,8,Europe,Mobile,17.99,1,Crypto,2,0.27,Comedy
E84D1748-A4Af-4405-B3Ae-53D2Ca64Cd15,20,Other,Standard,5.46,59,South America,Mobile,13.99,1,Gift Card,2,0.09,Romance
9B1B8058-D053-4A3B-82E3-280336C2E162,20,Other,Basic,5.64,24,Africa,Tablet,8.99,0,Debit Card,2,0.23,Action
D32C1Ecf-9553-4E07-B563-9E800C42Efe4,51,Other,Standard,3.38,40,Asia,Desktop,13.99,1,Gift Card,3,0.08,Sci-Fi
9904Ca50-A24A-42C6-B4B0-5459488F77D9,39,Female,Premium,1.86,55,Oceania,Laptop,17.99,1,Debit Card,3,0.03,Documentary
04D2B903-4529-4255-8F4A-B4B688Fcad51,52,Female,Premium,4.12,1,South America,Laptop,17.99,0,Crypto,4,2.06,Sci-Fi
8B51B646-9Bd3-4Bba-9258-43Df68214950,34,Other,Standard,7.32,57,Europe,Tablet,13.99,1,Crypto,1,0.13,Sci-Fi
Bb85954D-Bb34-4A56-96E8-4A8829119Bb7,35,Female,Standard,34.3,18,Oceania,Mobile,13.99,0,Credit Card,1,1.81,Drama
2200C15C-D6Fe-4Aa0-879C-9E929C7Aeb08,47,Male,Premium,3.78,56,Oceania,Laptop,17.99,1,Debit Card,3,0.07,Documentary
E1535564-40F4-4C87-8D67-95F407C4Ded6,42,Male,Standard,10.89,15,Africa,Tablet,13.99,0,Gift Card,5,0.68,Romance
B79Ffb90-91F7-44Dd-98Fc-83D59992Fc62,34,Female,Premium,5.24,20,Europe,Desktop,17.99,0,Debit Card,3,0.25,Romance
546Af1Fb-D39F-4610-8236-C4Cd162D3C0C,44,Other,Premium,46.8,46,Oceania,Mobile,17.99,0,Crypto,4,1.0,Romance
95A26A20-22A0-452E-A647-851B418F41De,34,Other,Premium,22.76,59,North America,Laptop,17.99,0,Credit Card,3,0.38,Action
895Ad12A-717F-4427-9Caf-Bdbc0B6Bb987,68,Other,Premium,5.61,41,Africa,Tv,17.99,1,Paypal,1,0.13,Action
Ae62Aa52-5971-4017-A0D9-F7968E105E3A,20,Male,Basic,2.16,28,Europe,Desktop,8.99,1,Credit Card,1,0.07,Documentary
D99B28E5-4Ecf-4Ac4-871B-E205B421C803,55,Male,Standard,13.16,57,Africa,Mobile,13.99,1,Crypto,5,0.23,Sci-Fi
62978367-96E2-470A-Be63-38060506031D,68,Female,Premium,10.16,25,Africa,Tablet,17.99,0,Debit Card,3,0.39,Horror
Ebf470A5-4F3B-4A61-906E-244E5B4178Cc,24,Female,Standard,35.74,48,South America,Desktop,13.99,0,Credit Card,1,0.73,Comedy
155Fbfe6-62E7-4937-Aecd-8B8C14595C20,48,Male,Basic,0.91,38,South America,Tablet,8.99,1,Debit Card,4,0.02,Romance
F858D7A7-D4Bb-4Aeb-Af27-6560Bac0725F,46,Female,Standard,7.78,37,Africa,Tv,13.99,1,Gift Card,4,0.2,Documentary
Ff19F85A-C162-45D2-969D-836E7B33E80F,70,Other,Premium,4.55,22,Oceania,Mobile,17.99,1,Debit Card,1,0.2,Sci-Fi
Cf64Bda1-0Bda-4E56-8478-81836F5B24D3,25,Male,Basic,22.21,57,South America,Tv,8.99,1,Debit Card,3,0.38,Horror
C5D86549-B3F3-4Afe-9Bf3-B1B47A6Bf584,41,Other,Standard,1.2,49,Africa,Laptop,13.99,1,Credit Card,4,0.02,Romance
E5C7D145-545A-4927-B751-7C4159Ab7B84,22,Male,Basic,3.76,59,Europe,Tv,8.99,1,Paypal,3,0.06,Documentary
142De341-A41C-4Cbf-98D2-1C8C86D08880,24,Other,Basic,10.15,9,Asia,Tv,8.99,0,Debit Card,2,1.02,Action
25Aa1D59-9191-4128-91D6-87F8209A8712,24,Other,Basic,2.28,43,North America,Mobile,8.99,1,Gift Card,5,0.05,Drama
A1Edd117-Ae99-404F-82D8-Efff65663F21,25,Other,Premium,6.08,19,Africa,Tablet,17.99,0,Credit Card,3,0.3,Documentary
D212Aebd-Df18-4Bac-992D-3D4E6Bb90711,29,Female,Basic,25.31,15,South America,Mobile,8.99,0,Gift Card,4,1.58,Documentary
9Ef98845-2393-4E72-96Fd-95047F25A4B4,62,Female,Basic,19.11,21,Europe,Laptop,8.99,0,Gift Card,5,0.87,Action
F81158Ac-1559-4728-88Fd-9C2E111Fc41B,35,Female,Basic,21.25,46,Oceania,Desktop,8.99,1,Credit Card,3,0.45,Drama
30A113C8-1B0C-4Bc1-885C-E1A385Ad11C0,41,Male,Basic,6.0,26,Africa,Laptop,8.99,0,Debit Card,4,0.22,Action
81Ca6A1B-94Bd-4E46-Afe5-E274D3B4Ff1F,66,Male,Premium,7.68,52,Europe,Mobile,17.99,1,Debit Card,2,0.14,Sci-Fi
4297D7F1-545A-486B-8473-214Ebfa4741A,38,Other,Basic,10.9,45,South America,Tablet,8.99,1,Credit Card,4,0.24,Sci-Fi
D37Ec561-1768-4A93-Be30-15A7C820E307,48,Male,Premium,23.03,54,North America,Desktop,17.99,0,Credit Card,4,0.42,Documentary
F859113A-2Fe6-48Da-9Ef1-8E7C7B0291Ed,50,Other,Basic,6.59,6,Asia,Tablet,8.99,0,Credit Card,2,0.94,Horror
D58Ddc1E-1Bdf-440A-8C6B-309077Fc3F17,51,Male,Basic,1.56,55,North America,Mobile,8.99,1,Crypto,3,0.03,Action
2198E57E-F273-418B-9841-2728C362B67C,24,Male,Basic,1.59,42,Asia,Mobile,8.99,1,Gift Card,5,0.04,Action
30B99823-3634-4286-A9B9-7Db9F87Cb49B,44,Male,Basic,3.91,2,South America,Laptop,8.99,0,Credit Card,4,1.3,Drama
Ce3C7Cbb-B993-4916-A81D-4E4Ac032A5C9,65,Male,Basic,2.96,33,Africa,Mobile,8.99,1,Paypal,1,0.09,Sci-Fi
55Cfd789-Ef07-43F7-Aeac-Cb4E8Beb5C27,35,Male,Premium,9.88,10,South America,Mobile,17.99,0,Debit Card,3,0.9,Sci-Fi
De4E0A07-B2F0-4B45-8764-Dedff7Dc00Ce,62,Other,Basic,7.43,49,Africa,Mobile,8.99,1,Gift Card,4,0.15,Horror
De33C8B1-Ecb2-448F-8F97-A99Ffbabe1Be,26,Other,Premium,25.0,12,Oceania,Mobile,17.99,0,Gift Card,2,1.92,Horror
E6E1676E-F17D-4E77-89B2-Cf0E3Df598Ab,22,Other,Premium,42.86,54,South America,Mobile,17.99,0,Gift Card,4,0.78,Action
A1D6A50D-973F-4E43-A3C0-Ce5Acf4B09Ec,33,Female,Basic,3.05,28,Africa,Laptop,8.99,1,Paypal,5,0.11,Romance
255Cd731-221C-4F98-Adda-F7Dffb7A03C9,25,Male,Basic,9.7,4,North America,Desktop,8.99,0,Paypal,2,1.94,Horror
C2Feda98-9478-480B-B544-Ec89A3Cd58B8,61,Female,Standard,2.36,6,Asia,Tv,13.99,1,Crypto,1,0.34,Drama
12A31De2-5742-4217-A7Ba-Eac8Cb7A79F6,61,Female,Basic,5.83,20,North America,Tablet,8.99,0,Credit Card,5,0.28,Action
52322A98-A709-4Dcd-8Cc6-E84F8461E005,50,Male,Standard,20.95,18,Asia,Tablet,13.99,0,Gift Card,4,1.1,Drama
468C7547-F285-47E1-8Fa8-D836Ba848846,26,Male,Basic,1.54,20,North America,Tablet,8.99,1,Paypal,4,0.07,Horror
3E4D0C22-74Cd-4Be3-B03C-2342026E82Bb,46,Female,Standard,4.56,14,South America,Laptop,13.99,1,Gift Card,2,0.3,Horror
880A72Cd-79Fd-44Fd-806F-B9Bdcedd04F4,63,Male,Standard,3.98,20,Europe,Laptop,13.99,1,Crypto,3,0.19,Horror
Cbeb85C5-9480-4Ea2-B6Ab-8518Eece6961,54,Other,Premium,0.48,59,Asia,Desktop,17.99,1,Crypto,4,0.01,Romance
1141Bdf2-A5E8-4026-9422-D4844620Fe61,40,Male,Basic,0.28,37,South America,Desktop,8.99,1,Gift Card,2,0.01,Romance
54372Fef-6Fb6-421F-Bab6-606Fb3A90F0C,18,Male,Standard,20.23,36,Europe,Mobile,13.99,0,Credit Card,4,0.55,Romance
989Ca7A0-A0C3-4E55-A23C-3F4458291008,63,Male,Premium,0.67,9,Africa,Tablet,17.99,0,Credit Card,5,0.07,Horror
7955Efc4-A06E-43E7-9B8E-028E700955Bd,62,Other,Standard,18.27,41,Europe,Tv,13.99,1,Gift Card,3,0.43,Romance
E5187426-4Fcb-4133-8191-022Dbde6Aee2,42,Male,Premium,1.87,20,Africa,Mobile,17.99,1,Debit Card,3,0.09,Drama
6F26710A-D654-4A36-99E4-Bdaf2943Fe2E,29,Male,Standard,23.05,36,Africa,Mobile,13.99,0,Gift Card,4,0.62,Documentary
6836917D-1C7F-4651-861B-1C4Ebbeb6020,66,Female,Basic,2.61,44,Oceania,Tv,8.99,1,Credit Card,1,0.06,Action
Cc8Af428-E171-48Ac-8Ac3-3354D52Bffaa,57,Male,Premium,15.52,13,Oceania,Tablet,17.99,0,Crypto,5,1.11,Action
8F6Bb647-36A1-40De-Af06-825E69Ea7F9D,56,Female,Basic,38.59,10,Oceania,Mobile,8.99,0,Gift Card,2,3.51,Sci-Fi
5Ca7Dc45-E131-41Be-82Fb-580106346593,32,Male,Basic,14.22,48,North America,Tv,8.99,1,Crypto,3,0.29,Comedy
Bb98F21E-15A6-459F-9739-D007Cae5734E,69,Male,Standard,3.46,60,North America,Desktop,13.99,1,Crypto,5,0.06,Action
Bbeab1F0-E7D0-4D12-9A73-A1927Bfdb187,30,Female,Premium,5.97,2,South America,Tablet,17.99,0,Credit Card,3,1.99,Horror
8B4F9C81-82Fb-40Df-8382-0Dd2A0Cef83C,56,Male,Basic,6.94,27,South America,Mobile,8.99,1,Gift Card,3,0.25,Comedy
5E47D43E-927D-46Dc-8828-D13Eaab15B4E,35,Male,Basic,22.39,45,Europe,Mobile,8.99,1,Gift Card,1,0.49,Sci-Fi
Da1333B2-35F9-4D1E-9799-55116F166B51,41,Other,Standard,3.61,29,Asia,Tablet,13.99,0,Debit Card,5,0.12,Action
19352D22-01Bc-4E16-B5B7-Cb2Fe248F5B7,43,Other,Basic,0.37,16,Africa,Tv,8.99,1,Debit Card,5,0.02,Documentary
1F814426-Fb33-4Ea8-8Abb-5C5B4Ec64076,60,Female,Basic,6.3,3,North America,Mobile,8.99,0,Debit Card,2,1.57,Comedy
99003Cbb-A0E2-4663-9628-13F6D46F1A0C,22,Female,Premium,15.39,58,Africa,Desktop,17.99,1,Credit Card,2,0.26,Sci-Fi
334Fbf6B-0681-49De-Ae3A-C08Da907Fda0,18,Female,Basic,3.19,16,North America,Laptop,8.99,1,Gift Card,4,0.19,Action
A8Fddcff-3303-437F-B4Ba-C3Ecab9Da8F5,41,Male,Basic,19.33,6,Europe,Laptop,8.99,0,Gift Card,5,2.76,Horror
E257Dba6-Fb3D-41Cf-99A2-0700E8F8A568,53,Female,Basic,40.81,17,Africa,Mobile,8.99,0,Gift Card,1,2.27,Comedy
052A034C-7746-43Fc-912D-4991C01B1F95,37,Other,Basic,7.26,57,Oceania,Tv,8.99,1,Gift Card,4,0.13,Horror
F6B21267-Fc81-4B2C-Bb52-26535593C64D,37,Male,Standard,18.92,0,North America,Tv,13.99,0,Crypto,1,18.92,Action
D567Ec1C-9950-494F-B619-0071De29B581,41,Male,Premium,8.26,57,North America,Mobile,17.99,1,Crypto,4,0.14,Documentary
140506Ea-05E5-40E5-Abc3-253581Dd24E0,59,Male,Basic,8.85,16,Asia,Tablet,8.99,0,Credit Card,3,0.52,Documentary
C85A5890-A887-41Bf-B866-5Cd201747Ede,28,Female,Premium,4.14,37,South America,Tablet,17.99,1,Gift Card,2,0.11,Documentary
863590B0-7D07-487B-A89C-D4700D8D4E4E,70,Other,Premium,20.54,19,Europe,Tv,17.99,0,Crypto,4,1.03,Horror
46Bbc44D-525C-498C-Bee4-71C73Afbc13C,50,Other,Standard,9.9,10,North America,Desktop,13.99,0,Debit Card,2,0.9,Drama
6A061A82-97B7-4D14-B9Ae-E7Df764684B1,62,Other,Premium,4.03,50,Europe,Mobile,17.99,1,Gift Card,4,0.08,Horror
B5E00F1F-9D09-4429-889F-Ade90E1B3Cee,51,Other,Premium,1.67,28,Africa,Tablet,17.99,1,Crypto,4,0.06,Action
90826A68-Bc7F-4A10-Aa24-989Fad597C30,27,Other,Basic,12.8,43,North America,Tv,8.99,1,Debit Card,2,0.29,Horror
81Eb7012-12B8-43Df-854B-711A40561Be0,63,Other,Standard,17.51,12,South America,Tablet,13.99,0,Paypal,1,1.35,Romance
D1B705C9-Acf8-4F48-Bd4B-C0Fc00234B0F,56,Other,Premium,45.06,6,Africa,Mobile,17.99,0,Gift Card,5,6.44,Action
7Cf05Bfb-74E6-4C8E-A949-8C4193D254D6,56,Other,Standard,21.77,51,Asia,Tv,13.99,0,Credit Card,2,0.42,Drama
D9900693-90Bf-43Ce-953F-8D1888E0Bb1B,57,Male,Premium,12.13,24,Africa,Laptop,17.99,0,Crypto,1,0.49,Romance
94226C99-E3C6-44A8-B8Df-D66080B5Bf30,64,Other,Standard,3.68,55,South America,Mobile,13.99,1,Crypto,5,0.07,Comedy
A7723Da8-3F8E-49Df-B973-D9959D8Bf844,50,Other,Premium,0.73,24,North America,Tablet,17.99,1,Crypto,2,0.03,Action
5649Fe75-6De9-4Ecc-86F6-712Fdfe3848A,63,Other,Basic,2.37,28,South America,Laptop,8.99,1,Debit Card,5,0.08,Comedy
0Afc4Baf-0Aa5-44C3-B6Be-949008D9C2Da,47,Other,Standard,13.83,54,Africa,Mobile,13.99,1,Gift Card,3,0.25,Documentary
Dd192706-2635-46A1-9559-9Ca27F7999B9,27,Female,Premium,15.99,37,Africa,Tablet,17.99,1,Gift Card,2,0.42,Drama
Bb20C584-B8C7-4E09-A487-Df50428B49Ba,21,Male,Basic,21.57,47,North America,Mobile,8.99,1,Debit Card,3,0.45,Comedy
Ebaa15Ec-5B85-4B6C-8B99-D9Ce1Cba8577,52,Other,Premium,6.62,56,Asia,Desktop,17.99,1,Gift Card,1,0.12,Comedy
8E1031B6-B98F-4B5A-B035-8D7Aafad3C47,27,Other,Standard,20.06,45,Europe,Laptop,13.99,0,Debit Card,4,0.44,Action
Cb536C36-8A1E-41B7-Ac20-43F09A4Cedbd,28,Other,Basic,0.79,40,Asia,Laptop,8.99,1,Gift Card,1,0.02,Action
E623D359-0278-4Bfc-82C3-86892Eed77A3,18,Male,Standard,3.49,54,Oceania,Laptop,13.99,1,Crypto,3,0.06,Sci-Fi
630F9371-9298-435A-8A66-F24F4Bb528Fc,19,Other,Premium,8.12,2,Europe,Laptop,17.99,0,Paypal,1,2.71,Action
91Bf7B50-F149-4E23-9E93-B614Ad58212E,34,Male,Premium,28.39,41,Africa,Laptop,17.99,0,Crypto,2,0.68,Horror
Bc11510C-F213-4766-A2C6-904Ce8C1512E,63,Male,Basic,1.3,20,Africa,Laptop,8.99,1,Crypto,5,0.06,Horror
1769De71-A047-4194-B2A4-5E0A7Ef18Add,60,Male,Premium,7.31,21,Africa,Desktop,17.99,0,Gift Card,3,0.33,Horror
8D258669-8A00-4643-9A8B-F004488B0472,24,Male,Standard,3.05,9,North America,Tv,13.99,1,Crypto,1,0.3,Action
C1F2945D-92E6-4F96-B443-Eb5B7B84220F,34,Other,Premium,8.64,8,Oceania,Tv,17.99,0,Gift Card,4,0.96,Action
Ff4Bc4B3-D731-4Cc8-8B4F-221224581E83,55,Female,Basic,17.61,35,South America,Desktop,8.99,1,Gift Card,1,0.49,Comedy
282E622F-A1Cc-41A1-8E62-Fe70A9375F25,31,Female,Premium,5.68,49,Asia,Laptop,17.99,1,Crypto,2,0.11,Comedy
7928E876-645A-49Fe-A21C-9D02944D1523,28,Female,Premium,10.53,23,Asia,Desktop,17.99,0,Credit Card,2,0.44,Horror
629740F1-2Ca1-4Daf-Af46-9B3Cb2C6Fe63,58,Other,Premium,22.17,40,Europe,Laptop,17.99,0,Paypal,4,0.54,Comedy
A88809Ec-5337-4C2D-Bee2-480Cdcb0Ad4D,44,Female,Basic,58.4,26,Oceania,Desktop,8.99,0,Gift Card,1,2.16,Sci-Fi
4F841E9D-Dcd6-4E42-818E-C9789756E156,69,Female,Premium,5.8,26,North America,Tablet,17.99,0,Paypal,5,0.21,Romance
33572A9E-8851-48B3-A9B8-9B6A3F88B1D1,42,Female,Premium,9.08,17,Africa,Desktop,17.99,0,Crypto,1,0.5,Documentary
7732D3D5-Ded6-4927-86Ff-71Aa998186F9,52,Female,Basic,17.09,42,South America,Tv,8.99,1,Crypto,2,0.4,Action
0B05E78A-8C4B-4097-8Bc1-72F52Ff1E5D9,50,Male,Premium,12.33,16,South America,Mobile,17.99,0,Paypal,5,0.73,Comedy
12A50Fbb-54F6-4Bf1-9C0D-Db8Bc6Dfc159,20,Male,Standard,12.93,14,South America,Laptop,13.99,0,Crypto,1,0.86,Drama
480Aa107-C976-4Ba7-Ac36-Ee39787E0Eda,37,Male,Premium,8.96,42,South America,Laptop,17.99,1,Gift Card,1,0.21,Comedy
16Bcce49-E615-4Ebb-80E6-Bcad0Eb613C9,51,Other,Standard,1.1,29,South America,Tablet,13.99,1,Gift Card,3,0.04,Documentary
D95789B7-7E89-4E4C-Aa62-F881Fff47Dd1,49,Female,Premium,3.03,39,Africa,Tv,17.99,1,Debit Card,2,0.08,Horror
37Eff54D-Aa2B-4Cc4-8Aba-Ea192Afc459B,40,Male,Basic,9.07,11,Asia,Mobile,8.99,0,Credit Card,1,0.76,Horror
15559746-E817-4930-9Bc7-3342D891627E,60,Other,Premium,9.22,45,Oceania,Desktop,17.99,1,Crypto,2,0.2,Documentary
Dbfb92E5-F251-4870-9Cf1-89Bd39Cee9Bc,44,Female,Premium,5.79,8,South America,Tv,17.99,0,Gift Card,3,0.64,Documentary
C1F6A329-E3F2-40D7-A1E2-03175940526B,29,Female,Basic,8.55,40,North America,Tablet,8.99,1,Paypal,1,0.21,Romance
37B9F2C3-372C-4A11-9176-4E66Bdc8Ea38,30,Male,Premium,1.87,6,Asia,Desktop,17.99,0,Credit Card,2,0.27,Comedy
A092De74-2718-48F3-956A-679B4E32095B,20,Other,Premium,12.02,23,Asia,Desktop,17.99,0,Paypal,1,0.5,Romance
7Bf6C6F7-98E4-45D8-Bba8-E23Ec8E56048,55,Other,Basic,6.2,45,Asia,Laptop,8.99,1,Crypto,4,0.13,Romance
Aa0E03Bb-5758-4Edb-9D50-E2539E629C75,21,Male,Basic,11.16,58,South America,Tablet,8.99,1,Crypto,3,0.19,Romance
97D0F609-4Ed9-4C1B-Bcfb-443Ffb41E275,29,Other,Standard,3.2,54,Asia,Laptop,13.99,1,Gift Card,2,0.06,Documentary
0E10B5Dc-491E-4846-8C4F-1C77E212012E,41,Female,Premium,8.44,36,South America,Mobile,17.99,1,Crypto,4,0.23,Drama
61Ccaa63-D356-4C51-A436-Db45268B829E,28,Other,Standard,8.87,39,Africa,Desktop,13.99,1,Paypal,1,0.22,Documentary
A5B6B29E-7A7E-4F62-9Eea-B64Ff3861D78,25,Other,Premium,2.9,29,North America,Tablet,17.99,1,Credit Card,2,0.1,Sci-Fi
05C4636F-6E42-4460-9449-9667B4Ce9Fbd,25,Female,Basic,0.17,58,Africa,Tablet,8.99,1,Paypal,4,0.0,Documentary
146B3E1F-E680-446F-8F4A-54De55694A39,41,Female,Premium,5.24,49,North America,Tv,17.99,1,Crypto,2,0.1,Comedy
A1A58D35-7759-4B6E-Aeb1-438C26F3B366,67,Other,Standard,10.24,11,South America,Desktop,13.99,0,Debit Card,2,0.85,Romance
1E696E35-8De8-4004-9518-Cb7281926Da8,49,Male,Basic,9.68,10,North America,Mobile,8.99,0,Paypal,2,0.88,Horror
4Ae5D0F2-121D-4820-9404-26032Ef97Eba,58,Female,Basic,15.28,42,Oceania,Tv,8.99,1,Debit Card,1,0.36,Romance
408E8F7F-608C-4B8D-Bf43-D68933Ab6606,66,Female,Standard,4.96,4,North America,Laptop,13.99,0,Gift Card,1,0.99,Sci-Fi
Cce5Be2A-9112-4447-93Af-Db8Dd2263Ed1,50,Male,Basic,0.3,43,Africa,Laptop,8.99,1,Gift Card,3,0.01,Sci-Fi
3D1D4B0B-7556-4Ab7-8A9F-F47E37C61Ac1,64,Female,Standard,3.38,38,North America,Laptop,13.99,1,Paypal,2,0.09,Romance
E8444Cdf-5D82-4110-9138-1D882576C44E,55,Male,Premium,11.61,21,South America,Desktop,17.99,0,Debit Card,4,0.53,Romance
Cb2Fa434-022A-42A5-97Ea-56Caf52190Af,40,Female,Premium,2.65,21,Africa,Tv,17.99,0,Debit Card,5,0.12,Comedy
25Fca800-6C8B-4D78-A43A-Ff33Ff870Ea8,33,Male,Standard,16.27,2,Africa,Desktop,13.99,0,Crypto,2,5.42,Comedy
B6F391A5-6046-41Cd-Bd2A-Bb08Cba87Ade,35,Other,Basic,2.55,26,Oceania,Tablet,8.99,1,Gift Card,2,0.09,Action
08645725-D1Af-4D97-Ab3D-2E4F806C7F82,67,Male,Basic,101.06,19,Asia,Tv,8.99,0,Credit Card,2,5.05,Documentary
Cb43F579-8D20-441E-9De6-2680Dee7B966,62,Male,Standard,3.95,54,Oceania,Tv,13.99,1,Debit Card,4,0.07,Drama
D778081E-6Fc5-4121-Bd2C-2D23134B04B8,61,Male,Standard,13.1,45,South America,Desktop,13.99,0,Credit Card,4,0.28,Comedy
A1F04Ee3-D220-47E3-Aba1-1Fcdb769Db0A,68,Female,Premium,8.28,47,Europe,Laptop,17.99,1,Debit Card,1,0.17,Romance
997Cbf98-32D4-40Da-9947-3Faefe7425Ad,39,Female,Standard,0.12,3,South America,Tablet,13.99,0,Debit Card,3,0.03,Sci-Fi
78D3F793-Dcfd-4D7A-Acb2-83Fa6Cdc33C8,66,Other,Premium,6.15,39,Asia,Mobile,17.99,0,Credit Card,4,0.15,Comedy
60E6C533-6C9C-4Ca6-A917-A27Cbe86Aa1D,30,Male,Standard,3.18,27,Oceania,Desktop,13.99,1,Credit Card,1,0.11,Comedy
Abb49C7B-8Ac5-47B5-A703-Ece9Fb8D520A,40,Female,Premium,18.01,14,Asia,Desktop,17.99,0,Debit Card,2,1.2,Romance
9A31Ef57-A971-484E-A186-29Ed435F5442,40,Female,Basic,15.45,58,North America,Laptop,8.99,1,Paypal,2,0.26,Comedy
5673E225-586B-4E99-8613-8Aa01162Aaf8,23,Other,Standard,5.52,9,Oceania,Mobile,13.99,0,Gift Card,4,0.55,Horror
A18A210B-9083-420A-924E-9719359D2Bac,70,Female,Standard,19.11,28,Africa,Laptop,13.99,0,Paypal,4,0.66,Romance
6C6E1E7A-2Ba2-4934-Bd13-D2Ce7Afe9B7C,55,Male,Premium,1.08,46,Europe,Tablet,17.99,1,Gift Card,3,0.02,Action
320B668C-0D42-45Da-B0Ce-12503B250C96,64,Male,Standard,1.29,9,Africa,Mobile,13.99,1,Crypto,1,0.13,Sci-Fi
7F15E45B-1F7A-4Fd2-851D-60Ab2Cb332C1,29,Other,Basic,27.02,9,South America,Mobile,8.99,0,Crypto,3,2.7,Comedy
D4D13760-Ac88-41B9-84Dd-47C40Ba26551,67,Male,Basic,12.0,20,South America,Tablet,8.99,0,Paypal,4,0.57,Comedy
22F87C88-86F3-412D-8Fa6-2C15Ed0B6573,29,Female,Basic,4.84,49,North America,Desktop,8.99,1,Crypto,3,0.1,Romance
1A57587B-D48D-45D1-8315-92Cac73D6E3D,53,Female,Premium,19.37,40,Europe,Tablet,17.99,1,Crypto,4,0.47,Sci-Fi
3Abb8F5E-2C86-47Ae-A744-E20A7Cf52642,67,Male,Standard,23.1,59,Africa,Mobile,13.99,0,Credit Card,3,0.39,Sci-Fi
16Bda772-63Ea-4E5C-965D-Daca311C6A7C,30,Male,Standard,4.99,17,Asia,Tablet,13.99,0,Paypal,5,0.28,Action
98642Ab8-58F0-4356-912E-7B4425666Afe,37,Female,Basic,28.01,35,Europe,Desktop,8.99,0,Paypal,1,0.78,Sci-Fi
94224E57-69E7-4350-99Bb-9740Aa185Bbd,25,Male,Standard,12.66,25,South America,Desktop,13.99,0,Paypal,5,0.49,Documentary
D949Fbce-Cb2F-4E7D-90Ba-6Cfac9F1186F,19,Male,Standard,43.11,9,Europe,Desktop,13.99,0,Debit Card,1,4.31,Comedy
9C0261Eb-7Cd4-47C0-8548-369D8838D46F,23,Male,Premium,8.41,29,Asia,Tablet,17.99,0,Debit Card,4,0.28,Comedy
137Afd34-0646-4D13-Ab57-0Adf696Ce9Af,53,Male,Standard,28.91,27,Africa,Mobile,13.99,0,Debit Card,3,1.03,Romance
8E403409-9787-47C1-Bf20-402Eff1B5288,58,Female,Premium,0.14,54,Asia,Laptop,17.99,1,Debit Card,3,0.0,Horror
Da2D3172-12B3-4348-975D-4334D32Bd28E,27,Male,Premium,9.6,60,North America,Tablet,17.99,1,Credit Card,1,0.16,Romance
146Badc9-8Bea-4703-970A-5735Ef9E9896,36,Other,Standard,17.04,31,South America,Mobile,13.99,0,Debit Card,2,0.53,Sci-Fi
2F8B0059-B300-4Da0-Bacc-749Ab45C3722,44,Male,Basic,2.84,12,Oceania,Tablet,8.99,1,Debit Card,2,0.22,Horror
Cb4Abf9B-83D9-4750-B258-E05045A74Ae0,55,Female,Premium,0.15,0,South America,Tv,17.99,0,Paypal,4,0.15,Documentary
951166De-8D22-49Ad-Afff-2D0F720Aedc8,38,Male,Standard,7.44,34,South America,Mobile,13.99,1,Credit Card,2,0.21,Documentary
135953Be-32E3-4Fd8-A0Ae-8234Fdc7A8Dc,29,Male,Basic,10.93,59,Asia,Desktop,8.99,1,Crypto,3,0.18,Drama
B3Fa7Afc-D504-446F-8F32-30C061B305D9,32,Female,Premium,18.58,18,North America,Tablet,17.99,0,Gift Card,5,0.98,Romance
894Bdf78-D2Ce-4630-Ad1C-C770Beae1Bfd,70,Male,Standard,32.59,7,Asia,Mobile,13.99,0,Paypal,4,4.07,Comedy
73E2A9B9-8D0B-4Ad8-87E2-7Fe83110C999,30,Male,Premium,46.55,48,North America,Desktop,17.99,0,Crypto,3,0.95,Romance
B8Ddfe4F-977C-46D4-B995-Fc1756D4Ddd9,65,Male,Premium,15.52,0,South America,Mobile,17.99,0,Gift Card,4,15.52,Drama
E2099718-98C9-4Ab1-8B20-Cdc7184Feacf,50,Other,Basic,25.08,53,South America,Desktop,8.99,0,Credit Card,5,0.46,Drama
4D69Fd9B-A1E8-48A9-A0B3-Ea425Eacd7E0,61,Male,Standard,14.2,35,North America,Mobile,13.99,0,Paypal,4,0.39,Horror
Dff09D24-0925-4658-95D4-89B6Ced8D1Ca,39,Other,Premium,15.64,24,Oceania,Desktop,17.99,0,Credit Card,4,0.63,Romance
44D38C32-C73B-4041-9Eb6-C850B7Ac39C7,25,Female,Basic,22.29,54,Africa,Mobile,8.99,0,Credit Card,5,0.41,Documentary
E42D9B7C-45Aa-407A-8Bd8-5E0622A2Ecbf,29,Male,Basic,8.06,13,North America,Mobile,8.99,0,Credit Card,2,0.58,Romance
B6342Efb-3668-4707-9Bcd-Ae6Ba9180B54,57,Male,Basic,4.76,58,Africa,Tablet,8.99,1,Credit Card,1,0.08,Action
3Eb2Ec73-7F46-4Fbc-A330-E4C7400Ea6Cd,29,Other,Standard,7.29,44,North America,Desktop,13.99,1,Gift Card,3,0.16,Romance
15Af8821-Bdd5-4C9B-8Aff-88435D9Efaae,44,Male,Standard,4.2,39,Asia,Laptop,13.99,1,Paypal,3,0.11,Action
Ef23Baaf-4A7B-41D2-903F-4F772Ab31C26,22,Other,Basic,0.91,39,South America,Tablet,8.99,1,Crypto,1,0.02,Drama
A0Fc6F9F-8C84-43Ef-9Dcd-2D0Cab4Faaf2,33,Male,Basic,3.15,42,North America,Mobile,8.99,1,Crypto,1,0.07,Drama
49D7Dd83-0C7B-4F1D-8B1C-1Cc13096B151,25,Female,Basic,5.78,45,Europe,Tablet,8.99,1,Credit Card,4,0.13,Sci-Fi
A7678A7A-B501-41B5-B5D3-Abf39E61644E,54,Other,Premium,19.95,59,Asia,Mobile,17.99,1,Paypal,1,0.33,Horror
Caa9Db16-975D-48B6-963D-E6C30C58Eeb0,21,Female,Basic,5.49,31,Asia,Mobile,8.99,1,Paypal,2,0.17,Comedy
471Fb8Cd-4497-4E20-A9C5-Cfb8B3729308,19,Other,Premium,1.87,6,South America,Laptop,17.99,1,Debit Card,1,0.27,Action
28994E1C-Df97-40F1-9B04-20Cb29462486,23,Other,Basic,15.3,49,Asia,Tablet,8.99,1,Gift Card,3,0.31,Romance
6De03854-44A1-40E2-94B7-5Fd20Db6A39D,19,Female,Standard,0.82,39,South America,Tablet,13.99,1,Debit Card,5,0.02,Drama
14Ee7859-5504-41Ac-Aac7-9Bc5D66A0Bb9,40,Male,Standard,4.87,19,Europe,Mobile,13.99,1,Debit Card,1,0.24,Drama
25Cc756B-6F70-4855-9D3F-36Af6724Cec5,31,Female,Premium,2.2,43,Europe,Desktop,17.99,1,Debit Card,5,0.05,Drama
6Bb1Aca9-0Bb6-4A2C-A5Ea-B04Faf91Ec09,38,Female,Basic,2.7,49,North America,Mobile,8.99,1,Debit Card,1,0.05,Documentary
Ecc5A056-E4B1-4000-A217-E5932F7A3Ec1,25,Other,Premium,5.75,7,North America,Laptop,17.99,0,Credit Card,3,0.72,Documentary
33Cfe352-95D7-49F7-B368-Ce5218758112,39,Male,Premium,9.28,39,Europe,Tablet,17.99,1,Crypto,3,0.23,Horror
7C912F5E-49F4-40E7-A68D-0A8A3Ae3Bcf9,64,Male,Basic,5.01,49,North America,Tv,8.99,1,Debit Card,5,0.1,Action
Ed400Be4-19D2-4196-Aea3-680C798F0E17,21,Other,Standard,8.27,53,Oceania,Mobile,13.99,1,Credit Card,3,0.15,Documentary
E821Aafd-Dfc3-4Ffb-9129-3741F65Aef17,32,Other,Standard,3.37,19,Europe,Desktop,13.99,1,Crypto,1,0.17,Action
0B945A37-Fe3D-48F3-8Bd9-0Ce0D58C74De,62,Male,Basic,1.71,13,Oceania,Laptop,8.99,1,Paypal,4,0.12,Drama
6Fda8923-B925-4E65-97E4-Ed9481D66B44,69,Female,Standard,2.48,55,South America,Laptop,13.99,1,Gift Card,1,0.04,Romance
6Df35E17-Ca7F-42C2-A978-28B213E921E9,63,Female,Premium,7.58,25,South America,Mobile,17.99,0,Paypal,1,0.29,Horror
5B9B1694-E5D7-49Be-Af2A-9Ee50F968320,23,Female,Premium,18.15,16,Oceania,Laptop,17.99,0,Debit Card,2,1.07,Action
31862A3B-Baef-4Cf2-9Ece-F6Bc288B9224,68,Female,Premium,15.56,53,Africa,Laptop,17.99,1,Crypto,3,0.29,Documentary
Ed57E399-B34C-447E-Ab12-D72946D0Fc73,60,Other,Premium,2.0,32,North America,Mobile,17.99,1,Credit Card,5,0.06,Documentary
435C5516-9Ca4-4623-8C1B-6E7C568352Ca,38,Male,Standard,8.79,17,North America,Tv,13.99,0,Paypal,5,0.49,Drama
591E2D65-1B87-48Ff-8E68-93917868Cd24,61,Male,Premium,13.17,40,Oceania,Tv,17.99,1,Crypto,3,0.32,Horror
856B5E64-F982-4156-Adb9-F005D6C56Ee2,56,Male,Basic,9.9,41,North America,Laptop,8.99,1,Paypal,5,0.24,Drama
Ac171460-B30B-48Bb-9949-F420E21C3982,33,Other,Basic,8.92,48,North America,Desktop,8.99,1,Crypto,5,0.18,Comedy
86Ef9Bd7-C8E2-4Dc7-8A6F-Ec68E57730Df,58,Male,Basic,6.35,23,Africa,Laptop,8.99,0,Credit Card,2,0.26,Comedy
2B46513E-8412-4B99-91Aa-D614206322D1,41,Female,Premium,0.57,52,North America,Mobile,17.99,1,Paypal,4,0.01,Documentary
Aba3A59D-6Ff0-4069-Bdaf-6847D1148489,45,Female,Premium,15.41,6,Africa,Laptop,17.99,0,Credit Card,3,2.2,Sci-Fi
Eaf657B9-53F1-4B33-9521-61B096E9666B,59,Female,Standard,4.17,57,Asia,Tablet,13.99,1,Paypal,4,0.07,Horror
07717E07-D7A1-4Bee-8Bf5-C51E19276964,24,Other,Basic,11.85,0,Asia,Mobile,8.99,0,Debit Card,3,11.85,Sci-Fi
D2038Fcb-1899-4B27-Acc7-8Bd054F32003,38,Female,Standard,32.31,11,Oceania,Mobile,13.99,0,Paypal,3,2.69,Horror
1Bfddb22-4308-411A-897E-1081198500Ce,59,Other,Basic,12.4,43,South America,Desktop,8.99,1,Debit Card,3,0.28,Horror
735F5A63-06Cb-47D4-8240-138887Fdbab6,40,Other,Basic,6.86,1,Oceania,Tablet,8.99,0,Crypto,4,3.43,Sci-Fi
6B6918Bb-7F5D-4D77-A829-0B5A803100Bd,53,Female,Premium,17.99,0,Europe,Mobile,17.99,0,Crypto,3,17.99,Horror
C6E04C65-8C8B-4Cc2-Acbe-772Bf63Edfff,31,Other,Basic,7.64,46,North America,Tv,8.99,1,Credit Card,4,0.16,Drama
7De2A54B-751D-44A9-9755-3Ed3E90742C0,59,Other,Basic,35.89,11,Oceania,Laptop,8.99,0,Credit Card,4,2.99,Drama
B4B4555B-8433-434F-9383-001239Cf8129,58,Female,Basic,8.53,8,North America,Laptop,8.99,0,Paypal,2,0.95,Comedy
97920Ba3-Ed2D-418C-93F1-Bf3D0F0148Bc,18,Other,Premium,27.6,11,Africa,Laptop,17.99,0,Debit Card,5,2.3,Romance
850E58A9-93E1-4C1A-A8F8-D8A39Ce4E461,20,Male,Premium,8.87,24,Oceania,Laptop,17.99,0,Crypto,1,0.35,Action
D25183Cb-Ffaa-4B4E-8A22-140D3A21A7De,59,Female,Basic,12.03,33,Asia,Tv,8.99,1,Debit Card,1,0.35,Action
6Dd067Ff-F2B5-423C-8C38-Ab5Ceab92Ff4,28,Female,Premium,16.69,47,South America,Mobile,17.99,1,Debit Card,3,0.35,Romance
4B19503C-673B-4073-Bdc1-F672De41D568,48,Other,Premium,1.54,22,Asia,Laptop,17.99,1,Crypto,5,0.07,Sci-Fi
296D587F-E02A-4E4C-A88A-Cc31E10823F3,35,Female,Premium,25.2,48,Asia,Tablet,17.99,0,Debit Card,4,0.51,Sci-Fi
2Ea80C34-962F-4983-A53A-F5781331D132,46,Other,Basic,4.11,16,South America,Tablet,8.99,1,Credit Card,4,0.24,Action
19Da3460-Ef3D-4094-Aa3F-F168246B42A2,57,Other,Standard,4.81,21,Asia,Desktop,13.99,1,Debit Card,2,0.22,Horror
10Ee957B-891F-4Fee-8861-Eb84Aeec2De1,67,Other,Standard,1.93,48,Asia,Mobile,13.99,1,Debit Card,5,0.04,Horror
0427Fde9-46C6-469C-Bc4A-6D8E39A85Df9,67,Male,Standard,0.01,1,South America,Desktop,13.99,0,Crypto,4,0.01,Horror
E35B86C8-465A-4945-8F2D-A6C42B61F6D8,49,Male,Standard,19.77,54,North America,Tv,13.99,0,Debit Card,4,0.36,Action
C46Cced1-D263-4237-Ac16-4248956204F5,48,Male,Premium,2.98,6,South America,Tv,17.99,0,Debit Card,2,0.43,Comedy
B91503Ef-C830-4D47-986C-6E87D8E718Bb,23,Female,Basic,27.77,21,Asia,Laptop,8.99,0,Paypal,2,1.26,Comedy
E7847Fc5-4848-485D-8172-53505Ff5C1D5,43,Other,Basic,6.86,41,South America,Desktop,8.99,1,Paypal,4,0.16,Documentary
292Beacd-895E-4D60-Bdc4-69Faec93Ce66,49,Male,Basic,10.85,27,Asia,Laptop,8.99,0,Paypal,4,0.39,Romance
F6080E6D-2A61-4D67-Bb58-6Ab35B805Bca,65,Male,Standard,10.44,58,Oceania,Laptop,13.99,1,Gift Card,2,0.18,Documentary
C26Ca12F-3A9D-4522-Ad03-95E1A45137Eb,59,Female,Basic,24.62,21,North America,Tv,8.99,0,Credit Card,3,1.12,Drama
1112B137-D4Fe-448D-9188-Af48334Fbc53,48,Female,Basic,6.94,52,Asia,Desktop,8.99,1,Debit Card,1,0.13,Action
5B61C411-6055-4022-A40A-B05D1555Eac4,21,Male,Standard,4.52,3,Oceania,Mobile,13.99,0,Crypto,3,1.13,Drama
10E961C3-40De-45Cb-Bcf5-76836Ec603D7,61,Male,Premium,1.63,36,Africa,Mobile,17.99,1,Crypto,5,0.04,Drama
Bf0363Ac-7C6A-4E50-Bfb5-Ff71151Df8F1,34,Female,Basic,12.42,28,North America,Desktop,8.99,0,Credit Card,2,0.43,Documentary
Bb04C7D9-F77A-4793-B984-E9D20D7Cecb2,51,Male,Standard,38.31,4,Africa,Tv,13.99,0,Crypto,5,7.66,Action
0Bf99C02-B45F-4B75-A9Eb-11Aad9C48C54,23,Male,Standard,14.9,40,Asia,Tablet,13.99,1,Paypal,1,0.36,Sci-Fi
10F0Eb98-3902-458F-9E2F-24F48F83Ae41,30,Other,Premium,7.13,49,South America,Desktop,17.99,1,Debit Card,3,0.14,Romance
B423Daa9-5960-4361-8806-025Fdd52D654,20,Male,Premium,7.81,53,Oceania,Tv,17.99,1,Gift Card,4,0.14,Romance
Ee7B619D-8Df1-47Ce-8Ab5-060C29Ac3D3E,42,Female,Standard,0.48,5,North America,Desktop,13.99,0,Credit Card,5,0.08,Action
3F260C2F-4B6C-49D7-9617-2F906B933Ca8,62,Female,Standard,6.55,52,Asia,Desktop,13.99,0,Debit Card,5,0.12,Sci-Fi
1E5A70Bf-83Da-4C7B-B76C-606333Bfa7Aa,49,Male,Premium,29.41,14,Oceania,Desktop,17.99,0,Gift Card,1,1.96,Comedy
F0E1Cc4A-8545-4E03-9F16-9E83B65E44Aa,41,Female,Basic,32.8,32,Europe,Mobile,8.99,0,Credit Card,2,0.99,Drama
032719C1-Eafd-4963-9362-778C661Ad881,65,Female,Basic,0.24,28,Asia,Tablet,8.99,1,Paypal,5,0.01,Sci-Fi
041D3C04-Aa19-4359-861A-05327029F960,34,Other,Standard,33.38,53,Africa,Tv,13.99,0,Debit Card,5,0.62,Romance
D32F3Fc2-F9Df-45B7-Bd91-4Ed789Bd17Bb,32,Other,Standard,14.18,59,South America,Laptop,13.99,1,Debit Card,1,0.24,Comedy
752D1403-7Fc8-46D1-8532-F861147B73Dc,33,Other,Standard,6.97,44,Asia,Tablet,13.99,1,Paypal,3,0.15,Romance
28652897-1058-46Fd-A152-0Acea9E9284F,47,Female,Basic,6.39,54,Asia,Tv,8.99,1,Crypto,4,0.12,Documentary
D6C4C6Fc-D6Ac-4F13-9518-103Cc3Cd52C6,33,Other,Premium,6.35,30,Asia,Tablet,17.99,0,Credit Card,5,0.2,Sci-Fi
Af17Ffdc-F27A-4159-9C8D-Addd1Bfb0979,67,Other,Standard,2.79,53,Europe,Laptop,13.99,1,Paypal,4,0.05,Documentary
Ff583D32-C660-49Dd-Ba75-54106Ef7D44A,20,Female,Basic,47.0,25,South America,Tablet,8.99,0,Debit Card,4,1.81,Romance
85003A46-57Ba-4Ad5-8240-99D3D8B9Ef27,43,Other,Standard,38.84,56,Europe,Mobile,13.99,0,Debit Card,4,0.68,Romance
0C807992-F90B-4E89-85E3-9178D3Bae4A8,36,Female,Standard,2.56,6,Africa,Tablet,13.99,0,Debit Card,5,0.37,Comedy
Ef6D974D-C79D-4Fe6-B2E8-A3D375Ea37C8,54,Female,Basic,13.25,49,Europe,Mobile,8.99,1,Debit Card,3,0.27,Action
16241F0A-8Cfe-4Ded-88F9-12E70315E6Aa,26,Other,Standard,12.76,54,Asia,Desktop,13.99,0,Credit Card,4,0.23,Romance
1F0Aa18C-1417-4Ca7-9895-7Dac0Baee3Ee,25,Male,Standard,26.47,60,North America,Tv,13.99,0,Paypal,1,0.43,Action
F229D011-40B4-4E21-Ac8E-394De1B4D6Bc,37,Male,Standard,1.33,60,Europe,Desktop,13.99,1,Gift Card,5,0.02,Comedy
F0A64Ef5-B531-4C85-9F81-5Ce41490De02,43,Male,Basic,10.02,50,Europe,Tv,8.99,1,Credit Card,1,0.2,Drama
B6B3F022-6564-45D9-A070-90F66Db4D09D,69,Male,Basic,7.66,46,Africa,Tv,8.99,1,Paypal,3,0.16,Horror
422F3159-6Fd0-42D4-9Bc8-4F8Dc29D531E,32,Female,Standard,22.99,31,Africa,Mobile,13.99,0,Debit Card,1,0.72,Sci-Fi
24B27817-E433-45Cf-8439-8658F84B5D2E,35,Female,Basic,9.2,26,South America,Laptop,8.99,1,Gift Card,2,0.34,Comedy
5De098C2-Fa28-45Bf-Ae9F-F31Dbaa387C0,29,Other,Premium,4.46,42,Asia,Tablet,17.99,1,Paypal,4,0.1,Comedy
D7F54Be2-58Dd-46B8-B43B-4Ff590876743,34,Other,Premium,2.94,39,North America,Desktop,17.99,1,Crypto,1,0.07,Documentary
938Fec83-206C-4Bb3-8Ae6-7Aa0Bd8E7683,45,Other,Premium,2.59,56,Europe,Tablet,17.99,1,Paypal,3,0.05,Drama
Ece05305-60Ed-4148-B003-3D3Fde5Ac23B,46,Other,Standard,1.22,59,North America,Desktop,13.99,1,Debit Card,3,0.02,Horror
72E1395C-665A-40D9-99D4-150A7D6Ba156,31,Other,Basic,10.38,42,North America,Tablet,8.99,1,Debit Card,1,0.24,Action
9490F2Fb-6881-415D-A9C2-55855Ad016Fc,68,Female,Basic,15.56,53,Asia,Mobile,8.99,1,Paypal,5,0.29,Horror
5Bd2Fa59-Db60-4274-9E7C-F64De753Ff84,36,Female,Standard,11.94,45,Europe,Tablet,13.99,1,Paypal,2,0.26,Comedy
E60Ca66E-6129-4C74-9917-2039B803Fb3A,68,Female,Basic,24.27,33,Asia,Tv,8.99,1,Gift Card,1,0.71,Romance
7Dae5Dd3-9815-4Ae0-A868-C1D08Eb7Ec3F,50,Male,Basic,4.3,54,North America,Tablet,8.99,1,Paypal,5,0.08,Action
2477D719-B049-4B4C-8F1D-D9173919Eedd,18,Female,Standard,9.77,57,Africa,Desktop,13.99,1,Crypto,2,0.17,Sci-Fi
375Eca39-A99B-48A4-B4C0-Bb0E8722D963,34,Male,Premium,3.92,4,South America,Tv,17.99,0,Gift Card,1,0.78,Action
D2927Ae0-0518-4579-Aed1-4Ad9A039D1D0,39,Other,Premium,13.51,54,Oceania,Tablet,17.99,0,Paypal,4,0.25,Drama
E74A58Dd-5C33-41A4-A2F5-Ba8F634216Dc,45,Male,Premium,27.2,8,Europe,Laptop,17.99,0,Debit Card,5,3.02,Sci-Fi
913C9B60-2Bf4-495A-9E80-74719A9C5047,23,Male,Premium,16.51,41,Oceania,Tablet,17.99,1,Gift Card,5,0.39,Romance
E66F76A6-9E44-4D2A-Ac84-D297B96Abe7C,56,Female,Standard,4.05,4,Europe,Tv,13.99,0,Paypal,4,0.81,Drama
018Fad5A-7Be7-48Ad-993F-68Fe75Ed0B9B,31,Male,Standard,2.2,29,Asia,Tv,13.99,1,Paypal,1,0.07,Comedy
5F0A5E42-5C88-417A-B627-1F3057237D04,31,Female,Standard,2.02,39,Europe,Mobile,13.99,1,Credit Card,4,0.05,Comedy
07D43B0B-94E3-4Ea5-9281-7D959494690D,31,Male,Standard,54.98,57,Africa,Desktop,13.99,0,Gift Card,4,0.95,Horror
91C22005-2619-4F68-A797-531076Bc8D6A,41,Female,Basic,7.78,0,Asia,Tablet,8.99,0,Paypal,2,7.78,Romance
2A93D86F-7768-4C2D-93F0-82A7356Ef894,32,Other,Standard,1.43,19,Oceania,Laptop,13.99,1,Gift Card,2,0.07,Documentary
4C14Bede-0E49-4C69-Bd98-Ad6Fa46Fed15,67,Male,Premium,18.54,58,Africa,Laptop,17.99,0,Paypal,5,0.31,Comedy
44E5Fbde-B513-4D69-Accb-F083A5863D89,46,Female,Basic,4.84,27,Africa,Desktop,8.99,1,Paypal,2,0.17,Romance
090D46Ba-D78E-4F49-A4C6-9Bf211Df3F91,54,Male,Premium,6.65,23,Asia,Mobile,17.99,0,Paypal,4,0.28,Comedy
66513Bd6-E31B-4Dc4-9B1B-Aff8Caa18E88,59,Male,Premium,47.14,35,Oceania,Tablet,17.99,0,Crypto,3,1.31,Comedy
Acc43C61-4F60-49B8-A93B-4241C02B2Be2,44,Other,Basic,20.91,5,South America,Laptop,8.99,0,Gift Card,5,3.48,Sci-Fi
079D22B5-Cb52-4784-862A-93Eb40A6Fc9D,62,Male,Basic,3.31,21,Africa,Tv,8.99,1,Gift Card,3,0.15,Action
Fb137217-22E7-4472-9F24-C3E1982C0Bbd,46,Male,Standard,2.98,51,South America,Laptop,13.99,1,Credit Card,1,0.06,Action
E25Dbc8A-284A-4064-Bddd-Ea62C7Fde074,68,Other,Standard,37.3,31,Africa,Desktop,13.99,0,Crypto,5,1.17,Action
4A72D855-C7D1-41Ea-Bf1D-5E0Eba3Be8D8,28,Female,Premium,10.38,33,Oceania,Mobile,17.99,1,Credit Card,3,0.31,Documentary
Ffef8Fb1-3847-4535-A403-Fad7Ac35Eb46,55,Male,Premium,6.14,25,Oceania,Desktop,17.99,0,Credit Card,4,0.24,Comedy
44C431B4-0F1A-4403-B701-98Ab0F23F260,70,Other,Standard,4.75,54,Europe,Mobile,13.99,1,Gift Card,3,0.09,Romance
70F8A703-4E16-495B-97B5-739C7Edace9E,69,Male,Standard,7.26,48,Africa,Desktop,13.99,0,Credit Card,5,0.15,Romance
7E829Bbe-Ef04-481E-88D9-8Eeae0A7Cac6,31,Other,Standard,23.56,40,North America,Tablet,13.99,0,Crypto,5,0.57,Sci-Fi
48130993-574A-4765-B5F0-5F98Dba9547E,55,Female,Basic,7.86,36,North America,Desktop,8.99,1,Credit Card,4,0.21,Horror
Efc777D9-E7A2-404C-9626-3B30B333Dcce,40,Other,Standard,7.48,54,Africa,Tablet,13.99,1,Debit Card,1,0.14,Comedy
E51E6D48-D863-4799-9F3D-75B6980B5D3E,36,Male,Premium,2.13,54,Oceania,Laptop,17.99,1,Debit Card,3,0.04,Drama
Ce0B32De-26Ff-4F3D-Bd27-9C85E6F2Bf26,62,Female,Basic,6.12,51,Africa,Tablet,8.99,1,Gift Card,2,0.12,Sci-Fi
3Ef8E526-3060-49E4-B23D-7C8325593D35,63,Other,Basic,10.71,43,Asia,Laptop,8.99,1,Debit Card,2,0.24,Comedy
4E3215E3-48Be-4Ea9-86E4-057E5Ce9Bf39,43,Male,Standard,1.06,27,Asia,Tv,13.99,0,Paypal,4,0.04,Action
9D71A390-0C88-40Da-B62E-7Ff0Cd29F65B,18,Other,Premium,12.22,48,Europe,Tv,17.99,0,Debit Card,5,0.25,Sci-Fi
11D0215F-7D5C-439A-Ab60-98C27E38D982,23,Female,Standard,3.9,1,Oceania,Tablet,13.99,0,Credit Card,1,1.95,Sci-Fi
B81E2759-C1E2-433E-A4E1-D7Fe65A14464,21,Female,Premium,19.77,22,Europe,Tablet,17.99,0,Credit Card,4,0.86,Romance
Cee2B2D5-7Bd7-46De-8D55-36B262B78B70,53,Male,Basic,2.42,11,Africa,Desktop,8.99,1,Gift Card,5,0.2,Action
C83D8343-0Bd3-42A8-A312-9B6E75367D29,64,Other,Premium,7.0,9,Oceania,Mobile,17.99,0,Crypto,4,0.7,Drama
2C4930A3-789B-4Ed5-8F39-E8C64A740269,21,Other,Standard,61.8,41,Europe,Laptop,13.99,0,Paypal,3,1.47,Drama
16A200Cb-3249-413A-977D-6Ad61271B74F,50,Female,Basic,2.84,36,Asia,Desktop,8.99,1,Gift Card,3,0.08,Comedy
4F6C6788-A003-4Eca-B344-5E47Ace30E12,38,Other,Standard,5.32,24,Europe,Tablet,13.99,0,Crypto,4,0.21,Documentary
C56D6009-0B18-47D0-A605-99C63F1Cf8C3,67,Male,Standard,0.44,27,South America,Tablet,13.99,1,Credit Card,3,0.02,Action
F4Db7304-7056-46C8-88Dd-0B612Ad71Ba2,70,Female,Standard,7.16,40,Europe,Tablet,13.99,1,Debit Card,1,0.17,Comedy
6Fb66Bbb-0951-4845-A4Cd-3Ce9151Ab345,58,Other,Standard,0.73,14,Europe,Mobile,13.99,1,Gift Card,3,0.05,Action
Ca15D77A-57D5-44C3-Bcb3-A0C4D1Abbbdd,21,Other,Basic,2.73,48,Asia,Tv,8.99,1,Paypal,5,0.06,Drama
567Dc920-9Ae2-41Ca-B169-A6706369169F,28,Other,Premium,17.1,16,Africa,Desktop,17.99,0,Crypto,4,1.01,Action
6Fbc22Eb-6Eb2-4Df2-82F7-1Fa1D07D4802,61,Male,Basic,20.11,17,North America,Desktop,8.99,0,Debit Card,1,1.12,Comedy
C7580297-A79C-4487-A676-Afefffc00A0C,27,Male,Basic,31.0,57,South America,Tv,8.99,0,Crypto,5,0.53,Romance
B63Bbb24-3940-4377-Bda2-081Dc5008511,63,Other,Standard,11.42,57,Europe,Desktop,13.99,1,Credit Card,1,0.2,Horror
C7Bd6A1E-Dd9B-4Ae0-8640-B800F73384Ae,51,Male,Premium,14.64,23,Africa,Tablet,17.99,0,Credit Card,4,0.61,Documentary
F25Ebdda-0532-43Da-91Be-D2Ff34C108Cc,40,Female,Basic,5.54,11,Oceania,Mobile,8.99,1,Gift Card,1,0.46,Drama
B47239A1-8E93-4C1A-87B5-3Ba3B6D46A77,47,Female,Premium,34.18,50,Europe,Desktop,17.99,0,Crypto,4,0.67,Drama
C06F7F28-0Fde-4B15-819B-Ec1061932A50,19,Other,Basic,1.23,47,Asia,Mobile,8.99,1,Debit Card,4,0.03,Sci-Fi
C6C8Cbb4-B03D-4Aa7-Ae8F-591C88F61Aa2,43,Female,Basic,7.51,2,Europe,Tv,8.99,0,Credit Card,4,2.5,Drama
4Ef69A1F-C2B7-4E85-B0F5-318696E2675C,63,Male,Standard,16.41,34,North America,Tv,13.99,1,Paypal,1,0.47,Sci-Fi
7A8163De-F9A8-416E-8019-79049Bb31E9B,39,Female,Standard,11.29,40,Europe,Laptop,13.99,1,Crypto,1,0.28,Documentary
C064E06E-7E55-493F-817F-Ca67C074B251,20,Other,Basic,0.37,27,Africa,Desktop,8.99,1,Paypal,1,0.01,Drama
B7Aa7D7C-1680-4A40-9646-3Fbc458Fdef6,39,Female,Basic,7.24,8,Oceania,Mobile,8.99,0,Credit Card,3,0.8,Horror
107172F9-17Aa-4D27-9316-211B12B7Ca66,30,Other,Premium,21.23,50,Africa,Mobile,17.99,0,Credit Card,2,0.42,Drama
E4Cedabe-2Ad7-4C28-Ad24-34Ad6Ac0A7Db,46,Male,Standard,0.89,35,Oceania,Tablet,13.99,1,Gift Card,1,0.02,Drama
360177A9-B5Fd-4C78-Ba0D-A0Dad34611F6,66,Other,Basic,1.21,7,Africa,Tv,8.99,1,Crypto,5,0.15,Documentary
9Cf98Ae9-3Ca2-4174-A7Ca-0Fb8969544Aa,19,Other,Premium,13.21,32,Asia,Desktop,17.99,1,Crypto,2,0.4,Action
6D0Baae0-E0C5-4A4E-8E3B-97Bf14Be6147,54,Male,Premium,18.07,14,Asia,Tv,17.99,0,Debit Card,2,1.2,Sci-Fi
2D568E58-1Bce-43D3-B509-529C4907Feb6,32,Female,Standard,12.46,17,Africa,Laptop,13.99,0,Debit Card,5,0.69,Comedy
C154Deff-4E9E-4Fe4-9D67-F48908Ff54D9,40,Female,Basic,3.95,34,Oceania,Tablet,8.99,1,Debit Card,4,0.11,Comedy
71F2E2Cc-C590-4263-A857-9D41079Aeca5,51,Female,Basic,7.4,49,Oceania,Mobile,8.99,1,Paypal,4,0.15,Documentary
1750Bbeb-A4D1-4Fdd-9D4B-6Da8F2110F83,24,Other,Premium,5.54,47,Africa,Tablet,17.99,0,Paypal,5,0.12,Documentary
A5C9B131-7Db9-49Dc-Bbf0-Ab2Cc975Db2E,50,Male,Basic,34.91,55,South America,Tablet,8.99,0,Paypal,1,0.62,Drama
F34C660C-8130-46Ea-B9Eb-2B94983E70F0,52,Female,Premium,19.84,51,South America,Tablet,17.99,0,Paypal,4,0.38,Drama
B3Df269B-9A99-4B0D-B72A-309D9Eb0Fdff,40,Male,Standard,1.53,23,Africa,Laptop,13.99,1,Credit Card,1,0.06,Drama
762Bdb2F-9869-459D-A388-B7D7499De3D1,24,Female,Standard,30.63,58,Oceania,Mobile,13.99,0,Debit Card,4,0.52,Sci-Fi
8C5E8Ece-8B04-4187-943F-C47E7452Ac98,29,Female,Premium,3.17,8,South America,Tv,17.99,1,Crypto,2,0.35,Action
1Ba7Df97-738B-4Bda-84Bc-342E75F0Bb3B,68,Other,Basic,21.58,30,Oceania,Tablet,8.99,0,Credit Card,2,0.7,Horror
0B029466-21A8-4Aa2-A32D-7957Bc97Dd15,18,Female,Basic,18.12,2,North America,Tablet,8.99,0,Debit Card,1,6.04,Horror
78F2Bf62-Fba1-46A6-833C-110010Ab98Ad,45,Female,Standard,16.1,13,South America,Tablet,13.99,0,Debit Card,3,1.15,Sci-Fi
68Ce89C8-A5B2-4117-B896-352C78E682A5,20,Other,Standard,2.75,2,Africa,Tv,13.99,0,Credit Card,2,0.92,Sci-Fi
E06Fb7Ea-7713-4Fac-A996-C7Ea9349C0F1,38,Male,Premium,4.88,12,North America,Laptop,17.99,1,Gift Card,1,0.38,Romance
8C3C1Be4-1E6E-44D8-8C71-D45Fd198B10A,70,Other,Standard,1.42,17,South America,Laptop,13.99,1,Debit Card,2,0.08,Comedy
8F7170B0-9F51-4774-88Cc-A5881E14D60D,25,Male,Standard,3.84,45,Africa,Mobile,13.99,1,Debit Card,5,0.08,Drama
391F7245-B2Ef-4328-B1F0-47135A7252Ce,42,Female,Premium,6.45,52,Europe,Tablet,17.99,1,Gift Card,1,0.12,Documentary
C3D0Acc2-11F2-410C-Bdcb-15Da9958E18D,56,Female,Premium,10.31,31,Europe,Laptop,17.99,1,Gift Card,3,0.32,Comedy
602855B3-Cd60-4B34-9201-1Dfb89A22D88,49,Other,Basic,3.16,31,Asia,Desktop,8.99,1,Gift Card,5,0.1,Action
910F20E5-3307-4E9F-928D-Bf6B69Fbc430,25,Female,Premium,50.94,28,Africa,Mobile,17.99,0,Debit Card,4,1.76,Drama
05E332Ce-23B3-4687-90Ae-3A9A515490Ff,39,Other,Premium,0.33,29,Africa,Laptop,17.99,1,Credit Card,2,0.01,Documentary
5802Fec8-2F12-4Cea-8Fe6-64A2D9038Aba,37,Female,Premium,19.29,42,North America,Tablet,17.99,0,Paypal,4,0.45,Comedy
4A384E91-F1C0-47F5-A245-485175A01A96,21,Male,Standard,0.19,59,North America,Mobile,13.99,1,Debit Card,3,0.0,Romance
72636137-36A1-4188-98F6-Faaa54B0A5Aa,32,Male,Standard,7.88,38,Europe,Tablet,13.99,1,Debit Card,1,0.2,Drama
0687C494-6A02-4C35-9Ed5-4932776B9162,49,Other,Premium,0.21,26,Oceania,Tv,17.99,1,Debit Card,3,0.01,Documentary
215Aac75-022A-4A4A-90C3-160A8A792257,29,Female,Basic,15.6,11,South America,Tablet,8.99,0,Crypto,2,1.3,Documentary
21A179F2-E450-4D64-A10F-439788529Ba6,56,Male,Basic,6.72,1,Oceania,Laptop,8.99,0,Debit Card,2,3.36,Romance
16Eef2Bf-6Be9-48C4-Bc16-37C86A697011,35,Female,Premium,19.05,57,Oceania,Mobile,17.99,0,Credit Card,5,0.33,Action
F53Ae566-C104-415C-A1F2-4E8E5E814603,38,Female,Premium,10.11,23,Asia,Desktop,17.99,0,Paypal,4,0.42,Action
22Bb275C-104E-497A-B1Eb-227B79C9A40B,22,Female,Basic,4.4,34,Europe,Tv,8.99,1,Crypto,5,0.13,Action
7Ce95Fbf-F28C-4734-B710-35650D1Be437,68,Other,Basic,23.54,33,North America,Tablet,8.99,0,Gift Card,5,0.69,Action
F96Cf079-D1D5-42Bb-9878-4865D631Dd13,46,Male,Basic,13.5,44,North America,Laptop,8.99,1,Debit Card,1,0.3,Drama
87D56579-1F8F-477F-A0Bf-Ab16A504A431,38,Male,Basic,11.77,49,Africa,Tv,8.99,1,Credit Card,5,0.24,Comedy
F640922D-1951-4E52-8D07-58299A016Cf0,31,Male,Standard,8.85,5,Oceania,Tablet,13.99,0,Gift Card,1,1.47,Sci-Fi
7F4F807A-F985-419C-820C-17Ecfd0E613A,64,Female,Standard,13.89,43,Oceania,Tablet,13.99,1,Credit Card,1,0.32,Documentary
32Eb81B5-Af6F-44D3-Bc33-4De00Ebe132D,42,Female,Standard,4.37,18,Africa,Laptop,13.99,1,Crypto,5,0.23,Horror
79B9C555-5D7F-401D-8Ac8-A13Fb0C5C1Cf,51,Female,Standard,4.35,44,Oceania,Laptop,13.99,1,Gift Card,1,0.1,Sci-Fi
D105D2Bf-Fcf9-44C6-B086-51C0D096Dbb4,23,Male,Basic,1.81,0,Europe,Laptop,8.99,0,Crypto,5,1.81,Horror
42608Df0-D58D-440C-8038-Cc4F2352733F,56,Female,Premium,32.38,15,South America,Laptop,17.99,0,Debit Card,5,2.02,Comedy
557D44B5-24Ef-4176-A0Bc-33F51Ec3C62A,59,Male,Standard,4.41,35,Europe,Tv,13.99,1,Crypto,3,0.12,Romance
6119Cd5F-25Ae-468C-A4C8-0E86Ce0Da93F,20,Female,Premium,4.18,36,North America,Tablet,17.99,1,Debit Card,3,0.11,Documentary
01E0E04B-2235-4Fb9-8Fb9-973653881Bd7,56,Male,Basic,7.39,53,South America,Mobile,8.99,1,Debit Card,1,0.14,Comedy
A92B4D05-6E6E-435E-B8Ab-Ed160C1A0671,22,Male,Premium,0.77,29,North America,Desktop,17.99,1,Debit Card,1,0.03,Horror
8Eedeb3B-2B2F-4Fbf-8C78-78D95Da51319,65,Other,Standard,2.92,1,Africa,Tv,13.99,0,Credit Card,5,1.46,Documentary
0De1D06B-E229-4173-Ae8F-A5E2602C629A,40,Male,Standard,8.17,4,North America,Laptop,13.99,0,Debit Card,1,1.63,Documentary
7Dd16F76-9942-47B6-Ae7F-Fe82Db8B862C,27,Other,Premium,27.3,4,South America,Laptop,17.99,0,Paypal,3,5.46,Drama
96Fa01B4-Dcd1-4B01-Bff4-4C52Bc6E55Bf,66,Male,Premium,42.58,54,North America,Desktop,17.99,0,Credit Card,3,0.77,Romance
674799D1-2E7F-485B-Bec5-B874A7D43A30,70,Other,Basic,7.97,24,Europe,Desktop,8.99,1,Gift Card,2,0.32,Drama
E11B6D38-05Be-4524-9735-A838B05D752B,22,Female,Premium,4.98,0,South America,Tv,17.99,0,Paypal,5,4.98,Drama
9Efe5Bf3-7810-450A-A05A-4Dc4Ad997E2A,64,Male,Premium,6.42,35,Oceania,Tablet,17.99,1,Crypto,5,0.18,Sci-Fi
9E0064Ca-Ef2E-4133-92B6-Baae9A0Fbab5,58,Female,Premium,30.44,57,Europe,Tablet,17.99,0,Crypto,3,0.52,Documentary
88A98E69-9E49-4D28-98D7-1E0B1Bce6138,58,Male,Premium,32.88,0,South America,Tablet,17.99,0,Debit Card,5,32.88,Romance
Bf9Da4D1-F789-4552-93E8-3B529290Ed7D,29,Female,Basic,11.19,11,Africa,Mobile,8.99,0,Debit Card,2,0.93,Comedy
93Ffabf9-401D-4998-Ba07-69B25693Af8F,34,Male,Basic,1.77,10,Africa,Laptop,8.99,1,Credit Card,2,0.16,Romance
7798C7B5-2C45-40Bb-B512-C35124084997,58,Female,Premium,30.18,48,Asia,Desktop,17.99,0,Credit Card,4,0.62,Horror
0Cf9F5E9-D094-49C5-A870-C736B66720A1,62,Other,Standard,3.61,0,Oceania,Desktop,13.99,0,Paypal,3,3.61,Romance
1D3013Fb-2D20-4F30-B937-1Df99Dafb903,49,Other,Basic,0.59,45,Europe,Tv,8.99,1,Gift Card,2,0.01,Sci-Fi
Fc43Da7E-Fdb4-4950-924D-1Dea2738Ae4C,47,Female,Standard,7.04,34,Oceania,Laptop,13.99,1,Paypal,2,0.2,Action
E832C2Fc-Cd6B-419D-8C4C-E3C2A995C0Da,38,Male,Premium,0.47,48,South America,Desktop,17.99,1,Paypal,3,0.01,Horror
D4D09568-7425-484C-876A-0D23Fbd58Db7,23,Other,Premium,0.24,23,Asia,Mobile,17.99,1,Paypal,2,0.01,Horror
Bad0E971-E8D5-4E75-979B-1663960B5F7F,46,Female,Premium,34.32,34,South America,Desktop,17.99,0,Credit Card,5,0.98,Action
D670C278-B9Ea-43Fc-B638-8A136C66A9D0,47,Other,Standard,42.79,2,Europe,Tv,13.99,0,Debit Card,1,14.26,Drama
9064A593-C430-4Ce4-Be40-2Fce743F1440,64,Male,Standard,7.6,44,Africa,Laptop,13.99,1,Debit Card,1,0.17,Drama
3513193B-7A3B-4F79-8C6C-0Fdeec771F7C,60,Other,Premium,8.4,53,Europe,Tv,17.99,1,Credit Card,2,0.16,Documentary
B906246E-44Aa-441F-85C5-Fc2Aa946B0Cb,59,Female,Standard,29.55,0,South America,Laptop,13.99,0,Crypto,5,29.55,Romance
05B8250F-403E-455E-8588-Acfd28455970,18,Female,Standard,6.99,46,Africa,Desktop,13.99,1,Crypto,5,0.15,Comedy
43Fb462C-015A-4412-Ab1E-61798120A503,61,Female,Premium,0.78,33,North America,Tv,17.99,1,Paypal,5,0.02,Sci-Fi
5E9407B5-Aba7-4F9B-A6Ce-7C7D5B22D0C1,65,Male,Premium,31.99,57,Asia,Mobile,17.99,0,Paypal,2,0.55,Action
079D4971-F869-4Eb4-9D75-A43A98C3Df95,48,Male,Standard,6.71,46,North America,Tablet,13.99,1,Paypal,2,0.14,Drama
1E25499F-F040-4626-B6D9-A923812D8Aa1,22,Female,Premium,14.35,1,Europe,Laptop,17.99,0,Credit Card,5,7.17,Sci-Fi
1Ce4B8F6-4A3B-433E-B6Df-03B90Ab10530,39,Male,Basic,6.04,37,Europe,Desktop,8.99,1,Gift Card,2,0.16,Documentary
04C15B59-8639-4Ca1-A09C-B3Cdf6Cd26E9,29,Female,Premium,8.87,41,Europe,Mobile,17.99,1,Debit Card,3,0.21,Horror
9C9Bcf2E-647A-4B9F-A950-Dbec36Feafd2,50,Male,Basic,20.96,40,South America,Tv,8.99,0,Crypto,2,0.51,Sci-Fi
B7B3766D-A554-4590-930C-4Fac22Ad5609,65,Female,Basic,1.64,43,Africa,Tablet,8.99,1,Gift Card,1,0.04,Comedy
A7Bce00C-Ce93-4774-B7Aa-19C634036995,63,Other,Premium,51.75,30,Asia,Tv,17.99,0,Crypto,1,1.67,Horror
22576Ce0-1D98-41Da-818E-272C0718C042,43,Other,Standard,5.12,26,South America,Mobile,13.99,0,Debit Card,5,0.19,Documentary
0D2A0B24-A292-4470-B7B3-Ef99948C12Ed,46,Other,Premium,10.37,34,Europe,Tv,17.99,1,Debit Card,1,0.3,Drama
682Fdf52-1Ebf-4D53-A4B0-141A586Bd183,39,Female,Basic,2.44,43,Africa,Tablet,8.99,1,Credit Card,5,0.06,Documentary
7E3Cf4E1-5524-4C58-9E6F-181025287358,33,Other,Premium,1.97,60,Europe,Laptop,17.99,1,Debit Card,2,0.03,Sci-Fi
7Dc4B049-4B46-484C-8424-Bdcc319C961A,54,Male,Basic,2.41,18,Asia,Desktop,8.99,1,Credit Card,2,0.13,Action
778255D3-5584-4006-8E97-C9256D319Ebe,50,Other,Standard,4.03,1,South America,Laptop,13.99,0,Gift Card,1,2.02,Horror
C2228620-0Aeb-4528-9Afb-6C5Acf3A4584,50,Female,Premium,19.01,6,Asia,Tv,17.99,0,Paypal,1,2.72,Action
C9Fe7A97-Ae87-4846-99Cc-Dffc804D029E,49,Other,Standard,2.33,41,Oceania,Desktop,13.99,1,Crypto,4,0.06,Action
70B56F5E-A3C0-404D-99D8-7Aa2814B5A4D,35,Female,Basic,30.91,23,Europe,Tv,8.99,0,Paypal,5,1.29,Comedy
95Fb8941-2B7C-429C-A1D6-D142Fcebae4B,18,Female,Standard,1.59,10,South America,Desktop,13.99,1,Gift Card,3,0.14,Documentary
D0Eea795-1F4E-4Edb-9Bd6-D37816Cef777,18,Female,Standard,1.48,27,Europe,Desktop,13.99,0,Debit Card,4,0.05,Sci-Fi
C8778C91-31B9-4288-8522-0Fc97992Be4E,28,Female,Basic,9.2,7,Asia,Tv,8.99,0,Paypal,2,1.15,Comedy
21A219C6-4Cd0-4Da5-Aea7-20E42999E21A,18,Other,Basic,12.33,22,North America,Tablet,8.99,0,Paypal,5,0.54,Comedy
5561Ccd8-E146-49F5-8565-F3592B99C120,57,Male,Standard,1.24,37,Europe,Desktop,13.99,1,Gift Card,2,0.03,Drama
702Ab0A5-683F-47Fa-B391-95Acd2D54A89,51,Other,Basic,0.3,58,Asia,Tv,8.99,1,Crypto,2,0.01,Horror
1F1887B9-F6A0-4E02-Bdde-Ca416A4C59Ed,65,Male,Basic,24.31,25,Europe,Desktop,8.99,0,Crypto,4,0.93,Horror
4441C4Ff-A006-4C5A-98D4-31E630B35F3C,22,Male,Standard,13.64,18,North America,Mobile,13.99,0,Debit Card,4,0.72,Documentary
F74Ff24C-51F6-475D-Bf10-78327965060F,59,Other,Premium,4.17,1,South America,Desktop,17.99,0,Debit Card,4,2.08,Comedy
Fb637754-0Acb-469F-Adc6-8F653Eb28048,29,Female,Premium,9.33,9,Europe,Mobile,17.99,0,Paypal,5,0.93,Horror
82C7D813-E397-4De4-8100-Fc27Da80Fd7F,59,Male,Premium,31.05,3,North America,Mobile,17.99,0,Credit Card,5,7.76,Action
0F1B36D1-4484-445C-B533-065818D12A59,19,Male,Premium,3.28,30,South America,Tablet,17.99,1,Crypto,5,0.11,Drama
3Bd93596-85F5-4E95-Bd11-1C6F0B3Cd87D,61,Female,Standard,30.0,50,North America,Mobile,13.99,0,Credit Card,2,0.59,Comedy
A5D3Af2E-027F-4Ff1-811C-5B08B95Aa234,34,Male,Basic,11.2,48,Africa,Desktop,8.99,1,Crypto,4,0.23,Comedy
2D38083F-Cfad-40B3-8343-C572F3D841D8,23,Male,Standard,23.96,32,Oceania,Laptop,13.99,0,Credit Card,5,0.73,Documentary
A954F81C-754F-4B5B-Bf48-510A882Ae1E6,66,Female,Basic,0.74,27,Oceania,Mobile,8.99,1,Crypto,3,0.03,Action
94Efcb70-Ed00-4597-Ad2B-Cb64E70C3Fac,59,Male,Standard,9.77,30,Europe,Tv,13.99,0,Credit Card,5,0.32,Comedy
6E4D182D-A3Ce-4477-Bc55-Af71B882893A,22,Female,Premium,5.64,29,Oceania,Desktop,17.99,0,Debit Card,1,0.19,Comedy
135Cfb15-52A8-4E74-8383-7A65F8C1Bd7C,62,Female,Basic,6.69,30,Africa,Mobile,8.99,1,Gift Card,1,0.22,Comedy
C013D89C-Ded5-477F-A7A1-82F17A4Bc821,44,Female,Premium,18.89,11,Africa,Laptop,17.99,0,Paypal,1,1.57,Documentary
D202349E-Dd45-42E7-84A9-Fa604082763F,65,Female,Basic,26.98,0,South America,Tv,8.99,0,Debit Card,2,26.98,Romance
Fd689478-3167-465D-B35C-2F2238Dec6B1,31,Other,Premium,16.79,42,Europe,Tablet,17.99,1,Gift Card,1,0.39,Drama
F05696Ed-C46F-44F2-9356-17A9B6De2F88,53,Other,Premium,7.79,1,Africa,Tv,17.99,0,Gift Card,1,3.9,Sci-Fi
Ef22Bb3E-F5D3-495A-9E74-C6589Bd524Fb,28,Female,Standard,25.72,60,Europe,Tablet,13.99,0,Crypto,3,0.42,Comedy
4213E867-3C80-4Fd0-B3C6-E2541D2C96Ed,58,Female,Premium,2.91,17,Asia,Tablet,17.99,1,Crypto,1,0.16,Comedy
C07E896D-752F-4841-9Fa4-Aa8C9Ed4Acf5,36,Female,Premium,13.32,45,South America,Mobile,17.99,1,Credit Card,2,0.29,Documentary
Faaf8Bca-8E08-486C-8968-51C445F22219,66,Other,Premium,0.15,44,South America,Tablet,17.99,1,Credit Card,1,0.0,Comedy
1Abb50Cc-2669-4928-88C7-D4Ab9D4C4481,57,Other,Basic,4.59,54,Africa,Tv,8.99,1,Paypal,4,0.08,Documentary
Ebcedfc0-Ae7B-4860-Ad1E-3546B9425F43,47,Other,Basic,39.78,16,South America,Mobile,8.99,0,Paypal,2,2.34,Comedy
0E09D94C-15D8-4621-Bb91-7439249D7087,67,Male,Standard,10.29,44,Oceania,Tablet,13.99,1,Paypal,2,0.23,Comedy
Ac7D370B-5D58-4576-B476-0B9Bc78E8750,33,Male,Standard,14.5,60,North America,Desktop,13.99,0,Paypal,4,0.24,Action
4B38A420-D599-48B2-9B49-B4D3Ddfa370B,22,Male,Premium,33.82,25,Africa,Laptop,17.99,0,Paypal,5,1.3,Drama
068D3Ec3-4558-4Ce6-9C85-06F657B6Bd3F,19,Other,Standard,13.27,35,North America,Mobile,13.99,0,Debit Card,4,0.37,Sci-Fi
Ca2C759F-Eb04-494F-8Fc1-Cd125Bf44244,42,Female,Premium,2.22,40,Europe,Laptop,17.99,1,Credit Card,1,0.05,Comedy
04Bde8D7-E8Ac-4858-811E-4D2Ed879F3B2,23,Male,Basic,17.27,10,Europe,Tv,8.99,0,Paypal,4,1.57,Romance
731179A6-Acc0-4D35-8Dff-4Ab8A6A427D0,23,Male,Premium,4.93,38,Africa,Desktop,17.99,1,Debit Card,4,0.13,Action
Ea275892-9E6A-4Ea7-Bff4-2Fd8E8B52E9A,61,Other,Basic,4.71,8,Oceania,Mobile,8.99,1,Crypto,2,0.52,Action
A2405E26-4977-4666-96F0-555B63Ef33F5,20,Female,Standard,2.43,48,South America,Mobile,13.99,1,Debit Card,4,0.05,Sci-Fi
3585Efe7-1D69-4Db5-Ac08-839A0E8Df609,56,Female,Basic,2.86,58,Asia,Tv,8.99,1,Crypto,3,0.05,Romance
9Fd6430D-C973-4120-8Dc5-D4F4Bd8B2973,61,Male,Standard,2.19,48,Africa,Laptop,13.99,1,Paypal,3,0.04,Documentary
535Accfb-6771-4Dc9-98Aa-94A627C9D53A,50,Male,Basic,4.46,31,South America,Laptop,8.99,1,Crypto,5,0.14,Documentary
E90Ac329-D5Ca-425A-8Ee5-E4D465F17Cf1,31,Male,Standard,10.69,20,Africa,Tablet,13.99,0,Gift Card,4,0.51,Comedy
A69C4C3D-1D84-4A11-Afbf-096C2D9D4746,59,Other,Basic,8.26,39,Africa,Tv,8.99,1,Paypal,1,0.21,Comedy
089923B3-Af5C-4E4D-A9Ae-44Fdc09C96Ed,23,Other,Premium,4.05,10,Asia,Mobile,17.99,1,Paypal,1,0.37,Sci-Fi
Bb281009-8F9E-4De8-A2Be-18Ead738858E,40,Male,Standard,1.11,20,Europe,Tablet,13.99,1,Paypal,1,0.05,Horror
4Faf647B-445B-40E8-A4Cc-322E3C0Cf8C1,41,Other,Standard,6.01,14,South America,Laptop,13.99,0,Gift Card,2,0.4,Horror
5E0C466C-778C-4Fc4-959F-C9C585C28E03,62,Female,Standard,1.12,42,Asia,Tv,13.99,1,Credit Card,1,0.03,Sci-Fi
10Fb9Dda-Dcb6-4F56-A21A-48Efd69B6947,52,Female,Standard,13.19,18,Asia,Desktop,13.99,0,Credit Card,5,0.69,Comedy
43A2287A-3941-451D-9039-112F75A510Ab,70,Male,Premium,15.29,43,Africa,Mobile,17.99,1,Crypto,4,0.35,Sci-Fi
Bedcd2Ac-2Dd8-4Df1-85C4-3B099174E2E3,20,Male,Standard,22.07,39,Africa,Tv,13.99,0,Paypal,4,0.55,Horror
8196B73C-Db52-4Aed-B976-Cbaa245C008B,51,Other,Basic,10.44,40,Asia,Tv,8.99,1,Credit Card,2,0.25,Drama
C97606A8-478F-4114-Aca0-Fa17084Ef4B3,51,Female,Premium,2.62,37,North America,Tv,17.99,1,Crypto,2,0.07,Horror
08Bcd88F-9Bc2-4463-Bc5F-498B5A3E6C27,20,Other,Standard,5.41,38,North America,Tv,13.99,1,Paypal,1,0.14,Sci-Fi
9F0232A1-F6D5-4Ab9-Bdb4-8258C05C7D63,62,Other,Basic,17.15,24,Europe,Tv,8.99,0,Paypal,5,0.69,Comedy
19E36Af2-7843-4B27-9Fd1-32169A2Da1Fa,48,Male,Standard,1.14,11,Europe,Tablet,13.99,0,Paypal,4,0.09,Romance
1D9E1A86-6Cb4-4B0E-8C0B-8E4Aad38184F,50,Male,Premium,20.04,37,North America,Desktop,17.99,0,Credit Card,2,0.53,Documentary
E4C81362-E709-4351-Aab3-69E8A590Ef40,48,Male,Basic,34.77,23,South America,Laptop,8.99,0,Gift Card,5,1.45,Sci-Fi
B62A8E36-A7A1-434B-Bc18-F55F6D0569C5,45,Other,Basic,8.87,5,Africa,Laptop,8.99,0,Paypal,1,1.48,Comedy
0Ec75C65-A599-4E39-8878-3455437F38D3,49,Female,Standard,18.79,11,Oceania,Tv,13.99,0,Gift Card,1,1.57,Horror
4F9Ba8Fb-4Fe1-4C92-996A-313E16E6A939,54,Other,Standard,0.72,0,Europe,Laptop,13.99,0,Gift Card,5,0.72,Horror
15Dd5Aab-02A9-4353-B946-129F72A1560B,63,Other,Standard,1.97,21,Asia,Mobile,13.99,1,Crypto,2,0.09,Documentary
Db495161-Ed07-4Cd1-82D4-50A9E4C8C5C0,25,Female,Standard,7.36,1,North America,Mobile,13.99,0,Paypal,4,3.68,Comedy
Bb9475E9-1A35-46A1-908E-0Fcbca2B075D,29,Other,Standard,14.85,39,Africa,Mobile,13.99,0,Credit Card,5,0.37,Drama
Bab5Dc46-E42E-406C-Bcde-6Ec042C2379B,68,Other,Premium,11.27,52,South America,Tv,17.99,1,Crypto,4,0.21,Documentary
3Be193C1-71C9-4Feb-8146-F7C113153A5E,41,Female,Basic,11.55,57,Asia,Tablet,8.99,1,Crypto,1,0.2,Sci-Fi
067Df9B8-5818-4C62-B69C-7D52B011A2Ee,35,Other,Premium,2.41,49,South America,Mobile,17.99,1,Credit Card,2,0.05,Horror
E096D116-D8Cc-473D-Aca9-E8F785E96471,59,Other,Basic,2.58,54,Oceania,Laptop,8.99,1,Credit Card,4,0.05,Romance
A354F784-6051-47Cd-9266-F9F76Ae17Cf9,29,Male,Basic,5.94,38,South America,Tablet,8.99,1,Paypal,3,0.15,Horror
1D46A6B0-F972-4E84-B7E5-53C37D927A82,55,Other,Standard,47.33,27,Africa,Tablet,13.99,0,Debit Card,5,1.69,Documentary
30C6845D-Fcd3-4100-Be4A-6939A129E80D,28,Other,Basic,1.58,27,North America,Laptop,8.99,1,Credit Card,5,0.06,Romance
Ad1F7C5D-8Ae0-47C9-B206-7C8815Ae90C8,48,Female,Standard,5.49,33,South America,Tablet,13.99,1,Credit Card,1,0.16,Action
D2E9C9A4-1Ffa-4197-A19A-Bfc1Ba75E82E,45,Female,Standard,0.26,5,Oceania,Desktop,13.99,1,Crypto,1,0.04,Comedy
789A8Aba-0B46-435E-A7A7-903883Ab845D,21,Other,Premium,8.16,49,Oceania,Desktop,17.99,1,Paypal,3,0.16,Drama
4Cadb250-9598-41B1-9Aa5-B69F7C146Ac3,54,Male,Premium,5.47,19,Africa,Tablet,17.99,0,Crypto,3,0.27,Action
110Faa05-B3A5-4946-93C0-4D7E014Cf3D4,23,Other,Premium,4.59,35,North America,Laptop,17.99,1,Crypto,5,0.13,Horror
8408Aa81-381C-4653-Ad47-Eff2475F2Fe6,24,Male,Basic,14.73,31,Africa,Tablet,8.99,1,Paypal,2,0.46,Drama
846071B8-3512-4C74-8Ce2-29621445A8E0,69,Female,Premium,50.94,59,North America,Desktop,17.99,0,Debit Card,4,0.85,Drama
Aee0Bad7-F0D3-4485-Af23-B9E4Dfa52Fd4,19,Female,Standard,12.01,0,Africa,Tv,13.99,0,Crypto,3,12.01,Documentary
85C2635D-3904-4955-B4Fe-1467211E58D9,48,Female,Premium,55.75,22,Oceania,Desktop,17.99,0,Debit Card,1,2.42,Comedy
8A651951-8Fd2-431E-968D-Ed0041Ad09Cd,37,Other,Premium,3.58,33,South America,Tv,17.99,1,Crypto,5,0.11,Sci-Fi
33A5Ffac-C883-407A-9910-F24995588D22,30,Other,Premium,14.88,16,Oceania,Laptop,17.99,0,Credit Card,5,0.88,Romance
5F236990-4Ea0-4F3D-Bad9-81Da221F49Ab,50,Other,Premium,10.01,48,Asia,Desktop,17.99,1,Debit Card,1,0.2,Horror
66Fb3011-2Fb9-4506-8854-E332308091C2,23,Other,Standard,36.88,52,South America,Mobile,13.99,0,Gift Card,3,0.7,Romance
De3Fea5A-0Bac-47Ec-8304-83C1F89F049E,18,Female,Standard,13.02,6,Africa,Desktop,13.99,0,Crypto,5,1.86,Documentary
F88695E3-3887-4837-B06E-44545116971B,69,Other,Premium,5.07,25,South America,Laptop,17.99,0,Crypto,4,0.2,Action
25786B48-B57F-43D4-8A62-B852Aa91D6Eb,40,Male,Standard,3.58,21,Africa,Tv,13.99,1,Credit Card,3,0.16,Drama
D01B5F38-E5E2-424A-Bf0F-65F51Fc1D64C,33,Other,Basic,10.34,20,Europe,Laptop,8.99,0,Paypal,3,0.49,Sci-Fi
C480D2B5-7843-47Fb-94C0-9F40C6C3D562,32,Male,Standard,40.69,23,South America,Tablet,13.99,0,Paypal,3,1.7,Comedy
5Cd95D80-F5F2-405A-B630-3B517D652C66,36,Other,Basic,8.32,20,Oceania,Laptop,8.99,0,Paypal,2,0.4,Action
249F226E-B40A-41F9-93A2-32A9504D7Dd9,33,Other,Premium,13.25,10,Europe,Tv,17.99,0,Gift Card,1,1.2,Comedy
207F3314-E691-4165-9Db7-11D5209F16B8,39,Other,Basic,11.55,10,Europe,Mobile,8.99,0,Gift Card,1,1.05,Horror
485E76Bb-675C-4Eb5-B1E2-82A4934Adc5F,28,Female,Basic,2.47,37,North America,Desktop,8.99,1,Paypal,1,0.07,Drama
D6E2C3F2-1B15-47Fc-A1Db-49862399A770,44,Male,Premium,41.31,60,North America,Laptop,17.99,0,Gift Card,4,0.68,Drama
Daddb68F-42A4-46D6-Aa0A-39A8Dec340F8,34,Female,Basic,7.71,32,Europe,Tablet,8.99,1,Credit Card,5,0.23,Action
001B5926-1113-493D-80A4-F09012F2F43B,24,Female,Basic,2.3,37,Oceania,Mobile,8.99,1,Gift Card,4,0.06,Romance
Fe3F068B-304F-4982-Adbc-B2D992A4Dfba,59,Other,Standard,8.76,11,Oceania,Laptop,13.99,0,Debit Card,3,0.73,Sci-Fi
534A8D77-57A7-4B82-A0Ff-F55952Dc55B1,32,Male,Standard,2.81,19,Oceania,Mobile,13.99,0,Paypal,4,0.14,Drama
30918Cb9-5F0F-453F-A5Ce-88069390Debc,52,Other,Basic,19.21,30,Oceania,Desktop,8.99,0,Gift Card,5,0.62,Sci-Fi
C2D3C910-2A29-4Ae5-9F49-238B32Cd2B34,46,Male,Premium,27.63,28,South America,Tablet,17.99,0,Crypto,5,0.95,Horror
4Bac5430-7Ecd-45E2-99Ba-F2C89C88Edce,19,Male,Standard,4.71,17,Oceania,Desktop,13.99,1,Debit Card,2,0.26,Documentary
01758428-1A21-4640-8F6C-36C669B35B03,23,Male,Basic,7.33,20,Africa,Tv,8.99,1,Paypal,1,0.35,Documentary
F6B290Df-1D8B-42D8-9Aac-5B19F94E441F,69,Female,Standard,2.78,28,Africa,Tablet,13.99,1,Crypto,5,0.1,Sci-Fi
1E1A8C33-1975-4586-B9E5-62C598F1Ec78,24,Male,Standard,9.02,13,Oceania,Tablet,13.99,0,Debit Card,1,0.64,Drama
D2A0A7B8-A6C8-47Cc-832F-000B87721Bca,65,Female,Basic,20.0,26,North America,Tv,8.99,0,Paypal,4,0.74,Action
5F2C7678-C330-4A6E-Ab6B-2Aa6446621E5,59,Female,Premium,6.0,8,South America,Desktop,17.99,0,Crypto,2,0.67,Documentary
F67De85D-948D-472F-Ac82-35Eeddb732B1,46,Female,Premium,4.65,11,Africa,Laptop,17.99,1,Debit Card,2,0.39,Horror
C86Cc60F-22F1-4233-829A-59D67A049Bc7,70,Male,Basic,6.86,58,Europe,Tablet,8.99,1,Paypal,1,0.12,Action
Dbf49E6B-5487-4076-Ad57-58E87C51Afdc,64,Female,Basic,5.78,22,South America,Laptop,8.99,0,Gift Card,5,0.25,Action
E67Ca5F6-85C4-44D9-B257-120A96520964,22,Female,Premium,1.7,20,Oceania,Desktop,17.99,0,Debit Card,5,0.08,Horror
A50F0102-Dae4-47Af-B71F-Bbe15439C86B,21,Female,Basic,23.24,10,South America,Tablet,8.99,0,Credit Card,3,2.11,Romance
E6883A9E-8210-4351-9Acd-Cd814C82F075,53,Female,Basic,33.71,42,Africa,Tablet,8.99,0,Debit Card,4,0.78,Documentary
Df29E495-0935-4Eb2-8330-15D416F94131,30,Other,Standard,3.79,20,Africa,Desktop,13.99,1,Crypto,5,0.18,Drama
2F4Ba72C-20A1-4E4C-Be17-4Cdcb85Aed84,54,Male,Basic,8.09,19,Europe,Mobile,8.99,0,Credit Card,2,0.4,Action
7F42C766-A854-4C9C-890E-Fe4Aa2E468D8,54,Other,Premium,7.4,52,South America,Tablet,17.99,1,Debit Card,1,0.14,Documentary
A0A99E1E-Afe1-4F6A-9435-828C93F0423B,33,Other,Standard,7.87,42,Europe,Tablet,13.99,0,Paypal,5,0.18,Sci-Fi
D6517555-2524-4794-8793-69011D3F7527,70,Male,Basic,6.01,13,Asia,Tv,8.99,1,Crypto,1,0.43,Action
302A7A07-2D07-4D15-Aa7C-E8000C97F321,49,Other,Basic,53.75,55,North America,Mobile,8.99,0,Credit Card,3,0.96,Sci-Fi
1Ac33B59-9Ffa-45Ea-Bce9-95B004D48235,53,Male,Premium,4.69,8,Asia,Mobile,17.99,0,Crypto,5,0.52,Horror
0C77Bb21-F163-4C27-B2D7-Cd3691C0D932,60,Female,Basic,3.49,22,Asia,Mobile,8.99,1,Crypto,2,0.15,Horror
Fffbf94B-2308-4687-A8Bb-12E0347A511D,37,Male,Premium,7.16,12,Oceania,Tv,17.99,0,Credit Card,2,0.55,Sci-Fi
38C0Cb0D-73E5-492D-86Ae-Af609Fdc20F3,55,Other,Premium,18.87,58,Asia,Laptop,17.99,1,Gift Card,2,0.32,Comedy
436E88E3-310D-4E5C-993D-2C984387B918,65,Other,Basic,1.68,3,Asia,Tv,8.99,1,Paypal,1,0.42,Sci-Fi
C069C37D-B02D-4509-B039-Bf16D73D22Fb,18,Male,Standard,0.64,18,Asia,Tv,13.99,1,Crypto,2,0.03,Horror
33208F6C-63B0-473E-Ab21-97527B057C83,38,Other,Standard,17.05,34,Asia,Tv,13.99,1,Credit Card,3,0.49,Romance
5A2186Bb-646A-4B19-8C83-54A103376F3E,69,Male,Basic,14.35,50,North America,Mobile,8.99,1,Credit Card,5,0.28,Drama
3710E889-665A-4E74-82B4-84338Bbd4Ec5,59,Male,Standard,1.65,53,Africa,Desktop,13.99,1,Debit Card,1,0.03,Action
Ff1360Fb-906C-459E-B73C-Dbe79D6C0Bba,20,Male,Standard,13.57,45,Oceania,Mobile,13.99,1,Paypal,1,0.29,Sci-Fi
4597D5Ab-47A9-4D12-80A8-0Babe6446F8D,30,Female,Basic,10.64,2,Europe,Tablet,8.99,0,Credit Card,2,3.55,Romance
54F85781-8E1C-4902-864E-01C6F423Bb3C,49,Female,Basic,1.73,28,North America,Mobile,8.99,1,Credit Card,4,0.06,Drama
5F1E4Fd7-5Fd5-4D17-9506-07D94708A5A6,70,Other,Basic,1.33,54,Oceania,Tv,8.99,1,Crypto,5,0.02,Romance
3159A3B9-Ff3A-4Ecd-976B-44E795002C17,25,Other,Standard,16.76,53,Africa,Desktop,13.99,0,Credit Card,4,0.31,Romance
727A57D8-56Dd-4B96-8E01-C0841Ed37406,28,Other,Basic,14.14,16,South America,Mobile,8.99,0,Gift Card,3,0.83,Drama
1A613704-Dbee-4A93-B9D1-7949Da2B1Aab,59,Male,Standard,0.98,19,Europe,Mobile,13.99,1,Gift Card,4,0.05,Horror
Ce69Dec0-1F59-4584-Ae9B-509C66Fb056A,61,Other,Standard,0.94,19,South America,Tv,13.99,0,Debit Card,4,0.05,Romance
00Bdfac1-C682-408A-B6E1-73Fdbfd9453C,39,Female,Premium,11.83,55,South America,Laptop,17.99,1,Gift Card,3,0.21,Action
2A4Fafb1-Ea01-4A1B-Aacc-A09Cf8Eb1040,37,Other,Basic,55.15,59,North America,Mobile,8.99,0,Gift Card,4,0.92,Horror
A8725398-953D-4250-Af9D-F99Ecb96B562,18,Other,Premium,46.06,57,Asia,Tablet,17.99,0,Crypto,4,0.79,Comedy
3160Aa58-0Bf6-4E81-A1Af-51903F0C0588,65,Female,Standard,70.99,36,Oceania,Mobile,13.99,0,Crypto,2,1.92,Horror
762E1664-E032-49Bd-B40B-6Ffc62B9F79D,65,Other,Standard,20.56,10,Europe,Laptop,13.99,0,Debit Card,5,1.87,Sci-Fi
8965Ad72-C8B5-478A-879E-8136Cdd2B134,46,Other,Premium,4.14,42,South America,Desktop,17.99,1,Credit Card,5,0.1,Drama
40D27E9F-Dd96-4B7B-B4C1-B9E098C71542,32,Other,Standard,14.48,55,Europe,Tablet,13.99,0,Debit Card,5,0.26,Action
E26Bf752-9B54-4Ad5-95C0-Ebfdd1985E6A,64,Female,Basic,28.66,28,Oceania,Desktop,8.99,0,Gift Card,4,0.99,Romance
Dbe93E6B-0841-4E21-8651-6E8Ecac62Efc,46,Male,Standard,8.79,54,South America,Mobile,13.99,1,Paypal,1,0.16,Romance
4D0D9Fe7-24E6-423A-909D-9842181B5945,41,Other,Basic,48.84,47,Asia,Tablet,8.99,0,Paypal,4,1.02,Romance
6E59Af78-Eae8-4862-A459-Ccb4Bb6C9077,43,Male,Premium,6.6,11,South America,Desktop,17.99,0,Gift Card,4,0.55,Drama
C0F1Eefc-9A25-44F6-Bf4B-85D606Fd6B15,28,Female,Standard,0.34,38,North America,Tablet,13.99,1,Gift Card,4,0.01,Horror
Ff85F5F5-218C-4A52-B148-7B8883F635Aa,59,Other,Premium,6.25,1,South America,Laptop,17.99,0,Debit Card,1,3.12,Romance
17E2425B-34D9-4947-93Ef-3F2D2F3Ea259,69,Female,Standard,6.08,47,Africa,Tablet,13.99,1,Paypal,3,0.13,Horror
C0Afed78-Fc9F-4375-A3A2-A4E02E01946F,30,Female,Basic,6.93,50,Asia,Tablet,8.99,1,Gift Card,2,0.14,Comedy
299E91Ef-64C6-4Cde-83D5-49B2C453Eeb6,36,Female,Basic,17.32,34,Oceania,Tv,8.99,1,Paypal,2,0.49,Comedy
8303A039-6A27-43Cf-9410-2Bb30Cd7Df1A,64,Female,Standard,8.11,6,North America,Tablet,13.99,0,Gift Card,3,1.16,Action
A6Ffb99C-83D7-4249-Ad0F-6E34402A52D8,31,Other,Standard,12.62,28,Asia,Mobile,13.99,0,Paypal,5,0.44,Horror
E4995385-D038-45D3-8363-Db73A27D7469,19,Male,Standard,3.45,18,Africa,Tablet,13.99,1,Credit Card,3,0.18,Romance
E30087D7-5154-4Bed-B206-A5A3A8Beb672,63,Male,Standard,27.07,18,South America,Desktop,13.99,0,Debit Card,3,1.42,Sci-Fi
C2385A8F-375B-4476-B78D-072Cd47B996C,27,Other,Basic,71.38,32,South America,Mobile,8.99,0,Paypal,5,2.16,Comedy
5A416884-375A-4442-B7C6-B480321Dd6Fd,57,Male,Standard,3.64,36,South America,Laptop,13.99,1,Crypto,5,0.1,Comedy
B35D25Da-2139-4003-95Ae-4692112104Fc,20,Other,Standard,0.75,53,Asia,Tablet,13.99,1,Paypal,3,0.01,Action
4A6F3042-0Fd3-47D6-Ba34-Bac14E81E872,53,Male,Standard,7.31,17,Oceania,Laptop,13.99,0,Debit Card,4,0.41,Action
E495Cf16-E38D-4E9F-900C-2F4A9D00A0Bb,49,Other,Premium,7.69,4,Asia,Tablet,17.99,0,Gift Card,4,1.54,Sci-Fi
Bdf58108-85Ad-4Ec0-B613-65576525B913,69,Other,Premium,11.3,33,Asia,Desktop,17.99,0,Debit Card,4,0.33,Action
A213Aa66-7585-47F8-B1Fa-3Bd2Bc3A1387,58,Female,Premium,7.58,40,North America,Tv,17.99,1,Gift Card,5,0.18,Romance
3853A2Be-416D-4B36-Ab0F-1E9284166094,44,Male,Basic,12.76,41,Oceania,Tablet,8.99,1,Credit Card,3,0.3,Drama
96C14D7E-0813-4F70-Be22-9198E307Cc5D,20,Male,Basic,8.0,58,Oceania,Tablet,8.99,1,Gift Card,4,0.14,Documentary
9Cac0E48-698A-4808-9Ca9-9601Ff0Bd4D2,67,Female,Standard,16.06,18,Europe,Laptop,13.99,0,Paypal,5,0.85,Horror
B2903Ea6-D58C-4Ffa-Bf43-3E5E6A25Ca06,69,Male,Standard,42.72,52,South America,Tablet,13.99,0,Crypto,3,0.81,Drama
Edb9036D-95F9-4998-9910-78Ba85869Dbd,57,Male,Standard,2.09,13,Asia,Tv,13.99,1,Crypto,3,0.15,Romance
Ac6Eb271-0239-4957-B828-C89508Fcfbea,62,Male,Standard,7.31,26,Oceania,Desktop,13.99,0,Credit Card,2,0.27,Sci-Fi
9721209E-3147-456F-A2C0-81D23B4Cf822,34,Male,Standard,10.25,41,Oceania,Desktop,13.99,1,Crypto,3,0.24,Documentary
F915A366-31C7-4A9E-9042-Ca526C771219,23,Other,Standard,3.1,12,Europe,Laptop,13.99,1,Crypto,5,0.24,Comedy
75532A22-9Cd9-492C-8865-Fa4Ac7Da2Ec8,58,Other,Basic,10.9,22,Europe,Tv,8.99,0,Credit Card,3,0.47,Action
44F3Ba44-B95D-4E50-A786-Bac4D06F4A43,19,Female,Basic,49.17,11,Europe,Desktop,8.99,0,Credit Card,4,4.1,Drama
18779Bcb-Ba2B-41Da-B751-E70B812061Ec,67,Female,Basic,9.24,2,North America,Desktop,8.99,0,Paypal,3,3.08,Documentary
3F32E8C5-615B-4A3B-A864-Db2688F7834F,66,Male,Standard,16.55,49,South America,Desktop,13.99,1,Debit Card,2,0.33,Action
7B0Ad82D-6571-430E-90F4-906259E0E89C,59,Female,Basic,9.12,3,Europe,Laptop,8.99,0,Credit Card,4,2.28,Sci-Fi
82Aeef39-Ddb0-40Ad-Bae1-5C436E0Cf042,57,Male,Basic,1.62,17,Africa,Mobile,8.99,1,Crypto,2,0.09,Action
