Date,Time,StoreID,Location,Product,Quantity,UnitPrice,PaymentType,TransactionID,Cashier,StoreManager,TimeOfDay,DayOfWeek,TotalPrice
2024-03-30,15:29,S3,Store C,Tablet,3,364.22,,Tx300000,C1,Noah,Afternoon,Saturday,1092.66
2023-03-16,16:53,S1,Store B,Printer,9,384.74,,Tx300001,C5,Liam,Afternoon,Thursday,3462.66
2024-04-26,21:22,S9,Store B,Laptop,9,397.8,,Tx300002,C3,Liam,Evening,Friday,3580.2
2025-02-08,14:28,S9,Store C,Monitor,7,80.27,,Tx300003,C2,Mia,Afternoon,Saturday,561.89
2024-06-17,20:00,S9,Store A,Monitor,10,214.03,,Tx300004,C1,Noah,Evening,Monday,2140.3
2023-01-26,21:51,S4,Store B,Desk,7,51.37,,Tx300005,C5,Mia,Evening,Thursday,359.59
2023-12-10,9:11,S6,Store A,Monitor,9,8.32,,Tx300006,C4,Olivia,Morning,Sunday,74.88
2023-08-13,20:36,S5,Store B,Chair,2,188.93,,Tx300007,C3,Mia,Evening,Sunday,377.86
2024-05-17,16:42,S4,Store A,Phone,1,202.95,,Tx300008,C5,Mia,Afternoon,Friday,202.95
2023-09-08,19:44,S5,Store C,Chair,5,142.04,,Tx300009,C2,Noah,Evening,Friday,710.1999999999999
2023-09-20,20:29,S7,Store D,Monitor,8,97.52,,Tx300010,C1,Liam,Evening,Wednesday,780.16
2024-02-16,12:03,S8,Store C,Desk,2,230.96,,Tx300011,C1,Olivia,Afternoon,Friday,461.92
2024-09-13,21:08,S5,Store B,Phone,8,201.35,,Tx300012,C4,Olivia,Evening,Friday,1610.8
2025-06-17,15:41,S1,Store C,Laptop,10,40.96,,Tx300013,C1,Liam,Afternoon,Tuesday,409.6
2023-02-03,9:32,S3,Store A,Monitor,1,88.74,,Tx300014,C3,Olivia,Morning,Friday,88.74
2024-02-01,20:21,S7,Store D,Printer,5,362.03,,Tx300015,C4,Liam,Evening,Thursday,1810.15
2023-09-24,11:12,S2,Store D,Chair,3,26.78,,Tx300016,C3,Liam,Morning,Sunday,80.34
2023-06-03,18:59,S2,Store B,Tablet,3,11.95,,Tx300017,C4,Olivia,Evening,Saturday,35.84999999999999
2023-02-24,14:49,S5,Store D,Desk,3,267.06,,Tx300018,C4,Liam,Afternoon,Friday,801.1800000000001
2023-07-26,17:49,S8,Store A,Desk,3,297.14,,Tx300019,C5,Mia,Evening,Wednesday,891.42
2023-10-16,10:32,S5,Store D,Printer,7,206.04,,Tx300020,C4,Noah,Morning,Monday,1442.28
2024-08-18,14:34,S10,Store A,Monitor,8,289.99,,Tx300021,C2,Olivia,Afternoon,Sunday,2319.92
2023-07-31,21:07,S9,Store C,Printer,1,78.56,,Tx300022,C2,Liam,Evening,Monday,78.56
2024-08-02,20:43,S1,Store C,Phone,5,341.68,,Tx300023,C5,Olivia,Evening,Friday,1708.4
2024-02-13,10:59,S7,Store A,Printer,5,347.45,,Tx300024,C2,Olivia,Morning,Tuesday,1737.25
2025-01-21,20:14,S6,Store C,Laptop,9,248.76,,Tx300025,C3,Noah,Evening,Tuesday,2238.84
2025-03-24,20:54,S2,Store B,Laptop,2,254.98,,Tx300026,C3,Olivia,Evening,Monday,509.96
2023-03-06,17:17,S7,Store D,Printer,3,219.6,,Tx300027,C1,Mia,Evening,Monday,658.8
2025-06-26,21:29,S3,Store B,Chair,6,311.11,,Tx300028,C1,Olivia,Evening,Thursday,1866.66
2025-06-17,15:13,S7,Store B,Laptop,5,41.09,,Tx300029,C2,Liam,Afternoon,Tuesday,205.45
2023-10-26,9:43,S2,Store B,Phone,6,193.95,,Tx300030,C3,Liam,Morning,Thursday,1163.7
2023-10-11,15:22,S2,Store A,Chair,1,177.74,,Tx300031,C5,Noah,Afternoon,Wednesday,177.74
2024-12-13,20:27,S4,Store B,Phone,1,152.05,,Tx300032,C1,Olivia,Evening,Friday,152.05
2024-06-18,11:21,S5,Store A,Printer,7,139.58,,Tx300033,C1,Liam,Morning,Tuesday,977.0600000000001
2023-10-26,20:03,S9,Store A,Chair,3,242.83,,Tx300034,C2,Noah,Evening,Thursday,728.49
2024-02-02,16:46,S7,Store D,Monitor,8,191.77,,Tx300035,C2,Liam,Afternoon,Friday,1534.16
2024-12-17,13:50,S5,Store A,Phone,3,335.3,,Tx300036,C3,Liam,Afternoon,Tuesday,1005.9
2024-10-27,19:25,S2,Store A,Tablet,9,270.32,,Tx300037,C5,Liam,Evening,Sunday,2432.88
2025-05-08,20:39,S4,Store C,Desk,4,256.29,,Tx300038,C3,Noah,Evening,Thursday,1025.16
2024-08-09,13:50,S7,Store B,Laptop,1,314.48,,Tx300039,C5,Liam,Afternoon,Friday,314.48
2023-04-15,21:33,S4,Store C,Laptop,2,347.71,,Tx300040,C2,Noah,Evening,Saturday,695.42
2024-06-20,15:39,S8,Store D,Printer,5,63.06,,Tx300041,C5,Olivia,Afternoon,Thursday,315.3
2024-06-21,17:10,S9,Store B,Laptop,4,234.54,,Tx300042,C4,Mia,Evening,Friday,938.16
2024-01-28,14:08,S2,Store C,Printer,2,43.42,,Tx300043,C4,Mia,Afternoon,Sunday,86.84
2024-01-03,16:33,S10,Store A,Phone,10,137.23,,Tx300044,C1,Olivia,Afternoon,Wednesday,1372.3
2024-05-31,18:22,S6,Store C,Chair,7,124.76,,Tx300045,C1,Olivia,Evening,Friday,873.32
2025-04-14,17:54,S2,Store C,Tablet,3,88.91,,Tx300046,C5,Mia,Evening,Monday,266.73
2025-04-29,10:08,S9,Store A,Phone,4,206.84,,Tx300047,C4,Mia,Morning,Tuesday,827.36
2024-03-08,19:51,S4,Store D,Printer,10,20.98,,Tx300048,C4,Liam,Evening,Friday,209.8
2023-12-04,17:52,S5,Store D,Printer,3,40.09,,Tx300049,C2,Olivia,Evening,Monday,120.27
2024-11-22,14:18,S1,Store C,Printer,2,42.49,,Tx300050,C5,Noah,Afternoon,Friday,84.98
2024-03-20,16:36,S4,Store B,Chair,9,49.99,,Tx300051,C4,Noah,Afternoon,Wednesday,449.91
2023-02-27,12:28,S1,Store B,Phone,3,67.02,,Tx300052,C1,Noah,Afternoon,Monday,201.06
2023-11-08,21:50,S9,Store D,Desk,4,8.47,,Tx300053,C1,Liam,Evening,Wednesday,33.88
2025-01-25,17:17,S5,Store D,Phone,3,303.35,,Tx300054,C2,Noah,Evening,Saturday,910.0500000000001
2023-05-15,12:52,S8,Store B,Laptop,7,101.59,,Tx300055,C1,Mia,Afternoon,Monday,711.13
2024-05-11,19:58,S10,Store D,Chair,1,263.81,,Tx300056,C5,Noah,Evening,Saturday,263.81
2025-01-04,19:25,S10,Store A,Desk,6,63.78,,Tx300057,C1,Olivia,Evening,Saturday,382.68
2024-12-09,21:31,S7,Store D,Phone,7,294.17,,Tx300058,C4,Noah,Evening,Monday,2059.19
2023-10-12,14:20,S10,Store D,Chair,6,338.25,,Tx300059,C5,Noah,Afternoon,Thursday,2029.5
2025-02-25,13:09,S10,Store D,Tablet,8,286.5,,Tx300060,C5,Mia,Afternoon,Tuesday,2292.0
2023-09-03,19:38,S3,Store D,Desk,7,221.11,,Tx300061,C4,Liam,Evening,Sunday,1547.77
2023-07-05,17:44,S8,Store C,Printer,2,367.88,,Tx300062,C1,Liam,Evening,Wednesday,735.76
2023-11-08,14:37,S9,Store C,Laptop,7,388.02,,Tx300063,C4,Mia,Afternoon,Wednesday,2716.14
2023-11-15,17:05,S6,Store C,Laptop,5,121.92,,Tx300064,C4,Mia,Evening,Wednesday,609.6
2023-08-24,18:57,S7,Store C,Printer,10,306.37,,Tx300065,C2,Noah,Evening,Thursday,3063.7
2023-01-31,15:30,S1,Store C,Phone,10,241.6,,Tx300066,C1,Olivia,Afternoon,Tuesday,2416.0
2023-11-06,20:56,S1,Store B,Desk,8,354.29,,Tx300067,C2,Noah,Evening,Monday,2834.32
2023-03-16,11:33,S6,Store D,Tablet,4,133.01,,Tx300068,C2,Liam,Morning,Thursday,532.04
2025-03-04,19:04,S5,Store C,Phone,1,72.55,,Tx300069,C2,Mia,Evening,Tuesday,72.55
2023-04-20,9:49,S8,Store C,Desk,8,200.64,,Tx300070,C5,Liam,Morning,Thursday,1605.12
2023-05-16,21:12,S9,Store C,Phone,5,297.21,,Tx300071,C2,Noah,Evening,Tuesday,1486.05
2024-01-08,14:06,S5,Store D,Chair,2,171.3,,Tx300072,C4,Mia,Afternoon,Monday,342.6
2023-01-29,13:52,S8,Store D,Phone,9,158.37,,Tx300073,C5,Olivia,Afternoon,Sunday,1425.33
2024-07-27,21:36,S5,Store D,Monitor,6,98.03,,Tx300074,C2,Noah,Evening,Saturday,588.1800000000001
2023-01-11,18:40,S6,Store D,Tablet,7,47.84,,Tx300075,C4,Mia,Evening,Wednesday,334.88
2024-11-07,11:15,S2,Store D,Printer,7,361.31,,Tx300076,C4,Mia,Morning,Thursday,2529.17
2025-06-17,13:49,S9,Store D,Laptop,4,346.87,,Tx300077,C3,Liam,Afternoon,Tuesday,1387.48
2024-10-08,10:19,S1,Store C,Monitor,3,140.31,,Tx300078,C4,Noah,Morning,Tuesday,420.93
2025-06-17,17:07,S9,Store C,Chair,4,209.05,,Tx300079,C1,Noah,Evening,Tuesday,836.2
2023-05-20,19:03,S7,Store C,Phone,9,173.09,,Tx300080,C5,Liam,Evening,Saturday,1557.81
2023-07-21,19:26,S4,Store D,Monitor,7,67.36,,Tx300081,C2,Olivia,Evening,Friday,471.52
2024-06-17,16:34,S8,Store C,Printer,5,319.05,,Tx300082,C5,Mia,Afternoon,Monday,1595.25
2023-06-15,14:34,S2,Store C,Desk,6,7.32,,Tx300083,C3,Liam,Afternoon,Thursday,43.92
2024-08-13,11:07,S10,Store B,Chair,2,26.32,,Tx300084,C4,Liam,Morning,Tuesday,52.64
2024-02-10,9:07,S4,Store A,Phone,1,61.14,,Tx300085,C5,Noah,Morning,Saturday,61.14
2024-10-25,11:16,S10,Store C,Laptop,4,350.33,,Tx300086,C3,Liam,Morning,Friday,1401.32
2023-03-11,17:27,S2,Store B,Monitor,6,202.73,,Tx300087,C1,Olivia,Evening,Saturday,1216.38
2025-04-22,10:24,S4,Store A,Tablet,3,153.96,,Tx300088,C4,Olivia,Morning,Tuesday,461.88
2024-11-07,20:09,S8,Store C,Phone,6,309.7,,Tx300089,C2,Mia,Evening,Thursday,1858.2
2023-06-16,19:35,S7,Store D,Laptop,7,107.49,,Tx300090,C1,Noah,Evening,Friday,752.43
2024-07-23,16:48,S10,Store D,Desk,3,294.7,,Tx300091,C3,Mia,Afternoon,Tuesday,884.0999999999999
2024-11-05,21:00,S10,Store C,Desk,7,354.08,,Tx300092,C1,Mia,Evening,Tuesday,2478.56
2024-02-14,20:03,S4,Store C,Desk,3,267.22,,Tx300093,C2,Noah,Evening,Wednesday,801.6600000000001
2025-05-20,17:23,S5,Store C,Printer,7,190.84,,Tx300094,C5,Liam,Evening,Tuesday,1335.88
2025-06-20,15:14,S7,Store C,Laptop,5,238.89,,Tx300095,C1,Mia,Afternoon,Friday,1194.45
2024-02-20,20:41,S8,Store D,Tablet,2,45.28,,Tx300096,C2,Noah,Evening,Tuesday,90.56
2023-02-17,12:49,S6,Store D,Printer,6,139.32,,Tx300097,C2,Liam,Afternoon,Friday,835.92
2024-07-02,11:25,S7,Store C,Desk,7,359.29,,Tx300098,C5,Mia,Morning,Tuesday,2515.03
2024-07-19,16:25,S6,Store B,Monitor,1,160.26,,Tx300099,C1,Olivia,Afternoon,Friday,160.26
2024-03-20,14:56,S9,Store C,Desk,9,195.91,,Tx300100,C5,Liam,Afternoon,Wednesday,1763.19
2024-08-01,9:27,S6,Store A,Phone,2,273.4,,Tx300101,C2,Liam,Morning,Thursday,546.8
2024-05-06,17:10,S3,Store A,Laptop,5,78.56,,Tx300102,C4,Liam,Evening,Monday,392.8
2024-07-26,9:53,S1,Store C,Chair,2,82.84,,Tx300103,C5,Mia,Morning,Friday,165.68
2024-12-24,12:38,S2,Store B,Phone,10,211.91,,Tx300104,C4,Noah,Afternoon,Tuesday,2119.1
2024-10-31,9:23,S7,Store C,Phone,2,327.69,,Tx300105,C5,Noah,Morning,Thursday,655.38
2024-12-30,10:56,S4,Store D,Desk,4,335.41,,Tx300106,C2,Noah,Morning,Monday,1341.64
2025-02-01,18:15,S9,Store A,Printer,9,131.76,,Tx300107,C3,Olivia,Evening,Saturday,1185.84
2025-04-30,19:17,S10,Store C,Desk,1,215.47,,Tx300108,C3,Mia,Evening,Wednesday,215.47
2025-04-05,15:08,S10,Store C,Printer,6,194.66,,Tx300109,C4,Olivia,Afternoon,Saturday,1167.96
2024-01-26,11:26,S7,Store D,Laptop,1,308.26,,Tx300110,C4,Olivia,Morning,Friday,308.26
2024-08-18,15:42,S7,Store B,Phone,8,104.13,,Tx300111,C5,Liam,Afternoon,Sunday,833.04
2025-06-13,9:30,S9,Store C,Phone,7,398.83,,Tx300112,C4,Mia,Morning,Friday,2791.81
2024-06-18,20:33,S9,Store B,Phone,7,52.68,,Tx300113,C1,Olivia,Evening,Tuesday,368.76
2023-02-22,9:09,S10,Store B,Desk,8,82.48,,Tx300114,C4,Olivia,Morning,Wednesday,659.84
2024-05-02,20:24,S6,Store D,Phone,10,346.62,,Tx300115,C2,Mia,Evening,Thursday,3466.2
2025-01-24,20:32,S1,Store C,Tablet,9,302.23,,Tx300116,C2,Mia,Evening,Friday,2720.07
2023-09-07,21:22,S9,Store C,Monitor,10,355.74,,Tx300117,C3,Liam,Evening,Thursday,3557.4
2024-02-02,15:06,S4,Store C,Tablet,4,329.07,,Tx300118,C3,Noah,Afternoon,Friday,1316.28
2024-03-21,9:04,S7,Store A,Printer,4,217.89,,Tx300119,C4,Liam,Morning,Thursday,871.56
2023-12-06,11:18,S10,Store A,Phone,10,35.68,,Tx300120,C1,Noah,Morning,Wednesday,356.8
2023-05-03,17:31,S8,Store D,Printer,10,363.63,,Tx300121,C2,Olivia,Evening,Wednesday,3636.3
2024-01-08,20:18,S9,Store D,Chair,8,157.94,,Tx300122,C3,Olivia,Evening,Monday,1263.52
2024-02-27,13:38,S7,Store A,Desk,10,314.01,,Tx300123,C3,Mia,Afternoon,Tuesday,3140.1
2023-03-23,20:57,S7,Store D,Phone,4,199.4,,Tx300124,C5,Liam,Evening,Thursday,797.6
2024-05-17,12:37,S8,Store A,Desk,10,254.52,,Tx300125,C3,Noah,Afternoon,Friday,2545.2
2024-05-08,20:06,S1,Store A,Monitor,5,377.06,,Tx300126,C1,Mia,Evening,Wednesday,1885.3
2024-02-17,15:25,S2,Store C,Tablet,3,40.24,,Tx300127,C1,Olivia,Afternoon,Saturday,120.72
2023-05-28,15:34,S7,Store D,Printer,1,347.26,,Tx300128,C2,Olivia,Afternoon,Sunday,347.26
2023-10-28,9:11,S7,Store C,Tablet,2,229.45,,Tx300129,C5,Olivia,Morning,Saturday,458.9
2024-04-23,13:55,S1,Store C,Desk,1,31.5,,Tx300130,C1,Olivia,Afternoon,Tuesday,31.5
2024-09-01,14:54,S9,Store D,Phone,2,120.0,,Tx300131,C5,Mia,Afternoon,Sunday,240.0
2023-03-21,13:18,S3,Store B,Monitor,7,126.69,,Tx300132,C3,Olivia,Afternoon,Tuesday,886.8299999999999
2025-02-20,12:50,S1,Store B,Printer,6,221.43,,Tx300133,C2,Mia,Afternoon,Thursday,1328.58
2025-05-30,21:10,S7,Store C,Monitor,8,357.5,,Tx300134,C5,Mia,Evening,Friday,2860.0
2023-07-03,12:31,S1,Store B,Monitor,1,256.49,,Tx300135,C2,Olivia,Afternoon,Monday,256.49
2023-05-19,12:44,S3,Store A,Desk,2,303.65,,Tx300136,C5,Liam,Afternoon,Friday,607.3
2023-01-21,14:25,S6,Store A,Laptop,7,254.89,,Tx300137,C1,Noah,Afternoon,Saturday,1784.23
2023-01-30,14:04,S5,Store D,Chair,9,102.38,,Tx300138,C3,Olivia,Afternoon,Monday,921.42
2024-02-10,11:55,S8,Store C,Laptop,10,380.63,,Tx300139,C4,Noah,Morning,Saturday,3806.3
2024-02-25,14:10,S5,Store B,Monitor,5,252.42,,Tx300140,C2,Olivia,Afternoon,Sunday,1262.1
2024-07-14,21:03,S3,Store C,Chair,3,207.33,,Tx300141,C5,Liam,Evening,Sunday,621.99
2024-03-16,13:01,S3,Store B,Phone,3,269.43,,Tx300142,C3,Mia,Afternoon,Saturday,808.29
2024-12-16,16:34,S2,Store A,Tablet,1,366.47,,Tx300143,C4,Olivia,Afternoon,Monday,366.47
2024-03-09,9:31,S8,Store D,Chair,3,180.96,,Tx300144,C1,Noah,Morning,Saturday,542.88
2023-12-30,10:35,S8,Store A,Phone,4,67.39,,Tx300145,C2,Noah,Morning,Saturday,269.56
2024-11-10,13:58,S1,Store A,Desk,4,312.88,,Tx300146,C2,Liam,Afternoon,Sunday,1251.52
2023-06-30,20:47,S5,Store C,Printer,10,312.51,,Tx300147,C2,Noah,Evening,Friday,3125.1
2023-04-25,18:51,S6,Store A,Laptop,6,67.61,,Tx300148,C1,Mia,Evening,Tuesday,405.66
2024-02-19,13:37,S7,Store C,Desk,6,58.92,,Tx300149,C3,Noah,Afternoon,Monday,353.52
2024-11-28,11:12,S1,Store C,Desk,7,230.74,,Tx300150,C3,Mia,Morning,Thursday,1615.18
2024-08-11,10:39,S10,Store D,Chair,10,19.49,,Tx300151,C3,Noah,Morning,Sunday,194.9
2023-10-09,10:32,S5,Store C,Laptop,2,373.03,,Tx300152,C4,Mia,Morning,Monday,746.06
2024-02-05,15:39,S4,Store D,Desk,6,338.2,,Tx300153,C4,Noah,Afternoon,Monday,2029.2
2024-11-17,12:00,S4,Store D,Chair,1,8.05,,Tx300154,C3,Mia,Afternoon,Sunday,8.05
2023-12-01,9:47,S3,Store C,Laptop,4,310.75,,Tx300155,C5,Olivia,Morning,Friday,1243.0
2024-04-12,17:41,S8,Store A,Phone,3,76.92,,Tx300156,C1,Olivia,Evening,Friday,230.76
2024-07-31,21:01,S9,Store D,Phone,10,33.46,,Tx300157,C1,Mia,Evening,Wednesday,334.6
2025-06-08,10:45,S10,Store B,Printer,10,27.94,,Tx300158,C5,Liam,Morning,Sunday,279.4
2023-04-05,12:34,S8,Store A,Chair,1,35.84,,Tx300159,C5,Noah,Afternoon,Wednesday,35.84
2023-05-08,10:05,S4,Store B,Monitor,5,326.65,,Tx300160,C4,Olivia,Morning,Monday,1633.25
2024-01-30,20:57,S9,Store B,Monitor,7,300.35,,Tx300161,C2,Olivia,Evening,Tuesday,2102.45
2025-05-23,20:03,S4,Store D,Laptop,4,368.51,,Tx300162,C1,Noah,Evening,Friday,1474.04
2023-01-24,16:56,S9,Store C,Chair,5,59.26,,Tx300163,C3,Noah,Afternoon,Tuesday,296.3
2025-01-20,20:13,S2,Store C,Laptop,9,55.64,,Tx300164,C2,Mia,Evening,Monday,500.76
2023-01-31,17:06,S10,Store A,Phone,6,129.21,,Tx300165,C3,Noah,Evening,Tuesday,775.26
2024-08-05,16:55,S9,Store B,Phone,4,162.23,,Tx300166,C3,Noah,Afternoon,Monday,648.92
2024-09-14,9:10,S4,Store A,Chair,9,146.65,,Tx300167,C4,Liam,Morning,Saturday,1319.85
2024-07-27,18:49,S5,Store B,Phone,9,77.17,,Tx300168,C2,Olivia,Evening,Saturday,694.53
2023-05-24,12:04,S10,Store D,Monitor,5,216.28,,Tx300169,C4,Noah,Afternoon,Wednesday,1081.4
2023-01-06,19:03,S8,Store A,Phone,3,395.53,,Tx300170,C1,Mia,Evening,Friday,1186.59
2024-08-04,20:43,S8,Store D,Tablet,7,30.8,,Tx300171,C3,Olivia,Evening,Sunday,215.6
2023-09-21,18:53,S2,Store D,Laptop,5,181.86,,Tx300172,C1,Mia,Evening,Thursday,909.3000000000001
2024-05-05,11:43,S5,Store C,Monitor,6,113.53,,Tx300173,C1,Liam,Morning,Sunday,681.1800000000001
2023-11-07,18:26,S1,Store B,Laptop,10,215.64,,Tx300174,C5,Mia,Evening,Tuesday,2156.4
2023-11-28,20:08,S4,Store B,Monitor,9,398.75,,Tx300175,C1,Noah,Evening,Tuesday,3588.75
2024-07-14,14:59,S6,Store D,Desk,7,148.14,,Tx300176,C3,Liam,Afternoon,Sunday,1036.98
2023-02-08,13:57,S10,Store B,Printer,7,258.69,,Tx300177,C5,Mia,Afternoon,Wednesday,1810.83
2023-07-18,11:59,S6,Store D,Monitor,7,114.76,,Tx300178,C1,Olivia,Morning,Tuesday,803.32
2023-05-27,14:14,S4,Store A,Phone,3,58.45,,Tx300179,C2,Noah,Afternoon,Saturday,175.35
2023-05-15,19:19,S8,Store C,Monitor,10,238.87,,Tx300180,C2,Olivia,Evening,Monday,2388.7
2025-06-16,21:50,S7,Store C,Desk,9,222.61,,Tx300181,C5,Olivia,Evening,Monday,2003.49
2024-10-29,9:36,S7,Store D,Printer,6,154.89,,Tx300182,C4,Noah,Morning,Tuesday,929.3399999999999
2024-01-05,12:47,S5,Store C,Laptop,6,397.85,,Tx300183,C1,Liam,Afternoon,Friday,2387.1
2023-04-05,16:47,S7,Store A,Tablet,10,12.93,,Tx300184,C1,Noah,Afternoon,Wednesday,129.3
2023-01-14,19:42,S5,Store D,Tablet,2,223.23,,Tx300185,C3,Noah,Evening,Saturday,446.46
2023-06-18,20:21,S3,Store D,Desk,6,218.42,,Tx300186,C1,Noah,Evening,Sunday,1310.52
2025-01-02,20:08,S8,Store B,Printer,6,250.83,,Tx300187,C3,Olivia,Evening,Thursday,1504.98
2025-04-13,9:28,S3,Store A,Monitor,5,207.59,,Tx300188,C4,Mia,Morning,Sunday,1037.95
2025-04-05,11:13,S2,Store B,Monitor,3,79.33,,Tx300189,C5,Mia,Morning,Saturday,237.99
2023-03-24,11:42,S2,Store B,Monitor,6,75.73,,Tx300190,C1,Liam,Morning,Friday,454.38
2024-07-31,18:33,S10,Store A,Chair,3,198.77,,Tx300191,C5,Olivia,Evening,Wednesday,596.3100000000001
2024-03-05,20:34,S2,Store D,Desk,8,368.51,,Tx300192,C5,Olivia,Evening,Tuesday,2948.08
2023-03-11,20:03,S4,Store D,Tablet,3,280.12,,Tx300193,C4,Noah,Evening,Saturday,840.36
2023-11-01,18:42,S9,Store C,Phone,10,258.27,,Tx300194,C1,Olivia,Evening,Wednesday,2582.7
2023-11-19,11:53,S6,Store C,Laptop,4,208.83,,Tx300195,C5,Olivia,Morning,Sunday,835.32
2024-07-26,16:10,S7,Store C,Chair,7,109.79,,Tx300196,C3,Olivia,Afternoon,Friday,768.5300000000001
2024-03-19,12:59,S2,Store C,Monitor,6,285.26,,Tx300197,C5,Liam,Afternoon,Tuesday,1711.56
2023-05-23,19:04,S8,Store B,Monitor,6,393.87,,Tx300198,C1,Liam,Evening,Tuesday,2363.22
2024-09-04,19:11,S7,Store C,Laptop,7,373.31,,Tx300199,C5,Olivia,Evening,Wednesday,2613.17
2023-06-25,19:46,S1,Store B,Laptop,8,27.43,,Tx300200,C4,Noah,Evening,Sunday,219.44
2023-05-25,18:16,S6,Store A,Printer,5,320.56,,Tx300201,C4,Olivia,Evening,Thursday,1602.8
2023-04-16,14:57,S10,Store B,Phone,8,347.37,,Tx300202,C2,Olivia,Afternoon,Sunday,2778.96
2023-02-20,14:13,S4,Store B,Monitor,6,201.85,,Tx300203,C4,Mia,Afternoon,Monday,1211.1
2025-03-16,15:01,S10,Store A,Tablet,8,28.73,,Tx300204,C2,Liam,Afternoon,Sunday,229.84
2023-02-02,17:48,S7,Store D,Printer,2,195.86,,Tx300205,C5,Mia,Evening,Thursday,391.72
2024-05-26,21:15,S8,Store A,Chair,9,362.87,,Tx300206,C5,Olivia,Evening,Sunday,3265.83
2024-03-23,21:41,S4,Store B,Printer,9,80.34,,Tx300207,C1,Olivia,Evening,Saturday,723.0600000000001
2023-04-01,18:19,S4,Store C,Monitor,5,363.82,,Tx300208,C4,Noah,Evening,Saturday,1819.1
2024-08-16,21:27,S6,Store B,Desk,9,33.81,,Tx300209,C1,Mia,Evening,Friday,304.29
2024-10-20,20:43,S5,Store A,Desk,1,72.67,,Tx300210,C4,Olivia,Evening,Sunday,72.67
2023-02-08,14:29,S3,Store D,Phone,3,94.42,,Tx300211,C1,Mia,Afternoon,Wednesday,283.26
2023-11-12,9:56,S9,Store D,Printer,5,337.42,,Tx300212,C3,Mia,Morning,Sunday,1687.1
2024-12-05,14:11,S4,Store D,Tablet,10,382.99,,Tx300213,C2,Mia,Afternoon,Thursday,3829.9
2024-12-01,18:07,S2,Store B,Chair,4,42.85,,Tx300214,C3,Noah,Evening,Sunday,171.4
2023-06-14,15:11,S6,Store C,Desk,10,210.94,,Tx300215,C3,Noah,Afternoon,Wednesday,2109.4
2023-02-23,20:02,S8,Store A,Printer,4,125.66,,Tx300216,C3,Noah,Evening,Thursday,502.64
2023-08-16,18:46,S2,Store D,Laptop,6,266.69,,Tx300217,C5,Noah,Evening,Wednesday,1600.14
2025-03-24,16:28,S9,Store B,Desk,5,33.64,,Tx300218,C4,Olivia,Afternoon,Monday,168.2
2023-06-16,18:04,S5,Store A,Monitor,1,226.69,,Tx300219,C3,Liam,Evening,Friday,226.69
2023-03-02,15:50,S6,Store C,Laptop,10,48.17,,Tx300220,C2,Mia,Afternoon,Thursday,481.7
2023-03-26,16:39,S5,Store D,Desk,9,324.63,,Tx300221,C2,Noah,Afternoon,Sunday,2921.67
2025-06-26,9:52,S4,Store D,Phone,10,399.74,,Tx300222,C2,Liam,Morning,Thursday,3997.4
2024-12-11,19:47,S4,Store B,Tablet,10,309.33,,Tx300223,C4,Noah,Evening,Wednesday,3093.3
2023-01-13,14:25,S4,Store A,Chair,8,133.51,,Tx300224,C3,Mia,Afternoon,Friday,1068.08
2024-07-31,10:01,S3,Store A,Printer,9,244.78,,Tx300225,C3,Noah,Morning,Wednesday,2203.02
2025-01-10,9:07,S3,Store A,Monitor,5,122.53,,Tx300226,C2,Mia,Morning,Friday,612.65
2023-06-12,21:49,S6,Store C,Tablet,5,133.33,,Tx300227,C1,Mia,Evening,Monday,666.6500000000001
2024-06-02,9:50,S5,Store A,Tablet,3,303.35,,Tx300228,C3,Noah,Morning,Sunday,910.0500000000001
2025-06-01,16:39,S4,Store D,Phone,4,294.28,,Tx300229,C1,Olivia,Afternoon,Sunday,1177.12
2023-07-02,11:06,S5,Store D,Printer,4,201.46,,Tx300230,C4,Noah,Morning,Sunday,805.84
2024-03-20,18:39,S7,Store C,Chair,2,354.14,,Tx300231,C2,Liam,Evening,Wednesday,708.28
2023-09-02,13:47,S8,Store C,Tablet,1,142.57,,Tx300232,C2,Noah,Afternoon,Saturday,142.57
2024-06-09,10:27,S4,Store B,Laptop,10,172.32,,Tx300233,C5,Noah,Morning,Sunday,1723.2
2025-01-14,15:45,S2,Store D,Chair,9,195.04,,Tx300234,C1,Olivia,Afternoon,Tuesday,1755.36
2024-07-04,13:34,S3,Store A,Tablet,8,298.8,,Tx300235,C4,Olivia,Afternoon,Thursday,2390.4
2023-06-14,20:08,S4,Store D,Printer,1,51.87,,Tx300236,C1,Olivia,Evening,Wednesday,51.87
2024-04-27,17:51,S6,Store A,Tablet,5,58.51,,Tx300237,C2,Noah,Evening,Saturday,292.55
2023-10-15,12:15,S10,Store D,Tablet,7,65.57,,Tx300238,C2,Liam,Afternoon,Sunday,458.99
2025-02-04,21:30,S4,Store B,Laptop,9,73.62,,Tx300239,C4,Noah,Evening,Tuesday,662.58
2024-10-23,12:31,S2,Store A,Phone,10,282.75,,Tx300240,C2,Olivia,Afternoon,Wednesday,2827.5
2024-06-28,11:31,S8,Store C,Phone,8,112.39,,Tx300241,C5,Liam,Morning,Friday,899.12
2023-09-12,9:44,S9,Store A,Monitor,2,215.6,,Tx300242,C3,Mia,Morning,Tuesday,431.2
2023-09-28,11:31,S10,Store B,Laptop,10,242.6,,Tx300243,C2,Liam,Morning,Thursday,2426.0
2023-04-11,13:42,S9,Store A,Laptop,4,20.47,,Tx300244,C4,Mia,Afternoon,Tuesday,81.88
2023-06-23,14:37,S7,Store D,Phone,4,257.19,,Tx300245,C1,Noah,Afternoon,Friday,1028.76
2023-11-10,14:03,S5,Store D,Monitor,10,130.81,,Tx300246,C3,Liam,Afternoon,Friday,1308.1
2025-02-25,18:55,S5,Store A,Laptop,4,295.25,,Tx300247,C3,Olivia,Evening,Tuesday,1181.0
2024-10-14,11:40,S1,Store B,Desk,9,311.23,,Tx300248,C1,Olivia,Morning,Monday,2801.07
2024-07-19,15:31,S4,Store C,Monitor,9,85.04,,Tx300249,C2,Olivia,Afternoon,Friday,765.36
2024-05-31,13:39,S3,Store D,Desk,5,354.97,,Tx300250,C5,Noah,Afternoon,Friday,1774.85
2023-07-13,11:01,S9,Store D,Phone,2,300.88,,Tx300251,C3,Liam,Morning,Thursday,601.76
2024-08-24,13:19,S3,Store A,Laptop,10,248.55,,Tx300252,C4,Liam,Afternoon,Saturday,2485.5
2023-02-20,13:23,S4,Store B,Phone,5,237.09,,Tx300253,C5,Olivia,Afternoon,Monday,1185.45
2023-08-05,19:53,S1,Store D,Laptop,5,45.97,,Tx300254,C5,Mia,Evening,Saturday,229.85
2024-01-26,17:41,S8,Store B,Laptop,8,158.02,,Tx300255,C1,Mia,Evening,Friday,1264.16
2023-09-08,14:12,S7,Store A,Desk,4,217.07,,Tx300256,C3,Liam,Afternoon,Friday,868.28
2023-06-17,15:18,S7,Store C,Monitor,7,229.82,,Tx300257,C1,Liam,Afternoon,Saturday,1608.74
2023-04-21,15:56,S1,Store B,Monitor,10,310.02,,Tx300258,C1,Mia,Afternoon,Friday,3100.2
2023-05-20,20:18,S8,Store D,Phone,10,294.99,,Tx300259,C3,Mia,Evening,Saturday,2949.9
2024-02-20,11:22,S3,Store D,Desk,7,228.97,,Tx300260,C2,Mia,Morning,Tuesday,1602.79
2025-02-01,17:58,S6,Store B,Laptop,4,173.42,,Tx300261,C5,Noah,Evening,Saturday,693.68
2023-08-09,20:09,S10,Store B,Phone,4,392.47,,Tx300262,C3,Noah,Evening,Wednesday,1569.88
2023-11-13,15:23,S3,Store A,Phone,5,68.88,,Tx300263,C5,Mia,Afternoon,Monday,344.4
2024-10-18,13:49,S8,Store D,Chair,6,335.39,,Tx300264,C3,Noah,Afternoon,Friday,2012.34
2024-02-19,13:26,S4,Store D,Laptop,4,29.05,,Tx300265,C2,Olivia,Afternoon,Monday,116.2
2023-02-26,19:53,S9,Store B,Tablet,3,152.75,,Tx300266,C4,Liam,Evening,Sunday,458.25
2024-03-13,18:05,S4,Store A,Monitor,8,231.47,,Tx300267,C2,Mia,Evening,Wednesday,1851.76
2025-06-12,13:27,S9,Store A,Laptop,9,328.28,,Tx300268,C1,Noah,Afternoon,Thursday,2954.52
2025-05-17,11:13,S9,Store A,Chair,9,254.76,,Tx300269,C2,Olivia,Morning,Saturday,2292.84
2023-05-06,16:02,S1,Store B,Printer,3,174.62,,Tx300270,C5,Mia,Afternoon,Saturday,523.86
2024-02-13,20:25,S1,Store C,Desk,2,332.06,,Tx300271,C5,Mia,Evening,Tuesday,664.12
2023-10-21,10:43,S8,Store B,Printer,5,170.02,,Tx300272,C5,Liam,Morning,Saturday,850.1
2024-11-17,21:52,S9,Store A,Monitor,3,17.98,,Tx300273,C3,Liam,Evening,Sunday,53.94
2023-03-13,11:27,S4,Store B,Laptop,1,188.28,,Tx300274,C5,Mia,Morning,Monday,188.28
2024-11-21,14:11,S5,Store B,Desk,1,380.74,,Tx300275,C2,Noah,Afternoon,Thursday,380.74
2023-03-09,16:06,S1,Store C,Phone,8,396.79,,Tx300276,C5,Liam,Afternoon,Thursday,3174.32
2024-07-02,17:40,S2,Store D,Monitor,3,86.64,,Tx300277,C4,Noah,Evening,Tuesday,259.92
2024-12-23,20:01,S2,Store D,Monitor,8,45.99,,Tx300278,C3,Mia,Evening,Monday,367.92
2023-12-04,9:58,S7,Store B,Monitor,1,201.06,,Tx300279,C5,Liam,Morning,Monday,201.06
2024-12-31,12:48,S9,Store B,Desk,7,206.22,,Tx300280,C2,Mia,Afternoon,Tuesday,1443.54
2023-01-25,13:10,S10,Store B,Desk,3,18.59,,Tx300281,C2,Liam,Afternoon,Wednesday,55.77
2024-08-11,17:16,S6,Store A,Monitor,5,164.32,,Tx300282,C1,Liam,Evening,Sunday,821.5999999999999
2025-06-12,11:30,S6,Store D,Printer,9,249.93,,Tx300283,C4,Noah,Morning,Thursday,2249.37
2023-06-28,10:55,S9,Store A,Tablet,8,216.91,,Tx300284,C4,Noah,Morning,Wednesday,1735.28
2023-10-07,10:24,S4,Store B,Monitor,1,53.75,,Tx300285,C2,Liam,Morning,Saturday,53.75
2025-03-10,15:15,S1,Store B,Tablet,3,149.79,,Tx300286,C4,Mia,Afternoon,Monday,449.37
2023-03-26,11:08,S5,Store B,Laptop,5,133.72,,Tx300287,C4,Liam,Morning,Sunday,668.6
2023-03-18,19:42,S3,Store B,Monitor,1,305.19,,Tx300288,C4,Noah,Evening,Saturday,305.19
2025-06-11,13:05,S8,Store C,Tablet,10,287.93,,Tx300289,C5,Liam,Afternoon,Wednesday,2879.3
2023-05-17,10:10,S7,Store A,Tablet,10,356.74,,Tx300290,C1,Mia,Morning,Wednesday,3567.4
2024-02-16,19:48,S10,Store C,Chair,10,105.45,,Tx300291,C5,Olivia,Evening,Friday,1054.5
2024-11-07,19:10,S1,Store A,Printer,10,369.1,,Tx300292,C2,Noah,Evening,Thursday,3691.0
2024-12-04,13:05,S9,Store C,Chair,8,62.29,,Tx300293,C3,Mia,Afternoon,Wednesday,498.32
2023-05-11,10:46,S4,Store D,Tablet,3,168.63,,Tx300294,C1,Liam,Morning,Thursday,505.89
2025-02-17,9:17,S5,Store D,Phone,4,153.75,,Tx300295,C5,Liam,Morning,Monday,615.0
2023-03-21,19:11,S9,Store C,Desk,7,24.39,,Tx300296,C2,Noah,Evening,Tuesday,170.73
2025-01-10,12:38,S1,Store C,Monitor,3,258.74,,Tx300297,C5,Liam,Afternoon,Friday,776.22
2025-01-10,9:21,S1,Store C,Chair,10,19.72,,Tx300298,C4,Olivia,Morning,Friday,197.2
2025-04-13,15:29,S10,Store C,Printer,1,60.07,,Tx300299,C1,Liam,Afternoon,Sunday,60.07
2023-01-02,14:24,S7,Store C,Phone,3,112.59,,Tx300300,C4,Olivia,Afternoon,Monday,337.77
2024-09-16,10:27,S6,Store D,Printer,7,19.21,,Tx300301,C3,Liam,Morning,Monday,134.47
2024-03-08,20:26,S6,Store D,Printer,6,140.38,,Tx300302,C2,Noah,Evening,Friday,842.28
2023-03-05,11:57,S9,Store C,Tablet,8,182.9,,Tx300303,C3,Noah,Morning,Sunday,1463.2
2024-06-27,15:08,S8,Store B,Tablet,4,311.31,,Tx300304,C3,Mia,Afternoon,Thursday,1245.24
2023-06-19,18:57,S1,Store A,Desk,4,323.46,,Tx300305,C5,Liam,Evening,Monday,1293.84
2023-10-13,14:47,S7,Store A,Phone,3,287.54,,Tx300306,C1,Mia,Afternoon,Friday,862.6200000000001
2023-11-06,10:36,S6,Store D,Printer,8,224.47,,Tx300307,C1,Noah,Morning,Monday,1795.76
2024-09-28,9:03,S2,Store B,Monitor,4,134.1,,Tx300308,C2,Olivia,Morning,Saturday,536.4
2024-10-15,9:24,S7,Store D,Phone,10,238.98,,Tx300309,C3,Mia,Morning,Tuesday,2389.8
2023-10-18,9:05,S1,Store C,Phone,1,157.01,,Tx300310,C1,Olivia,Morning,Wednesday,157.01
2024-04-25,12:41,S2,Store B,Monitor,3,385.02,,Tx300311,C5,Olivia,Afternoon,Thursday,1155.06
2024-05-08,15:33,S6,Store A,Laptop,9,361.39,,Tx300312,C1,Mia,Afternoon,Wednesday,3252.51
2024-04-17,17:49,S9,Store B,Laptop,2,221.29,,Tx300313,C1,Liam,Evening,Wednesday,442.58
2024-06-06,14:03,S9,Store B,Printer,4,163.36,,Tx300314,C2,Mia,Afternoon,Thursday,653.44
2025-04-14,9:54,S4,Store C,Tablet,9,120.53,,Tx300315,C2,Mia,Morning,Monday,1084.77
2023-12-01,12:45,S1,Store A,Monitor,3,138.48,,Tx300316,C3,Noah,Afternoon,Friday,415.4399999999999
2024-07-04,10:59,S9,Store A,Printer,4,340.55,,Tx300317,C3,Noah,Morning,Thursday,1362.2
2025-01-14,9:00,S9,Store D,Desk,4,158.42,,Tx300318,C4,Olivia,Morning,Tuesday,633.68
2025-04-02,18:24,S9,Store B,Tablet,8,51.55,,Tx300319,C5,Liam,Evening,Wednesday,412.4
2023-04-13,16:08,S7,Store C,Chair,2,58.36,,Tx300320,C2,Olivia,Afternoon,Thursday,116.72
2024-04-07,10:47,S10,Store A,Phone,10,330.6,,Tx300321,C4,Noah,Morning,Sunday,3306.0
2024-10-24,18:52,S2,Store B,Monitor,8,151.45,,Tx300322,C3,Mia,Evening,Thursday,1211.6
2024-12-31,15:13,S3,Store B,Laptop,5,38.89,,Tx300323,C5,Noah,Afternoon,Tuesday,194.45
2024-09-25,9:12,S8,Store B,Monitor,5,316.62,,Tx300324,C2,Noah,Morning,Wednesday,1583.1
2024-01-09,20:49,S3,Store C,Monitor,10,369.63,,Tx300325,C2,Noah,Evening,Tuesday,3696.3
2023-05-04,9:13,S2,Store B,Desk,8,58.28,,Tx300326,C3,Mia,Morning,Thursday,466.24
2024-07-21,15:02,S3,Store B,Printer,3,136.39,,Tx300327,C2,Olivia,Afternoon,Sunday,409.17
2025-03-28,17:41,S1,Store C,Tablet,4,314.73,,Tx300328,C4,Olivia,Evening,Friday,1258.92
2025-03-07,21:07,S4,Store A,Monitor,4,277.5,,Tx300329,C5,Mia,Evening,Friday,1110.0
2024-03-31,10:42,S1,Store D,Monitor,3,261.76,,Tx300330,C3,Noah,Morning,Sunday,785.28
2025-06-17,17:22,S2,Store B,Tablet,8,268.58,,Tx300331,C5,Olivia,Evening,Tuesday,2148.64
2025-03-31,10:24,S9,Store D,Laptop,1,46.55,,Tx300332,C5,Olivia,Morning,Monday,46.55
2024-12-09,19:30,S1,Store B,Laptop,5,148.76,,Tx300333,C3,Liam,Evening,Monday,743.8
2023-09-19,19:50,S7,Store A,Chair,9,394.42,,Tx300334,C3,Noah,Evening,Tuesday,3549.78
2025-04-29,10:49,S6,Store D,Phone,1,72.0,,Tx300335,C5,Mia,Morning,Tuesday,72.0
2024-03-01,9:28,S9,Store A,Chair,8,226.4,,Tx300336,C3,Liam,Morning,Friday,1811.2
2024-01-22,17:20,S9,Store A,Tablet,3,351.54,,Tx300337,C5,Noah,Evening,Monday,1054.62
2024-01-01,21:10,S1,Store C,Desk,7,157.11,,Tx300338,C1,Noah,Evening,Monday,1099.77
2023-11-28,19:20,S9,Store A,Chair,10,392.71,,Tx300339,C2,Liam,Evening,Tuesday,3927.1
2023-08-25,14:10,S2,Store C,Phone,8,310.26,,Tx300340,C3,Noah,Afternoon,Friday,2482.08
2025-06-19,17:23,S9,Store A,Phone,9,11.91,,Tx300341,C5,Mia,Evening,Thursday,107.19
2024-08-19,10:38,S2,Store D,Chair,1,367.5,,Tx300342,C5,Liam,Morning,Monday,367.5
2024-08-03,18:07,S9,Store A,Monitor,1,375.32,,Tx300343,C3,Liam,Evening,Saturday,375.32
2024-04-22,20:29,S3,Store D,Tablet,2,82.73,,Tx300344,C1,Mia,Evening,Monday,165.46
2024-01-01,16:02,S9,Store B,Laptop,1,227.17,,Tx300345,C5,Mia,Afternoon,Monday,227.17
2024-10-17,9:22,S5,Store B,Printer,4,45.25,,Tx300346,C1,Mia,Morning,Thursday,181.0
2025-02-14,17:39,S2,Store C,Tablet,2,328.5,,Tx300347,C3,Noah,Evening,Friday,657.0
2023-03-24,16:52,S2,Store B,Tablet,4,368.99,,Tx300348,C2,Mia,Afternoon,Friday,1475.96
2024-07-03,21:37,S7,Store B,Laptop,7,140.39,,Tx300349,C5,Mia,Evening,Wednesday,982.7299999999999
2025-06-27,11:05,S5,Store C,Monitor,5,93.66,,Tx300350,C2,Noah,Morning,Friday,468.3
2025-04-15,20:42,S3,Store C,Tablet,8,357.36,,Tx300351,C4,Noah,Evening,Tuesday,2858.88
2024-01-02,12:58,S3,Store C,Desk,9,350.46,,Tx300352,C3,Noah,Afternoon,Tuesday,3154.14
2024-05-20,9:54,S10,Store B,Desk,10,214.18,,Tx300353,C4,Mia,Morning,Monday,2141.8
2024-09-28,21:44,S6,Store C,Chair,10,302.9,,Tx300354,C1,Mia,Evening,Saturday,3029.0
2024-09-02,17:17,S6,Store C,Chair,2,96.78,,Tx300355,C5,Noah,Evening,Monday,193.56
2024-09-06,10:23,S3,Store D,Chair,9,10.26,,Tx300356,C5,Mia,Morning,Friday,92.34
2025-06-27,12:48,S1,Store D,Monitor,4,229.25,,Tx300357,C1,Mia,Afternoon,Friday,917.0
2025-05-23,20:47,S6,Store A,Monitor,7,255.33,,Tx300358,C5,Mia,Evening,Friday,1787.31
2023-07-22,10:14,S8,Store A,Phone,8,213.22,,Tx300359,C5,Noah,Morning,Saturday,1705.76
2024-09-03,19:04,S6,Store C,Chair,8,100.73,,Tx300360,C1,Noah,Evening,Tuesday,805.84
2023-11-16,21:58,S5,Store A,Chair,7,75.44,,Tx300361,C3,Liam,Evening,Thursday,528.0799999999999
2025-06-04,18:47,S9,Store A,Tablet,2,125.58,,Tx300362,C1,Olivia,Evening,Wednesday,251.16
2023-11-01,18:00,S2,Store D,Monitor,1,5.74,,Tx300363,C5,Noah,Evening,Wednesday,5.74
2025-03-10,11:16,S7,Store D,Laptop,8,202.46,,Tx300364,C2,Olivia,Morning,Monday,1619.68
2024-04-07,17:37,S5,Store A,Laptop,6,127.19,,Tx300365,C5,Noah,Evening,Sunday,763.14
2024-06-27,13:13,S1,Store A,Chair,4,390.36,,Tx300366,C3,Liam,Afternoon,Thursday,1561.44
2023-11-23,21:06,S4,Store C,Chair,9,176.82,,Tx300367,C3,Noah,Evening,Thursday,1591.38
2023-01-19,13:59,S3,Store A,Tablet,8,115.67,,Tx300368,C1,Mia,Afternoon,Thursday,925.36
2024-12-24,10:54,S7,Store D,Printer,7,120.13,,Tx300369,C5,Liam,Morning,Tuesday,840.91
2023-03-06,13:55,S6,Store B,Chair,9,378.43,,Tx300370,C3,Olivia,Afternoon,Monday,3405.87
2023-05-27,16:04,S8,Store D,Printer,9,88.48,,Tx300371,C4,Olivia,Afternoon,Saturday,796.32
2024-02-22,16:59,S1,Store B,Phone,9,389.25,,Tx300372,C3,Olivia,Afternoon,Thursday,3503.25
2024-07-22,20:59,S8,Store A,Laptop,2,161.43,,Tx300373,C4,Olivia,Evening,Monday,322.86
2023-08-23,21:01,S7,Store A,Tablet,3,301.23,,Tx300374,C2,Olivia,Evening,Wednesday,903.69
2025-01-15,18:04,S8,Store C,Monitor,8,358.91,,Tx300375,C4,Noah,Evening,Wednesday,2871.28
2025-06-14,10:16,S4,Store D,Tablet,7,240.58,,Tx300376,C3,Noah,Morning,Saturday,1684.06
2023-05-16,9:35,S9,Store D,Laptop,6,312.2,,Tx300377,C3,Mia,Morning,Tuesday,1873.2
2023-09-26,13:39,S1,Store C,Printer,4,86.31,,Tx300378,C1,Olivia,Afternoon,Tuesday,345.24
2023-09-20,12:10,S7,Store B,Monitor,5,97.19,,Tx300379,C4,Mia,Afternoon,Wednesday,485.95
2023-02-27,12:54,S7,Store A,Printer,9,349.94,,Tx300380,C2,Liam,Afternoon,Monday,3149.46
2024-11-24,12:39,S9,Store C,Chair,10,213.13,,Tx300381,C3,Liam,Afternoon,Sunday,2131.3
2024-11-19,20:17,S3,Store B,Phone,8,132.93,,Tx300382,C5,Liam,Evening,Tuesday,1063.44
2023-04-09,13:20,S10,Store D,Monitor,4,224.48,,Tx300383,C4,Noah,Afternoon,Sunday,897.92
2024-03-24,9:37,S5,Store C,Phone,3,11.02,,Tx300384,C3,Mia,Morning,Sunday,33.06
2024-03-07,15:16,S10,Store B,Monitor,2,281.98,,Tx300385,C5,Noah,Afternoon,Thursday,563.96
2023-03-14,15:01,S9,Store B,Chair,9,168.59,,Tx300386,C2,Liam,Afternoon,Tuesday,1517.31
2023-01-03,15:38,S10,Store A,Phone,9,141.71,,Tx300387,C4,Olivia,Afternoon,Tuesday,1275.39
2025-06-13,19:32,S1,Store D,Monitor,8,385.41,,Tx300388,C3,Liam,Evening,Friday,3083.28
2024-09-26,21:34,S2,Store A,Laptop,2,281.75,,Tx300389,C4,Mia,Evening,Thursday,563.5
2023-12-11,16:27,S5,Store C,Printer,9,324.72,,Tx300390,C5,Olivia,Afternoon,Monday,2922.48
2024-05-04,9:19,S10,Store D,Monitor,3,297.17,,Tx300391,C2,Liam,Morning,Saturday,891.51
2024-07-10,18:11,S2,Store D,Desk,9,352.23,,Tx300392,C3,Noah,Evening,Wednesday,3170.07
2023-01-31,18:53,S6,Store B,Monitor,6,355.87,,Tx300393,C2,Liam,Evening,Tuesday,2135.22
2024-04-23,12:29,S7,Store C,Printer,4,328.63,,Tx300394,C2,Liam,Afternoon,Tuesday,1314.52
2025-06-05,14:41,S8,Store A,Phone,3,339.04,,Tx300395,C1,Olivia,Afternoon,Thursday,1017.12
2023-02-01,10:56,S10,Store B,Phone,3,331.33,,Tx300396,C2,Mia,Morning,Wednesday,993.99
2023-03-13,21:17,S10,Store B,Desk,6,176.35,,Tx300397,C1,Noah,Evening,Monday,1058.1
2023-12-03,20:33,S2,Store A,Laptop,8,40.49,,Tx300398,C4,Liam,Evening,Sunday,323.92
2025-06-12,16:36,S2,Store B,Phone,6,206.01,,Tx300399,C5,Mia,Afternoon,Thursday,1236.06
2023-12-09,10:26,S5,Store B,Phone,2,297.08,,Tx300400,C3,Mia,Morning,Saturday,594.16
2023-08-20,16:45,S5,Store A,Desk,10,323.91,,Tx300401,C5,Olivia,Afternoon,Sunday,3239.1
2023-06-07,17:51,S3,Store C,Chair,3,116.67,,Tx300402,C1,Mia,Evening,Wednesday,350.01
2023-10-20,18:45,S5,Store B,Tablet,5,161.87,,Tx300403,C1,Noah,Evening,Friday,809.35
2024-12-31,19:11,S4,Store A,Printer,4,163.45,,Tx300404,C4,Mia,Evening,Tuesday,653.8
2023-07-30,21:29,S8,Store C,Laptop,7,77.63,,Tx300405,C1,Mia,Evening,Sunday,543.41
2024-02-18,16:30,S4,Store B,Chair,6,310.32,,Tx300406,C3,Noah,Afternoon,Sunday,1861.92
2023-06-09,15:40,S4,Store D,Chair,6,297.0,,Tx300407,C1,Liam,Afternoon,Friday,1782.0
2023-04-05,21:03,S1,Store D,Chair,3,297.72,,Tx300408,C3,Olivia,Evening,Wednesday,893.1600000000001
2023-04-22,11:28,S2,Store D,Phone,5,375.22,,Tx300409,C4,Noah,Morning,Saturday,1876.1
2023-11-14,20:13,S6,Store D,Printer,3,294.73,,Tx300410,C1,Liam,Evening,Tuesday,884.19
2024-09-30,15:46,S1,Store B,Desk,9,20.98,,Tx300411,C5,Noah,Afternoon,Monday,188.82
2024-11-25,16:38,S7,Store A,Phone,2,316.65,,Tx300412,C4,Noah,Afternoon,Monday,633.3
2024-01-04,10:23,S9,Store C,Chair,2,391.28,,Tx300413,C3,Liam,Morning,Thursday,782.56
2023-06-05,14:40,S4,Store C,Phone,3,150.87,,Tx300414,C5,Olivia,Afternoon,Monday,452.61
2023-05-01,11:47,S2,Store C,Chair,4,62.96,,Tx300415,C2,Mia,Morning,Monday,251.84
2024-03-16,14:35,S9,Store B,Chair,10,312.14,,Tx300416,C3,Noah,Afternoon,Saturday,3121.4
2024-11-20,13:43,S1,Store D,Laptop,5,241.05,,Tx300417,C4,Liam,Afternoon,Wednesday,1205.25
2023-03-19,12:40,S10,Store D,Chair,6,222.47,,Tx300418,C2,Olivia,Afternoon,Sunday,1334.82
2023-03-18,20:13,S8,Store D,Phone,7,267.88,,Tx300419,C1,Noah,Evening,Saturday,1875.16
2024-06-12,11:11,S8,Store A,Desk,1,128.69,,Tx300420,C4,Mia,Morning,Wednesday,128.69
2024-04-09,12:43,S6,Store C,Chair,10,129.76,,Tx300421,C3,Noah,Afternoon,Tuesday,1297.6
2024-09-27,16:31,S5,Store A,Printer,8,64.25,,Tx300422,C3,Liam,Afternoon,Friday,514.0
2025-01-08,11:44,S2,Store C,Chair,1,208.28,,Tx300423,C1,Mia,Morning,Wednesday,208.28
2024-12-13,16:34,S7,Store A,Laptop,5,162.18,,Tx300424,C1,Mia,Afternoon,Friday,810.9000000000001
2024-03-11,9:38,S10,Store A,Phone,10,98.09,,Tx300425,C2,Noah,Morning,Monday,980.9000000000001
2024-02-25,17:21,S3,Store A,Laptop,4,181.04,,Tx300426,C3,Olivia,Evening,Sunday,724.16
2023-12-28,19:50,S1,Store C,Desk,1,202.72,,Tx300427,C3,Olivia,Evening,Thursday,202.72
2023-01-29,21:52,S6,Store D,Monitor,1,169.14,,Tx300428,C1,Noah,Evening,Sunday,169.14
2025-05-20,14:19,S5,Store A,Printer,10,204.0,,Tx300429,C4,Noah,Afternoon,Tuesday,2040.0
2023-05-09,20:49,S1,Store C,Phone,6,96.24,,Tx300430,C4,Olivia,Evening,Tuesday,577.4399999999999
2023-11-30,18:45,S3,Store B,Monitor,5,202.76,,Tx300431,C1,Noah,Evening,Thursday,1013.8
2024-12-01,9:18,S3,Store D,Tablet,8,234.01,,Tx300432,C1,Olivia,Morning,Sunday,1872.08
2023-01-29,20:45,S7,Store A,Printer,8,165.02,,Tx300433,C5,Noah,Evening,Sunday,1320.16
2024-10-27,15:30,S10,Store C,Monitor,4,383.7,,Tx300434,C1,Mia,Afternoon,Sunday,1534.8
2024-01-17,15:58,S4,Store B,Tablet,6,206.16,,Tx300435,C4,Olivia,Afternoon,Wednesday,1236.96
2023-12-19,10:20,S4,Store C,Printer,5,79.63,,Tx300436,C3,Liam,Morning,Tuesday,398.15
2023-03-26,13:31,S8,Store C,Chair,3,256.69,,Tx300437,C5,Liam,Afternoon,Sunday,770.0699999999999
2024-08-12,11:42,S5,Store A,Tablet,10,124.56,,Tx300438,C1,Olivia,Morning,Monday,1245.6
2023-10-05,19:03,S8,Store D,Monitor,5,143.01,,Tx300439,C2,Liam,Evening,Thursday,715.05
2024-05-18,14:15,S1,Store A,Desk,4,163.57,,Tx300440,C5,Noah,Afternoon,Saturday,654.28
2023-08-26,20:21,S10,Store D,Monitor,2,91.33,,Tx300441,C1,Olivia,Evening,Saturday,182.66
2025-06-20,14:51,S9,Store A,Monitor,2,299.59,,Tx300442,C2,Olivia,Afternoon,Friday,599.18
2024-03-03,13:49,S7,Store B,Tablet,2,161.44,,Tx300443,C3,Noah,Afternoon,Sunday,322.88
2023-06-18,13:03,S8,Store A,Desk,8,213.15,,Tx300444,C4,Liam,Afternoon,Sunday,1705.2
2023-09-04,9:07,S9,Store C,Chair,7,303.78,,Tx300445,C3,Noah,Morning,Monday,2126.46
2023-06-30,15:55,S3,Store B,Phone,2,300.92,,Tx300446,C1,Liam,Afternoon,Friday,601.84
2024-07-24,12:32,S9,Store C,Phone,6,164.75,,Tx300447,C4,Mia,Afternoon,Wednesday,988.5
2024-07-28,11:18,S4,Store B,Tablet,10,302.72,,Tx300448,C2,Noah,Morning,Sunday,3027.2
2023-07-17,11:05,S6,Store A,Printer,3,253.33,,Tx300449,C1,Liam,Morning,Monday,759.99
2024-07-01,12:17,S8,Store D,Chair,1,36.85,,Tx300450,C4,Olivia,Afternoon,Monday,36.85
2023-12-21,20:38,S5,Store C,Tablet,2,248.69,,Tx300451,C1,Noah,Evening,Thursday,497.38
2024-12-13,14:21,S9,Store D,Monitor,8,284.8,,Tx300452,C2,Noah,Afternoon,Friday,2278.4
2025-01-29,17:56,S10,Store D,Monitor,4,42.51,,Tx300453,C3,Noah,Evening,Wednesday,170.04
2023-05-29,9:18,S5,Store C,Monitor,9,343.44,,Tx300454,C2,Noah,Morning,Monday,3090.96
2025-03-04,21:52,S4,Store C,Desk,3,34.95,,Tx300455,C5,Liam,Evening,Tuesday,104.85
2023-10-12,9:38,S10,Store C,Tablet,1,248.33,,Tx300456,C4,Olivia,Morning,Thursday,248.33
2023-03-25,17:42,S4,Store C,Printer,4,117.81,,Tx300457,C1,Noah,Evening,Saturday,471.24
2023-05-30,20:06,S5,Store C,Tablet,10,37.61,,Tx300458,C1,Olivia,Evening,Tuesday,376.1
2025-04-06,14:20,S2,Store D,Phone,5,290.02,,Tx300459,C2,Noah,Afternoon,Sunday,1450.1
2023-09-15,20:27,S7,Store A,Printer,4,370.9,,Tx300460,C3,Olivia,Evening,Friday,1483.6
2023-02-01,11:06,S9,Store B,Laptop,8,315.46,,Tx300461,C1,Mia,Morning,Wednesday,2523.68
2023-01-11,21:15,S8,Store A,Chair,6,237.91,,Tx300462,C1,Mia,Evening,Wednesday,1427.46
2025-04-24,10:55,S3,Store C,Desk,10,394.91,,Tx300463,C5,Olivia,Morning,Thursday,3949.1
2023-01-30,12:06,S1,Store B,Chair,1,141.82,,Tx300464,C5,Noah,Afternoon,Monday,141.82
2023-12-24,16:20,S5,Store D,Chair,4,393.62,,Tx300465,C3,Mia,Afternoon,Sunday,1574.48
2023-08-27,12:01,S2,Store C,Desk,6,80.44,,Tx300466,C5,Liam,Afternoon,Sunday,482.64
2023-04-08,16:57,S4,Store C,Laptop,8,357.27,,Tx300467,C2,Mia,Afternoon,Saturday,2858.16
2023-09-28,19:16,S7,Store A,Laptop,9,131.86,,Tx300468,C3,Liam,Evening,Thursday,1186.74
2023-04-13,11:20,S3,Store B,Chair,8,376.61,,Tx300469,C3,Olivia,Morning,Thursday,3012.88
2024-08-17,16:19,S8,Store B,Monitor,3,361.61,,Tx300470,C1,Noah,Afternoon,Saturday,1084.83
2023-03-02,19:07,S8,Store C,Desk,7,219.3,,Tx300471,C2,Noah,Evening,Thursday,1535.1
2025-01-06,15:31,S6,Store C,Printer,4,40.62,,Tx300472,C5,Olivia,Afternoon,Monday,162.48
2023-09-02,17:50,S9,Store B,Printer,1,11.7,,Tx300473,C3,Liam,Evening,Saturday,11.7
2023-01-11,11:07,S5,Store A,Tablet,10,333.11,,Tx300474,C1,Mia,Morning,Wednesday,3331.1
2025-05-03,10:13,S1,Store C,Laptop,7,261.88,,Tx300475,C1,Liam,Morning,Saturday,1833.16
2023-03-20,14:39,S1,Store B,Chair,8,251.59,,Tx300476,C1,Olivia,Afternoon,Monday,2012.72
2023-01-02,12:21,S5,Store A,Chair,6,72.37,,Tx300477,C4,Olivia,Afternoon,Monday,434.22
2023-04-19,15:47,S9,Store C,Tablet,1,90.99,,Tx300478,C3,Liam,Afternoon,Wednesday,90.99
2023-11-09,21:12,S1,Store C,Printer,8,24.19,,Tx300479,C3,Mia,Evening,Thursday,193.52
2024-05-14,19:21,S10,Store C,Desk,10,252.39,,Tx300480,C2,Liam,Evening,Tuesday,2523.9
2025-04-30,13:24,S1,Store B,Monitor,7,227.57,,Tx300481,C4,Mia,Afternoon,Wednesday,1592.99
2024-10-15,14:27,S3,Store B,Monitor,4,201.54,,Tx300482,C5,Olivia,Afternoon,Tuesday,806.16
2024-07-17,12:04,S5,Store B,Laptop,3,295.11,,Tx300483,C4,Olivia,Afternoon,Wednesday,885.33
2025-02-03,18:41,S7,Store A,Printer,5,63.15,,Tx300484,C5,Noah,Evening,Monday,315.75
2023-05-26,10:22,S1,Store D,Laptop,5,271.45,,Tx300485,C2,Noah,Morning,Friday,1357.25
2025-04-08,17:49,S4,Store B,Phone,8,314.73,,Tx300486,C3,Liam,Evening,Tuesday,2517.84
2024-11-18,17:46,S10,Store D,Tablet,10,293.24,,Tx300487,C3,Mia,Evening,Monday,2932.4
2025-04-04,10:07,S7,Store C,Printer,3,399.19,,Tx300488,C2,Noah,Morning,Friday,1197.57
2023-12-27,11:12,S8,Store D,Chair,10,391.43,,Tx300489,C5,Olivia,Morning,Wednesday,3914.3
2023-05-29,10:32,S7,Store D,Desk,6,137.45,,Tx300490,C2,Noah,Morning,Monday,824.6999999999999
2023-05-05,12:33,S2,Store D,Printer,1,132.06,,Tx300491,C5,Olivia,Afternoon,Friday,132.06
2024-11-23,12:01,S1,Store A,Phone,4,82.18,,Tx300492,C1,Mia,Afternoon,Saturday,328.72
2025-06-07,19:43,S3,Store B,Monitor,10,382.95,,Tx300493,C1,Olivia,Evening,Saturday,3829.5
2025-04-10,14:19,S9,Store D,Chair,7,373.69,,Tx300494,C1,Noah,Afternoon,Thursday,2615.83
2023-03-22,11:07,S4,Store B,Desk,5,394.28,,Tx300495,C3,Liam,Morning,Wednesday,1971.4
2023-01-05,21:13,S8,Store D,Printer,4,13.69,,Tx300496,C1,Olivia,Evening,Thursday,54.76
2024-04-02,20:17,S2,Store B,Phone,9,232.17,,Tx300497,C5,Mia,Evening,Tuesday,2089.53
2024-10-24,10:41,S1,Store D,Chair,3,218.33,,Tx300498,C2,Mia,Morning,Thursday,654.99
2024-01-15,20:13,S1,Store D,Phone,5,236.66,,Tx300499,C5,Olivia,Evening,Monday,1183.3
2023-04-22,18:38,S7,Store B,Laptop,1,19.88,,Tx300500,C5,Olivia,Evening,Saturday,19.88
2024-05-25,11:05,S1,Store C,Tablet,5,12.84,,Tx300501,C4,Mia,Morning,Saturday,64.2
2023-01-27,18:40,S8,Store A,Chair,9,113.9,,Tx300502,C3,Noah,Evening,Friday,1025.1
2025-03-05,17:07,S6,Store C,Tablet,10,313.01,,Tx300503,C2,Mia,Evening,Wednesday,3130.1
2024-09-18,9:20,S9,Store A,Desk,3,276.79,,Tx300504,C3,Mia,Morning,Wednesday,830.3700000000001
2024-02-15,9:41,S8,Store A,Monitor,4,385.05,,Tx300505,C2,Mia,Morning,Thursday,1540.2
2023-05-23,20:49,S9,Store B,Tablet,4,56.43,,Tx300506,C4,Olivia,Evening,Tuesday,225.72
2024-06-29,13:10,S6,Store D,Tablet,9,127.4,,Tx300507,C1,Liam,Afternoon,Saturday,1146.6
2024-07-29,9:44,S9,Store D,Phone,2,106.96,,Tx300508,C2,Noah,Morning,Monday,213.92
2024-11-08,17:45,S8,Store C,Tablet,5,140.99,,Tx300509,C2,Noah,Evening,Friday,704.95
2024-10-05,19:02,S2,Store B,Phone,3,54.47,,Tx300510,C4,Olivia,Evening,Saturday,163.41
2023-11-30,18:11,S3,Store D,Printer,7,274.8,,Tx300511,C4,Mia,Evening,Thursday,1923.6
2024-06-01,20:10,S1,Store C,Phone,1,87.7,,Tx300512,C5,Mia,Evening,Saturday,87.7
2024-02-06,19:53,S8,Store C,Monitor,7,141.83,,Tx300513,C2,Liam,Evening,Tuesday,992.8100000000001
2024-11-06,18:32,S6,Store A,Chair,5,185.4,,Tx300514,C4,Noah,Evening,Wednesday,927.0
2024-11-04,17:53,S2,Store D,Desk,8,285.94,,Tx300515,C5,Olivia,Evening,Monday,2287.52
2025-06-13,17:14,S7,Store C,Phone,5,254.62,,Tx300516,C5,Liam,Evening,Friday,1273.1
2023-06-21,17:53,S7,Store C,Printer,7,269.37,,Tx300517,C3,Mia,Evening,Wednesday,1885.59
2023-12-19,15:44,S8,Store A,Chair,1,318.93,,Tx300518,C1,Noah,Afternoon,Tuesday,318.93
2023-01-21,12:06,S2,Store C,Chair,2,329.82,,Tx300519,C3,Liam,Afternoon,Saturday,659.64
2023-05-03,12:04,S1,Store C,Printer,8,359.55,,Tx300520,C2,Liam,Afternoon,Wednesday,2876.4
2024-04-03,10:09,S9,Store A,Phone,5,366.17,,Tx300521,C5,Noah,Morning,Wednesday,1830.85
2024-11-17,11:15,S3,Store D,Chair,9,303.78,,Tx300522,C2,Mia,Morning,Sunday,2734.02
2023-10-07,14:43,S2,Store D,Printer,2,124.07,,Tx300523,C5,Liam,Afternoon,Saturday,248.14
2023-05-13,15:58,S3,Store D,Tablet,6,301.1,,Tx300524,C5,Olivia,Afternoon,Saturday,1806.6
2024-07-06,12:57,S8,Store C,Printer,4,92.68,,Tx300525,C1,Liam,Afternoon,Saturday,370.72
2024-06-15,17:00,S6,Store D,Monitor,3,212.07,,Tx300526,C4,Olivia,Evening,Saturday,636.21
2024-08-18,19:29,S2,Store D,Tablet,4,363.77,,Tx300527,C1,Liam,Evening,Sunday,1455.08
2024-07-25,19:51,S1,Store B,Phone,3,202.35,,Tx300528,C1,Liam,Evening,Thursday,607.05
2025-05-31,21:06,S4,Store D,Phone,8,24.61,,Tx300529,C5,Liam,Evening,Saturday,196.88
2023-12-13,13:36,S7,Store B,Chair,5,290.4,,Tx300530,C1,Olivia,Afternoon,Wednesday,1452.0
2023-04-06,20:28,S4,Store B,Laptop,6,167.17,,Tx300531,C1,Mia,Evening,Thursday,1003.02
2023-12-28,17:13,S10,Store D,Chair,10,203.5,,Tx300532,C4,Noah,Evening,Thursday,2035.0
2023-08-26,12:18,S7,Store A,Tablet,6,32.59,,Tx300533,C2,Liam,Afternoon,Saturday,195.54
2024-12-14,12:10,S8,Store B,Phone,10,106.79,,Tx300534,C3,Noah,Afternoon,Saturday,1067.9
2025-02-10,19:20,S2,Store C,Phone,6,61.68,,Tx300535,C4,Liam,Evening,Monday,370.08
2023-11-01,11:56,S8,Store B,Tablet,2,299.49,,Tx300536,C2,Liam,Morning,Wednesday,598.98
2025-05-27,13:11,S3,Store D,Tablet,1,397.26,,Tx300537,C5,Mia,Afternoon,Tuesday,397.26
2024-02-26,16:07,S9,Store D,Tablet,3,235.19,,Tx300538,C5,Liam,Afternoon,Monday,705.5699999999999
2024-02-20,12:01,S10,Store A,Printer,8,327.76,,Tx300539,C2,Liam,Afternoon,Tuesday,2622.08
2025-01-21,18:39,S9,Store A,Printer,1,148.44,,Tx300540,C5,Noah,Evening,Tuesday,148.44
2024-02-09,19:53,S7,Store B,Phone,3,9.05,,Tx300541,C3,Mia,Evening,Friday,27.15
2023-02-25,20:41,S3,Store C,Laptop,6,308.28,,Tx300542,C5,Mia,Evening,Saturday,1849.68
2023-02-21,20:47,S7,Store B,Phone,10,358.38,,Tx300543,C2,Liam,Evening,Tuesday,3583.8
2024-07-08,12:40,S7,Store C,Printer,4,268.16,,Tx300544,C1,Liam,Afternoon,Monday,1072.64
2024-06-23,16:20,S10,Store D,Desk,4,157.13,,Tx300545,C1,Mia,Afternoon,Sunday,628.52
2025-06-05,18:57,S1,Store B,Monitor,6,277.18,,Tx300546,C1,Olivia,Evening,Thursday,1663.08
2023-04-30,16:05,S4,Store A,Monitor,7,306.58,,Tx300547,C4,Olivia,Afternoon,Sunday,2146.06
2025-01-15,14:13,S3,Store B,Printer,7,147.0,,Tx300548,C4,Liam,Afternoon,Wednesday,1029.0
2023-04-24,14:29,S1,Store A,Phone,2,214.89,,Tx300549,C3,Mia,Afternoon,Monday,429.78
2023-08-23,21:43,S6,Store A,Printer,7,261.86,,Tx300550,C1,Noah,Evening,Wednesday,1833.02
2024-05-23,15:26,S4,Store B,Printer,8,46.17,,Tx300551,C4,Liam,Afternoon,Thursday,369.36
2025-04-25,17:25,S8,Store B,Chair,10,32.12,,Tx300552,C1,Noah,Evening,Friday,321.2
2023-03-23,9:21,S5,Store D,Chair,9,323.48,,Tx300553,C4,Noah,Morning,Thursday,2911.32
2023-08-10,10:20,S2,Store A,Phone,9,342.44,,Tx300554,C1,Liam,Morning,Thursday,3081.96
2025-05-24,13:18,S9,Store A,Phone,7,387.3,,Tx300555,C3,Noah,Afternoon,Saturday,2711.1
2025-06-20,9:21,S2,Store D,Monitor,6,390.14,,Tx300556,C3,Olivia,Morning,Friday,2340.84
2023-12-20,20:58,S5,Store A,Printer,10,269.86,,Tx300557,C4,Noah,Evening,Wednesday,2698.6
2023-04-19,9:39,S3,Store B,Phone,2,66.95,,Tx300558,C3,Mia,Morning,Wednesday,133.9
2024-09-03,20:23,S9,Store B,Monitor,5,227.11,,Tx300559,C2,Olivia,Evening,Tuesday,1135.55
2023-01-02,19:18,S7,Store B,Monitor,9,244.52,,Tx300560,C3,Liam,Evening,Monday,2200.68
2024-12-10,9:10,S5,Store D,Phone,1,247.71,,Tx300561,C5,Liam,Morning,Tuesday,247.71
2023-03-02,12:04,S4,Store B,Printer,1,169.87,,Tx300562,C4,Noah,Afternoon,Thursday,169.87
2024-05-12,21:45,S6,Store B,Chair,8,95.79,,Tx300563,C4,Liam,Evening,Sunday,766.32
2024-07-03,11:29,S1,Store B,Printer,5,73.0,,Tx300564,C5,Olivia,Morning,Wednesday,365.0
2025-01-29,10:18,S10,Store C,Laptop,3,69.33,,Tx300565,C3,Liam,Morning,Wednesday,207.99
2023-04-04,19:20,S6,Store C,Desk,3,141.98,,Tx300566,C2,Olivia,Evening,Tuesday,425.9399999999999
2024-12-27,11:33,S5,Store C,Printer,6,254.72,,Tx300567,C5,Mia,Morning,Friday,1528.32
2023-09-22,15:07,S4,Store C,Monitor,9,166.32,,Tx300568,C4,Noah,Afternoon,Friday,1496.88
2023-04-28,13:37,S1,Store D,Printer,5,217.67,,Tx300569,C1,Olivia,Afternoon,Friday,1088.35
2023-06-01,18:39,S8,Store A,Printer,5,197.52,,Tx300570,C4,Olivia,Evening,Thursday,987.6
2023-02-17,10:10,S7,Store C,Monitor,3,336.99,,Tx300571,C3,Mia,Morning,Friday,1010.97
2023-06-15,16:18,S8,Store B,Phone,8,61.24,,Tx300572,C3,Noah,Afternoon,Thursday,489.92
2023-06-20,15:57,S5,Store B,Desk,7,227.58,,Tx300573,C5,Olivia,Afternoon,Tuesday,1593.06
2024-10-28,15:04,S2,Store C,Tablet,9,326.93,,Tx300574,C3,Noah,Afternoon,Monday,2942.37
2023-12-19,14:23,S2,Store A,Chair,10,171.08,,Tx300575,C5,Noah,Afternoon,Tuesday,1710.8
2025-05-03,20:41,S3,Store C,Printer,3,384.42,,Tx300576,C1,Mia,Evening,Saturday,1153.26
2024-06-15,15:23,S4,Store D,Tablet,4,252.82,,Tx300577,C1,Olivia,Afternoon,Saturday,1011.28
2024-08-02,19:29,S4,Store A,Laptop,2,316.96,,Tx300578,C1,Liam,Evening,Friday,633.92
2023-04-14,17:18,S6,Store B,Tablet,6,38.64,,Tx300579,C3,Liam,Evening,Friday,231.84
2024-09-25,20:30,S5,Store D,Desk,2,143.61,,Tx300580,C4,Olivia,Evening,Wednesday,287.22
2024-12-16,17:08,S8,Store B,Chair,3,95.32,,Tx300581,C5,Noah,Evening,Monday,285.96
2024-06-08,13:55,S10,Store D,Desk,1,149.71,,Tx300582,C3,Mia,Afternoon,Saturday,149.71
2024-01-13,9:26,S3,Store C,Phone,9,108.95,,Tx300583,C2,Olivia,Morning,Saturday,980.5500000000001
2024-11-01,15:35,S8,Store C,Monitor,7,313.77,,Tx300584,C5,Liam,Afternoon,Friday,2196.39
2023-07-04,17:20,S3,Store C,Laptop,5,170.54,,Tx300585,C1,Olivia,Evening,Tuesday,852.6999999999999
2023-04-07,12:25,S6,Store D,Monitor,4,69.93,,Tx300586,C3,Mia,Afternoon,Friday,279.72
2023-09-15,19:47,S2,Store C,Chair,10,150.51,,Tx300587,C3,Olivia,Evening,Friday,1505.1
2024-05-09,21:00,S1,Store C,Tablet,6,373.91,,Tx300588,C3,Olivia,Evening,Thursday,2243.46
2023-03-03,13:01,S10,Store D,Phone,6,321.2,,Tx300589,C3,Olivia,Afternoon,Friday,1927.2
2023-08-27,10:06,S9,Store D,Chair,1,144.03,,Tx300590,C3,Noah,Morning,Sunday,144.03
2024-05-14,9:44,S8,Store C,Desk,9,109.9,,Tx300591,C1,Noah,Morning,Tuesday,989.1
2023-07-07,13:08,S9,Store D,Laptop,2,360.57,,Tx300592,C5,Mia,Afternoon,Friday,721.14
2023-12-05,20:00,S7,Store C,Printer,3,271.89,,Tx300593,C5,Olivia,Evening,Tuesday,815.67
2024-05-24,21:29,S5,Store A,Tablet,7,306.42,,Tx300594,C4,Olivia,Evening,Friday,2144.94
2023-10-13,20:39,S9,Store C,Laptop,4,218.66,,Tx300595,C5,Liam,Evening,Friday,874.64
2024-09-26,14:12,S3,Store A,Desk,7,347.24,,Tx300596,C2,Mia,Afternoon,Thursday,2430.68
2024-11-05,15:36,S4,Store D,Phone,5,273.04,,Tx300597,C3,Noah,Afternoon,Tuesday,1365.2
2023-03-08,21:35,S2,Store D,Printer,1,119.82,,Tx300598,C3,Noah,Evening,Wednesday,119.82
2023-10-31,12:46,S3,Store B,Phone,7,126.74,,Tx300599,C2,Mia,Afternoon,Tuesday,887.18
2025-02-24,9:12,S6,Store C,Monitor,9,117.55,,Tx300600,C1,Olivia,Morning,Monday,1057.95
2024-09-10,20:03,S8,Store C,Printer,8,98.91,,Tx300601,C5,Liam,Evening,Tuesday,791.28
2023-12-02,20:01,S3,Store D,Phone,8,79.76,,Tx300602,C5,Mia,Evening,Saturday,638.08
2023-10-21,16:12,S6,Store A,Laptop,7,190.63,,Tx300603,C4,Mia,Afternoon,Saturday,1334.41
2024-12-20,18:56,S7,Store B,Desk,3,345.32,,Tx300604,C4,Noah,Evening,Friday,1035.96
2023-07-15,14:53,S1,Store A,Printer,9,262.77,,Tx300605,C4,Olivia,Afternoon,Saturday,2364.93
2023-03-17,10:44,S7,Store B,Tablet,3,258.06,,Tx300606,C1,Mia,Morning,Friday,774.1800000000001
2025-06-03,16:38,S7,Store A,Tablet,6,191.08,,Tx300607,C4,Olivia,Afternoon,Tuesday,1146.48
2025-01-20,19:32,S6,Store A,Laptop,6,29.62,,Tx300608,C2,Mia,Evening,Monday,177.72
2023-03-27,19:00,S6,Store B,Desk,6,65.26,,Tx300609,C1,Mia,Evening,Monday,391.5600000000001
2023-11-16,10:39,S9,Store B,Chair,4,158.44,,Tx300610,C3,Olivia,Morning,Thursday,633.76
2024-04-08,13:07,S8,Store D,Laptop,1,112.51,,Tx300611,C5,Mia,Afternoon,Monday,112.51
2023-03-28,13:45,S1,Store B,Phone,6,345.56,,Tx300612,C1,Liam,Afternoon,Tuesday,2073.36
2025-01-09,10:47,S1,Store C,Desk,5,14.99,,Tx300613,C2,Liam,Morning,Thursday,74.95
2025-04-10,14:15,S3,Store A,Phone,5,337.03,,Tx300614,C5,Mia,Afternoon,Thursday,1685.15
2025-05-02,9:24,S1,Store C,Desk,9,368.69,,Tx300615,C2,Olivia,Morning,Friday,3318.21
2025-02-18,18:15,S9,Store A,Monitor,3,252.16,,Tx300616,C3,Noah,Evening,Tuesday,756.48
2023-01-22,17:16,S6,Store C,Phone,2,106.93,,Tx300617,C2,Mia,Evening,Sunday,213.86
2025-05-10,18:55,S5,Store A,Desk,9,261.4,,Tx300618,C1,Mia,Evening,Saturday,2352.6
2024-03-19,21:51,S5,Store A,Desk,1,241.46,,Tx300619,C5,Noah,Evening,Tuesday,241.46
2024-06-27,19:29,S1,Store D,Printer,5,295.78,,Tx300620,C3,Olivia,Evening,Thursday,1478.9
2024-09-09,14:14,S2,Store D,Chair,3,156.02,,Tx300621,C5,Olivia,Afternoon,Monday,468.0600000000001
2025-02-14,18:39,S3,Store B,Tablet,3,150.62,,Tx300622,C4,Mia,Evening,Friday,451.86
2025-03-31,12:10,S5,Store A,Phone,2,53.91,,Tx300623,C4,Mia,Afternoon,Monday,107.82
2025-05-16,17:26,S4,Store A,Tablet,3,291.25,,Tx300624,C3,Liam,Evening,Friday,873.75
2024-10-10,14:46,S3,Store D,Monitor,3,233.52,,Tx300625,C5,Noah,Afternoon,Thursday,700.5600000000001
2025-05-07,12:33,S6,Store C,Monitor,6,28.45,,Tx300626,C5,Liam,Afternoon,Wednesday,170.7
2024-08-16,17:37,S4,Store D,Phone,1,273.41,,Tx300627,C3,Noah,Evening,Friday,273.41
2024-08-20,17:59,S7,Store A,Phone,2,332.57,,Tx300628,C4,Mia,Evening,Tuesday,665.14
2025-04-07,12:36,S4,Store C,Phone,2,349.79,,Tx300629,C3,Noah,Afternoon,Monday,699.58
2023-06-08,19:17,S9,Store B,Tablet,5,295.37,,Tx300630,C3,Olivia,Evening,Thursday,1476.85
2024-05-21,16:58,S9,Store C,Chair,4,244.5,,Tx300631,C4,Mia,Afternoon,Tuesday,978.0
2023-09-06,12:33,S7,Store D,Phone,9,297.74,,Tx300632,C3,Noah,Afternoon,Wednesday,2679.66
2024-11-09,11:33,S4,Store C,Desk,7,139.29,,Tx300633,C5,Mia,Morning,Saturday,975.03
2023-08-09,11:30,S3,Store D,Tablet,6,250.53,,Tx300634,C2,Noah,Morning,Wednesday,1503.18
2023-10-11,21:11,S2,Store B,Phone,9,356.81,,Tx300635,C4,Mia,Evening,Wednesday,3211.29
2024-03-10,21:49,S3,Store A,Monitor,5,49.06,,Tx300636,C2,Mia,Evening,Sunday,245.3
2023-05-03,12:49,S2,Store D,Laptop,6,39.08,,Tx300637,C2,Liam,Afternoon,Wednesday,234.48
2023-04-10,21:23,S4,Store B,Desk,7,361.06,,Tx300638,C1,Mia,Evening,Monday,2527.42
2023-08-24,15:31,S1,Store C,Chair,1,53.88,,Tx300639,C2,Olivia,Afternoon,Thursday,53.88
2023-11-08,21:34,S1,Store B,Phone,2,17.75,,Tx300640,C1,Mia,Evening,Wednesday,35.5
2024-02-09,14:48,S8,Store A,Desk,8,227.35,,Tx300641,C4,Liam,Afternoon,Friday,1818.8
2023-08-26,21:33,S6,Store A,Chair,4,290.28,,Tx300642,C4,Liam,Evening,Saturday,1161.12
2024-12-01,9:45,S8,Store C,Chair,9,316.55,,Tx300643,C5,Olivia,Morning,Sunday,2848.95
2024-06-12,19:06,S1,Store C,Laptop,9,399.7,,Tx300644,C3,Mia,Evening,Wednesday,3597.3
2023-11-23,21:03,S6,Store C,Monitor,10,222.31,,Tx300645,C1,Liam,Evening,Thursday,2223.1
2024-06-23,11:09,S3,Store A,Printer,7,101.97,,Tx300646,C4,Noah,Morning,Sunday,713.79
2023-09-12,12:32,S5,Store C,Desk,4,192.49,,Tx300647,C4,Olivia,Afternoon,Tuesday,769.96
2025-03-08,15:05,S3,Store C,Desk,9,165.08,,Tx300648,C4,Noah,Afternoon,Saturday,1485.72
2024-07-19,16:03,S6,Store B,Desk,10,163.42,,Tx300649,C1,Liam,Afternoon,Friday,1634.2
2023-11-25,16:34,S1,Store B,Monitor,10,42.28,,Tx300650,C1,Olivia,Afternoon,Saturday,422.8
2023-04-16,15:36,S10,Store C,Phone,7,43.49,,Tx300651,C5,Olivia,Afternoon,Sunday,304.43
2023-05-13,21:13,S6,Store D,Tablet,3,268.13,,Tx300652,C4,Olivia,Evening,Saturday,804.39
2023-05-28,18:41,S8,Store B,Phone,8,395.31,,Tx300653,C5,Noah,Evening,Sunday,3162.48
2023-11-13,11:34,S7,Store D,Monitor,3,40.1,,Tx300654,C2,Olivia,Morning,Monday,120.3
2023-03-04,14:20,S3,Store C,Tablet,3,246.62,,Tx300655,C4,Liam,Afternoon,Saturday,739.86
2024-07-17,20:04,S3,Store D,Tablet,3,114.5,,Tx300656,C1,Noah,Evening,Wednesday,343.5
2025-03-17,14:57,S8,Store B,Laptop,9,383.2,,Tx300657,C4,Mia,Afternoon,Monday,3448.8
2024-11-25,14:40,S1,Store C,Monitor,3,33.61,,Tx300658,C1,Olivia,Afternoon,Monday,100.83
2024-05-15,16:22,S9,Store B,Printer,3,370.5,,Tx300659,C3,Mia,Afternoon,Wednesday,1111.5
2023-01-11,21:41,S5,Store A,Chair,1,382.95,,Tx300660,C3,Liam,Evening,Wednesday,382.95
2023-09-07,21:32,S9,Store B,Tablet,8,161.58,,Tx300661,C2,Noah,Evening,Thursday,1292.64
2024-01-19,11:20,S2,Store A,Monitor,4,145.73,,Tx300662,C2,Olivia,Morning,Friday,582.92
2025-03-14,20:50,S9,Store D,Desk,2,71.38,,Tx300663,C2,Noah,Evening,Friday,142.76
2023-11-10,17:00,S3,Store A,Laptop,7,290.06,,Tx300664,C4,Olivia,Evening,Friday,2030.42
2024-12-06,10:06,S9,Store B,Laptop,8,332.94,,Tx300665,C3,Liam,Morning,Friday,2663.52
2024-12-16,18:42,S3,Store A,Monitor,9,337.8,,Tx300666,C1,Liam,Evening,Monday,3040.2
2024-08-27,14:22,S10,Store B,Phone,4,5.58,,Tx300667,C1,Mia,Afternoon,Tuesday,22.32
2024-11-22,20:57,S6,Store B,Laptop,6,345.09,,Tx300668,C4,Olivia,Evening,Friday,2070.54
2025-03-30,17:20,S8,Store C,Chair,8,320.78,,Tx300669,C2,Noah,Evening,Sunday,2566.24
2025-01-31,17:21,S4,Store D,Tablet,10,78.99,,Tx300670,C1,Liam,Evening,Friday,789.9
2025-02-27,17:11,S4,Store D,Laptop,2,224.39,,Tx300671,C4,Olivia,Evening,Thursday,448.78
2024-07-31,10:11,S7,Store D,Desk,3,235.61,,Tx300672,C3,Olivia,Morning,Wednesday,706.83
2023-10-04,20:05,S7,Store C,Monitor,2,267.91,,Tx300673,C2,Noah,Evening,Wednesday,535.82
2023-10-31,12:39,S8,Store A,Desk,4,171.93,,Tx300674,C3,Olivia,Afternoon,Tuesday,687.72
2024-11-05,9:43,S10,Store C,Monitor,9,388.94,,Tx300675,C5,Noah,Morning,Tuesday,3500.46
2024-03-31,19:10,S8,Store A,Phone,9,91.74,,Tx300676,C1,Liam,Evening,Sunday,825.66
2023-09-30,12:19,S8,Store D,Phone,10,106.41,,Tx300677,C4,Noah,Afternoon,Saturday,1064.1
2023-05-21,12:16,S1,Store C,Printer,10,246.8,,Tx300678,C2,Olivia,Afternoon,Sunday,2468.0
2023-01-06,16:37,S10,Store B,Chair,3,175.26,,Tx300679,C3,Noah,Afternoon,Friday,525.78
2023-05-05,17:34,S10,Store B,Printer,7,53.26,,Tx300680,C2,Olivia,Evening,Friday,372.82
2023-12-21,16:14,S6,Store C,Chair,9,66.07,,Tx300681,C5,Mia,Afternoon,Thursday,594.6299999999999
2025-03-03,16:36,S2,Store B,Tablet,2,238.45,,Tx300682,C1,Liam,Afternoon,Monday,476.9
2023-12-08,14:26,S3,Store C,Monitor,9,243.57,,Tx300683,C3,Liam,Afternoon,Friday,2192.13
2024-05-21,10:30,S2,Store A,Desk,2,25.64,,Tx300684,C5,Mia,Morning,Tuesday,51.28
2023-11-08,16:39,S5,Store B,Phone,3,391.04,,Tx300685,C5,Mia,Afternoon,Wednesday,1173.12
2024-09-18,10:30,S5,Store C,Monitor,7,67.72,,Tx300686,C1,Liam,Morning,Wednesday,474.04
2023-08-16,15:13,S4,Store C,Phone,6,8.4,,Tx300687,C3,Liam,Afternoon,Wednesday,50.40000000000001
2024-05-14,10:30,S5,Store B,Desk,8,300.22,,Tx300688,C3,Olivia,Morning,Tuesday,2401.76
2024-04-13,19:35,S1,Store D,Chair,4,366.65,,Tx300689,C1,Liam,Evening,Saturday,1466.6
2025-03-18,18:35,S2,Store A,Printer,5,234.05,,Tx300690,C1,Mia,Evening,Tuesday,1170.25
2025-03-26,9:30,S2,Store C,Tablet,5,261.8,,Tx300691,C2,Olivia,Morning,Wednesday,1309.0
2023-06-13,19:43,S3,Store B,Laptop,10,226.09,,Tx300692,C2,Mia,Evening,Tuesday,2260.9
2023-08-23,11:38,S1,Store B,Desk,5,217.01,,Tx300693,C1,Liam,Morning,Wednesday,1085.05
2024-11-13,21:45,S8,Store B,Phone,10,281.41,,Tx300694,C1,Noah,Evening,Wednesday,2814.1
2025-06-04,18:56,S7,Store B,Laptop,8,38.15,,Tx300695,C1,Noah,Evening,Wednesday,305.2
2024-12-24,21:18,S5,Store C,Desk,5,331.54,,Tx300696,C5,Liam,Evening,Tuesday,1657.7
2023-09-02,14:27,S9,Store C,Laptop,3,132.49,,Tx300697,C2,Noah,Afternoon,Saturday,397.47
2025-06-25,19:11,S9,Store A,Monitor,7,279.23,,Tx300698,C5,Olivia,Evening,Wednesday,1954.61
2025-05-12,16:13,S8,Store A,Chair,1,236.07,,Tx300699,C5,Liam,Afternoon,Monday,236.07
2024-10-13,17:37,S5,Store B,Laptop,8,21.25,,Tx300700,C2,Noah,Evening,Sunday,170.0
2023-10-03,12:08,S8,Store D,Desk,1,292.38,,Tx300701,C5,Olivia,Afternoon,Tuesday,292.38
2024-11-09,13:00,S10,Store C,Laptop,8,23.0,,Tx300702,C5,Liam,Afternoon,Saturday,184.0
2023-12-01,15:10,S10,Store D,Laptop,4,225.6,,Tx300703,C2,Liam,Afternoon,Friday,902.4
2024-08-27,14:13,S7,Store A,Laptop,8,80.72,,Tx300704,C2,Olivia,Afternoon,Tuesday,645.76
2023-09-09,21:56,S7,Store B,Phone,2,55.38,,Tx300705,C1,Mia,Evening,Saturday,110.76
2023-05-08,11:03,S7,Store C,Chair,10,10.74,,Tx300706,C1,Olivia,Morning,Monday,107.4
2025-03-27,19:24,S2,Store A,Laptop,9,246.98,,Tx300707,C2,Olivia,Evening,Thursday,2222.82
2023-01-02,9:43,S7,Store D,Desk,2,213.68,,Tx300708,C4,Mia,Morning,Monday,427.36
2024-07-30,11:35,S2,Store C,Chair,5,47.76,,Tx300709,C3,Olivia,Morning,Tuesday,238.8
2025-02-06,15:45,S10,Store D,Printer,8,280.6,,Tx300710,C1,Mia,Afternoon,Thursday,2244.8
2025-01-22,19:26,S2,Store D,Chair,1,371.87,,Tx300711,C1,Liam,Evening,Wednesday,371.87
2025-02-16,17:11,S7,Store B,Tablet,2,23.18,,Tx300712,C2,Noah,Evening,Sunday,46.36
2024-11-01,18:14,S2,Store C,Laptop,8,358.62,,Tx300713,C1,Olivia,Evening,Friday,2868.96
2024-09-09,17:01,S8,Store B,Printer,10,237.2,,Tx300714,C4,Liam,Evening,Monday,2372.0
2023-09-02,14:45,S5,Store C,Monitor,1,154.01,,Tx300715,C4,Liam,Afternoon,Saturday,154.01
2023-03-07,9:39,S9,Store D,Chair,6,208.71,,Tx300716,C3,Noah,Morning,Tuesday,1252.26
2024-03-22,21:54,S10,Store A,Monitor,3,231.76,,Tx300717,C2,Olivia,Evening,Friday,695.28
2023-09-20,13:38,S3,Store B,Laptop,3,218.65,,Tx300718,C3,Liam,Afternoon,Wednesday,655.95
2023-01-01,13:29,S10,Store B,Printer,7,276.87,,Tx300719,C2,Noah,Afternoon,Sunday,1938.09
2024-11-09,18:34,S8,Store B,Phone,10,371.02,,Tx300720,C3,Noah,Evening,Saturday,3710.2
2023-11-29,20:59,S7,Store D,Printer,4,220.56,,Tx300721,C2,Olivia,Evening,Wednesday,882.24
2023-07-05,13:53,S10,Store C,Tablet,4,200.98,,Tx300722,C4,Olivia,Afternoon,Wednesday,803.92
2023-07-27,16:04,S9,Store A,Monitor,5,15.92,,Tx300723,C4,Liam,Afternoon,Thursday,79.6
2025-02-10,12:04,S5,Store B,Desk,7,210.33,,Tx300724,C2,Noah,Afternoon,Monday,1472.31
2024-11-03,12:09,S9,Store C,Tablet,4,183.93,,Tx300725,C1,Noah,Afternoon,Sunday,735.72
2023-01-31,21:42,S6,Store A,Monitor,6,17.48,,Tx300726,C5,Mia,Evening,Tuesday,104.88
2024-06-29,17:47,S6,Store C,Tablet,9,12.77,,Tx300727,C4,Olivia,Evening,Saturday,114.93
2023-01-05,21:37,S7,Store C,Phone,1,377.2,,Tx300728,C5,Liam,Evening,Thursday,377.2
2023-12-05,10:07,S3,Store C,Phone,3,345.81,,Tx300729,C3,Noah,Morning,Tuesday,1037.43
2023-03-22,16:38,S6,Store C,Phone,2,212.63,,Tx300730,C4,Olivia,Afternoon,Wednesday,425.26
2024-11-11,17:47,S3,Store A,Laptop,1,153.97,,Tx300731,C4,Olivia,Evening,Monday,153.97
2023-02-15,15:10,S10,Store D,Tablet,10,390.62,,Tx300732,C5,Olivia,Afternoon,Wednesday,3906.2
2023-08-20,14:51,S5,Store A,Monitor,9,378.02,,Tx300733,C1,Liam,Afternoon,Sunday,3402.18
2024-01-03,15:20,S6,Store B,Desk,3,304.35,,Tx300734,C5,Noah,Afternoon,Wednesday,913.0500000000001
2023-09-04,13:40,S3,Store B,Printer,7,8.18,,Tx300735,C5,Mia,Afternoon,Monday,57.26
2023-04-01,12:26,S3,Store B,Phone,8,372.97,,Tx300736,C2,Noah,Afternoon,Saturday,2983.76
2024-04-10,10:25,S5,Store B,Chair,2,294.79,,Tx300737,C3,Olivia,Morning,Wednesday,589.58
2024-10-05,12:59,S8,Store A,Tablet,4,18.45,,Tx300738,C4,Noah,Afternoon,Saturday,73.8
2024-04-23,18:47,S4,Store D,Chair,9,149.44,,Tx300739,C1,Olivia,Evening,Tuesday,1344.96
2024-07-28,12:25,S3,Store D,Laptop,1,142.55,,Tx300740,C5,Liam,Afternoon,Sunday,142.55
2023-03-19,11:50,S8,Store D,Desk,2,90.59,,Tx300741,C4,Noah,Morning,Sunday,181.18
2025-03-26,18:36,S6,Store A,Printer,1,295.75,,Tx300742,C5,Noah,Evening,Wednesday,295.75
2024-03-26,17:23,S7,Store C,Tablet,4,289.32,,Tx300743,C1,Mia,Evening,Tuesday,1157.28
2025-01-26,20:04,S9,Store D,Phone,5,44.32,,Tx300744,C5,Liam,Evening,Sunday,221.6
2025-03-23,18:30,S1,Store C,Desk,8,37.5,,Tx300745,C4,Mia,Evening,Sunday,300.0
2023-08-31,21:54,S2,Store A,Printer,4,252.56,,Tx300746,C4,Liam,Evening,Thursday,1010.24
2023-04-13,13:16,S6,Store D,Tablet,6,367.26,,Tx300747,C5,Mia,Afternoon,Thursday,2203.56
2023-03-15,9:17,S5,Store D,Monitor,7,46.54,,Tx300748,C1,Olivia,Morning,Wednesday,325.78
2024-05-29,13:14,S9,Store D,Tablet,7,250.76,,Tx300749,C3,Noah,Afternoon,Wednesday,1755.32
2023-05-18,18:29,S3,Store D,Tablet,6,359.48,,Tx300750,C4,Noah,Evening,Thursday,2156.88
2024-10-27,20:13,S4,Store C,Monitor,10,295.74,,Tx300751,C3,Mia,Evening,Sunday,2957.4
2024-03-04,13:31,S10,Store D,Laptop,7,383.18,,Tx300752,C4,Olivia,Afternoon,Monday,2682.26
2023-11-26,18:19,S7,Store C,Tablet,6,267.88,,Tx300753,C2,Liam,Evening,Sunday,1607.28
2023-09-30,16:34,S10,Store C,Phone,7,87.98,,Tx300754,C1,Mia,Afternoon,Saturday,615.86
2025-05-21,18:48,S3,Store A,Tablet,1,324.91,,Tx300755,C2,Olivia,Evening,Wednesday,324.91
2023-10-08,16:17,S4,Store C,Monitor,10,51.6,,Tx300756,C1,Liam,Afternoon,Sunday,516.0
2025-05-05,11:28,S2,Store A,Phone,6,124.48,,Tx300757,C1,Noah,Morning,Monday,746.88
2023-10-15,16:49,S7,Store A,Phone,1,388.96,,Tx300758,C5,Noah,Afternoon,Sunday,388.96
2023-09-08,21:38,S8,Store D,Monitor,3,94.78,,Tx300759,C2,Noah,Evening,Friday,284.34
2024-11-09,16:34,S4,Store D,Laptop,8,229.52,,Tx300760,C4,Olivia,Afternoon,Saturday,1836.16
2024-09-04,10:27,S6,Store B,Chair,8,270.4,,Tx300761,C4,Noah,Morning,Wednesday,2163.2
2023-10-07,14:18,S1,Store D,Monitor,5,252.4,,Tx300762,C3,Noah,Afternoon,Saturday,1262.0
2024-09-19,10:51,S8,Store C,Monitor,1,296.26,,Tx300763,C1,Liam,Morning,Thursday,296.26
2024-11-13,17:48,S3,Store C,Tablet,8,368.79,,Tx300764,C1,Mia,Evening,Wednesday,2950.32
2025-03-28,21:10,S4,Store B,Printer,9,52.48,,Tx300765,C5,Liam,Evening,Friday,472.32
2025-06-24,16:55,S2,Store A,Printer,1,362.13,,Tx300766,C5,Mia,Afternoon,Tuesday,362.13
2024-03-25,19:12,S9,Store B,Printer,6,69.21,,Tx300767,C5,Olivia,Evening,Monday,415.26
2023-02-24,19:08,S2,Store C,Printer,6,152.42,,Tx300768,C4,Mia,Evening,Friday,914.52
2024-06-18,17:41,S9,Store B,Printer,10,297.7,,Tx300769,C3,Olivia,Evening,Tuesday,2977.0
2023-01-07,16:20,S4,Store D,Chair,3,53.9,,Tx300770,C4,Liam,Afternoon,Saturday,161.7
2023-03-28,21:08,S10,Store C,Tablet,4,10.77,,Tx300771,C4,Mia,Evening,Tuesday,43.08
2023-03-06,10:48,S6,Store A,Phone,4,366.43,,Tx300772,C5,Noah,Morning,Monday,1465.72
2023-04-14,19:41,S1,Store B,Laptop,2,210.28,,Tx300773,C5,Olivia,Evening,Friday,420.56
2023-10-14,13:22,S4,Store A,Phone,6,258.31,,Tx300774,C5,Noah,Afternoon,Saturday,1549.86
2023-01-02,17:11,S3,Store C,Printer,6,395.89,,Tx300775,C4,Olivia,Evening,Monday,2375.34
2024-04-22,19:01,S3,Store B,Monitor,3,385.34,,Tx300776,C2,Mia,Evening,Monday,1156.02
2023-09-24,15:56,S7,Store B,Phone,5,188.3,,Tx300777,C3,Mia,Afternoon,Sunday,941.5
2023-10-31,13:01,S10,Store C,Laptop,6,187.42,,Tx300778,C1,Olivia,Afternoon,Tuesday,1124.52
2024-10-12,13:38,S3,Store B,Tablet,1,26.79,,Tx300779,C2,Liam,Afternoon,Saturday,26.79
2024-11-30,10:51,S7,Store B,Monitor,6,248.6,,Tx300780,C1,Mia,Morning,Saturday,1491.6
2023-03-19,20:19,S8,Store A,Desk,10,307.43,,Tx300781,C5,Noah,Evening,Sunday,3074.3
2025-03-18,9:38,S9,Store A,Chair,2,37.5,,Tx300782,C2,Mia,Morning,Tuesday,75.0
2024-08-05,21:41,S9,Store D,Tablet,8,90.61,,Tx300783,C2,Liam,Evening,Monday,724.88
2023-01-23,10:15,S9,Store A,Printer,4,362.84,,Tx300784,C1,Liam,Morning,Monday,1451.36
2023-07-08,11:55,S6,Store B,Laptop,2,54.41,,Tx300785,C5,Olivia,Morning,Saturday,108.82
2024-03-07,10:55,S3,Store C,Desk,2,110.95,,Tx300786,C4,Olivia,Morning,Thursday,221.9
2023-11-21,9:11,S5,Store C,Desk,6,284.03,,Tx300787,C3,Noah,Morning,Tuesday,1704.18
2024-06-14,16:47,S2,Store A,Monitor,3,83.49,,Tx300788,C3,Mia,Afternoon,Friday,250.47
2023-06-03,17:06,S8,Store B,Laptop,8,274.38,,Tx300789,C3,Mia,Evening,Saturday,2195.04
2025-02-12,9:02,S8,Store A,Desk,5,183.23,,Tx300790,C3,Noah,Morning,Wednesday,916.15
2024-06-11,11:39,S2,Store D,Chair,2,334.18,,Tx300791,C5,Liam,Morning,Tuesday,668.36
2023-12-10,9:57,S6,Store B,Phone,9,52.06,,Tx300792,C5,Liam,Morning,Sunday,468.54
2023-11-24,16:37,S6,Store D,Laptop,7,95.68,,Tx300793,C1,Noah,Afternoon,Friday,669.76
2023-01-12,21:19,S8,Store B,Tablet,3,213.45,,Tx300794,C5,Mia,Evening,Thursday,640.3499999999999
2024-03-31,10:55,S8,Store C,Printer,6,331.06,,Tx300795,C3,Noah,Morning,Sunday,1986.36
2024-04-17,12:03,S2,Store B,Tablet,4,232.8,,Tx300796,C3,Olivia,Afternoon,Wednesday,931.2
2024-07-08,20:47,S6,Store A,Laptop,8,355.36,,Tx300797,C1,Mia,Evening,Monday,2842.88
2024-04-28,10:35,S9,Store D,Chair,10,377.3,,Tx300798,C1,Liam,Morning,Sunday,3773.0
2024-07-09,16:01,S1,Store C,Phone,8,330.84,,Tx300799,C3,Liam,Afternoon,Tuesday,2646.72
2023-07-18,14:53,S2,Store A,Chair,3,320.9,,Tx300800,C4,Olivia,Afternoon,Tuesday,962.6999999999999
2024-01-06,16:10,S5,Store A,Monitor,6,236.45,,Tx300801,C1,Mia,Afternoon,Saturday,1418.7
2024-11-12,15:47,S4,Store A,Printer,7,152.73,,Tx300802,C3,Olivia,Afternoon,Tuesday,1069.11
2025-01-01,20:55,S1,Store B,Tablet,5,70.03,,Tx300803,C4,Mia,Evening,Wednesday,350.15
2024-04-13,18:18,S5,Store C,Printer,9,150.05,,Tx300804,C3,Mia,Evening,Saturday,1350.45
2023-04-03,10:46,S4,Store B,Chair,1,91.53,,Tx300805,C4,Mia,Morning,Monday,91.53
2023-01-21,17:20,S3,Store C,Monitor,4,264.5,,Tx300806,C1,Liam,Evening,Saturday,1058.0
2025-02-20,9:16,S4,Store A,Desk,3,158.85,,Tx300807,C3,Mia,Morning,Thursday,476.55
2024-09-12,11:05,S9,Store D,Chair,10,78.58,,Tx300808,C5,Mia,Morning,Thursday,785.8
2024-01-10,16:55,S1,Store C,Chair,10,298.16,,Tx300809,C4,Noah,Afternoon,Wednesday,2981.6
2023-07-13,16:08,S2,Store D,Phone,3,339.33,,Tx300810,C1,Noah,Afternoon,Thursday,1017.99
2024-09-05,21:05,S6,Store D,Monitor,10,239.02,,Tx300811,C3,Olivia,Evening,Thursday,2390.2
2024-11-19,16:45,S9,Store D,Monitor,6,33.96,,Tx300812,C1,Noah,Afternoon,Tuesday,203.76
2025-04-13,17:20,S10,Store C,Monitor,6,363.2,,Tx300813,C3,Liam,Evening,Sunday,2179.2
2023-02-17,17:15,S3,Store C,Laptop,2,219.89,,Tx300814,C2,Liam,Evening,Friday,439.78
2025-04-01,19:43,S8,Store C,Monitor,6,78.16,,Tx300815,C2,Liam,Evening,Tuesday,468.96
2023-03-31,21:56,S3,Store D,Monitor,3,26.29,,Tx300816,C1,Noah,Evening,Friday,78.87
2024-11-26,16:15,S3,Store C,Laptop,8,30.71,,Tx300817,C3,Noah,Afternoon,Tuesday,245.68
2023-10-10,9:10,S8,Store B,Phone,7,132.85,,Tx300818,C4,Olivia,Morning,Tuesday,929.9499999999999
2024-03-16,15:15,S6,Store A,Tablet,6,263.04,,Tx300819,C3,Mia,Afternoon,Saturday,1578.24
2024-09-26,13:53,S3,Store B,Desk,10,343.56,,Tx300820,C5,Noah,Afternoon,Thursday,3435.6
2025-06-17,21:12,S4,Store B,Chair,1,356.83,,Tx300821,C2,Liam,Evening,Tuesday,356.83
2025-04-23,21:10,S3,Store C,Laptop,4,23.58,,Tx300822,C4,Olivia,Evening,Wednesday,94.32
2023-12-27,17:51,S3,Store B,Printer,3,125.95,,Tx300823,C4,Noah,Evening,Wednesday,377.85
2023-02-10,9:10,S10,Store C,Printer,5,202.74,,Tx300824,C5,Noah,Morning,Friday,1013.7
2024-03-12,14:28,S1,Store D,Chair,3,339.72,,Tx300825,C1,Mia,Afternoon,Tuesday,1019.16
2025-03-06,10:10,S6,Store A,Printer,8,258.44,,Tx300826,C4,Liam,Morning,Thursday,2067.52
2024-06-07,14:43,S2,Store D,Monitor,7,324.63,,Tx300827,C2,Mia,Afternoon,Friday,2272.41
2025-03-04,16:14,S4,Store D,Phone,10,218.99,,Tx300828,C3,Mia,Afternoon,Tuesday,2189.9
2023-11-30,10:26,S6,Store A,Desk,9,304.14,,Tx300829,C5,Liam,Morning,Thursday,2737.26
2024-01-02,11:34,S7,Store C,Chair,9,255.06,,Tx300830,C5,Liam,Morning,Tuesday,2295.54
2024-10-02,17:35,S1,Store C,Printer,4,306.21,,Tx300831,C2,Liam,Evening,Wednesday,1224.84
2024-06-30,14:04,S9,Store D,Phone,8,368.84,,Tx300832,C5,Liam,Afternoon,Sunday,2950.72
2025-01-30,16:50,S6,Store B,Laptop,1,215.32,,Tx300833,C5,Mia,Afternoon,Thursday,215.32
2024-10-30,16:22,S8,Store D,Monitor,10,196.13,,Tx300834,C1,Mia,Afternoon,Wednesday,1961.3
2024-03-11,12:51,S10,Store C,Monitor,2,135.56,,Tx300835,C5,Noah,Afternoon,Monday,271.12
2024-02-13,10:59,S4,Store D,Tablet,7,55.66,,Tx300836,C2,Mia,Morning,Tuesday,389.62
2024-10-14,11:14,S6,Store C,Monitor,6,273.77,,Tx300837,C4,Noah,Morning,Monday,1642.62
2025-01-16,20:11,S1,Store A,Chair,10,327.45,,Tx300838,C5,Liam,Evening,Thursday,3274.5
2023-05-29,21:05,S6,Store A,Laptop,8,69.04,,Tx300839,C1,Noah,Evening,Monday,552.32
2024-09-03,13:12,S9,Store D,Monitor,8,225.66,,Tx300840,C3,Olivia,Afternoon,Tuesday,1805.28
2024-10-04,17:43,S4,Store B,Laptop,8,364.36,,Tx300841,C4,Mia,Evening,Friday,2914.88
2024-02-14,17:27,S1,Store A,Monitor,9,341.96,,Tx300842,C3,Mia,Evening,Wednesday,3077.64
2024-04-22,13:53,S8,Store C,Chair,2,220.74,,Tx300843,C3,Noah,Afternoon,Monday,441.48
2023-07-20,18:38,S5,Store B,Laptop,1,222.88,,Tx300844,C4,Mia,Evening,Thursday,222.88
2024-10-27,12:17,S1,Store C,Phone,4,155.65,,Tx300845,C5,Olivia,Afternoon,Sunday,622.6
2023-12-22,16:03,S7,Store D,Monitor,6,391.4,,Tx300846,C2,Olivia,Afternoon,Friday,2348.4
2023-06-11,20:28,S6,Store A,Laptop,4,230.11,,Tx300847,C2,Noah,Evening,Sunday,920.44
2023-11-01,13:30,S10,Store D,Chair,6,360.69,,Tx300848,C3,Mia,Afternoon,Wednesday,2164.14
2023-12-21,20:05,S5,Store D,Monitor,3,276.34,,Tx300849,C1,Noah,Evening,Thursday,829.02
2023-09-09,21:18,S3,Store A,Chair,2,178.88,,Tx300850,C1,Noah,Evening,Saturday,357.76
2023-02-26,9:13,S4,Store D,Phone,6,96.53,,Tx300851,C4,Olivia,Morning,Sunday,579.1800000000001
2023-12-13,12:17,S5,Store B,Monitor,2,52.8,,Tx300852,C4,Noah,Afternoon,Wednesday,105.6
2023-12-18,10:33,S6,Store B,Monitor,10,213.74,,Tx300853,C1,Noah,Morning,Monday,2137.4
2024-10-14,18:40,S1,Store C,Monitor,3,12.98,,Tx300854,C4,Noah,Evening,Monday,38.94
2023-05-10,9:33,S1,Store C,Chair,7,293.77,,Tx300855,C4,Mia,Morning,Wednesday,2056.39
2023-11-12,14:28,S9,Store B,Tablet,5,288.71,,Tx300856,C4,Liam,Afternoon,Sunday,1443.55
2024-12-23,10:23,S1,Store A,Laptop,7,47.88,,Tx300857,C2,Olivia,Morning,Monday,335.16
2025-01-23,15:09,S8,Store D,Chair,1,355.54,,Tx300858,C3,Mia,Afternoon,Thursday,355.54
2024-07-20,11:01,S5,Store A,Phone,3,331.3,,Tx300859,C2,Noah,Morning,Saturday,993.9000000000001
2023-09-14,19:35,S6,Store A,Desk,3,26.97,,Tx300860,C1,Noah,Evening,Thursday,80.91
2024-09-24,10:17,S3,Store C,Chair,5,394.6,,Tx300861,C1,Olivia,Morning,Tuesday,1973.0
2024-04-11,11:46,S8,Store D,Printer,7,235.07,,Tx300862,C5,Mia,Morning,Thursday,1645.49
2024-12-30,9:55,S1,Store B,Laptop,9,354.65,,Tx300863,C1,Mia,Morning,Monday,3191.85
2024-11-05,9:22,S7,Store A,Tablet,4,177.34,,Tx300864,C2,Noah,Morning,Tuesday,709.36
2025-04-05,20:17,S10,Store D,Printer,2,69.27,,Tx300865,C3,Noah,Evening,Saturday,138.54
2025-01-11,18:06,S6,Store B,Tablet,6,180.53,,Tx300866,C1,Noah,Evening,Saturday,1083.18
2025-06-08,13:29,S1,Store B,Chair,1,249.98,,Tx300867,C1,Mia,Afternoon,Sunday,249.98
2024-08-17,14:59,S4,Store D,Phone,2,159.78,,Tx300868,C4,Noah,Afternoon,Saturday,319.56
2025-01-16,14:57,S1,Store D,Laptop,1,385.99,,Tx300869,C2,Noah,Afternoon,Thursday,385.99
2024-05-02,20:23,S9,Store D,Monitor,10,138.86,,Tx300870,C1,Noah,Evening,Thursday,1388.6
2023-09-28,18:53,S7,Store C,Desk,4,90.29,,Tx300871,C2,Liam,Evening,Thursday,361.16
2023-03-18,12:18,S3,Store C,Laptop,6,159.58,,Tx300872,C4,Noah,Afternoon,Saturday,957.48
2024-01-01,16:34,S2,Store C,Monitor,8,151.31,,Tx300873,C2,Mia,Afternoon,Monday,1210.48
2023-11-28,20:31,S7,Store A,Desk,10,79.69,,Tx300874,C1,Olivia,Evening,Tuesday,796.9
2023-10-23,11:15,S7,Store C,Desk,10,324.83,,Tx300875,C1,Noah,Morning,Monday,3248.3
2024-07-23,14:16,S9,Store B,Desk,1,147.84,,Tx300876,C5,Mia,Afternoon,Tuesday,147.84
2023-10-24,20:29,S6,Store C,Monitor,7,285.42,,Tx300877,C5,Liam,Evening,Tuesday,1997.94
2024-09-15,13:09,S1,Store A,Printer,4,160.51,,Tx300878,C5,Olivia,Afternoon,Sunday,642.04
2024-10-29,16:36,S5,Store D,Phone,2,394.52,,Tx300879,C5,Liam,Afternoon,Tuesday,789.04
2025-04-20,17:53,S5,Store C,Phone,10,170.14,,Tx300880,C1,Noah,Evening,Sunday,1701.4
2024-04-23,17:43,S10,Store C,Monitor,10,144.39,,Tx300881,C5,Mia,Evening,Tuesday,1443.9
2023-08-18,9:04,S10,Store D,Monitor,7,355.97,,Tx300882,C2,Noah,Morning,Friday,2491.79
2023-10-14,18:56,S4,Store C,Phone,1,319.26,,Tx300883,C3,Noah,Evening,Saturday,319.26
2024-02-23,11:50,S10,Store A,Laptop,4,96.13,,Tx300884,C3,Noah,Morning,Friday,384.52
2023-08-28,20:15,S3,Store D,Laptop,6,160.47,,Tx300885,C3,Olivia,Evening,Monday,962.8199999999999
2024-04-09,15:38,S7,Store A,Printer,2,288.11,,Tx300886,C3,Liam,Afternoon,Tuesday,576.22
2024-02-19,9:10,S5,Store B,Printer,4,97.8,,Tx300887,C3,Olivia,Morning,Monday,391.2
2023-12-16,14:34,S6,Store A,Desk,1,228.94,,Tx300888,C3,Mia,Afternoon,Saturday,228.94
2023-07-30,10:23,S9,Store D,Tablet,4,326.36,,Tx300889,C2,Noah,Morning,Sunday,1305.44
2023-01-26,12:29,S6,Store A,Chair,8,100.89,,Tx300890,C4,Liam,Afternoon,Thursday,807.12
2025-06-28,15:52,S5,Store C,Chair,6,153.65,,Tx300891,C2,Noah,Afternoon,Saturday,921.9000000000001
2024-02-21,13:53,S10,Store A,Phone,4,335.28,,Tx300892,C3,Mia,Afternoon,Wednesday,1341.12
2025-05-22,13:37,S1,Store D,Tablet,8,351.15,,Tx300893,C3,Mia,Afternoon,Thursday,2809.2
2024-08-04,11:16,S6,Store D,Desk,2,202.0,,Tx300894,C1,Olivia,Morning,Sunday,404.0
2025-02-21,14:45,S5,Store D,Tablet,6,192.41,,Tx300895,C2,Mia,Afternoon,Friday,1154.46
2023-04-21,18:40,S10,Store A,Tablet,9,206.01,,Tx300896,C1,Noah,Evening,Friday,1854.09
2023-03-15,16:24,S10,Store C,Phone,3,375.43,,Tx300897,C1,Olivia,Afternoon,Wednesday,1126.29
2024-11-29,17:29,S7,Store C,Printer,7,98.82,,Tx300898,C4,Noah,Evening,Friday,691.74
2023-09-24,12:38,S4,Store A,Chair,8,141.12,,Tx300899,C5,Olivia,Afternoon,Sunday,1128.96
2024-03-01,11:43,S6,Store D,Laptop,4,388.12,,Tx300900,C5,Liam,Morning,Friday,1552.48
2023-03-24,11:49,S4,Store B,Tablet,4,372.75,,Tx300901,C4,Olivia,Morning,Friday,1491.0
2024-12-17,17:07,S5,Store B,Laptop,1,120.47,,Tx300902,C2,Liam,Evening,Tuesday,120.47
2025-04-14,12:43,S3,Store A,Printer,2,86.6,,Tx300903,C4,Mia,Afternoon,Monday,173.2
2023-03-13,18:13,S4,Store D,Desk,5,140.39,,Tx300904,C5,Noah,Evening,Monday,701.9499999999999
2023-12-06,12:17,S9,Store C,Desk,6,152.18,,Tx300905,C2,Mia,Afternoon,Wednesday,913.08
2024-08-18,20:25,S2,Store D,Tablet,10,72.47,,Tx300906,C4,Noah,Evening,Sunday,724.7
2023-06-29,17:39,S10,Store C,Phone,6,249.3,,Tx300907,C3,Mia,Evening,Thursday,1495.8
2023-09-24,12:21,S6,Store C,Printer,10,42.45,,Tx300908,C5,Noah,Afternoon,Sunday,424.5
2023-01-14,10:01,S5,Store A,Desk,6,152.63,,Tx300909,C1,Mia,Morning,Saturday,915.78
2024-10-28,14:56,S5,Store C,Desk,5,91.27,,Tx300910,C1,Olivia,Afternoon,Monday,456.35
2024-05-27,19:23,S7,Store B,Laptop,5,155.88,,Tx300911,C5,Olivia,Evening,Monday,779.4
2023-09-01,17:46,S3,Store A,Tablet,3,167.77,,Tx300912,C2,Noah,Evening,Friday,503.3100000000001
2025-01-13,17:56,S5,Store A,Tablet,3,389.45,,Tx300913,C3,Noah,Evening,Monday,1168.35
2024-08-19,15:13,S4,Store B,Desk,1,113.57,,Tx300914,C4,Olivia,Afternoon,Monday,113.57
2024-12-05,15:01,S3,Store C,Chair,1,11.97,,Tx300915,C1,Olivia,Afternoon,Thursday,11.97
2024-08-15,10:53,S8,Store D,Printer,2,389.92,,Tx300916,C1,Noah,Morning,Thursday,779.84
2024-12-09,18:46,S9,Store C,Printer,10,301.79,,Tx300917,C5,Mia,Evening,Monday,3017.9
2023-11-08,14:53,S2,Store D,Monitor,3,140.91,,Tx300918,C5,Olivia,Afternoon,Wednesday,422.73
2025-03-04,17:23,S5,Store B,Chair,4,384.08,,Tx300919,C3,Noah,Evening,Tuesday,1536.32
2023-06-15,18:48,S10,Store A,Tablet,6,199.51,,Tx300920,C5,Olivia,Evening,Thursday,1197.06
2024-02-29,14:42,S10,Store A,Monitor,3,246.73,,Tx300921,C5,Mia,Afternoon,Thursday,740.1899999999999
2023-01-15,12:42,S6,Store B,Monitor,6,172.81,,Tx300922,C5,Noah,Afternoon,Sunday,1036.86
2023-03-24,9:44,S9,Store C,Monitor,4,393.0,,Tx300923,C2,Liam,Morning,Friday,1572.0
2023-09-29,16:40,S3,Store B,Printer,10,223.88,,Tx300924,C5,Olivia,Afternoon,Friday,2238.8
2023-02-14,13:27,S5,Store C,Laptop,2,144.82,,Tx300925,C1,Olivia,Afternoon,Tuesday,289.64
2025-03-13,15:39,S10,Store A,Chair,7,97.22,,Tx300926,C2,Noah,Afternoon,Thursday,680.54
2023-11-14,19:04,S4,Store B,Laptop,3,276.7,,Tx300927,C4,Olivia,Evening,Tuesday,830.0999999999999
2024-02-15,18:09,S1,Store D,Monitor,7,192.28,,Tx300928,C3,Olivia,Evening,Thursday,1345.96
2025-01-11,20:03,S2,Store D,Tablet,7,123.1,,Tx300929,C4,Liam,Evening,Saturday,861.6999999999999
2024-02-27,9:55,S10,Store D,Printer,3,339.25,,Tx300930,C2,Liam,Morning,Tuesday,1017.75
2024-03-18,20:13,S9,Store C,Chair,5,329.67,,Tx300931,C5,Noah,Evening,Monday,1648.35
2024-07-18,19:48,S8,Store A,Chair,2,85.7,,Tx300932,C5,Noah,Evening,Thursday,171.4
2023-01-23,18:04,S5,Store A,Chair,8,81.87,,Tx300933,C4,Liam,Evening,Monday,654.96
2024-02-26,13:28,S1,Store A,Desk,1,20.69,,Tx300934,C3,Olivia,Afternoon,Monday,20.69
2023-08-10,14:12,S8,Store C,Chair,2,82.94,,Tx300935,C3,Noah,Afternoon,Thursday,165.88
2025-04-14,16:16,S4,Store A,Desk,8,25.34,,Tx300936,C4,Mia,Afternoon,Monday,202.72
2024-08-01,13:42,S8,Store A,Laptop,7,47.17,,Tx300937,C2,Mia,Afternoon,Thursday,330.19
2024-06-22,9:10,S2,Store A,Printer,1,154.27,,Tx300938,C1,Noah,Morning,Saturday,154.27
2024-08-10,16:26,S10,Store D,Tablet,1,168.73,,Tx300939,C1,Olivia,Afternoon,Saturday,168.73
2025-03-05,18:39,S5,Store A,Chair,9,72.36,,Tx300940,C2,Olivia,Evening,Wednesday,651.24
2024-11-17,13:33,S1,Store B,Phone,6,314.56,,Tx300941,C1,Liam,Afternoon,Sunday,1887.36
2024-01-28,14:35,S3,Store A,Tablet,7,263.9,,Tx300942,C1,Mia,Afternoon,Sunday,1847.3
2023-02-15,10:04,S3,Store B,Chair,10,330.66,,Tx300943,C1,Mia,Morning,Wednesday,3306.6
2024-09-28,9:44,S2,Store B,Chair,10,60.63,,Tx300944,C1,Mia,Morning,Saturday,606.3000000000001
2023-12-05,15:05,S8,Store B,Tablet,4,161.58,,Tx300945,C4,Mia,Afternoon,Tuesday,646.32
2024-05-23,16:16,S10,Store A,Phone,5,40.39,,Tx300946,C4,Noah,Afternoon,Thursday,201.95
2024-03-02,15:17,S4,Store D,Tablet,8,43.32,,Tx300947,C1,Olivia,Afternoon,Saturday,346.56
2025-04-03,14:34,S1,Store B,Laptop,5,281.55,,Tx300948,C3,Liam,Afternoon,Thursday,1407.75
2024-06-20,9:18,S1,Store B,Laptop,8,12.14,,Tx300949,C5,Liam,Morning,Thursday,97.12
2025-02-08,18:31,S10,Store D,Desk,3,92.98,,Tx300950,C4,Noah,Evening,Saturday,278.94
2025-03-12,14:13,S4,Store A,Phone,1,240.4,,Tx300951,C2,Mia,Afternoon,Wednesday,240.4
2023-12-24,20:30,S10,Store D,Tablet,4,397.6,,Tx300952,C5,Noah,Evening,Sunday,1590.4
2025-03-19,11:28,S3,Store B,Printer,2,386.74,,Tx300953,C4,Liam,Morning,Wednesday,773.48
2023-07-26,20:50,S6,Store C,Laptop,7,131.63,,Tx300954,C2,Liam,Evening,Wednesday,921.41
2023-06-26,18:33,S5,Store D,Laptop,4,139.81,,Tx300955,C1,Liam,Evening,Monday,559.24
2023-11-13,15:18,S1,Store C,Chair,5,328.34,,Tx300956,C3,Mia,Afternoon,Monday,1641.7
2024-12-05,10:31,S2,Store A,Monitor,5,211.16,,Tx300957,C2,Mia,Morning,Thursday,1055.8
2024-09-20,20:43,S4,Store B,Monitor,10,203.44,,Tx300958,C3,Noah,Evening,Friday,2034.4
2024-10-31,18:13,S8,Store B,Tablet,9,328.18,,Tx300959,C3,Mia,Evening,Thursday,2953.62
2023-04-09,16:50,S1,Store A,Chair,10,229.46,,Tx300960,C5,Mia,Afternoon,Sunday,2294.6
2025-05-12,16:42,S4,Store A,Laptop,3,315.21,,Tx300961,C1,Mia,Afternoon,Monday,945.6299999999999
2023-09-19,15:20,S2,Store C,Monitor,8,372.17,,Tx300962,C1,Mia,Afternoon,Tuesday,2977.36
2024-03-28,9:43,S9,Store A,Tablet,8,235.9,,Tx300963,C2,Liam,Morning,Thursday,1887.2
2023-03-01,21:25,S1,Store C,Phone,5,13.65,,Tx300964,C5,Liam,Evening,Wednesday,68.25
2024-11-13,16:06,S10,Store A,Tablet,6,158.08,,Tx300965,C2,Mia,Afternoon,Wednesday,948.48
2024-11-25,10:13,S9,Store B,Desk,6,321.57,,Tx300966,C3,Noah,Morning,Monday,1929.42
2025-06-26,17:06,S1,Store A,Phone,6,261.27,,Tx300967,C5,Olivia,Evening,Thursday,1567.62
2025-01-13,18:53,S4,Store A,Phone,4,327.87,,Tx300968,C3,Mia,Evening,Monday,1311.48
2025-03-14,14:00,S8,Store A,Laptop,3,16.25,,Tx300969,C2,Noah,Afternoon,Friday,48.75
2023-03-22,13:57,S5,Store A,Monitor,10,38.83,,Tx300970,C3,Noah,Afternoon,Wednesday,388.3
2025-02-14,12:45,S2,Store B,Desk,8,39.13,,Tx300971,C3,Mia,Afternoon,Friday,313.04
2023-03-15,11:54,S9,Store D,Laptop,1,230.26,,Tx300972,C4,Olivia,Morning,Wednesday,230.26
2023-10-24,16:04,S10,Store B,Desk,10,362.13,,Tx300973,C1,Mia,Afternoon,Tuesday,3621.3
2024-08-11,9:46,S2,Store D,Monitor,1,171.54,,Tx300974,C3,Mia,Morning,Sunday,171.54
2024-09-02,9:15,S2,Store D,Laptop,10,160.28,,Tx300975,C3,Mia,Morning,Monday,1602.8
2025-05-10,18:22,S2,Store B,Monitor,4,217.17,,Tx300976,C1,Noah,Evening,Saturday,868.68
2023-12-09,13:06,S9,Store B,Desk,3,330.9,,Tx300977,C1,Liam,Afternoon,Saturday,992.6999999999999
2025-01-29,20:53,S10,Store C,Desk,7,258.57,,Tx300978,C3,Mia,Evening,Wednesday,1809.99
2024-12-31,10:28,S10,Store C,Chair,1,106.8,,Tx300979,C4,Liam,Morning,Tuesday,106.8
2024-05-24,16:26,S3,Store B,Chair,8,109.46,,Tx300980,C1,Noah,Afternoon,Friday,875.68
2025-02-20,9:25,S4,Store C,Desk,10,133.34,,Tx300981,C5,Noah,Morning,Thursday,1333.4
2023-12-20,18:11,S9,Store A,Phone,3,277.08,,Tx300982,C1,Mia,Evening,Wednesday,831.24
2025-05-04,13:17,S9,Store D,Monitor,4,337.24,,Tx300983,C5,Liam,Afternoon,Sunday,1348.96
2025-01-22,15:34,S4,Store C,Tablet,1,395.95,,Tx300984,C2,Olivia,Afternoon,Wednesday,395.95
2024-05-10,11:00,S9,Store B,Monitor,1,174.29,,Tx300985,C4,Liam,Morning,Friday,174.29
2023-09-06,17:24,S7,Store C,Phone,9,257.94,,Tx300986,C2,Noah,Evening,Wednesday,2321.46
2025-01-09,15:53,S4,Store C,Desk,2,127.23,,Tx300987,C5,Liam,Afternoon,Thursday,254.46
2024-07-25,9:21,S6,Store D,Laptop,10,66.37,,Tx300988,C2,Mia,Morning,Thursday,663.7
2023-09-25,14:37,S10,Store C,Chair,10,184.31,,Tx300989,C5,Noah,Afternoon,Monday,1843.1
2024-05-12,10:05,S9,Store B,Printer,6,257.91,,Tx300990,C5,Noah,Morning,Sunday,1547.46
2024-04-17,19:23,S6,Store C,Printer,10,42.03,,Tx300991,C1,Liam,Evening,Wednesday,420.3
2024-10-31,13:39,S6,Store C,Tablet,2,110.13,,Tx300992,C4,Noah,Afternoon,Thursday,220.26
2023-02-08,21:03,S1,Store A,Monitor,7,389.71,,Tx300993,C2,Noah,Evening,Wednesday,2727.97
2023-10-23,20:00,S8,Store B,Phone,2,320.51,,Tx300994,C5,Noah,Evening,Monday,641.02
2023-05-22,13:22,S1,Store B,Chair,7,371.04,,Tx300995,C4,Noah,Afternoon,Monday,2597.28
2024-12-22,18:40,S1,Store A,Tablet,5,61.64,,Tx300996,C3,Noah,Evening,Sunday,308.2
2024-02-20,20:19,S6,Store B,Monitor,6,121.9,,Tx300997,C5,Mia,Evening,Tuesday,731.4000000000001
2023-08-27,21:30,S6,Store C,Monitor,6,356.85,,Tx300998,C2,Noah,Evening,Sunday,2141.1
2023-09-10,21:04,S6,Store A,Chair,1,244.43,,Tx300999,C3,Olivia,Evening,Sunday,244.43
2025-03-29,20:08,S2,Store D,Phone,7,153.68,,Tx301000,C2,Liam,Evening,Saturday,1075.76
2025-03-02,10:46,S8,Store D,Printer,8,240.82,,Tx301001,C3,Olivia,Morning,Sunday,1926.56
2024-09-05,13:54,S4,Store A,Printer,9,65.08,,Tx301002,C2,Noah,Afternoon,Thursday,585.72
2023-11-19,15:00,S2,Store B,Printer,2,93.8,,Tx301003,C1,Liam,Afternoon,Sunday,187.6
2024-07-27,18:00,S1,Store D,Laptop,4,138.49,,Tx301004,C2,Liam,Evening,Saturday,553.96
2024-06-29,14:07,S2,Store B,Desk,2,75.8,,Tx301005,C4,Olivia,Afternoon,Saturday,151.6
2024-02-08,16:58,S8,Store B,Tablet,8,89.24,,Tx301006,C5,Mia,Afternoon,Thursday,713.92
2025-05-23,14:05,S7,Store B,Printer,2,386.54,,Tx301007,C5,Olivia,Afternoon,Friday,773.08
2024-11-16,11:30,S9,Store D,Phone,5,343.92,,Tx301008,C1,Liam,Morning,Saturday,1719.6
2023-08-01,10:35,S2,Store A,Tablet,3,362.73,,Tx301009,C4,Olivia,Morning,Tuesday,1088.19
2024-04-01,20:11,S5,Store D,Printer,7,355.17,,Tx301010,C3,Olivia,Evening,Monday,2486.19
2023-11-17,21:55,S5,Store A,Tablet,10,147.16,,Tx301011,C5,Mia,Evening,Friday,1471.6
2023-08-18,16:27,S5,Store D,Desk,1,195.82,,Tx301012,C2,Olivia,Afternoon,Friday,195.82
2025-01-17,15:19,S7,Store A,Tablet,9,118.67,,Tx301013,C4,Noah,Afternoon,Friday,1068.03
2023-06-24,21:08,S8,Store A,Monitor,10,315.98,,Tx301014,C4,Olivia,Evening,Saturday,3159.8
2023-02-07,9:50,S7,Store C,Printer,10,169.05,,Tx301015,C4,Olivia,Morning,Tuesday,1690.5
2023-08-23,9:17,S6,Store C,Tablet,4,131.56,,Tx301016,C4,Olivia,Morning,Wednesday,526.24
2024-01-22,20:47,S3,Store B,Chair,6,129.2,,Tx301017,C5,Mia,Evening,Monday,775.1999999999999
2024-06-17,20:22,S7,Store D,Laptop,8,214.09,,Tx301018,C4,Olivia,Evening,Monday,1712.72
2023-04-20,19:11,S10,Store A,Printer,10,396.16,,Tx301019,C1,Noah,Evening,Thursday,3961.6
2023-04-13,20:05,S5,Store C,Laptop,5,153.28,,Tx301020,C4,Liam,Evening,Thursday,766.4
2024-06-23,9:54,S8,Store C,Laptop,6,348.35,,Tx301021,C2,Mia,Morning,Sunday,2090.1
2025-01-09,12:04,S7,Store C,Monitor,8,74.96,,Tx301022,C3,Liam,Afternoon,Thursday,599.68
2024-09-17,17:23,S10,Store C,Desk,10,117.03,,Tx301023,C1,Noah,Evening,Tuesday,1170.3
2024-09-08,20:28,S9,Store D,Monitor,6,78.34,,Tx301024,C4,Liam,Evening,Sunday,470.04
2024-06-12,17:04,S6,Store B,Desk,6,43.01,,Tx301025,C5,Mia,Evening,Wednesday,258.06
2023-08-21,19:43,S3,Store C,Chair,8,182.52,,Tx301026,C5,Mia,Evening,Monday,1460.16
2025-04-11,14:37,S5,Store B,Chair,2,21.91,,Tx301027,C5,Liam,Afternoon,Friday,43.82
2023-01-13,19:20,S1,Store B,Monitor,5,117.73,,Tx301028,C3,Noah,Evening,Friday,588.65
2025-01-10,10:43,S7,Store D,Tablet,5,23.2,,Tx301029,C3,Noah,Morning,Friday,116.0
2024-01-21,9:50,S3,Store A,Phone,3,95.43,,Tx301030,C4,Olivia,Morning,Sunday,286.29
2025-03-10,10:59,S2,Store C,Phone,3,48.91,,Tx301031,C5,Liam,Morning,Monday,146.73
2024-01-07,17:08,S5,Store D,Laptop,6,123.15,,Tx301032,C2,Noah,Evening,Sunday,738.9000000000001
2023-11-01,9:30,S10,Store D,Desk,10,59.88,,Tx301033,C1,Liam,Morning,Wednesday,598.8000000000001
2024-02-16,11:08,S6,Store B,Desk,1,309.32,,Tx301034,C4,Liam,Morning,Friday,309.32
2023-07-31,20:56,S5,Store A,Printer,1,181.86,,Tx301035,C2,Liam,Evening,Monday,181.86
2025-03-23,15:40,S1,Store D,Laptop,10,125.01,,Tx301036,C2,Olivia,Afternoon,Sunday,1250.1
2024-04-14,17:28,S9,Store A,Laptop,6,187.23,,Tx301037,C5,Noah,Evening,Sunday,1123.38
2023-06-27,13:40,S5,Store D,Printer,4,232.92,,Tx301038,C1,Mia,Afternoon,Tuesday,931.68
2023-12-25,20:43,S8,Store A,Desk,8,89.85,,Tx301039,C1,Noah,Evening,Monday,718.8
2024-08-06,18:50,S4,Store C,Laptop,10,85.85,,Tx301040,C3,Olivia,Evening,Tuesday,858.5
2024-01-21,11:56,S3,Store D,Desk,9,235.54,,Tx301041,C4,Olivia,Morning,Sunday,2119.86
2024-12-12,15:27,S7,Store A,Printer,6,133.12,,Tx301042,C5,Liam,Afternoon,Thursday,798.72
2024-02-27,18:18,S10,Store D,Printer,5,311.8,,Tx301043,C2,Noah,Evening,Tuesday,1559.0
2024-09-07,21:26,S8,Store D,Chair,5,179.97,,Tx301044,C3,Noah,Evening,Saturday,899.85
2024-01-08,11:36,S4,Store D,Laptop,4,195.82,,Tx301045,C5,Mia,Morning,Monday,783.28
2023-06-12,19:46,S8,Store D,Desk,6,80.69,,Tx301046,C3,Liam,Evening,Monday,484.14
2024-08-27,18:49,S6,Store C,Tablet,8,271.51,,Tx301047,C1,Noah,Evening,Tuesday,2172.08
2025-02-14,9:25,S7,Store D,Monitor,1,294.61,,Tx301048,C3,Mia,Morning,Friday,294.61
2024-08-09,15:46,S6,Store D,Monitor,4,204.59,,Tx301049,C2,Olivia,Afternoon,Friday,818.36
2025-05-15,9:17,S6,Store A,Monitor,10,189.33,,Tx301050,C4,Liam,Morning,Thursday,1893.3
2023-04-14,21:32,S6,Store D,Chair,6,177.5,,Tx301051,C4,Olivia,Evening,Friday,1065.0
2023-02-02,11:38,S7,Store C,Laptop,6,9.12,,Tx301052,C5,Liam,Morning,Thursday,54.72
2024-05-29,20:17,S5,Store D,Printer,3,84.26,,Tx301053,C5,Noah,Evening,Wednesday,252.78
2024-03-05,12:04,S10,Store D,Phone,5,66.75,,Tx301054,C2,Liam,Afternoon,Tuesday,333.75
2023-05-27,17:21,S9,Store A,Laptop,2,388.63,,Tx301055,C3,Mia,Evening,Saturday,777.26
2024-03-01,11:30,S8,Store B,Laptop,1,59.73,,Tx301056,C2,Liam,Morning,Friday,59.73
2023-08-02,19:28,S8,Store A,Desk,6,60.67,,Tx301057,C4,Mia,Evening,Wednesday,364.02
2025-01-04,16:19,S6,Store D,Phone,9,98.31,,Tx301058,C5,Liam,Afternoon,Saturday,884.79
2023-01-30,11:18,S10,Store D,Printer,2,197.88,,Tx301059,C1,Olivia,Morning,Monday,395.76
2023-08-09,13:59,S3,Store C,Phone,8,32.6,,Tx301060,C1,Mia,Afternoon,Wednesday,260.8
2023-09-22,19:33,S7,Store D,Tablet,5,210.45,,Tx301061,C5,Noah,Evening,Friday,1052.25
2023-03-30,16:31,S5,Store D,Desk,1,370.98,,Tx301062,C5,Liam,Afternoon,Thursday,370.98
2023-12-30,19:49,S8,Store A,Laptop,8,163.76,,Tx301063,C2,Olivia,Evening,Saturday,1310.08
2023-12-11,14:52,S2,Store B,Printer,8,44.13,,Tx301064,C4,Liam,Afternoon,Monday,353.04
2023-06-09,11:02,S6,Store A,Tablet,3,302.68,,Tx301065,C5,Olivia,Morning,Friday,908.04
2023-12-24,13:08,S8,Store D,Monitor,9,272.79,,Tx301066,C1,Mia,Afternoon,Sunday,2455.11
2023-07-13,15:10,S4,Store B,Monitor,9,222.17,,Tx301067,C3,Liam,Afternoon,Thursday,1999.53
2024-05-21,13:28,S10,Store C,Chair,6,208.2,,Tx301068,C1,Olivia,Afternoon,Tuesday,1249.2
2024-01-10,16:20,S10,Store B,Desk,1,378.72,,Tx301069,C4,Noah,Afternoon,Wednesday,378.72
2024-04-04,16:48,S1,Store A,Monitor,8,174.44,,Tx301070,C2,Noah,Afternoon,Thursday,1395.52
2023-04-03,14:11,S2,Store B,Desk,9,152.36,,Tx301071,C1,Noah,Afternoon,Monday,1371.24
2024-02-09,10:25,S3,Store C,Desk,10,110.98,,Tx301072,C2,Noah,Morning,Friday,1109.8
2024-08-23,20:42,S5,Store D,Phone,1,36.93,,Tx301073,C4,Mia,Evening,Friday,36.93
2024-03-20,19:48,S8,Store C,Chair,8,154.0,,Tx301074,C2,Olivia,Evening,Wednesday,1232.0
2024-08-13,13:58,S9,Store B,Monitor,6,10.07,,Tx301075,C3,Mia,Afternoon,Tuesday,60.42
2023-08-05,14:31,S5,Store C,Phone,2,60.84,,Tx301076,C5,Mia,Afternoon,Saturday,121.68
2024-09-08,10:00,S3,Store A,Printer,10,165.44,,Tx301077,C5,Liam,Morning,Sunday,1654.4
2023-01-20,9:56,S2,Store D,Desk,4,329.69,,Tx301078,C2,Olivia,Morning,Friday,1318.76
2024-07-24,12:19,S5,Store C,Phone,8,124.58,,Tx301079,C5,Olivia,Afternoon,Wednesday,996.64
2023-06-28,11:00,S4,Store B,Printer,3,186.86,,Tx301080,C5,Noah,Morning,Wednesday,560.58
2024-12-03,21:38,S2,Store C,Chair,1,52.19,,Tx301081,C2,Olivia,Evening,Tuesday,52.19
2024-12-05,18:59,S3,Store B,Phone,7,330.98,,Tx301082,C5,Noah,Evening,Thursday,2316.86
2025-03-20,12:10,S7,Store B,Laptop,8,385.72,,Tx301083,C4,Olivia,Afternoon,Thursday,3085.76
2024-12-02,12:32,S9,Store A,Printer,9,52.64,,Tx301084,C5,Noah,Afternoon,Monday,473.76
2023-03-15,21:26,S4,Store B,Phone,8,92.08,,Tx301085,C5,Olivia,Evening,Wednesday,736.64
2024-11-26,9:58,S5,Store D,Laptop,5,363.76,,Tx301086,C4,Mia,Morning,Tuesday,1818.8
2025-06-29,15:21,S7,Store B,Tablet,3,323.04,,Tx301087,C5,Noah,Afternoon,Sunday,969.1200000000001
2023-09-29,14:14,S1,Store B,Phone,10,147.65,,Tx301088,C3,Olivia,Afternoon,Friday,1476.5
2024-04-03,17:29,S3,Store B,Chair,5,178.54,,Tx301089,C1,Mia,Evening,Wednesday,892.6999999999999
2024-05-25,14:26,S4,Store A,Tablet,4,155.69,,Tx301090,C2,Olivia,Afternoon,Saturday,622.76
2024-05-26,14:07,S4,Store B,Chair,5,154.36,,Tx301091,C4,Noah,Afternoon,Sunday,771.8000000000001
2023-12-26,12:43,S3,Store B,Chair,1,202.41,,Tx301092,C4,Liam,Afternoon,Tuesday,202.41
2024-03-24,18:09,S5,Store D,Laptop,10,205.57,,Tx301093,C3,Mia,Evening,Sunday,2055.7
2023-04-25,13:27,S8,Store D,Desk,6,105.89,,Tx301094,C3,Mia,Afternoon,Tuesday,635.34
2023-10-08,21:31,S9,Store B,Desk,9,308.84,,Tx301095,C3,Liam,Evening,Sunday,2779.56
2024-02-09,20:14,S4,Store C,Monitor,4,233.77,,Tx301096,C5,Noah,Evening,Friday,935.08
2023-05-07,17:44,S5,Store A,Phone,8,224.58,,Tx301097,C5,Noah,Evening,Sunday,1796.64
2025-05-28,13:41,S10,Store D,Monitor,6,364.61,,Tx301098,C2,Olivia,Afternoon,Wednesday,2187.66
2025-03-11,14:36,S7,Store B,Desk,5,386.77,,Tx301099,C3,Mia,Afternoon,Tuesday,1933.85
2023-07-15,21:58,S3,Store B,Printer,8,154.78,,Tx301100,C2,Mia,Evening,Saturday,1238.24
2023-07-27,9:16,S9,Store B,Chair,8,147.77,,Tx301101,C2,Noah,Morning,Thursday,1182.16
2024-12-18,21:27,S10,Store C,Printer,5,38.2,,Tx301102,C1,Olivia,Evening,Wednesday,191.0
2024-05-07,19:16,S2,Store D,Chair,5,300.81,,Tx301103,C4,Noah,Evening,Tuesday,1504.05
2024-01-12,20:43,S3,Store A,Laptop,3,226.82,,Tx301104,C4,Olivia,Evening,Friday,680.46
2023-03-06,14:15,S8,Store D,Desk,3,337.16,,Tx301105,C5,Liam,Afternoon,Monday,1011.48
2023-11-01,10:59,S8,Store B,Chair,6,371.52,,Tx301106,C5,Mia,Morning,Wednesday,2229.12
2025-01-01,14:01,S6,Store B,Printer,2,39.91,,Tx301107,C1,Liam,Afternoon,Wednesday,79.82
2023-03-24,12:28,S10,Store A,Printer,10,386.21,,Tx301108,C1,Noah,Afternoon,Friday,3862.1
2024-09-19,11:15,S6,Store D,Printer,4,279.84,,Tx301109,C5,Mia,Morning,Thursday,1119.36
2025-05-15,16:19,S7,Store C,Tablet,2,156.52,,Tx301110,C2,Olivia,Afternoon,Thursday,313.04
2024-06-07,17:40,S8,Store C,Laptop,8,367.19,,Tx301111,C2,Olivia,Evening,Friday,2937.52
2023-04-23,12:08,S10,Store B,Laptop,6,161.79,,Tx301112,C3,Liam,Afternoon,Sunday,970.74
2024-01-13,14:50,S5,Store D,Desk,4,129.85,,Tx301113,C2,Olivia,Afternoon,Saturday,519.4
2023-07-08,21:14,S4,Store B,Phone,8,37.98,,Tx301114,C2,Noah,Evening,Saturday,303.84
2025-04-28,20:08,S2,Store D,Phone,10,142.35,,Tx301115,C5,Noah,Evening,Monday,1423.5
2024-10-19,9:40,S4,Store C,Printer,8,310.4,,Tx301116,C4,Olivia,Morning,Saturday,2483.2
2023-09-27,18:29,S8,Store D,Laptop,1,7.37,,Tx301117,C5,Olivia,Evening,Wednesday,7.37
2024-07-03,17:15,S10,Store B,Tablet,2,391.88,,Tx301118,C5,Olivia,Evening,Wednesday,783.76
2024-05-15,11:18,S8,Store C,Printer,6,374.4,,Tx301119,C2,Liam,Morning,Wednesday,2246.4
2024-10-12,20:54,S9,Store D,Chair,3,67.73,,Tx301120,C2,Liam,Evening,Saturday,203.19
2023-05-05,9:57,S2,Store D,Tablet,9,360.7,,Tx301121,C5,Olivia,Morning,Friday,3246.3
2023-12-31,13:18,S1,Store B,Chair,5,353.08,,Tx301122,C3,Mia,Afternoon,Sunday,1765.4
2024-11-04,9:51,S5,Store D,Tablet,1,280.34,,Tx301123,C2,Liam,Morning,Monday,280.34
2024-05-02,19:08,S9,Store B,Monitor,5,271.5,,Tx301124,C4,Mia,Evening,Thursday,1357.5
2025-02-07,13:54,S5,Store D,Printer,5,15.07,,Tx301125,C4,Mia,Afternoon,Friday,75.35
2024-05-25,19:50,S9,Store D,Phone,9,223.23,,Tx301126,C3,Noah,Evening,Saturday,2009.07
2023-08-16,17:33,S9,Store A,Chair,3,271.37,,Tx301127,C4,Mia,Evening,Wednesday,814.11
2024-07-22,20:19,S9,Store C,Tablet,8,107.23,,Tx301128,C1,Liam,Evening,Monday,857.84
2025-02-14,13:51,S9,Store C,Laptop,3,127.57,,Tx301129,C2,Olivia,Afternoon,Friday,382.71
2024-12-12,21:02,S1,Store C,Laptop,2,107.36,,Tx301130,C2,Mia,Evening,Thursday,214.72
2023-05-17,15:48,S10,Store C,Printer,6,94.8,,Tx301131,C3,Noah,Afternoon,Wednesday,568.8
2025-06-25,10:51,S3,Store C,Tablet,8,278.75,,Tx301132,C3,Olivia,Morning,Wednesday,2230.0
2023-12-21,10:31,S5,Store D,Phone,6,374.27,,Tx301133,C3,Liam,Morning,Thursday,2245.62
2023-06-24,16:52,S9,Store A,Tablet,5,82.7,,Tx301134,C5,Olivia,Afternoon,Saturday,413.5
2024-04-20,16:55,S9,Store C,Desk,5,119.16,,Tx301135,C4,Mia,Afternoon,Saturday,595.8
2023-09-11,16:22,S3,Store D,Printer,2,296.61,,Tx301136,C3,Noah,Afternoon,Monday,593.22
2025-04-18,15:25,S3,Store A,Printer,5,311.51,,Tx301137,C4,Mia,Afternoon,Friday,1557.55
2025-03-27,18:53,S1,Store D,Monitor,5,257.77,,Tx301138,C3,Mia,Evening,Thursday,1288.85
2024-12-23,19:19,S6,Store A,Tablet,1,391.91,,Tx301139,C4,Liam,Evening,Monday,391.91
2024-03-14,18:54,S3,Store D,Chair,10,319.07,,Tx301140,C5,Mia,Evening,Thursday,3190.7
2023-08-31,10:24,S7,Store D,Desk,3,262.7,,Tx301141,C3,Olivia,Morning,Thursday,788.0999999999999
2025-03-23,14:23,S8,Store C,Monitor,4,263.38,,Tx301142,C5,Olivia,Afternoon,Sunday,1053.52
2024-10-17,13:24,S7,Store B,Chair,7,85.46,,Tx301143,C4,Liam,Afternoon,Thursday,598.2199999999999
2025-02-03,12:46,S2,Store A,Monitor,8,10.89,,Tx301144,C3,Noah,Afternoon,Monday,87.12
2023-05-20,18:42,S6,Store C,Printer,10,289.09,,Tx301145,C3,Olivia,Evening,Saturday,2890.9
2024-09-20,10:44,S8,Store B,Chair,10,393.44,,Tx301146,C3,Liam,Morning,Friday,3934.4
2024-12-24,12:05,S6,Store A,Desk,7,186.42,,Tx301147,C4,Liam,Afternoon,Tuesday,1304.94
2023-12-20,21:03,S6,Store C,Monitor,7,284.08,,Tx301148,C1,Noah,Evening,Wednesday,1988.56
2024-10-15,12:54,S6,Store D,Phone,7,244.27,,Tx301149,C4,Liam,Afternoon,Tuesday,1709.89
2024-11-29,16:04,S7,Store D,Printer,1,58.12,,Tx301150,C4,Olivia,Afternoon,Friday,58.12
2024-04-18,20:26,S8,Store D,Printer,4,296.7,,Tx301151,C1,Liam,Evening,Thursday,1186.8
2023-05-06,19:22,S7,Store D,Tablet,8,113.49,,Tx301152,C2,Mia,Evening,Saturday,907.92
2024-01-23,11:54,S4,Store D,Printer,3,170.52,,Tx301153,C4,Liam,Morning,Tuesday,511.5600000000001
2025-04-28,10:17,S3,Store A,Printer,5,90.6,,Tx301154,C1,Noah,Morning,Monday,453.0
2025-05-07,18:00,S6,Store C,Desk,3,91.49,,Tx301155,C3,Liam,Evening,Wednesday,274.47
2023-01-12,17:43,S2,Store D,Laptop,1,310.38,,Tx301156,C1,Noah,Evening,Thursday,310.38
2024-09-03,13:25,S2,Store B,Desk,5,141.82,,Tx301157,C2,Olivia,Afternoon,Tuesday,709.0999999999999
2024-04-25,19:12,S3,Store C,Phone,3,306.65,,Tx301158,C3,Mia,Evening,Thursday,919.9499999999999
2023-11-16,18:37,S4,Store D,Desk,4,380.96,,Tx301159,C5,Liam,Evening,Thursday,1523.84
2024-12-11,16:00,S10,Store B,Desk,1,183.95,,Tx301160,C3,Liam,Afternoon,Wednesday,183.95
2025-03-19,10:34,S4,Store A,Tablet,7,265.0,,Tx301161,C1,Noah,Morning,Wednesday,1855.0
2024-12-29,19:24,S6,Store A,Chair,8,270.64,,Tx301162,C3,Olivia,Evening,Sunday,2165.12
2023-12-06,16:27,S8,Store B,Monitor,1,313.59,,Tx301163,C2,Noah,Afternoon,Wednesday,313.59
2024-10-25,20:48,S7,Store A,Chair,2,92.83,,Tx301164,C5,Olivia,Evening,Friday,185.66
2024-12-31,13:42,S10,Store B,Phone,8,12.45,,Tx301165,C3,Olivia,Afternoon,Tuesday,99.6
2024-12-05,20:18,S2,Store C,Phone,5,101.99,,Tx301166,C2,Liam,Evening,Thursday,509.95
2024-08-29,17:00,S1,Store C,Chair,7,85.84,,Tx301167,C5,Olivia,Evening,Thursday,600.88
2024-06-19,9:54,S9,Store A,Phone,10,36.18,,Tx301168,C3,Mia,Morning,Wednesday,361.8
2024-07-11,18:02,S2,Store B,Laptop,2,352.11,,Tx301169,C1,Noah,Evening,Thursday,704.22
2023-10-30,10:25,S6,Store B,Phone,2,376.14,,Tx301170,C4,Noah,Morning,Monday,752.28
2025-04-27,10:24,S1,Store A,Printer,1,301.4,,Tx301171,C3,Liam,Morning,Sunday,301.4
2024-06-18,9:08,S10,Store C,Laptop,1,255.95,,Tx301172,C3,Noah,Morning,Tuesday,255.95
2024-02-14,21:03,S1,Store D,Printer,10,159.59,,Tx301173,C1,Mia,Evening,Wednesday,1595.9
2023-01-29,14:00,S3,Store C,Phone,4,104.77,,Tx301174,C1,Liam,Afternoon,Sunday,419.08
2023-04-18,9:58,S8,Store A,Phone,8,342.27,,Tx301175,C1,Mia,Morning,Tuesday,2738.16
2024-10-09,13:52,S10,Store B,Monitor,6,100.27,,Tx301176,C5,Olivia,Afternoon,Wednesday,601.62
2024-08-11,20:01,S4,Store B,Printer,2,363.67,,Tx301177,C5,Liam,Evening,Sunday,727.34
2024-07-21,15:28,S9,Store A,Tablet,7,63.5,,Tx301178,C4,Noah,Afternoon,Sunday,444.5
2024-03-22,17:04,S1,Store C,Desk,4,297.67,,Tx301179,C5,Liam,Evening,Friday,1190.68
2025-02-14,18:40,S9,Store C,Tablet,1,25.56,,Tx301180,C3,Olivia,Evening,Friday,25.56
2024-06-22,9:30,S8,Store D,Desk,6,298.28,,Tx301181,C3,Mia,Morning,Saturday,1789.68
2024-03-08,21:21,S4,Store D,Desk,7,372.01,,Tx301182,C4,Mia,Evening,Friday,2604.07
2023-10-25,12:40,S10,Store B,Desk,1,117.04,,Tx301183,C1,Olivia,Afternoon,Wednesday,117.04
2025-05-11,14:29,S9,Store C,Printer,6,153.29,,Tx301184,C5,Liam,Afternoon,Sunday,919.74
2024-07-03,10:37,S1,Store A,Desk,4,130.3,,Tx301185,C4,Liam,Morning,Wednesday,521.2
2024-05-07,18:01,S5,Store C,Chair,8,263.16,,Tx301186,C5,Liam,Evening,Tuesday,2105.28
2025-04-05,17:16,S9,Store A,Printer,8,254.66,,Tx301187,C4,Olivia,Evening,Saturday,2037.28
2024-06-29,14:48,S6,Store A,Desk,5,32.6,,Tx301188,C4,Liam,Afternoon,Saturday,163.0
2023-03-20,15:47,S6,Store C,Laptop,7,28.32,,Tx301189,C5,Olivia,Afternoon,Monday,198.24
2025-05-03,10:10,S3,Store A,Phone,3,188.67,,Tx301190,C1,Liam,Morning,Saturday,566.01
2023-08-12,15:35,S1,Store C,Monitor,5,123.41,,Tx301191,C2,Olivia,Afternoon,Saturday,617.05
2025-04-07,11:39,S5,Store A,Printer,4,296.67,,Tx301192,C5,Mia,Morning,Monday,1186.68
2024-10-24,13:02,S9,Store D,Chair,8,205.08,,Tx301193,C4,Olivia,Afternoon,Thursday,1640.64
2024-07-15,11:45,S3,Store A,Laptop,1,61.21,,Tx301194,C5,Liam,Morning,Monday,61.21
2024-05-28,16:31,S5,Store C,Monitor,8,160.45,,Tx301195,C5,Olivia,Afternoon,Tuesday,1283.6
2024-04-30,10:20,S1,Store B,Chair,6,339.61,,Tx301196,C1,Liam,Morning,Tuesday,2037.66
2024-10-06,11:21,S1,Store A,Tablet,7,136.57,,Tx301197,C3,Mia,Morning,Sunday,955.99
2024-06-20,12:52,S3,Store C,Desk,5,117.18,,Tx301198,C3,Olivia,Afternoon,Thursday,585.9000000000001
2023-12-09,15:27,S4,Store B,Desk,7,310.19,,Tx301199,C2,Mia,Afternoon,Saturday,2171.33
2024-10-25,20:00,S7,Store A,Phone,5,143.27,,Tx301200,C4,Olivia,Evening,Friday,716.35
2025-04-01,10:47,S1,Store D,Phone,5,205.46,,Tx301201,C3,Liam,Morning,Tuesday,1027.3
2023-12-13,14:51,S1,Store B,Desk,8,269.41,,Tx301202,C2,Noah,Afternoon,Wednesday,2155.28
2024-08-19,21:11,S4,Store A,Tablet,9,22.41,,Tx301203,C5,Noah,Evening,Monday,201.69
2025-03-06,18:02,S6,Store C,Printer,8,189.34,,Tx301204,C4,Mia,Evening,Thursday,1514.72
2023-09-07,17:37,S1,Store B,Laptop,8,125.02,,Tx301205,C4,Liam,Evening,Thursday,1000.16
2024-09-10,16:01,S10,Store C,Phone,10,116.36,,Tx301206,C1,Olivia,Afternoon,Tuesday,1163.6
2023-08-25,15:10,S4,Store A,Phone,3,122.4,,Tx301207,C4,Liam,Afternoon,Friday,367.2
2025-01-29,13:22,S4,Store C,Desk,4,143.65,,Tx301208,C4,Noah,Afternoon,Wednesday,574.6
2024-06-12,21:28,S5,Store A,Phone,7,270.53,,Tx301209,C1,Mia,Evening,Wednesday,1893.71
2023-03-04,18:13,S3,Store A,Monitor,1,322.36,,Tx301210,C1,Noah,Evening,Saturday,322.36
2024-01-08,20:19,S10,Store A,Phone,7,155.29,,Tx301211,C2,Olivia,Evening,Monday,1087.03
2024-02-17,13:22,S9,Store C,Printer,6,56.79,,Tx301212,C3,Liam,Afternoon,Saturday,340.74
2023-02-05,18:32,S8,Store C,Tablet,8,263.28,,Tx301213,C3,Olivia,Evening,Sunday,2106.24
2024-03-04,13:03,S3,Store C,Chair,7,55.57,,Tx301214,C5,Mia,Afternoon,Monday,388.99
2023-05-25,12:04,S9,Store A,Desk,2,30.24,,Tx301215,C2,Mia,Afternoon,Thursday,60.48
2025-02-06,13:54,S6,Store D,Laptop,2,346.3,,Tx301216,C1,Olivia,Afternoon,Thursday,692.6
2023-06-22,21:36,S7,Store C,Phone,10,262.02,,Tx301217,C1,Mia,Evening,Thursday,2620.2
2025-04-20,19:42,S1,Store C,Monitor,9,311.86,,Tx301218,C5,Mia,Evening,Sunday,2806.74
2025-06-27,13:54,S6,Store C,Printer,4,85.86,,Tx301219,C4,Noah,Afternoon,Friday,343.44
2024-12-28,19:09,S5,Store B,Laptop,2,355.75,,Tx301220,C1,Mia,Evening,Saturday,711.5
2025-04-04,19:50,S5,Store B,Monitor,6,76.48,,Tx301221,C5,Liam,Evening,Friday,458.88
2023-07-17,14:18,S8,Store B,Printer,10,117.78,,Tx301222,C2,Olivia,Afternoon,Monday,1177.8
2025-03-14,9:31,S1,Store B,Printer,6,274.1,,Tx301223,C2,Mia,Morning,Friday,1644.6
2023-12-31,20:16,S6,Store B,Phone,3,138.16,,Tx301224,C5,Noah,Evening,Sunday,414.48
2023-12-15,19:01,S2,Store C,Phone,7,168.85,,Tx301225,C5,Mia,Evening,Friday,1181.95
2025-06-23,13:11,S2,Store C,Tablet,6,226.46,,Tx301226,C4,Mia,Afternoon,Monday,1358.76
2023-09-21,15:38,S9,Store D,Laptop,2,44.04,,Tx301227,C3,Olivia,Afternoon,Thursday,88.08
2023-01-10,9:37,S9,Store D,Laptop,10,132.39,,Tx301228,C2,Noah,Morning,Tuesday,1323.9
2023-10-15,16:45,S5,Store D,Laptop,10,82.02,,Tx301229,C4,Olivia,Afternoon,Sunday,820.1999999999999
2025-01-23,21:23,S8,Store B,Tablet,1,252.48,,Tx301230,C4,Liam,Evening,Thursday,252.48
2023-01-07,21:21,S5,Store B,Printer,4,311.86,,Tx301231,C4,Noah,Evening,Saturday,1247.44
2024-06-28,17:16,S2,Store A,Laptop,7,125.94,,Tx301232,C4,Olivia,Evening,Friday,881.5799999999999
2023-01-21,17:28,S6,Store A,Tablet,9,137.04,,Tx301233,C1,Noah,Evening,Saturday,1233.36
2023-08-26,13:20,S3,Store C,Monitor,2,219.9,,Tx301234,C1,Noah,Afternoon,Saturday,439.8
2023-03-22,15:54,S9,Store C,Monitor,7,125.84,,Tx301235,C2,Mia,Afternoon,Wednesday,880.88
2023-04-22,21:51,S6,Store B,Monitor,8,351.63,,Tx301236,C1,Noah,Evening,Saturday,2813.04
2025-06-17,19:46,S10,Store B,Chair,2,103.88,,Tx301237,C3,Liam,Evening,Tuesday,207.76
2024-04-19,12:38,S9,Store A,Monitor,2,291.48,,Tx301238,C3,Olivia,Afternoon,Friday,582.96
2023-03-15,14:41,S6,Store D,Desk,6,9.48,,Tx301239,C2,Noah,Afternoon,Wednesday,56.88
2025-01-08,17:58,S5,Store A,Desk,9,255.96,,Tx301240,C2,Mia,Evening,Wednesday,2303.64
2024-01-09,18:20,S7,Store D,Printer,9,370.31,,Tx301241,C5,Noah,Evening,Tuesday,3332.79
2024-06-18,14:44,S4,Store C,Monitor,7,97.86,,Tx301242,C4,Noah,Afternoon,Tuesday,685.02
2024-01-03,20:16,S3,Store D,Laptop,9,247.25,,Tx301243,C1,Olivia,Evening,Wednesday,2225.25
2024-04-06,18:50,S9,Store B,Printer,2,215.61,,Tx301244,C4,Mia,Evening,Saturday,431.22
2023-03-24,17:55,S5,Store D,Chair,5,64.05,,Tx301245,C1,Liam,Evening,Friday,320.25
2025-06-13,20:46,S8,Store B,Monitor,9,25.13,,Tx301246,C3,Noah,Evening,Friday,226.17
2024-02-17,10:33,S5,Store A,Laptop,3,62.74,,Tx301247,C3,Mia,Morning,Saturday,188.22
2023-04-28,15:19,S10,Store C,Tablet,7,152.62,,Tx301248,C1,Mia,Afternoon,Friday,1068.34
2023-09-03,9:10,S3,Store B,Desk,4,96.21,,Tx301249,C5,Mia,Morning,Sunday,384.84
2023-10-17,12:14,S7,Store C,Printer,6,34.02,,Tx301250,C5,Liam,Afternoon,Tuesday,204.12
2023-06-29,11:05,S1,Store B,Monitor,3,372.33,,Tx301251,C3,Liam,Morning,Thursday,1116.99
2023-04-19,11:27,S3,Store D,Monitor,7,291.13,,Tx301252,C4,Olivia,Morning,Wednesday,2037.91
2024-04-16,16:09,S1,Store A,Laptop,6,370.61,,Tx301253,C4,Liam,Afternoon,Tuesday,2223.66
2024-07-09,10:45,S7,Store D,Phone,7,73.0,,Tx301254,C5,Mia,Morning,Tuesday,511.0
2025-05-14,12:28,S8,Store B,Printer,4,95.77,,Tx301255,C3,Noah,Afternoon,Wednesday,383.08
2024-11-27,19:00,S7,Store A,Chair,8,142.71,,Tx301256,C4,Noah,Evening,Wednesday,1141.68
2025-01-10,17:13,S10,Store A,Laptop,4,258.23,,Tx301257,C3,Noah,Evening,Friday,1032.92
2023-06-01,18:10,S5,Store B,Printer,10,10.26,,Tx301258,C5,Liam,Evening,Thursday,102.6
2023-04-06,13:48,S3,Store B,Chair,6,186.47,,Tx301259,C2,Mia,Afternoon,Thursday,1118.82
2023-11-20,18:09,S7,Store D,Tablet,5,366.33,,Tx301260,C4,Olivia,Evening,Monday,1831.65
2024-04-19,21:49,S1,Store C,Tablet,1,140.06,,Tx301261,C3,Olivia,Evening,Friday,140.06
2023-06-26,16:31,S9,Store D,Phone,5,214.22,,Tx301262,C2,Liam,Afternoon,Monday,1071.1
2024-03-08,14:46,S1,Store B,Laptop,5,99.54,,Tx301263,C3,Olivia,Afternoon,Friday,497.7
2023-12-03,9:30,S5,Store C,Laptop,8,258.17,,Tx301264,C1,Olivia,Morning,Sunday,2065.36
2024-04-28,17:38,S9,Store D,Tablet,8,269.15,,Tx301265,C5,Noah,Evening,Sunday,2153.2
2023-07-20,9:20,S6,Store B,Tablet,6,206.93,,Tx301266,C5,Noah,Morning,Thursday,1241.58
2023-02-28,13:57,S8,Store C,Chair,4,380.5,,Tx301267,C3,Olivia,Afternoon,Tuesday,1522.0
2023-04-26,20:13,S1,Store D,Desk,1,170.79,,Tx301268,C2,Noah,Evening,Wednesday,170.79
2023-02-14,16:36,S6,Store D,Tablet,8,263.04,,Tx301269,C2,Mia,Afternoon,Tuesday,2104.32
2023-08-12,12:52,S8,Store D,Chair,8,228.64,,Tx301270,C2,Mia,Afternoon,Saturday,1829.12
2025-03-14,20:41,S8,Store D,Phone,9,356.43,,Tx301271,C4,Noah,Evening,Friday,3207.87
2023-01-02,12:12,S5,Store C,Printer,8,279.96,,Tx301272,C4,Noah,Afternoon,Monday,2239.68
2023-05-26,11:19,S10,Store B,Desk,9,49.73,,Tx301273,C5,Olivia,Morning,Friday,447.57
2025-02-22,15:41,S5,Store D,Tablet,3,372.86,,Tx301274,C4,Noah,Afternoon,Saturday,1118.58
2024-07-16,17:29,S3,Store A,Monitor,3,183.66,,Tx301275,C1,Noah,Evening,Tuesday,550.98
2025-03-11,19:48,S4,Store D,Printer,6,119.43,,Tx301276,C4,Mia,Evening,Tuesday,716.58
2025-03-23,11:13,S8,Store A,Desk,6,282.93,,Tx301277,C2,Liam,Morning,Sunday,1697.58
2023-02-14,9:54,S2,Store A,Tablet,9,246.69,,Tx301278,C4,Olivia,Morning,Tuesday,2220.21
2024-07-02,9:14,S10,Store C,Tablet,7,269.45,,Tx301279,C2,Olivia,Morning,Tuesday,1886.15
2023-10-29,18:34,S10,Store D,Printer,6,346.0,,Tx301280,C4,Olivia,Evening,Sunday,2076.0
2023-02-10,11:44,S3,Store D,Desk,8,272.6,,Tx301281,C1,Noah,Morning,Friday,2180.8
2023-08-14,16:45,S3,Store B,Printer,9,17.85,,Tx301282,C3,Liam,Afternoon,Monday,160.65
2023-06-21,10:20,S4,Store C,Tablet,10,368.15,,Tx301283,C5,Mia,Morning,Wednesday,3681.5
2024-02-27,13:16,S8,Store A,Chair,7,253.26,,Tx301284,C5,Liam,Afternoon,Tuesday,1772.82
2024-05-20,20:53,S4,Store D,Chair,1,109.97,,Tx301285,C3,Liam,Evening,Monday,109.97
2024-10-07,15:16,S7,Store A,Phone,9,94.96,,Tx301286,C2,Mia,Afternoon,Monday,854.64
2023-05-11,20:09,S9,Store A,Tablet,8,267.13,,Tx301287,C1,Mia,Evening,Thursday,2137.04
2023-06-18,10:11,S7,Store D,Chair,2,393.8,,Tx301288,C5,Mia,Morning,Sunday,787.6
2023-03-04,12:24,S6,Store A,Chair,9,175.22,,Tx301289,C3,Olivia,Afternoon,Saturday,1576.98
2025-05-12,13:09,S10,Store C,Printer,3,104.72,,Tx301290,C3,Mia,Afternoon,Monday,314.16
2024-07-07,15:22,S6,Store D,Laptop,1,231.89,,Tx301291,C2,Mia,Afternoon,Sunday,231.89
2023-10-16,15:40,S10,Store B,Laptop,3,140.36,,Tx301292,C2,Olivia,Afternoon,Monday,421.08
2023-06-09,16:32,S7,Store A,Chair,6,206.9,,Tx301293,C5,Mia,Afternoon,Friday,1241.4
2023-04-08,12:07,S10,Store B,Monitor,8,227.59,,Tx301294,C3,Olivia,Afternoon,Saturday,1820.72
2024-04-12,16:37,S1,Store A,Tablet,7,34.52,,Tx301295,C1,Liam,Afternoon,Friday,241.64
2024-12-28,21:56,S4,Store C,Laptop,3,15.01,,Tx301296,C3,Noah,Evening,Saturday,45.03
2023-05-24,21:43,S10,Store A,Laptop,4,149.8,,Tx301297,C2,Noah,Evening,Wednesday,599.2
2024-10-29,13:30,S6,Store A,Tablet,10,69.23,,Tx301298,C5,Mia,Afternoon,Tuesday,692.3000000000001
2023-02-04,16:07,S5,Store D,Monitor,5,264.75,,Tx301299,C5,Liam,Afternoon,Saturday,1323.75
2025-02-26,17:27,S10,Store B,Chair,8,8.98,,Tx301300,C3,Noah,Evening,Wednesday,71.84
2025-05-22,21:56,S9,Store B,Monitor,10,116.92,,Tx301301,C4,Noah,Evening,Thursday,1169.2
2024-11-10,20:26,S1,Store A,Monitor,8,286.52,,Tx301302,C2,Mia,Evening,Sunday,2292.16
2025-02-28,16:36,S5,Store C,Tablet,10,272.01,,Tx301303,C5,Olivia,Afternoon,Friday,2720.1
2023-08-11,13:00,S8,Store D,Chair,4,382.19,,Tx301304,C4,Olivia,Afternoon,Friday,1528.76
2024-07-16,15:41,S5,Store D,Phone,4,374.29,,Tx301305,C1,Mia,Afternoon,Tuesday,1497.16
2023-12-07,19:18,S3,Store D,Monitor,8,148.34,,Tx301306,C4,Liam,Evening,Thursday,1186.72
2024-05-30,21:48,S5,Store B,Tablet,7,197.82,,Tx301307,C5,Mia,Evening,Thursday,1384.74
2025-03-24,9:32,S3,Store C,Printer,2,309.61,,Tx301308,C3,Mia,Morning,Monday,619.22
2024-01-25,11:18,S3,Store C,Chair,5,195.89,,Tx301309,C2,Olivia,Morning,Thursday,979.4499999999999
2024-04-26,16:36,S9,Store B,Tablet,3,10.99,,Tx301310,C5,Mia,Afternoon,Friday,32.97
2023-02-07,18:36,S2,Store B,Desk,7,253.16,,Tx301311,C4,Olivia,Evening,Tuesday,1772.12
2024-10-19,13:55,S4,Store A,Tablet,3,76.47,,Tx301312,C4,Mia,Afternoon,Saturday,229.41
2025-02-04,16:04,S4,Store B,Laptop,1,11.77,,Tx301313,C2,Noah,Afternoon,Tuesday,11.77
2025-01-02,15:57,S9,Store C,Laptop,6,223.9,,Tx301314,C2,Liam,Afternoon,Thursday,1343.4
2023-10-22,17:56,S10,Store B,Laptop,4,249.73,,Tx301315,C4,Mia,Evening,Sunday,998.92
2024-11-19,13:37,S1,Store B,Printer,4,121.41,,Tx301316,C1,Liam,Afternoon,Tuesday,485.64
2025-04-02,12:50,S7,Store B,Laptop,9,299.02,,Tx301317,C5,Liam,Afternoon,Wednesday,2691.18
2024-08-07,16:46,S8,Store B,Tablet,1,99.54,,Tx301318,C5,Olivia,Afternoon,Wednesday,99.54
2023-06-28,16:28,S9,Store B,Tablet,2,73.85,,Tx301319,C3,Noah,Afternoon,Wednesday,147.7
2023-09-14,18:00,S3,Store A,Printer,9,378.41,,Tx301320,C2,Liam,Evening,Thursday,3405.69
2024-01-27,18:34,S7,Store B,Monitor,9,73.88,,Tx301321,C3,Olivia,Evening,Saturday,664.92
2023-06-06,21:33,S2,Store C,Monitor,5,168.94,,Tx301322,C4,Noah,Evening,Tuesday,844.7
2023-05-02,18:11,S1,Store C,Tablet,2,368.37,,Tx301323,C4,Liam,Evening,Tuesday,736.74
2023-07-28,12:12,S8,Store B,Phone,1,388.73,,Tx301324,C1,Olivia,Afternoon,Friday,388.73
2024-07-26,20:15,S5,Store C,Phone,5,393.72,,Tx301325,C1,Olivia,Evening,Friday,1968.6
2024-11-22,11:01,S1,Store D,Laptop,10,10.58,,Tx301326,C1,Mia,Morning,Friday,105.8
2023-12-20,11:38,S1,Store A,Monitor,6,344.74,,Tx301327,C2,Mia,Morning,Wednesday,2068.44
2024-08-16,12:11,S6,Store C,Laptop,6,64.1,,Tx301328,C4,Olivia,Afternoon,Friday,384.6
2024-02-07,9:08,S5,Store D,Laptop,5,203.39,,Tx301329,C2,Mia,Morning,Wednesday,1016.95
2024-09-30,16:23,S7,Store C,Printer,3,175.8,,Tx301330,C3,Noah,Afternoon,Monday,527.4000000000001
2025-02-06,14:55,S8,Store A,Printer,5,343.61,,Tx301331,C2,Mia,Afternoon,Thursday,1718.05
2024-07-03,11:36,S3,Store B,Tablet,5,364.79,,Tx301332,C1,Liam,Morning,Wednesday,1823.95
2025-01-18,11:02,S3,Store B,Printer,9,92.12,,Tx301333,C5,Liam,Morning,Saturday,829.08
2025-04-14,13:15,S9,Store C,Chair,4,129.89,,Tx301334,C2,Olivia,Afternoon,Monday,519.56
2024-05-15,11:40,S8,Store B,Tablet,4,354.63,,Tx301335,C4,Mia,Morning,Wednesday,1418.52
2024-03-05,15:20,S5,Store C,Phone,4,115.36,,Tx301336,C3,Olivia,Afternoon,Tuesday,461.44
2025-04-01,13:08,S2,Store A,Chair,5,20.36,,Tx301337,C4,Olivia,Afternoon,Tuesday,101.8
2023-05-09,15:25,S7,Store B,Printer,2,89.15,,Tx301338,C2,Mia,Afternoon,Tuesday,178.3
2025-06-17,18:13,S3,Store C,Laptop,10,326.45,,Tx301339,C5,Noah,Evening,Tuesday,3264.5
2023-07-08,10:00,S4,Store D,Tablet,9,224.31,,Tx301340,C4,Olivia,Morning,Saturday,2018.79
2023-05-07,21:52,S9,Store C,Desk,1,221.96,,Tx301341,C3,Noah,Evening,Sunday,221.96
2023-08-24,17:09,S3,Store A,Tablet,3,376.76,,Tx301342,C5,Olivia,Evening,Thursday,1130.28
2024-11-21,9:38,S4,Store D,Chair,8,152.29,,Tx301343,C4,Mia,Morning,Thursday,1218.32
2023-09-24,15:05,S2,Store D,Desk,2,98.37,,Tx301344,C2,Mia,Afternoon,Sunday,196.74
2023-01-19,16:34,S7,Store B,Desk,10,262.33,,Tx301345,C5,Liam,Afternoon,Thursday,2623.3
2025-02-23,19:10,S6,Store C,Tablet,10,207.55,,Tx301346,C5,Liam,Evening,Sunday,2075.5
2025-02-26,16:19,S7,Store A,Monitor,1,67.34,,Tx301347,C5,Mia,Afternoon,Wednesday,67.34
2025-03-17,19:42,S5,Store A,Printer,3,346.35,,Tx301348,C2,Noah,Evening,Monday,1039.05
2024-09-26,19:56,S9,Store B,Phone,1,124.46,,Tx301349,C4,Olivia,Evening,Thursday,124.46
2024-10-08,9:27,S10,Store A,Desk,2,298.99,,Tx301350,C4,Noah,Morning,Tuesday,597.98
2024-07-15,10:24,S2,Store B,Monitor,1,318.83,,Tx301351,C1,Noah,Morning,Monday,318.83
2024-01-22,19:01,S7,Store C,Laptop,4,107.64,,Tx301352,C3,Liam,Evening,Monday,430.56
2024-12-03,14:11,S2,Store B,Phone,5,96.13,,Tx301353,C4,Noah,Afternoon,Tuesday,480.65
2024-09-24,12:55,S3,Store A,Printer,3,377.63,,Tx301354,C3,Olivia,Afternoon,Tuesday,1132.89
2025-02-04,21:26,S7,Store A,Tablet,6,115.95,,Tx301355,C4,Mia,Evening,Tuesday,695.7
2025-06-21,21:50,S8,Store A,Phone,8,80.38,,Tx301356,C5,Olivia,Evening,Saturday,643.04
2023-05-04,13:32,S7,Store D,Monitor,9,387.83,,Tx301357,C3,Noah,Afternoon,Thursday,3490.47
2025-03-15,14:06,S6,Store B,Tablet,8,142.2,,Tx301358,C1,Noah,Afternoon,Saturday,1137.6
2024-06-02,15:36,S9,Store B,Monitor,8,221.86,,Tx301359,C5,Noah,Afternoon,Sunday,1774.88
2024-11-25,10:50,S3,Store B,Phone,3,331.95,,Tx301360,C1,Olivia,Morning,Monday,995.8499999999999
2024-06-15,21:04,S2,Store C,Phone,10,109.91,,Tx301361,C4,Mia,Evening,Saturday,1099.1
2023-04-14,18:35,S5,Store B,Monitor,5,386.16,,Tx301362,C4,Noah,Evening,Friday,1930.8
2023-09-12,12:15,S6,Store A,Chair,6,202.43,,Tx301363,C5,Noah,Afternoon,Tuesday,1214.58
2023-03-24,9:44,S9,Store A,Phone,5,249.96,,Tx301364,C3,Olivia,Morning,Friday,1249.8
2024-03-30,14:17,S6,Store B,Chair,8,22.18,,Tx301365,C4,Olivia,Afternoon,Saturday,177.44
2023-03-21,11:56,S5,Store D,Laptop,5,398.19,,Tx301366,C4,Liam,Morning,Tuesday,1990.95
2025-04-13,19:58,S8,Store C,Monitor,7,61.81,,Tx301367,C1,Olivia,Evening,Sunday,432.67
2024-03-03,21:44,S3,Store D,Chair,6,120.36,,Tx301368,C2,Mia,Evening,Sunday,722.16
2024-11-18,14:26,S9,Store B,Monitor,1,371.02,,Tx301369,C1,Olivia,Afternoon,Monday,371.02
2023-04-03,14:54,S7,Store A,Tablet,9,67.98,,Tx301370,C4,Liam,Afternoon,Monday,611.82
2023-10-29,10:46,S3,Store D,Monitor,7,194.84,,Tx301371,C3,Mia,Morning,Sunday,1363.88
2024-09-08,10:52,S7,Store A,Chair,2,301.23,,Tx301372,C1,Liam,Morning,Sunday,602.46
2025-05-12,9:29,S9,Store C,Chair,6,284.08,,Tx301373,C5,Mia,Morning,Monday,1704.48
2023-11-22,17:17,S5,Store B,Laptop,4,220.45,,Tx301374,C5,Olivia,Evening,Wednesday,881.8
2025-02-22,14:11,S10,Store A,Desk,5,254.06,,Tx301375,C3,Olivia,Afternoon,Saturday,1270.3
2023-12-20,13:23,S7,Store B,Printer,6,194.11,,Tx301376,C4,Liam,Afternoon,Wednesday,1164.66
2023-04-14,19:01,S7,Store B,Monitor,4,324.28,,Tx301377,C5,Olivia,Evening,Friday,1297.12
2023-11-22,20:27,S1,Store A,Monitor,1,390.76,,Tx301378,C5,Mia,Evening,Wednesday,390.76
2024-02-16,17:18,S10,Store D,Printer,3,24.64,,Tx301379,C3,Noah,Evening,Friday,73.92
2025-06-05,20:48,S2,Store D,Printer,1,263.09,,Tx301380,C5,Olivia,Evening,Thursday,263.09
2023-01-02,18:03,S6,Store B,Printer,6,345.68,,Tx301381,C1,Olivia,Evening,Monday,2074.08
2023-11-05,15:50,S10,Store B,Desk,1,197.46,,Tx301382,C5,Mia,Afternoon,Sunday,197.46
2024-04-17,17:54,S9,Store A,Printer,7,285.29,,Tx301383,C4,Olivia,Evening,Wednesday,1997.03
2023-04-07,19:41,S5,Store D,Phone,9,265.26,,Tx301384,C5,Mia,Evening,Friday,2387.34
2023-02-14,21:45,S4,Store C,Laptop,9,86.8,,Tx301385,C3,Noah,Evening,Tuesday,781.1999999999999
2024-03-04,11:39,S6,Store D,Phone,5,128.22,,Tx301386,C1,Liam,Morning,Monday,641.1
2025-01-22,14:13,S3,Store D,Phone,4,217.45,,Tx301387,C3,Liam,Afternoon,Wednesday,869.8
2023-02-23,19:59,S2,Store A,Desk,2,27.39,,Tx301388,C2,Olivia,Evening,Thursday,54.78
2023-03-02,18:05,S3,Store A,Laptop,7,293.82,,Tx301389,C1,Liam,Evening,Thursday,2056.74
2023-12-25,16:08,S6,Store A,Monitor,4,310.24,,Tx301390,C4,Olivia,Afternoon,Monday,1240.96
2025-03-10,16:10,S3,Store D,Printer,8,339.18,,Tx301391,C4,Liam,Afternoon,Monday,2713.44
2023-11-16,17:34,S1,Store B,Printer,8,118.09,,Tx301392,C3,Olivia,Evening,Thursday,944.72
2024-08-25,14:03,S2,Store B,Tablet,8,138.79,,Tx301393,C2,Liam,Afternoon,Sunday,1110.32
2023-12-01,19:20,S3,Store A,Printer,8,264.55,,Tx301394,C3,Mia,Evening,Friday,2116.4
2025-05-12,13:14,S7,Store D,Desk,3,396.2,,Tx301395,C5,Noah,Afternoon,Monday,1188.6
2025-02-06,18:17,S4,Store A,Tablet,4,22.53,,Tx301396,C5,Noah,Evening,Thursday,90.12
2024-06-23,20:50,S1,Store B,Phone,8,343.26,,Tx301397,C5,Olivia,Evening,Sunday,2746.08
2024-09-09,16:29,S7,Store C,Laptop,10,6.88,,Tx301398,C5,Olivia,Afternoon,Monday,68.8
2023-10-29,9:34,S8,Store B,Phone,4,361.29,,Tx301399,C5,Olivia,Morning,Sunday,1445.16
2024-09-07,20:49,S8,Store C,Phone,8,21.46,,Tx301400,C5,Olivia,Evening,Saturday,171.68
2023-09-12,10:22,S6,Store B,Tablet,1,14.39,,Tx301401,C2,Mia,Morning,Tuesday,14.39
2024-05-30,21:01,S10,Store D,Tablet,8,213.66,,Tx301402,C5,Liam,Evening,Thursday,1709.28
2025-04-16,20:13,S8,Store C,Tablet,9,148.82,,Tx301403,C4,Mia,Evening,Wednesday,1339.38
2023-01-04,20:02,S2,Store D,Phone,2,222.24,,Tx301404,C3,Olivia,Evening,Wednesday,444.48
2023-04-06,17:42,S8,Store B,Tablet,1,126.75,,Tx301405,C1,Mia,Evening,Thursday,126.75
2023-01-12,17:37,S8,Store D,Desk,10,5.01,,Tx301406,C1,Olivia,Evening,Thursday,50.09999999999999
2024-08-15,10:40,S2,Store B,Printer,7,21.35,,Tx301407,C3,Liam,Morning,Thursday,149.45
2025-02-09,15:07,S8,Store C,Monitor,4,35.97,,Tx301408,C4,Mia,Afternoon,Sunday,143.88
2024-03-29,18:16,S4,Store B,Chair,7,88.35,,Tx301409,C5,Noah,Evening,Friday,618.4499999999999
2024-08-08,11:03,S7,Store B,Tablet,10,65.43,,Tx301410,C1,Noah,Morning,Thursday,654.3000000000001
2023-04-16,12:19,S5,Store D,Monitor,10,111.29,,Tx301411,C4,Noah,Afternoon,Sunday,1112.9
2023-03-05,12:31,S8,Store B,Monitor,4,61.35,,Tx301412,C5,Olivia,Afternoon,Sunday,245.4
2023-09-24,14:13,S9,Store C,Tablet,9,62.14,,Tx301413,C1,Liam,Afternoon,Sunday,559.26
2023-09-07,17:40,S10,Store A,Tablet,8,259.17,,Tx301414,C2,Olivia,Evening,Thursday,2073.36
2023-03-27,21:47,S10,Store D,Laptop,10,78.33,,Tx301415,C2,Noah,Evening,Monday,783.3
2024-11-02,21:50,S9,Store C,Printer,6,374.8,,Tx301416,C5,Liam,Evening,Saturday,2248.8
2025-03-09,21:43,S5,Store C,Chair,4,30.68,,Tx301417,C2,Mia,Evening,Sunday,122.72
2023-11-14,11:32,S2,Store A,Phone,10,324.62,,Tx301418,C5,Olivia,Morning,Tuesday,3246.2
2023-10-10,19:11,S6,Store D,Phone,2,259.89,,Tx301419,C2,Mia,Evening,Tuesday,519.78
2025-03-09,9:07,S5,Store B,Monitor,3,51.13,,Tx301420,C1,Noah,Morning,Sunday,153.39
2025-03-17,12:39,S5,Store D,Laptop,10,138.8,,Tx301421,C3,Liam,Afternoon,Monday,1388.0
2023-09-28,13:45,S10,Store D,Printer,7,94.41,,Tx301422,C5,Mia,Afternoon,Thursday,660.87
2023-08-23,10:46,S4,Store A,Desk,8,284.04,,Tx301423,C4,Liam,Morning,Wednesday,2272.32
2024-09-22,17:02,S2,Store D,Laptop,1,397.79,,Tx301424,C4,Olivia,Evening,Sunday,397.79
2023-07-22,13:22,S4,Store B,Tablet,5,255.76,,Tx301425,C1,Noah,Afternoon,Saturday,1278.8
2023-03-12,20:37,S5,Store D,Desk,9,106.58,,Tx301426,C3,Mia,Evening,Sunday,959.22
2023-07-14,12:03,S10,Store D,Printer,3,19.16,,Tx301427,C2,Noah,Afternoon,Friday,57.48
2023-12-18,16:19,S1,Store A,Desk,4,58.36,,Tx301428,C3,Mia,Afternoon,Monday,233.44
2023-02-19,16:03,S2,Store C,Phone,6,59.09,,Tx301429,C2,Noah,Afternoon,Sunday,354.54
2023-01-30,9:19,S1,Store B,Desk,8,129.8,,Tx301430,C5,Olivia,Morning,Monday,1038.4
2024-04-08,19:28,S6,Store B,Tablet,6,368.76,,Tx301431,C2,Olivia,Evening,Monday,2212.56
2023-04-04,12:53,S6,Store A,Printer,6,372.35,,Tx301432,C3,Liam,Afternoon,Tuesday,2234.1
2023-01-27,12:20,S8,Store B,Laptop,7,205.34,,Tx301433,C5,Olivia,Afternoon,Friday,1437.38
2025-06-28,14:13,S6,Store B,Desk,2,360.62,,Tx301434,C5,Noah,Afternoon,Saturday,721.24
2024-11-15,20:26,S10,Store A,Printer,2,92.46,,Tx301435,C4,Liam,Evening,Friday,184.92
2025-01-01,12:29,S3,Store C,Desk,5,270.68,,Tx301436,C1,Noah,Afternoon,Wednesday,1353.4
2024-04-14,20:27,S2,Store C,Tablet,6,111.11,,Tx301437,C3,Mia,Evening,Sunday,666.66
2025-03-10,21:43,S9,Store C,Tablet,9,46.66,,Tx301438,C3,Liam,Evening,Monday,419.9399999999999
2024-12-01,20:17,S1,Store D,Laptop,2,264.18,,Tx301439,C5,Liam,Evening,Sunday,528.36
2023-04-10,17:04,S9,Store A,Monitor,3,245.07,,Tx301440,C5,Noah,Evening,Monday,735.21
2025-06-09,15:14,S7,Store D,Chair,10,186.28,,Tx301441,C5,Mia,Afternoon,Monday,1862.8
2025-03-12,20:19,S2,Store B,Desk,10,314.97,,Tx301442,C4,Liam,Evening,Wednesday,3149.7
2024-09-06,19:59,S3,Store D,Printer,2,241.93,,Tx301443,C1,Olivia,Evening,Friday,483.86
2024-08-10,10:47,S8,Store C,Printer,7,149.77,,Tx301444,C1,Liam,Morning,Saturday,1048.39
2024-01-07,14:58,S6,Store A,Monitor,5,353.76,,Tx301445,C4,Noah,Afternoon,Sunday,1768.8
2023-05-25,14:31,S3,Store A,Phone,3,74.84,,Tx301446,C4,Noah,Afternoon,Thursday,224.52
2023-12-09,11:44,S5,Store A,Phone,2,121.05,,Tx301447,C3,Mia,Morning,Saturday,242.1
2023-05-12,16:03,S9,Store D,Tablet,7,277.36,,Tx301448,C1,Liam,Afternoon,Friday,1941.52
2024-03-21,11:31,S4,Store B,Desk,9,330.57,,Tx301449,C5,Mia,Morning,Thursday,2975.13
2023-01-22,14:53,S1,Store A,Tablet,4,49.38,,Tx301450,C5,Olivia,Afternoon,Sunday,197.52
2023-07-21,19:06,S3,Store C,Laptop,6,200.88,,Tx301451,C1,Mia,Evening,Friday,1205.28
2024-12-21,12:08,S8,Store D,Chair,6,348.36,,Tx301452,C2,Liam,Afternoon,Saturday,2090.16
2023-04-08,11:56,S3,Store A,Laptop,3,335.86,,Tx301453,C2,Mia,Morning,Saturday,1007.58
2024-06-19,17:13,S10,Store C,Tablet,5,31.82,,Tx301454,C2,Mia,Evening,Wednesday,159.1
2023-05-10,14:15,S9,Store C,Monitor,9,104.52,,Tx301455,C1,Olivia,Afternoon,Wednesday,940.68
2023-06-11,21:27,S5,Store D,Printer,3,275.63,,Tx301456,C2,Noah,Evening,Sunday,826.89
2024-07-13,17:44,S5,Store A,Phone,6,296.97,,Tx301457,C4,Liam,Evening,Saturday,1781.82
2024-01-18,15:24,S9,Store A,Monitor,5,331.32,,Tx301458,C4,Mia,Afternoon,Thursday,1656.6
2023-10-06,18:58,S1,Store D,Printer,2,51.53,,Tx301459,C1,Olivia,Evening,Friday,103.06
2023-03-14,10:06,S3,Store C,Desk,2,271.74,,Tx301460,C1,Mia,Morning,Tuesday,543.48
2023-03-12,14:15,S8,Store A,Phone,2,293.07,,Tx301461,C3,Noah,Afternoon,Sunday,586.14
2023-10-01,15:59,S6,Store C,Printer,7,361.77,,Tx301462,C1,Mia,Afternoon,Sunday,2532.39
2023-12-07,16:51,S10,Store A,Tablet,6,272.26,,Tx301463,C2,Noah,Afternoon,Thursday,1633.56
2023-07-04,12:15,S8,Store C,Chair,6,104.02,,Tx301464,C1,Mia,Afternoon,Tuesday,624.12
2025-05-12,20:39,S3,Store B,Desk,5,357.77,,Tx301465,C1,Liam,Evening,Monday,1788.85
2024-06-02,19:00,S10,Store D,Monitor,3,362.96,,Tx301466,C4,Noah,Evening,Sunday,1088.88
2023-07-09,12:33,S1,Store A,Printer,3,20.37,,Tx301467,C2,Liam,Afternoon,Sunday,61.11
2024-07-11,18:35,S6,Store A,Desk,9,278.29,,Tx301468,C5,Noah,Evening,Thursday,2504.61
2023-04-27,11:35,S2,Store C,Phone,8,127.29,,Tx301469,C5,Liam,Morning,Thursday,1018.32
2023-12-26,9:39,S7,Store D,Phone,10,364.16,,Tx301470,C1,Mia,Morning,Tuesday,3641.6
2024-06-27,14:07,S1,Store B,Tablet,3,122.45,,Tx301471,C4,Noah,Afternoon,Thursday,367.35
2023-10-28,10:11,S4,Store D,Chair,10,221.44,,Tx301472,C2,Olivia,Morning,Saturday,2214.4
2023-01-18,10:27,S1,Store D,Desk,3,129.41,,Tx301473,C4,Olivia,Morning,Wednesday,388.23
2025-01-09,16:07,S6,Store B,Tablet,4,194.44,,Tx301474,C3,Liam,Afternoon,Thursday,777.76
2025-01-05,20:01,S10,Store B,Printer,10,7.42,,Tx301475,C4,Liam,Evening,Sunday,74.2
2023-09-10,12:20,S2,Store A,Phone,8,222.24,,Tx301476,C1,Liam,Afternoon,Sunday,1777.92
2023-01-19,19:22,S2,Store B,Printer,6,115.85,,Tx301477,C2,Liam,Evening,Thursday,695.0999999999999
2023-04-10,10:36,S6,Store A,Chair,2,45.59,,Tx301478,C5,Olivia,Morning,Monday,91.18
2024-10-19,15:18,S6,Store A,Laptop,10,284.88,,Tx301479,C5,Mia,Afternoon,Saturday,2848.8
2023-05-28,9:15,S8,Store C,Monitor,1,138.53,,Tx301480,C1,Mia,Morning,Sunday,138.53
2025-06-25,20:26,S5,Store B,Monitor,1,315.13,,Tx301481,C4,Mia,Evening,Wednesday,315.13
2024-03-24,18:23,S7,Store A,Tablet,10,100.85,,Tx301482,C3,Noah,Evening,Sunday,1008.5
2024-09-26,12:46,S5,Store C,Chair,10,253.03,,Tx301483,C5,Noah,Afternoon,Thursday,2530.3
2024-12-17,14:25,S4,Store C,Printer,7,305.53,,Tx301484,C4,Mia,Afternoon,Tuesday,2138.71
2024-05-29,13:18,S4,Store B,Tablet,8,226.38,,Tx301485,C3,Noah,Afternoon,Wednesday,1811.04
2023-07-06,13:28,S5,Store A,Monitor,5,159.03,,Tx301486,C2,Olivia,Afternoon,Thursday,795.15
2024-06-06,10:59,S3,Store B,Tablet,3,43.97,,Tx301487,C1,Mia,Morning,Thursday,131.91
2023-05-12,9:57,S6,Store C,Desk,9,209.42,,Tx301488,C3,Liam,Morning,Friday,1884.78
2024-05-25,17:47,S1,Store C,Chair,4,362.34,,Tx301489,C2,Noah,Evening,Saturday,1449.36
2024-08-12,10:20,S10,Store C,Tablet,5,285.76,,Tx301490,C3,Olivia,Morning,Monday,1428.8
2025-06-10,13:39,S2,Store A,Phone,6,72.54,,Tx301491,C1,Mia,Afternoon,Tuesday,435.24
2024-07-14,17:44,S4,Store B,Laptop,10,223.31,,Tx301492,C4,Olivia,Evening,Sunday,2233.1
2023-01-13,9:32,S4,Store B,Tablet,9,8.13,,Tx301493,C1,Liam,Morning,Friday,73.17
2025-06-30,10:03,S5,Store B,Laptop,8,139.06,,Tx301494,C5,Liam,Morning,Monday,1112.48
2025-05-18,15:21,S8,Store D,Phone,10,221.57,,Tx301495,C2,Mia,Afternoon,Sunday,2215.7
2023-12-12,16:20,S3,Store A,Printer,1,106.75,,Tx301496,C3,Noah,Afternoon,Tuesday,106.75
2023-04-11,20:26,S10,Store B,Tablet,9,176.65,,Tx301497,C1,Liam,Evening,Tuesday,1589.85
2023-06-19,20:13,S6,Store B,Printer,8,132.11,,Tx301498,C5,Noah,Evening,Monday,1056.88
2024-04-24,11:36,S1,Store D,Phone,3,377.38,,Tx301499,C3,Liam,Morning,Wednesday,1132.14
2023-01-18,10:03,S4,Store C,Desk,7,288.66,,Tx301500,C2,Mia,Morning,Wednesday,2020.62
2024-02-24,16:42,S10,Store B,Printer,5,157.3,,Tx301501,C2,Noah,Afternoon,Saturday,786.5
2024-07-27,13:33,S2,Store A,Printer,1,40.39,,Tx301502,C3,Liam,Afternoon,Saturday,40.39
2023-06-02,16:27,S6,Store A,Printer,2,58.06,,Tx301503,C1,Liam,Afternoon,Friday,116.12
2024-06-01,14:12,S3,Store C,Laptop,10,35.81,,Tx301504,C3,Olivia,Afternoon,Saturday,358.1
2024-08-31,13:01,S2,Store C,Phone,7,253.06,,Tx301505,C1,Mia,Afternoon,Saturday,1771.42
2025-04-17,11:09,S10,Store A,Tablet,3,91.79,,Tx301506,C5,Noah,Morning,Thursday,275.37
2024-01-08,18:10,S3,Store B,Phone,4,139.01,,Tx301507,C1,Liam,Evening,Monday,556.04
2024-05-11,10:05,S8,Store C,Phone,2,54.08,,Tx301508,C1,Olivia,Morning,Saturday,108.16
2024-03-14,15:43,S4,Store C,Chair,8,245.72,,Tx301509,C1,Olivia,Afternoon,Thursday,1965.76
2024-05-17,18:47,S3,Store D,Phone,2,89.38,,Tx301510,C1,Mia,Evening,Friday,178.76
2023-05-09,20:10,S3,Store A,Monitor,3,290.93,,Tx301511,C3,Noah,Evening,Tuesday,872.79
2024-01-14,18:42,S1,Store B,Laptop,2,302.06,,Tx301512,C3,Mia,Evening,Sunday,604.12
2024-01-15,15:05,S8,Store D,Monitor,5,154.45,,Tx301513,C5,Mia,Afternoon,Monday,772.25
2024-03-22,9:21,S5,Store C,Monitor,10,284.8,,Tx301514,C1,Noah,Morning,Friday,2848.0
2023-12-25,17:21,S6,Store C,Phone,2,383.87,,Tx301515,C2,Noah,Evening,Monday,767.74
2025-05-27,13:39,S1,Store D,Printer,9,45.51,,Tx301516,C1,Noah,Afternoon,Tuesday,409.59
2024-06-29,9:56,S8,Store B,Monitor,5,246.01,,Tx301517,C3,Liam,Morning,Saturday,1230.05
2024-02-20,10:11,S1,Store C,Laptop,2,255.54,,Tx301518,C4,Mia,Morning,Tuesday,511.08
2024-02-28,9:26,S3,Store D,Tablet,3,109.42,,Tx301519,C1,Noah,Morning,Wednesday,328.26
2025-01-01,12:37,S6,Store B,Laptop,4,342.03,,Tx301520,C5,Mia,Afternoon,Wednesday,1368.12
2023-02-22,16:47,S8,Store C,Monitor,4,255.43,,Tx301521,C5,Noah,Afternoon,Wednesday,1021.72
2023-10-07,13:57,S5,Store B,Monitor,10,228.02,,Tx301522,C1,Noah,Afternoon,Saturday,2280.2
2024-06-30,10:38,S4,Store A,Monitor,7,232.92,,Tx301523,C2,Liam,Morning,Sunday,1630.44
2025-05-30,17:32,S5,Store D,Printer,5,214.37,,Tx301524,C4,Noah,Evening,Friday,1071.85
2024-10-29,15:09,S5,Store B,Phone,1,130.45,,Tx301525,C4,Mia,Afternoon,Tuesday,130.45
2025-02-23,17:05,S3,Store B,Monitor,9,252.58,,Tx301526,C4,Liam,Evening,Sunday,2273.22
2024-05-08,15:09,S3,Store A,Chair,5,108.84,,Tx301527,C3,Noah,Afternoon,Wednesday,544.2
2024-03-27,10:04,S2,Store D,Printer,10,219.61,,Tx301528,C1,Liam,Morning,Wednesday,2196.1
2023-04-18,16:32,S10,Store D,Tablet,9,211.67,,Tx301529,C2,Olivia,Afternoon,Tuesday,1905.03
2024-01-16,14:32,S4,Store A,Printer,6,345.65,,Tx301530,C4,Liam,Afternoon,Tuesday,2073.9
2023-02-03,19:52,S8,Store B,Chair,8,337.73,,Tx301531,C5,Noah,Evening,Friday,2701.84
2023-02-11,12:27,S2,Store C,Chair,8,154.05,,Tx301532,C5,Noah,Afternoon,Saturday,1232.4
2024-02-19,19:29,S9,Store A,Monitor,5,146.28,,Tx301533,C2,Mia,Evening,Monday,731.4
2025-02-18,19:02,S2,Store A,Monitor,3,224.49,,Tx301534,C3,Mia,Evening,Tuesday,673.47
2023-04-29,15:45,S3,Store D,Printer,8,331.87,,Tx301535,C2,Olivia,Afternoon,Saturday,2654.96
2023-07-02,19:24,S4,Store C,Phone,2,242.0,,Tx301536,C4,Noah,Evening,Sunday,484.0
2024-09-19,12:48,S3,Store B,Monitor,4,364.69,,Tx301537,C4,Noah,Afternoon,Thursday,1458.76
2023-03-06,20:43,S3,Store B,Monitor,1,249.38,,Tx301538,C5,Olivia,Evening,Monday,249.38
2023-07-09,10:40,S5,Store A,Desk,6,274.34,,Tx301539,C2,Olivia,Morning,Sunday,1646.04
2024-12-02,13:06,S3,Store B,Monitor,4,131.52,,Tx301540,C3,Mia,Afternoon,Monday,526.08
2025-06-20,20:22,S5,Store D,Tablet,2,138.36,,Tx301541,C4,Mia,Evening,Friday,276.72
2024-02-18,10:13,S3,Store B,Printer,6,240.23,,Tx301542,C2,Mia,Morning,Sunday,1441.38
2023-08-04,14:53,S10,Store B,Desk,5,257.71,,Tx301543,C5,Mia,Afternoon,Friday,1288.55
2024-06-21,9:51,S5,Store B,Tablet,1,322.54,,Tx301544,C3,Liam,Morning,Friday,322.54
2023-03-19,9:09,S3,Store B,Printer,3,229.92,,Tx301545,C1,Noah,Morning,Sunday,689.76
2023-11-20,11:17,S2,Store A,Chair,6,395.79,,Tx301546,C3,Liam,Morning,Monday,2374.74
2024-01-01,14:59,S1,Store D,Chair,7,268.29,,Tx301547,C4,Mia,Afternoon,Monday,1878.03
2024-07-15,16:11,S7,Store C,Chair,7,346.83,,Tx301548,C5,Olivia,Afternoon,Monday,2427.81
2023-04-16,12:18,S3,Store A,Printer,2,325.91,,Tx301549,C1,Mia,Afternoon,Sunday,651.82
2025-01-10,17:27,S7,Store B,Chair,5,298.31,,Tx301550,C1,Noah,Evening,Friday,1491.55
2023-08-11,17:32,S3,Store D,Tablet,6,96.53,,Tx301551,C1,Mia,Evening,Friday,579.1800000000001
2023-05-28,16:24,S2,Store C,Phone,9,122.13,,Tx301552,C4,Mia,Afternoon,Sunday,1099.17
2025-04-02,9:59,S9,Store B,Monitor,10,200.72,,Tx301553,C4,Mia,Morning,Wednesday,2007.2
2023-01-13,16:20,S5,Store C,Chair,9,318.41,,Tx301554,C2,Mia,Afternoon,Friday,2865.69
2023-12-17,14:10,S1,Store A,Phone,5,373.5,,Tx301555,C3,Olivia,Afternoon,Sunday,1867.5
2024-04-30,14:56,S9,Store A,Tablet,7,395.92,,Tx301556,C5,Olivia,Afternoon,Tuesday,2771.44
2023-10-17,19:25,S9,Store C,Tablet,2,328.21,,Tx301557,C5,Olivia,Evening,Tuesday,656.42
2023-05-30,19:48,S3,Store D,Desk,3,258.19,,Tx301558,C4,Noah,Evening,Tuesday,774.5699999999999
2023-02-24,16:47,S7,Store A,Tablet,4,207.62,,Tx301559,C4,Olivia,Afternoon,Friday,830.48
2024-07-02,9:10,S5,Store C,Monitor,1,287.84,,Tx301560,C2,Noah,Morning,Tuesday,287.84
2023-01-24,9:14,S1,Store D,Chair,10,303.18,,Tx301561,C3,Olivia,Morning,Tuesday,3031.8
2023-11-02,10:13,S7,Store C,Laptop,8,170.21,,Tx301562,C5,Liam,Morning,Thursday,1361.68
2023-02-07,9:08,S10,Store C,Chair,9,302.06,,Tx301563,C2,Olivia,Morning,Tuesday,2718.54
2024-10-23,12:25,S1,Store B,Printer,10,68.48,,Tx301564,C5,Liam,Afternoon,Wednesday,684.8000000000001
2023-04-10,21:29,S10,Store B,Laptop,6,94.92,,Tx301565,C1,Olivia,Evening,Monday,569.52
2023-07-17,11:00,S5,Store C,Monitor,7,74.85,,Tx301566,C1,Noah,Morning,Monday,523.9499999999999
2024-06-10,16:20,S5,Store C,Desk,3,293.43,,Tx301567,C3,Olivia,Afternoon,Monday,880.29
2024-02-04,13:02,S10,Store A,Tablet,1,337.9,,Tx301568,C4,Olivia,Afternoon,Sunday,337.9
2023-11-23,12:57,S7,Store A,Phone,1,231.16,,Tx301569,C2,Liam,Afternoon,Thursday,231.16
2023-11-12,20:39,S4,Store B,Phone,2,17.67,,Tx301570,C3,Mia,Evening,Sunday,35.34
2025-04-28,17:42,S2,Store C,Laptop,6,92.43,,Tx301571,C1,Mia,Evening,Monday,554.58
2024-06-09,10:57,S6,Store A,Desk,2,39.52,,Tx301572,C3,Noah,Morning,Sunday,79.04
2024-06-25,16:34,S9,Store C,Chair,8,323.82,,Tx301573,C1,Olivia,Afternoon,Tuesday,2590.56
2023-07-24,9:30,S5,Store B,Monitor,10,257.51,,Tx301574,C3,Noah,Morning,Monday,2575.1
2025-01-17,17:14,S3,Store B,Tablet,10,292.85,,Tx301575,C4,Mia,Evening,Friday,2928.5
2024-05-12,18:23,S6,Store D,Laptop,4,313.24,,Tx301576,C3,Liam,Evening,Sunday,1252.96
2023-04-30,10:17,S6,Store B,Laptop,7,355.86,,Tx301577,C5,Noah,Morning,Sunday,2491.02
2024-12-09,13:47,S4,Store D,Tablet,7,25.03,,Tx301578,C5,Olivia,Afternoon,Monday,175.21
2025-06-27,10:19,S10,Store C,Tablet,2,52.08,,Tx301579,C5,Noah,Morning,Friday,104.16
2023-06-27,17:40,S6,Store D,Chair,4,249.64,,Tx301580,C1,Noah,Evening,Tuesday,998.56
2025-05-19,21:58,S10,Store A,Tablet,4,283.24,,Tx301581,C4,Noah,Evening,Monday,1132.96
2024-07-17,20:51,S2,Store D,Chair,8,122.72,,Tx301582,C4,Mia,Evening,Wednesday,981.76
2024-03-07,19:45,S10,Store A,Chair,1,318.78,,Tx301583,C4,Liam,Evening,Thursday,318.78
2023-02-09,18:22,S1,Store B,Chair,3,330.4,,Tx301584,C1,Mia,Evening,Thursday,991.1999999999999
2023-08-20,14:52,S6,Store C,Tablet,8,11.98,,Tx301585,C4,Liam,Afternoon,Sunday,95.84
2023-02-13,10:33,S10,Store D,Desk,1,71.12,,Tx301586,C1,Liam,Morning,Monday,71.12
2025-03-10,19:38,S7,Store C,Laptop,8,358.91,,Tx301587,C1,Noah,Evening,Monday,2871.28
2024-12-15,18:07,S4,Store A,Desk,7,41.86,,Tx301588,C2,Olivia,Evening,Sunday,293.02
2023-10-18,18:54,S2,Store A,Desk,6,303.95,,Tx301589,C2,Noah,Evening,Wednesday,1823.7
2025-06-02,13:15,S2,Store D,Laptop,10,380.28,,Tx301590,C3,Noah,Afternoon,Monday,3802.8
2024-05-03,17:39,S2,Store D,Phone,2,320.66,,Tx301591,C1,Liam,Evening,Friday,641.32
2023-04-06,21:21,S7,Store B,Chair,8,129.49,,Tx301592,C2,Liam,Evening,Thursday,1035.92
2024-06-03,15:35,S2,Store D,Printer,3,319.82,,Tx301593,C2,Mia,Afternoon,Monday,959.46
2024-11-01,9:11,S9,Store D,Tablet,3,374.41,,Tx301594,C1,Liam,Morning,Friday,1123.23
2023-11-26,11:06,S4,Store C,Monitor,10,343.66,,Tx301595,C3,Mia,Morning,Sunday,3436.6
2023-06-18,20:35,S8,Store A,Chair,1,53.91,,Tx301596,C3,Liam,Evening,Sunday,53.91
2024-05-30,20:13,S4,Store D,Phone,2,180.34,,Tx301597,C3,Olivia,Evening,Thursday,360.68
2023-12-26,21:02,S1,Store D,Printer,7,148.31,,Tx301598,C2,Olivia,Evening,Tuesday,1038.17
2023-02-11,15:17,S8,Store C,Tablet,8,326.17,,Tx301599,C2,Liam,Afternoon,Saturday,2609.36
2024-03-03,15:51,S9,Store A,Laptop,7,215.7,,Tx301600,C5,Liam,Afternoon,Sunday,1509.9
2023-10-26,18:45,S7,Store D,Printer,10,91.27,,Tx301601,C5,Mia,Evening,Thursday,912.6999999999999
2025-01-16,10:56,S2,Store D,Chair,9,43.26,,Tx301602,C3,Mia,Morning,Thursday,389.34
2023-05-10,14:02,S10,Store A,Desk,7,61.08,,Tx301603,C5,Liam,Afternoon,Wednesday,427.56
2023-10-30,16:12,S3,Store B,Chair,4,132.07,,Tx301604,C4,Noah,Afternoon,Monday,528.28
2024-09-24,12:00,S2,Store C,Desk,1,159.52,,Tx301605,C3,Liam,Afternoon,Tuesday,159.52
2024-12-27,19:02,S3,Store D,Chair,4,134.66,,Tx301606,C5,Mia,Evening,Friday,538.64
2023-06-09,21:57,S5,Store B,Printer,6,45.37,,Tx301607,C2,Olivia,Evening,Friday,272.22
2023-07-03,14:17,S1,Store C,Phone,8,296.29,,Tx301608,C2,Olivia,Afternoon,Monday,2370.32
2024-01-08,15:26,S2,Store C,Chair,3,384.37,,Tx301609,C3,Mia,Afternoon,Monday,1153.11
2024-02-09,11:49,S6,Store D,Phone,6,160.8,,Tx301610,C1,Olivia,Morning,Friday,964.8000000000001
2023-09-09,18:09,S9,Store B,Chair,4,267.99,,Tx301611,C5,Liam,Evening,Saturday,1071.96
2025-06-28,20:10,S2,Store A,Chair,6,152.9,,Tx301612,C2,Noah,Evening,Saturday,917.4000000000001
2024-07-11,17:21,S7,Store B,Desk,4,114.63,,Tx301613,C5,Liam,Evening,Thursday,458.52
2024-11-27,20:34,S9,Store B,Tablet,5,83.16,,Tx301614,C5,Noah,Evening,Wednesday,415.8
2023-05-08,11:04,S1,Store C,Printer,6,315.78,,Tx301615,C1,Olivia,Morning,Monday,1894.68
2024-01-05,18:00,S6,Store A,Monitor,9,395.2,,Tx301616,C4,Liam,Evening,Friday,3556.8
2025-05-15,12:58,S5,Store C,Desk,8,322.52,,Tx301617,C5,Mia,Afternoon,Thursday,2580.16
2023-08-14,13:56,S7,Store A,Tablet,10,174.06,,Tx301618,C2,Olivia,Afternoon,Monday,1740.6
2023-09-27,18:51,S5,Store A,Chair,10,98.41,,Tx301619,C1,Olivia,Evening,Wednesday,984.0999999999999
2023-01-27,14:52,S2,Store C,Laptop,9,246.89,,Tx301620,C3,Olivia,Afternoon,Friday,2222.01
2025-01-02,17:57,S7,Store A,Laptop,8,68.63,,Tx301621,C5,Mia,Evening,Thursday,549.04
2025-04-19,16:14,S8,Store A,Chair,2,174.57,,Tx301622,C5,Mia,Afternoon,Saturday,349.14
2023-12-24,14:16,S9,Store B,Chair,4,84.97,,Tx301623,C2,Noah,Afternoon,Sunday,339.88
2023-09-21,15:43,S7,Store D,Chair,5,15.19,,Tx301624,C1,Liam,Afternoon,Thursday,75.95
2023-03-05,19:03,S4,Store A,Tablet,10,133.34,,Tx301625,C4,Noah,Evening,Sunday,1333.4
2024-05-25,16:59,S9,Store D,Laptop,5,129.6,,Tx301626,C4,Olivia,Afternoon,Saturday,648.0
2025-05-10,11:53,S8,Store D,Monitor,10,52.31,,Tx301627,C1,Mia,Morning,Saturday,523.1
2024-01-27,20:48,S4,Store D,Desk,10,366.42,,Tx301628,C2,Liam,Evening,Saturday,3664.2
2024-08-02,16:20,S1,Store B,Phone,1,258.97,,Tx301629,C5,Liam,Afternoon,Friday,258.97
2023-12-25,20:38,S8,Store D,Chair,10,292.68,,Tx301630,C2,Mia,Evening,Monday,2926.8
2025-01-24,19:35,S1,Store C,Phone,5,224.77,,Tx301631,C4,Liam,Evening,Friday,1123.85
2023-12-05,18:27,S8,Store C,Chair,1,399.31,,Tx301632,C1,Mia,Evening,Tuesday,399.31
2023-03-06,9:04,S1,Store B,Phone,4,61.05,,Tx301633,C2,Mia,Morning,Monday,244.2
2024-01-12,21:07,S2,Store A,Monitor,1,39.85,,Tx301634,C2,Mia,Evening,Friday,39.85
2023-11-27,14:44,S1,Store C,Monitor,2,71.25,,Tx301635,C3,Olivia,Afternoon,Monday,142.5
2024-06-24,14:07,S10,Store C,Tablet,10,223.71,,Tx301636,C2,Noah,Afternoon,Monday,2237.1
2025-01-12,13:29,S8,Store C,Phone,9,79.26,,Tx301637,C3,Mia,Afternoon,Sunday,713.34
2023-07-16,18:50,S6,Store D,Monitor,6,352.11,,Tx301638,C1,Liam,Evening,Sunday,2112.66
2023-06-24,17:42,S8,Store D,Monitor,2,264.04,,Tx301639,C2,Liam,Evening,Saturday,528.08
2025-03-18,11:24,S6,Store D,Laptop,4,141.85,,Tx301640,C5,Olivia,Morning,Tuesday,567.4
2024-01-20,10:27,S4,Store C,Monitor,5,264.69,,Tx301641,C2,Olivia,Morning,Saturday,1323.45
2024-09-30,11:13,S3,Store B,Desk,6,213.37,,Tx301642,C1,Olivia,Morning,Monday,1280.22
2023-01-24,11:44,S7,Store C,Desk,5,154.16,,Tx301643,C1,Olivia,Morning,Tuesday,770.8
2023-03-12,21:42,S2,Store B,Printer,8,210.83,,Tx301644,C2,Mia,Evening,Sunday,1686.64
2023-08-08,12:15,S1,Store A,Monitor,7,35.63,,Tx301645,C1,Mia,Afternoon,Tuesday,249.41
2024-05-27,20:05,S9,Store D,Chair,7,399.84,,Tx301646,C1,Noah,Evening,Monday,2798.88
2025-02-21,20:02,S8,Store A,Desk,9,78.43,,Tx301647,C5,Liam,Evening,Friday,705.8700000000001
2025-01-14,9:44,S7,Store A,Tablet,10,15.83,,Tx301648,C2,Noah,Morning,Tuesday,158.3
2024-02-17,15:36,S5,Store A,Desk,7,59.78,,Tx301649,C2,Mia,Afternoon,Saturday,418.46
2024-03-13,9:39,S9,Store D,Laptop,5,82.19,,Tx301650,C5,Noah,Morning,Wednesday,410.95
2023-10-10,17:50,S10,Store C,Printer,7,218.78,,Tx301651,C3,Noah,Evening,Tuesday,1531.46
2025-02-17,14:24,S1,Store D,Laptop,1,237.09,,Tx301652,C4,Mia,Afternoon,Monday,237.09
2024-02-18,19:52,S10,Store D,Laptop,1,329.62,,Tx301653,C1,Liam,Evening,Sunday,329.62
2024-10-08,18:09,S5,Store A,Monitor,5,348.37,,Tx301654,C1,Noah,Evening,Tuesday,1741.85
2024-11-14,14:10,S5,Store B,Desk,5,124.49,,Tx301655,C2,Noah,Afternoon,Thursday,622.4499999999999
2024-03-15,12:13,S7,Store A,Printer,3,60.69,,Tx301656,C2,Olivia,Afternoon,Friday,182.07
2025-01-22,20:14,S9,Store D,Chair,6,164.69,,Tx301657,C1,Noah,Evening,Wednesday,988.14
2024-04-06,10:38,S6,Store A,Monitor,9,364.39,,Tx301658,C1,Mia,Morning,Saturday,3279.51
2025-06-19,10:13,S9,Store D,Monitor,1,44.62,,Tx301659,C5,Mia,Morning,Thursday,44.62
2024-10-22,9:31,S2,Store B,Tablet,7,122.95,,Tx301660,C2,Olivia,Morning,Tuesday,860.65
2025-05-01,20:45,S4,Store B,Printer,2,275.21,,Tx301661,C5,Olivia,Evening,Thursday,550.42
2025-05-22,20:05,S3,Store C,Monitor,2,32.54,,Tx301662,C4,Liam,Evening,Thursday,65.08
2023-10-26,11:43,S1,Store C,Chair,8,112.95,,Tx301663,C3,Olivia,Morning,Thursday,903.6
2024-06-02,19:03,S4,Store B,Desk,8,212.13,,Tx301664,C4,Mia,Evening,Sunday,1697.04
2024-11-12,17:07,S6,Store D,Tablet,8,159.36,,Tx301665,C3,Noah,Evening,Tuesday,1274.88
2023-10-29,10:35,S9,Store C,Laptop,6,131.09,,Tx301666,C1,Olivia,Morning,Sunday,786.54
2023-06-30,13:21,S2,Store C,Phone,3,43.79,,Tx301667,C2,Olivia,Afternoon,Friday,131.37
2023-03-26,16:52,S8,Store C,Phone,9,386.54,,Tx301668,C3,Mia,Afternoon,Sunday,3478.86
2025-05-17,14:05,S9,Store C,Printer,6,159.03,,Tx301669,C5,Noah,Afternoon,Saturday,954.1800000000001
2025-05-20,9:11,S2,Store D,Phone,7,346.39,,Tx301670,C3,Olivia,Morning,Tuesday,2424.73
2024-11-12,18:14,S1,Store B,Tablet,7,381.19,,Tx301671,C1,Noah,Evening,Tuesday,2668.33
2024-10-11,16:24,S10,Store C,Printer,4,268.92,,Tx301672,C2,Olivia,Afternoon,Friday,1075.68
2025-01-05,9:49,S9,Store A,Desk,7,33.8,,Tx301673,C2,Olivia,Morning,Sunday,236.6
2023-09-09,15:53,S9,Store B,Laptop,9,112.07,,Tx301674,C3,Olivia,Afternoon,Saturday,1008.63
2023-05-18,20:41,S6,Store B,Printer,9,29.42,,Tx301675,C2,Liam,Evening,Thursday,264.78
2023-02-15,11:56,S4,Store B,Chair,4,93.92,,Tx301676,C5,Mia,Morning,Wednesday,375.68
2024-11-28,20:03,S4,Store A,Printer,2,328.66,,Tx301677,C3,Mia,Evening,Thursday,657.32
2023-06-04,15:23,S8,Store A,Printer,3,60.13,,Tx301678,C5,Noah,Afternoon,Sunday,180.39
2023-11-04,11:39,S3,Store A,Tablet,2,139.89,,Tx301679,C4,Mia,Morning,Saturday,279.78
2025-06-01,14:59,S4,Store B,Phone,10,258.14,,Tx301680,C4,Liam,Afternoon,Sunday,2581.4
2023-01-13,20:40,S1,Store B,Chair,8,236.42,,Tx301681,C1,Olivia,Evening,Friday,1891.36
2024-06-10,15:34,S2,Store D,Desk,1,309.89,,Tx301682,C3,Noah,Afternoon,Monday,309.89
2024-05-21,13:05,S8,Store A,Laptop,7,291.64,,Tx301683,C4,Liam,Afternoon,Tuesday,2041.48
2025-05-08,10:17,S7,Store D,Laptop,10,84.01,,Tx301684,C3,Mia,Morning,Thursday,840.1
2023-09-25,9:39,S3,Store A,Monitor,3,60.66,,Tx301685,C2,Noah,Morning,Monday,181.98
2025-02-14,12:58,S6,Store A,Phone,5,364.23,,Tx301686,C1,Mia,Afternoon,Friday,1821.15
2023-08-21,10:08,S2,Store A,Laptop,7,55.08,,Tx301687,C2,Noah,Morning,Monday,385.56
2024-04-17,14:55,S4,Store C,Printer,2,235.68,,Tx301688,C4,Noah,Afternoon,Wednesday,471.36
2024-01-13,12:27,S1,Store C,Monitor,10,278.33,,Tx301689,C3,Olivia,Afternoon,Saturday,2783.3
2025-01-28,21:07,S4,Store C,Phone,7,334.22,,Tx301690,C1,Noah,Evening,Tuesday,2339.54
2023-06-20,21:03,S2,Store C,Chair,9,316.2,,Tx301691,C3,Mia,Evening,Tuesday,2845.8
2024-10-02,13:33,S6,Store B,Printer,9,261.12,,Tx301692,C1,Noah,Afternoon,Wednesday,2350.08
2023-11-04,16:54,S4,Store B,Tablet,5,152.95,,Tx301693,C1,Olivia,Afternoon,Saturday,764.75
2024-07-23,18:54,S10,Store A,Printer,1,273.63,,Tx301694,C4,Liam,Evening,Tuesday,273.63
2023-12-28,9:07,S10,Store D,Tablet,2,100.43,,Tx301695,C5,Noah,Morning,Thursday,200.86
2023-04-07,18:36,S9,Store B,Tablet,4,129.51,,Tx301696,C5,Olivia,Evening,Friday,518.04
2023-02-17,20:44,S8,Store B,Laptop,1,196.22,,Tx301697,C5,Mia,Evening,Friday,196.22
2025-03-24,17:21,S10,Store B,Tablet,9,341.6,,Tx301698,C4,Olivia,Evening,Monday,3074.4
2023-08-14,12:16,S6,Store B,Desk,1,371.27,,Tx301699,C5,Noah,Afternoon,Monday,371.27
2024-07-14,20:03,S4,Store D,Laptop,5,132.68,,Tx301700,C4,Mia,Evening,Sunday,663.4000000000001
2025-04-16,20:14,S4,Store C,Monitor,3,21.15,,Tx301701,C1,Noah,Evening,Wednesday,63.45
2023-05-03,15:05,S1,Store A,Printer,7,262.11,,Tx301702,C4,Noah,Afternoon,Wednesday,1834.77
2024-02-29,15:35,S3,Store C,Laptop,4,20.86,,Tx301703,C1,Liam,Afternoon,Thursday,83.44
2025-06-26,21:23,S7,Store B,Printer,5,350.15,,Tx301704,C2,Noah,Evening,Thursday,1750.75
2025-04-26,11:23,S4,Store C,Monitor,2,302.49,,Tx301705,C1,Liam,Morning,Saturday,604.98
2023-03-13,11:34,S1,Store D,Laptop,1,42.78,,Tx301706,C4,Mia,Morning,Monday,42.78
2023-05-25,17:11,S7,Store A,Phone,2,126.37,,Tx301707,C1,Noah,Evening,Thursday,252.74
2024-03-08,12:52,S3,Store C,Tablet,2,151.89,,Tx301708,C5,Olivia,Afternoon,Friday,303.78
2023-01-30,14:53,S4,Store D,Desk,7,29.59,,Tx301709,C2,Noah,Afternoon,Monday,207.13
2024-05-27,14:51,S7,Store A,Chair,2,322.73,,Tx301710,C2,Olivia,Afternoon,Monday,645.46
2024-10-01,10:36,S8,Store C,Laptop,9,184.8,,Tx301711,C2,Mia,Morning,Tuesday,1663.2
2025-03-17,15:29,S1,Store C,Chair,5,106.95,,Tx301712,C3,Olivia,Afternoon,Monday,534.75
2023-05-22,14:07,S10,Store B,Monitor,1,257.74,,Tx301713,C1,Olivia,Afternoon,Monday,257.74
2023-02-12,13:29,S2,Store B,Phone,9,117.58,,Tx301714,C5,Mia,Afternoon,Sunday,1058.22
2024-06-11,13:46,S7,Store C,Printer,1,16.02,,Tx301715,C5,Noah,Afternoon,Tuesday,16.02
2024-07-24,19:46,S8,Store C,Tablet,7,108.08,,Tx301716,C2,Liam,Evening,Wednesday,756.56
2023-11-12,20:13,S9,Store D,Tablet,9,137.26,,Tx301717,C1,Olivia,Evening,Sunday,1235.34
2024-06-26,13:07,S3,Store B,Printer,5,206.39,,Tx301718,C1,Noah,Afternoon,Wednesday,1031.95
2025-02-27,14:01,S7,Store A,Desk,3,375.7,,Tx301719,C1,Mia,Afternoon,Thursday,1127.1
2024-05-29,9:47,S7,Store B,Printer,2,257.27,,Tx301720,C4,Olivia,Morning,Wednesday,514.54
2025-02-09,11:08,S4,Store C,Printer,7,44.59,,Tx301721,C5,Olivia,Morning,Sunday,312.13
2024-05-27,11:07,S6,Store C,Phone,9,309.23,,Tx301722,C3,Mia,Morning,Monday,2783.07
2023-06-05,18:49,S9,Store D,Printer,6,133.94,,Tx301723,C1,Liam,Evening,Monday,803.64
2023-08-24,18:08,S4,Store A,Printer,3,268.52,,Tx301724,C1,Noah,Evening,Thursday,805.56
2024-01-08,15:45,S10,Store D,Chair,6,181.74,,Tx301725,C2,Olivia,Afternoon,Monday,1090.44
2024-08-06,21:28,S8,Store B,Monitor,3,356.32,,Tx301726,C1,Olivia,Evening,Tuesday,1068.96
2023-03-11,11:08,S7,Store B,Phone,10,273.17,,Tx301727,C5,Olivia,Morning,Saturday,2731.7
2024-08-01,16:49,S3,Store D,Chair,5,386.61,,Tx301728,C4,Liam,Afternoon,Thursday,1933.05
2023-11-21,13:02,S3,Store C,Monitor,5,69.55,,Tx301729,C3,Noah,Afternoon,Tuesday,347.75
2023-04-04,10:30,S8,Store D,Chair,4,374.3,,Tx301730,C2,Liam,Morning,Tuesday,1497.2
2024-12-06,9:33,S2,Store B,Phone,2,34.03,,Tx301731,C5,Noah,Morning,Friday,68.06
2024-01-04,16:37,S7,Store D,Phone,8,21.25,,Tx301732,C5,Olivia,Afternoon,Thursday,170.0
2023-07-17,10:18,S10,Store D,Printer,9,126.15,,Tx301733,C4,Noah,Morning,Monday,1135.35
2025-03-02,12:39,S4,Store C,Laptop,9,204.16,,Tx301734,C5,Noah,Afternoon,Sunday,1837.44
2025-02-08,16:54,S4,Store D,Laptop,2,260.92,,Tx301735,C4,Olivia,Afternoon,Saturday,521.84
2024-08-06,20:00,S10,Store B,Desk,2,133.31,,Tx301736,C1,Liam,Evening,Tuesday,266.62
2023-06-04,11:49,S10,Store A,Desk,9,281.94,,Tx301737,C2,Liam,Morning,Sunday,2537.46
2024-12-11,15:00,S10,Store D,Printer,5,280.53,,Tx301738,C1,Liam,Afternoon,Wednesday,1402.65
2025-04-21,19:00,S2,Store C,Printer,3,200.9,,Tx301739,C1,Mia,Evening,Monday,602.7
2023-08-21,12:06,S6,Store A,Laptop,1,96.6,,Tx301740,C5,Mia,Afternoon,Monday,96.6
2024-04-28,9:00,S6,Store B,Desk,8,76.79,,Tx301741,C5,Noah,Morning,Sunday,614.32
2024-05-06,13:47,S8,Store D,Chair,1,156.76,,Tx301742,C4,Liam,Afternoon,Monday,156.76
2023-09-15,12:13,S5,Store A,Tablet,5,180.96,,Tx301743,C3,Olivia,Afternoon,Friday,904.8000000000001
2024-05-25,15:37,S1,Store D,Desk,7,83.2,,Tx301744,C2,Olivia,Afternoon,Saturday,582.4
2023-10-04,17:44,S8,Store B,Printer,4,30.7,,Tx301745,C3,Mia,Evening,Wednesday,122.8
2024-12-22,13:43,S6,Store C,Printer,4,17.38,,Tx301746,C4,Mia,Afternoon,Sunday,69.52
2025-03-08,10:25,S8,Store C,Tablet,10,146.81,,Tx301747,C2,Liam,Morning,Saturday,1468.1
2025-02-13,9:44,S3,Store B,Printer,9,258.06,,Tx301748,C3,Mia,Morning,Thursday,2322.54
2024-05-06,16:25,S9,Store B,Laptop,4,263.54,,Tx301749,C1,Mia,Afternoon,Monday,1054.16
2023-04-28,13:17,S5,Store D,Desk,1,258.83,,Tx301750,C5,Noah,Afternoon,Friday,258.83
2023-07-20,12:56,S7,Store D,Tablet,6,320.46,,Tx301751,C4,Noah,Afternoon,Thursday,1922.76
2024-09-22,19:38,S7,Store D,Desk,9,331.31,,Tx301752,C5,Mia,Evening,Sunday,2981.79
2023-11-16,20:07,S6,Store B,Printer,10,193.2,,Tx301753,C2,Mia,Evening,Thursday,1932.0
2024-03-17,17:05,S1,Store B,Monitor,3,202.34,,Tx301754,C3,Mia,Evening,Sunday,607.02
2025-02-11,18:59,S4,Store A,Tablet,1,94.87,,Tx301755,C2,Noah,Evening,Tuesday,94.87
2024-05-10,12:28,S6,Store A,Tablet,2,294.98,,Tx301756,C1,Noah,Afternoon,Friday,589.96
2025-04-16,15:08,S8,Store B,Chair,8,249.03,,Tx301757,C1,Liam,Afternoon,Wednesday,1992.24
2023-09-22,9:55,S5,Store A,Chair,6,264.35,,Tx301758,C1,Olivia,Morning,Friday,1586.1
2023-09-16,20:02,S1,Store B,Tablet,6,63.86,,Tx301759,C3,Mia,Evening,Saturday,383.16
2025-06-07,15:47,S2,Store A,Desk,9,170.79,,Tx301760,C5,Mia,Afternoon,Saturday,1537.11
2024-11-01,10:09,S7,Store A,Desk,4,149.36,,Tx301761,C1,Mia,Morning,Friday,597.44
2024-12-28,9:10,S4,Store C,Chair,1,170.62,,Tx301762,C2,Noah,Morning,Saturday,170.62
2023-11-15,10:11,S2,Store D,Tablet,10,99.73,,Tx301763,C5,Noah,Morning,Wednesday,997.3000000000001
2023-06-04,14:46,S4,Store C,Printer,6,123.3,,Tx301764,C5,Olivia,Afternoon,Sunday,739.8
2024-03-01,17:55,S9,Store B,Printer,7,154.19,,Tx301765,C3,Mia,Evening,Friday,1079.33
2023-06-03,19:10,S6,Store B,Monitor,1,310.65,,Tx301766,C3,Liam,Evening,Saturday,310.65
2024-08-22,11:13,S4,Store C,Phone,9,120.28,,Tx301767,C1,Mia,Morning,Thursday,1082.52
2024-10-30,12:59,S6,Store D,Desk,3,337.89,,Tx301768,C2,Noah,Afternoon,Wednesday,1013.67
2023-03-21,18:22,S3,Store B,Monitor,7,66.76,,Tx301769,C1,Mia,Evening,Tuesday,467.3200000000001
2025-05-05,13:04,S5,Store B,Printer,3,370.92,,Tx301770,C1,Olivia,Afternoon,Monday,1112.76
2023-11-26,11:55,S8,Store C,Chair,3,203.32,,Tx301771,C3,Mia,Morning,Sunday,609.96
2024-02-19,15:40,S2,Store D,Laptop,9,136.79,,Tx301772,C5,Olivia,Afternoon,Monday,1231.11
2024-01-29,18:31,S4,Store C,Tablet,5,130.1,,Tx301773,C4,Noah,Evening,Monday,650.5
2025-03-17,13:52,S5,Store A,Printer,10,60.34,,Tx301774,C5,Olivia,Afternoon,Monday,603.4000000000001
2024-07-05,13:48,S8,Store A,Laptop,8,13.17,,Tx301775,C1,Noah,Afternoon,Friday,105.36
2023-11-29,9:50,S6,Store A,Desk,5,160.54,,Tx301776,C5,Olivia,Morning,Wednesday,802.6999999999999
2025-06-03,17:33,S6,Store B,Monitor,7,255.98,,Tx301777,C4,Noah,Evening,Tuesday,1791.86
2024-11-14,16:20,S6,Store C,Laptop,7,161.95,,Tx301778,C2,Olivia,Afternoon,Thursday,1133.65
2025-04-09,11:25,S4,Store C,Tablet,3,288.88,,Tx301779,C5,Mia,Morning,Wednesday,866.64
2025-01-11,18:00,S10,Store C,Desk,6,151.75,,Tx301780,C4,Olivia,Evening,Saturday,910.5
2024-07-10,20:38,S1,Store A,Monitor,4,205.78,,Tx301781,C1,Liam,Evening,Wednesday,823.12
2023-09-15,18:51,S9,Store C,Laptop,2,12.5,,Tx301782,C1,Olivia,Evening,Friday,25.0
2025-04-03,16:14,S8,Store D,Phone,7,19.1,,Tx301783,C1,Olivia,Afternoon,Thursday,133.7
2023-08-22,9:09,S9,Store C,Laptop,7,342.43,,Tx301784,C2,Olivia,Morning,Tuesday,2397.01
2025-04-22,14:09,S3,Store D,Monitor,6,84.35,,Tx301785,C4,Olivia,Afternoon,Tuesday,506.1
2025-06-04,12:09,S10,Store D,Desk,9,120.3,,Tx301786,C1,Noah,Afternoon,Wednesday,1082.7
2023-07-04,14:36,S7,Store A,Chair,7,150.54,,Tx301787,C2,Liam,Afternoon,Tuesday,1053.78
2024-04-09,21:09,S1,Store A,Printer,9,154.54,,Tx301788,C1,Noah,Evening,Tuesday,1390.86
2023-01-23,21:09,S1,Store B,Desk,4,169.72,,Tx301789,C2,Olivia,Evening,Monday,678.88
2025-04-28,18:58,S10,Store D,Printer,5,135.86,,Tx301790,C1,Olivia,Evening,Monday,679.3000000000001
2025-03-28,9:32,S1,Store C,Chair,9,141.4,,Tx301791,C1,Noah,Morning,Friday,1272.6
2025-03-18,21:22,S6,Store D,Desk,3,177.64,,Tx301792,C2,Olivia,Evening,Tuesday,532.92
2023-06-21,21:12,S2,Store C,Tablet,9,120.79,,Tx301793,C3,Liam,Evening,Wednesday,1087.11
2023-07-09,16:25,S5,Store B,Phone,1,154.19,,Tx301794,C4,Noah,Afternoon,Sunday,154.19
2023-10-03,18:50,S3,Store A,Desk,9,195.15,,Tx301795,C5,Olivia,Evening,Tuesday,1756.35
2023-09-06,19:22,S9,Store B,Laptop,8,212.14,,Tx301796,C2,Liam,Evening,Wednesday,1697.12
2024-02-24,19:28,S4,Store A,Tablet,10,81.29,,Tx301797,C1,Olivia,Evening,Saturday,812.9000000000001
2023-01-08,11:38,S8,Store B,Printer,3,64.42,,Tx301798,C1,Noah,Morning,Sunday,193.26
2023-01-19,14:03,S2,Store C,Laptop,4,230.15,,Tx301799,C1,Mia,Afternoon,Thursday,920.6
2024-07-31,20:55,S7,Store A,Phone,7,143.31,,Tx301800,C2,Mia,Evening,Wednesday,1003.17
2024-12-27,10:55,S8,Store A,Phone,3,95.88,,Tx301801,C2,Mia,Morning,Friday,287.64
2025-05-12,17:45,S10,Store C,Tablet,7,6.09,,Tx301802,C5,Liam,Evening,Monday,42.63
2024-10-26,16:59,S10,Store C,Printer,5,55.87,,Tx301803,C1,Olivia,Afternoon,Saturday,279.35
2023-03-31,20:56,S10,Store C,Tablet,9,317.69,,Tx301804,C5,Mia,Evening,Friday,2859.21
2023-10-14,14:37,S7,Store D,Laptop,3,22.13,,Tx301805,C3,Mia,Afternoon,Saturday,66.39
2024-02-05,21:26,S7,Store B,Laptop,2,162.37,,Tx301806,C1,Liam,Evening,Monday,324.74
2023-09-02,14:32,S10,Store A,Laptop,5,327.6,,Tx301807,C3,Noah,Afternoon,Saturday,1638.0
2023-07-29,16:53,S4,Store C,Printer,9,52.04,,Tx301808,C2,Noah,Afternoon,Saturday,468.36
2024-02-05,10:10,S3,Store C,Desk,4,167.94,,Tx301809,C5,Liam,Morning,Monday,671.76
2025-03-04,16:45,S7,Store A,Tablet,3,48.51,,Tx301810,C4,Olivia,Afternoon,Tuesday,145.53
2024-06-09,12:10,S4,Store B,Chair,7,250.94,,Tx301811,C5,Liam,Afternoon,Sunday,1756.58
2023-03-29,11:33,S8,Store C,Chair,10,72.6,,Tx301812,C2,Olivia,Morning,Wednesday,726.0
2025-03-14,16:20,S3,Store B,Printer,2,229.46,,Tx301813,C1,Liam,Afternoon,Friday,458.92
2024-01-26,20:52,S2,Store A,Desk,7,89.98,,Tx301814,C1,Liam,Evening,Friday,629.86
2024-05-11,11:02,S1,Store B,Printer,10,299.33,,Tx301815,C4,Noah,Morning,Saturday,2993.3
2025-03-23,12:33,S4,Store A,Monitor,3,269.05,,Tx301816,C5,Noah,Afternoon,Sunday,807.1500000000001
2025-02-27,10:29,S8,Store A,Desk,5,254.98,,Tx301817,C4,Noah,Morning,Thursday,1274.9
2023-12-05,15:12,S7,Store A,Phone,6,196.33,,Tx301818,C2,Noah,Afternoon,Tuesday,1177.98
2024-07-31,18:02,S6,Store D,Desk,8,265.63,,Tx301819,C4,Liam,Evening,Wednesday,2125.04
2024-07-06,14:49,S10,Store A,Desk,9,220.84,,Tx301820,C3,Olivia,Afternoon,Saturday,1987.56
2023-10-01,13:04,S7,Store C,Monitor,3,190.25,,Tx301821,C4,Noah,Afternoon,Sunday,570.75
2024-10-19,16:34,S5,Store D,Tablet,7,45.06,,Tx301822,C1,Noah,Afternoon,Saturday,315.42
2024-04-18,19:36,S9,Store A,Desk,8,243.8,,Tx301823,C3,Mia,Evening,Thursday,1950.4
2024-10-31,19:02,S8,Store A,Desk,8,99.9,,Tx301824,C1,Noah,Evening,Thursday,799.2
2023-01-13,19:45,S10,Store A,Printer,5,106.33,,Tx301825,C3,Mia,Evening,Friday,531.65
2025-04-29,16:22,S4,Store D,Chair,5,95.82,,Tx301826,C1,Liam,Afternoon,Tuesday,479.1
2024-07-28,10:45,S10,Store B,Laptop,6,165.69,,Tx301827,C4,Liam,Morning,Sunday,994.14
2024-01-08,11:34,S4,Store D,Laptop,9,244.46,,Tx301828,C2,Mia,Morning,Monday,2200.14
2023-09-29,12:12,S4,Store B,Laptop,4,265.38,,Tx301829,C5,Liam,Afternoon,Friday,1061.52
2024-01-28,9:52,S3,Store A,Tablet,2,94.02,,Tx301830,C1,Olivia,Morning,Sunday,188.04
2023-04-20,19:32,S6,Store B,Phone,4,188.71,,Tx301831,C2,Noah,Evening,Thursday,754.84
2023-09-26,9:18,S10,Store D,Tablet,8,161.61,,Tx301832,C3,Mia,Morning,Tuesday,1292.88
2024-12-05,18:10,S10,Store B,Phone,7,52.07,,Tx301833,C4,Mia,Evening,Thursday,364.49
2024-12-11,13:06,S7,Store A,Monitor,7,324.85,,Tx301834,C1,Mia,Afternoon,Wednesday,2273.95
2024-12-07,16:03,S2,Store C,Chair,9,269.56,,Tx301835,C4,Liam,Afternoon,Saturday,2426.04
2023-08-13,9:01,S1,Store A,Printer,10,332.92,,Tx301836,C2,Olivia,Morning,Sunday,3329.2
2023-11-15,9:45,S5,Store B,Laptop,9,79.4,,Tx301837,C2,Olivia,Morning,Wednesday,714.6
2024-11-10,19:55,S5,Store B,Laptop,1,231.81,,Tx301838,C5,Olivia,Evening,Sunday,231.81
2025-06-30,12:06,S5,Store A,Desk,10,155.46,,Tx301839,C5,Noah,Afternoon,Monday,1554.6
2024-12-01,15:32,S6,Store B,Monitor,10,388.8,,Tx301840,C5,Noah,Afternoon,Sunday,3888.0
2024-10-17,20:33,S10,Store C,Monitor,9,278.23,,Tx301841,C4,Noah,Evening,Thursday,2504.07
2023-01-04,14:58,S5,Store A,Tablet,10,147.92,,Tx301842,C4,Mia,Afternoon,Wednesday,1479.2
2024-06-27,9:31,S9,Store B,Printer,1,87.51,,Tx301843,C1,Liam,Morning,Thursday,87.51
2023-05-02,9:39,S7,Store A,Printer,3,391.06,,Tx301844,C1,Liam,Morning,Tuesday,1173.18
2025-06-30,9:31,S6,Store D,Phone,4,355.18,,Tx301845,C5,Liam,Morning,Monday,1420.72
2023-09-09,20:04,S2,Store A,Printer,1,36.88,,Tx301846,C5,Noah,Evening,Saturday,36.88
2024-08-12,15:40,S10,Store A,Tablet,10,10.16,,Tx301847,C3,Mia,Afternoon,Monday,101.6
2025-04-08,16:12,S7,Store C,Phone,8,104.62,,Tx301848,C5,Mia,Afternoon,Tuesday,836.96
2025-04-26,12:15,S7,Store B,Tablet,8,27.83,,Tx301849,C1,Mia,Afternoon,Saturday,222.64
2024-01-15,14:05,S3,Store C,Printer,10,55.93,,Tx301850,C4,Olivia,Afternoon,Monday,559.3
2025-03-03,21:53,S2,Store C,Printer,4,5.65,,Tx301851,C1,Noah,Evening,Monday,22.6
2023-12-20,19:53,S1,Store D,Printer,5,216.17,,Tx301852,C1,Liam,Evening,Wednesday,1080.85
2024-07-10,14:37,S7,Store B,Laptop,9,80.04,,Tx301853,C1,Olivia,Afternoon,Wednesday,720.36
2024-05-21,14:59,S5,Store D,Printer,2,143.64,,Tx301854,C3,Noah,Afternoon,Tuesday,287.28
2023-07-06,15:35,S3,Store A,Laptop,7,51.16,,Tx301855,C4,Noah,Afternoon,Thursday,358.12
2025-05-20,11:02,S1,Store D,Monitor,5,34.4,,Tx301856,C5,Liam,Morning,Tuesday,172.0
2024-09-27,11:19,S1,Store C,Desk,7,18.22,,Tx301857,C2,Noah,Morning,Friday,127.54
2024-08-19,16:22,S5,Store D,Chair,6,79.19,,Tx301858,C4,Noah,Afternoon,Monday,475.14
2023-08-15,9:00,S4,Store C,Tablet,5,190.38,,Tx301859,C3,Noah,Morning,Tuesday,951.9
2023-09-15,9:13,S10,Store D,Monitor,5,229.61,,Tx301860,C5,Liam,Morning,Friday,1148.05
2023-10-03,21:56,S10,Store C,Monitor,4,324.27,,Tx301861,C2,Noah,Evening,Tuesday,1297.08
2025-05-22,18:02,S9,Store A,Desk,4,198.93,,Tx301862,C1,Mia,Evening,Thursday,795.72
2023-01-22,15:24,S7,Store C,Tablet,5,259.34,,Tx301863,C1,Mia,Afternoon,Sunday,1296.7
2024-07-17,14:28,S8,Store A,Tablet,4,313.06,,Tx301864,C1,Liam,Afternoon,Wednesday,1252.24
2023-11-20,16:12,S9,Store D,Monitor,7,171.93,,Tx301865,C5,Mia,Afternoon,Monday,1203.51
2024-03-12,11:42,S3,Store D,Printer,5,282.97,,Tx301866,C4,Olivia,Morning,Tuesday,1414.85
2024-06-27,15:12,S6,Store A,Monitor,3,311.18,,Tx301867,C5,Olivia,Afternoon,Thursday,933.54
2023-03-14,16:27,S2,Store A,Laptop,1,244.7,,Tx301868,C4,Mia,Afternoon,Tuesday,244.7
2024-12-13,10:55,S2,Store C,Tablet,2,177.27,,Tx301869,C4,Mia,Morning,Friday,354.54
2024-10-11,16:51,S9,Store C,Chair,2,308.35,,Tx301870,C3,Mia,Afternoon,Friday,616.7
2023-01-10,21:31,S5,Store C,Tablet,1,195.84,,Tx301871,C1,Olivia,Evening,Tuesday,195.84
2023-10-08,15:24,S9,Store A,Phone,7,127.06,,Tx301872,C4,Noah,Afternoon,Sunday,889.4200000000001
2023-01-24,21:42,S4,Store A,Desk,3,82.39,,Tx301873,C5,Olivia,Evening,Tuesday,247.17
2025-01-02,14:17,S4,Store D,Laptop,8,140.23,,Tx301874,C5,Noah,Afternoon,Thursday,1121.84
2024-04-01,9:58,S5,Store C,Printer,1,377.2,,Tx301875,C2,Olivia,Morning,Monday,377.2
2024-10-22,13:25,S4,Store A,Monitor,3,138.21,,Tx301876,C2,Noah,Afternoon,Tuesday,414.63
2023-10-27,11:16,S5,Store B,Laptop,3,110.85,,Tx301877,C2,Olivia,Morning,Friday,332.55
2023-09-03,20:54,S10,Store C,Chair,7,310.06,,Tx301878,C1,Mia,Evening,Sunday,2170.42
2023-11-28,11:38,S7,Store B,Chair,10,385.52,,Tx301879,C3,Mia,Morning,Tuesday,3855.2
2023-09-18,9:19,S2,Store A,Tablet,4,87.37,,Tx301880,C3,Noah,Morning,Monday,349.48
2023-07-17,16:38,S8,Store A,Printer,5,203.42,,Tx301881,C3,Olivia,Afternoon,Monday,1017.1
2023-08-14,11:19,S3,Store B,Desk,2,55.16,,Tx301882,C1,Noah,Morning,Monday,110.32
2025-05-03,11:19,S8,Store B,Chair,10,299.41,,Tx301883,C5,Mia,Morning,Saturday,2994.1
2023-08-25,9:16,S1,Store B,Tablet,4,267.66,,Tx301884,C5,Olivia,Morning,Friday,1070.64
2024-04-19,16:39,S6,Store B,Desk,6,62.24,,Tx301885,C4,Noah,Afternoon,Friday,373.44
2024-03-17,13:44,S9,Store D,Phone,9,244.93,,Tx301886,C5,Mia,Afternoon,Sunday,2204.37
2024-07-31,9:23,S2,Store D,Desk,2,212.62,,Tx301887,C4,Noah,Morning,Wednesday,425.24
2023-11-03,17:05,S5,Store C,Desk,7,52.85,,Tx301888,C4,Mia,Evening,Friday,369.95
2024-12-02,14:13,S3,Store C,Chair,1,326.15,,Tx301889,C1,Liam,Afternoon,Monday,326.15
2025-03-25,16:01,S4,Store C,Phone,7,175.73,,Tx301890,C3,Olivia,Afternoon,Tuesday,1230.11
2024-03-18,9:07,S4,Store B,Tablet,4,371.37,,Tx301891,C2,Olivia,Morning,Monday,1485.48
2025-01-08,10:28,S8,Store C,Printer,10,23.95,,Tx301892,C5,Olivia,Morning,Wednesday,239.5
2023-12-21,14:48,S1,Store D,Phone,5,262.3,,Tx301893,C5,Olivia,Afternoon,Thursday,1311.5
2024-12-26,20:12,S10,Store A,Printer,1,296.1,,Tx301894,C4,Olivia,Evening,Thursday,296.1
2024-01-13,13:53,S6,Store D,Monitor,2,81.7,,Tx301895,C1,Liam,Afternoon,Saturday,163.4
2025-02-22,11:24,S4,Store A,Monitor,1,118.11,,Tx301896,C3,Mia,Morning,Saturday,118.11
2025-03-31,16:13,S8,Store B,Chair,4,334.63,,Tx301897,C3,Olivia,Afternoon,Monday,1338.52
2025-04-07,17:20,S3,Store A,Phone,1,375.0,,Tx301898,C3,Olivia,Evening,Monday,375.0
2024-10-16,9:38,S2,Store B,Printer,4,222.46,,Tx301899,C3,Noah,Morning,Wednesday,889.84
2024-07-24,11:41,S7,Store D,Phone,10,46.15,,Tx301900,C4,Noah,Morning,Wednesday,461.5
2024-12-09,15:07,S6,Store A,Printer,1,257.81,,Tx301901,C3,Olivia,Afternoon,Monday,257.81
2023-07-28,11:11,S2,Store C,Desk,7,245.36,,Tx301902,C4,Noah,Morning,Friday,1717.52
2023-05-07,20:12,S3,Store B,Phone,6,137.7,,Tx301903,C5,Noah,Evening,Sunday,826.1999999999999
2025-03-06,16:59,S10,Store A,Tablet,8,53.07,,Tx301904,C4,Olivia,Afternoon,Thursday,424.56
2024-10-28,14:18,S3,Store B,Phone,7,36.76,,Tx301905,C4,Olivia,Afternoon,Monday,257.32
2024-03-02,14:47,S6,Store C,Phone,9,253.94,,Tx301906,C4,Liam,Afternoon,Saturday,2285.46
2024-01-18,17:03,S5,Store D,Tablet,6,238.52,,Tx301907,C4,Mia,Evening,Thursday,1431.12
2024-05-17,17:18,S8,Store A,Monitor,4,35.88,,Tx301908,C5,Olivia,Evening,Friday,143.52
2025-05-13,11:57,S10,Store C,Laptop,9,378.07,,Tx301909,C4,Liam,Morning,Tuesday,3402.63
2024-05-23,21:11,S8,Store C,Chair,8,250.75,,Tx301910,C4,Olivia,Evening,Thursday,2006.0
2024-11-03,10:49,S6,Store C,Monitor,9,378.47,,Tx301911,C4,Noah,Morning,Sunday,3406.23
2023-06-24,9:52,S10,Store A,Printer,9,260.78,,Tx301912,C4,Noah,Morning,Saturday,2347.02
2024-11-04,17:57,S8,Store A,Monitor,5,361.01,,Tx301913,C5,Mia,Evening,Monday,1805.05
2024-02-05,11:44,S6,Store C,Monitor,2,60.41,,Tx301914,C5,Liam,Morning,Monday,120.82
2023-10-03,20:46,S7,Store B,Phone,3,139.66,,Tx301915,C4,Noah,Evening,Tuesday,418.98
2023-12-28,10:29,S8,Store B,Phone,1,122.07,,Tx301916,C3,Mia,Morning,Thursday,122.07
2023-11-29,19:42,S7,Store A,Desk,4,37.25,,Tx301917,C2,Olivia,Evening,Wednesday,149.0
2024-09-29,14:28,S7,Store A,Printer,2,273.83,,Tx301918,C4,Mia,Afternoon,Sunday,547.66
2023-02-15,21:42,S3,Store B,Monitor,5,166.06,,Tx301919,C1,Olivia,Evening,Wednesday,830.3
2023-01-27,21:44,S3,Store D,Printer,5,196.29,,Tx301920,C4,Mia,Evening,Friday,981.4499999999999
2023-09-20,13:40,S4,Store D,Monitor,7,344.28,,Tx301921,C2,Liam,Afternoon,Wednesday,2409.96
2023-09-28,17:33,S8,Store D,Chair,5,296.54,,Tx301922,C3,Noah,Evening,Thursday,1482.7
2024-09-14,15:44,S2,Store C,Desk,2,360.73,,Tx301923,C5,Noah,Afternoon,Saturday,721.46
2023-08-19,14:12,S2,Store A,Printer,7,24.06,,Tx301924,C3,Liam,Afternoon,Saturday,168.42
2024-08-15,20:37,S2,Store D,Desk,2,226.52,,Tx301925,C3,Olivia,Evening,Thursday,453.04
2023-01-09,15:56,S4,Store B,Laptop,2,327.63,,Tx301926,C5,Liam,Afternoon,Monday,655.26
2024-03-31,9:09,S1,Store A,Chair,5,107.91,,Tx301927,C2,Mia,Morning,Sunday,539.55
2025-06-03,12:16,S3,Store D,Phone,10,385.61,,Tx301928,C3,Mia,Afternoon,Tuesday,3856.1
2024-09-02,9:07,S10,Store A,Printer,1,237.23,,Tx301929,C5,Liam,Morning,Monday,237.23
2023-06-30,19:44,S3,Store A,Monitor,8,52.89,,Tx301930,C5,Noah,Evening,Friday,423.12
2024-11-29,10:19,S3,Store D,Tablet,5,361.66,,Tx301931,C5,Noah,Morning,Friday,1808.3
2023-03-04,11:59,S2,Store A,Phone,9,358.27,,Tx301932,C1,Noah,Morning,Saturday,3224.43
2024-11-10,20:17,S1,Store A,Laptop,4,293.22,,Tx301933,C1,Olivia,Evening,Sunday,1172.88
2024-12-11,17:59,S2,Store C,Monitor,6,303.98,,Tx301934,C5,Noah,Evening,Wednesday,1823.88
2023-11-21,19:55,S2,Store A,Desk,9,162.68,,Tx301935,C4,Olivia,Evening,Tuesday,1464.12
2023-08-18,10:31,S2,Store D,Tablet,10,8.0,,Tx301936,C1,Liam,Morning,Friday,80.0
2024-05-31,13:24,S9,Store D,Chair,7,340.66,,Tx301937,C3,Mia,Afternoon,Friday,2384.62
2024-05-30,18:31,S8,Store D,Desk,6,270.98,,Tx301938,C3,Olivia,Evening,Thursday,1625.88
2025-06-25,13:22,S6,Store D,Chair,2,349.95,,Tx301939,C3,Noah,Afternoon,Wednesday,699.9
2024-11-15,20:24,S10,Store C,Monitor,7,138.6,,Tx301940,C2,Olivia,Evening,Friday,970.1999999999999
2025-05-12,18:47,S8,Store D,Tablet,9,44.39,,Tx301941,C4,Liam,Evening,Monday,399.51
2023-01-15,21:03,S9,Store B,Desk,3,302.75,,Tx301942,C3,Olivia,Evening,Sunday,908.25
2024-02-03,16:07,S5,Store C,Printer,6,28.69,,Tx301943,C4,Olivia,Afternoon,Saturday,172.14
2024-01-07,9:40,S7,Store A,Printer,3,373.68,,Tx301944,C4,Mia,Morning,Sunday,1121.04
2025-01-12,9:49,S7,Store A,Tablet,7,230.84,,Tx301945,C1,Noah,Morning,Sunday,1615.88
2023-09-10,14:44,S1,Store D,Laptop,9,34.02,,Tx301946,C3,Olivia,Afternoon,Sunday,306.18
2024-06-12,13:07,S6,Store D,Phone,1,398.76,,Tx301947,C4,Mia,Afternoon,Wednesday,398.76
2024-05-11,9:07,S8,Store B,Desk,9,261.52,,Tx301948,C3,Mia,Morning,Saturday,2353.68
2024-07-11,17:58,S2,Store C,Tablet,1,308.67,,Tx301949,C4,Liam,Evening,Thursday,308.67
2023-08-27,18:57,S8,Store A,Desk,3,223.33,,Tx301950,C2,Noah,Evening,Sunday,669.99
2025-04-24,15:06,S2,Store C,Phone,5,159.9,,Tx301951,C4,Olivia,Afternoon,Thursday,799.5
2024-02-18,13:30,S2,Store D,Desk,7,169.3,,Tx301952,C2,Liam,Afternoon,Sunday,1185.1
2023-06-01,18:08,S10,Store B,Desk,6,47.97,,Tx301953,C1,Olivia,Evening,Thursday,287.82
2024-10-17,17:54,S3,Store C,Laptop,10,391.42,,Tx301954,C3,Olivia,Evening,Thursday,3914.2
2025-06-28,18:02,S1,Store B,Chair,4,32.51,,Tx301955,C5,Olivia,Evening,Saturday,130.04
2025-02-10,10:21,S2,Store B,Monitor,2,56.04,,Tx301956,C5,Olivia,Morning,Monday,112.08
2023-11-09,10:06,S9,Store D,Printer,10,295.53,,Tx301957,C1,Noah,Morning,Thursday,2955.3
2025-06-13,15:16,S8,Store D,Tablet,1,305.05,,Tx301958,C3,Noah,Afternoon,Friday,305.05
2025-03-09,13:50,S3,Store C,Laptop,10,71.44,,Tx301959,C4,Olivia,Afternoon,Sunday,714.4
2023-01-23,17:23,S5,Store C,Chair,10,24.92,,Tx301960,C1,Noah,Evening,Monday,249.2
2023-05-18,13:40,S2,Store C,Tablet,3,120.0,,Tx301961,C3,Noah,Afternoon,Thursday,360.0
2024-06-08,10:22,S7,Store A,Desk,4,79.55,,Tx301962,C4,Mia,Morning,Saturday,318.2
2023-11-27,14:57,S8,Store D,Chair,9,7.52,,Tx301963,C3,Olivia,Afternoon,Monday,67.67999999999999
2024-05-30,10:35,S8,Store D,Chair,1,12.42,,Tx301964,C3,Mia,Morning,Thursday,12.42
2023-10-17,12:45,S5,Store D,Monitor,7,163.51,,Tx301965,C3,Mia,Afternoon,Tuesday,1144.57
2023-02-18,12:49,S3,Store D,Desk,8,51.48,,Tx301966,C4,Noah,Afternoon,Saturday,411.84
2025-06-11,20:11,S7,Store C,Desk,2,366.76,,Tx301967,C2,Liam,Evening,Wednesday,733.52
2024-04-20,13:45,S9,Store B,Phone,3,121.11,,Tx301968,C3,Olivia,Afternoon,Saturday,363.33
2025-02-10,9:46,S10,Store A,Laptop,7,85.91,,Tx301969,C3,Mia,Morning,Monday,601.37
2023-05-03,19:43,S6,Store B,Tablet,5,50.09,,Tx301970,C3,Noah,Evening,Wednesday,250.45
2024-03-19,14:27,S8,Store C,Printer,2,161.52,,Tx301971,C5,Olivia,Afternoon,Tuesday,323.04
2023-10-07,10:33,S6,Store C,Monitor,4,34.8,,Tx301972,C4,Liam,Morning,Saturday,139.2
2025-03-20,21:24,S1,Store D,Tablet,3,185.38,,Tx301973,C1,Noah,Evening,Thursday,556.14
2023-08-05,18:45,S7,Store D,Chair,6,223.02,,Tx301974,C2,Liam,Evening,Saturday,1338.12
2023-07-18,16:44,S5,Store D,Phone,10,48.01,,Tx301975,C1,Mia,Afternoon,Tuesday,480.1
2024-01-13,15:59,S3,Store C,Printer,9,166.29,,Tx301976,C5,Olivia,Afternoon,Saturday,1496.61
2025-05-01,21:03,S6,Store D,Tablet,6,270.73,,Tx301977,C2,Olivia,Evening,Thursday,1624.38
2025-06-02,20:43,S4,Store B,Printer,2,104.12,,Tx301978,C3,Noah,Evening,Monday,208.24
2024-03-01,16:15,S5,Store B,Laptop,2,316.44,,Tx301979,C5,Olivia,Afternoon,Friday,632.88
2023-10-13,19:29,S7,Store D,Laptop,5,363.11,,Tx301980,C1,Mia,Evening,Friday,1815.55
2024-02-24,20:13,S6,Store C,Tablet,2,277.01,,Tx301981,C1,Mia,Evening,Saturday,554.02
2024-05-19,21:45,S4,Store D,Laptop,10,193.77,,Tx301982,C3,Noah,Evening,Sunday,1937.7
2025-02-09,19:24,S2,Store B,Printer,4,162.22,,Tx301983,C3,Noah,Evening,Sunday,648.88
2024-11-06,10:14,S3,Store A,Laptop,3,204.61,,Tx301984,C1,Olivia,Morning,Wednesday,613.83
2024-06-25,15:07,S4,Store A,Chair,10,122.7,,Tx301985,C4,Liam,Afternoon,Tuesday,1227.0
2024-02-04,9:36,S10,Store D,Phone,3,145.46,,Tx301986,C4,Noah,Morning,Sunday,436.38
2023-05-15,13:34,S2,Store C,Laptop,8,130.89,,Tx301987,C3,Noah,Afternoon,Monday,1047.12
2024-08-31,16:42,S2,Store A,Monitor,4,142.82,,Tx301988,C2,Mia,Afternoon,Saturday,571.28
2023-05-17,11:21,S4,Store B,Laptop,1,194.34,,Tx301989,C2,Olivia,Morning,Wednesday,194.34
2024-05-09,9:29,S1,Store A,Laptop,2,376.62,,Tx301990,C2,Liam,Morning,Thursday,753.24
2024-05-20,18:02,S9,Store D,Monitor,2,24.08,,Tx301991,C1,Mia,Evening,Monday,48.16
2024-06-03,12:24,S10,Store D,Tablet,9,332.9,,Tx301992,C2,Mia,Afternoon,Monday,2996.1
2023-10-27,12:14,S4,Store A,Desk,2,371.73,,Tx301993,C3,Mia,Afternoon,Friday,743.46
2023-05-28,14:46,S1,Store D,Tablet,1,305.52,,Tx301994,C2,Mia,Afternoon,Sunday,305.52
2024-06-05,21:37,S5,Store B,Phone,9,138.02,,Tx301995,C1,Olivia,Evening,Wednesday,1242.18
2025-02-26,9:10,S1,Store A,Desk,7,242.35,,Tx301996,C4,Liam,Morning,Wednesday,1696.45
2024-05-19,21:11,S9,Store A,Phone,1,297.65,,Tx301997,C5,Liam,Evening,Sunday,297.65
2023-06-13,13:25,S1,Store A,Desk,1,343.54,,Tx301998,C2,Olivia,Afternoon,Tuesday,343.54
2025-04-17,11:39,S3,Store C,Chair,1,152.49,,Tx301999,C5,Mia,Morning,Thursday,152.49
