customerID,gender,SeniorCitizen,Partner,Dependents,tenure,PhoneService,MultipleLines,InternetService,OnlineSecurity,OnlineBackup,DeviceProtection,TechSupport,StreamingTV,StreamingMovies,Contract,PaperlessBilling,PaymentMethod,MonthlyCharges,TotalCharges,Churn
7590-Vhveg,Female,0,Yes,No,1,No,No Phone Service,Dsl,No,Yes,No,No,No,No,Month-To-Month,Yes,Electronic Check,29.85,29.85,No
5575-Gnvde,Male,0,No,No,34,Yes,No,Dsl,Yes,No,Yes,No,No,No,One Year,No,Mailed Check,56.95,1889.5,No
3668-Qpybk,Male,0,No,No,2,Yes,No,Dsl,Yes,Yes,No,No,No,No,Month-To-Month,Yes,Mailed Check,53.85,108.15,Yes
7795-Cfocw,Male,0,No,No,45,No,No Phone Service,Dsl,Yes,No,Yes,Yes,No,No,One Year,No,Bank Transfer (Automatic),42.3,1840.75,No
9237-Hqitu,Female,0,No,No,2,Yes,No,Fiber Optic,No,No,No,No,No,No,Month-To-Month,Yes,Electronic Check,70.7,151.65,Yes
9305-Cdskc,Female,0,No,No,8,Yes,Yes,Fiber Optic,No,No,Yes,No,Yes,Yes,Month-To-Month,Yes,Electronic Check,99.65,820.5,Yes
1452-Kiovk,Male,0,No,Yes,22,Yes,Yes,Fiber Optic,No,Yes,No,No,Yes,No,Month-To-Month,Yes,Credit Card (Automatic),89.1,1949.4,No
6713-Okomc,Female,0,No,No,10,No,No Phone Service,Dsl,Yes,No,No,No,No,No,Month-To-Month,No,Mailed Check,29.75,301.9,No
7892-Pookp,Female,0,Yes,No,28,Yes,Yes,Fiber Optic,No,No,Yes,Yes,Yes,Yes,Month-To-Month,Yes,Electronic Check,104.8,3046.05,Yes
6388-Tabgu,Male,0,No,Yes,62,Yes,No,Dsl,Yes,Yes,No,No,No,No,One Year,No,Bank Transfer (Automatic),56.15,3487.95,No
9763-Grskd,Male,0,Yes,Yes,13,Yes,No,Dsl,Yes,No,No,No,No,No,Month-To-Month,Yes,Mailed Check,49.95,587.45,No
7469-Lkbci,Male,0,No,No,16,Yes,No,No,No Internet Service,No Internet Service,No Internet Service,No Internet Service,No Internet Service,No Internet Service,Two Year,No,Credit Card (Automatic),18.95,326.8,No
8091-Ttvax,Male,0,Yes,No,58,Yes,Yes,Fiber Optic,No,No,Yes,No,Yes,Yes,One Year,No,Credit Card (Automatic),100.35,5681.1,No
0280-Xjgex,Male,0,No,No,49,Yes,Yes,Fiber Optic,No,Yes,Yes,No,Yes,Yes,Month-To-Month,Yes,Bank Transfer (Automatic),103.7,5036.3,Yes
5129-Jlpis,Male,0,No,No,25,Yes,No,Fiber Optic,Yes,No,Yes,Yes,Yes,Yes,Month-To-Month,Yes,Electronic Check,105.5,2686.05,No
3655-Snqyz,Female,0,Yes,Yes,69,Yes,Yes,Fiber Optic,Yes,Yes,Yes,Yes,Yes,Yes,Two Year,No,Credit Card (Automatic),113.25,7895.15,No
8191-Xwszg,Female,0,No,No,52,Yes,No,No,No Internet Service,No Internet Service,No Internet Service,No Internet Service,No Internet Service,No Internet Service,One Year,No,Mailed Check,20.65,1022.95,No
9959-Wofkt,Male,0,No,Yes,71,Yes,Yes,Fiber Optic,Yes,No,Yes,No,Yes,Yes,Two Year,No,Bank Transfer (Automatic),106.7,7382.25,No
4190-Mfluw,Female,0,Yes,Yes,10,Yes,No,Dsl,No,No,Yes,Yes,No,No,Month-To-Month,No,Credit Card (Automatic),55.2,528.35,Yes
4183-Myfrb,Female,0,No,No,21,Yes,No,Fiber Optic,No,Yes,Yes,No,No,Yes,Month-To-Month,Yes,Electronic Check,90.05,1862.9,No
8779-Qrdmv,Male,1,No,No,1,No,No Phone Service,Dsl,No,No,Yes,No,No,Yes,Month-To-Month,Yes,Electronic Check,39.65,39.65,Yes
1680-Vdcww,Male,0,Yes,No,12,Yes,No,No,No Internet Service,No Internet Service,No Internet Service,No Internet Service,No Internet Service,No Internet Service,One Year,No,Bank Transfer (Automatic),19.8,202.25,No
1066-Jksgk,Male,0,No,No,1,Yes,No,No,No Internet Service,No Internet Service,No Internet Service,No Internet Service,No Internet Service,No Internet Service,Month-To-Month,No,Mailed Check,20.15,20.15,Yes
3638-Weabw,Female,0,Yes,No,58,Yes,Yes,Dsl,No,Yes,No,Yes,No,No,Two Year,Yes,Credit Card (Automatic),59.9,3505.1,No
6322-Hrpfa,Male,0,Yes,Yes,49,Yes,No,Dsl,Yes,Yes,No,Yes,No,No,Month-To-Month,No,Credit Card (Automatic),59.6,2970.3,No
6865-Jznko,Female,0,No,No,30,Yes,No,Dsl,Yes,Yes,No,No,No,No,Month-To-Month,Yes,Bank Transfer (Automatic),55.3,1530.6,No
6467-Chfzw,Male,0,Yes,Yes,47,Yes,Yes,Fiber Optic,No,Yes,No,No,Yes,Yes,Month-To-Month,Yes,Electronic Check,99.35,4749.15,Yes
8665-Utdhz,Male,0,Yes,Yes,1,No,No Phone Service,Dsl,No,Yes,No,No,No,No,Month-To-Month,No,Electronic Check,30.2,30.2,Yes
5248-Ygijn,Male,0,Yes,No,72,Yes,Yes,Dsl,Yes,Yes,Yes,Yes,Yes,Yes,Two Year,Yes,Credit Card (Automatic),90.25,6369.45,No
8773-Hhuoz,Female,0,No,Yes,17,Yes,No,Dsl,No,No,No,No,Yes,Yes,Month-To-Month,Yes,Mailed Check,64.7,1093.1,Yes
3841-Nfecx,Female,1,Yes,No,71,Yes,Yes,Fiber Optic,Yes,Yes,Yes,Yes,No,No,Two Year,Yes,Credit Card (Automatic),96.35,6766.95,No
4929-Xihvw,Male,1,Yes,No,2,Yes,No,Fiber Optic,No,No,Yes,No,Yes,Yes,Month-To-Month,Yes,Credit Card (Automatic),95.5,181.65,No
6827-Ieauq,Female,0,Yes,Yes,27,Yes,No,Dsl,Yes,Yes,Yes,Yes,No,No,One Year,No,Mailed Check,66.15,1874.45,No
7310-Egvhz,Male,0,No,No,1,Yes,No,No,No Internet Service,No Internet Service,No Internet Service,No Internet Service,No Internet Service,No Internet Service,Month-To-Month,No,Bank Transfer (Automatic),20.2,20.2,No
3413-Bmnze,Male,1,No,No,1,Yes,No,Dsl,No,No,No,No,No,No,Month-To-Month,No,Bank Transfer (Automatic),45.25,45.25,No
6234-Raapl,Female,0,Yes,Yes,72,Yes,Yes,Fiber Optic,Yes,Yes,No,Yes,Yes,No,Two Year,No,Bank Transfer (Automatic),99.9,7251.7,No
6047-Yhpvi,Male,0,No,No,5,Yes,No,Fiber Optic,No,No,No,No,No,No,Month-To-Month,Yes,Electronic Check,69.7,316.9,Yes
6572-Adkrs,Female,0,No,No,46,Yes,No,Fiber Optic,No,No,Yes,No,No,No,Month-To-Month,Yes,Credit Card (Automatic),74.8,3548.3,No
5380-Wjkov,Male,0,No,No,34,Yes,Yes,Fiber Optic,No,Yes,Yes,No,Yes,Yes,Month-To-Month,Yes,Electronic Check,106.35,3549.25,Yes
8168-Uqwwf,Female,0,No,No,11,Yes,Yes,Fiber Optic,No,No,Yes,No,Yes,Yes,Month-To-Month,Yes,Bank Transfer (Automatic),97.85,1105.4,Yes
8865-Tnmnx,Male,0,Yes,Yes,10,Yes,No,Dsl,No,Yes,No,No,No,No,One Year,No,Mailed Check,49.55,475.7,No
9489-Dedvp,Female,0,Yes,Yes,70,Yes,Yes,Dsl,Yes,Yes,No,No,Yes,No,Two Year,Yes,Credit Card (Automatic),69.2,4872.35,No
9867-Jczsp,Female,0,Yes,Yes,17,Yes,No,No,No Internet Service,No Internet Service,No Internet Service,No Internet Service,No Internet Service,No Internet Service,One Year,No,Mailed Check,20.75,418.25,No
4671-Vjlcl,Female,0,No,No,63,Yes,Yes,Dsl,Yes,Yes,Yes,Yes,Yes,No,Two Year,Yes,Credit Card (Automatic),79.85,4861.45,No
4080-Iiard,Female,0,Yes,No,13,Yes,Yes,Dsl,Yes,Yes,No,Yes,Yes,No,Month-To-Month,Yes,Electronic Check,76.2,981.45,No
3714-Ntnfo,Female,0,No,No,49,Yes,Yes,Fiber Optic,No,No,No,No,No,Yes,Month-To-Month,Yes,Electronic Check,84.5,3906.7,No
5948-Ujzlf,Male,0,No,No,2,Yes,No,Dsl,No,Yes,No,No,No,No,Month-To-Month,No,Mailed Check,49.25,97,No
7760-Oypdy,Female,0,No,No,2,Yes,No,Fiber Optic,No,No,No,No,Yes,No,Month-To-Month,Yes,Electronic Check,80.65,144.15,Yes
7639-Liayi,Male,0,No,No,52,Yes,Yes,Dsl,Yes,No,No,Yes,Yes,Yes,Two Year,Yes,Credit Card (Automatic),79.75,4217.8,No
2954-Pibko,Female,0,Yes,Yes,69,Yes,Yes,Dsl,Yes,No,Yes,Yes,No,No,Two Year,Yes,Credit Card (Automatic),64.15,4254.1,No
8012-Soudq,Female,1,No,No,43,Yes,Yes,Fiber Optic,No,Yes,No,No,Yes,No,Month-To-Month,Yes,Electronic Check,90.25,3838.75,No
9420-Lojkx,Female,0,No,No,15,Yes,No,Fiber Optic,Yes,Yes,No,No,Yes,Yes,Month-To-Month,Yes,Credit Card (Automatic),99.1,1426.4,Yes
6575-Suvoi,Female,1,Yes,No,25,Yes,Yes,Dsl,Yes,No,No,Yes,Yes,No,Month-To-Month,Yes,Credit Card (Automatic),69.5,1752.65,No
7495-Ookfy,Female,1,Yes,No,8,Yes,Yes,Fiber Optic,No,Yes,No,No,No,No,Month-To-Month,Yes,Credit Card (Automatic),80.65,633.3,Yes
4667-Qonea,Female,1,Yes,Yes,60,Yes,No,Dsl,Yes,Yes,Yes,Yes,No,Yes,One Year,Yes,Credit Card (Automatic),74.85,4456.35,No
1658-Bygoy,Male,1,No,No,18,Yes,Yes,Fiber Optic,No,No,No,No,Yes,Yes,Month-To-Month,Yes,Electronic Check,95.45,1752.55,Yes
8769-Kktph,Female,0,Yes,Yes,63,Yes,Yes,Fiber Optic,Yes,No,No,No,Yes,Yes,One Year,Yes,Credit Card (Automatic),99.65,6311.2,No
5067-Xjqfu,Male,1,Yes,Yes,66,Yes,Yes,Fiber Optic,No,Yes,Yes,Yes,Yes,Yes,One Year,Yes,Electronic Check,108.45,7076.35,No
3957-Sqxml,Female,0,Yes,Yes,34,Yes,Yes,No,No Internet Service,No Internet Service,No Internet Service,No Internet Service,No Internet Service,No Internet Service,Two Year,No,Credit Card (Automatic),24.95,894.3,No
5954-Bdfsg,Female,0,No,No,72,Yes,Yes,Fiber Optic,No,No,Yes,Yes,Yes,Yes,Two Year,Yes,Credit Card (Automatic),107.5,7853.7,No
0434-Csfon,Female,0,Yes,No,47,Yes,Yes,Fiber Optic,No,No,Yes,No,Yes,Yes,Month-To-Month,Yes,Electronic Check,100.5,4707.1,No
1215-Figmp,Male,0,No,No,60,Yes,Yes,Fiber Optic,No,Yes,No,No,Yes,No,Month-To-Month,Yes,Bank Transfer (Automatic),89.9,5450.7,No
0526-Sxdjp,Male,0,Yes,No,72,No,No Phone Service,Dsl,Yes,Yes,Yes,No,No,No,Two Year,No,Bank Transfer (Automatic),42.1,2962,No
0557-Askvu,Female,0,Yes,Yes,18,Yes,No,Dsl,No,No,Yes,Yes,No,No,One Year,Yes,Credit Card (Automatic),54.4,957.1,No
5698-Bqjoh,Female,0,No,No,9,Yes,Yes,Fiber Optic,No,No,No,No,Yes,Yes,Month-To-Month,No,Electronic Check,94.4,857.25,Yes
5122-Cyfxa,Female,0,No,No,3,Yes,No,Dsl,No,Yes,No,Yes,Yes,Yes,Month-To-Month,Yes,Electronic Check,75.3,244.1,No
8627-Zygsz,Male,0,Yes,No,47,Yes,Yes,Fiber Optic,No,Yes,No,No,No,No,One Year,Yes,Electronic Check,78.9,3650.35,No
3410-Yoqbq,Female,0,No,No,31,Yes,No,Dsl,No,Yes,Yes,Yes,Yes,Yes,Two Year,No,Mailed Check,79.2,2497.2,No
3170-Nmyvv,Female,0,Yes,Yes,50,Yes,No,No,No Internet Service,No Internet Service,No Internet Service,No Internet Service,No Internet Service,No Internet Service,Two Year,No,Bank Transfer (Automatic),20.15,930.9,No
7410-Oiedu,Male,0,No,No,10,Yes,No,Fiber Optic,Yes,No,Yes,No,No,No,Month-To-Month,Yes,Mailed Check,79.85,887.35,No
2273-Qckxa,Male,0,No,No,1,Yes,No,Dsl,No,No,No,Yes,No,No,Month-To-Month,No,Mailed Check,49.05,49.05,No
0731-Ebjqb,Female,0,Yes,Yes,52,Yes,No,No,No Internet Service,No Internet Service,No Internet Service,No Internet Service,No Internet Service,No Internet Service,One Year,Yes,Electronic Check,20.4,1090.65,No
1891-Qrqsa,Male,1,Yes,Yes,64,Yes,Yes,Fiber Optic,Yes,No,Yes,Yes,Yes,Yes,Two Year,Yes,Bank Transfer (Automatic),111.6,7099,No
8028-Pnxhq,Male,0,Yes,Yes,62,Yes,Yes,No,No Internet Service,No Internet Service,No Internet Service,No Internet Service,No Internet Service,No Internet Service,Two Year,Yes,Bank Transfer (Automatic),24.25,1424.6,No
5630-Ahzil,Female,0,No,Yes,3,Yes,No,Dsl,Yes,No,No,Yes,No,Yes,Month-To-Month,Yes,Bank Transfer (Automatic),64.5,177.4,No
2673-Cxqeu,Female,1,No,No,56,Yes,Yes,Fiber Optic,Yes,Yes,Yes,No,Yes,Yes,One Year,No,Electronic Check,110.5,6139.5,No
6416-Jnvrk,Female,0,No,No,46,Yes,No,Dsl,No,No,No,No,No,Yes,One Year,No,Credit Card (Automatic),55.65,2688.85,No
5590-Zskrv,Female,0,Yes,Yes,8,Yes,No,Dsl,Yes,Yes,No,No,No,No,Month-To-Month,No,Mailed Check,54.65,482.25,No
0191-Zhskz,Male,1,No,No,30,Yes,No,Dsl,Yes,Yes,No,No,Yes,Yes,Month-To-Month,Yes,Electronic Check,74.75,2111.3,No
3887-Pbqao,Female,0,Yes,Yes,45,Yes,Yes,No,No Internet Service,No Internet Service,No Internet Service,No Internet Service,No Internet Service,No Internet Service,One Year,Yes,Credit Card (Automatic),25.9,1216.6,No
5919-Tmrgd,Female,0,No,Yes,1,Yes,No,Fiber Optic,No,No,No,No,Yes,No,Month-To-Month,Yes,Electronic Check,79.35,79.35,Yes
8108-Uxrqn,Female,0,Yes,Yes,11,No,No Phone Service,Dsl,Yes,No,No,No,Yes,Yes,Month-To-Month,No,Electronic Check,50.55,565.35,No
9191-Myqkx,Female,0,Yes,No,7,Yes,No,Fiber Optic,No,No,Yes,No,No,No,Month-To-Month,Yes,Bank Transfer (Automatic),75.15,496.9,Yes
9919-Ylnng,Female,0,No,No,42,Yes,No,Fiber Optic,No,Yes,Yes,Yes,Yes,Yes,Month-To-Month,Yes,Bank Transfer (Automatic),103.8,4327.5,No
0318-Zopws,Female,0,Yes,No,49,Yes,No,No,No Internet Service,No Internet Service,No Internet Service,No Internet Service,No Internet Service,No Internet Service,Two Year,Yes,Bank Transfer (Automatic),20.15,973.35,No
4445-Zjnmu,Male,0,No,No,9,Yes,Yes,Fiber Optic,No,Yes,No,No,Yes,Yes,Month-To-Month,Yes,Credit Card (Automatic),99.3,918.75,No
4808-Ynleu,Female,0,Yes,No,35,Yes,No,Dsl,Yes,No,No,No,Yes,No,One Year,Yes,Bank Transfer (Automatic),62.15,2215.45,No
1862-Qrwpe,Female,0,Yes,Yes,48,Yes,No,No,No Internet Service,No Internet Service,No Internet Service,No Internet Service,No Internet Service,No Internet Service,Two Year,No,Bank Transfer (Automatic),20.65,1057,No
2796-Nnufi,Female,0,Yes,Yes,46,Yes,No,No,No Internet Service,No Internet Service,No Internet Service,No Internet Service,No Internet Service,No Internet Service,Two Year,Yes,Mailed Check,19.95,927.1,No
3016-Ksvcp,Male,0,Yes,No,29,No,No Phone Service,Dsl,No,No,No,No,Yes,No,Month-To-Month,No,Mailed Check,33.75,1009.25,No
4767-Hzzhq,Male,0,Yes,Yes,30,Yes,No,Fiber Optic,No,Yes,Yes,No,No,No,Month-To-Month,No,Bank Transfer (Automatic),82.05,2570.2,No
2424-Wvhpl,Male,1,No,No,1,Yes,No,Fiber Optic,No,No,No,Yes,No,No,Month-To-Month,No,Electronic Check,74.7,74.7,No
7233-Pahhl,Male,0,Yes,Yes,66,Yes,Yes,Dsl,Yes,No,Yes,Yes,Yes,Yes,Two Year,Yes,Mailed Check,84.0,5714.25,No
6067-Ngceu,Female,0,No,No,65,Yes,Yes,Fiber Optic,Yes,Yes,Yes,No,Yes,Yes,Month-To-Month,Yes,Credit Card (Automatic),111.05,7107,No
9848-Jqjtx,Male,0,No,No,72,Yes,Yes,Fiber Optic,No,Yes,Yes,No,Yes,Yes,Two Year,Yes,Bank Transfer (Automatic),100.9,7459.05,No
8637-Xjivr,Female,0,No,No,12,Yes,Yes,Fiber Optic,Yes,No,No,No,No,No,Month-To-Month,Yes,Electronic Check,78.95,927.35,Yes
9803-Ftjcg,Male,0,Yes,Yes,71,Yes,Yes,Dsl,Yes,Yes,No,Yes,No,No,One Year,Yes,Credit Card (Automatic),66.85,4748.7,No
0278-Yxoog,Male,0,No,No,5,Yes,No,No,No Internet Service,No Internet Service,No Internet Service,No Internet Service,No Internet Service,No Internet Service,Month-To-Month,No,Mailed Check,21.05,113.85,Yes
3212-Kxocr,Male,0,No,No,52,Yes,No,No,No Internet Service,No Internet Service,No Internet Service,No Internet Service,No Internet Service,No Internet Service,Two Year,No,Bank Transfer (Automatic),21.0,1107.2,No
4598-Xlknj,Female,1,Yes,No,25,Yes,No,Fiber Optic,No,Yes,Yes,No,Yes,Yes,Month-To-Month,Yes,Electronic Check,98.5,2514.5,Yes
6380-Arceh,Male,0,No,No,1,Yes,No,No,No Internet Service,No Internet Service,No Internet Service,No Internet Service,No Internet Service,No Internet Service,Month-To-Month,No,Mailed Check,20.2,20.2,No
3679-Xaspy,Female,0,Yes,Yes,1,Yes,No,No,No Internet Service,No Internet Service,No Internet Service,No Internet Service,No Internet Service,No Internet Service,Month-To-Month,No,Electronic Check,19.45,19.45,No
7123-Wquhx,Male,0,No,No,38,Yes,Yes,Fiber Optic,No,No,Yes,Yes,Yes,No,One Year,No,Bank Transfer (Automatic),95.0,3605.6,No
5386-Thslq,Female,1,Yes,No,66,No,No Phone Service,Dsl,No,Yes,Yes,No,Yes,No,One Year,No,Bank Transfer (Automatic),45.55,3027.25,No
3192-Nqeca,Male,0,Yes,No,68,Yes,Yes,Fiber Optic,No,Yes,Yes,Yes,Yes,Yes,Two Year,Yes,Bank Transfer (Automatic),110.0,7611.85,Yes
6180-Ybiqi,Male,0,No,No,5,No,No Phone Service,Dsl,No,No,No,No,No,No,Month-To-Month,No,Mailed Check,24.3,100.2,No
6728-Dkuco,Female,0,Yes,Yes,72,Yes,Yes,Fiber Optic,Yes,Yes,No,No,Yes,Yes,One Year,Yes,Electronic Check,104.15,7303.05,No
9750-Boohv,Female,0,No,No,32,No,No Phone Service,Dsl,Yes,No,No,No,No,No,One Year,No,Mailed Check,30.15,927.65,No
8597-Cwyhh,Male,0,No,No,43,Yes,Yes,Fiber Optic,No,No,No,No,Yes,Yes,One Year,No,Mailed Check,94.35,3921.3,No
2848-Yxsmw,Male,0,Yes,Yes,72,Yes,No,No,No Internet Service,No Internet Service,No Internet Service,No Internet Service,No Internet Service,No Internet Service,Two Year,No,Credit Card (Automatic),19.4,1363.25,No
0486-Heczi,Male,0,Yes,No,55,Yes,Yes,Fiber Optic,Yes,Yes,No,No,Yes,No,Month-To-Month,Yes,Electronic Check,96.75,5238.9,Yes
4549-Zdqyy,Female,0,No,No,52,Yes,No,Dsl,Yes,No,Yes,Yes,No,No,One Year,No,Credit Card (Automatic),57.95,3042.25,No
5712-Ahqnn,Female,0,No,No,43,Yes,No,Fiber Optic,No,Yes,Yes,No,Yes,No,Month-To-Month,Yes,Electronic Check,91.65,3954.1,No
4846-Whafz,Female,1,Yes,No,37,Yes,Yes,Fiber Optic,No,No,No,No,No,No,Month-To-Month,Yes,Electronic Check,76.5,2868.15,Yes
5256-Skjgo,Female,0,Yes,Yes,64,No,No Phone Service,Dsl,No,Yes,No,Yes,Yes,Yes,Two Year,Yes,Electronic Check,54.6,3423.5,No
3071-Vbypo,Male,0,Yes,Yes,3,Yes,No,Fiber Optic,Yes,Yes,No,No,Yes,No,Month-To-Month,No,Electronic Check,89.85,248.4,No
9560-Bbzxk,Female,0,No,No,36,No,No Phone Service,Dsl,Yes,No,No,No,No,No,Two Year,No,Bank Transfer (Automatic),31.05,1126.35,No
5299-Ruloa,Female,0,Yes,Yes,10,Yes,Yes,Fiber Optic,Yes,No,No,No,Yes,Yes,Month-To-Month,Yes,Electronic Check,100.25,1064.65,Yes
8402-Ooohj,Female,0,No,No,41,Yes,No,No,No Internet Service,No Internet Service,No Internet Service,No Internet Service,No Internet Service,No Internet Service,Two Year,No,Mailed Check,20.65,835.15,No
9445-Zueqe,Male,0,Yes,Yes,27,Yes,Yes,Fiber Optic,No,Yes,No,Yes,No,No,Month-To-Month,Yes,Credit Card (Automatic),85.2,2151.6,No
1091-Sozga,Female,0,Yes,Yes,56,Yes,Yes,Fiber Optic,No,No,Yes,No,Yes,Yes,One Year,Yes,Credit Card (Automatic),99.8,5515.45,No
2928-Hldba,Female,0,No,No,6,Yes,No,No,No Internet Service,No Internet Service,No Internet Service,No Internet Service,No Internet Service,No Internet Service,Month-To-Month,No,Mailed Check,20.7,112.75,No
0404-Swrvg,Male,0,No,No,3,Yes,Yes,Fiber Optic,No,No,No,No,No,No,Month-To-Month,Yes,Electronic Check,74.4,229.55,Yes
6497-Tilvl,Female,0,Yes,Yes,7,Yes,No,Dsl,Yes,No,No,No,No,No,Month-To-Month,No,Mailed Check,50.7,350.35,No
7219-Tlzho,Female,0,Yes,Yes,4,Yes,No,No,No Internet Service,No Internet Service,No Internet Service,No Internet Service,No Internet Service,No Internet Service,Month-To-Month,No,Mailed Check,20.85,62.9,No
4622-Ynkij,Male,0,No,No,33,Yes,No,Fiber Optic,Yes,No,No,Yes,Yes,No,Two Year,Yes,Electronic Check,88.95,3027.65,No
4412-Yltkf,Female,1,No,No,27,Yes,Yes,Fiber Optic,No,No,Yes,No,No,No,Month-To-Month,Yes,Electronic Check,78.05,2135.5,Yes
6734-Psbaw,Male,0,Yes,No,72,Yes,Yes,No,No Internet Service,No Internet Service,No Internet Service,No Internet Service,No Internet Service,No Internet Service,Two Year,Yes,Bank Transfer (Automatic),23.55,1723.95,No
3930-Zgwve,Male,0,No,No,1,Yes,No,No,No Internet Service,No Internet Service,No Internet Service,No Internet Service,No Internet Service,No Internet Service,Month-To-Month,No,Mailed Check,19.75,19.75,No
2639-Ugmaz,Male,1,No,No,71,No,No Phone Service,Dsl,Yes,Yes,No,No,Yes,Yes,One Year,Yes,Electronic Check,56.45,3985.35,No
2876-Gzyzc,Female,0,No,No,13,Yes,Yes,Fiber Optic,No,No,No,No,No,Yes,Month-To-Month,Yes,Electronic Check,85.95,1215.65,No
6207-Wiolx,Female,0,Yes,Yes,25,No,No Phone Service,Dsl,Yes,Yes,Yes,No,Yes,Yes,Month-To-Month,Yes,Credit Card (Automatic),58.6,1502.65,Yes
8587-Xyzsf,Male,0,No,No,67,Yes,No,Dsl,No,No,No,Yes,No,No,Two Year,No,Bank Transfer (Automatic),50.55,3260.1,No
3091-Fyhki,Male,0,No,No,1,No,No Phone Service,Dsl,No,No,No,No,No,Yes,Month-To-Month,Yes,Electronic Check,35.45,35.45,Yes
2372-Hwuhi,Male,0,No,No,2,Yes,No,Dsl,No,No,No,No,No,No,Month-To-Month,No,Electronic Check,44.35,81.25,Yes
7799-Lgrdp,Female,0,No,No,43,Yes,Yes,No,No Internet Service,No Internet Service,No Internet Service,No Internet Service,No Internet Service,No Internet Service,Two Year,Yes,Credit Card (Automatic),25.7,1188.2,No
7850-Vwjuu,Female,0,No,No,23,Yes,No,Fiber Optic,Yes,No,No,No,No,No,Month-To-Month,Yes,Bank Transfer (Automatic),75.0,1778.5,No
3774-Vbnxy,Female,0,Yes,Yes,64,Yes,No,No,No Internet Service,No Internet Service,No Internet Service,No Internet Service,No Internet Service,No Internet Service,Two Year,No,Mailed Check,20.2,1277.75,No
6217-Kdywc,Male,0,No,Yes,57,Yes,No,No,No Internet Service,No Internet Service,No Internet Service,No Internet Service,No Internet Service,No Internet Service,Two Year,Yes,Mailed Check,19.6,1170.55,No
0390-Dcfdq,Female,1,Yes,No,1,Yes,No,Fiber Optic,No,No,No,No,No,No,Month-To-Month,Yes,Mailed Check,70.45,70.45,Yes
3146-Msegf,Female,1,Yes,Yes,72,Yes,Yes,Dsl,Yes,Yes,Yes,Yes,Yes,Yes,Two Year,Yes,Credit Card (Automatic),88.05,6425.65,No
4080-Ogpjl,Female,0,No,No,8,Yes,Yes,Dsl,Yes,No,No,Yes,No,Yes,Month-To-Month,No,Electronic Check,71.15,563.65,Yes
1095-Wgngg,Female,0,Yes,No,61,Yes,Yes,Fiber Optic,No,Yes,No,No,Yes,Yes,Two Year,Yes,Bank Transfer (Automatic),101.05,5971.25,No
2636-Sjdou,Male,0,No,No,64,Yes,Yes,Fiber Optic,Yes,Yes,No,No,No,No,One Year,Yes,Credit Card (Automatic),84.3,5289.05,No
1131-Qqzeb,Male,1,Yes,No,71,Yes,Yes,No,No Internet Service,No Internet Service,No Internet Service,No Internet Service,No Internet Service,No Internet Service,Two Year,No,Bank Transfer (Automatic),23.95,1756.2,No
5716-Ezxzn,Female,0,Yes,Yes,65,Yes,Yes,Fiber Optic,Yes,Yes,No,Yes,Yes,No,Two Year,Yes,Credit Card (Automatic),99.05,6416.7,No
6837-Bjydq,Male,0,No,No,3,Yes,No,No,No Internet Service,No Internet Service,No Internet Service,No Internet Service,No Internet Service,No Internet Service,One Year,No,Mailed Check,19.6,61.35,No
2135-Rxihg,Male,0,No,No,1,Yes,No,Dsl,No,No,No,No,No,No,Month-To-Month,Yes,Electronic Check,45.65,45.65,Yes
6440-Dkqge,Male,0,No,Yes,30,Yes,No,Dsl,No,Yes,Yes,No,Yes,No,One Year,No,Credit Card (Automatic),64.5,1929.95,No
3466-Byavd,Male,0,Yes,Yes,15,Yes,No,Dsl,No,Yes,Yes,Yes,No,Yes,Month-To-Month,Yes,Mailed Check,69.5,1071.4,No
3780-Yvmfa,Female,0,Yes,Yes,8,Yes,No,Dsl,No,No,No,Yes,Yes,Yes,Month-To-Month,Yes,Electronic Check,68.55,564.35,No
3874-Eqoep,Male,0,No,No,7,Yes,Yes,Fiber Optic,No,No,No,No,Yes,Yes,Month-To-Month,No,Mailed Check,95.0,655.5,Yes
1679-Jrfbr,Female,0,Yes,Yes,70,Yes,Yes,Fiber Optic,Yes,Yes,Yes,No,Yes,Yes,One Year,Yes,Credit Card (Automatic),108.15,7930.55,No
9073-Zziay,Male,0,Yes,Yes,62,Yes,No,Dsl,Yes,Yes,Yes,Yes,Yes,Yes,Two Year,No,Electronic Check,86.1,5215.25,No
3077-Rsntj,Female,0,Yes,Yes,6,Yes,No,No,No Internet Service,No Internet Service,No Internet Service,No Internet Service,No Internet Service,No Internet Service,Month-To-Month,No,Mailed Check,19.7,113.5,No
6551-Gnydg,Female,0,Yes,Yes,14,Yes,No,Fiber Optic,No,No,No,No,No,Yes,Month-To-Month,Yes,Bank Transfer (Automatic),80.9,1152.8,No
9167-Apmxz,Female,0,No,No,22,Yes,Yes,Fiber Optic,No,No,No,No,Yes,No,Month-To-Month,Yes,Bank Transfer (Automatic),84.15,1821.95,No
2749-Ctkaj,Male,0,Yes,Yes,22,Yes,No,No,No Internet Service,No Internet Service,No Internet Service,No Internet Service,No Internet Service,No Internet Service,One Year,No,Mailed Check,20.15,419.9,No
6371-Nzyeg,Male,0,Yes,Yes,16,Yes,No,Dsl,Yes,No,Yes,No,Yes,No,Two Year,No,Mailed Check,64.25,1024,No
7554-Newdd,Male,0,No,No,10,Yes,Yes,No,No Internet Service,No Internet Service,No Internet Service,No Internet Service,No Internet Service,No Internet Service,Two Year,No,Bank Transfer (Automatic),25.7,251.6,No
8992-Vonjd,Female,0,No,Yes,13,Yes,No,Dsl,Yes,Yes,No,No,No,No,Month-To-Month,Yes,Electronic Check,56.0,764.55,No
0867-Mkzvy,Female,0,Yes,No,20,Yes,Yes,Fiber Optic,Yes,No,No,No,No,No,Month-To-Month,No,Electronic Check,82.4,1592.35,Yes
4482-Ewfmi,Female,0,No,No,2,Yes,No,Fiber Optic,No,No,No,No,No,No,Month-To-Month,Yes,Electronic Check,69.7,135.2,No
4648-Ypbtm,Male,0,No,No,53,Yes,Yes,Dsl,No,Yes,Yes,Yes,No,Yes,Two Year,Yes,Bank Transfer (Automatic),73.9,3958.25,No
2907-Iljbn,Female,0,Yes,Yes,11,Yes,No,No,No Internet Service,No Internet Service,No Internet Service,No Internet Service,No Internet Service,No Internet Service,One Year,No,Mailed Check,20.6,233.9,No
6345-Fzoqh,Male,0,Yes,No,69,Yes,No,No,No Internet Service,No Internet Service,No Internet Service,No Internet Service,No Internet Service,No Internet Service,Two Year,No,Mailed Check,19.9,1363.45,No
3376-Bmgfe,Female,0,No,No,4,Yes,No,Fiber Optic,No,No,No,No,No,No,Month-To-Month,Yes,Bank Transfer (Automatic),70.9,273,Yes
5997-Opvfa,Male,0,Yes,No,72,Yes,Yes,Dsl,Yes,Yes,Yes,Yes,Yes,Yes,Two Year,Yes,Bank Transfer (Automatic),89.05,6254.45,No
3445-Hxxgf,Male,1,Yes,No,58,No,No Phone Service,Dsl,No,Yes,Yes,No,No,Yes,Month-To-Month,Yes,Electronic Check,45.3,2651.2,Yes
1159-Wfsgr,Female,0,Yes,Yes,16,Yes,No,No,No Internet Service,No Internet Service,No Internet Service,No Internet Service,No Internet Service,No Internet Service,Month-To-Month,No,Electronic Check,20.4,321.4,No
7654-Ywjuf,Male,0,Yes,No,43,Yes,No,Fiber Optic,Yes,No,Yes,Yes,No,No,One Year,Yes,Bank Transfer (Automatic),84.25,3539.25,No
1875-Qivme,Female,0,Yes,No,2,Yes,Yes,Fiber Optic,No,No,Yes,Yes,Yes,Yes,Month-To-Month,Yes,Electronic Check,104.4,242.8,Yes
6727-Iotlz,Male,0,Yes,No,14,Yes,No,Dsl,No,Yes,Yes,Yes,Yes,Yes,Two Year,No,Mailed Check,81.95,1181.75,No
0691-Jvsya,Female,0,Yes,No,53,Yes,No,Fiber Optic,No,No,Yes,No,Yes,Yes,One Year,Yes,Bank Transfer (Automatic),94.85,5000.2,Yes
5918-Vukwp,Female,0,No,No,32,Yes,No,No,No Internet Service,No Internet Service,No Internet Service,No Internet Service,No Internet Service,No Internet Service,One Year,No,Bank Transfer (Automatic),20.55,654.55,No
1744-Jhkys,Female,0,Yes,No,34,Yes,Yes,No,No Internet Service,No Internet Service,No Internet Service,No Internet Service,No Internet Service,No Internet Service,Month-To-Month,No,Electronic Check,24.7,780.2,No
2656-Fmokz,Female,1,No,No,15,Yes,Yes,Fiber Optic,No,No,No,No,No,No,Month-To-Month,Yes,Mailed Check,74.45,1145.7,Yes
2070-Fnexe,Female,1,No,No,7,Yes,No,Fiber Optic,Yes,No,No,No,No,No,Month-To-Month,No,Bank Transfer (Automatic),76.45,503.6,Yes
5947-Sgkcl,Female,0,Yes,Yes,15,Yes,Yes,Fiber Optic,No,Yes,Yes,No,Yes,Yes,Month-To-Month,Yes,Bank Transfer (Automatic),105.35,1559.25,No
3712-Pkxza,Male,0,Yes,No,61,Yes,No,No,No Internet Service,No Internet Service,No Internet Service,No Internet Service,No Internet Service,No Internet Service,One Year,Yes,Credit Card (Automatic),20.55,1252,No
6317-Ypkdh,Female,0,No,No,1,No,No Phone Service,Dsl,No,Yes,No,No,No,No,Month-To-Month,No,Bank Transfer (Automatic),29.95,29.95,Yes
6582-Oivsp,Female,0,No,No,1,Yes,No,Dsl,No,No,No,No,No,No,Month-To-Month,No,Mailed Check,45.3,45.3,No
9367-Wxlch,Male,0,No,No,8,Yes,Yes,Fiber Optic,No,No,No,No,No,Yes,Month-To-Month,No,Bank Transfer (Automatic),84.5,662.65,Yes
5524-Khnjp,Male,0,Yes,Yes,33,Yes,No,Dsl,Yes,No,Yes,No,Yes,Yes,One Year,No,Credit Card (Automatic),74.75,2453.3,No
1918-Zbfqj,Female,0,No,No,13,Yes,No,Fiber Optic,No,Yes,Yes,No,No,No,Month-To-Month,Yes,Electronic Check,79.25,1111.65,Yes
1024-Guald,Female,0,Yes,No,1,No,No Phone Service,Dsl,No,No,No,No,No,No,Month-To-Month,Yes,Electronic Check,24.8,24.8,Yes
4827-Usjhp,Male,0,No,No,20,Yes,No,Dsl,No,Yes,No,No,No,No,Month-To-Month,Yes,Mailed Check,51.8,1023.85,No
8167-Gjlrn,Male,0,No,No,3,No,No Phone Service,Dsl,No,No,No,Yes,No,No,Month-To-Month,No,Electronic Check,30.4,82.15,No
0956-Sycwg,Female,0,No,No,13,Yes,No,No,No Internet Service,No Internet Service,No Internet Service,No Internet Service,No Internet Service,No Internet Service,One Year,No,Electronic Check,19.65,244.8,No
8017-Uvszu,Female,0,Yes,No,40,Yes,Yes,Dsl,No,Yes,No,No,No,No,Month-To-Month,No,Credit Card (Automatic),56.6,2379.1,No
7100-Fqprv,Male,0,Yes,Yes,43,Yes,Yes,Dsl,Yes,No,No,Yes,No,Yes,One Year,Yes,Credit Card (Automatic),71.9,3173.35,No
2472-Ovkup,Male,0,Yes,No,6,Yes,No,Fiber Optic,No,Yes,Yes,No,No,Yes,Month-To-Month,Yes,Electronic Check,91.0,531,Yes
2984-Rgeya,Female,0,Yes,Yes,69,Yes,No,No,No Internet Service,No Internet Service,No Internet Service,No Internet Service,No Internet Service,No Internet Service,Two Year,No,Bank Transfer (Automatic),19.75,1375.4,No
9680-Niauv,Female,0,Yes,Yes,72,Yes,Yes,Fiber Optic,Yes,Yes,Yes,No,Yes,Yes,Two Year,No,Credit Card (Automatic),109.7,8129.3,No
2146-Egvdt,Male,0,Yes,Yes,59,Yes,No,No,No Internet Service,No Internet Service,No Internet Service,No Internet Service,No Internet Service,No Internet Service,Two Year,No,Credit Card (Automatic),19.3,1192.7,No
2604-Ijpdu,Female,0,Yes,No,20,Yes,No,Fiber Optic,Yes,Yes,No,Yes,Yes,No,Month-To-Month,Yes,Electronic Check,96.55,1901.65,No
9178-Jhuvj,Male,0,Yes,Yes,24,Yes,Yes,No,No Internet Service,No Internet Service,No Internet Service,No Internet Service,No Internet Service,No Internet Service,Two Year,Yes,Bank Transfer (Automatic),24.1,587.4,No
6168-Ybynp,Male,0,No,No,59,Yes,Yes,Fiber Optic,No,Yes,Yes,Yes,Yes,Yes,Month-To-Month,Yes,Electronic Check,111.35,6519.75,No
7255-Ssfbc,Male,0,Yes,Yes,72,Yes,Yes,Fiber Optic,No,Yes,Yes,Yes,Yes,Yes,Two Year,Yes,Bank Transfer (Automatic),112.25,8041.65,No
3645-Deygf,Male,0,No,Yes,1,Yes,No,No,No Internet Service,No Internet Service,No Internet Service,No Internet Service,No Internet Service,No Internet Service,Month-To-Month,No,Mailed Check,20.75,20.75,No
9323-Hgfwy,Female,0,Yes,No,27,Yes,No,Fiber Optic,Yes,No,No,Yes,Yes,Yes,One Year,Yes,Credit Card (Automatic),101.9,2681.15,No
8544-Goqsh,Female,0,No,No,14,Yes,No,Fiber Optic,No,Yes,No,Yes,No,No,Month-To-Month,Yes,Credit Card (Automatic),80.05,1112.3,No
3363-Dtivd,Male,0,Yes,Yes,71,Yes,Yes,Fiber Optic,Yes,No,Yes,No,Yes,Yes,Two Year,No,Electronic Check,105.55,7405.5,No
7018-Wbjnk,Male,0,No,Yes,13,Yes,No,Fiber Optic,No,No,No,No,Yes,No,Month-To-Month,Yes,Credit Card (Automatic),78.3,1033.95,No
9142-Kzxop,Male,0,No,No,44,Yes,No,Fiber Optic,No,No,No,No,No,No,Month-To-Month,No,Credit Card (Automatic),68.85,2958.95,No
7674-Ytafd,Female,0,No,No,33,Yes,No,Fiber Optic,No,Yes,No,Yes,No,No,One Year,Yes,Bank Transfer (Automatic),79.95,2684.85,No
6348-Snfus,Male,0,Yes,Yes,72,No,No Phone Service,Dsl,Yes,Yes,Yes,Yes,No,Yes,Two Year,Yes,Credit Card (Automatic),55.45,4179.2,No
1285-Okipp,Male,0,No,No,1,Yes,No,Fiber Optic,No,No,No,No,No,Yes,Month-To-Month,No,Electronic Check,79.9,79.9,Yes
7825-Ecjrf,Female,0,No,No,19,Yes,No,Fiber Optic,Yes,No,Yes,Yes,Yes,Yes,Month-To-Month,Yes,Electronic Check,106.6,1934.45,Yes
1347-Kttta,Male,0,Yes,No,64,Yes,No,Fiber Optic,No,Yes,Yes,Yes,Yes,Yes,One Year,Yes,Credit Card (Automatic),102.45,6654.1,No
7841-Tzdmq,Male,0,No,No,2,Yes,No,Dsl,No,No,No,No,No,No,Month-To-Month,Yes,Credit Card (Automatic),46.0,84.5,Yes
4195-Nzgta,Female,0,No,No,1,No,No Phone Service,Dsl,No,No,No,No,No,No,Month-To-Month,No,Electronic Check,25.25,25.25,No
7157-Smcfk,Male,0,No,Yes,61,Yes,No,No,No Internet Service,No Internet Service,No Internet Service,No Internet Service,No Internet Service,No Internet Service,Two Year,No,Mailed Check,19.75,1124.2,No
4709-Lkhyg,Female,0,Yes,Yes,29,Yes,No,No,No Internet Service,No Internet Service,No Internet Service,No Internet Service,No Internet Service,No Internet Service,One Year,No,Electronic Check,20.0,540.05,No
2504-Dshih,Male,1,Yes,No,23,Yes,Yes,Fiber Optic,No,No,No,No,No,Yes,Month-To-Month,No,Electronic Check,86.8,1975.85,No
0699-Ndkjm,Female,0,Yes,No,57,No,No Phone Service,Dsl,Yes,Yes,Yes,No,Yes,Yes,Month-To-Month,Yes,Bank Transfer (Automatic),58.75,3437.45,No
9286-Bhdqg,Male,0,Yes,Yes,72,No,No Phone Service,Dsl,Yes,Yes,Yes,Yes,No,No,Two Year,No,Credit Card (Automatic),45.25,3139.8,No
0230-Wequw,Male,0,Yes,No,66,No,No Phone Service,Dsl,Yes,Yes,Yes,Yes,Yes,No,Two Year,Yes,Bank Transfer (Automatic),56.6,3789.2,No
2040-Ldiwq,Male,0,Yes,Yes,65,Yes,Yes,Dsl,No,Yes,Yes,Yes,Yes,Yes,Two Year,Yes,Bank Transfer (Automatic),84.2,5324.5,No
6496-Jdssb,Female,0,No,No,8,Yes,No,Fiber Optic,No,No,No,No,Yes,No,Month-To-Month,Yes,Bank Transfer (Automatic),80.0,624.6,No
9408-Ssnvz,Female,0,No,No,4,Yes,No,Fiber Optic,No,No,No,No,No,No,Month-To-Month,Yes,Electronic Check,70.15,268.35,Yes
4443-Embna,Female,0,Yes,No,71,Yes,Yes,No,No Internet Service,No Internet Service,No Internet Service,No Internet Service,No Internet Service,No Internet Service,Two Year,No,Bank Transfer (Automatic),24.75,1836.9,No
6469-Mrvet,Male,0,Yes,Yes,1,Yes,No,No,No Internet Service,No Internet Service,No Internet Service,No Internet Service,No Internet Service,No Internet Service,One Year,Yes,Electronic Check,20.2,20.2,No
0742-Moabm,Male,0,Yes,No,4,Yes,No,Dsl,No,No,No,Yes,No,No,Month-To-Month,No,Mailed Check,50.05,179.35,Yes
5961-Vusrv,Female,0,No,No,12,Yes,No,No,No Internet Service,No Internet Service,No Internet Service,No Internet Service,No Internet Service,No Internet Service,One Year,Yes,Bank Transfer (Automatic),19.35,219.35,No
6778-Jfcmk,Male,0,No,No,24,No,No Phone Service,Dsl,Yes,No,No,No,Yes,Yes,One Year,Yes,Mailed Check,50.6,1288.75,No
6341-Jvqgf,Female,0,Yes,Yes,31,Yes,No,Dsl,Yes,No,Yes,Yes,Yes,Yes,One Year,Yes,Mailed Check,81.15,2545.75,No
2232-Dmlxu,Female,0,Yes,No,1,Yes,No,Dsl,No,No,No,No,Yes,No,Month-To-Month,No,Mailed Check,55.2,55.2,Yes
4811-Jbuvu,Male,0,No,No,30,Yes,Yes,Fiber Optic,No,No,No,Yes,No,Yes,Month-To-Month,Yes,Credit Card (Automatic),89.9,2723.15,No
0945-Tsonx,Female,0,Yes,Yes,47,Yes,Yes,Dsl,Yes,Yes,No,Yes,Yes,Yes,Two Year,Yes,Credit Card (Automatic),85.3,4107.25,No
2651-Zcbxv,Male,0,No,No,54,Yes,Yes,Fiber Optic,Yes,Yes,No,Yes,Yes,Yes,Two Year,Yes,Credit Card (Automatic),108.0,5760.65,No
3316-Uwxuy,Male,0,No,No,50,Yes,No,Fiber Optic,Yes,Yes,No,Yes,No,Yes,Month-To-Month,Yes,Credit Card (Automatic),93.5,4747.5,No
8937-Rdthp,Male,0,No,No,1,Yes,No,Fiber Optic,Yes,No,No,No,No,Yes,Month-To-Month,Yes,Mailed Check,84.6,84.6,Yes
7083-Miopc,Female,0,No,No,72,Yes,No,No,No Internet Service,No Internet Service,No Internet Service,No Internet Service,No Internet Service,No Internet Service,Two Year,No,Credit Card (Automatic),20.25,1566.9,No
1984-Gpteh,Female,0,No,No,29,Yes,Yes,No,No Internet Service,No Internet Service,No Internet Service,No Internet Service,No Internet Service,No Internet Service,Month-To-Month,No,Electronic Check,25.15,702,No
1251-Krreg,Male,0,No,No,2,Yes,Yes,Dsl,No,Yes,No,No,No,No,Month-To-Month,Yes,Mailed Check,54.4,114.1,Yes
0621-Jfhol,Female,0,No,No,10,No,No Phone Service,Dsl,No,No,No,Yes,No,No,Two Year,Yes,Mailed Check,29.6,299.05,No
9903-Lysab,Male,0,Yes,No,18,Yes,Yes,Fiber Optic,No,No,No,No,No,No,Month-To-Month,Yes,Electronic Check,73.15,1305.95,No
0094-Oifmo,Female,1,No,No,11,Yes,No,Fiber Optic,No,Yes,No,No,Yes,Yes,Month-To-Month,Yes,Electronic Check,95.0,1120.3,Yes
9227-Uaqft,Male,0,No,No,16,Yes,No,No,No Internet Service,No Internet Service,No Internet Service,No Internet Service,No Internet Service,No Internet Service,Two Year,No,Mailed Check,19.75,284.35,No
7301-Abvad,Female,0,No,No,72,Yes,Yes,Dsl,No,Yes,Yes,Yes,Yes,Yes,Two Year,No,Bank Transfer (Automatic),86.6,6350.5,No
6614-Fhdbo,Male,0,No,No,72,Yes,Yes,Fiber Optic,No,Yes,Yes,Yes,Yes,Yes,Two Year,No,Bank Transfer (Automatic),109.2,7878.3,No
7576-Aseju,Female,0,Yes,Yes,41,Yes,No,Dsl,Yes,No,No,Yes,Yes,Yes,One Year,Yes,Credit Card (Automatic),74.7,3187.65,No
9058-Hrzsv,Female,1,Yes,No,65,Yes,No,Fiber Optic,Yes,Yes,Yes,No,No,Yes,Month-To-Month,No,Electronic Check,94.4,6126.15,No
4522-Akylr,Female,1,No,No,13,Yes,No,Dsl,No,Yes,Yes,No,No,No,Month-To-Month,Yes,Electronic Check,54.8,731.3,No
0221-Wmxnq,Male,1,No,No,4,Yes,No,Fiber Optic,Yes,No,No,No,No,No,Month-To-Month,No,Electronic Check,75.35,273.4,No
0303-Uncip,Male,0,No,No,41,Yes,Yes,Dsl,No,No,Yes,No,No,Yes,One Year,No,Mailed Check,65.0,2531.8,No
9947-Otfqu,Male,1,No,No,15,Yes,No,Fiber Optic,No,Yes,No,No,No,No,Month-To-Month,Yes,Electronic Check,74.4,1074.3,Yes
0322-Yinqp,Male,0,No,No,1,Yes,No,Dsl,Yes,No,No,No,No,No,Month-To-Month,Yes,Mailed Check,48.55,48.55,Yes
0959-Whokv,Male,0,No,No,42,Yes,Yes,Fiber Optic,Yes,Yes,Yes,No,No,Yes,One Year,Yes,Electronic Check,99.0,4298.45,No
4075-Jfpgr,Female,0,Yes,No,51,Yes,No,Fiber Optic,Yes,Yes,Yes,No,Yes,No,One Year,Yes,Electronic Check,93.5,4619.55,No
4629-Nrxkx,Female,0,Yes,Yes,2,Yes,No,Fiber Optic,No,No,No,No,No,No,Month-To-Month,No,Electronic Check,70.4,147.15,Yes
9514-Jdski,Male,1,Yes,No,1,No,No Phone Service,Dsl,No,Yes,No,No,Yes,No,Month-To-Month,No,Electronic Check,40.2,40.2,Yes
3282-Ziszv,Male,0,No,Yes,32,Yes,Yes,Dsl,No,Yes,Yes,Yes,Yes,Yes,One Year,No,Credit Card (Automatic),83.7,2633.3,No
3675-Ydupj,Male,0,No,No,10,Yes,No,No,No Internet Service,No Internet Service,No Internet Service,No Internet Service,No Internet Service,No Internet Service,Month-To-Month,Yes,Mailed Check,19.85,193.05,No
4111-Bnxif,Female,0,Yes,Yes,67,No,No Phone Service,Dsl,No,Yes,Yes,Yes,Yes,Yes,Two Year,Yes,Electronic Check,59.55,4103.9,No
7017-Vfhay,Female,0,Yes,Yes,61,Yes,Yes,Fiber Optic,Yes,Yes,Yes,Yes,Yes,Yes,Two Year,No,Credit Card (Automatic),115.1,7008.15,No
6655-Lhbyw,Male,0,No,No,50,Yes,Yes,Fiber Optic,Yes,Yes,Yes,Yes,Yes,Yes,One Year,No,Credit Card (Automatic),114.35,5791.1,No
4959-Josrx,Female,0,Yes,No,2,Yes,No,Dsl,No,No,No,No,No,No,Month-To-Month,Yes,Credit Card (Automatic),44.6,80.55,Yes
5046-Nuhwd,Female,1,Yes,No,29,No,No Phone Service,Dsl,Yes,No,Yes,No,No,Yes,Month-To-Month,Yes,Electronic Check,45.0,1228.65,No
7273-Tefqd,Male,1,No,No,3,No,No Phone Service,Dsl,No,No,Yes,No,No,Yes,Month-To-Month,Yes,Electronic Check,41.15,132.2,Yes
3606-Twkgi,Male,1,No,No,13,Yes,Yes,Fiber Optic,No,Yes,Yes,No,Yes,Yes,Month-To-Month,Yes,Electronic Check,106.9,1364.3,Yes
7529-Zdfxi,Male,1,Yes,No,57,Yes,Yes,Fiber Optic,No,Yes,No,No,No,Yes,Month-To-Month,Yes,Electronic Check,89.85,4925.35,No
7605-Bdwdc,Female,0,No,No,31,No,No Phone Service,Dsl,Yes,Yes,No,Yes,No,Yes,Two Year,Yes,Bank Transfer (Automatic),49.85,1520.1,No
1950-Ksvvj,Female,0,Yes,No,45,Yes,Yes,Fiber Optic,Yes,Yes,Yes,Yes,Yes,Yes,One Year,No,Mailed Check,113.3,5032.25,No
0123-Crbrt,Female,0,Yes,Yes,61,Yes,Yes,Dsl,Yes,Yes,Yes,Yes,Yes,Yes,Two Year,No,Mailed Check,88.1,5526.75,No
6292-Tosss,Male,0,No,No,50,Yes,Yes,No,No Internet Service,No Internet Service,No Internet Service,No Internet Service,No Internet Service,No Internet Service,Two Year,No,Bank Transfer (Automatic),24.9,1195.25,No
3197-Arfoy,Female,1,No,No,19,Yes,No,Fiber Optic,Yes,Yes,No,Yes,Yes,Yes,Month-To-Month,Yes,Mailed Check,105.0,2007.25,No
6323-Aybrx,Male,0,No,No,59,Yes,No,No,No Internet Service,No Internet Service,No Internet Service,No Internet Service,No Internet Service,No Internet Service,Two Year,No,Mailed Check,19.35,1099.6,Yes
7014-Zzxaw,Female,0,Yes,No,71,Yes,Yes,No,No Internet Service,No Internet Service,No Internet Service,No Internet Service,No Internet Service,No Internet Service,Two Year,Yes,Credit Card (Automatic),24.25,1732.95,No
4385-Gzqxv,Female,1,No,No,16,Yes,No,Fiber Optic,No,No,No,Yes,Yes,Yes,Month-To-Month,Yes,Electronic Check,94.45,1511.2,Yes
7633-Mvpuy,Male,0,Yes,No,57,Yes,No,Dsl,Yes,Yes,No,Yes,No,No,Two Year,Yes,Electronic Check,59.75,3450.15,No
6366-Zgqgl,Male,0,No,No,1,No,No Phone Service,Dsl,No,No,No,No,No,No,Month-To-Month,No,Bank Transfer (Automatic),24.8,24.8,Yes
4716-Hhkqh,Male,1,Yes,No,20,Yes,Yes,Fiber Optic,No,Yes,No,Yes,Yes,Yes,Month-To-Month,No,Electronic Check,107.05,2172.05,No
5940-Ahuhd,Male,0,No,No,1,Yes,No,Fiber Optic,No,No,No,No,No,No,Month-To-Month,No,Mailed Check,70.6,70.6,Yes
6432-Twqlb,Male,0,Yes,No,5,Yes,Yes,Fiber Optic,No,Yes,No,Yes,No,No,Month-To-Month,Yes,Electronic Check,85.4,401.1,Yes
4484-Glzou,Female,0,Yes,No,52,Yes,Yes,Fiber Optic,No,Yes,Yes,No,Yes,Yes,Month-To-Month,Yes,Electronic Check,105.05,5624.85,Yes
3179-Gbrwv,Male,1,Yes,No,21,Yes,No,Dsl,Yes,Yes,No,No,No,Yes,Month-To-Month,Yes,Bank Transfer (Automatic),64.95,1339.8,No
8645-Kwhjo,Male,0,No,No,14,No,No Phone Service,Dsl,No,No,Yes,Yes,Yes,Yes,Month-To-Month,Yes,Electronic Check,55.0,771.95,No
4130-Mzlcc,Female,0,No,No,5,Yes,No,Dsl,No,Yes,No,No,No,No,Month-To-Month,No,Bank Transfer (Automatic),50.55,244.75,No
0314-Tkosi,Female,0,No,No,6,Yes,No,Dsl,Yes,Yes,No,No,No,No,Month-To-Month,No,Mailed Check,55.15,322.9,No
8229-Myejz,Female,0,No,No,10,Yes,No,Dsl,No,Yes,No,No,No,No,Month-To-Month,No,Electronic Check,51.2,498.25,No
2080-Srcde,Female,0,No,Yes,1,Yes,Yes,No,No Internet Service,No Internet Service,No Internet Service,No Internet Service,No Internet Service,No Internet Service,Month-To-Month,No,Mailed Check,25.4,25.4,No
9577-Wjvcq,Female,0,No,No,68,Yes,Yes,Dsl,Yes,No,No,No,No,No,Month-To-Month,No,Mailed Check,54.45,3687.75,No
9512-Uibfx,Male,0,Yes,Yes,18,Yes,No,Fiber Optic,No,No,Yes,No,Yes,Yes,Month-To-Month,No,Mailed Check,95.15,1779.95,Yes
6202-Dyyfx,Female,0,No,No,22,Yes,Yes,Fiber Optic,No,No,No,No,No,No,One Year,Yes,Credit Card (Automatic),76.0,1783.6,No
3808-Hfkde,Female,0,No,No,20,Yes,No,Dsl,No,No,No,No,No,No,Month-To-Month,Yes,Electronic Check,44.35,927.15,No
5583-Sxdag,Male,0,Yes,No,1,Yes,No,Fiber Optic,No,No,No,No,No,No,Month-To-Month,No,Electronic Check,70.0,70,Yes
3488-Pgmqj,Male,1,No,No,8,Yes,No,Fiber Optic,No,Yes,No,No,No,No,Month-To-Month,Yes,Electronic Check,74.5,606.55,Yes
3580-Reoac,Male,0,No,No,10,Yes,No,Dsl,No,No,No,No,No,No,Month-To-Month,Yes,Credit Card (Automatic),44.85,435.4,Yes
7534-Bfesc,Male,1,No,No,24,Yes,Yes,Fiber Optic,No,No,No,No,No,No,Month-To-Month,Yes,Electronic Check,76.1,1712.7,Yes
3727-Owvyd,Male,0,No,No,35,Yes,No,Dsl,Yes,Yes,Yes,No,No,No,One Year,No,Mailed Check,61.2,2021.2,No
2294-Salne,Male,0,Yes,Yes,23,Yes,No,Fiber Optic,No,Yes,Yes,Yes,No,No,One Year,No,Mailed Check,86.8,1940.8,No
4847-Tajyi,Female,1,No,No,6,Yes,No,Fiber Optic,No,No,No,No,Yes,Yes,Month-To-Month,Yes,Electronic Check,89.35,567.8,No
1563-Iwqex,Female,0,No,No,12,Yes,No,No,No Internet Service,No Internet Service,No Internet Service,No Internet Service,No Internet Service,No Internet Service,Month-To-Month,No,Mailed Check,19.7,220.35,No
8203-Xjzrc,Male,0,No,No,1,Yes,No,No,No Internet Service,No Internet Service,No Internet Service,No Internet Service,No Internet Service,No Internet Service,Month-To-Month,No,Mailed Check,20.25,20.25,No
6556-Dbkzf,Female,0,Yes,Yes,71,Yes,No,Fiber Optic,No,No,Yes,No,No,No,Two Year,No,Electronic Check,76.05,5436.45,No
6851-Wefyx,Male,1,Yes,No,35,Yes,Yes,Fiber Optic,No,No,Yes,No,Yes,Yes,Month-To-Month,Yes,Electronic Check,100.8,3437.5,No
2985-Juubz,Male,0,Yes,Yes,40,Yes,Yes,Dsl,No,No,Yes,No,Yes,Yes,Month-To-Month,Yes,Electronic Check,74.55,3015.75,No
6390-Dsazx,Female,0,No,Yes,1,Yes,No,Fiber Optic,Yes,No,No,No,No,No,Month-To-Month,Yes,Mailed Check,73.6,73.6,Yes
0895-Lmrsf,Male,0,No,No,23,Yes,No,Dsl,No,No,No,No,Yes,Yes,One Year,Yes,Bank Transfer (Automatic),64.9,1509.8,No
8098-Llazx,Female,1,No,No,4,Yes,Yes,Fiber Optic,No,No,No,No,Yes,Yes,Month-To-Month,Yes,Electronic Check,95.45,396.1,Yes
8266-Vbfql,Male,0,No,No,4,Yes,No,Fiber Optic,No,No,Yes,Yes,No,Yes,Month-To-Month,Yes,Electronic Check,90.4,356.65,No
8181-Yhcmf,Female,0,Yes,Yes,68,No,No Phone Service,Dsl,No,Yes,Yes,Yes,Yes,Yes,Two Year,No,Credit Card (Automatic),60.3,4109,No
2240-Hsjqd,Male,0,No,Yes,38,Yes,Yes,Fiber Optic,No,Yes,No,No,No,No,Month-To-Month,Yes,Mailed Check,81.85,3141.7,No
1248-Dyxub,Male,0,Yes,Yes,52,Yes,Yes,No,No Internet Service,No Internet Service,No Internet Service,No Internet Service,No Internet Service,No Internet Service,Two Year,No,Mailed Check,24.8,1229.1,No
0265-Edxbd,Male,1,Yes,No,32,Yes,Yes,Fiber Optic,No,No,No,No,No,No,Month-To-Month,Yes,Electronic Check,74.9,2303.35,Yes
4115-Bnpjy,Male,0,Yes,Yes,29,Yes,No,Dsl,No,No,Yes,Yes,Yes,Yes,Two Year,No,Mailed Check,75.55,2054.4,No
3167-Snqpl,Male,1,Yes,Yes,38,Yes,Yes,Fiber Optic,No,Yes,No,No,Yes,Yes,Month-To-Month,No,Electronic Check,101.15,3741.85,No
4091-Tvocn,Male,0,No,Yes,48,Yes,Yes,Dsl,Yes,No,Yes,No,Yes,Yes,One Year,Yes,Credit Card (Automatic),78.75,3682.45,No
1098-Tdvuq,Female,0,No,No,1,Yes,No,No,No Internet Service,No Internet Service,No Internet Service,No Internet Service,No Internet Service,No Internet Service,Month-To-Month,Yes,Bank Transfer (Automatic),19.25,19.25,No
7277-Ozcgz,Female,0,No,No,22,Yes,No,Fiber Optic,Yes,No,No,Yes,No,Yes,Month-To-Month,Yes,Electronic Check,89.05,1886.25,No
1557-Emyvt,Female,0,No,No,43,Yes,Yes,Fiber Optic,Yes,Yes,Yes,Yes,Yes,Yes,Two Year,No,Credit Card (Automatic),115.05,4895.1,No
2799-Arnlo,Female,1,Yes,No,5,Yes,No,Fiber Optic,No,No,No,No,No,No,Month-To-Month,Yes,Electronic Check,69.35,341.6,No
7563-Biupc,Male,0,No,No,5,Yes,No,Fiber Optic,No,No,No,No,Yes,No,Month-To-Month,Yes,Electronic Check,80.6,415.55,Yes
5027-Yocxn,Male,0,Yes,Yes,51,Yes,Yes,Fiber Optic,Yes,Yes,No,Yes,Yes,Yes,One Year,No,Credit Card (Automatic),110.05,5686.4,No
3973-Skmln,Male,0,No,No,71,Yes,No,No,No Internet Service,No Internet Service,No Internet Service,No Internet Service,No Internet Service,No Internet Service,Two Year,Yes,Credit Card (Automatic),19.9,1355.1,No
2321-Ombxy,Female,0,Yes,Yes,38,Yes,No,Dsl,Yes,Yes,No,Yes,Yes,Yes,One Year,No,Credit Card (Automatic),80.3,3058.65,Yes
2840-Xanrc,Male,1,Yes,No,24,Yes,No,Fiber Optic,No,No,Yes,No,Yes,Yes,Month-To-Month,Yes,Electronic Check,93.15,2231.05,Yes
6745-Jefzb,Male,0,Yes,No,35,Yes,Yes,Fiber Optic,No,No,No,Yes,Yes,No,Month-To-Month,Yes,Credit Card (Automatic),91.5,3236.35,No
5020-Zstty,Female,1,No,No,54,Yes,Yes,Dsl,Yes,Yes,No,Yes,Yes,Yes,One Year,No,Bank Transfer (Automatic),82.45,4350.1,Yes
9880-Tdqac,Female,0,Yes,Yes,72,No,No Phone Service,Dsl,No,Yes,Yes,Yes,Yes,Yes,Two Year,Yes,Electronic Check,60.0,4264,No
8705-Wzcyl,Male,0,No,No,1,Yes,No,Dsl,No,No,No,No,No,No,Month-To-Month,Yes,Electronic Check,44.8,44.8,No
7102-Jjvtx,Female,0,Yes,Yes,9,Yes,No,Dsl,Yes,No,No,No,No,No,One Year,No,Mailed Check,48.6,422.3,No
8626-Ptqge,Male,0,No,No,69,No,No Phone Service,Dsl,Yes,Yes,No,Yes,Yes,Yes,Two Year,Yes,Bank Transfer (Automatic),60.05,4176.7,No
4983-Clmlv,Female,0,Yes,No,52,Yes,Yes,Fiber Optic,No,Yes,No,Yes,Yes,Yes,Month-To-Month,Yes,Credit Card (Automatic),102.7,5138.1,No
5701-Yvsvf,Female,1,Yes,No,11,Yes,No,Fiber Optic,No,No,No,Yes,Yes,No,Month-To-Month,Yes,Electronic Check,82.9,880.05,No
5804-Lepim,Female,1,No,No,2,Yes,No,Fiber Optic,No,No,No,No,No,No,Month-To-Month,Yes,Electronic Check,70.35,139.05,Yes
5697-Gombf,Female,1,Yes,Yes,28,No,No Phone Service,Dsl,No,No,No,No,Yes,No,Month-To-Month,Yes,Electronic Check,35.9,973.65,No
2739-Cacdq,Female,1,No,No,17,Yes,Yes,Fiber Optic,No,No,Yes,No,No,No,Month-To-Month,Yes,Credit Card (Automatic),82.65,1470.05,No
9385-Ehgdo,Female,0,Yes,Yes,35,Yes,No,No,No Internet Service,No Internet Service,No Internet Service,No Internet Service,No Internet Service,No Internet Service,Two Year,Yes,Mailed Check,19.85,739.35,No
9498-Fimxl,Female,0,No,No,8,Yes,No,No,No Internet Service,No Internet Service,No Internet Service,No Internet Service,No Internet Service,No Internet Service,One Year,Yes,Mailed Check,19.2,161.95,No
2379-Gyflq,Male,0,No,No,46,Yes,Yes,Fiber Optic,No,Yes,Yes,No,Yes,No,One Year,Yes,Credit Card (Automatic),94.9,4422.95,No
0122-Oahpz,Female,0,No,No,7,Yes,Yes,Fiber Optic,No,No,No,No,No,No,Month-To-Month,Yes,Electronic Check,73.85,511.25,Yes
2868-Snelz,Female,0,No,No,2,Yes,Yes,Fiber Optic,No,No,Yes,No,No,No,Month-To-Month,No,Mailed Check,80.6,155.8,Yes
4322-Rcymt,Male,0,Yes,Yes,68,Yes,Yes,Dsl,No,Yes,Yes,Yes,No,Yes,One Year,Yes,Bank Transfer (Automatic),75.8,5293.95,Yes
6680-Nenyn,Female,0,No,No,43,Yes,Yes,Fiber Optic,No,Yes,Yes,No,Yes,Yes,Two Year,Yes,Electronic Check,104.6,4759.85,Yes
2088-Iebau,Female,0,No,No,68,Yes,Yes,Dsl,Yes,Yes,Yes,Yes,Yes,Yes,Two Year,Yes,Electronic Check,88.15,6148.45,No
7982-Vcelr,Female,0,No,No,36,Yes,No,Fiber Optic,No,Yes,No,No,Yes,Yes,Month-To-Month,Yes,Credit Card (Automatic),94.8,3565.65,No
1343-Ehpyb,Male,0,Yes,No,63,Yes,Yes,Fiber Optic,No,Yes,Yes,No,Yes,Yes,Month-To-Month,Yes,Electronic Check,103.4,6603,Yes
6035-Bxtty,Female,1,No,No,32,Yes,No,Dsl,No,Yes,No,Yes,No,No,Month-To-Month,No,Bank Transfer (Automatic),54.65,1830.1,No
6885-Pkoam,Female,0,Yes,No,71,Yes,Yes,Dsl,Yes,Yes,Yes,Yes,Yes,Yes,Two Year,No,Credit Card (Automatic),85.75,6223.8,No
7520-Hqwju,Female,0,Yes,Yes,66,Yes,Yes,Dsl,Yes,Yes,Yes,No,No,No,Month-To-Month,Yes,Bank Transfer (Automatic),67.45,4508.65,No
9639-Bujxt,Male,0,No,No,63,Yes,No,No,No Internet Service,No Internet Service,No Internet Service,No Internet Service,No Internet Service,No Internet Service,One Year,No,Mailed Check,20.5,1328.15,No
5924-Sngkp,Female,0,No,Yes,41,Yes,No,No,No Internet Service,No Internet Service,No Internet Service,No Internet Service,No Internet Service,No Internet Service,One Year,Yes,Credit Card (Automatic),20.25,865,No
0021-Ikxgc,Female,1,No,No,1,Yes,Yes,Fiber Optic,No,No,No,No,No,No,Month-To-Month,Yes,Electronic Check,72.1,72.1,No
2034-Gdrcn,Female,0,No,No,2,Yes,No,Fiber Optic,No,No,No,No,Yes,Yes,Month-To-Month,Yes,Electronic Check,90.4,168.2,Yes
8966-Snizf,Female,0,Yes,No,70,Yes,No,No,No Internet Service,No Internet Service,No Internet Service,No Internet Service,No Internet Service,No Internet Service,Two Year,No,Bank Transfer (Automatic),19.45,1303.5,No
6243-Ozgfh,Female,0,No,No,23,No,No Phone Service,Dsl,No,No,No,No,Yes,Yes,Month-To-Month,Yes,Electronic Check,44.95,996.85,No
4654-Dlamq,Female,1,Yes,No,64,Yes,No,Fiber Optic,Yes,Yes,Yes,No,No,Yes,One Year,No,Bank Transfer (Automatic),97.0,6430.9,No
0513-Rbgpe,Male,0,Yes,Yes,37,Yes,Yes,Dsl,Yes,No,Yes,Yes,No,No,Two Year,Yes,Credit Card (Automatic),62.8,2278.75,No
5160-Uxjed,Male,0,No,Yes,17,Yes,No,Dsl,No,No,No,No,No,No,One Year,No,Mailed Check,44.6,681.4,No
4115-Nzrks,Female,1,No,No,7,Yes,No,Fiber Optic,No,No,No,No,Yes,Yes,Month-To-Month,Yes,Electronic Check,89.15,574.35,No
0219-Ytzue,Male,0,Yes,Yes,4,Yes,Yes,Fiber Optic,No,Yes,Yes,No,No,No,Month-To-Month,Yes,Bank Transfer (Automatic),84.8,371.9,Yes
0623-Iihug,Female,1,No,No,21,No,No Phone Service,Dsl,Yes,No,No,No,Yes,No,Month-To-Month,Yes,Electronic Check,41.9,840.1,Yes
4572-Dvcgn,Female,0,No,No,10,Yes,No,Fiber Optic,No,No,No,No,No,Yes,Month-To-Month,Yes,Bank Transfer (Automatic),80.25,846,Yes
3351-Ngxyi,Female,1,No,No,16,Yes,Yes,Dsl,Yes,No,No,No,No,No,Month-To-Month,Yes,Electronic Check,54.1,889,No
8984-Eylll,Male,0,Yes,No,64,Yes,Yes,Fiber Optic,No,Yes,No,Yes,Yes,Yes,Two Year,Yes,Electronic Check,105.25,6823.4,No
9057-Mswco,Male,1,Yes,No,27,No,No Phone Service,Dsl,Yes,No,No,No,No,No,Month-To-Month,No,Credit Card (Automatic),30.75,805.1,Yes
9833-Tgfhx,Male,0,Yes,Yes,42,Yes,Yes,Fiber Optic,Yes,No,No,No,Yes,Yes,One Year,No,Electronic Check,97.1,4016.75,No
9294-Tdipc,Male,0,No,Yes,5,Yes,No,No,No Internet Service,No Internet Service,No Internet Service,No Internet Service,No Internet Service,No Internet Service,Month-To-Month,No,Mailed Check,20.2,83.75,No
5229-Dtfyb,Female,0,No,No,41,Yes,No,Fiber Optic,No,Yes,No,Yes,Yes,Yes,Two Year,Yes,Bank Transfer (Automatic),98.8,3959.15,No
0104-Ppxdv,Male,0,Yes,No,58,Yes,No,Dsl,No,No,Yes,No,No,No,One Year,No,Credit Card (Automatic),50.3,2878.55,No
5176-Lmjxe,Female,0,No,No,47,Yes,No,No,No Internet Service,No Internet Service,No Internet Service,No Internet Service,No Internet Service,No Internet Service,Two Year,Yes,Mailed Check,20.55,945.7,No
3583-Krkmd,Male,0,No,No,18,Yes,No,Fiber Optic,No,No,No,Yes,No,No,Month-To-Month,Yes,Bank Transfer (Automatic),75.9,1373.05,No
1010-Diauq,Male,0,No,No,5,Yes,No,Fiber Optic,No,No,Yes,No,Yes,Yes,Month-To-Month,No,Bank Transfer (Automatic),96.5,492.55,Yes
9069-Lgeul,Male,0,Yes,No,23,Yes,No,Dsl,Yes,No,No,No,No,Yes,Month-To-Month,Yes,Bank Transfer (Automatic),59.95,1406,No
7302-Zhmhp,Female,0,No,No,1,Yes,No,No,No Internet Service,No Internet Service,No Internet Service,No Internet Service,No Internet Service,No Internet Service,Month-To-Month,No,Mailed Check,19.15,19.15,No
9571-Edebv,Male,0,Yes,No,71,Yes,Yes,Fiber Optic,No,No,Yes,No,Yes,Yes,One Year,Yes,Credit Card (Automatic),98.65,6962.85,No
3520-Fjgcv,Male,0,Yes,Yes,72,Yes,Yes,Fiber Optic,Yes,Yes,Yes,Yes,Yes,Yes,Two Year,Yes,Credit Card (Automatic),112.6,8126.65,No
6563-Vrerx,Male,0,Yes,Yes,33,Yes,No,No,No Internet Service,No Internet Service,No Internet Service,No Internet Service,No Internet Service,No Internet Service,One Year,No,Mailed Check,20.6,690.25,No
0259-Gbzsh,Male,0,No,No,2,Yes,Yes,Fiber Optic,No,No,No,No,Yes,No,Month-To-Month,Yes,Electronic Check,85.65,181.5,Yes
6122-Efvkn,Male,0,No,Yes,24,No,No Phone Service,Dsl,Yes,No,No,Yes,No,No,Two Year,No,Mailed Check,35.75,830.8,No
2805-Edjpq,Female,0,Yes,Yes,56,Yes,Yes,Fiber Optic,No,Yes,Yes,Yes,No,Yes,One Year,Yes,Credit Card (Automatic),99.75,5608.4,No
6862-Cqumb,Male,0,No,No,37,Yes,No,Fiber Optic,No,Yes,No,No,Yes,Yes,Month-To-Month,Yes,Credit Card (Automatic),96.1,3646.8,No
7156-Mxbje,Female,0,No,No,43,Yes,Yes,Dsl,No,Yes,Yes,Yes,Yes,Yes,One Year,No,Credit Card (Automatic),85.1,3662.25,No
6158-Hdpxz,Male,0,No,No,1,No,No Phone Service,Dsl,No,No,No,No,No,No,Month-To-Month,No,Mailed Check,25.35,25.35,No
9601-Brxpo,Female,0,Yes,No,25,Yes,Yes,Fiber Optic,No,No,Yes,Yes,Yes,Yes,Month-To-Month,Yes,Bank Transfer (Automatic),104.95,2566.5,Yes
2863-Imqdr,Female,0,No,No,61,Yes,Yes,Dsl,Yes,Yes,Yes,Yes,Yes,Yes,Two Year,No,Electronic Check,89.65,5308.7,No
5686-Cmawk,Male,0,No,No,17,Yes,Yes,Fiber Optic,No,No,Yes,Yes,No,No,One Year,No,Electronic Check,86.75,1410.25,No
5651-Crhkq,Female,0,Yes,No,41,Yes,No,Fiber Optic,No,Yes,Yes,Yes,No,No,One Year,Yes,Bank Transfer (Automatic),86.2,3339.05,No
6905-Niqin,Male,0,No,No,1,Yes,No,Dsl,No,Yes,No,No,No,No,Month-To-Month,No,Mailed Check,50.65,50.65,Yes
8204-Yjcla,Male,1,Yes,Yes,72,No,No Phone Service,Dsl,Yes,Yes,Yes,Yes,Yes,Yes,Two Year,Yes,Bank Transfer (Automatic),64.8,4732.35,No
5167-Zffmm,Male,0,No,No,1,Yes,Yes,Fiber Optic,No,Yes,No,No,No,Yes,Month-To-Month,Yes,Credit Card (Automatic),90.85,90.85,Yes
6583-Szvgp,Male,0,No,No,48,Yes,Yes,Fiber Optic,No,Yes,Yes,No,Yes,Yes,Two Year,Yes,Bank Transfer (Automatic),108.1,5067.45,No
4895-Tmwir,Male,1,Yes,No,11,Yes,No,No,No Internet Service,No Internet Service,No Internet Service,No Internet Service,No Internet Service,No Internet Service,Month-To-Month,No,Mailed Check,19.95,214.75,Yes
0533-Bnwkf,Female,1,Yes,No,55,Yes,Yes,Fiber Optic,No,Yes,Yes,No,No,No,Month-To-Month,Yes,Electronic Check,85.45,4874.7,Yes
1708-Pbboa,Female,0,No,No,42,No,No Phone Service,Dsl,Yes,Yes,Yes,Yes,No,Yes,One Year,Yes,Electronic Check,54.75,2348.45,No
8782-Lkfpk,Male,0,No,No,44,Yes,Yes,Fiber Optic,No,No,Yes,No,No,Yes,Month-To-Month,Yes,Mailed Check,90.4,4063,No
5522-Jbwmo,Male,0,No,Yes,1,Yes,No,Dsl,No,No,No,No,No,No,Month-To-Month,No,Electronic Check,44.0,44,No
3597-Mvhjt,Female,0,No,No,27,Yes,Yes,Fiber Optic,No,No,No,No,Yes,Yes,Month-To-Month,Yes,Bank Transfer (Automatic),95.6,2595.25,No
9774-Nrnau,Male,1,Yes,No,27,Yes,Yes,Dsl,No,Yes,Yes,Yes,Yes,Yes,Month-To-Month,Yes,Bank Transfer (Automatic),84.8,2309.55,No
0224-Rlwwd,Female,1,No,No,2,Yes,No,Dsl,No,No,No,No,No,No,Month-To-Month,Yes,Electronic Check,44.3,89.3,No
9967-Atrfs,Female,0,No,No,19,Yes,No,No,No Internet Service,No Internet Service,No Internet Service,No Internet Service,No Internet Service,No Internet Service,Month-To-Month,No,Mailed Check,19.9,367.55,No
3951-Njcvi,Female,1,Yes,No,42,Yes,Yes,Fiber Optic,No,No,No,No,Yes,Yes,Month-To-Month,Yes,Electronic Check,95.05,3944.5,No
2977-Cebsx,Female,0,No,No,66,Yes,Yes,Dsl,Yes,Yes,Yes,Yes,Yes,Yes,Two Year,Yes,Credit Card (Automatic),90.05,5965.95,No
0177-Pxbat,Male,1,Yes,No,33,Yes,Yes,Fiber Optic,Yes,No,Yes,Yes,Yes,Yes,Month-To-Month,Yes,Bank Transfer (Automatic),109.9,3694.7,No
6599-Cebnn,Female,0,No,No,34,Yes,No,Fiber Optic,No,Yes,No,No,No,No,Month-To-Month,Yes,Credit Card (Automatic),73.95,2524.45,Yes
2519-Erqoj,Male,1,No,No,33,No,No Phone Service,Dsl,No,No,Yes,Yes,Yes,Yes,Month-To-Month,Yes,Electronic Check,54.6,1803.7,No
5876-Qmyld,Female,0,Yes,Yes,23,Yes,No,No,No Internet Service,No Internet Service,No Internet Service,No Internet Service,No Internet Service,No Internet Service,One Year,No,Mailed Check,20.05,415.1,No
2277-Axsdc,Female,0,No,No,32,Yes,No,No,No Internet Service,No Internet Service,No Internet Service,No Internet Service,No Internet Service,No Internet Service,One Year,No,Bank Transfer (Automatic),19.75,624.15,No
9442-Jtwdl,Female,0,No,No,11,Yes,No,No,No Internet Service,No Internet Service,No Internet Service,No Internet Service,No Internet Service,No Internet Service,One Year,No,Credit Card (Automatic),20.05,237.7,No
0979-Phulv,Male,0,Yes,Yes,69,Yes,Yes,Fiber Optic,No,No,Yes,No,Yes,Yes,Month-To-Month,Yes,Credit Card (Automatic),99.45,7007.6,Yes
3067-Svmtc,Female,0,Yes,No,68,Yes,No,Dsl,Yes,No,No,Yes,No,No,One Year,No,Bank Transfer (Automatic),55.9,3848.8,No
5495-Gpsrw,Male,0,No,No,20,Yes,No,No,No Internet Service,No Internet Service,No Internet Service,No Internet Service,No Internet Service,No Internet Service,Two Year,Yes,Mailed Check,19.7,419.4,No
7606-Bphhn,Male,0,No,No,72,Yes,No,No,No Internet Service,No Internet Service,No Internet Service,No Internet Service,No Internet Service,No Internet Service,Two Year,Yes,Credit Card (Automatic),19.8,1468.75,No
4742-Drora,Male,0,Yes,Yes,60,Yes,Yes,Fiber Optic,Yes,No,Yes,No,Yes,No,One Year,Yes,Bank Transfer (Automatic),95.4,5812,No
0111-Klbqg,Male,1,Yes,Yes,32,Yes,No,Fiber Optic,No,Yes,No,No,Yes,Yes,Month-To-Month,Yes,Mailed Check,93.95,2861.45,No
4800-Vhzki,Female,0,No,No,1,Yes,No,No,No Internet Service,No Internet Service,No Internet Service,No Internet Service,No Internet Service,No Internet Service,Month-To-Month,Yes,Mailed Check,19.9,19.9,Yes
7989-Chgtl,Male,0,No,No,1,Yes,No,No,No Internet Service,No Internet Service,No Internet Service,No Internet Service,No Internet Service,No Internet Service,Month-To-Month,Yes,Mailed Check,19.6,19.6,Yes
0334-Gddso,Male,1,No,No,3,Yes,Yes,Fiber Optic,No,Yes,No,No,No,No,Month-To-Month,Yes,Electronic Check,81.35,233.7,Yes
4163-Ncjak,Female,0,Yes,No,46,Yes,Yes,No,No Internet Service,No Internet Service,No Internet Service,No Internet Service,No Internet Service,No Internet Service,One Year,Yes,Bank Transfer (Automatic),24.45,1066.15,No
5233-Aozuf,Female,0,Yes,No,29,Yes,Yes,Fiber Optic,No,No,No,No,No,No,Month-To-Month,Yes,Electronic Check,74.95,2149.05,No
5973-Ejgdp,Male,0,No,No,51,Yes,Yes,Fiber Optic,No,Yes,Yes,Yes,No,No,Month-To-Month,Yes,Electronic Check,87.35,4473,No
1996-Dbmus,Female,1,Yes,No,48,Yes,No,Fiber Optic,No,No,No,No,No,No,Month-To-Month,Yes,Bank Transfer (Automatic),70.65,3545.05,No
7916-Vccpb,Female,0,Yes,Yes,16,Yes,No,Fiber Optic,No,Yes,No,No,No,No,Month-To-Month,No,Bank Transfer (Automatic),73.25,1195.75,No
4686-Gefrm,Male,0,Yes,No,70,Yes,Yes,Fiber Optic,No,Yes,Yes,Yes,No,Yes,Two Year,Yes,Bank Transfer (Automatic),98.7,6858.9,No
5249-Qyhex,Female,0,Yes,Yes,40,Yes,Yes,No,No Internet Service,No Internet Service,No Internet Service,No Internet Service,No Internet Service,No Internet Service,Two Year,Yes,Mailed Check,24.8,1024.7,No
0578-Skvmf,Female,0,Yes,Yes,22,Yes,No,Fiber Optic,No,Yes,No,No,No,Yes,Month-To-Month,No,Electronic Check,83.3,1845.9,Yes
5564-Nemqo,Female,1,No,No,1,Yes,No,Fiber Optic,No,No,Yes,No,No,No,Month-To-Month,Yes,Bank Transfer (Automatic),75.3,75.3,Yes
2233-Fagxv,Female,0,Yes,Yes,5,Yes,Yes,No,No Internet Service,No Internet Service,No Internet Service,No Internet Service,No Internet Service,No Internet Service,Month-To-Month,Yes,Mailed Check,24.3,132.25,No
5605-Iygfg,Female,0,No,No,7,Yes,No,Fiber Optic,No,No,No,No,No,No,Month-To-Month,Yes,Bank Transfer (Automatic),69.85,515.45,No
7663-Ztegj,Male,0,No,Yes,29,Yes,Yes,Fiber Optic,No,Yes,Yes,Yes,No,Yes,One Year,No,Credit Card (Automatic),100.55,2830.45,No
3935-Tbrzz,Male,0,Yes,Yes,44,Yes,Yes,No,No Internet Service,No Internet Service,No Internet Service,No Internet Service,No Internet Service,No Internet Service,One Year,No,Mailed Check,25.7,1110.5,No
8111-Bkvds,Female,0,No,No,10,No,No Phone Service,Dsl,Yes,Yes,Yes,No,No,No,Month-To-Month,No,Bank Transfer (Automatic),40.7,449.3,No
2055-Sifss,Female,1,Yes,No,55,Yes,Yes,Dsl,No,No,No,No,No,No,Month-To-Month,No,Bank Transfer (Automatic),51.65,2838.55,No
2806-Mlnti,Male,1,Yes,No,52,Yes,Yes,Fiber Optic,No,Yes,Yes,No,Yes,Yes,One Year,Yes,Bank Transfer (Automatic),105.1,5376.4,No
8734-Dkstz,Female,0,Yes,Yes,10,Yes,Yes,Fiber Optic,No,No,No,No,No,Yes,Month-To-Month,No,Electronic Check,85.95,858.6,No
4360-Pnrqb,Male,0,No,No,18,Yes,Yes,Fiber Optic,No,No,No,No,No,No,Month-To-Month,Yes,Bank Transfer (Automatic),75.6,1395.05,No
6152-Onasv,Female,0,Yes,No,68,Yes,Yes,Dsl,Yes,No,No,Yes,No,No,One Year,No,Bank Transfer (Automatic),58.25,3975.7,No
9063-Zgtuy,Female,0,Yes,Yes,61,Yes,No,No,No Internet Service,No Internet Service,No Internet Service,No Internet Service,No Internet Service,No Internet Service,Month-To-Month,Yes,Mailed Check,19.4,1182.55,Yes
7781-Hvgmk,Female,0,Yes,Yes,72,No,No Phone Service,Dsl,Yes,Yes,Yes,Yes,Yes,Yes,Two Year,Yes,Credit Card (Automatic),65.2,4784.45,No
2181-Uaesm,Male,0,No,No,2,Yes,No,Dsl,Yes,No,Yes,No,No,No,Month-To-Month,No,Electronic Check,53.45,119.5,No
2957-Lolho,Male,0,No,No,12,Yes,No,Dsl,No,No,No,No,No,No,Month-To-Month,Yes,Bank Transfer (Automatic),45.4,518.9,Yes
6048-Njxhx,Male,0,Yes,No,41,Yes,No,No,No Internet Service,No Internet Service,No Internet Service,No Internet Service,No Internet Service,No Internet Service,Two Year,Yes,Electronic Check,19.75,899.45,No
2320-Slkmb,Female,0,No,No,26,No,No Phone Service,Dsl,No,No,Yes,Yes,Yes,No,Month-To-Month,Yes,Credit Card (Automatic),44.45,1183.8,No
4980-Urkxc,Male,0,Yes,No,36,Yes,No,No,No Internet Service,No Internet Service,No Internet Service,No Internet Service,No Internet Service,No Internet Service,One Year,No,Bank Transfer (Automatic),20.85,720.05,No
4376-Kfvrs,Male,0,Yes,Yes,72,Yes,Yes,Fiber Optic,Yes,Yes,Yes,Yes,Yes,Yes,Two Year,Yes,Credit Card (Automatic),114.05,8468.2,No
5886-Vlqvu,Male,0,Yes,No,35,Yes,Yes,Fiber Optic,No,No,No,Yes,No,Yes,Month-To-Month,Yes,Bank Transfer (Automatic),89.85,3161.2,No
3577-Amvux,Male,0,No,No,1,Yes,No,Dsl,No,No,Yes,Yes,No,No,Month-To-Month,No,Mailed Check,55.05,55.05,No
0771-Wlcla,Female,0,Yes,Yes,16,Yes,Yes,Fiber Optic,Yes,No,Yes,Yes,Yes,Yes,Month-To-Month,Yes,Electronic Check,112.95,1882.55,No
5628-Rkifk,Female,1,No,No,49,Yes,Yes,Fiber Optic,Yes,No,No,No,Yes,Yes,Month-To-Month,No,Credit Card (Automatic),101.55,5070.4,No
0206-Tbwlc,Female,0,Yes,No,54,Yes,Yes,Fiber Optic,Yes,Yes,Yes,Yes,Yes,Yes,One Year,Yes,Mailed Check,114.65,6049.5,No
2937-Fthur,Female,0,No,Yes,18,Yes,Yes,Dsl,Yes,No,No,No,No,Yes,Month-To-Month,No,Electronic Check,64.8,1166.7,No
1910-Fmxjm,Female,0,Yes,No,36,Yes,No,Fiber Optic,No,No,No,No,No,Yes,Month-To-Month,No,Electronic Check,80.4,2937.65,No
7752-Xusci,Female,0,No,No,60,Yes,Yes,Fiber Optic,No,Yes,Yes,No,Yes,Yes,Month-To-Month,Yes,Electronic Check,105.9,6396.45,Yes
4110-Pfeuz,Female,0,No,No,1,Yes,No,Fiber Optic,No,No,No,No,No,No,Month-To-Month,No,Mailed Check,69.55,69.55,Yes
0732-Ocqoc,Female,0,Yes,Yes,52,Yes,Yes,No,No Internet Service,No Internet Service,No Internet Service,No Internet Service,No Internet Service,No Internet Service,Two Year,Yes,Bank Transfer (Automatic),25.05,1270.25,No
5168-Mswxt,Male,0,Yes,Yes,8,Yes,No,Fiber Optic,No,No,Yes,No,Yes,Yes,Month-To-Month,Yes,Electronic Check,94.75,759.55,No
1090-Eselr,Male,0,Yes,Yes,72,Yes,No,Fiber Optic,Yes,Yes,No,Yes,Yes,Yes,Two Year,No,Bank Transfer (Automatic),105.5,7611.55,No
8592-Pltmq,Female,0,No,No,64,Yes,Yes,No,No Internet Service,No Internet Service,No Internet Service,No Internet Service,No Internet Service,No Internet Service,One Year,No,Mailed Check,24.7,1642.75,No
5760-Wrahc,Female,1,No,No,22,Yes,No,Dsl,Yes,No,Yes,Yes,No,Yes,Month-To-Month,Yes,Mailed Check,69.75,1545.4,No
8847-Geooq,Male,0,Yes,No,60,No,No Phone Service,Dsl,No,Yes,Yes,Yes,Yes,Yes,Month-To-Month,Yes,Bank Transfer (Automatic),60.2,3582.4,No
0256-Lthvj,Female,0,Yes,Yes,28,Yes,No,Fiber Optic,No,No,No,No,No,Yes,Month-To-Month,Yes,Electronic Check,81.05,2227.1,Yes
4785-Fcifb,Female,0,Yes,No,61,Yes,Yes,No,No Internet Service,No Internet Service,No Internet Service,No Internet Service,No Internet Service,No Internet Service,Two Year,No,Mailed Check,24.4,1417.9,No
8313-Ndoia,Female,0,No,No,24,Yes,Yes,Fiber Optic,No,Yes,Yes,No,Yes,Yes,Month-To-Month,Yes,Electronic Check,104.15,2494.65,No
5149-Cuzuj,Male,0,Yes,Yes,28,Yes,No,Fiber Optic,No,Yes,Yes,Yes,Yes,No,One Year,No,Bank Transfer (Automatic),92.9,2768.35,No
0942-Kowsm,Female,0,Yes,Yes,30,Yes,No,Dsl,No,Yes,Yes,Yes,Yes,Yes,Two Year,No,Bank Transfer (Automatic),80.8,2369.3,No
4237-Clsmm,Male,0,Yes,No,2,Yes,No,No,No Internet Service,No Internet Service,No Internet Service,No Internet Service,No Internet Service,No Internet Service,Month-To-Month,No,Mailed Check,20.0,38,No
1452-Voqch,Male,0,No,No,1,Yes,Yes,Fiber Optic,No,No,No,No,No,No,Month-To-Month,Yes,Electronic Check,75.1,75.1,No
4719-Umsiy,Male,0,No,Yes,6,Yes,No,No,No Internet Service,No Internet Service,No Internet Service,No Internet Service,No Internet Service,No Internet Service,Month-To-Month,No,Mailed Check,19.65,100.9,No
6614-Vbegu,Female,0,Yes,No,24,Yes,No,Dsl,No,Yes,No,No,Yes,Yes,Month-To-Month,Yes,Bank Transfer (Automatic),69.45,1614.05,No
0880-Tkatg,Male,0,Yes,Yes,4,Yes,Yes,Fiber Optic,No,No,Yes,No,Yes,Yes,Month-To-Month,No,Electronic Check,101.15,385.9,Yes
3811-Vbybz,Male,0,No,No,7,Yes,Yes,Fiber Optic,No,Yes,No,No,Yes,Yes,Month-To-Month,Yes,Electronic Check,99.8,673.25,Yes
1480-Bkxga,Male,1,Yes,No,72,Yes,Yes,Fiber Optic,Yes,Yes,Yes,Yes,Yes,Yes,Two Year,Yes,Bank Transfer (Automatic),116.05,8404.9,No
2996-Xauvf,Male,0,No,No,70,No,No Phone Service,Dsl,No,No,No,Yes,No,Yes,Two Year,Yes,Mailed Check,40.05,2799.75,No
9076-Axyik,Male,1,Yes,No,64,Yes,Yes,Fiber Optic,No,No,Yes,Yes,Yes,Yes,Two Year,No,Electronic Check,102.1,6538.45,No
5968-Xqive,Male,0,Yes,Yes,72,Yes,Yes,Fiber Optic,No,Yes,No,No,Yes,No,One Year,Yes,Electronic Check,89.7,6588.95,No
8896-Razcr,Female,0,No,Yes,44,Yes,No,No,No Internet Service,No Internet Service,No Internet Service,No Internet Service,No Internet Service,No Internet Service,Two Year,No,Mailed Check,19.9,868.1,No
4640-Uhdos,Female,0,Yes,Yes,13,Yes,No,Dsl,No,No,No,No,No,Yes,Month-To-Month,No,Electronic Check,55.95,734.35,Yes
4933-Ikulf,Female,1,No,No,17,Yes,No,No,No Internet Service,No Internet Service,No Internet Service,No Internet Service,No Internet Service,No Internet Service,One Year,No,Mailed Check,20.65,330.6,No
3583-Ekapl,Male,0,No,No,1,Yes,No,Dsl,No,No,No,No,No,Yes,Month-To-Month,Yes,Electronic Check,55.0,55,Yes
1304-Bccfo,Male,0,Yes,No,9,Yes,No,Dsl,No,No,Yes,No,Yes,Yes,Month-To-Month,Yes,Mailed Check,70.05,564.4,No
4104-Pvrps,Male,0,Yes,No,24,Yes,No,Dsl,Yes,No,No,Yes,No,No,Month-To-Month,No,Mailed Check,53.6,1315.35,No
9399-Aplbt,Female,0,Yes,Yes,1,Yes,No,Fiber Optic,No,Yes,No,No,No,No,Month-To-Month,Yes,Electronic Check,74.7,74.7,Yes
2359-Kmgli,Male,0,No,No,24,Yes,Yes,Fiber Optic,No,Yes,No,No,No,No,Month-To-Month,Yes,Electronic Check,80.25,1861.5,Yes
3780-Ddgse,Male,1,Yes,Yes,35,Yes,No,Dsl,No,Yes,No,Yes,Yes,Yes,Month-To-Month,Yes,Electronic Check,76.05,2747.2,No
4431-Edmiq,Female,0,Yes,Yes,7,Yes,No,Dsl,Yes,Yes,Yes,Yes,Yes,No,Month-To-Month,Yes,Electronic Check,75.7,554.05,No
0306-Jaele,Male,0,No,No,5,Yes,No,Fiber Optic,No,No,No,Yes,Yes,Yes,Month-To-Month,Yes,Electronic Check,96.1,453.4,Yes
6227-Hwpwx,Female,0,No,Yes,15,Yes,No,Fiber Optic,No,No,No,No,No,No,Month-To-Month,No,Bank Transfer (Automatic),69.0,994.8,Yes
0486-Lgcch,Male,0,Yes,Yes,11,Yes,No,No,No Internet Service,No Internet Service,No Internet Service,No Internet Service,No Internet Service,No Internet Service,Two Year,No,Mailed Check,19.65,225.75,No
0447-Bemng,Female,0,Yes,No,48,No,No Phone Service,Dsl,Yes,No,Yes,No,No,Yes,Month-To-Month,Yes,Bank Transfer (Automatic),45.3,2145,Yes
4612-Ssvhj,Female,1,No,No,20,Yes,No,Fiber Optic,No,No,No,No,No,Yes,Month-To-Month,Yes,Electronic Check,81.45,1671.6,No
5168-Mqqca,Female,0,Yes,No,72,Yes,Yes,Fiber Optic,No,Yes,Yes,Yes,Yes,Yes,One Year,Yes,Bank Transfer (Automatic),108.5,8003.8,No
5949-Xikae,Female,0,Yes,Yes,8,Yes,No,Fiber Optic,No,Yes,No,No,Yes,No,Month-To-Month,Yes,Electronic Check,83.55,680.05,Yes
7971-Hlvxi,Male,0,Yes,Yes,72,Yes,Yes,Fiber Optic,No,No,No,No,No,Yes,Two Year,Yes,Credit Card (Automatic),84.5,6130.85,No
9094-Azphk,Female,0,No,No,15,Yes,Yes,Fiber Optic,No,Yes,No,No,Yes,Yes,Month-To-Month,Yes,Electronic Check,100.15,1415,No
3649-Jpugy,Male,0,No,No,72,Yes,Yes,Dsl,No,Yes,Yes,Yes,Yes,Yes,Two Year,Yes,Bank Transfer (Automatic),88.6,6201.95,No
4472-Lvygi,Female,0,Yes,Yes,0,No,No Phone Service,Dsl,Yes,No,Yes,Yes,Yes,No,Two Year,Yes,Bank Transfer (Automatic),52.55,,No
8372-Juxui,Male,0,No,Yes,1,Yes,Yes,Fiber Optic,No,No,No,No,No,No,Month-To-Month,Yes,Electronic Check,74.35,74.35,Yes
3552-Ctcyf,Male,0,Yes,Yes,63,Yes,Yes,Fiber Optic,No,Yes,Yes,No,Yes,Yes,Two Year,Yes,Bank Transfer (Automatic),104.8,6597.25,No
6778-Ysnih,Female,0,No,No,2,Yes,No,Dsl,No,Yes,No,No,Yes,No,Month-To-Month,Yes,Electronic Check,59.0,114.15,No
0388-Eopex,Female,0,Yes,No,2,Yes,No,Fiber Optic,Yes,No,No,No,No,No,Month-To-Month,Yes,Electronic Check,74.4,139.4,Yes
5756-Ozrio,Male,1,Yes,No,61,Yes,Yes,Dsl,No,Yes,No,No,No,Yes,One Year,No,Bank Transfer (Automatic),64.05,3902.6,No
6579-Jpicp,Male,0,No,No,1,Yes,No,No,No Internet Service,No Internet Service,No Internet Service,No Internet Service,No Internet Service,No Internet Service,Month-To-Month,No,Mailed Check,20.4,20.4,No
8205-Otchb,Male,0,No,No,22,No,No Phone Service,Dsl,No,Yes,Yes,No,No,Yes,One Year,Yes,Bank Transfer (Automatic),43.75,903.6,Yes
4134-Bsxlx,Male,0,Yes,No,28,Yes,No,Dsl,Yes,Yes,No,Yes,No,No,Month-To-Month,No,Mailed Check,60.9,1785.65,No
0505-Spoow,Female,0,Yes,No,70,Yes,No,No,No Internet Service,No Internet Service,No Internet Service,No Internet Service,No Internet Service,No Internet Service,Two Year,No,Bank Transfer (Automatic),19.8,1397.65,No
6235-Vdhom,Female,1,No,No,5,No,No Phone Service,Dsl,No,Yes,No,No,No,No,Month-To-Month,No,Electronic Check,28.45,131.05,Yes
7783-Ykgdv,Female,0,No,No,12,Yes,Yes,Fiber Optic,Yes,Yes,Yes,No,No,Yes,Month-To-Month,Yes,Bank Transfer (Automatic),99.7,1238.45,Yes
4374-Ymusq,Male,0,No,No,34,Yes,Yes,Fiber Optic,Yes,Yes,Yes,Yes,Yes,Yes,One Year,No,Credit Card (Automatic),116.25,3899.05,No
4513-Cxyix,Female,1,Yes,No,71,Yes,Yes,Fiber Optic,Yes,No,No,No,No,No,Two Year,Yes,Credit Card (Automatic),80.7,5676,No
3957-Hhlmr,Female,0,Yes,Yes,70,Yes,Yes,Dsl,Yes,No,No,No,No,Yes,One Year,No,Bank Transfer (Automatic),65.2,4543.15,No
7803-Xoccz,Female,0,Yes,Yes,52,Yes,No,Fiber Optic,Yes,No,Yes,Yes,No,No,Month-To-Month,Yes,Bank Transfer (Automatic),84.05,4326.8,No
5736-Yejax,Male,0,No,Yes,69,Yes,Yes,Dsl,Yes,Yes,Yes,Yes,Yes,No,Two Year,Yes,Credit Card (Automatic),79.45,5502.55,No
5609-Cebid,Female,1,No,No,20,Yes,Yes,Fiber Optic,No,Yes,Yes,No,No,Yes,Month-To-Month,Yes,Electronic Check,94.1,1782.4,Yes
8981-Fjgla,Male,0,No,Yes,11,Yes,Yes,Fiber Optic,No,No,Yes,No,No,No,Month-To-Month,Yes,Mailed Check,78.0,851.8,No
7218-Hkqfk,Male,0,Yes,No,2,Yes,No,Fiber Optic,No,No,No,Yes,Yes,Yes,Month-To-Month,Yes,Electronic Check,94.2,167.5,Yes
4636-Qrjky,Female,0,Yes,Yes,6,Yes,Yes,Fiber Optic,No,No,No,Yes,No,No,Month-To-Month,Yes,Electronic Check,80.5,502.85,Yes
1135-Lmecx,Female,0,No,No,1,Yes,No,No,No Internet Service,No Internet Service,No Internet Service,No Internet Service,No Internet Service,No Internet Service,Month-To-Month,No,Mailed Check,19.85,19.85,No
4332-Muoez,Male,1,Yes,Yes,20,Yes,No,Fiber Optic,Yes,No,Yes,Yes,No,Yes,One Year,No,Credit Card (Automatic),94.3,1818.3,No
8535-Sfutn,Male,0,No,No,61,Yes,Yes,Fiber Optic,Yes,No,Yes,No,Yes,Yes,Month-To-Month,Yes,Electronic Check,106.45,6300.15,No
5956-Vkdtt,Female,1,Yes,No,5,Yes,Yes,Fiber Optic,No,No,No,No,No,No,Month-To-Month,Yes,Electronic Check,74.35,334.8,Yes
8677-Hdzee,Female,0,No,No,56,Yes,Yes,Fiber Optic,No,Yes,No,Yes,Yes,Yes,Month-To-Month,Yes,Bank Transfer (Automatic),105.45,5916.95,No
2475-Mrozf,Male,0,No,No,30,Yes,Yes,Fiber Optic,Yes,Yes,Yes,Yes,No,No,Month-To-Month,Yes,Credit Card (Automatic),95.0,2852.4,No
9412-Gheec,Male,0,No,No,40,Yes,Yes,Fiber Optic,No,No,Yes,Yes,Yes,Yes,Month-To-Month,No,Bank Transfer (Automatic),104.8,4131.95,Yes
3482-Abpkk,Female,0,No,No,28,Yes,No,Dsl,Yes,No,No,Yes,No,No,One Year,No,Mailed Check,54.3,1546.3,No
6705-Lxorm,Female,1,Yes,No,5,Yes,No,Fiber Optic,No,No,No,No,No,No,Month-To-Month,No,Electronic Check,70.05,302.6,No
0257-Zesqc,Female,1,Yes,No,27,Yes,No,Fiber Optic,Yes,No,No,No,No,No,Month-To-Month,Yes,Bank Transfer (Automatic),75.2,1929.35,Yes
7531-Gqhme,Male,0,No,No,12,Yes,No,No,No Internet Service,No Internet Service,No Internet Service,No Internet Service,No Internet Service,No Internet Service,Month-To-Month,No,Credit Card (Automatic),20.05,265.45,No
5174-Itumv,Male,0,Yes,Yes,67,Yes,Yes,Fiber Optic,No,Yes,Yes,No,Yes,Yes,One Year,Yes,Electronic Check,105.4,6989.45,No
4109-Cyrbd,Male,1,Yes,No,29,Yes,Yes,Dsl,No,No,No,No,No,No,Month-To-Month,Yes,Electronic Check,51.6,1442,No
0913-Xwscn,Male,0,Yes,Yes,55,Yes,Yes,Fiber Optic,No,No,No,No,No,Yes,Month-To-Month,No,Bank Transfer (Automatic),85.5,4713.4,No
6825-Uypfk,Female,0,No,No,23,Yes,Yes,Fiber Optic,No,No,No,No,No,No,Month-To-Month,No,Bank Transfer (Automatic),75.6,1758.6,Yes
8397-Mvtaz,Male,0,Yes,No,34,Yes,Yes,Fiber Optic,No,No,Yes,No,Yes,Yes,Month-To-Month,Yes,Electronic Check,100.05,3480,Yes
0750-Ebaiu,Male,0,No,No,52,Yes,No,Fiber Optic,Yes,No,Yes,No,Yes,No,One Year,No,Electronic Check,91.25,4738.3,No
8606-Ciqul,Male,1,Yes,Yes,72,Yes,Yes,Fiber Optic,Yes,Yes,Yes,Yes,Yes,Yes,Two Year,Yes,Credit Card (Automatic),115.75,8399.15,No
3571-Dpyuh,Male,0,Yes,Yes,58,Yes,Yes,Fiber Optic,No,Yes,No,Yes,Yes,No,One Year,Yes,Credit Card (Automatic),94.7,5430.35,No
7601-Gndyk,Male,0,Yes,Yes,35,Yes,No,No,No Internet Service,No Internet Service,No Internet Service,No Internet Service,No Internet Service,No Internet Service,Two Year,No,Mailed Check,19.6,686.95,No
0356-Obmac,Female,1,No,No,56,Yes,Yes,Fiber Optic,No,Yes,Yes,Yes,Yes,No,Two Year,Yes,Bank Transfer (Automatic),99.9,5706.3,No
8067-Nioym,Female,0,Yes,Yes,24,Yes,No,No,No Internet Service,No Internet Service,No Internet Service,No Internet Service,No Internet Service,No Internet Service,Two Year,Yes,Credit Card (Automatic),21.1,490.65,No
1403-Gyafu,Male,0,Yes,Yes,70,Yes,No,No,No Internet Service,No Internet Service,No Internet Service,No Internet Service,No Internet Service,No Internet Service,Two Year,No,Credit Card (Automatic),20.05,1360.25,No
4234-Xtnea,Male,0,No,No,2,Yes,No,Fiber Optic,No,No,No,No,Yes,No,Month-To-Month,Yes,Electronic Check,79.95,174.45,No
1297-Vqdrp,Male,1,Yes,Yes,68,Yes,Yes,Fiber Optic,No,No,Yes,Yes,Yes,Yes,One Year,Yes,Credit Card (Automatic),107.15,7379.8,No
9282-Izgqk,Female,0,No,No,1,Yes,Yes,Fiber Optic,No,No,No,No,No,Yes,Month-To-Month,Yes,Electronic Check,85.0,85,Yes
5348-Cagxb,Male,0,No,No,12,Yes,Yes,Fiber Optic,No,No,Yes,No,Yes,No,Month-To-Month,Yes,Electronic Check,89.55,1021.75,No
0621-Hjwxj,Female,0,Yes,No,63,Yes,Yes,Fiber Optic,No,Yes,No,No,No,No,Month-To-Month,Yes,Bank Transfer (Automatic),81.55,5029.05,No
5844-Qvtat,Female,0,Yes,Yes,33,Yes,No,Dsl,Yes,Yes,Yes,No,No,No,One Year,Yes,Mailed Check,58.45,1955.4,No
8905-Iazpf,Female,0,Yes,No,69,Yes,No,Fiber Optic,No,Yes,No,No,Yes,Yes,One Year,Yes,Credit Card (Automatic),95.65,6744.2,No
5394-Meitz,Female,0,Yes,Yes,60,Yes,No,Dsl,No,Yes,Yes,Yes,Yes,Yes,Two Year,Yes,Bank Transfer (Automatic),80.6,4946.7,No
6859-Qnxiq,Female,0,Yes,Yes,72,Yes,Yes,Fiber Optic,Yes,Yes,Yes,Yes,Yes,Yes,Two Year,Yes,Bank Transfer (Automatic),113.1,8248.5,No
2782-Lfzvw,Female,0,No,No,11,Yes,Yes,Dsl,No,No,No,No,No,Yes,Month-To-Month,Yes,Mailed Check,58.95,601.6,No
2866-Ikbtm,Female,0,No,No,1,Yes,No,No,No Internet Service,No Internet Service,No Internet Service,No Internet Service,No Internet Service,No Internet Service,Month-To-Month,No,Mailed Check,19.55,19.55,No
1342-Jpnki,Male,0,No,No,10,Yes,Yes,Fiber Optic,No,No,No,No,Yes,No,Month-To-Month,Yes,Bank Transfer (Automatic),86.05,834.1,Yes
2817-Ntqdo,Male,0,No,No,13,No,No Phone Service,Dsl,Yes,No,No,Yes,Yes,No,Month-To-Month,Yes,Credit Card (Automatic),45.55,597,Yes
7129-Azjde,Male,0,Yes,Yes,34,Yes,No,Fiber Optic,No,No,No,No,No,Yes,One Year,Yes,Bank Transfer (Automatic),78.95,2647.2,No
6986-Ijdhx,Male,0,Yes,Yes,39,Yes,No,Fiber Optic,No,Yes,No,No,Yes,No,Month-To-Month,Yes,Mailed Check,86.3,3266,Yes
2560-Ppche,Female,0,No,No,65,Yes,Yes,Fiber Optic,No,Yes,No,Yes,Yes,Yes,One Year,Yes,Bank Transfer (Automatic),105.05,6744.25,No
4676-Mquea,Male,1,Yes,No,50,Yes,Yes,Fiber Optic,Yes,Yes,Yes,No,Yes,No,One Year,Yes,Bank Transfer (Automatic),101.9,5265.5,No
8138-Ealnd,Male,0,No,No,15,Yes,No,No,No Internet Service,No Internet Service,No Internet Service,No Internet Service,No Internet Service,No Internet Service,Month-To-Month,No,Mailed Check,19.75,311.6,No
3580-Hycsp,Male,0,Yes,Yes,72,Yes,Yes,Fiber Optic,Yes,Yes,Yes,No,Yes,Yes,Two Year,Yes,Bank Transfer (Automatic),110.3,7966.9,No
1352-Hnsaw,Female,0,Yes,Yes,72,Yes,Yes,Fiber Optic,Yes,Yes,Yes,Yes,Yes,Yes,Two Year,Yes,Bank Transfer (Automatic),115.6,8220.4,No
2075-Puepr,Male,0,Yes,Yes,55,Yes,No,No,No Internet Service,No Internet Service,No Internet Service,No Internet Service,No Internet Service,No Internet Service,Two Year,No,Bank Transfer (Automatic),19.35,1153.25,No
1982-Febtd,Female,0,Yes,Yes,23,Yes,Yes,No,No Internet Service,No Internet Service,No Internet Service,No Internet Service,No Internet Service,No Internet Service,Two Year,Yes,Credit Card (Automatic),25.6,514.75,No
5301-Gauuy,Male,0,No,No,32,Yes,Yes,Fiber Optic,No,Yes,No,No,No,No,Month-To-Month,Yes,Bank Transfer (Automatic),80.35,2596.15,Yes
5791-Kajfd,Female,0,Yes,Yes,56,Yes,Yes,Dsl,Yes,No,Yes,No,No,Yes,One Year,Yes,Bank Transfer (Automatic),68.75,3808,No
2654-Vbvpb,Female,0,No,No,1,Yes,No,No,No Internet Service,No Internet Service,No Internet Service,No Internet Service,No Internet Service,No Internet Service,Month-To-Month,No,Bank Transfer (Automatic),19.9,19.9,No
1154-Hywwo,Male,0,No,No,38,Yes,No,Dsl,Yes,Yes,No,Yes,Yes,No,One Year,No,Mailed Check,70.6,2708.2,No
2501-Xwwtz,Male,0,No,No,11,Yes,No,Fiber Optic,No,No,No,No,No,No,Month-To-Month,No,Electronic Check,70.2,760.05,No
3716-Uvspd,Male,0,No,No,1,Yes,No,Dsl,No,No,No,Yes,No,No,Month-To-Month,Yes,Electronic Check,49.3,49.3,No
6815-Abqfq,Male,0,Yes,No,56,Yes,Yes,Fiber Optic,No,Yes,No,Yes,Yes,Yes,One Year,Yes,Electronic Check,107.25,6033.3,No
7343-Eobeu,Male,0,Yes,No,3,Yes,Yes,No,No Internet Service,No Internet Service,No Internet Service,No Internet Service,No Internet Service,No Internet Service,Month-To-Month,Yes,Mailed Check,23.6,89.05,No
3701-Sfmuh,Male,0,Yes,Yes,7,Yes,No,Dsl,Yes,No,No,No,Yes,Yes,Month-To-Month,No,Credit Card (Automatic),69.7,516.15,No
6103-Lianb,Male,0,Yes,Yes,59,Yes,Yes,Fiber Optic,No,No,Yes,No,Yes,Yes,Two Year,Yes,Credit Card (Automatic),99.5,5861.75,No
7319-Venrz,Male,0,No,No,7,Yes,No,Dsl,No,No,Yes,Yes,Yes,No,Month-To-Month,No,Bank Transfer (Automatic),64.3,445.95,No
5846-Neqvz,Male,0,Yes,Yes,71,Yes,No,Dsl,Yes,No,Yes,Yes,No,Yes,Two Year,Yes,Credit Card (Automatic),70.85,4973.4,No
6967-Qiqrv,Male,0,Yes,Yes,15,Yes,No,Fiber Optic,Yes,No,No,Yes,Yes,Yes,One Year,No,Electronic Check,101.9,1667.25,No
5781-Rfzrp,Male,0,Yes,No,71,Yes,Yes,Dsl,Yes,Yes,No,Yes,Yes,No,Two Year,No,Credit Card (Automatic),73.5,5357.75,No
0939-Yapaf,Female,0,No,No,35,Yes,Yes,Fiber Optic,No,No,Yes,No,Yes,Yes,Month-To-Month,Yes,Electronic Check,100.25,3527.6,Yes
0308-Ivgok,Female,0,No,No,11,No,No Phone Service,Dsl,No,Yes,Yes,Yes,No,No,One Year,Yes,Credit Card (Automatic),40.4,422.6,No
7293-Lscdv,Female,0,Yes,Yes,60,Yes,No,No,No Internet Service,No Internet Service,No Internet Service,No Internet Service,No Internet Service,No Internet Service,Two Year,Yes,Credit Card (Automatic),19.25,1103.25,No
7025-Wcbne,Male,1,No,No,47,Yes,Yes,Dsl,No,Yes,No,Yes,No,No,Two Year,No,Bank Transfer (Automatic),59.6,2754,No
5756-Jyojt,Female,0,No,No,11,Yes,No,Dsl,No,No,Yes,Yes,No,Yes,One Year,No,Credit Card (Automatic),64.9,697.25,No
4710-Fduiz,Male,0,Yes,No,56,Yes,Yes,Fiber Optic,No,Yes,No,No,Yes,Yes,One Year,No,Credit Card (Automatic),100.3,5614.45,Yes
6030-Rehux,Female,1,Yes,No,28,Yes,Yes,Fiber Optic,No,Yes,Yes,Yes,Yes,Yes,Month-To-Month,Yes,Electronic Check,110.85,3204.4,No
9548-Ligta,Male,0,Yes,No,61,Yes,No,Dsl,Yes,Yes,No,Yes,Yes,Yes,Two Year,Yes,Mailed Check,81.05,4747.65,No
5150-Ljnsr,Male,0,Yes,Yes,31,Yes,Yes,Fiber Optic,Yes,No,Yes,No,Yes,No,One Year,No,Bank Transfer (Automatic),98.05,3082.1,No
8270-Rksap,Male,0,No,No,9,Yes,No,Fiber Optic,No,No,No,No,No,No,Month-To-Month,Yes,Electronic Check,70.5,597.9,No
6522-Yrbxd,Male,1,Yes,No,35,Yes,Yes,Fiber Optic,Yes,Yes,No,No,No,Yes,Month-To-Month,Yes,Electronic Check,94.55,3365.4,No
2640-Lymov,Male,0,No,No,2,Yes,No,No,No Internet Service,No Internet Service,No Internet Service,No Internet Service,No Internet Service,No Internet Service,Month-To-Month,Yes,Mailed Check,19.65,38.8,No
1218-Vkfpe,Female,0,Yes,Yes,12,Yes,No,No,No Internet Service,No Internet Service,No Internet Service,No Internet Service,No Internet Service,No Internet Service,Month-To-Month,No,Mailed Check,19.0,233.55,Yes
3627-Fhkbk,Female,0,No,No,1,Yes,No,Fiber Optic,Yes,No,No,No,No,No,Month-To-Month,No,Mailed Check,75.3,75.3,Yes
2865-Tchjw,Female,1,No,No,4,Yes,Yes,Fiber Optic,No,No,Yes,No,Yes,No,Month-To-Month,Yes,Electronic Check,89.2,346.2,Yes
1423-Bmpbq,Female,0,Yes,Yes,1,Yes,No,No,No Internet Service,No Internet Service,No Internet Service,No Internet Service,No Internet Service,No Internet Service,Month-To-Month,Yes,Mailed Check,19.0,19,No
2393-Divai,Female,0,No,No,3,Yes,No,No,No Internet Service,No Internet Service,No Internet Service,No Internet Service,No Internet Service,No Internet Service,Month-To-Month,Yes,Mailed Check,20.0,61.7,No
5192-Ebgov,Female,1,No,No,1,Yes,Yes,Fiber Optic,No,No,No,No,Yes,No,Month-To-Month,Yes,Electronic Check,85.7,85.7,Yes
4568-Knywr,Male,0,No,No,52,Yes,No,Dsl,Yes,Yes,No,No,Yes,No,Two Year,Yes,Credit Card (Automatic),63.25,3342.45,No
8752-Imqos,Male,0,Yes,Yes,5,Yes,No,No,No Internet Service,No Internet Service,No Internet Service,No Internet Service,No Internet Service,No Internet Service,One Year,No,Mailed Check,20.1,85.1,No
0742-Lafqk,Male,0,Yes,No,72,Yes,Yes,Fiber Optic,Yes,Yes,Yes,No,No,Yes,Two Year,Yes,Electronic Check,99.15,7422.1,No
0795-Lafgp,Male,0,Yes,Yes,71,Yes,Yes,Dsl,Yes,Yes,Yes,Yes,Yes,Yes,Two Year,No,Electronic Check,90.4,6668.05,No
0619-Olyur,Male,0,Yes,No,72,Yes,Yes,Fiber Optic,Yes,No,Yes,Yes,Yes,Yes,Two Year,Yes,Credit Card (Automatic),111.9,8071.05,No
5512-Idzei,Male,0,Yes,Yes,46,Yes,Yes,No,No Internet Service,No Internet Service,No Internet Service,No Internet Service,No Internet Service,No Internet Service,One Year,No,Electronic Check,24.9,1174.8,No
0459-Spzhj,Male,0,Yes,Yes,63,Yes,Yes,Dsl,Yes,Yes,Yes,No,Yes,Yes,Two Year,No,Credit Card (Automatic),83.5,5435,No
0215-Bqkgs,Male,0,No,No,30,Yes,No,Fiber Optic,Yes,Yes,Yes,No,No,No,Month-To-Month,Yes,Credit Card (Automatic),84.3,2438.6,No
9244-Zvapm,Male,0,No,No,1,Yes,No,Dsl,No,No,No,No,No,No,Month-To-Month,No,Mailed Check,45.6,45.6,No
0719-Syfrb,Female,0,No,No,12,Yes,Yes,Dsl,Yes,No,Yes,Yes,No,No,Month-To-Month,Yes,Mailed Check,61.65,713.75,Yes
8208-Eumte,Male,0,No,No,16,No,No Phone Service,Dsl,Yes,Yes,Yes,Yes,Yes,No,Two Year,No,Mailed Check,54.85,916.15,No
5172-Migpm,Male,0,No,No,4,Yes,Yes,Dsl,No,No,No,Yes,No,Yes,Month-To-Month,No,Mailed Check,65.55,237.2,No
1710-Rcxus,Male,0,Yes,No,51,Yes,Yes,Fiber Optic,No,Yes,No,No,No,Yes,One Year,Yes,Credit Card (Automatic),90.35,4614.55,No
0374-Fiuca,Male,0,Yes,No,65,Yes,No,No,No Internet Service,No Internet Service,No Internet Service,No Internet Service,No Internet Service,No Internet Service,Two Year,Yes,Credit Card (Automatic),20.4,1414.45,No
5839-Suyvz,Male,0,No,No,16,Yes,No,Fiber Optic,No,No,No,Yes,No,No,Month-To-Month,Yes,Credit Card (Automatic),74.55,1170.5,No
5173-Zxxxl,Male,0,No,No,2,Yes,No,No,No Internet Service,No Internet Service,No Internet Service,No Internet Service,No Internet Service,No Internet Service,One Year,No,Mailed Check,19.95,47.7,No
1096-Adrux,Female,0,Yes,Yes,66,Yes,Yes,Fiber Optic,No,No,No,No,No,No,One Year,Yes,Bank Transfer (Automatic),74.25,4859.25,No
2001-Mcuuw,Male,0,No,No,46,Yes,Yes,Fiber Optic,No,Yes,Yes,Yes,Yes,Yes,Two Year,No,Electronic Check,108.65,4903.2,No
2731-Gjrdg,Female,0,No,No,32,Yes,Yes,Fiber Optic,Yes,No,Yes,Yes,Yes,Yes,One Year,Yes,Bank Transfer (Automatic),109.55,3608,No
4723-Begsg,Male,0,Yes,No,72,Yes,Yes,Dsl,Yes,No,Yes,Yes,Yes,Yes,Two Year,No,Credit Card (Automatic),86.65,6094.25,No
6516-Nkqbo,Male,0,Yes,Yes,38,Yes,No,Dsl,Yes,No,Yes,Yes,Yes,Yes,Two Year,No,Credit Card (Automatic),81.0,3084.9,No
8672-Oaupw,Male,0,No,Yes,51,Yes,No,Dsl,No,No,No,Yes,No,No,One Year,No,Credit Card (Automatic),47.85,2356.75,No
8207-Dmrvl,Male,0,Yes,Yes,72,Yes,Yes,Fiber Optic,Yes,Yes,Yes,Yes,Yes,Yes,Two Year,No,Bank Transfer (Automatic),114.55,8306.05,No
3419-Snjjd,Female,1,Yes,No,65,Yes,Yes,Fiber Optic,Yes,No,Yes,No,Yes,Yes,Month-To-Month,No,Bank Transfer (Automatic),105.25,6786.4,Yes
6543-Cpzmk,Male,0,Yes,Yes,9,No,No Phone Service,Dsl,No,Yes,No,No,No,No,Month-To-Month,Yes,Electronic Check,29.95,248.95,Yes
4765-Oxppd,Female,0,Yes,Yes,9,Yes,No,Dsl,Yes,Yes,Yes,Yes,No,No,Month-To-Month,No,Mailed Check,65.0,663.05,Yes
2804-Etqdk,Male,0,No,Yes,66,Yes,No,No,No Internet Service,No Internet Service,No Internet Service,No Internet Service,No Internet Service,No Internet Service,Two Year,No,Mailed Check,20.55,1357.1,No
6689-Vrrtk,Female,1,No,No,44,Yes,Yes,Fiber Optic,Yes,Yes,Yes,No,Yes,Yes,One Year,Yes,Credit Card (Automatic),109.8,4860.35,No
7138-Girsh,Male,0,No,No,50,Yes,Yes,Dsl,No,No,Yes,Yes,No,Yes,Two Year,No,Bank Transfer (Automatic),69.5,3418.2,No
9396-Zsfll,Female,0,No,No,15,Yes,Yes,Dsl,No,No,No,No,No,No,Month-To-Month,No,Mailed Check,48.85,631.4,No
6464-Kexxh,Male,0,No,No,8,No,No Phone Service,Dsl,No,No,No,No,No,No,Month-To-Month,Yes,Credit Card (Automatic),25.25,186.3,No
7134-Mjpdy,Female,1,No,No,66,Yes,Yes,Fiber Optic,No,No,Yes,Yes,Yes,Yes,One Year,Yes,Credit Card (Automatic),102.85,6976.75,No
5240-Caoyt,Female,0,No,No,57,Yes,Yes,Fiber Optic,Yes,Yes,No,Yes,No,No,Month-To-Month,Yes,Bank Transfer (Automatic),87.55,4884.85,No
4059-Iiebk,Female,0,No,No,7,Yes,Yes,Fiber Optic,No,Yes,No,No,No,No,Month-To-Month,Yes,Bank Transfer (Automatic),78.55,522.95,No
4881-Jvqod,Male,1,Yes,Yes,10,No,No Phone Service,Dsl,No,No,No,No,No,Yes,Month-To-Month,Yes,Bank Transfer (Automatic),34.55,362.6,No
0516-Uxrmt,Female,0,No,No,62,Yes,Yes,Fiber Optic,Yes,Yes,Yes,No,No,No,One Year,Yes,Electronic Check,92.05,5755.8,No
4851-Bqdnx,Male,0,Yes,Yes,40,Yes,No,Fiber Optic,No,No,Yes,No,Yes,No,One Year,Yes,Electronic Check,85.05,3355.65,No
5148-Hkfir,Female,0,No,No,20,Yes,No,No,No Internet Service,No Internet Service,No Internet Service,No Internet Service,No Internet Service,No Internet Service,Two Year,No,Mailed Check,19.7,406.95,No
1009-Irmna,Female,0,No,No,7,Yes,No,No,No Internet Service,No Internet Service,No Internet Service,No Internet Service,No Internet Service,No Internet Service,Month-To-Month,No,Bank Transfer (Automatic),20.0,137.6,Yes
3003-Cmduu,Female,0,Yes,No,25,Yes,No,Fiber Optic,No,No,No,Yes,Yes,Yes,Month-To-Month,Yes,Electronic Check,95.15,2395.7,No
5016-Iberq,Male,0,Yes,No,23,Yes,Yes,Fiber Optic,No,Yes,Yes,No,No,No,Month-To-Month,No,Electronic Check,84.25,1968.1,No
6797-Ucjhz,Female,1,Yes,No,66,Yes,Yes,Fiber Optic,No,Yes,Yes,No,Yes,Yes,One Year,No,Credit Card (Automatic),104.6,6819.45,No
2469-Dtsgx,Female,1,No,No,72,Yes,Yes,Fiber Optic,No,Yes,Yes,Yes,Yes,Yes,Two Year,No,Electronic Check,111.65,7943.45,No
4554-Ygzih,Male,1,Yes,No,49,Yes,Yes,Fiber Optic,No,Yes,No,No,No,Yes,Month-To-Month,No,Credit Card (Automatic),90.05,4547.25,Yes
5099-Bailx,Male,1,Yes,Yes,43,Yes,Yes,Fiber Optic,No,Yes,Yes,Yes,Yes,Yes,Month-To-Month,Yes,Bank Transfer (Automatic),110.75,4687.9,Yes
9931-Kghoa,Female,0,Yes,No,46,Yes,Yes,Dsl,Yes,No,No,No,No,No,Month-To-Month,No,Bank Transfer (Automatic),55.0,2473.95,No
1775-Kwjkq,Male,0,Yes,Yes,72,Yes,Yes,Dsl,Yes,Yes,Yes,Yes,Yes,Yes,Two Year,No,Credit Card (Automatic),89.85,6562.9,No
7665-Vigud,Male,0,No,No,10,Yes,No,No,No Internet Service,No Internet Service,No Internet Service,No Internet Service,No Internet Service,No Internet Service,One Year,No,Mailed Check,20.35,176.3,No
9411-Tpqqv,Female,0,No,No,40,No,No Phone Service,Dsl,Yes,No,No,Yes,Yes,Yes,One Year,Yes,Bank Transfer (Automatic),54.55,2236.2,No
7207-Rmrdb,Female,0,Yes,Yes,65,Yes,Yes,Fiber Optic,No,Yes,Yes,No,Yes,Yes,Month-To-Month,Yes,Electronic Check,105.5,6985.65,Yes
7954-Mlbun,Male,0,No,No,31,Yes,No,Fiber Optic,No,No,Yes,Yes,Yes,Yes,Two Year,No,Bank Transfer (Automatic),99.45,3109.9,No
2077-Ddhjk,Female,0,Yes,No,68,Yes,Yes,Dsl,Yes,Yes,Yes,Yes,No,No,Two Year,No,Credit Card (Automatic),70.9,4911.35,No
4913-Ehyui,Male,1,Yes,Yes,56,Yes,Yes,Fiber Optic,Yes,No,Yes,No,Yes,Yes,One Year,Yes,Bank Transfer (Automatic),104.55,5794.65,Yes
0195-Iescp,Male,0,Yes,No,10,Yes,Yes,Fiber Optic,No,No,No,No,No,Yes,Month-To-Month,Yes,Electronic Check,85.25,855.3,Yes
9574-Bosmd,Male,0,Yes,Yes,68,Yes,Yes,No,No Internet Service,No Internet Service,No Internet Service,No Internet Service,No Internet Service,No Internet Service,Two Year,No,Bank Transfer (Automatic),25.4,1620.2,No
4580-Tmhju,Female,0,Yes,Yes,43,Yes,No,Dsl,No,No,No,No,Yes,No,Month-To-Month,No,Electronic Check,56.15,2499.3,Yes
0970-Etwge,Male,0,No,No,1,Yes,No,Fiber Optic,No,No,No,No,Yes,Yes,Month-To-Month,Yes,Electronic Check,89.55,89.55,Yes
4908-Xaxay,Female,1,No,No,49,Yes,No,Fiber Optic,No,Yes,Yes,No,No,Yes,One Year,Yes,Bank Transfer (Automatic),89.85,4287.2,No
8404-Vlqfb,Female,0,Yes,Yes,15,Yes,Yes,No,No Internet Service,No Internet Service,No Internet Service,No Internet Service,No Internet Service,No Internet Service,Month-To-Month,Yes,Electronic Check,25.25,394.85,No
1626-Ercmm,Male,1,Yes,No,20,Yes,Yes,Fiber Optic,No,No,No,No,Yes,Yes,Month-To-Month,Yes,Electronic Check,94.55,1899.65,Yes
0887-Hjgar,Male,0,No,No,1,Yes,No,Dsl,No,No,No,No,No,No,Month-To-Month,Yes,Mailed Check,45.7,45.7,Yes
2391-Iplop,Male,0,Yes,Yes,50,Yes,Yes,Dsl,No,No,Yes,Yes,Yes,No,One Year,Yes,Electronic Check,69.65,3442.15,No
5644-Pdmzc,Female,1,No,No,2,Yes,Yes,Fiber Optic,No,Yes,No,No,No,Yes,Month-To-Month,No,Electronic Check,89.5,161.5,Yes
3509-Gwqgf,Male,1,No,No,24,Yes,No,Fiber Optic,No,No,No,No,No,No,Month-To-Month,No,Credit Card (Automatic),70.0,1732.6,No
9576-Anlxo,Female,0,No,No,3,Yes,No,Fiber Optic,No,No,No,No,No,No,Month-To-Month,Yes,Bank Transfer (Automatic),69.55,222.3,Yes
2024-Baskd,Female,0,No,No,1,Yes,No,Fiber Optic,No,No,Yes,No,No,No,Month-To-Month,Yes,Mailed Check,74.6,74.6,Yes
5845-Bzzib,Male,0,Yes,Yes,35,Yes,No,No,No Internet Service,No Internet Service,No Internet Service,No Internet Service,No Internet Service,No Internet Service,Two Year,No,Mailed Check,20.1,655.3,No
1140-Ukvzg,Female,0,No,No,17,Yes,Yes,No,No Internet Service,No Internet Service,No Internet Service,No Internet Service,No Internet Service,No Internet Service,Month-To-Month,No,Mailed Check,24.8,475.25,No
4160-Amjtl,Female,1,No,No,8,Yes,No,No,No Internet Service,No Internet Service,No Internet Service,No Internet Service,No Internet Service,No Internet Service,Month-To-Month,No,Electronic Check,19.65,164.3,Yes
5183-Snmjq,Male,0,No,No,10,Yes,No,Fiber Optic,No,No,No,Yes,Yes,Yes,Month-To-Month,Yes,Credit Card (Automatic),95.1,865.1,No
8100-Pnjmh,Male,0,Yes,Yes,68,Yes,Yes,Dsl,Yes,Yes,Yes,Yes,Yes,Yes,Two Year,Yes,Credit Card (Automatic),88.85,6132.7,No
7838-Lazfo,Male,0,Yes,No,45,Yes,No,Dsl,Yes,Yes,Yes,No,Yes,Yes,One Year,No,Bank Transfer (Automatic),78.8,3597.5,No
4464-Jcoln,Male,0,Yes,Yes,2,Yes,No,No,No Internet Service,No Internet Service,No Internet Service,No Internet Service,No Internet Service,No Internet Service,One Year,No,Mailed Check,19.85,35.9,Yes
2085-Jvgad,Male,0,Yes,No,37,Yes,No,No,No Internet Service,No Internet Service,No Internet Service,No Internet Service,No Internet Service,No Internet Service,Month-To-Month,No,Bank Transfer (Automatic),20.35,697.65,No
5650-Vduds,Female,0,No,No,4,No,No Phone Service,Dsl,No,No,No,No,No,No,Month-To-Month,Yes,Mailed Check,24.25,96.05,Yes
8095-Wanwk,Female,0,No,No,10,Yes,No,Dsl,No,No,No,No,No,No,Month-To-Month,No,Mailed Check,45.25,428.7,No
3030-Zkiwl,Male,0,No,No,1,Yes,No,No,No Internet Service,No Internet Service,No Internet Service,No Internet Service,No Internet Service,No Internet Service,Month-To-Month,No,Mailed Check,20.05,20.05,No
9565-Flvcg,Male,0,Yes,Yes,65,Yes,Yes,Dsl,Yes,Yes,No,No,No,Yes,Two Year,Yes,Mailed Check,69.55,4459.15,No
8755-Ogkna,Female,0,Yes,Yes,57,Yes,No,No,No Internet Service,No Internet Service,No Internet Service,No Internet Service,No Internet Service,No Internet Service,Two Year,No,Bank Transfer (Automatic),19.5,1167.6,No
2800-Veqxm,Female,0,No,No,3,Yes,No,Fiber Optic,No,No,Yes,No,No,No,Month-To-Month,Yes,Mailed Check,74.75,238.1,No
7538-Gwhml,Female,0,No,No,2,Yes,No,Fiber Optic,No,No,No,No,No,No,Month-To-Month,No,Electronic Check,69.65,145.15,Yes
5533-Rjftj,Male,0,No,No,49,No,No Phone Service,Dsl,No,No,Yes,No,No,No,Month-To-Month,Yes,Bank Transfer (Automatic),30.2,1453.1,No
3859-Cvcet,Female,0,No,No,4,Yes,No,Dsl,No,No,No,No,No,No,Month-To-Month,No,Mailed Check,45.65,191.05,Yes
0214-Jhpfw,Female,0,Yes,No,70,No,No Phone Service,Dsl,No,Yes,Yes,Yes,Yes,Yes,Two Year,No,Bank Transfer (Automatic),57.8,4039.3,No
5642-Mhdqt,Female,0,Yes,Yes,53,Yes,No,No,No Internet Service,No Internet Service,No Internet Service,No Internet Service,No Internet Service,No Internet Service,One Year,Yes,Bank Transfer (Automatic),19.85,1039.45,No
3088-Fvywk,Male,0,Yes,Yes,53,Yes,Yes,No,No Internet Service,No Internet Service,No Internet Service,No Internet Service,No Internet Service,No Internet Service,Two Year,No,Credit Card (Automatic),25.55,1336.1,No
3276-Hdueg,Female,0,No,No,1,Yes,Yes,Fiber Optic,No,No,No,No,No,No,Month-To-Month,Yes,Mailed Check,75.05,75.05,Yes
9092-Gdzko,Male,0,No,No,22,Yes,Yes,No,No Internet Service,No Internet Service,No Internet Service,No Internet Service,No Internet Service,No Internet Service,Month-To-Month,Yes,Credit Card (Automatic),24.85,493.4,No
0823-Hscdj,Male,1,No,No,52,No,No Phone Service,Dsl,No,Yes,No,No,Yes,Yes,Month-To-Month,Yes,Electronic Check,49.15,2550.9,Yes
3729-Owrvl,Male,1,No,No,65,Yes,Yes,Fiber Optic,Yes,No,Yes,Yes,Yes,Yes,Two Year,Yes,Electronic Check,110.35,7246.15,No
2324-Aalno,Female,0,No,No,48,Yes,Yes,No,No Internet Service,No Internet Service,No Internet Service,No Internet Service,No Internet Service,No Internet Service,One Year,No,Bank Transfer (Automatic),24.55,1203.95,No
0822-Gavap,Female,0,No,No,2,No,No Phone Service,Dsl,No,No,No,No,No,Yes,Month-To-Month,Yes,Electronic Check,34.7,62.25,Yes
5760-Ifjoz,Male,0,No,No,3,Yes,Yes,Fiber Optic,No,Yes,Yes,No,Yes,Yes,Month-To-Month,No,Mailed Check,107.95,313.6,No
2826-Uwhis,Male,0,Yes,No,45,Yes,Yes,Fiber Optic,No,Yes,No,No,No,No,Month-To-Month,No,Bank Transfer (Automatic),81.4,3775.85,No
1448-Pwkye,Male,0,Yes,Yes,1,Yes,No,Fiber Optic,No,No,No,No,No,Yes,Month-To-Month,No,Electronic Check,80.0,80,Yes
7501-Iwung,Female,0,Yes,Yes,61,Yes,No,Dsl,No,No,Yes,Yes,Yes,Yes,Two Year,Yes,Bank Transfer (Automatic),73.8,4616.05,No
4957-Treir,Male,0,No,No,3,Yes,No,Dsl,Yes,No,No,Yes,Yes,No,Month-To-Month,Yes,Credit Card (Automatic),64.4,195.65,No
7251-Ljbqn,Female,1,No,No,40,Yes,Yes,Fiber Optic,No,No,Yes,Yes,Yes,Yes,One Year,Yes,Credit Card (Automatic),103.75,4188.4,No
8040-Mnrtf,Female,0,No,No,1,Yes,No,Fiber Optic,No,No,No,No,No,No,Month-To-Month,No,Mailed Check,71.1,71.1,No
1536-Hbswp,Female,0,No,No,1,Yes,No,Dsl,No,No,No,Yes,No,No,Month-To-Month,Yes,Electronic Check,49.9,49.9,No
5313-Fpxwg,Male,0,No,No,51,Yes,Yes,No,No Internet Service,No Internet Service,No Internet Service,No Internet Service,No Internet Service,No Internet Service,One Year,Yes,Bank Transfer (Automatic),24.6,1266.4,No
0067-Dkwbl,Male,1,No,No,2,Yes,No,Dsl,Yes,No,No,No,No,No,Month-To-Month,Yes,Electronic Check,49.25,91.1,Yes
0946-Fkytx,Male,0,No,No,52,No,No Phone Service,Dsl,No,Yes,No,No,No,No,One Year,No,Mailed Check,30.1,1623.4,No
5076-Yvxcm,Male,0,No,No,51,Yes,Yes,Fiber Optic,No,No,No,No,No,Yes,Month-To-Month,No,Bank Transfer (Automatic),83.4,4149.45,No
8262-Coggb,Male,0,No,No,1,Yes,No,No,No Internet Service,No Internet Service,No Internet Service,No Internet Service,No Internet Service,No Internet Service,Month-To-Month,Yes,Mailed Check,20.45,20.45,No
6663-Jocqo,Male,0,Yes,Yes,31,Yes,Yes,Dsl,Yes,Yes,No,Yes,No,Yes,One Year,Yes,Bank Transfer (Automatic),75.25,2344.5,No
9620-Qjrev,Male,0,No,Yes,47,Yes,No,No,No Internet Service,No Internet Service,No Internet Service,No Internet Service,No Internet Service,No Internet Service,One Year,No,Credit Card (Automatic),20.55,1013.05,No
2276-Ydavz,Female,0,No,No,3,Yes,Yes,Fiber Optic,No,No,No,No,No,No,Month-To-Month,Yes,Credit Card (Automatic),75.1,270.7,Yes
2682-Kevrp,Female,1,No,No,22,Yes,No,No,No Internet Service,No Internet Service,No Internet Service,No Internet Service,No Internet Service,No Internet Service,One Year,Yes,Mailed Check,20.05,417,No
2480-Jzosn,Female,0,Yes,No,1,Yes,No,No,No Internet Service,No Internet Service,No Internet Service,No Internet Service,No Internet Service,No Internet Service,Month-To-Month,Yes,Mailed Check,20.65,20.65,No
0078-Xzmht,Male,0,Yes,No,72,Yes,Yes,Dsl,No,Yes,Yes,Yes,Yes,Yes,Two Year,Yes,Bank Transfer (Automatic),85.15,6316.2,No
5896-Npfww,Male,0,Yes,Yes,3,Yes,No,Dsl,No,No,Yes,No,No,No,Month-To-Month,Yes,Electronic Check,50.15,168.15,Yes
9978-Hycin,Male,1,Yes,Yes,47,Yes,No,Fiber Optic,No,Yes,No,No,Yes,No,One Year,Yes,Bank Transfer (Automatic),84.95,4018.05,No
8338-Qiunr,Male,0,Yes,Yes,72,Yes,Yes,Dsl,Yes,No,Yes,Yes,No,No,Two Year,Yes,Credit Card (Automatic),66.5,4811.6,No
1525-Lnloj,Male,0,Yes,Yes,66,Yes,Yes,Dsl,No,No,Yes,No,Yes,No,Two Year,Yes,Bank Transfer (Automatic),63.3,4189.7,No
9450-Trjuu,Male,0,No,No,35,Yes,Yes,Fiber Optic,No,No,No,No,Yes,No,Month-To-Month,No,Electronic Check,83.15,2848.45,No
1766-Gknmi,Male,0,No,No,29,Yes,Yes,Fiber Optic,No,No,No,No,No,Yes,Month-To-Month,Yes,Electronic Check,84.9,2516.2,No
6942-Lbfdp,Female,0,No,No,2,Yes,No,No,No Internet Service,No Internet Service,No Internet Service,No Internet Service,No Internet Service,No Internet Service,Month-To-Month,Yes,Mailed Check,20.55,33.6,No
1456-Twcgb,Male,0,No,No,4,Yes,No,Dsl,No,Yes,No,No,No,No,Month-To-Month,No,Mailed Check,49.25,208.45,No
7133-Vbdcg,Female,0,No,No,25,Yes,No,Fiber Optic,Yes,Yes,No,No,No,No,Month-To-Month,Yes,Bank Transfer (Automatic),79.85,2015.35,Yes
7596-Zywbb,Female,0,No,No,65,Yes,No,Dsl,Yes,Yes,No,Yes,No,No,Two Year,Yes,Mailed Check,59.6,3739.8,No
8329-Utmvm,Male,1,No,No,27,Yes,Yes,Fiber Optic,No,Yes,No,Yes,Yes,Yes,One Year,Yes,Bank Transfer (Automatic),104.65,2964,No
3014-Wjksm,Male,0,Yes,No,29,Yes,No,Fiber Optic,No,No,Yes,No,No,No,Month-To-Month,Yes,Credit Card (Automatic),75.3,2263.4,No
3347-Yjzze,Male,0,Yes,Yes,29,Yes,Yes,Dsl,No,Yes,Yes,No,Yes,Yes,Month-To-Month,No,Credit Card (Automatic),80.1,2211.8,No
1029-Qfben,Male,0,No,No,1,Yes,No,No,No Internet Service,No Internet Service,No Internet Service,No Internet Service,No Internet Service,No Internet Service,Month-To-Month,No,Mailed Check,19.55,19.55,Yes
7929-Dmbcv,Female,0,Yes,No,20,Yes,No,Fiber Optic,No,No,Yes,Yes,No,No,Month-To-Month,Yes,Mailed Check,81.0,1683.7,No
9661-Jalzv,Female,0,No,No,58,Yes,Yes,No,No Internet Service,No Internet Service,No Internet Service,No Internet Service,No Internet Service,No Internet Service,Two Year,Yes,Credit Card (Automatic),24.7,1519,No
5433-Kyghe,Female,0,No,Yes,14,Yes,Yes,Fiber Optic,Yes,No,No,Yes,No,No,Month-To-Month,Yes,Mailed Check,86.0,1164.05,No
4312-Kfrxn,Male,0,Yes,No,72,Yes,Yes,No,No Internet Service,No Internet Service,No Internet Service,No Internet Service,No Internet Service,No Internet Service,Two Year,No,Mailed Check,25.4,1710.9,No
5575-Tpizq,Male,0,No,No,46,Yes,Yes,Fiber Optic,Yes,No,No,No,Yes,No,Month-To-Month,Yes,Credit Card (Automatic),89.15,4245.55,No
0114-Igabw,Female,0,Yes,No,71,No,No Phone Service,Dsl,No,Yes,Yes,Yes,Yes,Yes,Two Year,No,Bank Transfer (Automatic),58.25,4145.9,No
9944-Aexbm,Male,0,No,No,32,Yes,Yes,Fiber Optic,No,No,No,No,No,Yes,Month-To-Month,Yes,Bank Transfer (Automatic),85.65,2664.3,No
1853-Araaq,Female,0,No,No,26,No,No Phone Service,Dsl,No,No,Yes,No,Yes,Yes,Month-To-Month,Yes,Credit Card (Automatic),50.35,1277.5,No
6952-Omnwb,Male,1,Yes,No,68,Yes,Yes,Fiber Optic,No,No,Yes,No,No,No,Month-To-Month,Yes,Credit Card (Automatic),80.35,5589.3,No
4697-Lupsu,Male,0,Yes,Yes,2,Yes,No,No,No Internet Service,No Internet Service,No Internet Service,No Internet Service,No Internet Service,No Internet Service,One Year,No,Mailed Check,20.2,34.75,No
8434-Vgeqq,Male,0,Yes,Yes,61,Yes,No,No,No Internet Service,No Internet Service,No Internet Service,No Internet Service,No Internet Service,No Internet Service,Two Year,No,Credit Card (Automatic),20.55,1305.95,No
4952-Ysogz,Female,0,Yes,Yes,4,Yes,Yes,Fiber Optic,No,No,No,No,No,Yes,Month-To-Month,Yes,Electronic Check,85.95,381.3,Yes
1589-Agtlk,Male,0,No,No,3,Yes,No,Dsl,No,No,No,No,No,No,Month-To-Month,Yes,Electronic Check,45.35,141.5,Yes
5244-Irfih,Male,1,Yes,No,33,Yes,Yes,Fiber Optic,No,No,No,No,Yes,Yes,Month-To-Month,Yes,Electronic Check,94.5,3105.55,Yes
6549-Ymfaw,Male,1,Yes,No,9,Yes,No,No,No Internet Service,No Internet Service,No Internet Service,No Internet Service,No Internet Service,No Internet Service,Month-To-Month,Yes,Mailed Check,21.25,204.55,No
4950-Hkqte,Female,0,No,No,22,Yes,Yes,No,No Internet Service,No Internet Service,No Internet Service,No Internet Service,No Internet Service,No Internet Service,Two Year,No,Mailed Check,26.25,605.9,No
6786-Obwqr,Female,0,Yes,Yes,5,Yes,No,Fiber Optic,No,No,No,No,Yes,No,Month-To-Month,Yes,Electronic Check,80.85,356.1,No
2684-Eiweo,Female,1,No,No,30,Yes,Yes,Fiber Optic,Yes,Yes,Yes,No,No,No,Month-To-Month,No,Credit Card (Automatic),91.7,2758.15,Yes
2753-Jmmcv,Male,0,No,No,65,Yes,Yes,Dsl,No,Yes,Yes,Yes,No,Yes,Two Year,Yes,Credit Card (Automatic),74.2,4805.65,No
6439-Gtpca,Female,0,No,No,45,Yes,Yes,Fiber Optic,No,No,Yes,Yes,No,No,Month-To-Month,Yes,Electronic Check,87.25,3941.7,Yes
6621-Yobki,Male,0,No,No,5,Yes,No,No,No Internet Service,No Internet Service,No Internet Service,No Internet Service,No Internet Service,No Internet Service,Month-To-Month,No,Mailed Check,20.35,92.75,No
1216-Jwvux,Male,0,Yes,Yes,25,Yes,No,Fiber Optic,No,Yes,No,No,No,No,Month-To-Month,Yes,Electronic Check,75.5,1901.05,No
7564-Ghcvb,Female,0,Yes,Yes,72,Yes,Yes,Fiber Optic,Yes,No,No,No,No,No,Two Year,No,Bank Transfer (Automatic),79.05,5730.7,No
1173-Noeyg,Female,0,Yes,No,27,Yes,Yes,Fiber Optic,No,No,Yes,No,No,Yes,Month-To-Month,No,Bank Transfer (Automatic),90.15,2423.4,No
7595-Ehcdl,Male,0,Yes,Yes,32,No,No Phone Service,Dsl,No,No,Yes,No,Yes,Yes,Month-To-Month,No,Credit Card (Automatic),50.6,1653.45,No
6647-Zedxt,Female,0,No,No,30,Yes,Yes,Fiber Optic,No,Yes,Yes,Yes,Yes,Yes,One Year,No,Credit Card (Automatic),110.45,3327.05,No
2521-Npuzr,Male,0,Yes,No,70,Yes,No,Fiber Optic,Yes,Yes,Yes,Yes,No,Yes,Two Year,No,Credit Card (Automatic),101.0,7085.5,No
1307-Tvufb,Male,1,No,No,42,Yes,Yes,Fiber Optic,No,Yes,No,No,No,No,Month-To-Month,Yes,Bank Transfer (Automatic),79.35,3344.1,No
7503-Mioga,Female,1,Yes,No,72,Yes,Yes,Dsl,Yes,Yes,Yes,Yes,Yes,Yes,Two Year,Yes,Bank Transfer (Automatic),89.85,6697.35,No
4381-Mhqdc,Female,0,No,No,47,Yes,Yes,Dsl,Yes,No,Yes,Yes,No,No,Two Year,Yes,Mailed Check,65.0,2879.9,No
6923-Jhpmp,Female,0,No,No,2,Yes,No,Fiber Optic,Yes,No,Yes,No,No,No,Month-To-Month,Yes,Electronic Check,80.45,137.1,No
5138-Wvkyj,Male,0,No,No,10,Yes,Yes,Fiber Optic,Yes,No,No,No,Yes,Yes,Month-To-Month,No,Electronic Check,98.55,1008.55,Yes
4018-Ppndw,Female,0,Yes,Yes,61,Yes,Yes,No,No Internet Service,No Internet Service,No Internet Service,No Internet Service,No Internet Service,No Internet Service,Two Year,Yes,Mailed Check,24.1,1551.6,No
1635-Fjfcc,Female,0,No,No,5,Yes,No,Dsl,No,No,No,No,No,No,Month-To-Month,Yes,Credit Card (Automatic),44.05,202.15,No
2499-Ajyua,Female,1,Yes,No,72,Yes,Yes,Fiber Optic,No,Yes,Yes,Yes,Yes,Yes,Two Year,Yes,Credit Card (Automatic),110.8,7882.25,No
6919-Elbgl,Male,1,Yes,Yes,72,Yes,Yes,Fiber Optic,Yes,Yes,Yes,Yes,Yes,Yes,Two Year,Yes,Bank Transfer (Automatic),114.95,8196.4,No
3966-Hrmza,Female,1,No,No,3,Yes,No,Fiber Optic,No,No,Yes,No,No,No,Month-To-Month,No,Mailed Check,75.05,202.9,No
6425-Jwtdv,Male,0,Yes,No,48,Yes,No,No,No Internet Service,No Internet Service,No Internet Service,No Internet Service,No Internet Service,No Internet Service,Two Year,No,Mailed Check,19.25,855.1,No
8405-Igqfx,Female,0,No,No,63,Yes,No,Fiber Optic,No,No,Yes,Yes,Yes,No,One Year,Yes,Credit Card (Automatic),90.05,5817,No
8224-Ivvpa,Female,0,No,No,27,Yes,No,Dsl,Yes,Yes,No,No,No,No,Month-To-Month,Yes,Mailed Check,56.7,1652.95,No
9477-Lgwqi,Male,0,Yes,Yes,70,Yes,No,Dsl,Yes,Yes,Yes,No,Yes,Yes,Two Year,Yes,Credit Card (Automatic),80.15,5600.15,No
1410-Rscmr,Male,0,Yes,Yes,7,Yes,No,Dsl,Yes,No,Yes,Yes,No,Yes,Month-To-Month,Yes,Credit Card (Automatic),71.35,515.75,No
3115-Czmzd,Male,0,No,Yes,0,Yes,No,No,No Internet Service,No Internet Service,No Internet Service,No Internet Service,No Internet Service,No Internet Service,Two Year,No,Mailed Check,20.25,,No
0139-Ivfjg,Female,0,Yes,No,2,Yes,No,Fiber Optic,Yes,Yes,No,No,Yes,No,Month-To-Month,No,Electronic Check,90.35,190.5,No
6683-Vlctz,Male,1,No,No,20,Yes,Yes,Fiber Optic,No,No,Yes,No,Yes,Yes,Month-To-Month,Yes,Electronic Check,98.55,1842.8,Yes
5730-Dbdsi,Male,0,No,No,66,Yes,No,No,No Internet Service,No Internet Service,No Internet Service,No Internet Service,No Internet Service,No Internet Service,Two Year,No,Bank Transfer (Automatic),19.7,1253.8,No
0030-Fnxpp,Female,0,No,No,3,Yes,No,No,No Internet Service,No Internet Service,No Internet Service,No Internet Service,No Internet Service,No Internet Service,Month-To-Month,No,Mailed Check,19.85,57.2,No
2189-Wwoew,Female,0,No,Yes,15,Yes,No,Fiber Optic,No,Yes,No,No,No,Yes,Month-To-Month,Yes,Bank Transfer (Automatic),85.9,1269.55,Yes
5684-Fjvyr,Female,0,Yes,Yes,72,Yes,Yes,Fiber Optic,Yes,Yes,No,Yes,No,No,Two Year,Yes,Bank Transfer (Automatic),90.35,6563.4,No
4013-Guxnd,Male,0,No,No,1,Yes,No,No,No Internet Service,No Internet Service,No Internet Service,No Internet Service,No Internet Service,No Internet Service,Month-To-Month,No,Mailed Check,20.8,20.8,No
1894-Igfsg,Female,0,No,No,22,Yes,No,Fiber Optic,No,No,No,No,Yes,Yes,Month-To-Month,No,Electronic Check,89.25,1907.85,Yes
7379-Pokdz,Male,0,Yes,No,3,Yes,No,Fiber Optic,No,No,No,No,No,No,Month-To-Month,Yes,Electronic Check,70.3,208.85,Yes
1266-Nzyui,Female,0,Yes,Yes,72,Yes,Yes,Dsl,Yes,No,Yes,Yes,No,No,Two Year,No,Bank Transfer (Automatic),66.85,4758.8,No
7969-Ffowg,Male,0,Yes,Yes,65,Yes,No,No,No Internet Service,No Internet Service,No Internet Service,No Internet Service,No Internet Service,No Internet Service,Two Year,No,Mailed Check,19.9,1292.6,No
4718-Dhsmv,Female,0,No,No,11,No,No Phone Service,Dsl,No,No,No,No,Yes,No,Month-To-Month,Yes,Mailed Check,35.8,363.15,No
5175-Wlyxl,Male,0,No,No,22,Yes,Yes,Fiber Optic,No,Yes,No,No,No,No,Month-To-Month,Yes,Mailed Check,78.85,1600.25,No
7817-Omjna,Male,0,No,No,14,Yes,No,No,No Internet Service,No Internet Service,No Internet Service,No Internet Service,No Internet Service,No Internet Service,One Year,No,Bank Transfer (Automatic),20.4,275.7,No
8728-Skjlr,Male,0,No,No,41,Yes,No,Fiber Optic,No,No,No,Yes,No,No,Month-To-Month,Yes,Electronic Check,74.25,3089.1,No
3137-Nyqqi,Male,0,Yes,No,17,Yes,No,Dsl,Yes,Yes,No,No,No,Yes,One Year,No,Mailed Check,64.8,1175.6,No
7706-Dznkk,Male,0,No,No,11,Yes,No,No,No Internet Service,No Internet Service,No Internet Service,No Internet Service,No Internet Service,No Internet Service,Month-To-Month,Yes,Credit Card (Automatic),20.45,237.3,No
0236-Hfwsv,Male,0,No,No,15,Yes,Yes,Fiber Optic,No,No,No,No,Yes,Yes,Month-To-Month,Yes,Electronic Check,93.35,1444.65,Yes
3900-Aqphz,Female,0,No,No,1,Yes,No,No,No Internet Service,No Internet Service,No Internet Service,No Internet Service,No Internet Service,No Internet Service,Month-To-Month,No,Mailed Check,19.9,19.9,Yes
5842-Pocop,Female,0,Yes,No,5,Yes,No,Fiber Optic,Yes,No,Yes,No,No,Yes,Month-To-Month,Yes,Mailed Check,88.9,454.15,Yes
2037-Xjfup,Male,0,Yes,No,33,Yes,No,Fiber Optic,No,No,Yes,No,Yes,Yes,One Year,Yes,Electronic Check,95.8,3036.75,Yes
8823-Rlpwl,Female,0,Yes,No,72,Yes,Yes,Fiber Optic,Yes,Yes,Yes,No,Yes,Yes,Two Year,Yes,Credit Card (Automatic),110.65,8065.65,No
9505-Sqfsw,Female,0,Yes,Yes,3,No,No Phone Service,Dsl,No,Yes,No,No,No,Yes,Month-To-Month,No,Mailed Check,40.3,92.5,No
7314-Oxenn,Male,0,No,No,2,Yes,Yes,Fiber Optic,No,Yes,No,No,No,No,Month-To-Month,Yes,Electronic Check,82.0,184.65,Yes
3758-Ckoql,Female,0,Yes,No,59,Yes,Yes,Fiber Optic,Yes,Yes,Yes,Yes,No,Yes,One Year,Yes,Credit Card (Automatic),107.0,6152.3,No
0322-Chqru,Male,0,No,No,2,Yes,No,Dsl,No,No,No,No,No,No,Month-To-Month,No,Electronic Check,45.35,89.5,Yes
5676-Cflyy,Male,0,Yes,Yes,71,Yes,No,Dsl,No,Yes,No,Yes,Yes,Yes,Two Year,Yes,Credit Card (Automatic),73.35,5154.5,No
7521-Afhab,Female,0,Yes,Yes,5,Yes,No,Dsl,No,No,No,No,No,No,Month-To-Month,No,Mailed Check,44.8,220.45,No
0285-Inhln,Male,0,Yes,Yes,27,Yes,No,Dsl,Yes,Yes,No,No,No,No,Month-To-Month,Yes,Credit Card (Automatic),54.75,1510.3,No
4678-Dvqeo,Female,0,No,No,1,Yes,No,Dsl,No,No,No,Yes,No,No,Month-To-Month,Yes,Electronic Check,52.2,52.2,Yes
5125-Cndsp,Male,0,No,Yes,63,No,No Phone Service,Dsl,Yes,Yes,No,Yes,No,No,One Year,Yes,Bank Transfer (Automatic),40.6,2588.95,No
0691-Ifbqw,Female,1,No,No,46,Yes,Yes,Fiber Optic,Yes,Yes,Yes,No,Yes,Yes,One Year,Yes,Electronic Check,110.0,4874.8,Yes
4992-Ltjne,Male,0,Yes,Yes,72,Yes,Yes,Dsl,Yes,No,No,No,No,No,Two Year,No,Bank Transfer (Automatic),55.3,3983.6,No
2202-Outmo,Female,0,Yes,No,34,Yes,Yes,Dsl,Yes,No,No,Yes,No,No,Month-To-Month,Yes,Bank Transfer (Automatic),60.85,2003.6,No
0810-Bdhaw,Female,0,Yes,Yes,24,Yes,Yes,Dsl,Yes,Yes,No,No,Yes,Yes,One Year,No,Electronic Check,78.4,1832.4,No
0229-Lfjaf,Male,0,No,No,72,Yes,Yes,Dsl,Yes,Yes,Yes,Yes,No,No,Two Year,No,Bank Transfer (Automatic),69.65,4908.25,No
7131-Zqznk,Female,0,Yes,Yes,60,No,No Phone Service,Dsl,Yes,No,Yes,Yes,Yes,Yes,Two Year,No,Credit Card (Automatic),59.85,3590.2,No
3442-Zhhcc,Male,0,No,No,68,Yes,Yes,Dsl,Yes,Yes,Yes,No,No,Yes,One Year,Yes,Credit Card (Automatic),76.9,5023,No
5726-Cvnya,Female,0,Yes,Yes,8,Yes,No,No,No Internet Service,No Internet Service,No Internet Service,No Internet Service,No Internet Service,No Internet Service,Two Year,Yes,Mailed Check,19.85,146.6,No
9871-Eleya,Female,0,No,Yes,34,Yes,No,Dsl,Yes,No,Yes,Yes,Yes,No,Two Year,No,Credit Card (Automatic),67.65,2339.3,No
4257-Gaesd,Female,0,No,No,6,No,No Phone Service,Dsl,No,No,No,No,Yes,Yes,Month-To-Month,No,Credit Card (Automatic),45.0,298.7,No
5173-Wxoqv,Male,0,Yes,No,2,Yes,No,Dsl,No,Yes,No,Yes,No,Yes,Month-To-Month,Yes,Mailed Check,64.2,143.65,No
2040-Obmlj,Male,0,No,No,31,Yes,Yes,Fiber Optic,No,No,No,Yes,No,No,One Year,No,Credit Card (Automatic),81.7,2548.65,No
6286-Zhaok,Female,0,Yes,Yes,20,Yes,Yes,No,No Internet Service,No Internet Service,No Internet Service,No Internet Service,No Internet Service,No Internet Service,Month-To-Month,Yes,Bank Transfer (Automatic),25.55,507.4,No
3807-Xhcjh,Female,0,Yes,Yes,1,Yes,No,No,No Internet Service,No Internet Service,No Internet Service,No Internet Service,No Internet Service,No Internet Service,Month-To-Month,No,Electronic Check,20.0,20,No
3009-Jwmpu,Male,0,No,No,62,Yes,Yes,Fiber Optic,No,No,Yes,No,Yes,Yes,One Year,Yes,Electronic Check,96.75,6125.4,Yes
5671-Rqrlp,Female,1,Yes,No,70,Yes,Yes,Fiber Optic,No,No,No,No,No,No,Two Year,Yes,Credit Card (Automatic),75.65,5411.4,No
1450-Galxr,Female,0,No,No,10,Yes,Yes,Fiber Optic,No,No,No,Yes,Yes,Yes,Month-To-Month,Yes,Electronic Check,98.5,1058.25,Yes
8859-Axjzp,Male,0,Yes,Yes,39,Yes,Yes,No,No Internet Service,No Internet Service,No Internet Service,No Internet Service,No Internet Service,No Internet Service,Two Year,Yes,Mailed Check,23.8,903.8,No
3174-Akmas,Female,0,Yes,No,46,Yes,No,Dsl,No,Yes,No,Yes,Yes,No,Two Year,Yes,Credit Card (Automatic),64.2,3009.5,No
3138-Bkyav,Male,0,No,No,6,Yes,No,Fiber Optic,No,Yes,No,No,Yes,No,Month-To-Month,Yes,Electronic Check,85.35,489.45,Yes
9926-Pjhdq,Female,0,Yes,Yes,72,Yes,Yes,Dsl,No,No,Yes,No,Yes,Yes,Two Year,Yes,Bank Transfer (Automatic),76.8,5468.45,No
7382-Dfjtu,Male,0,No,No,18,Yes,No,Dsl,No,No,Yes,Yes,No,No,Month-To-Month,No,Credit Card (Automatic),55.2,1058.1,No
2798-Nylmz,Male,0,Yes,No,71,Yes,Yes,Fiber Optic,Yes,No,Yes,Yes,Yes,Yes,Two Year,Yes,Credit Card (Automatic),108.55,7616,No
4289-Dtdkw,Male,0,Yes,No,40,Yes,Yes,Fiber Optic,No,Yes,No,No,Yes,Yes,Month-To-Month,Yes,Electronic Check,101.3,4113.1,Yes
1820-Tqvev,Male,0,No,No,1,Yes,No,Fiber Optic,No,No,No,No,No,No,Month-To-Month,Yes,Electronic Check,69.55,69.55,Yes
2239-Jalaw,Male,0,No,No,58,Yes,Yes,Fiber Optic,No,Yes,Yes,No,Yes,Yes,One Year,Yes,Bank Transfer (Automatic),103.25,6017.65,Yes
4853-Rulsv,Male,0,No,No,70,Yes,Yes,Fiber Optic,Yes,No,No,Yes,Yes,Yes,Two Year,Yes,Credit Card (Automatic),104.0,7250.15,Yes
8098-Tdcbu,Female,0,Yes,No,42,Yes,Yes,No,No Internet Service,No Internet Service,No Internet Service,No Internet Service,No Internet Service,No Internet Service,Two Year,No,Electronic Check,25.25,1108.2,No
3551-Gaegl,Male,0,Yes,Yes,34,No,No Phone Service,Dsl,Yes,No,No,No,No,No,One Year,No,Bank Transfer (Automatic),30.4,938.65,No
4785-Nkhcx,Male,1,No,No,5,Yes,No,No,No Internet Service,No Internet Service,No Internet Service,No Internet Service,No Internet Service,No Internet Service,Month-To-Month,No,Bank Transfer (Automatic),20.05,94.15,No
3196-Nvxlz,Female,0,No,No,25,Yes,Yes,Fiber Optic,No,No,No,No,Yes,No,Month-To-Month,Yes,Mailed Check,84.6,2088.05,No
6275-Yduvo,Female,0,No,No,2,Yes,No,Fiber Optic,No,No,Yes,No,No,Yes,Month-To-Month,Yes,Mailed Check,86.2,178.7,Yes
0036-Ihmot,Female,0,Yes,Yes,55,Yes,No,Fiber Optic,No,Yes,Yes,Yes,Yes,Yes,One Year,Yes,Bank Transfer (Automatic),103.7,5656.75,No
0115-Tfert,Male,0,Yes,No,21,Yes,Yes,Fiber Optic,No,Yes,Yes,Yes,Yes,Yes,Month-To-Month,Yes,Electronic Check,111.2,2317.1,Yes
4178-Egmon,Male,0,Yes,No,70,Yes,Yes,Fiber Optic,Yes,Yes,No,Yes,No,No,Two Year,Yes,Credit Card (Automatic),88.0,5986.45,No
4220-Tinqt,Female,0,Yes,No,61,Yes,Yes,Fiber Optic,No,No,Yes,Yes,Yes,Yes,Month-To-Month,Yes,Electronic Check,106.35,6751.35,No
5318-Ykdpv,Male,0,Yes,Yes,43,Yes,No,Dsl,Yes,No,Yes,Yes,Yes,Yes,Two Year,Yes,Credit Card (Automatic),79.15,3566.6,No
7975-Tzmlr,Male,0,No,No,47,Yes,Yes,Fiber Optic,No,Yes,Yes,No,Yes,Yes,One Year,Yes,Electronic Check,103.1,4889.3,No
0295-Qvkpb,Male,0,No,No,5,Yes,No,Dsl,No,No,Yes,Yes,Yes,No,Month-To-Month,Yes,Credit Card (Automatic),63.95,318.1,No
4335-Bsmjs,Female,0,No,No,62,Yes,Yes,No,No Internet Service,No Internet Service,No Internet Service,No Internet Service,No Internet Service,No Internet Service,Two Year,Yes,Credit Card (Automatic),25.8,1563.95,No
2311-Qymuq,Female,0,Yes,Yes,16,Yes,No,Fiber Optic,No,Yes,Yes,No,Yes,No,Month-To-Month,Yes,Credit Card (Automatic),89.45,1430.25,Yes
3643-Ahcfp,Male,1,Yes,No,7,Yes,Yes,Fiber Optic,No,No,No,No,Yes,Yes,Month-To-Month,Yes,Bank Transfer (Automatic),95.6,644.35,Yes
9146-Jriox,Female,0,Yes,Yes,14,Yes,Yes,No,No Internet Service,No Internet Service,No Internet Service,No Internet Service,No Internet Service,No Internet Service,Month-To-Month,No,Mailed Check,25.55,372.45,No
3104-Owcgk,Male,0,Yes,Yes,60,Yes,No,Fiber Optic,No,Yes,Yes,No,Yes,No,One Year,No,Electronic Check,90.95,5453.4,Yes
5337-Iiwkz,Male,0,Yes,Yes,34,No,No Phone Service,Dsl,No,No,Yes,Yes,Yes,No,Month-To-Month,Yes,Electronic Check,44.85,1442.6,No
9101-Bwfss,Female,0,Yes,No,50,Yes,Yes,Fiber Optic,Yes,Yes,No,Yes,Yes,Yes,One Year,No,Electronic Check,108.55,5610.7,Yes
9650-Vbuog,Male,0,Yes,Yes,38,Yes,Yes,No,No Internet Service,No Internet Service,No Internet Service,No Internet Service,No Internet Service,No Internet Service,Two Year,No,Credit Card (Automatic),25.05,963.95,No
3487-Earat,Female,0,Yes,Yes,70,Yes,No,Dsl,Yes,Yes,Yes,Yes,No,Yes,One Year,No,Credit Card (Automatic),74.1,5222.3,No
2672-Tgeff,Female,0,Yes,Yes,37,Yes,Yes,Fiber Optic,No,Yes,No,No,Yes,No,Month-To-Month,Yes,Electronic Check,88.8,3340.55,No
9231-Zjyam,Female,1,No,No,4,Yes,No,Fiber Optic,No,No,No,No,Yes,No,Month-To-Month,Yes,Electronic Check,78.85,292.8,Yes
4250-Waroz,Male,1,Yes,Yes,60,Yes,Yes,Fiber Optic,Yes,Yes,No,No,No,Yes,Month-To-Month,Yes,Electronic Check,93.25,5774.55,No
8184-Wmofi,Male,0,Yes,Yes,62,Yes,No,Dsl,Yes,No,Yes,Yes,No,Yes,One Year,No,Credit Card (Automatic),71.4,4487.3,No
6982-Sshfk,Male,0,No,No,1,Yes,No,Dsl,No,No,No,No,No,No,Month-To-Month,No,Mailed Check,44.4,44.4,Yes
6092-Qzvpp,Male,0,No,No,36,Yes,No,Dsl,Yes,No,Yes,Yes,Yes,Yes,Month-To-Month,Yes,Credit Card (Automatic),79.2,2854.95,No
4625-Lamob,Male,0,No,No,44,Yes,No,No,No Internet Service,No Internet Service,No Internet Service,No Internet Service,No Internet Service,No Internet Service,Two Year,No,Credit Card (Automatic),20.4,905.55,No
0727-Bmplr,Female,1,No,No,55,Yes,Yes,Fiber Optic,No,No,Yes,No,Yes,Yes,One Year,Yes,Electronic Check,100.0,5509.3,Yes
0392-Bziuw,Female,0,Yes,No,72,Yes,Yes,Fiber Optic,Yes,No,Yes,No,Yes,Yes,Two Year,Yes,Credit Card (Automatic),105.0,7589.8,No
1038-Zagbi,Female,0,Yes,Yes,12,Yes,No,No,No Internet Service,No Internet Service,No Internet Service,No Internet Service,No Internet Service,No Internet Service,One Year,No,Bank Transfer (Automatic),19.8,229.6,Yes
6549-Nndyt,Female,0,No,No,13,No,No Phone Service,Dsl,Yes,No,No,No,No,No,Month-To-Month,Yes,Bank Transfer (Automatic),30.85,394.1,No
3027-Ztdho,Male,0,No,No,1,Yes,No,Fiber Optic,No,No,No,No,Yes,Yes,Month-To-Month,Yes,Electronic Check,89.9,89.9,Yes
0422-Ohqhq,Female,0,Yes,Yes,15,Yes,No,No,No Internet Service,No Internet Service,No Internet Service,No Internet Service,No Internet Service,No Internet Service,One Year,No,Mailed Check,20.55,295.95,No
6916-Hijse,Female,0,No,No,65,Yes,No,Dsl,Yes,Yes,Yes,Yes,Yes,Yes,Two Year,Yes,Bank Transfer (Automatic),84.85,5459.2,No
2316-Esmls,Female,0,Yes,Yes,12,No,No Phone Service,Dsl,Yes,No,No,Yes,No,No,One Year,No,Credit Card (Automatic),33.15,444.75,No
9778-Ogkqz,Male,0,Yes,No,72,Yes,Yes,Dsl,Yes,Yes,Yes,Yes,Yes,Yes,Two Year,Yes,Credit Card (Automatic),92.0,6782.15,No
7408-Ofwxj,Female,0,Yes,Yes,72,Yes,Yes,Dsl,Yes,Yes,Yes,Yes,Yes,Yes,Two Year,No,Credit Card (Automatic),89.8,6510.45,No
6007-Tctst,Female,0,Yes,Yes,72,Yes,Yes,Fiber Optic,Yes,Yes,Yes,Yes,Yes,Yes,Two Year,Yes,Bank Transfer (Automatic),115.8,8476.5,No
2252-Nknsi,Male,0,No,Yes,52,Yes,Yes,Dsl,Yes,Yes,No,Yes,Yes,Yes,Two Year,Yes,Mailed Check,85.15,4461.85,No
8713-Igzso,Male,0,No,No,2,Yes,Yes,No,No Internet Service,No Internet Service,No Internet Service,No Internet Service,No Internet Service,No Internet Service,Month-To-Month,No,Mailed Check,24.85,62,No
7905-Tvxta,Female,0,No,No,5,Yes,No,Dsl,Yes,No,No,Yes,Yes,No,Month-To-Month,Yes,Electronic Check,64.35,352.65,No
7695-Pklcz,Female,0,No,No,68,Yes,No,No,No Internet Service,No Internet Service,No Internet Service,No Internet Service,No Internet Service,No Internet Service,Two Year,No,Credit Card (Automatic),20.5,1424.9,No
2382-Bckqj,Female,0,No,Yes,62,Yes,Yes,Fiber Optic,No,No,Yes,No,Yes,Yes,One Year,Yes,Electronic Check,100.15,6413.65,Yes
8374-Uulrv,Male,0,No,No,72,Yes,Yes,Dsl,Yes,Yes,No,Yes,Yes,Yes,Two Year,No,Credit Card (Automatic),86.05,6309.65,No
2207-Nhrjk,Male,0,No,No,1,Yes,No,Dsl,No,Yes,No,No,No,No,Month-To-Month,No,Electronic Check,50.8,50.8,Yes
3224-Dfqnq,Female,0,Yes,No,66,Yes,Yes,Fiber Optic,Yes,Yes,No,Yes,No,No,One Year,No,Electronic Check,89.0,5898.6,No
5275-Pmfut,Male,0,Yes,Yes,72,No,No Phone Service,Dsl,Yes,Yes,Yes,Yes,Yes,Yes,Two Year,Yes,Credit Card (Automatic),64.8,4719.75,No
4795-Uxvcj,Male,0,No,No,26,Yes,No,No,No Internet Service,No Internet Service,No Internet Service,No Internet Service,No Internet Service,No Internet Service,One Year,No,Credit Card (Automatic),19.8,457.3,No
9777-Iqhwp,Male,0,Yes,Yes,64,Yes,Yes,Fiber Optic,Yes,No,Yes,No,No,Yes,Two Year,No,Bank Transfer (Automatic),93.4,5822.3,No
0947-Mugvo,Male,1,Yes,No,20,Yes,No,Fiber Optic,No,Yes,No,No,No,No,Month-To-Month,Yes,Electronic Check,73.65,1463.5,Yes
9944-Hkvvb,Female,0,No,No,3,Yes,No,Fiber Optic,No,Yes,No,No,Yes,Yes,Month-To-Month,Yes,Electronic Check,95.1,307.4,Yes
4124-Mmetb,Male,0,No,No,22,Yes,Yes,Fiber Optic,No,No,No,No,Yes,Yes,Month-To-Month,Yes,Credit Card (Automatic),94.65,2104.55,Yes
3671-Shrsp,Male,0,Yes,No,4,Yes,No,Fiber Optic,No,No,Yes,Yes,No,No,Month-To-Month,Yes,Mailed Check,80.6,319.15,Yes
0979-Mozqi,Male,0,Yes,No,62,No,No Phone Service,Dsl,No,No,No,Yes,Yes,No,Two Year,Yes,Bank Transfer (Automatic),39.0,2337.45,No
2732-Isezx,Female,0,No,No,5,Yes,No,No,No Internet Service,No Internet Service,No Internet Service,No Internet Service,No Internet Service,No Internet Service,Month-To-Month,Yes,Mailed Check,20.5,104.3,No
3313-Qknkb,Male,0,Yes,No,59,Yes,Yes,Fiber Optic,No,No,No,No,No,Yes,One Year,No,Electronic Check,85.55,5084.65,Yes
0323-Xwwtn,Male,0,No,Yes,3,Yes,Yes,No,No Internet Service,No Internet Service,No Internet Service,No Internet Service,No Internet Service,No Internet Service,Two Year,Yes,Mailed Check,26.4,121.25,No
1937-Otuky,Female,0,Yes,No,72,Yes,Yes,Fiber Optic,Yes,No,Yes,Yes,Yes,No,Two Year,Yes,Bank Transfer (Automatic),98.2,7015.9,No
1573-Lgxba,Male,0,Yes,Yes,57,Yes,No,Fiber Optic,No,Yes,Yes,No,Yes,Yes,One Year,Yes,Credit Card (Automatic),97.55,5598,No
1764-Vuumt,Male,0,No,Yes,66,Yes,No,No,No Internet Service,No Internet Service,No Internet Service,No Internet Service,No Internet Service,No Internet Service,Two Year,No,Credit Card (Automatic),19.95,1269.1,No
5073-Wxoyn,Female,0,No,No,60,No,No Phone Service,Dsl,No,Yes,No,No,Yes,Yes,Month-To-Month,Yes,Electronic Check,50.8,3027.4,Yes
4713-Zburt,Male,0,No,Yes,45,Yes,Yes,Fiber Optic,No,No,Yes,No,Yes,Yes,Two Year,No,Bank Transfer (Automatic),99.7,4634.35,No
3050-Gbush,Female,0,No,No,3,No,No Phone Service,Dsl,No,No,No,No,Yes,No,Month-To-Month,Yes,Credit Card (Automatic),34.8,113.95,No
0207-Mdknv,Female,0,No,No,15,Yes,No,Fiber Optic,Yes,No,Yes,Yes,Yes,Yes,Month-To-Month,No,Electronic Check,105.1,1582.75,Yes
7876-Aehig,Female,0,No,Yes,51,No,No Phone Service,Dsl,Yes,No,Yes,Yes,Yes,Yes,One Year,No,Bank Transfer (Automatic),60.15,3077,No
7945-Hlkea,Female,0,No,No,60,Yes,Yes,Dsl,Yes,No,Yes,Yes,No,No,One Year,No,Electronic Check,64.75,4039.5,No
9342-Vnimq,Male,0,No,No,33,Yes,Yes,Dsl,No,Yes,No,No,No,No,Month-To-Month,Yes,Bank Transfer (Automatic),54.65,1665.2,No
9851-Kielu,Male,0,No,No,10,Yes,No,Fiber Optic,Yes,Yes,Yes,Yes,Yes,Yes,Month-To-Month,Yes,Electronic Check,110.1,1043.3,Yes
3523-Brguw,Male,1,No,No,26,Yes,No,No,No Internet Service,No Internet Service,No Internet Service,No Internet Service,No Internet Service,No Internet Service,One Year,No,Credit Card (Automatic),19.3,504.2,No
3908-Blsyf,Female,0,No,No,6,Yes,No,Fiber Optic,No,No,Yes,No,No,Yes,Month-To-Month,No,Electronic Check,83.9,497.55,Yes
3199-Npkcn,Female,0,Yes,No,67,Yes,Yes,Fiber Optic,Yes,No,Yes,Yes,Yes,Yes,One Year,Yes,Electronic Check,111.25,7511.65,No
5170-Ptrka,Female,0,Yes,Yes,49,No,No Phone Service,Dsl,Yes,No,No,Yes,No,No,One Year,Yes,Credit Card (Automatic),35.8,1782,No
4661-Njeux,Male,0,No,No,1,Yes,No,No,No Internet Service,No Internet Service,No Internet Service,No Internet Service,No Internet Service,No Internet Service,Month-To-Month,Yes,Mailed Check,20.05,20.05,No
2123-Ageen,Female,1,No,No,7,Yes,No,Fiber Optic,No,No,Yes,No,Yes,No,Month-To-Month,Yes,Electronic Check,84.35,609.65,No
1258-Ymznm,Female,1,No,No,27,Yes,Yes,Fiber Optic,Yes,Yes,Yes,No,Yes,Yes,One Year,Yes,Bank Transfer (Automatic),110.5,2857.6,No
0048-Lumls,Male,0,Yes,Yes,37,Yes,No,Fiber Optic,No,No,No,No,Yes,Yes,One Year,No,Credit Card (Automatic),91.2,3247.55,No
7549-Mygpk,Female,0,Yes,Yes,63,Yes,Yes,Fiber Optic,Yes,Yes,Yes,No,Yes,No,Month-To-Month,Yes,Electronic Check,100.55,6215.35,Yes
5898-Igslp,Male,0,Yes,Yes,31,Yes,Yes,Fiber Optic,Yes,No,Yes,Yes,No,No,Month-To-Month,No,Electronic Check,89.3,2823,No
3804-Rvtgv,Male,0,Yes,Yes,50,Yes,Yes,Fiber Optic,No,Yes,Yes,No,Yes,Yes,Month-To-Month,Yes,Bank Transfer (Automatic),103.85,5017.9,Yes
6259-Wjqlc,Male,1,No,No,32,Yes,Yes,Fiber Optic,No,No,Yes,No,No,No,Month-To-Month,Yes,Credit Card (Automatic),81.1,2619.25,No
9227-Lunbg,Female,0,No,No,1,No,No Phone Service,Dsl,No,No,No,No,No,No,Month-To-Month,No,Electronic Check,24.6,24.6,Yes
7997-Eassd,Female,0,Yes,No,63,Yes,Yes,Fiber Optic,No,No,No,Yes,No,No,One Year,Yes,Credit Card (Automatic),81.2,4965.1,No
0730-Koave,Male,0,No,No,30,Yes,Yes,Fiber Optic,Yes,Yes,No,No,No,Yes,Month-To-Month,Yes,Credit Card (Automatic),94.3,2679.7,No
8975-Skgrx,Male,0,Yes,No,71,Yes,Yes,Fiber Optic,Yes,Yes,Yes,Yes,Yes,Yes,Two Year,Yes,Bank Transfer (Automatic),116.1,8310.55,No
0678-Rlhvp,Female,0,No,No,53,Yes,Yes,Fiber Optic,No,Yes,Yes,No,Yes,Yes,Two Year,No,Electronic Check,105.55,5682.25,No
4315-Murbd,Female,0,No,No,12,Yes,No,Fiber Optic,Yes,No,No,Yes,Yes,Yes,Month-To-Month,Yes,Bank Transfer (Automatic),98.9,1120.95,Yes
2267-Fpima,Male,0,Yes,No,50,Yes,Yes,Fiber Optic,Yes,Yes,No,No,No,Yes,Month-To-Month,Yes,Credit Card (Automatic),94.4,4914.9,No
1051-Gejlj,Female,0,No,No,2,Yes,No,No,No Internet Service,No Internet Service,No Internet Service,No Internet Service,No Internet Service,No Internet Service,Month-To-Month,No,Mailed Check,19.5,27.55,No
9734-Ywgex,Female,0,No,No,9,Yes,Yes,Fiber Optic,No,No,Yes,No,Yes,Yes,Month-To-Month,No,Credit Card (Automatic),98.3,923.5,Yes
2719-Bdaqo,Male,0,No,No,17,Yes,No,Fiber Optic,Yes,No,No,No,Yes,Yes,Month-To-Month,No,Electronic Check,93.85,1625.65,Yes
5285-Mvehd,Female,0,Yes,No,56,Yes,No,Fiber Optic,Yes,Yes,Yes,No,Yes,Yes,One Year,Yes,Credit Card (Automatic),105.6,6068.65,No
0379-Djqhr,Male,0,Yes,Yes,67,Yes,No,Dsl,Yes,Yes,Yes,No,Yes,Yes,Two Year,No,Credit Card (Automatic),81.35,5398.6,No
0781-Lkxbr,Male,1,No,No,9,Yes,Yes,Fiber Optic,No,No,Yes,No,Yes,Yes,Month-To-Month,Yes,Electronic Check,100.5,918.6,Yes
5543-Qdcry,Male,0,No,No,4,Yes,No,Dsl,No,No,No,No,Yes,No,Month-To-Month,Yes,Electronic Check,56.4,234.85,No
0297-Rbcsg,Male,0,No,No,19,Yes,No,Dsl,No,Yes,No,Yes,No,Yes,One Year,Yes,Bank Transfer (Automatic),65.35,1231.85,No
4694-Phwfw,Female,0,No,Yes,8,Yes,No,No,No Internet Service,No Internet Service,No Internet Service,No Internet Service,No Internet Service,No Internet Service,Month-To-Month,No,Mailed Check,19.95,170.9,No
0835-Jkadz,Female,0,No,No,71,Yes,Yes,Fiber Optic,No,Yes,Yes,Yes,Yes,Yes,Two Year,Yes,Electronic Check,111.25,7984.15,No
1907-Ubqfc,Male,1,No,No,10,Yes,No,Fiber Optic,No,Yes,No,No,No,No,Month-To-Month,Yes,Electronic Check,72.85,688.65,Yes
7508-Smhxl,Female,1,No,No,15,Yes,Yes,Fiber Optic,No,Yes,No,No,Yes,No,Month-To-Month,No,Credit Card (Automatic),89.0,1288.3,No
3865-Yiott,Male,0,Yes,Yes,72,Yes,Yes,Fiber Optic,Yes,No,Yes,No,Yes,Yes,One Year,Yes,Bank Transfer (Automatic),106.1,7848.5,No
5993-Bqhea,Male,0,No,No,12,Yes,No,No,No Internet Service,No Internet Service,No Internet Service,No Internet Service,No Internet Service,No Internet Service,One Year,No,Credit Card (Automatic),20.05,267,No
6024-Ruggh,Male,0,Yes,Yes,72,Yes,Yes,No,No Internet Service,No Internet Service,No Internet Service,No Internet Service,No Internet Service,No Internet Service,Two Year,Yes,Bank Transfer (Automatic),25.2,1798.9,No
6513-Eecdb,Male,1,Yes,No,1,Yes,Yes,Fiber Optic,No,No,No,No,No,No,Month-To-Month,Yes,Electronic Check,73.55,73.55,Yes
3956-Cjust,Female,1,No,No,23,Yes,No,Fiber Optic,Yes,No,No,No,No,No,Month-To-Month,Yes,Bank Transfer (Automatic),75.4,1643.55,No
4079-Wwqqq,Male,0,No,No,72,No,No Phone Service,Dsl,Yes,Yes,Yes,Yes,Yes,Yes,Two Year,Yes,Bank Transfer (Automatic),65.55,4807.45,No
6103-Bocou,Female,0,No,No,26,Yes,Yes,Fiber Optic,No,No,Yes,No,No,No,Month-To-Month,Yes,Electronic Check,80.7,2193,No
5149-Tgwdz,Female,0,No,No,21,Yes,No,Fiber Optic,No,Yes,Yes,Yes,Yes,Yes,One Year,Yes,Mailed Check,104.55,2239.4,No
7471-Wnsuf,Male,0,Yes,No,60,Yes,Yes,No,No Internet Service,No Internet Service,No Internet Service,No Internet Service,No Internet Service,No Internet Service,One Year,No,Bank Transfer (Automatic),24.15,1505.9,No
8942-Dbmhz,Male,0,No,No,12,Yes,No,No,No Internet Service,No Internet Service,No Internet Service,No Internet Service,No Internet Service,No Internet Service,Month-To-Month,No,Mailed Check,20.45,255.35,No
4301-Vvzka,Male,0,Yes,No,16,Yes,Yes,Fiber Optic,No,No,No,No,No,No,Month-To-Month,Yes,Electronic Check,75.4,1189.4,No
9199-Pwqvc,Female,0,Yes,No,63,Yes,Yes,Dsl,Yes,Yes,No,No,Yes,Yes,One Year,Yes,Credit Card (Automatic),79.7,4786.15,No
4824-Gucby,Female,1,No,No,22,Yes,No,Fiber Optic,Yes,Yes,No,No,No,No,Month-To-Month,No,Electronic Check,81.7,1820.9,No
5393-Hjzsm,Female,0,Yes,Yes,32,Yes,No,Dsl,Yes,Yes,Yes,Yes,No,Yes,Month-To-Month,No,Bank Transfer (Automatic),76.3,2404.15,No
7074-Ievoj,Female,1,No,No,3,Yes,Yes,Fiber Optic,No,Yes,No,No,No,No,Month-To-Month,Yes,Electronic Check,79.4,205.05,Yes
9625-Qstye,Female,0,No,No,13,Yes,No,Fiber Optic,No,Yes,Yes,No,No,No,Month-To-Month,Yes,Electronic Check,81.15,952.3,Yes
0862-Prcbs,Female,0,Yes,Yes,68,Yes,Yes,Fiber Optic,No,Yes,No,Yes,Yes,Yes,Two Year,Yes,Credit Card (Automatic),103.75,7039.45,No
8812-Zrhfp,Female,0,Yes,Yes,30,Yes,No,Fiber Optic,No,No,Yes,No,No,Yes,One Year,No,Electronic Check,86.45,2538.05,No
5146-Cbvoe,Female,0,No,No,16,Yes,No,Fiber Optic,No,Yes,No,No,No,No,Month-To-Month,No,Bank Transfer (Automatic),75.1,1212.85,No
0454-Okrct,Male,0,No,No,33,Yes,No,Fiber Optic,No,Yes,No,Yes,No,No,Two Year,No,Bank Transfer (Automatic),80.6,2651.1,No
5787-Kxgiy,Male,0,Yes,No,72,Yes,No,No,No Internet Service,No Internet Service,No Internet Service,No Internet Service,No Internet Service,No Internet Service,Two Year,No,Credit Card (Automatic),19.3,1304.8,No
4750-Zrxiu,Female,1,No,No,4,Yes,Yes,Fiber Optic,No,No,No,No,No,Yes,Month-To-Month,Yes,Electronic Check,84.6,360.1,Yes
4198-Vfoea,Female,0,No,No,12,No,No Phone Service,Dsl,Yes,No,No,Yes,No,No,One Year,Yes,Mailed Check,33.6,435.45,No
6630-Ujzmy,Female,1,Yes,No,4,Yes,Yes,Fiber Optic,No,No,No,No,Yes,No,Month-To-Month,Yes,Electronic Check,83.25,308.05,No
5709-Lvoeq,Female,0,Yes,Yes,0,Yes,No,Dsl,Yes,Yes,Yes,No,Yes,Yes,Two Year,No,Mailed Check,80.85,,No
6400-Bwqkw,Female,0,No,No,6,Yes,Yes,Fiber Optic,Yes,No,No,No,No,No,Month-To-Month,Yes,Electronic Check,79.05,434.5,Yes
2692-Aqcpf,Female,0,Yes,No,65,Yes,Yes,Fiber Optic,No,Yes,Yes,Yes,Yes,Yes,One Year,Yes,Credit Card (Automatic),108.05,7118.9,No
0347-Ubkuz,Female,0,No,No,15,Yes,No,No,No Internet Service,No Internet Service,No Internet Service,No Internet Service,No Internet Service,No Internet Service,Month-To-Month,No,Mailed Check,19.9,320.45,No
0835-Duuiq,Female,0,No,Yes,24,Yes,No,No,No Internet Service,No Internet Service,No Internet Service,No Internet Service,No Internet Service,No Internet Service,One Year,No,Bank Transfer (Automatic),21.05,531.55,No
0811-Gsdtp,Female,0,No,Yes,13,No,No Phone Service,Dsl,No,Yes,No,No,No,No,Month-To-Month,No,Electronic Check,30.15,382.2,No
7567-Ecmcm,Male,0,No,No,24,Yes,No,Fiber Optic,No,No,No,No,No,Yes,Month-To-Month,Yes,Credit Card (Automatic),79.85,2001,No
6115-Ztbfq,Female,0,Yes,No,72,No,No Phone Service,Dsl,Yes,Yes,Yes,Yes,Yes,Yes,Two Year,No,Bank Transfer (Automatic),65.5,4919.7,No
6353-Brmma,Female,0,Yes,Yes,54,Yes,Yes,Fiber Optic,Yes,Yes,No,No,Yes,Yes,Month-To-Month,Yes,Bank Transfer (Automatic),104.1,5645.8,No
6680-Wkxrz,Female,0,No,No,3,Yes,Yes,Fiber Optic,No,No,No,No,No,No,Month-To-Month,No,Bank Transfer (Automatic),74.4,215.8,Yes
6231-Wfgfh,Male,0,Yes,Yes,4,Yes,No,No,No Internet Service,No Internet Service,No Internet Service,No Internet Service,No Internet Service,No Internet Service,Month-To-Month,Yes,Mailed Check,20.5,77.6,No
9904-Ehevj,Female,1,Yes,Yes,32,Yes,Yes,Fiber Optic,No,No,Yes,No,Yes,No,Month-To-Month,Yes,Mailed Check,91.35,2896.55,No
7028-Dvoiq,Male,1,No,No,35,Yes,Yes,Fiber Optic,No,No,Yes,No,Yes,Yes,Month-To-Month,Yes,Electronic Check,99.05,3395.8,Yes
6169-Ppetc,Male,0,Yes,Yes,35,Yes,No,No,No Internet Service,No Internet Service,No Internet Service,No Internet Service,No Internet Service,No Internet Service,Two Year,No,Bank Transfer (Automatic),20.5,759.35,No
4208-Uffgw,Male,1,No,No,2,Yes,No,Dsl,No,No,No,No,No,No,Month-To-Month,No,Mailed Check,44.95,85.15,Yes
8584-Kmvxd,Female,0,No,No,8,Yes,No,Fiber Optic,No,Yes,No,No,No,No,Month-To-Month,No,Electronic Check,75.6,535.55,No
8467-Wynsr,Male,0,No,No,22,Yes,No,Dsl,Yes,No,No,Yes,No,No,Month-To-Month,No,Mailed Check,55.1,1253.15,No
0851-Dfjkb,Female,0,No,No,15,Yes,No,Dsl,Yes,No,Yes,Yes,No,No,Month-To-Month,No,Electronic Check,58.95,955.15,No
5382-Soyzl,Male,0,No,No,22,Yes,Yes,Fiber Optic,No,No,No,No,Yes,Yes,Month-To-Month,Yes,Electronic Check,95.1,2162.6,No
9448-Reevd,Male,0,Yes,No,1,Yes,No,Dsl,No,No,No,No,No,No,Month-To-Month,No,Credit Card (Automatic),44.7,44.7,Yes
3261-Cqxol,Female,0,Yes,Yes,71,Yes,Yes,No,No Internet Service,No Internet Service,No Internet Service,No Internet Service,No Internet Service,No Internet Service,Two Year,No,Bank Transfer (Automatic),25.45,1813.35,No
8388-Fynpz,Male,0,No,No,4,Yes,No,Dsl,Yes,No,Yes,No,No,No,Month-To-Month,No,Electronic Check,56.75,245.15,No
4002-Bqwpq,Male,0,No,No,25,Yes,Yes,Dsl,Yes,Yes,Yes,Yes,No,Yes,Month-To-Month,No,Bank Transfer (Automatic),81.75,2028.8,No
5651-Ylprd,Female,0,Yes,Yes,32,Yes,No,Fiber Optic,No,Yes,No,No,Yes,No,Month-To-Month,Yes,Electronic Check,86.1,2723.75,No
2826-Dxlqo,Male,1,Yes,No,7,No,No Phone Service,Dsl,Yes,No,No,No,No,No,Month-To-Month,No,Bank Transfer (Automatic),29.8,220.45,No
4378-Bzyfp,Male,0,No,No,17,Yes,No,No,No Internet Service,No Internet Service,No Internet Service,No Internet Service,No Internet Service,No Internet Service,One Year,Yes,Mailed Check,20.5,365.8,No
9489-Utfka,Male,1,Yes,No,8,Yes,No,Dsl,Yes,No,No,No,Yes,No,Month-To-Month,No,Bank Transfer (Automatic),60.9,551.95,No
4849-Pyrlq,Female,1,No,No,56,Yes,Yes,Dsl,Yes,No,Yes,Yes,No,Yes,Two Year,No,Bank Transfer (Automatic),73.25,4054.2,No
9117-Shlzx,Male,0,No,No,1,Yes,No,Dsl,No,No,No,No,No,No,Month-To-Month,Yes,Mailed Check,45.7,45.7,Yes
9889-Tmahg,Male,1,No,No,8,Yes,No,Fiber Optic,Yes,No,No,Yes,Yes,Yes,Month-To-Month,No,Credit Card (Automatic),100.3,832.35,Yes
4541-Rmrlg,Male,0,No,No,7,Yes,No,No,No Internet Service,No Internet Service,No Internet Service,No Internet Service,No Internet Service,No Internet Service,Month-To-Month,No,Electronic Check,19.25,112.3,Yes
7764-Bdpee,Male,0,No,Yes,3,Yes,No,No,No Internet Service,No Internet Service,No Internet Service,No Internet Service,No Internet Service,No Internet Service,Month-To-Month,No,Mailed Check,20.85,60.65,No
3429-Iflem,Female,0,No,No,71,Yes,No,Dsl,Yes,Yes,Yes,Yes,Yes,No,Two Year,No,Credit Card (Automatic),77.35,5550.1,No
3158-Moerk,Female,0,No,No,2,Yes,Yes,Fiber Optic,No,No,No,No,Yes,Yes,Month-To-Month,Yes,Electronic Check,96.0,174.8,Yes
7294-Tmaop,Female,0,No,No,1,Yes,No,Fiber Optic,No,No,No,No,Yes,Yes,Month-To-Month,No,Electronic Check,90.55,90.55,Yes
5002-Gcqfh,Male,0,Yes,No,49,Yes,Yes,Fiber Optic,Yes,Yes,No,No,Yes,No,Month-To-Month,Yes,Bank Transfer (Automatic),93.85,4733.1,No
0556-Fjegu,Male,0,No,No,58,Yes,No,Dsl,No,Yes,Yes,Yes,Yes,No,Two Year,No,Bank Transfer (Automatic),70.1,4048.95,No
8919-Fyfqz,Male,1,Yes,No,44,No,No Phone Service,Dsl,No,Yes,No,No,No,No,Month-To-Month,Yes,Electronic Check,30.35,1359.7,Yes
0604-Thjfp,Female,0,Yes,Yes,59,Yes,No,Dsl,No,Yes,No,Yes,Yes,Yes,Two Year,Yes,Credit Card (Automatic),75.95,4542.35,No
2834-Jrtua,Male,0,No,No,71,Yes,Yes,Fiber Optic,Yes,No,Yes,Yes,Yes,Yes,Two Year,Yes,Electronic Check,108.05,7532.15,Yes
5875-Ypqfj,Male,0,No,No,1,Yes,No,Fiber Optic,No,No,No,No,No,No,Month-To-Month,Yes,Electronic Check,69.9,69.9,Yes
5879-Sesnb,Female,0,No,No,11,Yes,Yes,Fiber Optic,No,No,No,No,No,No,Month-To-Month,No,Electronic Check,75.25,888.65,No
6646-Qvxlr,Male,1,Yes,No,62,Yes,Yes,Fiber Optic,No,Yes,Yes,No,Yes,Yes,One Year,Yes,Electronic Check,103.75,6383.35,Yes
6461-Ppaxn,Female,0,Yes,Yes,35,Yes,No,Dsl,Yes,No,No,Yes,No,No,One Year,Yes,Bank Transfer (Automatic),54.95,1916,No
3318-Isqfq,Female,0,No,No,20,Yes,No,No,No Internet Service,No Internet Service,No Internet Service,No Internet Service,No Internet Service,No Internet Service,Month-To-Month,Yes,Bank Transfer (Automatic),19.5,413,No
1106-Hrlkz,Male,0,Yes,Yes,40,Yes,No,No,No Internet Service,No Internet Service,No Internet Service,No Internet Service,No Internet Service,No Internet Service,Two Year,No,Mailed Check,19.6,808.95,No
2483-Xssmz,Female,0,No,No,39,Yes,No,Dsl,Yes,No,No,No,No,No,One Year,Yes,Electronic Check,47.85,1886.4,No
8603-Ijwdn,Male,0,No,No,1,Yes,Yes,Fiber Optic,No,No,No,No,No,Yes,Month-To-Month,Yes,Electronic Check,86.6,86.6,Yes
8165-Zjrnm,Female,0,Yes,Yes,72,Yes,Yes,No,No Internet Service,No Internet Service,No Internet Service,No Internet Service,No Internet Service,No Internet Service,Two Year,No,Bank Transfer (Automatic),23.75,1679.25,No
9369-Xfehk,Female,1,Yes,No,33,Yes,Yes,Fiber Optic,No,Yes,No,No,No,No,Month-To-Month,Yes,Bank Transfer (Automatic),80.6,2656.5,Yes
2604-Xvdam,Female,0,No,No,12,Yes,No,Dsl,No,No,No,No,No,No,Month-To-Month,No,Bank Transfer (Automatic),43.8,540.95,No
3717-Ofrtn,Male,0,No,No,1,Yes,No,No,No Internet Service,No Internet Service,No Internet Service,No Internet Service,No Internet Service,No Internet Service,Month-To-Month,No,Bank Transfer (Automatic),19.75,19.75,No
9046-Jbfwa,Male,0,No,Yes,27,Yes,No,No,No Internet Service,No Internet Service,No Internet Service,No Internet Service,No Internet Service,No Internet Service,Month-To-Month,No,Mailed Check,19.15,537.35,No
3280-Nmuvx,Male,0,Yes,Yes,34,Yes,No,No,No Internet Service,No Internet Service,No Internet Service,No Internet Service,No Internet Service,No Internet Service,One Year,No,Credit Card (Automatic),19.6,678.8,No
1206-Ehbdd,Female,0,Yes,No,56,Yes,No,Fiber Optic,Yes,No,Yes,No,No,No,Two Year,No,Bank Transfer (Automatic),80.3,4513.65,No
8361-Lbrdi,Female,0,No,No,58,Yes,Yes,No,No Internet Service,No Internet Service,No Internet Service,No Internet Service,No Internet Service,No Internet Service,Two Year,No,Credit Card (Automatic),24.35,1423.85,No
4883-Kcpzj,Female,0,Yes,Yes,22,Yes,Yes,No,No Internet Service,No Internet Service,No Internet Service,No Internet Service,No Internet Service,No Internet Service,Two Year,No,Credit Card (Automatic),25.25,555.4,No
9108-Eqpnq,Female,0,Yes,Yes,10,Yes,Yes,No,No Internet Service,No Internet Service,No Internet Service,No Internet Service,No Internet Service,No Internet Service,Two Year,No,Credit Card (Automatic),26.1,225.55,No
7277-Kamwt,Male,0,No,No,13,Yes,No,No,No Internet Service,No Internet Service,No Internet Service,No Internet Service,No Internet Service,No Internet Service,Two Year,No,Credit Card (Automatic),20.0,268.45,No
3842-Iykue,Female,0,No,No,35,Yes,Yes,Fiber Optic,No,Yes,No,Yes,No,No,Month-To-Month,No,Credit Card (Automatic),85.3,2917.5,Yes
6641-Xrpsu,Female,0,No,No,34,Yes,No,Fiber Optic,No,No,No,No,No,No,Month-To-Month,Yes,Credit Card (Automatic),70.0,2416.1,Yes
1374-Dmzui,Female,1,No,No,4,Yes,Yes,Fiber Optic,No,No,No,No,Yes,Yes,Month-To-Month,Yes,Electronic Check,94.3,424.45,Yes
2545-Lxyvj,Male,0,Yes,No,72,Yes,No,No,No Internet Service,No Internet Service,No Internet Service,No Internet Service,No Internet Service,No Internet Service,Two Year,No,Bank Transfer (Automatic),20.7,1492.1,No
3234-Vkacu,Male,0,No,No,2,Yes,No,Dsl,No,No,No,Yes,Yes,Yes,Month-To-Month,No,Electronic Check,70.3,132.4,No
8357-Eqxfo,Female,0,No,No,7,Yes,No,Fiber Optic,No,No,Yes,No,Yes,Yes,Month-To-Month,Yes,Electronic Check,95.35,660.9,Yes
1989-Prjhp,Male,1,Yes,No,27,Yes,Yes,Fiber Optic,No,No,No,No,No,No,Month-To-Month,Yes,Electronic Check,75.5,1893.95,Yes
8120-Jdcam,Male,0,Yes,Yes,4,Yes,No,Fiber Optic,No,No,No,No,No,No,Month-To-Month,Yes,Mailed Check,69.55,284.9,No
8917-Faemr,Female,0,No,No,37,Yes,No,No,No Internet Service,No Internet Service,No Internet Service,No Internet Service,No Internet Service,No Internet Service,Two Year,No,Mailed Check,19.85,784.25,No
7047-Yxdmz,Male,0,No,No,21,Yes,No,No,No Internet Service,No Internet Service,No Internet Service,No Internet Service,No Internet Service,No Internet Service,Month-To-Month,No,Mailed Check,20.0,417.7,No
2858-Eimxh,Female,1,Yes,No,53,Yes,Yes,Fiber Optic,No,No,No,No,Yes,Yes,One Year,Yes,Credit Card (Automatic),95.85,5016.25,No
9524-Egpjc,Female,0,No,No,18,Yes,Yes,Fiber Optic,No,No,No,Yes,No,Yes,Month-To-Month,Yes,Electronic Check,90.1,1612.75,Yes
6993-Ohlxr,Female,0,No,No,2,Yes,No,Fiber Optic,No,No,No,No,No,No,Month-To-Month,No,Electronic Check,68.95,119.75,Yes
8818-Xyfcq,Male,0,Yes,Yes,32,Yes,Yes,Fiber Optic,Yes,No,No,No,Yes,Yes,Month-To-Month,Yes,Credit Card (Automatic),99.55,3204.65,Yes
6419-Zttle,Male,1,Yes,No,23,Yes,No,No,No Internet Service,No Internet Service,No Internet Service,No Internet Service,No Internet Service,No Internet Service,One Year,Yes,Electronic Check,20.75,485.2,No
0929-Hyqew,Male,0,No,No,3,Yes,No,Dsl,Yes,No,No,No,No,No,Month-To-Month,Yes,Mailed Check,50.15,160.85,No
6614-Yolac,Female,0,Yes,Yes,71,No,No Phone Service,Dsl,Yes,Yes,No,Yes,Yes,Yes,Two Year,No,Mailed Check,58.65,4145.25,No
7426-Rhzgu,Male,0,No,No,9,Yes,No,Fiber Optic,No,No,No,Yes,Yes,Yes,Month-To-Month,Yes,Bank Transfer (Automatic),95.9,827.45,No
4065-Jjava,Female,0,No,No,1,Yes,No,Dsl,No,Yes,No,No,No,No,Month-To-Month,No,Electronic Check,49.5,49.5,No
4695-Vadhf,Male,0,Yes,Yes,18,Yes,No,Dsl,No,No,Yes,No,No,Yes,Month-To-Month,No,Electronic Check,57.45,990.85,Yes
3863-Iubjr,Male,0,Yes,Yes,12,Yes,No,Dsl,No,No,No,No,No,Yes,One Year,No,Credit Card (Automatic),53.65,696.35,Yes
7649-Sijjf,Male,0,Yes,No,71,Yes,Yes,Dsl,Yes,Yes,Yes,Yes,No,Yes,Two Year,Yes,Mailed Check,80.1,5585.4,No
9361-Ynqwj,Female,0,No,No,64,Yes,Yes,No,No Internet Service,No Internet Service,No Internet Service,No Internet Service,No Internet Service,No Internet Service,One Year,Yes,Bank Transfer (Automatic),24.4,1601.2,No
3748-Fvmzz,Male,0,No,No,4,No,No Phone Service,Dsl,No,No,No,Yes,No,Yes,Month-To-Month,Yes,Electronic Check,40.05,162.45,No
9391-Ttoyh,Female,0,No,No,23,Yes,No,No,No Internet Service,No Internet Service,No Internet Service,No Internet Service,No Internet Service,No Internet Service,Month-To-Month,Yes,Mailed Check,19.5,470.2,No
1452-Xrsjv,Female,0,Yes,Yes,39,Yes,No,Dsl,Yes,No,No,No,No,No,Month-To-Month,No,Credit Card (Automatic),51.05,2066,No
3422-Wjoyd,Male,0,Yes,No,28,Yes,No,Dsl,Yes,No,No,Yes,No,No,One Year,No,Mailed Check,54.35,1426.45,No
8242-Soquo,Female,1,No,No,5,Yes,No,Fiber Optic,No,Yes,No,No,Yes,No,Month-To-Month,Yes,Electronic Check,84.7,392.5,No
7460-Itwwp,Female,1,Yes,No,45,Yes,No,Fiber Optic,No,No,Yes,No,No,Yes,Month-To-Month,Yes,Electronic Check,86.1,3861.45,No
7147-Aybaa,Male,0,No,No,37,Yes,No,Fiber Optic,No,No,No,No,No,No,Month-To-Month,Yes,Mailed Check,70.35,2552.9,No
7868-Tmwmz,Female,1,Yes,No,60,Yes,No,Fiber Optic,Yes,Yes,Yes,Yes,Yes,Yes,Two Year,Yes,Bank Transfer (Automatic),110.0,6668.35,No
4822-Rvybb,Male,1,No,No,8,Yes,Yes,Fiber Optic,No,No,Yes,No,Yes,Yes,Month-To-Month,Yes,Electronic Check,100.6,819.4,Yes
6732-Fzugp,Female,0,No,No,47,Yes,Yes,Fiber Optic,Yes,No,Yes,No,Yes,No,One Year,No,Credit Card (Automatic),94.9,4615.25,No
8436-Bjumm,Male,0,Yes,Yes,26,Yes,Yes,Fiber Optic,No,No,No,No,Yes,No,Month-To-Month,Yes,Electronic Check,83.75,2070.6,Yes
4184-Tjfan,Female,1,Yes,Yes,3,Yes,No,Fiber Optic,Yes,No,No,Yes,Yes,No,Month-To-Month,Yes,Mailed Check,88.3,273.75,Yes
8329-Gwvpj,Female,0,Yes,Yes,50,Yes,No,Fiber Optic,No,No,No,No,No,No,Month-To-Month,Yes,Bank Transfer (Automatic),69.75,3557.7,No
1352-Vhkaj,Male,0,Yes,Yes,27,Yes,Yes,Dsl,No,No,No,Yes,Yes,Yes,Month-To-Month,No,Bank Transfer (Automatic),71.6,1957.1,No
4145-Uqxuq,Female,1,No,No,8,Yes,No,Fiber Optic,No,No,Yes,No,Yes,Yes,Month-To-Month,Yes,Electronic Check,92.1,729.95,Yes
2632-Tacxw,Female,0,Yes,No,62,Yes,Yes,No,No Internet Service,No Internet Service,No Internet Service,No Internet Service,No Internet Service,No Internet Service,Two Year,No,Bank Transfer (Automatic),23.65,1416.75,No
8146-Qqkzh,Female,0,Yes,No,71,Yes,No,Dsl,Yes,No,Yes,Yes,Yes,Yes,Two Year,No,Bank Transfer (Automatic),81.85,5924.4,No
1767-Cjkba,Male,0,No,No,66,Yes,Yes,No,No Internet Service,No Internet Service,No Internet Service,No Internet Service,No Internet Service,No Internet Service,Two Year,No,Mailed Check,25.1,1697.7,No
6445-Tnrxs,Male,0,Yes,Yes,68,Yes,Yes,Fiber Optic,Yes,Yes,Yes,Yes,Yes,Yes,Two Year,Yes,Bank Transfer (Automatic),114.7,7849.85,No
4581-Lnwum,Female,0,No,No,13,No,No Phone Service,Dsl,No,No,Yes,No,Yes,Yes,Month-To-Month,No,Electronic Check,49.15,649.4,No
4869-Epius,Male,0,Yes,No,56,Yes,No,Fiber Optic,No,No,No,No,No,Yes,One Year,Yes,Electronic Check,80.9,4557.5,No
9948-Yptdg,Male,0,Yes,No,38,Yes,No,Fiber Optic,Yes,Yes,No,No,No,No,Month-To-Month,Yes,Electronic Check,79.45,3013.05,Yes
1236-Wfcdv,Male,1,No,No,14,Yes,No,Fiber Optic,No,No,No,No,Yes,Yes,Month-To-Month,No,Credit Card (Automatic),90.45,1266.1,Yes
1915-Oakwd,Female,0,No,Yes,16,Yes,No,No,No Internet Service,No Internet Service,No Internet Service,No Internet Service,No Internet Service,No Internet Service,One Year,Yes,Bank Transfer (Automatic),19.3,360.35,No
7296-Pixqy,Female,0,Yes,Yes,14,Yes,No,Fiber Optic,No,No,No,No,No,No,Month-To-Month,No,Electronic Check,70.2,1046.5,No
4883-Qicih,Male,0,Yes,Yes,32,Yes,No,Fiber Optic,No,No,No,No,No,No,Month-To-Month,Yes,Bank Transfer (Automatic),69.75,2347.9,Yes
3354-Oadjp,Female,0,No,No,8,Yes,No,Dsl,Yes,No,No,Yes,No,No,One Year,No,Bank Transfer (Automatic),54.25,447.75,No
3524-Wqdsg,Female,0,Yes,Yes,43,Yes,Yes,Fiber Optic,No,No,Yes,No,Yes,Yes,Month-To-Month,Yes,Bank Transfer (Automatic),99.3,4209.95,No
0810-Dhdbd,Female,0,No,No,52,Yes,Yes,Dsl,Yes,No,Yes,Yes,Yes,No,One Year,No,Credit Card (Automatic),74.0,3877.65,No
4026-Skkhw,Male,0,No,No,3,Yes,No,Dsl,No,No,No,Yes,No,No,Month-To-Month,Yes,Mailed Check,50.25,152.3,No
2829-Hyvzp,Male,0,No,No,29,Yes,No,No,No Internet Service,No Internet Service,No Internet Service,No Internet Service,No Internet Service,No Internet Service,One Year,Yes,Mailed Check,19.8,572.2,No
8329-Ibcti,Female,0,No,No,1,Yes,No,No,No Internet Service,No Internet Service,No Internet Service,No Internet Service,No Internet Service,No Internet Service,Month-To-Month,No,Mailed Check,19.65,19.65,Yes
1271-Sjbgz,Male,1,No,No,12,No,No Phone Service,Dsl,No,No,Yes,Yes,No,Yes,Month-To-Month,Yes,Electronic Check,43.65,526.95,Yes
3845-Jhamy,Female,0,Yes,Yes,16,No,No Phone Service,Dsl,No,No,No,No,No,Yes,Month-To-Month,Yes,Credit Card (Automatic),35.5,552.7,No
7013-Psxhk,Female,0,No,No,40,Yes,Yes,Dsl,No,No,Yes,Yes,Yes,Yes,One Year,Yes,Mailed Check,80.75,3208.65,No
5669-Sraip,Female,0,No,No,5,No,No Phone Service,Dsl,No,No,Yes,No,No,Yes,Month-To-Month,No,Electronic Check,39.5,210.75,Yes
5981-Itemu,Male,0,Yes,No,40,Yes,Yes,Fiber Optic,No,No,No,No,Yes,Yes,Month-To-Month,Yes,Bank Transfer (Automatic),97.1,3706.95,Yes
3486-Npgst,Female,0,No,No,36,Yes,No,No,No Internet Service,No Internet Service,No Internet Service,No Internet Service,No Internet Service,No Internet Service,One Year,No,Mailed Check,19.55,620.75,No
6941-Pmgep,Female,0,No,No,5,Yes,No,Fiber Optic,No,No,No,No,No,Yes,Month-To-Month,Yes,Electronic Check,80.0,412.5,Yes
1624-Woiwj,Female,0,No,No,10,Yes,No,Fiber Optic,Yes,No,No,No,Yes,No,Month-To-Month,Yes,Mailed Check,84.7,832.05,Yes
2074-Gkowz,Male,0,Yes,Yes,2,Yes,No,Fiber Optic,No,No,No,No,Yes,Yes,Month-To-Month,Yes,Bank Transfer (Automatic),89.55,185.55,Yes
0376-Ymcjc,Male,0,No,No,23,Yes,Yes,Fiber Optic,No,No,No,Yes,Yes,No,Month-To-Month,Yes,Electronic Check,90.6,1943.2,Yes
6100-Fjzdg,Male,0,Yes,Yes,26,Yes,No,No,No Internet Service,No Internet Service,No Internet Service,No Internet Service,No Internet Service,No Internet Service,One Year,Yes,Bank Transfer (Automatic),20.05,505.9,No
4829-Zljtk,Female,1,Yes,No,72,Yes,Yes,Fiber Optic,Yes,Yes,Yes,No,Yes,Yes,Two Year,Yes,Electronic Check,112.4,8046.85,No
1730-Vfmwo,Female,0,Yes,No,34,Yes,No,Dsl,No,No,No,Yes,No,No,Month-To-Month,No,Bank Transfer (Automatic),50.2,1815.3,No
7143-Bqiba,Male,0,No,No,10,Yes,No,Dsl,Yes,No,No,Yes,Yes,No,Month-To-Month,No,Bank Transfer (Automatic),62.25,612.95,No
3800-Lytrk,Female,0,No,No,14,Yes,No,Dsl,Yes,No,No,Yes,No,No,One Year,No,Mailed Check,55.7,795.15,No
0634-Szpqa,Female,0,No,No,23,Yes,Yes,Fiber Optic,Yes,No,No,No,Yes,No,Month-To-Month,Yes,Bank Transfer (Automatic),90.05,2169.8,Yes
9646-Nmhxe,Male,0,Yes,No,47,Yes,No,No,No Internet Service,No Internet Service,No Internet Service,No Internet Service,No Internet Service,No Internet Service,Two Year,No,Mailed Check,19.65,973.1,No
7030-Njvdp,Male,0,Yes,No,24,Yes,No,Fiber Optic,Yes,No,No,Yes,No,Yes,Month-To-Month,Yes,Electronic Check,89.25,2210.2,No
5536-Rtpwk,Male,0,Yes,No,49,Yes,Yes,Fiber Optic,No,Yes,No,No,Yes,Yes,Month-To-Month,Yes,Bank Transfer (Automatic),99.05,4853.75,Yes
8883-Grdwq,Male,1,No,No,20,Yes,No,Dsl,Yes,No,No,Yes,No,No,One Year,No,Mailed Check,54.0,1055.9,No
6166-Ilmny,Female,0,No,No,2,Yes,No,Fiber Optic,No,No,No,No,No,No,Month-To-Month,No,Bank Transfer (Automatic),69.75,144.55,Yes
3097-Nnspb,Female,0,No,No,2,Yes,No,Dsl,No,Yes,No,No,No,No,Month-To-Month,Yes,Credit Card (Automatic),49.05,91.1,Yes
7771-Zonat,Male,0,No,No,22,No,No Phone Service,Dsl,No,No,Yes,Yes,Yes,Yes,Two Year,No,Bank Transfer (Automatic),56.75,1304.85,No
0655-Rbdug,Male,0,No,No,7,Yes,Yes,Fiber Optic,No,No,Yes,No,Yes,Yes,Month-To-Month,Yes,Bank Transfer (Automatic),98.05,713,Yes
2111-Dwyhn,Male,0,No,No,1,Yes,No,No,No Internet Service,No Internet Service,No Internet Service,No Internet Service,No Internet Service,No Internet Service,Month-To-Month,No,Mailed Check,21.1,21.1,No
4194-Whfcb,Female,0,Yes,Yes,59,Yes,Yes,Fiber Optic,No,Yes,No,Yes,No,Yes,Month-To-Month,Yes,Bank Transfer (Automatic),96.65,5580.8,No
4121-Agsin,Female,0,Yes,Yes,58,Yes,Yes,No,No Internet Service,No Internet Service,No Internet Service,No Internet Service,No Internet Service,No Internet Service,One Year,Yes,Credit Card (Automatic),24.5,1497.9,No
4361-Bkaxe,Female,0,No,No,41,Yes,Yes,Fiber Optic,Yes,Yes,Yes,Yes,Yes,Yes,Month-To-Month,Yes,Bank Transfer (Automatic),114.5,4527.45,Yes
9845-Peeko,Female,1,No,No,59,Yes,Yes,Fiber Optic,No,Yes,No,No,No,No,Two Year,Yes,Credit Card (Automatic),79.2,4590.35,No
0455-Xfass,Female,0,Yes,Yes,3,Yes,No,Fiber Optic,No,No,No,No,No,No,Month-To-Month,Yes,Electronic Check,69.55,200.2,No
0301-Kobtq,Male,0,No,No,32,Yes,No,No,No Internet Service,No Internet Service,No Internet Service,No Internet Service,No Internet Service,No Internet Service,Two Year,Yes,Bank Transfer (Automatic),20.05,614.45,No
1751-Ncdli,Male,1,Yes,No,46,Yes,Yes,Fiber Optic,No,No,Yes,No,Yes,Yes,Month-To-Month,Yes,Electronic Check,98.85,4564.9,No
4367-Nuyao,Male,0,Yes,Yes,0,Yes,Yes,No,No Internet Service,No Internet Service,No Internet Service,No Internet Service,No Internet Service,No Internet Service,Two Year,No,Mailed Check,25.75,,No
9878-Tnqgw,Male,0,No,No,2,Yes,No,Fiber Optic,No,No,No,No,No,Yes,Month-To-Month,Yes,Electronic Check,80.95,171.15,Yes
9170-Arbtb,Female,0,Yes,Yes,52,Yes,No,No,No Internet Service,No Internet Service,No Internet Service,No Internet Service,No Internet Service,No Internet Service,One Year,No,Credit Card (Automatic),19.6,1012.4,No
4441-Nihpt,Female,1,No,No,13,Yes,No,Fiber Optic,No,No,Yes,No,No,No,Month-To-Month,Yes,Electronic Check,74.3,940.35,Yes
8999-Bohse,Female,1,No,No,11,Yes,No,Fiber Optic,No,No,No,No,Yes,Yes,Month-To-Month,No,Bank Transfer (Automatic),89.7,1047.7,Yes
7241-Ajhfs,Male,0,No,No,32,Yes,Yes,Fiber Optic,Yes,No,No,Yes,No,No,Month-To-Month,No,Bank Transfer (Automatic),87.65,2766.4,No
7029-Rpuav,Male,1,Yes,No,17,Yes,Yes,Fiber Optic,No,No,Yes,No,Yes,Yes,Month-To-Month,Yes,Credit Card (Automatic),100.45,1622.45,Yes
4546-Fokwr,Female,0,No,No,16,Yes,Yes,Fiber Optic,No,No,No,No,No,No,Month-To-Month,Yes,Credit Card (Automatic),74.75,1129.35,No
9036-Cskbw,Female,0,No,No,51,Yes,Yes,Fiber Optic,Yes,Yes,Yes,No,Yes,Yes,One Year,No,Bank Transfer (Automatic),107.45,5680.9,No
5832-Trlpb,Male,0,No,No,29,Yes,No,Dsl,No,No,Yes,Yes,Yes,Yes,One Year,Yes,Bank Transfer (Automatic),75.35,2243.9,No
8590-Yffqo,Male,0,Yes,No,70,Yes,No,Dsl,Yes,Yes,Yes,Yes,No,No,Two Year,No,Credit Card (Automatic),64.95,4523.25,No
8659-Ioopu,Female,0,Yes,Yes,71,Yes,Yes,Fiber Optic,Yes,No,Yes,Yes,No,Yes,Two Year,No,Electronic Check,100.45,7159.7,No
1338-Cecee,Male,0,Yes,Yes,41,Yes,Yes,Dsl,No,Yes,Yes,No,Yes,No,One Year,No,Bank Transfer (Automatic),68.5,2839.95,No
7439-Dkztw,Male,0,No,No,1,Yes,No,Fiber Optic,No,No,No,No,Yes,No,Month-To-Month,Yes,Electronic Check,80.55,80.55,No
4646-Qzxtf,Female,0,Yes,No,7,Yes,No,Dsl,Yes,No,Yes,Yes,Yes,Yes,Month-To-Month,No,Bank Transfer (Automatic),81.25,580.1,No
4607-Chpca,Male,0,Yes,Yes,25,Yes,No,Fiber Optic,No,No,No,No,Yes,Yes,One Year,Yes,Electronic Check,90.4,2178.6,Yes
9742-Xokts,Male,0,Yes,Yes,67,Yes,Yes,Fiber Optic,Yes,Yes,No,Yes,No,No,One Year,No,Electronic Check,89.55,6038.55,No
6921-Ozmfh,Male,0,Yes,Yes,5,Yes,Yes,Dsl,No,No,No,Yes,No,No,Month-To-Month,Yes,Mailed Check,55.7,259.4,No
9578-Fomuk,Male,0,No,Yes,15,Yes,Yes,No,No Internet Service,No Internet Service,No Internet Service,No Internet Service,No Internet Service,No Internet Service,Month-To-Month,Yes,Electronic Check,24.8,324.15,No
4712-Uyooi,Female,0,Yes,Yes,20,Yes,No,No,No Internet Service,No Internet Service,No Internet Service,No Internet Service,No Internet Service,No Internet Service,Month-To-Month,No,Electronic Check,20.0,417.65,No
8824-Rwfxj,Male,0,Yes,Yes,3,Yes,No,Dsl,No,Yes,Yes,No,No,No,Month-To-Month,Yes,Mailed Check,56.15,168.15,Yes
7722-Cvfxn,Male,0,Yes,Yes,54,Yes,Yes,Fiber Optic,No,Yes,No,Yes,Yes,Yes,One Year,Yes,Electronic Check,105.2,5637.85,No
8717-Vctxj,Male,0,No,No,42,Yes,No,No,No Internet Service,No Internet Service,No Internet Service,No Internet Service,No Internet Service,No Internet Service,One Year,Yes,Mailed Check,19.55,839.4,No
7363-Qtbiw,Female,0,Yes,No,9,Yes,No,Fiber Optic,No,No,No,No,No,Yes,Month-To-Month,Yes,Electronic Check,79.75,769.1,No
4159-Naaix,Female,0,No,No,63,Yes,Yes,Fiber Optic,No,Yes,No,No,Yes,Yes,Two Year,No,Bank Transfer (Automatic),97.45,6253,No
0971-Qifjk,Female,0,Yes,No,69,Yes,Yes,No,No Internet Service,No Internet Service,No Internet Service,No Internet Service,No Internet Service,No Internet Service,Two Year,No,Bank Transfer (Automatic),24.25,1641.8,No
9397-Tzsha,Female,0,No,No,69,Yes,Yes,No,No Internet Service,No Internet Service,No Internet Service,No Internet Service,No Internet Service,No Internet Service,Two Year,No,Credit Card (Automatic),24.6,1678.05,No
3391-Jsqew,Male,0,Yes,No,40,Yes,No,Dsl,No,Yes,No,No,No,No,Month-To-Month,Yes,Mailed Check,50.15,2058.5,No
0343-Qluzp,Male,0,No,No,60,No,No Phone Service,Dsl,Yes,Yes,Yes,No,No,No,Two Year,No,Bank Transfer (Automatic),39.6,2424.5,No
9763-Pdtkk,Female,0,No,No,4,Yes,No,Fiber Optic,Yes,No,Yes,Yes,No,Yes,Month-To-Month,Yes,Bank Transfer (Automatic),94.4,387.2,Yes
2176-Lvpnx,Female,1,No,No,71,Yes,Yes,Dsl,Yes,Yes,Yes,Yes,Yes,Yes,Two Year,No,Mailed Check,89.85,6293.45,No
7627-Jkiaz,Female,0,Yes,No,37,Yes,Yes,Fiber Optic,No,No,Yes,No,No,No,Month-To-Month,Yes,Credit Card (Automatic),78.95,2839.65,Yes
3312-Uumzw,Male,0,Yes,No,32,Yes,Yes,Fiber Optic,No,Yes,No,No,Yes,Yes,Month-To-Month,Yes,Credit Card (Automatic),98.85,3145.9,No
1271-Uodno,Male,0,No,No,39,Yes,Yes,Dsl,No,No,No,Yes,No,No,Two Year,Yes,Credit Card (Automatic),53.85,2200.7,No
8461-Efqym,Female,0,No,No,38,Yes,Yes,No,No Internet Service,No Internet Service,No Internet Service,No Internet Service,No Internet Service,No Internet Service,One Year,Yes,Electronic Check,24.25,914.4,No
6900-Rbker,Male,0,No,No,52,Yes,Yes,Fiber Optic,No,No,Yes,No,No,Yes,Two Year,Yes,Credit Card (Automatic),89.45,4577.75,No
6891-Jpyff,Female,0,Yes,Yes,48,Yes,Yes,Fiber Optic,Yes,Yes,No,No,Yes,Yes,Month-To-Month,Yes,Credit Card (Automatic),105.25,4997.5,No
1459-Qnfqt,Male,0,Yes,Yes,70,No,No Phone Service,Dsl,Yes,No,Yes,Yes,Yes,Yes,Two Year,No,Bank Transfer (Automatic),59.5,4144.8,No
1047-Nncbf,Male,0,No,No,20,Yes,No,Fiber Optic,No,No,No,No,No,No,Month-To-Month,No,Credit Card (Automatic),70.55,1493.55,No
3696-Xrien,Female,0,No,No,50,Yes,Yes,Dsl,Yes,No,Yes,Yes,Yes,Yes,One Year,Yes,Credit Card (Automatic),82.5,4179.1,No
4081-Dyxav,Female,0,No,No,19,No,No Phone Service,Dsl,No,No,No,No,Yes,Yes,One Year,Yes,Credit Card (Automatic),44.85,893.55,Yes
0074-Hdkdg,Male,0,Yes,Yes,25,Yes,No,Dsl,Yes,Yes,Yes,No,No,No,One Year,Yes,Bank Transfer (Automatic),61.6,1611,No
8791-Gfxlz,Male,0,No,No,12,Yes,No,Dsl,No,Yes,No,No,No,No,Month-To-Month,Yes,Bank Transfer (Automatic),49.05,593.05,No
8111-Sllhi,Male,1,Yes,No,39,Yes,Yes,Fiber Optic,No,Yes,Yes,No,Yes,Yes,Month-To-Month,Yes,Electronic Check,105.65,4284.8,Yes
0927-Lcsmg,Male,0,No,No,7,Yes,No,Fiber Optic,No,No,Yes,No,No,No,Month-To-Month,No,Mailed Check,74.65,544.55,Yes
9330-Dhbfl,Female,0,Yes,Yes,23,Yes,No,Dsl,Yes,Yes,Yes,Yes,No,No,One Year,Yes,Mailed Check,66.25,1533.8,No
0098-Bowso,Male,0,No,No,27,Yes,No,No,No Internet Service,No Internet Service,No Internet Service,No Internet Service,No Internet Service,No Internet Service,Month-To-Month,Yes,Electronic Check,19.4,529.8,No
3452-Abwrl,Male,1,No,No,47,Yes,Yes,Fiber Optic,No,No,No,No,Yes,No,Month-To-Month,Yes,Credit Card (Automatic),86.05,3865.6,No
5859-Hzylf,Male,0,Yes,Yes,26,Yes,No,No,No Internet Service,No Internet Service,No Internet Service,No Internet Service,No Internet Service,No Internet Service,Two Year,Yes,Credit Card (Automatic),19.15,515.75,No
8257-Rzahr,Female,0,Yes,No,14,Yes,Yes,Dsl,Yes,No,No,No,Yes,No,Month-To-Month,Yes,Bank Transfer (Automatic),64.7,941,Yes
5293-Wxjak,Female,1,Yes,No,11,Yes,Yes,Fiber Optic,No,No,Yes,Yes,Yes,Yes,Month-To-Month,Yes,Bank Transfer (Automatic),104.05,1133.65,Yes
3156-Qlhbo,Male,0,No,Yes,2,Yes,No,No,No Internet Service,No Internet Service,No Internet Service,No Internet Service,No Internet Service,No Internet Service,Month-To-Month,No,Mailed Check,19.25,48.35,No
2208-Nqbct,Female,0,Yes,Yes,26,Yes,No,Fiber Optic,Yes,Yes,No,No,No,No,Month-To-Month,No,Electronic Check,81.95,2070.05,No
1779-Pwpmg,Female,1,Yes,No,72,Yes,Yes,Fiber Optic,Yes,Yes,Yes,Yes,Yes,Yes,Two Year,Yes,Bank Transfer (Automatic),114.65,8333.95,No
6621-Nrzak,Female,0,Yes,Yes,63,Yes,No,No,No Internet Service,No Internet Service,No Internet Service,No Internet Service,No Internet Service,No Internet Service,Two Year,No,Credit Card (Automatic),20.0,1209.25,No
0831-Jnisg,Male,0,Yes,Yes,71,Yes,No,No,No Internet Service,No Internet Service,No Internet Service,No Internet Service,No Internet Service,No Internet Service,Two Year,No,Mailed Check,19.8,1396.25,No
0774-Ifuvm,Male,0,Yes,Yes,11,Yes,Yes,Dsl,Yes,No,No,No,Yes,No,Month-To-Month,Yes,Bank Transfer (Automatic),65.15,723.35,No
3082-Wqrvy,Male,1,Yes,No,14,Yes,No,No,No Internet Service,No Internet Service,No Internet Service,No Internet Service,No Internet Service,No Internet Service,One Year,No,Mailed Check,19.65,228.65,No
9553-Dlclu,Female,0,No,Yes,13,Yes,Yes,Dsl,Yes,Yes,Yes,Yes,Yes,Yes,Two Year,No,Credit Card (Automatic),88.95,1161.75,No
1641-Bybtk,Male,0,No,Yes,6,Yes,No,No,No Internet Service,No Internet Service,No Internet Service,No Internet Service,No Internet Service,No Internet Service,Month-To-Month,Yes,Mailed Check,20.2,98.35,No
2460-Ngxbj,Male,1,Yes,Yes,11,Yes,Yes,Fiber Optic,No,No,No,No,No,No,Month-To-Month,Yes,Credit Card (Automatic),75.2,775.3,No
2446-Zkvaf,Male,0,Yes,No,18,Yes,Yes,Dsl,No,Yes,No,No,No,No,Month-To-Month,No,Credit Card (Automatic),56.8,1074.65,No
0841-Nulxi,Male,0,No,No,1,No,No Phone Service,Dsl,No,No,No,No,No,Yes,Month-To-Month,Yes,Electronic Check,35.55,35.55,Yes
3522-Cdkhf,Female,0,Yes,No,32,Yes,No,Fiber Optic,Yes,No,No,No,No,No,Month-To-Month,Yes,Bank Transfer (Automatic),75.5,2324.7,No
1430-Sfqsa,Male,0,No,No,29,No,No Phone Service,Dsl,Yes,No,No,Yes,No,No,One Year,No,Mailed Check,35.6,1072.6,No
0411-Ezjze,Female,0,No,No,3,Yes,Yes,Dsl,No,No,No,No,Yes,No,Month-To-Month,Yes,Electronic Check,60.25,170.5,No
7851-Wzeky,Female,0,No,No,2,Yes,Yes,Fiber Optic,No,No,No,No,Yes,Yes,Month-To-Month,Yes,Electronic Check,95.15,196.9,Yes
8844-Tonud,Male,0,Yes,Yes,13,Yes,No,Fiber Optic,No,No,Yes,No,Yes,Yes,Month-To-Month,Yes,Mailed Check,96.65,1162.85,Yes
8807-Arqet,Female,0,No,No,41,No,No Phone Service,Dsl,No,Yes,No,No,No,Yes,Month-To-Month,Yes,Electronic Check,40.35,1677.85,No
8992-Ceuen,Female,0,No,No,1,Yes,No,No,No Internet Service,No Internet Service,No Internet Service,No Internet Service,No Internet Service,No Internet Service,Month-To-Month,No,Electronic Check,18.85,18.85,No
4320-Qmlla,Male,0,No,No,7,Yes,No,Dsl,No,No,No,No,Yes,No,Month-To-Month,No,Mailed Check,54.85,370.4,No
8777-Pvygu,Female,0,Yes,No,52,Yes,No,Dsl,Yes,No,Yes,No,Yes,No,One Year,Yes,Mailed Check,64.3,3410.6,No
8292-Itgyj,Female,0,Yes,Yes,45,Yes,Yes,No,No Internet Service,No Internet Service,No Internet Service,No Internet Service,No Internet Service,No Internet Service,Two Year,Yes,Bank Transfer (Automatic),24.65,1138.8,No
6870-Zwmnx,Male,0,Yes,No,70,Yes,Yes,Dsl,No,Yes,Yes,Yes,Yes,No,Two Year,No,Credit Card (Automatic),76.1,5264.25,No
0621-Cxbkl,Female,0,No,No,53,Yes,No,No,No Internet Service,No Internet Service,No Internet Service,No Internet Service,No Internet Service,No Internet Service,Two Year,No,Mailed Check,18.7,1005.7,No
5268-Dsmnq,Female,1,Yes,No,62,Yes,Yes,Fiber Optic,No,Yes,Yes,No,Yes,No,One Year,Yes,Credit Card (Automatic),97.95,5936.55,No
5334-Jlaxu,Female,0,Yes,No,60,Yes,Yes,Fiber Optic,Yes,Yes,No,No,No,Yes,Month-To-Month,Yes,Credit Card (Automatic),94.1,5475.9,No
4086-Yqsnz,Female,1,Yes,No,3,Yes,No,Fiber Optic,No,No,No,No,Yes,No,Month-To-Month,Yes,Electronic Check,80.4,224.05,Yes
6242-Mbhpk,Female,1,Yes,No,23,Yes,No,Fiber Optic,Yes,No,No,No,Yes,Yes,Month-To-Month,Yes,Electronic Check,95.1,2326.05,No
5868-Czjdr,Male,0,No,Yes,1,No,No Phone Service,Dsl,No,Yes,No,No,No,No,Month-To-Month,Yes,Mailed Check,31.35,31.35,Yes
9359-Ugbtk,Female,0,No,No,67,Yes,No,Dsl,Yes,No,Yes,Yes,No,Yes,One Year,Yes,Bank Transfer (Automatic),72.35,4991.5,No
0135-Nmxap,Female,0,No,No,12,Yes,Yes,Fiber Optic,No,Yes,No,No,Yes,No,Month-To-Month,Yes,Bank Transfer (Automatic),89.75,1052.4,Yes
4782-Osfxz,Female,1,Yes,No,71,Yes,Yes,Dsl,Yes,Yes,Yes,Yes,No,Yes,Two Year,Yes,Bank Transfer (Automatic),82.7,5831.2,No
6479-Oausd,Male,0,No,No,25,Yes,No,No,No Internet Service,No Internet Service,No Internet Service,No Internet Service,No Internet Service,No Internet Service,One Year,No,Credit Card (Automatic),19.9,510.8,No
7129-Acfog,Female,0,No,No,5,Yes,Yes,Dsl,Yes,No,No,No,No,No,Month-To-Month,Yes,Electronic Check,53.8,283.95,No
4189-Nakjs,Male,0,No,No,26,Yes,Yes,Dsl,No,No,No,No,No,No,One Year,Yes,Credit Card (Automatic),51.55,1295.4,No
5562-Betpv,Male,0,Yes,Yes,1,Yes,No,No,No Internet Service,No Internet Service,No Internet Service,No Internet Service,No Internet Service,No Internet Service,One Year,No,Mailed Check,19.65,19.65,No
1282-Ihqac,Male,1,No,No,70,No,No Phone Service,Dsl,No,Yes,Yes,No,Yes,No,One Year,Yes,Credit Card (Automatic),44.05,3011.65,No
9127-Fhjbz,Male,0,Yes,Yes,72,Yes,Yes,Fiber Optic,Yes,Yes,Yes,Yes,Yes,Yes,Two Year,Yes,Electronic Check,114.0,8093.15,No
6270-Omfiw,Male,0,Yes,No,60,Yes,No,Fiber Optic,No,Yes,No,No,Yes,Yes,One Year,Yes,Electronic Check,94.4,5610.25,Yes
1641-Rqday,Female,1,Yes,Yes,32,Yes,Yes,Fiber Optic,No,Yes,No,No,Yes,Yes,Month-To-Month,Yes,Electronic Check,100.4,3217.65,No
0107-Weslm,Male,0,No,No,1,Yes,No,No,No Internet Service,No Internet Service,No Internet Service,No Internet Service,No Internet Service,No Internet Service,Month-To-Month,Yes,Electronic Check,19.85,19.85,Yes
6994-Orcwg,Female,0,No,No,14,Yes,Yes,Dsl,No,Yes,No,No,No,No,One Year,Yes,Mailed Check,54.25,773.2,No
1346-Ufhax,Female,0,No,No,13,Yes,Yes,Fiber Optic,Yes,No,No,No,No,No,Month-To-Month,Yes,Credit Card (Automatic),80.0,1029.35,No
3992-Ywpko,Female,0,No,No,6,Yes,Yes,Fiber Optic,No,Yes,Yes,Yes,Yes,Yes,Month-To-Month,Yes,Credit Card (Automatic),109.9,669.45,Yes
2933-Xeujm,Female,0,No,No,46,Yes,Yes,Dsl,Yes,No,Yes,No,Yes,Yes,Two Year,No,Mailed Check,79.2,3593.8,No
0125-Lzqxk,Male,0,No,No,15,Yes,No,Fiber Optic,No,No,Yes,Yes,Yes,Yes,Month-To-Month,Yes,Electronic Check,101.35,1553.95,Yes
5461-Qkntn,Male,1,Yes,No,43,Yes,Yes,Fiber Optic,No,Yes,No,Yes,Yes,No,Month-To-Month,Yes,Electronic Check,94.3,3953.15,No
4835-Ysjmr,Male,0,No,No,39,Yes,No,Dsl,No,No,No,Yes,No,No,Two Year,Yes,Bank Transfer (Automatic),49.8,1971.15,No
8399-Yndch,Male,1,No,No,21,Yes,No,Dsl,No,No,Yes,No,Yes,No,Month-To-Month,Yes,Bank Transfer (Automatic),60.05,1236.15,Yes
3164-Yaxfy,Male,0,No,No,57,No,No Phone Service,Dsl,Yes,No,Yes,No,Yes,Yes,Month-To-Month,Yes,Electronic Check,53.75,3196,No
0887-Wbjvh,Female,0,Yes,No,53,Yes,No,Fiber Optic,No,No,No,Yes,Yes,Yes,One Year,Yes,Electronic Check,93.45,4872.2,No
4660-Iribm,Male,0,Yes,Yes,18,Yes,No,Fiber Optic,Yes,No,Yes,No,Yes,No,Month-To-Month,Yes,Mailed Check,87.9,1500.5,No
5673-Fssmf,Female,0,No,No,1,Yes,Yes,Dsl,No,No,No,No,No,Yes,Month-To-Month,Yes,Electronic Check,60.15,60.15,Yes
7670-Zbpoq,Female,0,Yes,No,58,Yes,Yes,Dsl,Yes,No,No,Yes,No,No,One Year,Yes,Bank Transfer (Automatic),61.05,3478.75,No
8089-Uzwlx,Female,1,No,No,71,Yes,Yes,Fiber Optic,No,No,Yes,No,Yes,Yes,Two Year,No,Bank Transfer (Automatic),104.05,7413.55,No
0080-Orozo,Female,0,No,No,35,Yes,No,Fiber Optic,No,No,Yes,Yes,Yes,Yes,One Year,Yes,Electronic Check,99.25,3532,No
3916-Nrpap,Male,0,No,No,3,Yes,No,Fiber Optic,No,No,Yes,No,No,Yes,Month-To-Month,No,Credit Card (Automatic),85.7,256.75,No
6807-Siwji,Male,0,No,No,38,Yes,Yes,Fiber Optic,Yes,Yes,No,No,Yes,Yes,One Year,Yes,Electronic Check,104.85,3887.25,No
8221-Hvayi,Male,0,Yes,Yes,35,Yes,Yes,Dsl,Yes,Yes,Yes,Yes,No,No,Two Year,Yes,Credit Card (Automatic),69.15,2490.15,No
1579-Klydt,Male,0,No,No,7,Yes,Yes,Fiber Optic,No,No,Yes,No,Yes,No,Month-To-Month,Yes,Electronic Check,90.45,593.45,Yes
5232-Nxpay,Female,0,No,No,47,Yes,No,Dsl,No,No,Yes,Yes,Yes,Yes,Two Year,No,Mailed Check,74.45,3510.3,No
8967-Szqas,Female,0,No,No,14,Yes,No,Dsl,No,Yes,No,No,No,No,Month-To-Month,No,Electronic Check,50.45,765.45,No
4468-Kazhe,Female,1,Yes,No,20,Yes,No,Dsl,No,Yes,No,No,No,Yes,Month-To-Month,Yes,Electronic Check,60.0,1259.35,No
0455-Entcr,Male,0,Yes,No,66,Yes,Yes,Dsl,Yes,Yes,No,Yes,Yes,Yes,Two Year,No,Electronic Check,85.25,5538.35,No
8944-Ailef,Male,0,Yes,No,15,Yes,No,No,No Internet Service,No Internet Service,No Internet Service,No Internet Service,No Internet Service,No Internet Service,Month-To-Month,Yes,Credit Card (Automatic),19.45,340.85,No
5542-Nkvru,Female,0,No,No,42,Yes,No,No,No Internet Service,No Internet Service,No Internet Service,No Internet Service,No Internet Service,No Internet Service,Two Year,Yes,Bank Transfer (Automatic),20.75,844.45,No
7126-Rbhsd,Female,0,Yes,No,17,Yes,Yes,Fiber Optic,Yes,No,No,No,No,No,Month-To-Month,No,Electronic Check,78.9,1348.95,No
5370-Iivvl,Male,0,No,No,37,Yes,Yes,Fiber Optic,No,Yes,No,Yes,Yes,Yes,One Year,Yes,Credit Card (Automatic),104.5,3778,No
6789-Hjbwg,Female,0,No,No,12,Yes,No,Dsl,No,Yes,No,No,No,No,Month-To-Month,Yes,Electronic Check,49.4,611.65,No
3927-Nlnry,Male,0,Yes,No,53,Yes,No,Fiber Optic,No,Yes,No,No,Yes,Yes,One Year,Yes,Bank Transfer (Automatic),94.25,4867.95,Yes
9087-Eycpr,Female,0,No,No,60,Yes,Yes,No,No Internet Service,No Internet Service,No Internet Service,No Internet Service,No Internet Service,No Internet Service,Two Year,No,Mailed Check,25.0,1505.05,No
6791-Ybnak,Male,0,Yes,Yes,18,No,No Phone Service,Dsl,No,No,No,No,No,No,Month-To-Month,No,Credit Card (Automatic),25.55,467.85,No
6358-Lyngm,Male,0,No,No,1,Yes,Yes,Fiber Optic,No,No,No,No,No,No,Month-To-Month,Yes,Electronic Check,74.9,74.9,Yes
6077-Bdpxa,Female,0,No,No,3,Yes,No,Fiber Optic,No,No,No,No,No,No,Month-To-Month,Yes,Electronic Check,70.15,194.2,No
0013-Mhzwf,Female,0,No,Yes,9,Yes,No,Dsl,No,No,No,Yes,Yes,Yes,Month-To-Month,Yes,Credit Card (Automatic),69.4,571.45,No
5494-Hecpr,Female,0,No,No,1,Yes,No,Fiber Optic,No,No,No,No,Yes,No,Month-To-Month,Yes,Electronic Check,80.25,80.25,Yes
8268-Ydixr,Male,0,Yes,No,56,Yes,Yes,Fiber Optic,Yes,Yes,Yes,No,No,No,One Year,Yes,Electronic Check,93.15,5253.95,No
9824-Bemcv,Male,0,Yes,Yes,17,Yes,No,Fiber Optic,No,No,No,No,No,No,Month-To-Month,Yes,Electronic Check,69.0,1149.65,Yes
1373-Orviz,Female,0,Yes,Yes,11,Yes,Yes,Dsl,No,No,No,Yes,No,Yes,Month-To-Month,Yes,Electronic Check,66.35,740.8,Yes
4291-Shsbh,Male,0,No,No,7,Yes,No,Fiber Optic,No,No,No,No,No,No,Month-To-Month,Yes,Electronic Check,69.55,521.35,No
6980-Imxxe,Female,0,Yes,Yes,69,Yes,No,No,No Internet Service,No Internet Service,No Internet Service,No Internet Service,No Internet Service,No Internet Service,Two Year,No,Bank Transfer (Automatic),20.2,1412.65,No
9866-Qevee,Male,0,No,No,19,Yes,Yes,Fiber Optic,No,No,No,No,No,Yes,Month-To-Month,Yes,Bank Transfer (Automatic),86.0,1532.45,Yes
9897-Kxhcm,Female,0,Yes,Yes,3,Yes,No,Fiber Optic,No,No,No,No,No,Yes,Month-To-Month,Yes,Electronic Check,80.3,250.05,Yes
0040-Halcw,Male,0,Yes,Yes,54,Yes,No,No,No Internet Service,No Internet Service,No Internet Service,No Internet Service,No Internet Service,No Internet Service,Two Year,No,Credit Card (Automatic),20.4,1090.6,No
0784-Gtuuk,Male,0,Yes,No,62,Yes,Yes,No,No Internet Service,No Internet Service,No Internet Service,No Internet Service,No Internet Service,No Internet Service,One Year,Yes,Credit Card (Automatic),23.75,1446.8,No
7979-Corpm,Male,0,No,No,24,Yes,Yes,Fiber Optic,No,Yes,No,No,Yes,No,Month-To-Month,Yes,Credit Card (Automatic),90.55,2282.55,Yes
2294-Dmmus,Female,0,Yes,Yes,62,Yes,Yes,Dsl,No,No,No,No,Yes,Yes,Month-To-Month,Yes,Credit Card (Automatic),70.45,4300.45,No
0872-Jcpib,Male,0,No,No,17,Yes,Yes,Dsl,Yes,No,No,No,No,Yes,Month-To-Month,No,Bank Transfer (Automatic),65.75,1111.2,No
3055-Mjdsb,Male,0,No,No,9,No,No Phone Service,Dsl,No,No,No,No,No,No,Month-To-Month,Yes,Mailed Check,24.6,190.1,No
9091-Wtuuy,Male,0,Yes,Yes,64,Yes,No,Dsl,Yes,No,Yes,Yes,Yes,No,Two Year,No,Mailed Check,69.25,4447.75,No
1618-Cfhme,Female,0,No,No,2,Yes,Yes,Fiber Optic,No,No,No,No,No,No,Month-To-Month,Yes,Electronic Check,75.9,143.35,Yes
3165-Hdoew,Male,0,Yes,Yes,1,Yes,No,Dsl,No,No,No,No,No,No,Month-To-Month,Yes,Mailed Check,45.85,45.85,Yes
6581-Nqcba,Female,0,Yes,No,16,No,No Phone Service,Dsl,No,No,No,Yes,Yes,Yes,Month-To-Month,Yes,Electronic Check,49.95,810.2,Yes
7115-Irdhs,Female,0,Yes,No,72,Yes,Yes,No,No Internet Service,No Internet Service,No Internet Service,No Internet Service,No Internet Service,No Internet Service,Two Year,No,Bank Transfer (Automatic),24.65,1830.05,No
8496-Dmzuk,Male,0,No,No,30,Yes,Yes,Fiber Optic,Yes,Yes,Yes,No,No,No,One Year,No,Bank Transfer (Automatic),90.4,2820.65,No
2040-Vzike,Female,0,Yes,No,49,Yes,Yes,Fiber Optic,Yes,No,No,No,Yes,Yes,Month-To-Month,Yes,Mailed Check,100.85,4847.35,No
9068-Vpwqq,Male,0,Yes,No,61,Yes,Yes,Dsl,Yes,No,Yes,Yes,No,Yes,Two Year,No,Credit Card (Automatic),75.35,4729.3,No
0178-Szbho,Male,0,Yes,Yes,47,Yes,Yes,Fiber Optic,No,Yes,No,No,Yes,No,Month-To-Month,No,Electronic Check,87.2,4017.45,No
0384-Rvbpi,Male,0,No,No,20,Yes,No,Dsl,Yes,No,Yes,No,No,Yes,Month-To-Month,No,Credit Card (Automatic),64.4,1398.6,No
1689-Mrzqr,Male,0,Yes,Yes,34,Yes,No,Fiber Optic,No,No,No,No,Yes,No,Month-To-Month,No,Electronic Check,78.3,2564.3,Yes
1299-Aurja,Female,0,Yes,Yes,70,Yes,Yes,No,No Internet Service,No Internet Service,No Internet Service,No Internet Service,No Internet Service,No Internet Service,Two Year,No,Bank Transfer (Automatic),24.7,1685.9,No
4525-Vzczg,Male,0,No,Yes,54,Yes,No,Fiber Optic,Yes,Yes,No,Yes,Yes,Yes,One Year,Yes,Electronic Check,105.85,5826.65,No
1543-Lllft,Male,1,Yes,No,61,Yes,Yes,Fiber Optic,No,Yes,Yes,Yes,Yes,No,One Year,Yes,Mailed Check,98.3,6066.55,No
5835-Beqeu,Male,0,No,No,3,Yes,Yes,Fiber Optic,No,No,No,No,No,No,Month-To-Month,Yes,Electronic Check,76.95,228.4,Yes
2788-Cjqaq,Male,0,No,No,13,Yes,No,No,No Internet Service,No Internet Service,No Internet Service,No Internet Service,No Internet Service,No Internet Service,One Year,No,Mailed Check,19.45,270.2,No
5565-Filxa,Female,1,No,No,16,Yes,Yes,Fiber Optic,No,No,No,No,Yes,Yes,Month-To-Month,Yes,Electronic Check,96.15,1529.2,Yes
0319-Qztco,Female,0,Yes,Yes,3,Yes,No,Dsl,No,Yes,No,No,Yes,No,Month-To-Month,Yes,Credit Card (Automatic),58.7,168.6,No
2120-Smpex,Male,0,No,No,25,Yes,No,No,No Internet Service,No Internet Service,No Internet Service,No Internet Service,No Internet Service,No Internet Service,Month-To-Month,Yes,Mailed Check,20.15,536.35,No
0096-Fcpuf,Male,0,No,No,30,Yes,Yes,Dsl,Yes,No,No,No,No,Yes,Month-To-Month,Yes,Mailed Check,64.5,1888.45,No
0668-Ogmhd,Female,0,Yes,No,21,No,No Phone Service,Dsl,Yes,No,No,No,No,No,Month-To-Month,No,Electronic Check,28.5,629.35,No
5552-Znfsj,Male,0,No,No,1,Yes,No,Dsl,No,No,No,No,No,No,Month-To-Month,No,Electronic Check,45.3,45.3,Yes
2223-Kagmx,Female,0,No,No,15,Yes,No,No,No Internet Service,No Internet Service,No Internet Service,No Internet Service,No Internet Service,No Internet Service,Month-To-Month,No,Bank Transfer (Automatic),19.4,289.3,Yes
6507-Zjsur,Male,1,Yes,No,23,Yes,No,Fiber Optic,No,No,No,No,Yes,Yes,Month-To-Month,Yes,Electronic Check,90.45,2117.25,No
9408-Hrxrk,Female,0,Yes,Yes,45,Yes,Yes,Fiber Optic,Yes,Yes,No,No,Yes,Yes,Month-To-Month,Yes,Electronic Check,105.15,4730.9,No
5593-Suaoo,Female,0,Yes,Yes,24,Yes,Yes,Fiber Optic,No,Yes,Yes,No,No,No,One Year,No,Bank Transfer (Automatic),83.15,2033.05,No
7321-Pkuyw,Female,0,No,No,11,Yes,Yes,Fiber Optic,No,No,No,Yes,Yes,No,Month-To-Month,No,Electronic Check,90.15,987.95,Yes
2833-Slkdq,Male,0,No,No,1,Yes,No,Dsl,No,No,No,No,No,No,Month-To-Month,No,Mailed Check,45.05,45.05,Yes
6766-Hfkla,Female,0,Yes,No,56,Yes,Yes,Fiber Optic,No,No,Yes,Yes,Yes,Yes,Two Year,No,Bank Transfer (Automatic),103.2,5744.35,No
7595-Euivn,Female,0,No,No,1,Yes,No,Fiber Optic,No,Yes,No,No,No,No,Month-To-Month,No,Electronic Check,75.8,75.8,Yes
7617-Eyglw,Male,0,No,No,1,Yes,No,No,No Internet Service,No Internet Service,No Internet Service,No Internet Service,No Internet Service,No Internet Service,Month-To-Month,No,Electronic Check,19.45,19.45,No
2026-Tgdhm,Female,0,No,No,7,Yes,No,Fiber Optic,No,No,No,No,No,Yes,Month-To-Month,Yes,Electronic Check,79.3,523.15,Yes
9220-Znkji,Female,1,Yes,No,55,Yes,No,Fiber Optic,No,No,Yes,Yes,Yes,No,Two Year,No,Credit Card (Automatic),88.8,4805.3,No
4030-Vpzbd,Female,0,No,No,2,No,No Phone Service,Dsl,No,No,No,Yes,No,No,Month-To-Month,Yes,Electronic Check,30.9,59.05,Yes
2226-Icfdo,Female,0,Yes,Yes,72,Yes,Yes,Dsl,Yes,No,Yes,Yes,Yes,Yes,Two Year,Yes,Credit Card (Automatic),85.9,6110.75,No
0723-Vsobe,Female,1,No,No,45,No,No Phone Service,Dsl,No,No,No,No,No,Yes,One Year,No,Electronic Check,34.2,1596.6,No
5529-Gibvh,Female,0,No,No,47,Yes,No,No,No Internet Service,No Internet Service,No Internet Service,No Internet Service,No Internet Service,No Internet Service,Two Year,No,Mailed Check,20.15,1046.2,No
4187-Cinzd,Female,1,No,No,46,Yes,No,Fiber Optic,No,Yes,No,No,Yes,Yes,One Year,No,Credit Card (Automatic),95.25,4424.2,Yes
9992-Ujoel,Male,0,No,No,2,Yes,No,Dsl,No,Yes,No,No,No,No,Month-To-Month,Yes,Mailed Check,50.3,92.75,No
4741-Wwjqz,Female,0,Yes,No,2,Yes,No,Fiber Optic,Yes,No,No,Yes,No,No,Month-To-Month,Yes,Electronic Check,80.15,194.55,No
6625-Utxew,Female,0,Yes,No,12,Yes,No,Dsl,No,Yes,No,No,No,No,Month-To-Month,Yes,Electronic Check,51.25,612.1,No
6818-Wobhj,Female,1,Yes,No,68,Yes,Yes,Fiber Optic,No,Yes,No,No,No,Yes,Month-To-Month,Yes,Bank Transfer (Automatic),89.6,6127.6,Yes
6244-Besbm,Male,0,Yes,Yes,69,Yes,No,Fiber Optic,No,No,No,Yes,Yes,Yes,Two Year,Yes,Credit Card (Automatic),95.2,6671.7,No
1004-Noznr,Male,1,No,Yes,56,Yes,No,Fiber Optic,Yes,No,No,No,Yes,Yes,One Year,No,Credit Card (Automatic),94.8,5264.3,No
1251-Stysz,Female,1,No,No,4,Yes,Yes,Fiber Optic,Yes,No,No,No,No,No,Month-To-Month,Yes,Electronic Check,80.25,303.7,No
2612-Phgox,Male,0,Yes,No,64,Yes,Yes,Dsl,No,Yes,Yes,Yes,Yes,No,Two Year,Yes,Bank Transfer (Automatic),76.1,4818.8,No
2408-Tzmjl,Male,0,Yes,No,59,Yes,Yes,Fiber Optic,Yes,Yes,Yes,No,Yes,Yes,One Year,Yes,Electronic Check,110.15,6448.05,Yes
8480-Pponv,Male,0,Yes,Yes,62,Yes,Yes,Fiber Optic,Yes,Yes,Yes,Yes,Yes,Yes,Two Year,No,Bank Transfer (Automatic),115.55,7159.05,No
8780-Ihcrn,Male,0,Yes,Yes,63,Yes,Yes,No,No Internet Service,No Internet Service,No Internet Service,No Internet Service,No Internet Service,No Internet Service,Two Year,No,Credit Card (Automatic),24.65,1574.5,No
4598-Zadck,Female,0,No,No,53,No,No Phone Service,Dsl,Yes,Yes,Yes,Yes,Yes,No,One Year,Yes,Electronic Check,53.6,2879.2,No
1257-Sxuxq,Male,0,Yes,Yes,5,Yes,No,No,No Internet Service,No Internet Service,No Internet Service,No Internet Service,No Internet Service,No Internet Service,Month-To-Month,No,Mailed Check,19.45,86.05,No
9681-Kygyb,Male,1,Yes,No,49,Yes,Yes,Fiber Optic,Yes,Yes,Yes,No,No,No,Month-To-Month,Yes,Electronic Check,88.2,4159.45,No
7182-Ovlbj,Female,0,Yes,Yes,62,Yes,Yes,Fiber Optic,Yes,No,No,No,Yes,Yes,Two Year,Yes,Bank Transfer (Automatic),101.15,6638.35,No
5095-Etbrj,Female,0,Yes,No,55,Yes,No,Dsl,Yes,Yes,No,Yes,No,No,Two Year,No,Mailed Check,56.8,3112.05,No
7005-Cyuil,Female,1,Yes,No,71,Yes,No,Fiber Optic,Yes,Yes,Yes,Yes,Yes,No,Two Year,Yes,Electronic Check,99.4,7168.25,No
4821-Wqoyn,Female,0,Yes,Yes,72,Yes,No,No,No Internet Service,No Internet Service,No Internet Service,No Internet Service,No Internet Service,No Internet Service,Two Year,Yes,Credit Card (Automatic),20.1,1326.25,No
4730-Awnau,Male,0,Yes,Yes,36,No,No Phone Service,Dsl,Yes,No,Yes,Yes,Yes,Yes,One Year,No,Credit Card (Automatic),60.7,2234.55,No
3452-Flhyd,Male,0,Yes,No,25,Yes,No,No,No Internet Service,No Internet Service,No Internet Service,No Internet Service,No Internet Service,No Internet Service,One Year,Yes,Bank Transfer (Automatic),20.95,495.15,No
2388-Laesq,Female,1,Yes,No,72,Yes,Yes,Fiber Optic,Yes,Yes,Yes,Yes,Yes,Yes,Two Year,Yes,Bank Transfer (Automatic),114.85,8317.95,No
9531-Nsbmr,Female,0,No,No,36,Yes,No,No,No Internet Service,No Internet Service,No Internet Service,No Internet Service,No Internet Service,No Internet Service,One Year,Yes,Bank Transfer (Automatic),19.25,679.8,No
6260-Onulr,Male,0,No,No,1,Yes,No,Dsl,No,No,No,No,Yes,Yes,Month-To-Month,Yes,Mailed Check,62.8,62.8,No
4389-Uefcz,Female,0,Yes,No,72,Yes,Yes,Fiber Optic,Yes,No,Yes,No,Yes,Yes,Two Year,Yes,Electronic Check,105.5,7544,No
8711-Lobky,Male,0,Yes,Yes,59,Yes,No,No,No Internet Service,No Internet Service,No Internet Service,No Internet Service,No Internet Service,No Internet Service,Two Year,No,Mailed Check,19.85,1188.25,No
9134-Ceqmf,Male,1,Yes,No,7,Yes,No,Fiber Optic,No,No,No,No,Yes,Yes,Month-To-Month,Yes,Electronic Check,89.5,676.7,Yes
8985-Oopos,Female,0,No,No,1,Yes,No,Dsl,No,No,Yes,Yes,Yes,Yes,One Year,No,Credit Card (Automatic),74.1,74.1,No
8800-Zkrfw,Female,0,Yes,Yes,30,Yes,Yes,Fiber Optic,No,Yes,Yes,Yes,Yes,Yes,Month-To-Month,Yes,Electronic Check,107.5,3242.5,No
2616-Flvqc,Male,0,No,No,64,Yes,No,No,No Internet Service,No Internet Service,No Internet Service,No Internet Service,No Internet Service,No Internet Service,Two Year,No,Mailed Check,19.55,1240.15,No
9968-Ffvvh,Male,0,No,No,63,Yes,Yes,Dsl,Yes,Yes,Yes,Yes,No,No,One Year,No,Bank Transfer (Automatic),68.8,4111.35,No
3108-Pccgg,Male,1,Yes,No,72,Yes,Yes,Dsl,Yes,Yes,Yes,No,Yes,Yes,Two Year,No,Credit Card (Automatic),84.45,5899.85,No
7993-Pykof,Male,0,Yes,No,8,Yes,No,Fiber Optic,Yes,No,No,No,No,No,Month-To-Month,No,Electronic Check,75.0,632.95,Yes
8390-Fesfv,Female,0,No,No,62,Yes,Yes,Dsl,No,Yes,Yes,Yes,Yes,Yes,Two Year,No,Bank Transfer (Automatic),84.5,5193.2,No
3022-Bexhz,Male,0,Yes,Yes,67,Yes,Yes,Fiber Optic,No,Yes,Yes,Yes,Yes,Yes,Two Year,Yes,Bank Transfer (Automatic),111.2,7530.8,No
5027-Xwqha,Male,0,No,No,6,Yes,No,Dsl,No,No,No,No,No,No,Month-To-Month,No,Electronic Check,44.75,270.95,Yes
6248-Tkcqv,Female,0,Yes,Yes,70,Yes,Yes,Dsl,Yes,No,No,Yes,Yes,Yes,Two Year,Yes,Bank Transfer (Automatic),80.6,5460.2,No
6729-Gdngc,Female,1,No,No,20,Yes,No,Fiber Optic,No,No,No,No,Yes,No,Month-To-Month,No,Bank Transfer (Automatic),80.7,1614.2,No
6198-Zfioj,Female,0,No,No,5,Yes,Yes,Fiber Optic,No,No,No,No,No,No,Month-To-Month,No,Electronic Check,75.6,402.5,No
5989-Omnje,Female,0,Yes,Yes,24,No,No Phone Service,Dsl,Yes,Yes,Yes,No,Yes,Yes,One Year,No,Electronic Check,57.6,1367.75,No
4566-Qvrrw,Female,0,Yes,No,11,Yes,No,Dsl,No,No,No,No,No,No,Month-To-Month,Yes,Electronic Check,44.05,483.7,Yes
1291-Cuocy,Male,0,Yes,No,72,Yes,Yes,Fiber Optic,No,Yes,Yes,Yes,Yes,Yes,Two Year,Yes,Credit Card (Automatic),110.6,7962.2,No
9795-Shuhb,Female,0,Yes,Yes,66,Yes,No,Dsl,Yes,Yes,No,Yes,No,No,Two Year,Yes,Credit Card (Automatic),58.2,3810.8,No
3230-Iualn,Female,0,Yes,Yes,45,Yes,No,Dsl,Yes,No,Yes,Yes,Yes,Yes,Two Year,Yes,Mailed Check,81.0,3533.6,No
0042-Rlhyp,Female,0,Yes,Yes,69,Yes,No,No,No Internet Service,No Internet Service,No Internet Service,No Internet Service,No Internet Service,No Internet Service,Two Year,No,Bank Transfer (Automatic),19.7,1396.9,No
8519-Imdhu,Male,1,Yes,No,15,Yes,Yes,Fiber Optic,No,No,No,No,No,Yes,Month-To-Month,Yes,Bank Transfer (Automatic),85.6,1345.55,Yes
4945-Rvmte,Female,0,No,No,28,Yes,No,Dsl,No,No,Yes,No,Yes,No,Month-To-Month,Yes,Bank Transfer (Automatic),59.55,1646.45,No
0201-Oamxr,Female,0,No,No,70,Yes,Yes,Fiber Optic,Yes,Yes,Yes,Yes,Yes,Yes,One Year,No,Credit Card (Automatic),115.55,8127.6,Yes
1866-Nxpsp,Female,0,No,No,36,Yes,No,Dsl,Yes,Yes,Yes,Yes,No,Yes,One Year,Yes,Mailed Check,75.55,2680.15,No
3372-Kwfbm,Male,1,No,No,16,Yes,Yes,Fiber Optic,No,No,No,No,Yes,No,Month-To-Month,Yes,Electronic Check,86.6,1281,Yes
7831-Qgoxh,Female,0,No,No,18,Yes,Yes,Fiber Optic,No,No,No,No,Yes,No,Month-To-Month,Yes,Electronic Check,85.2,1553.9,Yes
6393-Wryze,Female,0,Yes,No,34,Yes,Yes,Fiber Optic,No,No,No,No,Yes,Yes,Month-To-Month,Yes,Electronic Check,97.65,3207.55,Yes
3941-Xtskm,Male,0,Yes,Yes,42,No,No Phone Service,Dsl,No,Yes,Yes,No,No,Yes,One Year,Yes,Credit Card (Automatic),45.1,2049.05,No
1661-Czbau,Male,0,No,No,48,Yes,Yes,Dsl,Yes,No,No,Yes,No,Yes,One Year,Yes,Bank Transfer (Automatic),70.95,3629.2,No
6599-Rclcj,Male,0,Yes,No,47,Yes,Yes,Fiber Optic,No,Yes,Yes,Yes,Yes,Yes,Month-To-Month,Yes,Electronic Check,109.55,5124.55,Yes
9831-Bpfri,Female,0,Yes,Yes,39,Yes,Yes,Fiber Optic,No,Yes,Yes,Yes,No,No,One Year,Yes,Electronic Check,89.55,3474.45,Yes
5158-Rivop,Female,0,Yes,Yes,11,Yes,No,No,No Internet Service,No Internet Service,No Internet Service,No Internet Service,No Internet Service,No Internet Service,Two Year,No,Credit Card (Automatic),20.9,202.3,No
9788-Ytfge,Male,0,No,No,7,Yes,No,No,No Internet Service,No Internet Service,No Internet Service,No Internet Service,No Internet Service,No Internet Service,Month-To-Month,Yes,Mailed Check,19.95,147.5,No
9277-Joomo,Female,0,No,No,3,Yes,Yes,No,No Internet Service,No Internet Service,No Internet Service,No Internet Service,No Internet Service,No Internet Service,Month-To-Month,No,Mailed Check,24.6,86.35,No
1907-Ylnyw,Male,0,No,No,8,Yes,No,Dsl,Yes,No,Yes,No,No,Yes,Month-To-Month,Yes,Electronic Check,66.7,579,No
1725-Mimxw,Male,0,No,Yes,1,Yes,No,No,No Internet Service,No Internet Service,No Internet Service,No Internet Service,No Internet Service,No Internet Service,Month-To-Month,Yes,Mailed Check,19.45,19.45,Yes
8947-Yrtdv,Male,0,Yes,Yes,32,Yes,No,Fiber Optic,Yes,Yes,Yes,No,No,Yes,One Year,No,Mailed Check,94.8,3131.55,No
3161-Onrwk,Male,0,Yes,Yes,60,Yes,No,Dsl,Yes,Yes,Yes,Yes,No,No,One Year,Yes,Bank Transfer (Automatic),65.85,3928.3,No
0114-Rsrrw,Female,0,Yes,No,10,Yes,No,No,No Internet Service,No Internet Service,No Internet Service,No Internet Service,No Internet Service,No Internet Service,Month-To-Month,Yes,Bank Transfer (Automatic),19.95,187.75,No
4565-Nlzbv,Female,0,Yes,No,71,Yes,Yes,No,No Internet Service,No Internet Service,No Internet Service,No Internet Service,No Internet Service,No Internet Service,Two Year,Yes,Bank Transfer (Automatic),24.65,1710.15,No
0031-Pvlzi,Female,0,Yes,Yes,4,Yes,No,No,No Internet Service,No Internet Service,No Internet Service,No Internet Service,No Internet Service,No Internet Service,Month-To-Month,No,Mailed Check,20.35,76.35,Yes
7206-Gzcdc,Female,1,No,No,1,Yes,No,Fiber Optic,No,No,No,No,No,No,Month-To-Month,Yes,Electronic Check,69.25,69.25,Yes
6682-Vcixc,Female,0,Yes,Yes,43,No,No Phone Service,Dsl,Yes,Yes,No,Yes,Yes,No,One Year,Yes,Bank Transfer (Automatic),51.25,2151.6,No
4791-Qrgmf,Male,0,Yes,No,59,Yes,Yes,Fiber Optic,No,No,Yes,No,Yes,Yes,One Year,Yes,Bank Transfer (Automatic),99.5,5961.1,Yes
6475-Vhuiz,Female,0,Yes,No,23,Yes,No,Dsl,No,No,Yes,Yes,No,No,Month-To-Month,No,Electronic Check,54.25,1221.55,No
3910-Mrqoy,Female,0,Yes,No,72,Yes,No,No,No Internet Service,No Internet Service,No Internet Service,No Internet Service,No Internet Service,No Internet Service,Two Year,No,Bank Transfer (Automatic),19.4,1496.45,No
0661-Wcqnq,Male,0,Yes,No,22,Yes,No,Dsl,Yes,No,No,Yes,No,No,One Year,Yes,Credit Card (Automatic),56.25,1292.2,No
7537-Rbwea,Female,0,No,No,1,No,No Phone Service,Dsl,No,No,No,No,No,No,Month-To-Month,Yes,Mailed Check,25.15,25.15,No
4656-Caurt,Male,0,No,No,69,Yes,Yes,No,No Internet Service,No Internet Service,No Internet Service,No Internet Service,No Internet Service,No Internet Service,Two Year,No,Bank Transfer (Automatic),23.95,1713.1,No
0121-Snyrk,Male,0,No,No,50,No,No Phone Service,Dsl,Yes,No,No,Yes,No,No,One Year,Yes,Mailed Check,35.4,1748.9,No
1768-Zaifu,Female,1,No,No,1,No,No Phone Service,Dsl,No,No,No,No,No,No,Month-To-Month,Yes,Electronic Check,25.2,25.2,Yes
4671-Lxrdq,Male,0,No,No,2,Yes,No,Dsl,No,No,No,No,No,No,Month-To-Month,Yes,Mailed Check,45.0,96.45,Yes
3733-Lsyce,Female,0,Yes,No,15,Yes,No,Fiber Optic,No,Yes,No,No,No,No,Month-To-Month,No,Bank Transfer (Automatic),75.35,1114.55,No
6265-Frmtq,Male,0,No,No,31,Yes,No,No,No Internet Service,No Internet Service,No Internet Service,No Internet Service,No Internet Service,No Internet Service,Two Year,No,Bank Transfer (Automatic),20.4,609.1,No
1934-Sjvjk,Male,0,No,No,1,Yes,No,No,No Internet Service,No Internet Service,No Internet Service,No Internet Service,No Internet Service,No Internet Service,Month-To-Month,No,Mailed Check,20.15,20.15,Yes
3838-Ozurd,Male,0,Yes,No,66,Yes,Yes,Fiber Optic,No,Yes,Yes,No,Yes,Yes,Month-To-Month,Yes,Credit Card (Automatic),105.0,7133.25,Yes
1371-Dwpaz,Female,0,Yes,Yes,0,No,No Phone Service,Dsl,Yes,Yes,Yes,Yes,Yes,No,Two Year,No,Credit Card (Automatic),56.05,,No
9269-Cqool,Male,0,No,Yes,3,Yes,No,Dsl,No,No,No,No,Yes,No,Month-To-Month,Yes,Credit Card (Automatic),54.7,169.45,Yes
2017-Ccblh,Female,0,No,No,8,Yes,No,No,No Internet Service,No Internet Service,No Internet Service,No Internet Service,No Internet Service,No Internet Service,Two Year,No,Mailed Check,20.0,141.6,No
7690-Kpncu,Male,0,Yes,Yes,64,Yes,No,Dsl,Yes,No,Yes,No,Yes,Yes,One Year,Yes,Credit Card (Automatic),73.05,4688.65,No
0536-Bgfmz,Female,0,Yes,No,28,Yes,No,No,No Internet Service,No Internet Service,No Internet Service,No Internet Service,No Internet Service,No Internet Service,Month-To-Month,No,Mailed Check,20.5,563.05,No
2293-Ijwps,Female,0,Yes,No,57,Yes,Yes,Fiber Optic,No,No,Yes,No,Yes,Yes,One Year,Yes,Credit Card (Automatic),100.75,5985,No
2845-Hsjcy,Female,0,Yes,Yes,14,Yes,Yes,Fiber Optic,No,No,Yes,No,No,Yes,Month-To-Month,Yes,Electronic Check,87.25,1258.6,Yes
5469-Nujur,Male,0,No,No,19,Yes,No,No,No Internet Service,No Internet Service,No Internet Service,No Internet Service,No Internet Service,No Internet Service,Two Year,Yes,Mailed Check,19.95,373.5,No
1184-Pjvdb,Male,0,Yes,No,10,Yes,No,Fiber Optic,No,No,No,No,Yes,No,Month-To-Month,Yes,Electronic Check,79.95,857.2,Yes
2625-Trczq,Female,0,Yes,No,51,No,No Phone Service,Dsl,No,Yes,No,No,Yes,Yes,Month-To-Month,Yes,Electronic Check,49.65,2553.35,No
4102-Hlenu,Female,0,Yes,No,67,Yes,Yes,Dsl,Yes,Yes,Yes,No,No,No,Two Year,No,Mailed Check,65.65,4322.85,No
7266-Gssjx,Male,0,Yes,Yes,11,Yes,No,No,No Internet Service,No Internet Service,No Internet Service,No Internet Service,No Internet Service,No Internet Service,Month-To-Month,Yes,Electronic Check,20.45,250.8,No
7722-Vjrqd,Male,0,Yes,Yes,72,No,No Phone Service,Dsl,Yes,No,Yes,Yes,Yes,Yes,Two Year,No,Bank Transfer (Automatic),60.95,4549.05,No
7073-Qetqy,Male,0,Yes,Yes,66,Yes,No,No,No Internet Service,No Internet Service,No Internet Service,No Internet Service,No Internet Service,No Internet Service,One Year,Yes,Electronic Check,20.35,1359.5,No
9415-Dpews,Female,0,No,No,18,Yes,Yes,Fiber Optic,No,No,No,Yes,Yes,No,Month-To-Month,Yes,Electronic Check,88.35,1639.3,Yes
5624-Ryamh,Female,0,No,No,9,Yes,No,No,No Internet Service,No Internet Service,No Internet Service,No Internet Service,No Internet Service,No Internet Service,Month-To-Month,Yes,Electronic Check,19.5,178.85,No
0196-Jtuqi,Female,0,No,No,9,Yes,Yes,Fiber Optic,No,No,No,No,No,No,Month-To-Month,Yes,Credit Card (Automatic),75.2,633.85,No
7130-Yxbro,Male,0,Yes,No,48,Yes,Yes,Fiber Optic,Yes,Yes,Yes,No,Yes,Yes,Month-To-Month,Yes,Bank Transfer (Automatic),111.45,5315.1,No
9272-Lsvyh,Male,0,No,No,10,Yes,No,Fiber Optic,No,No,No,No,No,No,Month-To-Month,No,Mailed Check,70.15,735.5,No
7943-Rqchr,Female,0,No,No,9,Yes,Yes,Fiber Optic,No,No,No,No,Yes,Yes,Month-To-Month,Yes,Electronic Check,94.75,889.9,Yes
3793-Mmfuh,Female,1,No,No,13,Yes,Yes,Fiber Optic,No,No,No,No,Yes,Yes,Month-To-Month,Yes,Electronic Check,95.05,1290,Yes
3249-Zpqrg,Male,0,No,No,4,Yes,Yes,Fiber Optic,No,Yes,No,No,No,No,Month-To-Month,No,Electronic Check,78.45,330.05,Yes
2568-Brgyx,Male,0,No,No,4,Yes,No,Fiber Optic,No,No,No,No,No,No,Month-To-Month,Yes,Electronic Check,70.2,237.95,Yes
3084-Dowle,Female,0,Yes,No,72,Yes,Yes,Dsl,Yes,Yes,Yes,Yes,Yes,Yes,Two Year,No,Bank Transfer (Automatic),92.0,6474.4,No
1084-Mnsmj,Female,0,Yes,Yes,51,Yes,No,Dsl,Yes,Yes,Yes,Yes,Yes,Yes,Two Year,No,Credit Card (Automatic),85.5,4421.95,No
7721-Jxeaw,Male,0,Yes,No,59,No,No Phone Service,Dsl,No,Yes,No,No,No,Yes,Month-To-Month,Yes,Bank Transfer (Automatic),41.05,2452.7,Yes
7249-Wbiyx,Male,0,Yes,No,10,Yes,Yes,Fiber Optic,No,No,No,No,Yes,No,Month-To-Month,Yes,Electronic Check,85.6,813.85,Yes
4238-Hfhsn,Male,1,Yes,No,61,Yes,Yes,Fiber Optic,No,Yes,No,No,No,No,Month-To-Month,Yes,Electronic Check,82.15,4904.85,No
6250-Cggun,Male,0,No,No,54,Yes,No,Fiber Optic,Yes,No,Yes,Yes,No,No,One Year,No,Electronic Check,84.4,4484.05,No
5478-Jjvzk,Female,0,No,No,33,Yes,Yes,Dsl,Yes,Yes,No,No,No,No,Month-To-Month,Yes,Mailed Check,60.9,2033.85,No
7596-Iiwyc,Female,0,No,No,27,Yes,No,No,No Internet Service,No Internet Service,No Internet Service,No Internet Service,No Internet Service,No Internet Service,Two Year,Yes,Bank Transfer (Automatic),20.25,538.2,No
6567-Hoopw,Female,1,No,No,1,Yes,No,Fiber Optic,No,No,No,No,Yes,No,Month-To-Month,Yes,Electronic Check,79.2,79.2,Yes
9793-Wecqc,Male,0,No,No,23,Yes,No,Fiber Optic,No,Yes,No,No,Yes,Yes,Month-To-Month,No,Mailed Check,95.3,2192.9,No
4291-Hpaxl,Male,0,No,Yes,1,Yes,No,No,No Internet Service,No Internet Service,No Internet Service,No Internet Service,No Internet Service,No Internet Service,Month-To-Month,No,Mailed Check,19.85,19.85,No
8999-Ypybv,Male,0,Yes,Yes,45,Yes,No,Dsl,Yes,Yes,Yes,Yes,Yes,Yes,Two Year,Yes,Mailed Check,84.35,3858.05,No
1839-Fbnfr,Female,0,Yes,Yes,39,Yes,No,No,No Internet Service,No Internet Service,No Internet Service,No Internet Service,No Internet Service,No Internet Service,Two Year,Yes,Bank Transfer (Automatic),19.85,854.8,No
3164-Aalrn,Male,0,No,No,5,Yes,No,Dsl,No,No,Yes,No,Yes,Yes,One Year,Yes,Mailed Check,70.0,347.4,Yes
3071-Mvjcd,Male,0,Yes,Yes,72,Yes,Yes,Dsl,Yes,Yes,Yes,Yes,Yes,No,Two Year,No,Bank Transfer (Automatic),82.3,5815.15,No
1697-Bcshv,Female,0,Yes,Yes,58,Yes,Yes,Dsl,No,Yes,No,No,Yes,No,Month-To-Month,Yes,Bank Transfer (Automatic),66.8,3970.4,No
0562-Kbdvm,Female,0,No,No,70,No,No Phone Service,Dsl,Yes,Yes,Yes,Yes,No,No,Two Year,Yes,Bank Transfer (Automatic),44.6,3058.15,No
1131-Suekt,Male,0,Yes,Yes,61,Yes,No,Fiber Optic,No,Yes,No,Yes,Yes,Yes,One Year,Yes,Bank Transfer (Automatic),98.45,6145.2,No
3717-Oeauq,Male,0,No,No,2,Yes,No,Fiber Optic,No,No,No,No,No,No,Month-To-Month,No,Mailed Check,70.7,129.2,No
4538-Wntmj,Female,0,Yes,Yes,46,Yes,Yes,No,No Internet Service,No Internet Service,No Internet Service,No Internet Service,No Internet Service,No Internet Service,One Year,No,Mailed Check,24.95,1165.9,No
3334-Cthol,Female,0,No,No,1,Yes,Yes,Dsl,No,No,No,No,No,No,Month-To-Month,Yes,Bank Transfer (Automatic),49.95,49.95,Yes
4704-Eryfc,Female,0,Yes,No,22,Yes,No,Fiber Optic,No,No,No,No,No,No,Month-To-Month,Yes,Electronic Check,69.25,1554,Yes
9432-Ruvsl,Female,0,No,No,48,Yes,No,Fiber Optic,Yes,No,Yes,Yes,Yes,Yes,Two Year,Yes,Credit Card (Automatic),102.5,4904.25,No
8060-Hiwjj,Male,0,No,No,64,Yes,Yes,Dsl,No,Yes,Yes,Yes,Yes,Yes,Two Year,No,Credit Card (Automatic),86.55,5632.55,No
7684-Xsziy,Male,0,Yes,Yes,72,Yes,Yes,No,No Internet Service,No Internet Service,No Internet Service,No Internet Service,No Internet Service,No Internet Service,Two Year,No,Bank Transfer (Automatic),24.3,1643.25,No
9089-Uowjg,Female,0,Yes,Yes,12,Yes,No,Dsl,No,No,Yes,No,Yes,No,Month-To-Month,Yes,Credit Card (Automatic),58.35,740.55,No
8621-Mnihh,Female,1,Yes,No,34,Yes,Yes,Fiber Optic,No,Yes,Yes,No,No,Yes,Month-To-Month,Yes,Electronic Check,94.25,3217.55,Yes
8039-Aclpl,Female,0,Yes,Yes,72,Yes,No,Dsl,Yes,Yes,Yes,No,No,Yes,Two Year,No,Credit Card (Automatic),68.75,4888.2,No
9885-Aibvb,Male,0,Yes,No,29,Yes,Yes,Fiber Optic,No,Yes,Yes,No,No,No,Month-To-Month,Yes,Electronic Check,85.8,2440.25,No
1934-Mkpxs,Male,0,Yes,Yes,33,Yes,No,No,No Internet Service,No Internet Service,No Internet Service,No Internet Service,No Internet Service,No Internet Service,One Year,No,Credit Card (Automatic),20.1,620.55,No
2592-Ykdif,Female,0,No,No,1,Yes,No,No,No Internet Service,No Internet Service,No Internet Service,No Internet Service,No Internet Service,No Internet Service,Month-To-Month,No,Mailed Check,20.35,20.35,No
2272-Jkmsi,Female,0,Yes,Yes,62,Yes,Yes,Fiber Optic,No,Yes,Yes,Yes,Yes,Yes,One Year,Yes,Electronic Check,110.8,6840.95,No
0471-Lvhgk,Male,0,Yes,No,41,Yes,Yes,Dsl,No,No,Yes,No,Yes,Yes,One Year,Yes,Electronic Check,73.0,3001.2,Yes
9518-Rwhzl,Female,0,No,No,64,Yes,Yes,Fiber Optic,No,No,Yes,No,Yes,Yes,One Year,Yes,Credit Card (Automatic),100.05,6254.2,Yes
8714-Ctzjw,Female,0,No,No,4,Yes,No,Fiber Optic,No,No,Yes,No,No,Yes,Month-To-Month,Yes,Credit Card (Automatic),82.85,319.6,No
3569-Edbpq,Female,0,No,No,24,Yes,Yes,Fiber Optic,Yes,No,No,Yes,No,No,Month-To-Month,Yes,Electronic Check,84.35,1938.05,No
3131-Nwvfj,Female,0,Yes,Yes,14,Yes,No,No,No Internet Service,No Internet Service,No Internet Service,No Internet Service,No Internet Service,No Internet Service,One Year,No,Mailed Check,19.55,294.5,No
7521-Yxvzy,Male,0,No,Yes,3,Yes,No,No,No Internet Service,No Internet Service,No Internet Service,No Internet Service,No Internet Service,No Internet Service,Month-To-Month,No,Mailed Check,19.95,58.3,No
5419-Conwx,Female,1,No,No,4,Yes,No,Fiber Optic,No,Yes,Yes,No,Yes,Yes,Month-To-Month,Yes,Credit Card (Automatic),99.8,442.85,Yes
6240-Eurks,Female,0,No,Yes,18,No,No Phone Service,Dsl,No,No,No,No,No,Yes,Month-To-Month,Yes,Electronic Check,35.0,553,Yes
2373-Ntkod,Male,0,No,No,8,Yes,No,Dsl,No,No,No,No,Yes,Yes,Month-To-Month,Yes,Electronic Check,66.25,546.45,No
1970-Kkfwl,Female,0,No,No,35,Yes,Yes,No,No Internet Service,No Internet Service,No Internet Service,No Internet Service,No Internet Service,No Internet Service,Two Year,No,Bank Transfer (Automatic),23.3,797.1,No
6960-Hvyxr,Female,0,No,No,1,Yes,Yes,Fiber Optic,No,No,No,No,No,No,Month-To-Month,No,Electronic Check,76.0,76,Yes
9337-Srrni,Male,0,No,Yes,66,Yes,Yes,No,No Internet Service,No Internet Service,No Internet Service,No Internet Service,No Internet Service,No Internet Service,Two Year,Yes,Credit Card (Automatic),25.3,1673.8,No
0895-Uadgo,Male,0,No,Yes,8,No,No Phone Service,Dsl,Yes,No,No,Yes,No,Yes,Two Year,Yes,Mailed Check,44.55,343.45,No
5678-Vfneq,Female,0,Yes,No,71,Yes,Yes,Fiber Optic,Yes,No,Yes,No,Yes,Yes,One Year,Yes,Credit Card (Automatic),104.1,7412.25,No
5977-Ckhon,Female,0,Yes,Yes,43,Yes,Yes,Fiber Optic,No,No,Yes,No,No,Yes,Month-To-Month,Yes,Bank Transfer (Automatic),92.55,4039,No
7024-Ohcck,Female,1,No,No,2,Yes,Yes,Fiber Optic,No,No,No,No,Yes,Yes,Month-To-Month,Yes,Electronic Check,93.85,170.85,Yes
2692-Bucfv,Male,1,No,No,29,Yes,No,Fiber Optic,No,Yes,Yes,No,Yes,Yes,Month-To-Month,Yes,Bank Transfer (Automatic),101.45,2948.6,No
7861-Uvuft,Female,0,Yes,No,15,Yes,No,Fiber Optic,No,No,Yes,No,Yes,No,Month-To-Month,Yes,Electronic Check,84.3,1308.4,Yes
1830-Ggfnm,Male,0,Yes,Yes,65,Yes,Yes,Fiber Optic,Yes,Yes,Yes,Yes,No,No,Two Year,No,Credit Card (Automatic),94.55,6078.75,No
5302-Bdjnt,Male,0,No,No,35,Yes,Yes,Fiber Optic,No,No,Yes,Yes,Yes,No,Month-To-Month,No,Electronic Check,95.5,3418.2,No
5223-Uzavk,Male,0,No,No,64,Yes,No,Fiber Optic,Yes,Yes,No,No,Yes,Yes,One Year,Yes,Credit Card (Automatic),100.3,6603.8,No
4859-Zsrdz,Female,0,Yes,Yes,58,No,No Phone Service,Dsl,No,No,Yes,Yes,Yes,Yes,Two Year,Yes,Credit Card (Automatic),55.5,3166.9,No
5651-Wyiph,Female,1,No,No,18,Yes,No,Dsl,No,Yes,No,No,No,No,Month-To-Month,Yes,Credit Card (Automatic),49.85,865.75,No
9350-Vlhmb,Male,0,Yes,Yes,67,Yes,Yes,Fiber Optic,No,Yes,No,No,No,Yes,Month-To-Month,Yes,Bank Transfer (Automatic),89.55,6373.1,No
3498-Lzgqz,Male,0,Yes,Yes,63,Yes,No,No,No Internet Service,No Internet Service,No Internet Service,No Internet Service,No Internet Service,No Internet Service,Two Year,Yes,Mailed Check,19.15,1177.05,No
8785-Cjshh,Female,0,Yes,No,60,Yes,Yes,Fiber Optic,No,Yes,No,No,Yes,Yes,Month-To-Month,Yes,Electronic Check,99.8,5985.75,No
5357-Tzhpp,Male,1,No,No,9,Yes,Yes,Fiber Optic,No,No,No,No,No,Yes,Month-To-Month,Yes,Credit Card (Automatic),84.4,732.5,Yes
3870-Spzsi,Female,0,Yes,Yes,70,Yes,Yes,Fiber Optic,Yes,Yes,Yes,Yes,Yes,Yes,Two Year,Yes,Credit Card (Automatic),113.05,7869.05,No
0680-Dfnny,Male,0,Yes,No,15,Yes,Yes,Fiber Optic,No,No,Yes,No,Yes,Yes,Month-To-Month,Yes,Electronic Check,101.1,1504.05,Yes
7560-Qrbxh,Female,0,No,Yes,48,Yes,No,No,No Internet Service,No Internet Service,No Internet Service,No Internet Service,No Internet Service,No Internet Service,One Year,No,Mailed Check,19.95,936.7,No
7077-Xjmet,Male,0,Yes,No,12,Yes,No,Dsl,No,No,Yes,Yes,Yes,Yes,Month-To-Month,Yes,Electronic Check,74.15,741.4,No
8752-Ghjfu,Male,1,Yes,No,71,Yes,Yes,Fiber Optic,Yes,Yes,Yes,Yes,No,No,One Year,Yes,Electronic Check,92.0,6585.2,No
6896-Srvyq,Male,1,No,No,44,Yes,No,Fiber Optic,No,No,Yes,No,No,No,Month-To-Month,No,Electronic Check,73.85,3122.4,No
7767-Uxagj,Male,0,No,No,1,Yes,Yes,Dsl,No,No,No,No,No,No,Month-To-Month,Yes,Electronic Check,50.45,50.45,Yes
4652-Odevh,Male,0,Yes,Yes,45,Yes,Yes,No,No Internet Service,No Internet Service,No Internet Service,No Internet Service,No Internet Service,No Internet Service,Two Year,No,Mailed Check,24.45,1088.25,No
6510-Upnks,Female,0,No,No,23,Yes,Yes,No,No Internet Service,No Internet Service,No Internet Service,No Internet Service,No Internet Service,No Internet Service,One Year,No,Credit Card (Automatic),24.8,615.35,No
6718-Bdghg,Female,0,Yes,No,43,Yes,Yes,Dsl,No,No,No,Yes,Yes,No,One Year,Yes,Bank Transfer (Automatic),64.85,2908.2,No
9046-Dqmtp,Male,0,No,No,35,Yes,No,No,No Internet Service,No Internet Service,No Internet Service,No Internet Service,No Internet Service,No Internet Service,Month-To-Month,No,Bank Transfer (Automatic),20.75,739.9,No
6439-Lajxl,Male,0,Yes,No,9,Yes,No,Dsl,Yes,Yes,No,Yes,Yes,No,Month-To-Month,Yes,Mailed Check,68.95,593.85,No
1571-Savhk,Male,0,No,No,12,Yes,Yes,Fiber Optic,No,No,No,Yes,Yes,Yes,Month-To-Month,Yes,Mailed Check,99.95,1132.75,Yes
9052-Vkduw,Female,1,Yes,No,65,Yes,Yes,Fiber Optic,Yes,Yes,Yes,No,Yes,Yes,Month-To-Month,Yes,Credit Card (Automatic),109.4,7227.45,No
9546-Cqjsu,Female,0,No,No,2,Yes,Yes,Fiber Optic,No,No,Yes,No,Yes,No,Month-To-Month,Yes,Electronic Check,91.4,193.6,Yes
1666-Jzpzt,Male,0,No,No,27,Yes,Yes,Dsl,No,No,No,No,No,No,Month-To-Month,No,Mailed Check,49.0,1291.35,No
5777-Kjirb,Female,0,No,No,40,Yes,No,Dsl,No,No,Yes,No,No,No,One Year,Yes,Mailed Check,50.25,2023.55,No
0506-Lvngn,Female,1,No,No,5,Yes,No,Fiber Optic,No,No,Yes,No,No,No,Month-To-Month,Yes,Credit Card (Automatic),75.55,349.65,Yes
7677-Sjjjk,Male,0,Yes,Yes,8,Yes,No,No,No Internet Service,No Internet Service,No Internet Service,No Internet Service,No Internet Service,No Internet Service,One Year,No,Credit Card (Automatic),19.9,153.95,No
2480-Ejwyp,Female,1,Yes,No,58,Yes,Yes,Fiber Optic,No,Yes,No,No,Yes,Yes,One Year,Yes,Bank Transfer (Automatic),97.8,5458.8,No
3253-Hkokl,Female,0,Yes,Yes,52,Yes,No,Fiber Optic,Yes,No,Yes,No,Yes,Yes,One Year,No,Electronic Check,100.3,5244.45,No
7055-Hneoj,Male,0,Yes,No,3,Yes,No,Dsl,No,No,Yes,Yes,No,No,Month-To-Month,Yes,Mailed Check,55.8,154.55,No
5514-Yqent,Male,0,No,Yes,41,Yes,No,Fiber Optic,Yes,Yes,Yes,Yes,Yes,Yes,Two Year,Yes,Electronic Check,111.15,4507.15,No
3211-Aapkx,Male,0,No,No,20,Yes,Yes,Fiber Optic,No,No,No,Yes,Yes,Yes,Month-To-Month,Yes,Mailed Check,98.55,2031.95,No
8445-Dnbae,Male,0,No,Yes,1,Yes,Yes,Dsl,No,No,No,No,No,No,Month-To-Month,Yes,Electronic Check,50.05,50.05,No
2951-Qoqtk,Male,0,No,Yes,4,Yes,Yes,Fiber Optic,No,No,No,Yes,No,No,Month-To-Month,No,Credit Card (Automatic),80.8,332.45,Yes
2958-Nhpps,Male,0,No,No,23,Yes,No,No,No Internet Service,No Internet Service,No Internet Service,No Internet Service,No Internet Service,No Internet Service,Month-To-Month,No,Electronic Check,20.85,473.9,No
6806-Ydeul,Female,1,No,No,6,Yes,No,No,No Internet Service,No Internet Service,No Internet Service,No Internet Service,No Internet Service,No Internet Service,Month-To-Month,No,Bank Transfer (Automatic),19.5,106.8,No
1735-Xmjvh,Male,0,Yes,Yes,8,Yes,No,No,No Internet Service,No Internet Service,No Internet Service,No Internet Service,No Internet Service,No Internet Service,Month-To-Month,Yes,Mailed Check,19.35,152.6,No
6890-Pfrqx,Male,0,No,No,18,Yes,Yes,Dsl,Yes,No,Yes,No,Yes,No,Month-To-Month,No,Mailed Check,69.5,1199.4,No
0222-Cnvpt,Male,1,No,No,52,No,No Phone Service,Dsl,Yes,No,No,No,Yes,Yes,Month-To-Month,Yes,Credit Card (Automatic),48.8,2555.05,No
5899-Ouvkv,Male,0,No,No,31,Yes,No,Fiber Optic,No,Yes,No,No,Yes,Yes,Month-To-Month,Yes,Electronic Check,94.5,2979.2,No
8681-Icons,Male,0,Yes,Yes,29,Yes,No,No,No Internet Service,No Internet Service,No Internet Service,No Internet Service,No Internet Service,No Internet Service,Month-To-Month,Yes,Mailed Check,20.65,654.85,No
1621-Yncjh,Female,0,Yes,No,36,Yes,Yes,Fiber Optic,Yes,Yes,Yes,Yes,No,Yes,Two Year,Yes,Credit Card (Automatic),106.05,3834.4,No
3473-Xiiit,Female,0,Yes,No,16,Yes,Yes,Fiber Optic,No,Yes,No,No,Yes,Yes,Month-To-Month,Yes,Electronic Check,100.0,1534.75,Yes
6362-Qhafm,Male,0,Yes,No,42,Yes,Yes,Fiber Optic,No,No,Yes,Yes,Yes,Yes,One Year,Yes,Electronic Check,108.3,4586.15,No
7893-Ixhrq,Male,0,No,No,1,Yes,No,No,No Internet Service,No Internet Service,No Internet Service,No Internet Service,No Internet Service,No Internet Service,Month-To-Month,No,Electronic Check,20.55,20.55,Yes
3070-Bdoqc,Female,0,No,No,60,Yes,No,Fiber Optic,No,Yes,Yes,No,Yes,Yes,Two Year,Yes,Electronic Check,99.65,5941.05,No
2952-Qayzf,Male,0,No,No,5,Yes,Yes,Fiber Optic,No,Yes,Yes,No,No,No,Month-To-Month,Yes,Electronic Check,85.3,424.15,Yes
6234-Pfpxl,Male,0,Yes,No,22,Yes,Yes,Fiber Optic,Yes,No,No,Yes,Yes,No,Month-To-Month,No,Credit Card (Automatic),95.9,2234.95,No
9824-Qcjpk,Male,0,Yes,No,36,Yes,No,No,No Internet Service,No Internet Service,No Internet Service,No Internet Service,No Internet Service,No Internet Service,One Year,No,Mailed Check,20.0,666.75,No
4763-Pgdpo,Female,0,No,No,4,Yes,No,Fiber Optic,No,No,No,No,No,No,Month-To-Month,No,Electronic Check,70.4,281,Yes
4283-Ivyci,Male,0,No,No,9,Yes,No,Dsl,Yes,No,No,Yes,No,Yes,Month-To-Month,No,Mailed Check,64.95,547.8,No
1866-Obpnr,Male,0,Yes,Yes,1,Yes,No,Fiber Optic,No,Yes,No,No,No,No,Month-To-Month,No,Credit Card (Automatic),74.6,74.6,No
8205-Mqugy,Male,0,Yes,Yes,12,Yes,No,Dsl,Yes,No,No,No,No,No,Month-To-Month,Yes,Electronic Check,49.2,571.15,No
8970-Anwxo,Female,0,No,No,23,Yes,Yes,Dsl,No,No,No,Yes,Yes,Yes,One Year,Yes,Mailed Check,73.75,1756.6,No
9480-Bqjei,Male,0,No,No,62,Yes,Yes,Fiber Optic,Yes,Yes,No,No,No,Yes,One Year,Yes,Bank Transfer (Automatic),92.3,5731.45,No
5394-Svgjv,Male,0,No,No,37,Yes,Yes,Fiber Optic,No,No,No,Yes,Yes,Yes,Month-To-Month,No,Bank Transfer (Automatic),98.8,3475.55,Yes
6979-Tndeu,Female,0,No,No,8,Yes,No,No,No Internet Service,No Internet Service,No Internet Service,No Internet Service,No Internet Service,No Internet Service,Month-To-Month,No,Mailed Check,19.2,156.85,No
9777-Wjjpr,Male,0,Yes,No,31,Yes,Yes,Fiber Optic,No,No,Yes,No,Yes,No,Month-To-Month,No,Credit Card (Automatic),88.65,2683.2,No
9283-Lzqoh,Male,0,Yes,Yes,13,Yes,Yes,Fiber Optic,No,No,No,No,No,No,Month-To-Month,Yes,Credit Card (Automatic),74.4,896.75,Yes
7079-Qrcbc,Female,0,No,No,24,Yes,Yes,Fiber Optic,No,No,Yes,No,Yes,Yes,Month-To-Month,Yes,Electronic Check,98.75,2407.3,Yes
9495-Sklkd,Male,0,Yes,Yes,45,Yes,Yes,Fiber Optic,No,Yes,Yes,No,No,Yes,Month-To-Month,Yes,Bank Transfer (Automatic),95.95,4456.65,No
6048-Uwkal,Female,1,Yes,No,69,Yes,Yes,Fiber Optic,No,Yes,No,Yes,Yes,Yes,Two Year,No,Credit Card (Automatic),105.4,6998.95,No
5067-Dgxll,Male,0,No,No,2,Yes,No,No,No Internet Service,No Internet Service,No Internet Service,No Internet Service,No Internet Service,No Internet Service,Month-To-Month,No,Mailed Check,20.25,36.8,No
5469-Ctcwn,Male,0,Yes,Yes,61,Yes,Yes,Fiber Optic,Yes,Yes,No,No,Yes,Yes,One Year,Yes,Electronic Check,106.0,6547.7,Yes
9851-Qxeeq,Male,0,No,No,41,Yes,Yes,Fiber Optic,No,Yes,Yes,No,Yes,Yes,Month-To-Month,Yes,Electronic Check,104.7,4346.4,Yes
6281-Fkews,Female,0,No,No,44,No,No Phone Service,Dsl,No,No,Yes,No,Yes,Yes,One Year,Yes,Electronic Check,49.05,2265,No
8898-Kascd,Male,0,No,No,39,No,No Phone Service,Dsl,No,No,Yes,Yes,No,No,One Year,No,Mailed Check,35.55,1309.15,No
9242-Tkfsv,Male,0,Yes,Yes,72,No,No Phone Service,Dsl,Yes,Yes,Yes,Yes,Yes,Yes,Two Year,Yes,Credit Card (Automatic),65.1,4754.3,No
9290-Shcmb,Female,1,No,No,13,Yes,No,Fiber Optic,No,No,Yes,No,Yes,Yes,Month-To-Month,Yes,Electronic Check,96.85,1235.55,No
0743-Hnpfg,Female,0,Yes,Yes,51,Yes,No,Dsl,Yes,Yes,No,Yes,No,Yes,One Year,Yes,Credit Card (Automatic),69.75,3562.5,No
2277-Bkjkn,Female,1,Yes,No,71,Yes,No,Fiber Optic,No,Yes,Yes,No,Yes,Yes,Two Year,Yes,Electronic Check,99.2,7213.75,No
9809-Imgcq,Male,1,No,No,22,Yes,Yes,Fiber Optic,No,No,No,No,Yes,Yes,Month-To-Month,Yes,Electronic Check,96.7,2082.95,Yes
5208-Hfsbt,Female,0,No,No,2,Yes,No,Dsl,No,Yes,No,Yes,No,No,Month-To-Month,Yes,Credit Card (Automatic),55.05,102.75,Yes
5035-Pgzxh,Female,0,No,No,56,Yes,Yes,Fiber Optic,No,Yes,Yes,No,Yes,Yes,One Year,Yes,Electronic Check,106.8,5914.4,No
8695-Wdyea,Male,0,No,No,1,Yes,No,Dsl,Yes,No,No,No,No,No,Month-To-Month,No,Mailed Check,51.25,51.25,No
6543-Jxsoo,Female,0,Yes,Yes,23,Yes,No,Dsl,Yes,Yes,No,Yes,No,No,One Year,Yes,Mailed Check,57.75,1282.85,No
8016-Zmgmo,Female,1,Yes,No,66,Yes,Yes,Dsl,No,Yes,Yes,No,Yes,No,One Year,Yes,Bank Transfer (Automatic),70.85,4738.85,No
8605-Ituld,Female,0,No,No,1,Yes,No,No,No Internet Service,No Internet Service,No Internet Service,No Internet Service,No Internet Service,No Internet Service,Month-To-Month,No,Mailed Check,19.55,19.55,No
3254-Yrilk,Male,1,No,No,19,Yes,Yes,Fiber Optic,No,Yes,No,No,Yes,No,Month-To-Month,Yes,Electronic Check,88.2,1775.8,Yes
6416-Yjttb,Male,0,No,No,11,Yes,No,Fiber Optic,Yes,No,Yes,No,No,No,Month-To-Month,Yes,Bank Transfer (Automatic),79.5,795.65,No
2667-Wylwj,Female,0,Yes,Yes,8,Yes,No,No,No Internet Service,No Internet Service,No Internet Service,No Internet Service,No Internet Service,No Internet Service,One Year,Yes,Mailed Check,19.75,145,Yes
4472-Vesgy,Female,0,Yes,Yes,52,Yes,Yes,Fiber Optic,Yes,Yes,Yes,No,No,Yes,Month-To-Month,No,Bank Transfer (Automatic),98.15,4993.4,No
3195-Tqdzx,Male,0,No,No,3,Yes,No,No,No Internet Service,No Internet Service,No Internet Service,No Internet Service,No Internet Service,No Internet Service,Month-To-Month,Yes,Electronic Check,20.25,61.45,No
3128-Yovtd,Female,0,Yes,Yes,51,Yes,No,Fiber Optic,Yes,Yes,No,No,No,No,Month-To-Month,Yes,Bank Transfer (Automatic),79.15,4018.55,No
0529-Onker,Male,1,No,No,15,Yes,Yes,Fiber Optic,No,No,No,No,No,No,Month-To-Month,No,Electronic Check,75.65,1146.65,Yes
1728-Cxqbe,Male,1,Yes,No,64,Yes,Yes,Fiber Optic,No,Yes,Yes,No,No,Yes,Month-To-Month,Yes,Electronic Check,94.25,6081.4,No
7041-Txqjh,Female,0,No,No,37,No,No Phone Service,Dsl,No,No,Yes,No,No,Yes,Month-To-Month,Yes,Credit Card (Automatic),40.2,1478.85,No
5014-Gsouq,Male,0,No,No,13,Yes,No,No,No Internet Service,No Internet Service,No Internet Service,No Internet Service,No Internet Service,No Internet Service,Two Year,No,Mailed Check,19.95,243.65,No
5724-Bidbu,Male,0,Yes,No,49,Yes,Yes,Dsl,Yes,No,No,No,No,No,One Year,Yes,Electronic Check,55.35,2633.95,No
0481-Sumcb,Female,1,No,No,45,Yes,Yes,Fiber Optic,No,No,Yes,No,Yes,Yes,One Year,Yes,Bank Transfer (Automatic),102.15,4735.35,No
1769-Gruik,Female,0,No,No,18,Yes,No,Fiber Optic,No,No,No,No,No,No,Month-To-Month,Yes,Electronic Check,71.1,1247.75,No
5240-Ijoqt,Male,1,No,No,1,Yes,Yes,Fiber Optic,No,No,No,No,No,No,Month-To-Month,Yes,Electronic Check,74.7,74.7,Yes
8819-Wfggj,Male,0,Yes,No,68,No,No Phone Service,Dsl,Yes,No,Yes,No,Yes,Yes,Two Year,Yes,Bank Transfer (Automatic),54.1,3794.5,No
7427-Aufpy,Male,0,No,No,54,Yes,No,No,No Internet Service,No Internet Service,No Internet Service,No Internet Service,No Internet Service,No Internet Service,Two Year,No,Credit Card (Automatic),19.65,1008.7,No
2811-Povex,Female,1,Yes,Yes,23,Yes,No,Fiber Optic,No,Yes,Yes,No,No,Yes,Month-To-Month,Yes,Bank Transfer (Automatic),88.45,2130.55,No
1092-Ganhu,Male,0,No,No,17,Yes,No,Fiber Optic,No,No,Yes,No,No,No,Month-To-Month,Yes,Electronic Check,76.65,1313.55,Yes
7898-Pdwqe,Male,0,Yes,No,71,Yes,Yes,Dsl,Yes,Yes,Yes,Yes,No,Yes,Two Year,No,Credit Card (Automatic),80.4,5727.15,No
9972-Ewrjs,Female,0,Yes,Yes,67,Yes,No,No,No Internet Service,No Internet Service,No Internet Service,No Internet Service,No Internet Service,No Internet Service,Two Year,Yes,Bank Transfer (Automatic),19.25,1372.9,No
9314-Ijwsq,Female,0,Yes,Yes,14,Yes,Yes,Fiber Optic,No,No,No,No,Yes,No,Month-To-Month,Yes,Electronic Check,84.8,1203.9,No
0661-Xeyan,Female,1,No,No,1,No,No Phone Service,Dsl,No,No,No,No,No,No,Month-To-Month,Yes,Mailed Check,25.8,25.8,Yes
5799-Jrczo,Female,0,No,Yes,63,Yes,No,No,No Internet Service,No Internet Service,No Internet Service,No Internet Service,No Internet Service,No Internet Service,Two Year,No,Credit Card (Automatic),19.5,1215.1,No
1921-Kysay,Female,0,No,No,41,Yes,Yes,Dsl,No,No,Yes,Yes,No,Yes,One Year,Yes,Electronic Check,68.6,2877.05,No
6198-Rtpmf,Female,0,Yes,No,17,Yes,Yes,Fiber Optic,No,No,No,No,Yes,Yes,Month-To-Month,No,Electronic Check,92.6,1579.7,No
2924-Khuvi,Male,0,Yes,No,56,Yes,Yes,Fiber Optic,Yes,No,No,No,Yes,Yes,One Year,Yes,Electronic Check,100.55,5514.95,No
1925-Gmvbw,Female,0,No,No,5,Yes,No,No,No Internet Service,No Internet Service,No Internet Service,No Internet Service,No Internet Service,No Internet Service,Month-To-Month,No,Credit Card (Automatic),20.55,96.1,No
7881-Evuad,Female,0,No,No,2,No,No Phone Service,Dsl,Yes,Yes,No,No,No,Yes,Month-To-Month,Yes,Electronic Check,42.6,72.4,Yes
6184-Dyuob,Female,0,Yes,No,3,Yes,No,No,No Internet Service,No Internet Service,No Internet Service,No Internet Service,No Internet Service,No Internet Service,Month-To-Month,Yes,Mailed Check,19.6,55.25,No
9207-Zpanb,Male,0,No,No,37,Yes,Yes,Dsl,Yes,Yes,Yes,Yes,No,No,One Year,No,Electronic Check,67.45,2443.3,No
5766-Xqxmq,Female,0,No,No,29,Yes,No,Dsl,Yes,Yes,Yes,No,No,Yes,Month-To-Month,Yes,Bank Transfer (Automatic),68.85,1970.5,Yes
9327-Qsded,Male,0,No,No,8,Yes,No,Dsl,No,No,No,No,No,No,Month-To-Month,No,Mailed Check,43.55,335.4,No
1656-Drsmg,Female,0,No,No,63,Yes,Yes,Fiber Optic,No,Yes,Yes,Yes,Yes,Yes,Month-To-Month,Yes,Credit Card (Automatic),109.85,7002.95,No
3012-Vffmn,Female,0,Yes,Yes,7,Yes,No,No,No Internet Service,No Internet Service,No Internet Service,No Internet Service,No Internet Service,No Internet Service,Month-To-Month,No,Mailed Check,20.65,158.95,No
2984-Afwnc,Female,0,No,No,3,Yes,No,Fiber Optic,No,Yes,No,No,Yes,Yes,Month-To-Month,No,Electronic Check,95.4,293.15,No
0640-Yjtpy,Male,0,Yes,Yes,72,Yes,No,No,No Internet Service,No Internet Service,No Internet Service,No Internet Service,No Internet Service,No Internet Service,Two Year,No,Bank Transfer (Automatic),21.0,1493.75,No
8096-Loist,Female,0,No,No,19,Yes,No,Dsl,No,No,No,No,No,Yes,Month-To-Month,Yes,Electronic Check,56.2,1093.4,No
9764-Reaff,Female,0,Yes,No,59,Yes,No,No,No Internet Service,No Internet Service,No Internet Service,No Internet Service,No Internet Service,No Internet Service,Two Year,No,Bank Transfer (Automatic),18.4,1057.85,No
3703-Vavcl,Male,0,Yes,Yes,2,Yes,No,Fiber Optic,No,No,Yes,Yes,No,Yes,Month-To-Month,No,Credit Card (Automatic),90.0,190.05,Yes
7107-Ubyky,Female,0,Yes,Yes,35,Yes,Yes,No,No Internet Service,No Internet Service,No Internet Service,No Internet Service,No Internet Service,No Internet Service,Month-To-Month,Yes,Electronic Check,25.75,882.55,No
4881-Gqjtw,Male,0,No,No,14,Yes,No,No,No Internet Service,No Internet Service,No Internet Service,No Internet Service,No Internet Service,No Internet Service,Month-To-Month,No,Credit Card (Automatic),19.6,300.4,No
8519-Qjgjd,Female,0,No,No,14,Yes,No,Fiber Optic,No,No,Yes,No,No,No,Month-To-Month,No,Electronic Check,75.35,1025.95,Yes
7876-Dnyap,Female,0,Yes,Yes,69,Yes,No,No,No Internet Service,No Internet Service,No Internet Service,No Internet Service,No Internet Service,No Internet Service,Two Year,No,Credit Card (Automatic),19.8,1436.95,No
7905-Njmxs,Male,1,Yes,No,7,Yes,Yes,Dsl,Yes,Yes,No,Yes,No,No,Month-To-Month,No,Electronic Check,64.2,475,No
2882-Wdtba,Male,0,Yes,Yes,69,Yes,No,Dsl,Yes,Yes,Yes,Yes,Yes,No,Two Year,Yes,Bank Transfer (Automatic),75.75,5388.15,No
2091-Gppiq,Female,0,Yes,Yes,72,Yes,Yes,Dsl,No,Yes,No,Yes,Yes,Yes,Two Year,Yes,Electronic Check,78.95,5730.15,No
6326-Mttxk,Male,0,No,No,8,Yes,Yes,Fiber Optic,No,Yes,No,No,Yes,Yes,Month-To-Month,No,Electronic Check,100.85,819.55,Yes
5071-Fbjfs,Female,0,Yes,Yes,4,Yes,No,Dsl,Yes,No,No,No,No,No,Month-To-Month,No,Electronic Check,50.3,217.1,No
2796-Uuzzo,Male,0,Yes,Yes,63,Yes,No,Fiber Optic,No,Yes,Yes,No,No,No,Month-To-Month,Yes,Credit Card (Automatic),80.3,4896.35,No
2429-Aykko,Male,0,No,No,72,Yes,No,No,No Internet Service,No Internet Service,No Internet Service,No Internet Service,No Internet Service,No Internet Service,Two Year,No,Bank Transfer (Automatic),19.85,1434.1,No
9798-Opfem,Female,0,No,No,46,Yes,No,No,No Internet Service,No Internet Service,No Internet Service,No Internet Service,No Internet Service,No Internet Service,Two Year,Yes,Electronic Check,21.1,937.1,No
0330-Ivzha,Female,0,Yes,No,5,Yes,No,Fiber Optic,No,No,No,No,No,No,Month-To-Month,No,Electronic Check,69.95,330.15,Yes
3794-Nfnch,Male,0,Yes,No,30,Yes,No,Dsl,No,No,Yes,No,No,No,Month-To-Month,Yes,Mailed Check,50.0,1474.9,No
5193-Qlvzb,Male,0,No,No,63,Yes,Yes,Fiber Optic,No,Yes,Yes,No,Yes,Yes,Two Year,Yes,Bank Transfer (Automatic),104.75,6536.5,No
7114-Aeoze,Female,0,No,No,60,Yes,No,No,No Internet Service,No Internet Service,No Internet Service,No Internet Service,No Internet Service,No Internet Service,Two Year,No,Bank Transfer (Automatic),19.85,1128.1,No
2886-Kefum,Female,0,Yes,No,63,Yes,Yes,Fiber Optic,No,Yes,Yes,No,Yes,Yes,One Year,Yes,Electronic Check,107.5,6873.75,Yes
5522-Nykpb,Male,0,Yes,Yes,25,Yes,No,Fiber Optic,No,No,No,Yes,Yes,No,Month-To-Month,No,Electronic Check,85.9,2199.05,No
4237-Rlaqd,Male,0,No,No,1,Yes,No,Dsl,No,No,No,No,No,No,Month-To-Month,Yes,Mailed Check,45.85,45.85,Yes
9957-Yodkz,Male,1,Yes,No,6,Yes,Yes,Fiber Optic,No,No,Yes,No,No,No,Month-To-Month,Yes,Electronic Check,80.8,457.1,No
6518-Kzxcb,Male,0,No,No,22,Yes,Yes,No,No Internet Service,No Internet Service,No Internet Service,No Internet Service,No Internet Service,No Internet Service,Two Year,No,Mailed Check,25.25,566.5,No
2245-Adzfj,Female,0,Yes,Yes,31,Yes,Yes,Dsl,No,Yes,No,Yes,Yes,Yes,Two Year,No,Bank Transfer (Automatic),80.55,2471.6,No
7776-Qgyjc,Female,0,Yes,Yes,39,Yes,No,Fiber Optic,No,No,Yes,Yes,No,No,Month-To-Month,Yes,Bank Transfer (Automatic),81.5,3107.3,No
9313-Qoltz,Male,0,No,No,26,Yes,No,No,No Internet Service,No Internet Service,No Internet Service,No Internet Service,No Internet Service,No Internet Service,Month-To-Month,No,Mailed Check,20.9,518.3,No
9651-Gtsaq,Female,0,Yes,No,53,Yes,No,Fiber Optic,Yes,Yes,Yes,No,Yes,Yes,One Year,Yes,Bank Transfer (Automatic),106.1,5769.75,Yes
3186-Baxnb,Female,0,No,No,1,Yes,No,Fiber Optic,No,Yes,No,Yes,Yes,No,Month-To-Month,No,Electronic Check,91.7,91.7,Yes
4672-Fotsd,Male,0,No,No,12,Yes,Yes,Dsl,Yes,Yes,No,Yes,No,No,Month-To-Month,Yes,Electronic Check,67.25,832.3,No
0637-Ylety,Female,0,No,No,16,Yes,Yes,Fiber Optic,No,Yes,Yes,No,No,Yes,Month-To-Month,Yes,Credit Card (Automatic),95.6,1555.65,Yes
9818-Xqcuv,Female,0,No,No,2,Yes,No,No,No Internet Service,No Internet Service,No Internet Service,No Internet Service,No Internet Service,No Internet Service,Month-To-Month,No,Mailed Check,20.35,45.3,No
7338-Eriva,Male,0,No,Yes,39,No,No Phone Service,Dsl,Yes,No,No,Yes,Yes,No,One Year,No,Bank Transfer (Automatic),45.05,1790.6,No
1157-Bqcuw,Male,0,No,No,1,Yes,Yes,Fiber Optic,No,No,No,No,No,No,Month-To-Month,Yes,Electronic Check,74.95,74.95,Yes
8259-Nfjtv,Female,0,Yes,Yes,7,No,No Phone Service,Dsl,Yes,No,No,Yes,No,No,Month-To-Month,No,Mailed Check,34.65,246.6,No
3223-Dwfio,Male,1,No,No,4,Yes,No,Fiber Optic,No,No,No,No,No,No,Month-To-Month,No,Electronic Check,69.35,261.65,No
2660-Emubi,Male,1,No,No,10,Yes,Yes,Fiber Optic,No,No,No,No,Yes,Yes,Month-To-Month,Yes,Electronic Check,95.35,898.35,Yes
6968-Gmkpr,Female,0,No,No,55,Yes,No,Fiber Optic,No,Yes,Yes,No,No,No,Month-To-Month,Yes,Electronic Check,81.55,4509.5,No
4751-Erman,Male,0,Yes,Yes,72,Yes,No,Dsl,No,Yes,Yes,No,Yes,Yes,Two Year,Yes,Bank Transfer (Automatic),75.4,5480.25,No
1436-Zmjan,Female,0,Yes,No,10,Yes,No,Dsl,No,No,Yes,No,Yes,Yes,Month-To-Month,Yes,Credit Card (Automatic),67.8,653.15,No
3292-Pbzej,Male,1,No,No,11,Yes,Yes,Fiber Optic,No,Yes,Yes,Yes,Yes,Yes,Month-To-Month,Yes,Electronic Check,111.4,1183.05,No
0799-Ddihe,Female,0,Yes,Yes,15,Yes,No,Dsl,No,No,No,No,No,No,Month-To-Month,No,Electronic Check,46.3,639.45,No
3070-Fnfzq,Female,0,Yes,Yes,23,Yes,No,No,No Internet Service,No Internet Service,No Internet Service,No Internet Service,No Internet Service,No Internet Service,Two Year,No,Bank Transfer (Automatic),20.4,478.75,No
2812-Sfxmj,Male,0,No,Yes,1,Yes,No,No,No Internet Service,No Internet Service,No Internet Service,No Internet Service,No Internet Service,No Internet Service,Month-To-Month,No,Mailed Check,20.05,20.05,No
7675-Ozczg,Female,1,No,No,3,Yes,No,Dsl,No,No,No,No,No,No,Month-To-Month,No,Electronic Check,45.0,127.1,Yes
5014-Wuqmg,Male,0,Yes,Yes,47,Yes,No,Fiber Optic,Yes,Yes,Yes,No,No,Yes,One Year,Yes,Electronic Check,96.1,4391.45,No
5312-Tszvc,Female,0,No,Yes,15,Yes,No,No,No Internet Service,No Internet Service,No Internet Service,No Internet Service,No Internet Service,No Internet Service,One Year,No,Mailed Check,19.65,270.6,No
2003-Cklor,Male,0,No,No,66,Yes,No,Fiber Optic,No,Yes,Yes,No,Yes,Yes,Month-To-Month,No,Electronic Check,99.5,6710.5,Yes
0993-Osgpt,Female,1,Yes,No,68,Yes,No,Dsl,No,Yes,Yes,Yes,No,No,One Year,Yes,Bank Transfer (Automatic),60.65,3975.9,No
9254-Rbfon,Female,0,Yes,Yes,17,Yes,No,Fiber Optic,No,No,Yes,Yes,Yes,Yes,One Year,No,Bank Transfer (Automatic),98.6,1704.95,Yes
1205-Wnwpj,Female,0,No,No,7,Yes,No,Dsl,No,No,No,Yes,Yes,No,Month-To-Month,Yes,Mailed Check,59.5,415.95,Yes
9391-Eoyli,Male,1,Yes,No,12,Yes,No,Fiber Optic,No,No,No,No,No,Yes,Month-To-Month,Yes,Electronic Check,80.45,950.2,Yes
7108-Dgvuu,Female,1,Yes,No,21,Yes,Yes,Dsl,No,Yes,Yes,No,No,Yes,One Year,No,Bank Transfer (Automatic),71.7,1497.05,No
2782-Jeebu,Male,0,No,No,21,No,No Phone Service,Dsl,No,Yes,No,Yes,No,No,Month-To-Month,Yes,Mailed Check,36.0,780.15,No
5127-Bzenz,Female,0,Yes,Yes,56,Yes,Yes,Dsl,Yes,No,No,No,Yes,No,One Year,No,Bank Transfer (Automatic),65.2,3512.15,No
2720-Fvbqp,Female,0,Yes,Yes,6,Yes,Yes,Dsl,No,No,No,No,No,No,Month-To-Month,Yes,Credit Card (Automatic),48.95,273.25,No
9906-Nhhvc,Female,1,No,No,65,No,No Phone Service,Dsl,No,Yes,Yes,No,Yes,Yes,Two Year,Yes,Bank Transfer (Automatic),53.5,3517.9,No
4522-Xrwwi,Male,0,Yes,No,42,Yes,Yes,Dsl,Yes,No,No,Yes,Yes,Yes,One Year,No,Credit Card (Automatic),80.45,3375.9,No
3766-Ejlfl,Female,0,Yes,Yes,68,Yes,Yes,Fiber Optic,Yes,No,Yes,Yes,Yes,Yes,Two Year,Yes,Bank Transfer (Automatic),109.05,7508.55,No
5939-Sxwhm,Male,0,Yes,Yes,48,Yes,Yes,No,No Internet Service,No Internet Service,No Internet Service,No Internet Service,No Internet Service,No Internet Service,Two Year,No,Bank Transfer (Automatic),26.3,1245.05,No
8152-Uobny,Female,1,No,No,50,Yes,Yes,Fiber Optic,No,Yes,No,Yes,Yes,Yes,One Year,Yes,Electronic Check,106.8,5347.95,No
7351-Kyhqh,Female,1,No,No,7,Yes,No,Dsl,No,Yes,Yes,No,Yes,No,Month-To-Month,Yes,Electronic Check,64.95,493.65,No
7643-Rchxs,Female,0,Yes,Yes,63,Yes,No,No,No Internet Service,No Internet Service,No Internet Service,No Internet Service,No Internet Service,No Internet Service,Two Year,No,Electronic Check,19.35,1263.85,No
8246-Shfga,Male,0,No,No,17,Yes,No,No,No Internet Service,No Internet Service,No Internet Service,No Internet Service,No Internet Service,No Internet Service,Month-To-Month,No,Credit Card (Automatic),21.1,385.55,No
8387-Mojjt,Female,0,Yes,Yes,42,Yes,No,Fiber Optic,No,No,No,No,Yes,No,Month-To-Month,Yes,Credit Card (Automatic),77.95,3384,Yes
0620-Xefwh,Male,0,Yes,Yes,4,Yes,No,No,No Internet Service,No Internet Service,No Internet Service,No Internet Service,No Internet Service,No Internet Service,Month-To-Month,No,Mailed Check,18.85,84.2,No
6485-Qxwwe,Female,0,No,Yes,62,Yes,Yes,No,No Internet Service,No Internet Service,No Internet Service,No Internet Service,No Internet Service,No Internet Service,Two Year,No,Bank Transfer (Automatic),26.0,1638.7,No
2761-Ociax,Male,1,No,No,2,Yes,No,Fiber Optic,No,Yes,No,No,No,No,Month-To-Month,Yes,Electronic Check,74.7,165.4,Yes
7321-Vgnku,Female,0,Yes,No,2,Yes,No,Fiber Optic,No,No,No,No,No,No,Month-To-Month,Yes,Electronic Check,70.35,120.25,No
5327-Cnluq,Male,0,Yes,No,48,Yes,Yes,Fiber Optic,Yes,Yes,Yes,No,Yes,No,Two Year,Yes,Bank Transfer (Automatic),96.9,4473.45,No
7552-Keygt,Male,0,Yes,No,27,Yes,No,No,No Internet Service,No Internet Service,No Internet Service,No Internet Service,No Internet Service,No Internet Service,Two Year,No,Bank Transfer (Automatic),19.55,520.55,No
5816-Jmlgy,Female,0,Yes,Yes,70,Yes,No,Dsl,No,Yes,Yes,Yes,Yes,Yes,Two Year,Yes,Bank Transfer (Automatic),80.4,5717.85,No
3068-Omwza,Male,1,No,No,1,Yes,Yes,Fiber Optic,No,No,Yes,No,Yes,No,Month-To-Month,Yes,Electronic Check,88.8,88.8,Yes
2927-Qrrqv,Male,0,Yes,No,46,Yes,Yes,Fiber Optic,No,Yes,Yes,No,Yes,No,One Year,Yes,Electronic Check,94.65,4312.5,No
6032-Krxxo,Male,0,No,No,30,Yes,No,Fiber Optic,No,No,No,No,Yes,Yes,Month-To-Month,Yes,Electronic Check,90.25,2755.35,Yes
7459-Rrwqz,Female,0,No,No,15,Yes,Yes,Dsl,Yes,No,No,No,No,Yes,Month-To-Month,Yes,Bank Transfer (Automatic),64.65,994.55,Yes
6265-Sxwbu,Male,0,Yes,Yes,69,Yes,Yes,Fiber Optic,No,Yes,Yes,No,Yes,No,One Year,No,Credit Card (Automatic),95.75,6511.25,No
7941-Rcjow,Male,0,No,No,65,Yes,No,No,No Internet Service,No Internet Service,No Internet Service,No Internet Service,No Internet Service,No Internet Service,Two Year,Yes,Credit Card (Automatic),19.55,1218.65,No
6374-Ntqlp,Male,1,Yes,Yes,72,Yes,No,Fiber Optic,Yes,No,Yes,Yes,Yes,Yes,Two Year,Yes,Credit Card (Automatic),104.1,7447.7,No
4154-Aqugt,Male,1,Yes,No,13,Yes,No,Fiber Optic,No,Yes,No,Yes,No,Yes,Month-To-Month,Yes,Bank Transfer (Automatic),89.05,1169.35,Yes
2387-Kdzqy,Male,0,No,No,17,Yes,No,No,No Internet Service,No Internet Service,No Internet Service,No Internet Service,No Internet Service,No Internet Service,One Year,Yes,Mailed Check,20.1,279.5,No
3584-Wkttw,Male,0,Yes,No,51,Yes,Yes,Fiber Optic,Yes,No,Yes,Yes,Yes,Yes,One Year,Yes,Electronic Check,111.55,5720.35,No
3399-Bmlvw,Male,0,Yes,Yes,51,Yes,No,Dsl,Yes,Yes,No,Yes,No,No,Two Year,No,Credit Card (Automatic),60.5,3121.45,No
1971-Dtczb,Female,0,Yes,No,72,Yes,Yes,Dsl,Yes,Yes,Yes,Yes,Yes,Yes,Two Year,Yes,Bank Transfer (Automatic),90.95,6468.6,No
3092-Ighwf,Male,0,Yes,Yes,67,Yes,Yes,Fiber Optic,No,Yes,Yes,No,No,No,One Year,No,Electronic Check,87.4,5918.8,Yes
3374-Pzlxd,Male,0,No,No,34,Yes,No,No,No Internet Service,No Internet Service,No Internet Service,No Internet Service,No Internet Service,No Internet Service,Month-To-Month,No,Mailed Check,19.7,675.6,No
3813-Dhbbb,Male,0,Yes,No,67,No,No Phone Service,Dsl,Yes,Yes,No,Yes,No,Yes,Two Year,Yes,Bank Transfer (Automatic),50.95,3521.7,No
2812-Reyat,Female,0,Yes,No,49,Yes,No,No,No Internet Service,No Internet Service,No Internet Service,No Internet Service,No Internet Service,No Internet Service,One Year,Yes,Bank Transfer (Automatic),20.05,923.1,No
6518-Pplmz,Male,0,Yes,Yes,53,Yes,No,No,No Internet Service,No Internet Service,No Internet Service,No Internet Service,No Internet Service,No Internet Service,Two Year,Yes,Mailed Check,19.4,1110.35,No
4939-Kyypy,Male,0,No,No,27,Yes,Yes,Dsl,No,No,Yes,Yes,No,No,Month-To-Month,No,Electronic Check,59.45,1611.65,No
8017-Lxhfa,Female,1,No,No,23,Yes,No,Fiber Optic,No,Yes,No,No,Yes,Yes,Month-To-Month,Yes,Electronic Check,94.75,2293.6,Yes
5930-Gbiwp,Male,0,No,No,69,Yes,Yes,Dsl,Yes,Yes,Yes,Yes,No,Yes,Two Year,Yes,Credit Card (Automatic),81.5,5553.25,No
6022-Kouqo,Female,0,Yes,Yes,2,No,No Phone Service,Dsl,No,No,No,Yes,No,No,Month-To-Month,No,Bank Transfer (Automatic),29.05,44.75,No
6352-Twcau,Female,0,No,No,35,Yes,Yes,Fiber Optic,No,No,No,No,Yes,No,Month-To-Month,Yes,Electronic Check,86.45,3029.1,Yes
2361-Upsnd,Female,0,Yes,No,46,Yes,No,Dsl,Yes,Yes,No,Yes,No,Yes,One Year,No,Mailed Check,70.6,3231.05,No
6035-Riiom,Female,0,No,No,54,Yes,Yes,Fiber Optic,No,Yes,No,No,Yes,Yes,Two Year,Yes,Bank Transfer (Automatic),97.2,5129.45,No
2929-Qnsrw,Female,0,Yes,No,56,Yes,Yes,Fiber Optic,No,Yes,No,No,Yes,Yes,One Year,Yes,Electronic Check,98.25,5508.35,Yes
1262-Opmfy,Female,0,Yes,No,9,Yes,No,Fiber Optic,No,No,Yes,No,No,No,Month-To-Month,Yes,Bank Transfer (Automatic),75.75,655.9,Yes
9504-Dshwm,Male,0,No,No,20,Yes,Yes,Dsl,Yes,No,No,Yes,No,No,Month-To-Month,No,Bank Transfer (Automatic),59.2,1191.2,No
5035-Bvcxs,Male,0,No,No,11,Yes,No,Fiber Optic,No,Yes,No,No,No,No,Month-To-Month,Yes,Mailed Check,75.9,866.4,No
6267-Dcffz,Female,1,Yes,No,30,Yes,Yes,Fiber Optic,No,Yes,No,No,Yes,No,Month-To-Month,Yes,Electronic Check,90.05,2627.2,No
3533-Uvmom,Male,0,Yes,No,68,Yes,No,Dsl,Yes,Yes,Yes,No,No,Yes,Two Year,No,Bank Transfer (Automatic),70.95,4741.45,No
2439-Lypmq,Male,1,Yes,No,38,Yes,Yes,Fiber Optic,No,Yes,Yes,No,Yes,Yes,Month-To-Month,Yes,Electronic Check,102.6,4009.2,No
4248-Qpavc,Female,1,Yes,No,17,Yes,Yes,Fiber Optic,Yes,No,Yes,No,No,No,Month-To-Month,Yes,Bank Transfer (Automatic),85.35,1463.45,Yes
1899-Vxwxm,Male,0,No,No,48,Yes,Yes,Fiber Optic,No,Yes,Yes,No,Yes,Yes,One Year,Yes,Credit Card (Automatic),106.1,5082.8,Yes
1478-Vpoad,Female,0,No,No,1,Yes,No,Dsl,No,No,No,No,No,No,Month-To-Month,No,Electronic Check,43.8,43.8,No
9995-Hotoh,Male,0,Yes,Yes,63,No,No Phone Service,Dsl,Yes,Yes,Yes,No,Yes,Yes,Two Year,No,Electronic Check,59.0,3707.6,No
2988-Plahs,Female,0,No,No,3,Yes,No,Dsl,No,No,Yes,No,Yes,Yes,One Year,Yes,Electronic Check,69.95,220.45,No
1371-Ojcek,Female,0,No,No,48,Yes,Yes,No,No Internet Service,No Internet Service,No Internet Service,No Internet Service,No Internet Service,No Internet Service,One Year,No,Bank Transfer (Automatic),24.35,1133.7,No
4999-Iezlt,Male,0,No,No,66,No,No Phone Service,Dsl,No,No,No,Yes,No,No,One Year,No,Credit Card (Automatic),29.45,1983.15,No
8883-Anodq,Female,0,Yes,Yes,68,Yes,Yes,Fiber Optic,No,Yes,Yes,No,No,No,Two Year,Yes,Credit Card (Automatic),84.4,5746.75,No
4690-Llkua,Male,1,No,No,17,Yes,No,Dsl,No,No,No,No,No,No,Month-To-Month,Yes,Electronic Check,45.05,770.6,Yes
2351-Rrbue,Female,0,Yes,Yes,7,Yes,No,No,No Internet Service,No Internet Service,No Internet Service,No Internet Service,No Internet Service,No Internet Service,One Year,No,Mailed Check,20.65,134.05,No
5980-Bdhpy,Male,0,Yes,No,72,Yes,Yes,Dsl,Yes,Yes,Yes,Yes,Yes,Yes,Two Year,Yes,Bank Transfer (Automatic),87.1,6230.1,No
1498-Dqnrx,Female,0,Yes,No,29,Yes,No,No,No Internet Service,No Internet Service,No Internet Service,No Internet Service,No Internet Service,No Internet Service,Month-To-Month,No,Mailed Check,19.85,573.05,No
9469-Wejbt,Male,0,Yes,No,37,Yes,No,Fiber Optic,No,No,Yes,Yes,No,Yes,Month-To-Month,Yes,Electronic Check,90.35,3419.3,No
3331-Hqdtw,Female,0,No,No,34,Yes,Yes,Fiber Optic,Yes,Yes,Yes,No,Yes,Yes,Month-To-Month,Yes,Mailed Check,109.8,3587.25,Yes
9490-Dfpmd,Female,1,No,No,42,Yes,Yes,Fiber Optic,No,No,No,No,Yes,No,Month-To-Month,Yes,Electronic Check,84.65,3541.35,Yes
2581-Vkirt,Female,0,Yes,Yes,59,Yes,Yes,Dsl,Yes,Yes,No,Yes,No,No,One Year,No,Mailed Check,65.5,3801.3,No
5442-Xsdcw,Male,0,Yes,Yes,11,Yes,No,Fiber Optic,No,No,No,No,Yes,No,Month-To-Month,Yes,Bank Transfer (Automatic),79.5,868.5,Yes
7426-Weijx,Male,1,Yes,Yes,60,Yes,Yes,Fiber Optic,Yes,No,No,No,No,No,Month-To-Month,Yes,Electronic Check,80.95,4859.1,No
2851-Mmutz,Female,0,No,No,27,Yes,No,Dsl,No,Yes,No,Yes,No,No,Month-To-Month,Yes,Mailed Check,56.15,1439.35,No
3049-Ndxfl,Female,0,No,No,1,Yes,Yes,Fiber Optic,No,No,No,No,No,Yes,Month-To-Month,No,Mailed Check,85.8,85.8,Yes
8580-Aecuz,Male,1,No,No,1,Yes,No,Fiber Optic,No,No,No,No,Yes,No,Month-To-Month,Yes,Electronic Check,79.1,79.1,Yes
3307-Tlcud,Male,0,Yes,No,17,No,No Phone Service,Dsl,Yes,No,Yes,No,No,No,Month-To-Month,No,Mailed Check,34.4,592.75,No
6625-Fleno,Male,0,Yes,No,58,Yes,No,No,No Internet Service,No Internet Service,No Internet Service,No Internet Service,No Internet Service,No Internet Service,Two Year,No,Mailed Check,20.75,1185.95,No
2967-Mxrav,Male,0,Yes,Yes,1,Yes,No,No,No Internet Service,No Internet Service,No Internet Service,No Internet Service,No Internet Service,No Internet Service,One Year,No,Mailed Check,18.8,18.8,No
7963-Gqrmy,Female,0,Yes,Yes,3,Yes,No,Dsl,No,No,No,No,No,No,Month-To-Month,No,Mailed Check,44.3,134.5,Yes
8189-Hbvrw,Female,0,No,No,53,Yes,Yes,Fiber Optic,Yes,Yes,Yes,No,No,No,Month-To-Month,No,Electronic Check,90.8,4921.2,No
4163-Kiuhy,Male,0,No,No,35,Yes,Yes,No,No Internet Service,No Internet Service,No Internet Service,No Internet Service,No Internet Service,No Internet Service,Month-To-Month,Yes,Electronic Check,25.6,901.25,No
1228-Fzfrv,Male,0,Yes,Yes,50,Yes,Yes,Fiber Optic,Yes,No,Yes,No,Yes,Yes,Month-To-Month,No,Credit Card (Automatic),105.95,5341.8,Yes
3500-Nsdoa,Male,0,Yes,Yes,68,Yes,Yes,Dsl,No,Yes,No,Yes,No,Yes,Two Year,No,Credit Card (Automatic),70.8,4859.95,No
1171-Tykur,Male,0,Yes,No,47,Yes,Yes,No,No Internet Service,No Internet Service,No Internet Service,No Internet Service,No Internet Service,No Internet Service,Month-To-Month,No,Electronic Check,25.4,1139.2,No
3761-Flyzi,Female,1,Yes,No,65,Yes,Yes,Fiber Optic,No,Yes,Yes,No,Yes,Yes,Month-To-Month,Yes,Bank Transfer (Automatic),108.8,7082.45,No
2058-Dcjbe,Male,0,No,No,5,Yes,No,Fiber Optic,No,No,No,No,No,No,Month-To-Month,Yes,Electronic Check,69.75,324.6,Yes
5364-Xyirr,Male,0,Yes,No,51,Yes,Yes,Fiber Optic,No,No,No,No,Yes,Yes,Month-To-Month,Yes,Electronic Check,94.65,4812.75,Yes
4829-Auoax,Female,0,No,No,46,Yes,Yes,Fiber Optic,No,No,No,No,Yes,Yes,Month-To-Month,No,Bank Transfer (Automatic),96.05,4399.5,Yes
1219-Nnddo,Female,0,No,No,9,Yes,Yes,Fiber Optic,No,No,No,No,No,No,Month-To-Month,Yes,Electronic Check,76.85,663.55,No
8388-Dmkae,Female,0,No,No,8,Yes,No,No,No Internet Service,No Internet Service,No Internet Service,No Internet Service,No Internet Service,No Internet Service,Two Year,No,Mailed Check,20.25,174.65,No
4403-Bwpay,Male,0,No,No,14,Yes,Yes,No,No Internet Service,No Internet Service,No Internet Service,No Internet Service,No Internet Service,No Internet Service,One Year,Yes,Credit Card (Automatic),24.8,321.7,No
9659-Qeqsy,Female,0,No,No,45,Yes,Yes,Fiber Optic,Yes,Yes,Yes,Yes,Yes,Yes,Month-To-Month,Yes,Electronic Check,115.65,5125.5,No
5405-Zmyxq,Female,0,No,No,8,Yes,Yes,Fiber Optic,No,No,No,No,No,No,Month-To-Month,Yes,Credit Card (Automatic),74.6,548.9,No
5047-Lhvly,Male,1,No,Yes,1,Yes,No,Dsl,No,No,Yes,No,No,No,Month-To-Month,Yes,Mailed Check,50.15,50.15,Yes
1442-Okrje,Male,0,Yes,Yes,66,Yes,No,Fiber Optic,Yes,Yes,Yes,No,Yes,Yes,One Year,Yes,Bank Transfer (Automatic),103.15,7031.3,No
4737-Aqcpu,Male,0,Yes,Yes,72,Yes,Yes,Dsl,Yes,Yes,Yes,Yes,No,No,Two Year,No,Credit Card (Automatic),72.1,5016.65,No
9158-Vctqb,Female,0,Yes,No,41,Yes,Yes,Fiber Optic,Yes,Yes,Yes,Yes,Yes,Yes,Month-To-Month,Yes,Bank Transfer (Automatic),113.6,4594.95,Yes
2808-Chtdm,Female,0,Yes,Yes,23,Yes,Yes,No,No Internet Service,No Internet Service,No Internet Service,No Internet Service,No Internet Service,No Internet Service,Two Year,No,Mailed Check,25.1,611.45,No
6311-Ueume,Female,0,No,No,29,Yes,No,Fiber Optic,No,No,No,No,Yes,No,Month-To-Month,Yes,Electronic Check,78.9,2384.15,Yes
0793-Tweln,Female,0,No,No,4,Yes,Yes,Fiber Optic,Yes,No,No,No,No,No,Month-To-Month,Yes,Electronic Check,80.15,319.85,No
3283-Wcwxt,Male,0,Yes,Yes,6,Yes,Yes,No,No Internet Service,No Internet Service,No Internet Service,No Internet Service,No Internet Service,No Internet Service,Two Year,No,Mailed Check,25.4,153.3,No
1060-Entof,Female,1,Yes,No,67,Yes,Yes,Fiber Optic,Yes,Yes,Yes,Yes,No,Yes,One Year,Yes,Credit Card (Automatic),105.4,7035.6,No
0999-Qxnsa,Male,1,No,Yes,7,Yes,No,Dsl,No,No,No,No,No,No,Month-To-Month,Yes,Mailed Check,45.75,344.2,No
5451-Mhqof,Male,0,Yes,Yes,56,Yes,Yes,No,No Internet Service,No Internet Service,No Internet Service,No Internet Service,No Internet Service,No Internet Service,One Year,Yes,Mailed Check,24.45,1431.65,No
4836-Wnfno,Female,0,Yes,No,72,Yes,Yes,No,No Internet Service,No Internet Service,No Internet Service,No Internet Service,No Internet Service,No Internet Service,Two Year,No,Credit Card (Automatic),25.0,1849.2,No
9225-Bzlnz,Male,0,Yes,No,72,Yes,Yes,Dsl,Yes,Yes,Yes,No,Yes,Yes,Two Year,Yes,Electronic Check,85.25,6083.1,No
0354-Vxmjc,Male,0,Yes,Yes,23,Yes,No,No,No Internet Service,No Internet Service,No Internet Service,No Internet Service,No Internet Service,No Internet Service,Two Year,No,Credit Card (Automatic),19.6,426.65,No
4422-Qvija,Female,0,No,Yes,35,Yes,Yes,Dsl,No,No,No,No,No,No,Month-To-Month,No,Mailed Check,50.15,1655.35,No
9365-Srsze,Male,1,Yes,No,27,Yes,No,Fiber Optic,No,No,No,No,No,No,Month-To-Month,Yes,Electronic Check,70.55,1943.9,No
6839-Itvzj,Female,0,Yes,Yes,26,Yes,Yes,Dsl,No,Yes,No,Yes,No,No,Month-To-Month,Yes,Electronic Check,60.05,1616.15,Yes
8332-Osjdw,Male,0,Yes,Yes,12,Yes,Yes,No,No Internet Service,No Internet Service,No Internet Service,No Internet Service,No Internet Service,No Internet Service,One Year,No,Mailed Check,26.4,314.95,No
4735-Bjkou,Female,0,No,No,40,Yes,No,No,No Internet Service,No Internet Service,No Internet Service,No Internet Service,No Internet Service,No Internet Service,Two Year,No,Mailed Check,20.15,804.85,No
0274-Jkujr,Male,0,Yes,Yes,7,No,No Phone Service,Dsl,Yes,Yes,Yes,No,Yes,Yes,Month-To-Month,No,Mailed Check,58.85,465.7,No
5740-Yhgtw,Male,0,Yes,Yes,70,Yes,Yes,Fiber Optic,Yes,Yes,No,No,Yes,No,Month-To-Month,Yes,Credit Card (Automatic),97.55,6669.05,No
8917-Szttj,Male,0,Yes,Yes,60,Yes,No,No,No Internet Service,No Internet Service,No Internet Service,No Internet Service,No Internet Service,No Internet Service,Two Year,No,Credit Card (Automatic),19.65,1161.75,No
1696-Mzvau,Male,0,Yes,Yes,39,No,No Phone Service,Dsl,No,No,No,No,No,No,One Year,Yes,Credit Card (Automatic),25.25,947.75,No
7359-Wwyjv,Male,0,Yes,No,72,Yes,Yes,Fiber Optic,Yes,Yes,Yes,Yes,Yes,Yes,Two Year,No,Credit Card (Automatic),114.45,8375.05,No
0375-Hvgxo,Female,0,No,No,1,No,No Phone Service,Dsl,No,No,No,No,Yes,No,Month-To-Month,Yes,Electronic Check,34.7,34.7,Yes
4906-Zhgpk,Male,0,Yes,Yes,54,Yes,Yes,Dsl,No,Yes,No,Yes,Yes,No,One Year,Yes,Electronic Check,70.7,3770,No
8593-Whyhv,Male,0,No,No,3,Yes,Yes,Fiber Optic,No,No,No,No,No,Yes,Month-To-Month,Yes,Electronic Check,85.3,264.8,Yes
3795-Gwtrd,Female,0,Yes,Yes,63,Yes,No,Dsl,Yes,Yes,Yes,Yes,Yes,No,Two Year,No,Credit Card (Automatic),75.55,4707.85,No
1298-Phbti,Male,0,Yes,Yes,71,Yes,Yes,Fiber Optic,No,Yes,No,Yes,No,No,Two Year,Yes,Electronic Check,84.8,6152.4,No
6223-Dhjgv,Female,0,No,No,42,Yes,No,No,No Internet Service,No Internet Service,No Internet Service,No Internet Service,No Internet Service,No Internet Service,One Year,Yes,Mailed Check,20.65,958.1,No
6961-Mjkbo,Male,0,No,No,47,Yes,No,No,No Internet Service,No Internet Service,No Internet Service,No Internet Service,No Internet Service,No Internet Service,Two Year,No,Bank Transfer (Automatic),20.45,943,No
6097-Eqisj,Female,0,Yes,Yes,66,Yes,Yes,Fiber Optic,No,Yes,Yes,No,Yes,Yes,One Year,Yes,Credit Card (Automatic),102.45,6615.15,Yes
4423-Ylhdv,Female,0,Yes,No,21,Yes,Yes,Fiber Optic,Yes,No,Yes,No,Yes,Yes,Month-To-Month,Yes,Bank Transfer (Automatic),104.4,2200.25,Yes
8158-Wpezg,Male,0,No,No,11,No,No Phone Service,Dsl,No,Yes,No,Yes,No,No,Month-To-Month,Yes,Electronic Check,35.65,425.1,No
0107-Yhina,Male,0,No,Yes,1,Yes,Yes,Fiber Optic,No,No,Yes,No,Yes,Yes,Month-To-Month,Yes,Electronic Check,99.75,99.75,Yes
4918-Fyjnt,Female,1,Yes,No,55,Yes,Yes,Fiber Optic,No,Yes,Yes,Yes,No,No,Month-To-Month,No,Electronic Check,90.45,5044.8,No
0727-Bnrlg,Male,0,No,No,69,Yes,Yes,Fiber Optic,No,Yes,Yes,Yes,Yes,No,Two Year,Yes,Credit Card (Automatic),97.65,6743.55,No
4854-Cidcf,Female,1,No,No,3,Yes,No,Fiber Optic,No,No,Yes,No,No,No,Month-To-Month,No,Electronic Check,73.85,196.4,No
8640-Sdgkb,Male,0,No,No,4,Yes,No,Dsl,No,No,Yes,Yes,Yes,Yes,Month-To-Month,Yes,Electronic Check,74.4,299.7,Yes
3280-Mrdof,Male,1,No,No,30,Yes,Yes,Dsl,No,No,Yes,Yes,Yes,No,Two Year,Yes,Credit Card (Automatic),69.1,2093.9,No
6435-Srwbj,Female,0,No,No,5,Yes,Yes,Fiber Optic,No,No,Yes,Yes,No,No,Month-To-Month,Yes,Electronic Check,82.75,417.75,No
9964-Wbqdj,Female,0,Yes,No,71,Yes,Yes,No,No Internet Service,No Internet Service,No Internet Service,No Internet Service,No Internet Service,No Internet Service,Two Year,Yes,Credit Card (Automatic),24.4,1725.4,No
6303-Kfwsl,Female,0,No,No,29,Yes,Yes,Dsl,No,Yes,No,No,No,No,One Year,Yes,Electronic Check,55.25,1620.2,No
1702-Ccfnj,Male,0,Yes,No,52,Yes,Yes,Dsl,No,Yes,No,Yes,No,No,Month-To-Month,No,Bank Transfer (Automatic),61.35,3169.55,No
8932-Czhrq,Male,0,No,No,68,Yes,Yes,Dsl,Yes,Yes,Yes,No,No,Yes,One Year,No,Credit Card (Automatic),76.75,5233.25,No
0386-Cwrgm,Female,0,Yes,Yes,46,Yes,No,No,No Internet Service,No Internet Service,No Internet Service,No Internet Service,No Internet Service,No Internet Service,Two Year,No,Mailed Check,19.4,967.85,No
5515-Rugkn,Male,0,No,No,8,Yes,No,Dsl,No,No,No,No,No,Yes,Month-To-Month,Yes,Credit Card (Automatic),54.75,438.05,No
0404-Ahasp,Male,0,Yes,No,72,Yes,No,No,No Internet Service,No Internet Service,No Internet Service,No Internet Service,No Internet Service,No Internet Service,Two Year,No,Credit Card (Automatic),19.7,1421.9,No
7279-Nmvjc,Female,0,No,No,17,Yes,No,No,No Internet Service,No Internet Service,No Internet Service,No Internet Service,No Internet Service,No Internet Service,One Year,No,Bank Transfer (Automatic),19.9,323.15,No
2081-Veyeh,Male,0,No,No,3,Yes,No,Fiber Optic,No,Yes,Yes,Yes,Yes,Yes,Month-To-Month,Yes,Electronic Check,107.95,318.6,No
6407-Utslv,Female,1,No,No,2,Yes,No,Fiber Optic,No,Yes,No,No,Yes,No,Month-To-Month,Yes,Bank Transfer (Automatic),83.8,163.7,No
4116-Tzaqj,Female,0,No,No,9,Yes,No,Fiber Optic,Yes,No,No,No,No,No,Month-To-Month,Yes,Credit Card (Automatic),74.25,639.65,Yes
9060-Hjjrw,Female,0,No,No,51,No,No Phone Service,Dsl,No,Yes,Yes,No,Yes,Yes,One Year,Yes,Credit Card (Automatic),56.4,2928.5,No
2587-Ynles,Female,0,Yes,Yes,6,Yes,No,No,No Internet Service,No Internet Service,No Internet Service,No Internet Service,No Internet Service,No Internet Service,Two Year,No,Mailed Check,20.1,100.35,No
7398-Sknqz,Female,0,Yes,No,3,Yes,Yes,Fiber Optic,No,No,No,No,Yes,Yes,Month-To-Month,No,Electronic Check,94.9,273.2,No
5935-Fccnb,Female,1,No,No,17,Yes,Yes,Fiber Optic,No,No,No,No,Yes,Yes,Month-To-Month,Yes,Electronic Check,94.2,1608.15,No
1958-Rnrks,Male,0,Yes,No,30,Yes,Yes,Dsl,No,No,No,No,No,No,Month-To-Month,No,Electronic Check,49.9,1441.95,No
5136-Rgmzo,Male,0,No,No,31,Yes,Yes,Dsl,No,Yes,No,Yes,Yes,No,Month-To-Month,Yes,Electronic Check,71.05,2168.15,No
8345-Mvdyc,Female,0,No,No,45,Yes,No,Dsl,Yes,No,Yes,Yes,Yes,Yes,Two Year,No,Bank Transfer (Automatic),81.65,3618.7,No
8226-Bxges,Male,0,Yes,No,64,Yes,Yes,Fiber Optic,Yes,Yes,Yes,No,No,No,One Year,No,Bank Transfer (Automatic),89.45,5692.65,No
3877-Jrjip,Male,0,No,No,1,Yes,Yes,Dsl,No,No,No,No,Yes,No,Month-To-Month,Yes,Electronic Check,59.85,59.85,Yes
8375-Dkebr,Female,1,No,No,1,Yes,No,Fiber Optic,No,No,No,No,No,No,Month-To-Month,Yes,Electronic Check,69.6,69.6,Yes
9705-Iovqq,Male,1,Yes,Yes,61,Yes,Yes,Fiber Optic,No,Yes,No,No,Yes,Yes,One Year,No,Electronic Check,99.0,5969.3,No
1015-Owjki,Male,0,No,No,1,Yes,No,No,No Internet Service,No Internet Service,No Internet Service,No Internet Service,No Internet Service,No Internet Service,Month-To-Month,No,Mailed Check,19.05,19.05,No
7511-Ymxvq,Male,0,No,No,9,No,No Phone Service,Dsl,No,No,No,No,Yes,Yes,Month-To-Month,Yes,Electronic Check,45.4,418.8,Yes
2040-Xbavj,Male,0,Yes,Yes,72,Yes,Yes,Fiber Optic,Yes,Yes,Yes,Yes,Yes,Yes,Two Year,No,Bank Transfer (Automatic),114.45,8100.55,No
7551-Johti,Female,0,No,No,1,Yes,No,No,No Internet Service,No Internet Service,No Internet Service,No Internet Service,No Internet Service,No Internet Service,Month-To-Month,No,Mailed Check,19.5,19.5,Yes
8887-Ipqnc,Female,0,Yes,No,7,Yes,No,Dsl,No,No,No,No,No,No,Month-To-Month,Yes,Mailed Check,44.25,313.45,No
8646-Jcoms,Female,0,Yes,No,66,Yes,Yes,Fiber Optic,No,Yes,Yes,Yes,No,No,One Year,Yes,Bank Transfer (Automatic),90.55,6130.95,No
9804-Icwbg,Male,0,No,No,1,Yes,No,Fiber Optic,No,No,No,No,No,No,Month-To-Month,Yes,Electronic Check,69.9,69.9,Yes
1222-Kjnzd,Male,0,Yes,Yes,40,Yes,No,No,No Internet Service,No Internet Service,No Internet Service,No Internet Service,No Internet Service,No Internet Service,Month-To-Month,Yes,Bank Transfer (Automatic),20.4,745.3,No
0106-Ghrqr,Male,0,No,No,16,Yes,Yes,Dsl,No,Yes,Yes,No,No,Yes,Month-To-Month,Yes,Bank Transfer (Automatic),71.4,1212.1,No
5318-Ixuzf,Female,0,No,No,2,Yes,No,Fiber Optic,No,Yes,No,No,Yes,No,Month-To-Month,Yes,Bank Transfer (Automatic),87.15,183.75,Yes
3768-Vhxqo,Male,0,Yes,No,67,Yes,Yes,No,No Internet Service,No Internet Service,No Internet Service,No Internet Service,No Internet Service,No Internet Service,Two Year,No,Credit Card (Automatic),24.85,1583.5,No
8952-Wcvcd,Female,0,Yes,No,41,Yes,No,Fiber Optic,Yes,Yes,Yes,No,Yes,Yes,One Year,Yes,Bank Transfer (Automatic),104.45,4162.05,No
2418-Tpeun,Female,0,Yes,Yes,56,Yes,No,No,No Internet Service,No Internet Service,No Internet Service,No Internet Service,No Internet Service,No Internet Service,Two Year,Yes,Credit Card (Automatic),19.8,1119.9,No
3963-Ryfns,Female,0,No,No,72,Yes,Yes,Fiber Optic,Yes,Yes,Yes,Yes,Yes,Yes,Two Year,Yes,Bank Transfer (Automatic),116.45,8013.55,No
3198-Velrd,Female,0,Yes,Yes,3,Yes,Yes,Fiber Optic,No,No,No,No,No,Yes,Month-To-Month,Yes,Bank Transfer (Automatic),84.75,264.85,Yes
8540-Zqgea,Female,0,Yes,No,54,Yes,No,No,No Internet Service,No Internet Service,No Internet Service,No Internet Service,No Internet Service,No Internet Service,Two Year,No,Credit Card (Automatic),20.05,1102.4,No
1320-Rehcs,Male,1,No,No,52,Yes,Yes,Fiber Optic,No,Yes,Yes,Yes,Yes,Yes,Month-To-Month,Yes,Electronic Check,110.75,5832,No
4137-Jophl,Female,0,No,No,50,Yes,No,Fiber Optic,No,No,Yes,Yes,No,Yes,Two Year,Yes,Bank Transfer (Automatic),89.7,4304.5,No
9436-Zbzct,Male,0,No,No,14,Yes,Yes,Fiber Optic,No,No,No,Yes,Yes,No,Month-To-Month,Yes,Electronic Check,89.95,1178.4,Yes
7801-Cednv,Male,0,Yes,No,27,Yes,No,Dsl,Yes,No,No,No,No,No,One Year,No,Credit Card (Automatic),48.7,1421.75,No
2057-Boykm,Female,1,Yes,No,72,Yes,Yes,Fiber Optic,Yes,Yes,Yes,Yes,No,No,Two Year,Yes,Bank Transfer (Automatic),96.6,6827.5,No
3658-Qqjyd,Male,0,No,No,62,Yes,No,Dsl,Yes,Yes,No,No,Yes,Yes,One Year,Yes,Credit Card (Automatic),74.3,4698.05,No
1803-Bgnbd,Female,0,No,No,12,Yes,No,Dsl,No,Yes,No,Yes,No,No,Month-To-Month,Yes,Electronic Check,54.3,654.5,No
0134-Xwxce,Female,1,No,No,44,Yes,No,Dsl,No,No,Yes,Yes,Yes,Yes,One Year,No,Bank Transfer (Automatic),74.85,3268.05,No
6950-Twmyb,Male,0,Yes,Yes,54,Yes,No,Fiber Optic,No,Yes,No,Yes,No,No,Two Year,Yes,Bank Transfer (Automatic),79.95,4362.05,No
5848-Fhrfc,Female,0,No,No,68,Yes,No,No,No Internet Service,No Internet Service,No Internet Service,No Internet Service,No Internet Service,No Internet Service,Two Year,No,Bank Transfer (Automatic),20.05,1386.9,No
2243-Fnmmi,Male,0,No,No,20,Yes,No,No,No Internet Service,No Internet Service,No Internet Service,No Internet Service,No Internet Service,No Internet Service,Month-To-Month,No,Mailed Check,19.4,415.4,No
2511-Morqy,Male,0,Yes,Yes,50,Yes,Yes,Dsl,No,No,Yes,No,No,No,One Year,No,Bank Transfer (Automatic),54.9,2614.1,No
5356-Kzckt,Male,0,No,No,58,Yes,Yes,No,No Internet Service,No Internet Service,No Internet Service,No Internet Service,No Internet Service,No Internet Service,Two Year,Yes,Credit Card (Automatic),24.45,1513.6,No
9470-Xccem,Male,0,Yes,Yes,35,Yes,Yes,Fiber Optic,No,Yes,No,No,Yes,No,Month-To-Month,Yes,Bank Transfer (Automatic),89.65,3161.6,No
6519-Cfdbx,Female,0,No,No,2,Yes,No,Dsl,No,No,No,No,No,No,Month-To-Month,Yes,Electronic Check,45.4,80.95,No
3902-Mivle,Male,0,Yes,Yes,63,Yes,Yes,Dsl,Yes,No,Yes,Yes,No,Yes,Two Year,No,Mailed Check,75.7,4676.7,No
0409-Wtmpl,Female,0,Yes,No,58,Yes,Yes,Fiber Optic,Yes,Yes,Yes,No,Yes,Yes,One Year,Yes,Credit Card (Automatic),110.65,6526.65,No
8763-Kiafh,Female,0,Yes,Yes,27,Yes,No,No,No Internet Service,No Internet Service,No Internet Service,No Internet Service,No Internet Service,No Internet Service,One Year,Yes,Mailed Check,20.55,583.3,No
3669-Whafy,Female,0,Yes,No,71,Yes,Yes,Fiber Optic,Yes,Yes,Yes,Yes,Yes,Yes,Two Year,Yes,Credit Card (Automatic),115.15,8078.1,No
3055-Vtcgs,Female,0,No,No,63,Yes,No,Dsl,No,No,Yes,No,No,Yes,One Year,No,Credit Card (Automatic),58.55,3503.5,No
3144-Kmtwz,Male,0,Yes,No,71,Yes,Yes,Fiber Optic,No,Yes,Yes,No,No,Yes,Month-To-Month,Yes,Bank Transfer (Automatic),93.25,6669.45,No
7279-Buywn,Female,1,No,No,41,Yes,Yes,Fiber Optic,Yes,Yes,Yes,No,Yes,Yes,Month-To-Month,Yes,Electronic Check,113.2,4689.5,Yes
7156-Mhugy,Male,1,No,No,13,Yes,No,Fiber Optic,No,No,No,No,Yes,Yes,Month-To-Month,Yes,Electronic Check,90.5,1201.15,Yes
7198-Glxtc,Male,0,No,No,2,Yes,No,Fiber Optic,No,No,No,No,Yes,No,Month-To-Month,No,Electronic Check,79.0,143.65,Yes
2007-Qvgaw,Female,0,Yes,Yes,68,Yes,No,No,No Internet Service,No Internet Service,No Internet Service,No Internet Service,No Internet Service,No Internet Service,Two Year,Yes,Bank Transfer (Automatic),19.35,1292.65,No
5207-Plstk,Male,0,Yes,Yes,1,Yes,No,Dsl,Yes,No,No,No,No,No,Month-To-Month,Yes,Mailed Check,48.75,48.75,No
2307-Fynnl,Male,1,No,No,65,Yes,Yes,Fiber Optic,Yes,No,Yes,Yes,Yes,Yes,Two Year,Yes,Electronic Check,109.05,7108.2,No
5605-Xnwen,Male,1,Yes,No,72,Yes,Yes,No,No Internet Service,No Internet Service,No Internet Service,No Internet Service,No Internet Service,No Internet Service,Two Year,Yes,Bank Transfer (Automatic),25.0,1802.55,No
2155-Amqrx,Female,0,No,No,28,Yes,Yes,Dsl,No,No,No,Yes,No,No,Month-To-Month,Yes,Credit Card (Automatic),54.9,1505.15,No
6181-Axxyf,Male,0,Yes,Yes,72,Yes,Yes,No,No Internet Service,No Internet Service,No Internet Service,No Internet Service,No Internet Service,No Internet Service,Two Year,No,Credit Card (Automatic),24.75,1859.1,No
5091-Hfazw,Female,0,No,No,2,Yes,No,Fiber Optic,Yes,Yes,No,No,Yes,No,Month-To-Month,Yes,Electronic Check,91.15,168.5,No
0516-Vrybw,Female,0,No,Yes,18,Yes,No,No,No Internet Service,No Internet Service,No Internet Service,No Internet Service,No Internet Service,No Internet Service,One Year,No,Bank Transfer (Automatic),20.15,390.85,Yes
2519-Lbnql,Male,1,Yes,No,60,Yes,Yes,Fiber Optic,No,Yes,Yes,No,Yes,Yes,One Year,Yes,Electronic Check,104.35,6339.45,No
8623-Ulfnq,Female,1,No,No,26,Yes,Yes,Dsl,No,No,No,Yes,No,Yes,Month-To-Month,Yes,Electronic Check,66.05,1652.4,No
8380-Pefpe,Male,0,No,Yes,1,Yes,No,Fiber Optic,No,No,No,No,No,No,Month-To-Month,Yes,Electronic Check,71.65,71.65,Yes
5687-Dkdtv,Female,0,No,No,4,Yes,No,No,No Internet Service,No Internet Service,No Internet Service,No Internet Service,No Internet Service,No Internet Service,Month-To-Month,No,Mailed Check,20.35,77.5,Yes
1568-Ljszu,Male,0,Yes,Yes,68,Yes,Yes,Dsl,Yes,Yes,Yes,Yes,Yes,Yes,Two Year,Yes,Credit Card (Automatic),92.2,6392.85,No
7530-Hdyds,Female,0,No,No,38,Yes,No,Fiber Optic,No,Yes,Yes,Yes,No,No,Month-To-Month,Yes,Credit Card (Automatic),84.25,3264.5,Yes
7789-Hksbs,Female,1,Yes,No,42,Yes,Yes,Fiber Optic,Yes,No,Yes,No,Yes,Yes,One Year,Yes,Bank Transfer (Automatic),105.2,4599.15,No
7416-Cktep,Female,0,Yes,No,57,Yes,No,No,No Internet Service,No Internet Service,No Internet Service,No Internet Service,No Internet Service,No Internet Service,Two Year,Yes,Bank Transfer (Automatic),19.6,1134.25,No
2586-Cwxvv,Male,0,Yes,No,54,No,No Phone Service,Dsl,No,Yes,No,No,No,No,Month-To-Month,No,Electronic Check,30.4,1621.35,No
3096-Izetn,Female,0,No,No,12,Yes,No,Fiber Optic,No,No,No,No,No,Yes,Month-To-Month,No,Bank Transfer (Automatic),78.1,947.3,Yes
2348-Kcjlt,Female,0,Yes,No,44,Yes,No,Dsl,Yes,Yes,Yes,No,No,No,One Year,Yes,Mailed Check,61.5,2722.2,No
8401-Emuwf,Male,0,Yes,Yes,42,Yes,Yes,Dsl,Yes,Yes,No,No,Yes,No,Month-To-Month,Yes,Bank Transfer (Automatic),69.4,3058.3,No
4193-Ibksw,Male,0,Yes,Yes,72,Yes,Yes,No,No Internet Service,No Internet Service,No Internet Service,No Internet Service,No Internet Service,No Internet Service,Two Year,No,Bank Transfer (Automatic),24.75,1769.6,No
5377-Ndtou,Female,0,Yes,Yes,71,Yes,Yes,Dsl,Yes,Yes,Yes,Yes,Yes,Yes,Two Year,No,Mailed Check,91.05,6293.75,No
5922-Abdvo,Female,0,Yes,No,19,Yes,Yes,Fiber Optic,No,No,Yes,No,No,Yes,Month-To-Month,No,Mailed Check,89.65,1761.05,Yes
2474-Lcnue,Female,0,Yes,No,23,Yes,Yes,Dsl,No,No,No,Yes,Yes,Yes,Month-To-Month,Yes,Credit Card (Automatic),73.65,1642.75,No
0839-Qnxme,Female,0,No,No,30,Yes,No,No,No Internet Service,No Internet Service,No Internet Service,No Internet Service,No Internet Service,No Internet Service,Two Year,No,Credit Card (Automatic),19.4,578.5,No
3506-Ovlkd,Male,0,No,No,35,Yes,Yes,No,No Internet Service,No Internet Service,No Internet Service,No Internet Service,No Internet Service,No Internet Service,One Year,No,Bank Transfer (Automatic),26.2,954.9,No
9172-Ancrx,Female,0,No,No,10,Yes,Yes,Fiber Optic,Yes,No,No,No,Yes,Yes,Month-To-Month,Yes,Electronic Check,98.7,973.25,Yes
6650-Vjonk,Male,0,No,No,1,Yes,No,Dsl,No,No,No,No,No,No,Month-To-Month,Yes,Bank Transfer (Automatic),43.85,43.85,No
2178-Pmgcj,Male,0,No,No,22,Yes,No,Fiber Optic,No,No,No,No,No,No,Month-To-Month,Yes,Mailed Check,69.7,1490.4,No
7492-Tafjd,Male,0,Yes,Yes,7,No,No Phone Service,Dsl,Yes,Yes,Yes,No,No,No,Two Year,No,Mailed Check,38.55,280,No
2773-Madbq,Female,0,No,No,36,No,No Phone Service,Dsl,Yes,Yes,Yes,Yes,No,Yes,Two Year,Yes,Mailed Check,53.1,1901.25,No
6016-Lvtjq,Female,0,Yes,Yes,34,Yes,No,No,No Internet Service,No Internet Service,No Internet Service,No Internet Service,No Internet Service,No Internet Service,Month-To-Month,No,Mailed Check,20.65,716.4,No
7860-Ksugx,Male,0,Yes,Yes,72,Yes,Yes,Dsl,Yes,Yes,Yes,No,No,No,Two Year,No,Credit Card (Automatic),64.45,4720,No
8966-Kzxxa,Male,0,Yes,Yes,36,Yes,Yes,No,No Internet Service,No Internet Service,No Internet Service,No Internet Service,No Internet Service,No Internet Service,Two Year,No,Credit Card (Automatic),25.1,930.95,No
6910-Hadcm,Female,0,No,No,1,Yes,No,Fiber Optic,No,No,Yes,No,No,No,Month-To-Month,No,Electronic Check,76.35,76.35,Yes
4816-Lxzyw,Female,0,No,No,23,Yes,Yes,Fiber Optic,No,Yes,No,No,No,No,Month-To-Month,Yes,Electronic Check,79.15,1676.95,Yes
9606-Pbkbq,Male,1,Yes,No,32,Yes,Yes,Fiber Optic,No,No,No,No,No,Yes,Month-To-Month,Yes,Electronic Check,85.0,2642.05,Yes
5149-Qyttu,Female,0,Yes,Yes,71,Yes,Yes,Fiber Optic,Yes,Yes,Yes,Yes,No,No,One Year,Yes,Credit Card (Automatic),95.15,6770.85,No
2070-Xymfh,Female,1,No,No,23,Yes,Yes,Fiber Optic,No,No,Yes,No,No,No,Month-To-Month,Yes,Mailed Check,79.35,1835.3,No
2085-Bojki,Male,0,Yes,No,17,Yes,No,Fiber Optic,No,No,Yes,No,Yes,Yes,One Year,Yes,Bank Transfer (Automatic),96.65,1588.25,No
0817-Hsuse,Male,0,No,No,1,Yes,No,Dsl,No,No,Yes,Yes,Yes,Yes,Month-To-Month,Yes,Electronic Check,75.5,75.5,No
5442-Pptjy,Male,0,Yes,Yes,12,Yes,No,No,No Internet Service,No Internet Service,No Internet Service,No Internet Service,No Internet Service,No Internet Service,Two Year,No,Mailed Check,19.7,258.35,No
1927-Qewmy,Female,0,Yes,No,72,Yes,No,No,No Internet Service,No Internet Service,No Internet Service,No Internet Service,No Internet Service,No Internet Service,Two Year,No,Credit Card (Automatic),20.5,1502.25,No
1663-Mhlhe,Male,0,No,No,1,Yes,No,No,No Internet Service,No Internet Service,No Internet Service,No Internet Service,No Internet Service,No Internet Service,Month-To-Month,No,Mailed Check,19.2,19.2,No
5663-Qbgis,Male,1,Yes,No,72,Yes,Yes,Fiber Optic,No,Yes,No,No,Yes,Yes,Two Year,No,Bank Transfer (Automatic),98.35,6929.4,No
4450-Mdzfx,Male,0,Yes,Yes,60,Yes,Yes,Fiber Optic,No,No,No,No,No,No,Month-To-Month,No,Bank Transfer (Automatic),74.35,4453.3,No
6701-Dhkwq,Female,0,Yes,Yes,61,No,No Phone Service,Dsl,No,Yes,Yes,Yes,Yes,No,Two Year,No,Credit Card (Automatic),51.35,3244.4,No
7554-Akdqf,Female,0,Yes,No,6,Yes,No,Dsl,No,No,No,No,No,No,Month-To-Month,No,Mailed Check,45.65,323.45,No
3536-Iqctx,Male,1,Yes,No,32,Yes,Yes,Fiber Optic,No,No,No,No,No,Yes,Month-To-Month,No,Electronic Check,85.3,2661.1,Yes
4911-Banwh,Female,0,No,Yes,31,Yes,Yes,Fiber Optic,No,No,No,No,Yes,No,Month-To-Month,Yes,Credit Card (Automatic),86.55,2697.4,Yes
8496-Ejaui,Male,0,No,No,19,Yes,No,Fiber Optic,No,Yes,No,No,No,No,Month-To-Month,Yes,Credit Card (Automatic),73.85,1424.5,Yes
0794-Yvsge,Male,0,Yes,Yes,72,Yes,No,No,No Internet Service,No Internet Service,No Internet Service,No Internet Service,No Internet Service,No Internet Service,Two Year,No,Bank Transfer (Automatic),20.3,1401.15,No
5423-Bhixo,Female,0,No,No,32,Yes,Yes,Dsl,No,Yes,No,No,No,No,Month-To-Month,Yes,Electronic Check,54.2,1739.6,No
6908-Vvyhm,Male,0,Yes,No,65,Yes,Yes,Fiber Optic,No,Yes,No,No,No,Yes,Month-To-Month,Yes,Electronic Check,90.65,5931,No
2959-Eexwb,Female,0,Yes,Yes,45,No,No Phone Service,Dsl,Yes,No,No,No,Yes,Yes,Month-To-Month,Yes,Bank Transfer (Automatic),50.9,2333.85,No
1839-Umack,Male,0,No,No,42,Yes,Yes,No,No Internet Service,No Internet Service,No Internet Service,No Internet Service,No Internet Service,No Internet Service,One Year,No,Electronic Check,25.05,949.85,No
3030-Ydnrm,Male,0,No,No,8,Yes,Yes,Fiber Optic,No,No,No,No,No,No,Month-To-Month,Yes,Electronic Check,74.85,572.45,No
7321-Kksdu,Male,0,No,Yes,32,Yes,No,No,No Internet Service,No Internet Service,No Internet Service,No Internet Service,No Internet Service,No Internet Service,Two Year,No,Mailed Check,20.5,696.8,No
3402-Xriuo,Female,1,Yes,No,22,Yes,Yes,Dsl,Yes,Yes,No,Yes,No,No,Month-To-Month,Yes,Mailed Check,63.55,1381.8,No
3132-Tvfdz,Male,1,Yes,No,57,No,No Phone Service,Dsl,No,No,No,No,Yes,Yes,Month-To-Month,Yes,Electronic Check,44.85,2572.95,Yes
8286-Afuyi,Male,0,No,No,1,Yes,No,Dsl,Yes,No,No,No,No,No,Month-To-Month,No,Electronic Check,47.95,47.95,No
8080-Ddemj,Male,1,No,No,1,Yes,No,Dsl,No,No,No,No,No,No,Month-To-Month,No,Electronic Check,45.1,45.1,Yes
8356-Wuaoj,Female,0,Yes,No,1,Yes,No,Dsl,No,No,No,No,No,No,Month-To-Month,Yes,Electronic Check,45.0,45,No
6365-Mtgzx,Male,0,No,No,24,Yes,No,Fiber Optic,No,No,No,Yes,Yes,Yes,Month-To-Month,Yes,Electronic Check,96.0,2122.45,Yes
1349-Wxngg,Male,0,No,No,1,Yes,No,No,No Internet Service,No Internet Service,No Internet Service,No Internet Service,No Internet Service,No Internet Service,Month-To-Month,No,Bank Transfer (Automatic),20.05,20.05,Yes
8058-Dmyru,Male,1,No,No,54,Yes,Yes,Fiber Optic,No,Yes,No,No,No,Yes,Month-To-Month,Yes,Electronic Check,90.05,4931.8,No
9350-Zxyjc,Female,0,No,No,4,Yes,Yes,No,No Internet Service,No Internet Service,No Internet Service,No Internet Service,No Internet Service,No Internet Service,Two Year,Yes,Credit Card (Automatic),25.3,116.95,No
6990-Ynrio,Male,0,Yes,Yes,65,Yes,Yes,Fiber Optic,Yes,No,Yes,Yes,Yes,Yes,Two Year,No,Bank Transfer (Automatic),108.65,6937.95,Yes
8958-Jptrr,Female,0,Yes,No,56,Yes,Yes,No,No Internet Service,No Internet Service,No Internet Service,No Internet Service,No Internet Service,No Internet Service,One Year,No,Electronic Check,24.3,1261.7,No
6959-Gqegv,Male,0,No,No,45,Yes,No,Dsl,Yes,No,Yes,No,Yes,Yes,Month-To-Month,Yes,Electronic Check,75.95,3273.8,No
3173-Wssue,Female,0,Yes,Yes,71,Yes,No,No,No Internet Service,No Internet Service,No Internet Service,No Internet Service,No Internet Service,No Internet Service,Two Year,No,Credit Card (Automatic),19.7,1415.85,No
1265-Hvpzb,Male,0,Yes,No,59,Yes,No,Dsl,Yes,Yes,Yes,No,Yes,No,One Year,No,Credit Card (Automatic),66.4,3958.2,No
4115-Umjfq,Male,0,No,No,69,No,No Phone Service,Dsl,No,Yes,Yes,No,No,No,One Year,Yes,Bank Transfer (Automatic),35.75,2492.25,No
7369-Trpfd,Male,0,No,No,19,Yes,No,No,No Internet Service,No Internet Service,No Internet Service,No Internet Service,No Internet Service,No Internet Service,One Year,No,Mailed Check,18.8,279.2,No
1098-Kfqec,Female,0,Yes,Yes,55,Yes,No,No,No Internet Service,No Internet Service,No Internet Service,No Internet Service,No Internet Service,No Internet Service,Two Year,No,Credit Card (Automatic),19.4,1083,No
7190-Xhtwj,Female,0,No,No,38,Yes,No,No,No Internet Service,No Internet Service,No Internet Service,No Internet Service,No Internet Service,No Internet Service,One Year,No,Mailed Check,19.3,755.5,No
0621-Twiem,Male,0,No,No,10,Yes,No,Dsl,No,No,No,No,No,No,Month-To-Month,Yes,Electronic Check,45.55,402.6,Yes
3537-Rybhh,Female,1,Yes,No,47,Yes,Yes,Dsl,Yes,Yes,Yes,No,No,No,Month-To-Month,Yes,Credit Card (Automatic),67.45,3252,No
2485-Itvkb,Female,0,Yes,No,2,No,No Phone Service,Dsl,No,No,No,No,No,Yes,Month-To-Month,Yes,Electronic Check,35.1,68.75,Yes
3669-Oysji,Male,0,No,No,1,Yes,No,Dsl,No,No,No,No,No,No,Month-To-Month,No,Credit Card (Automatic),46.2,46.2,Yes
1612-Eohdh,Female,0,No,No,1,Yes,No,Dsl,No,No,No,No,No,No,Month-To-Month,No,Electronic Check,45.15,45.15,Yes
6702-Ohfwr,Male,1,No,No,1,No,No Phone Service,Dsl,No,Yes,Yes,No,No,Yes,Month-To-Month,Yes,Electronic Check,43.3,43.3,Yes
5296-Bfcyd,Male,0,Yes,Yes,46,Yes,No,No,No Internet Service,No Internet Service,No Internet Service,No Internet Service,No Internet Service,No Internet Service,Two Year,Yes,Mailed Check,20.1,936.85,No
4510-Pyush,Female,1,No,No,38,Yes,No,Dsl,Yes,Yes,No,No,No,No,Month-To-Month,Yes,Credit Card (Automatic),57.15,2250.65,Yes
9359-Janws,Female,0,Yes,No,65,Yes,No,Dsl,Yes,No,Yes,Yes,No,No,Two Year,No,Credit Card (Automatic),58.9,3857.1,No
7517-Sawmo,Female,0,Yes,No,19,Yes,No,Fiber Optic,Yes,No,No,No,No,No,Month-To-Month,Yes,Electronic Check,73.2,1441.1,Yes
4143-Hhpmk,Male,0,No,No,52,Yes,No,Fiber Optic,No,Yes,No,No,No,Yes,Month-To-Month,Yes,Electronic Check,85.35,4338.6,Yes
3279-Dyzqm,Male,0,Yes,Yes,71,Yes,No,No,No Internet Service,No Internet Service,No Internet Service,No Internet Service,No Internet Service,No Internet Service,Two Year,No,Mailed Check,19.45,1378.45,No
7054-Lgeqw,Female,0,No,No,1,Yes,No,Dsl,No,No,No,No,No,No,Month-To-Month,No,Mailed Check,45.95,45.95,Yes
0523-Vngtf,Female,1,No,No,52,No,No Phone Service,Dsl,No,Yes,Yes,Yes,Yes,No,Month-To-Month,Yes,Electronic Check,50.5,2566.3,No
9575-Iwcaz,Male,0,Yes,No,6,Yes,Yes,No,No Internet Service,No Internet Service,No Internet Service,No Internet Service,No Internet Service,No Internet Service,One Year,No,Mailed Check,25.1,171,No
7105-Mxjll,Female,1,Yes,No,26,Yes,No,Dsl,No,No,Yes,No,No,Yes,One Year,No,Mailed Check,60.7,1597.4,No
7064-Frrsw,Male,1,No,No,48,Yes,Yes,Fiber Optic,No,Yes,No,No,Yes,Yes,One Year,Yes,Electronic Check,99.0,4744.35,No
7940-Uqqug,Female,0,Yes,Yes,64,Yes,Yes,Fiber Optic,Yes,No,No,Yes,Yes,Yes,One Year,Yes,Bank Transfer (Automatic),104.4,6721.6,No
0923-Pnfub,Female,0,No,No,3,Yes,No,Fiber Optic,No,Yes,No,No,Yes,No,Month-To-Month,No,Electronic Check,83.75,247.25,Yes
3961-Sxaxy,Male,0,No,No,1,Yes,No,Dsl,No,No,No,No,No,No,Month-To-Month,Yes,Bank Transfer (Automatic),44.05,44.05,No
7010-Brbuu,Male,0,Yes,Yes,72,Yes,Yes,No,No Internet Service,No Internet Service,No Internet Service,No Internet Service,No Internet Service,No Internet Service,Two Year,No,Credit Card (Automatic),24.1,1734.65,No
3566-Hjgpk,Male,0,No,No,1,Yes,No,Dsl,No,No,No,No,No,No,Month-To-Month,Yes,Mailed Check,45.55,45.55,No
3062-Icyzq,Female,0,Yes,Yes,51,Yes,Yes,Fiber Optic,Yes,Yes,No,No,No,Yes,Month-To-Month,Yes,Electronic Check,93.8,4539.35,No
9938-Prcvk,Female,0,Yes,Yes,41,Yes,No,No,No Internet Service,No Internet Service,No Internet Service,No Internet Service,No Internet Service,No Internet Service,Two Year,No,Bank Transfer (Automatic),19.7,804.25,No
0973-Kyvnf,Female,0,Yes,Yes,72,Yes,No,Dsl,Yes,Yes,Yes,No,Yes,No,Two Year,Yes,Credit Card (Automatic),70.65,5011.15,No
5129-Hhmzc,Female,0,Yes,No,43,Yes,Yes,Dsl,Yes,Yes,No,Yes,Yes,Yes,Two Year,No,Credit Card (Automatic),86.45,3574.5,No
9637-Cdtkz,Male,0,Yes,No,72,Yes,Yes,Fiber Optic,Yes,Yes,Yes,Yes,Yes,Yes,Two Year,Yes,Credit Card (Automatic),114.1,8086.4,No
3946-Jewrq,Male,0,Yes,No,47,Yes,Yes,Fiber Optic,No,No,No,No,Yes,Yes,One Year,Yes,Credit Card (Automatic),95.2,4563,No
7873-Cvmaw,Male,0,No,No,72,Yes,Yes,Dsl,Yes,Yes,Yes,Yes,Yes,Yes,Two Year,No,Credit Card (Automatic),88.55,6362.35,No
0463-Wzzko,Male,0,No,No,3,Yes,No,No,No Internet Service,No Internet Service,No Internet Service,No Internet Service,No Internet Service,No Internet Service,Month-To-Month,Yes,Credit Card (Automatic),20.75,67.1,No
3494-Jchrq,Male,0,No,No,1,Yes,No,Fiber Optic,No,No,No,No,No,No,Month-To-Month,Yes,Electronic Check,70.05,70.05,Yes
6474-Fvjlc,Male,0,No,No,2,Yes,Yes,Fiber Optic,No,No,No,No,No,Yes,Month-To-Month,Yes,Electronic Check,86.0,165.45,Yes
4524-Qcssm,Male,0,No,No,26,No,No Phone Service,Dsl,Yes,Yes,No,No,No,Yes,Month-To-Month,Yes,Bank Transfer (Automatic),44.65,1156.55,No
5832-Exgtt,Male,0,Yes,Yes,29,Yes,No,Dsl,Yes,No,No,No,No,Yes,Month-To-Month,Yes,Mailed Check,60.2,1834.15,No
8840-Dqlgn,Female,1,Yes,No,35,Yes,Yes,Fiber Optic,Yes,Yes,No,Yes,Yes,No,Month-To-Month,Yes,Bank Transfer (Automatic),100.5,3653.35,Yes
2039-Jondj,Male,0,No,No,27,Yes,No,Dsl,Yes,Yes,No,No,No,No,One Year,No,Bank Transfer (Automatic),55.45,1477.65,No
7217-Jyhoq,Male,0,Yes,Yes,24,Yes,No,Dsl,Yes,Yes,No,Yes,No,Yes,Month-To-Month,Yes,Credit Card (Automatic),70.3,1706.45,No
6695-Frvec,Male,0,Yes,Yes,67,Yes,No,Dsl,Yes,No,Yes,Yes,No,No,Two Year,Yes,Bank Transfer (Automatic),60.4,3953.7,No
4547-Lytdd,Female,0,No,No,16,Yes,Yes,Fiber Optic,No,No,No,No,No,No,Month-To-Month,No,Electronic Check,72.65,1194.3,Yes
9894-Qmimj,Female,0,No,No,23,Yes,No,Dsl,No,Yes,Yes,No,No,No,One Year,No,Bank Transfer (Automatic),55.8,1327.85,No
8069-Yqqaj,Male,0,No,No,14,No,No Phone Service,Dsl,No,Yes,No,No,No,No,Month-To-Month,Yes,Mailed Check,31.1,419.7,No
6770-Xuagn,Female,0,Yes,Yes,1,Yes,No,No,No Internet Service,No Internet Service,No Internet Service,No Internet Service,No Internet Service,No Internet Service,Month-To-Month,Yes,Electronic Check,21.0,21,Yes
4193-Orfcl,Female,1,No,No,1,Yes,No,Dsl,No,No,No,No,No,No,Month-To-Month,No,Mailed Check,45.1,45.1,Yes
1636-Ntnco,Male,1,No,No,4,No,No Phone Service,Dsl,No,Yes,No,No,Yes,Yes,Month-To-Month,Yes,Credit Card (Automatic),50.95,207.35,No
3466-Waesx,Male,0,No,Yes,16,Yes,Yes,Dsl,Yes,Yes,No,No,No,Yes,Month-To-Month,Yes,Electronic Check,69.1,1083.7,No
9281-Pkkze,Female,0,Yes,No,46,No,No Phone Service,Dsl,No,No,No,No,Yes,Yes,Month-To-Month,Yes,Electronic Check,43.95,2007.85,No
3638-Vbzta,Male,0,No,Yes,68,Yes,Yes,Dsl,Yes,Yes,No,Yes,Yes,Yes,Two Year,Yes,Bank Transfer (Automatic),86.5,5882.75,No
7459-Imvyu,Male,0,No,No,38,Yes,Yes,Dsl,Yes,Yes,Yes,Yes,No,No,Month-To-Month,No,Electronic Check,69.95,2657.55,No
7776-Qwnfx,Male,1,Yes,No,30,Yes,No,Dsl,No,Yes,No,No,No,No,Month-To-Month,Yes,Bank Transfer (Automatic),50.4,1527.5,Yes
6689-Tczhq,Female,1,No,No,5,Yes,No,Fiber Optic,No,No,No,No,No,Yes,Month-To-Month,No,Electronic Check,78.95,378.4,Yes
8563-Oymqy,Male,0,No,No,17,Yes,No,Fiber Optic,No,Yes,Yes,No,No,Yes,Month-To-Month,Yes,Credit Card (Automatic),90.95,1612.2,No
0754-Eebdc,Male,0,Yes,Yes,4,Yes,No,No,No Internet Service,No Internet Service,No Internet Service,No Internet Service,No Internet Service,No Internet Service,Two Year,No,Mailed Check,19.9,76.65,No
5777-Zpqnc,Female,0,No,No,12,Yes,No,No,No Internet Service,No Internet Service,No Internet Service,No Internet Service,No Internet Service,No Internet Service,One Year,No,Electronic Check,20.15,260.7,No
1951-Ieyxm,Male,0,Yes,Yes,72,Yes,Yes,Dsl,Yes,Yes,Yes,Yes,Yes,Yes,Two Year,Yes,Credit Card (Automatic),90.6,6441.85,No
3318-Nmqxl,Male,0,No,No,3,Yes,No,Fiber Optic,No,No,No,No,Yes,Yes,Month-To-Month,Yes,Electronic Check,92.0,266.8,No
3143-Ildal,Male,0,No,No,56,Yes,Yes,Fiber Optic,No,Yes,No,Yes,No,Yes,Month-To-Month,Yes,Electronic Check,94.45,5124.6,Yes
1022-Rkxdr,Female,0,No,No,41,Yes,Yes,No,No Internet Service,No Internet Service,No Internet Service,No Internet Service,No Internet Service,No Internet Service,One Year,Yes,Mailed Check,24.85,962.25,No
2361-Fjwno,Male,0,No,No,40,No,No Phone Service,Dsl,No,Yes,No,Yes,No,No,One Year,No,Credit Card (Automatic),36.0,1382.9,No
2272-Uoini,Female,0,No,No,7,Yes,No,Dsl,Yes,Yes,No,Yes,Yes,Yes,Month-To-Month,Yes,Electronic Check,78.5,571.05,No
8232-Utfoz,Male,0,No,No,69,Yes,No,No,No Internet Service,No Internet Service,No Internet Service,No Internet Service,No Internet Service,No Internet Service,Two Year,No,Credit Card (Automatic),19.95,1399.35,No
3750-Yhryo,Male,0,Yes,Yes,7,Yes,No,No,No Internet Service,No Internet Service,No Internet Service,No Internet Service,No Internet Service,No Internet Service,One Year,No,Mailed Check,20.65,150,No
6637-Kyrcv,Female,0,Yes,Yes,5,No,No Phone Service,Dsl,No,Yes,No,No,No,No,Month-To-Month,Yes,Electronic Check,30.5,167.2,No
5668-Meisb,Female,0,Yes,Yes,72,Yes,Yes,Fiber Optic,Yes,Yes,Yes,Yes,Yes,No,Two Year,No,Credit Card (Automatic),106.1,7657.4,No
0129-Qmpdr,Male,0,Yes,Yes,44,Yes,No,No,No Internet Service,No Internet Service,No Internet Service,No Internet Service,No Internet Service,No Internet Service,One Year,Yes,Bank Transfer (Automatic),20.5,865.05,No
7188-Cbbba,Female,0,No,No,65,Yes,Yes,Fiber Optic,No,Yes,Yes,No,Yes,No,One Year,Yes,Electronic Check,95.5,6153.85,No
5356-Csvsq,Female,0,No,No,3,Yes,Yes,Dsl,No,No,No,Yes,Yes,No,Month-To-Month,No,Electronic Check,64.6,174.2,No
3221-Cjmsg,Male,0,No,No,24,Yes,No,Dsl,No,No,No,Yes,No,No,Month-To-Month,Yes,Credit Card (Automatic),51.1,1269.6,No
4720-Vstsi,Female,0,No,No,44,Yes,Yes,Fiber Optic,No,Yes,Yes,No,No,No,Month-To-Month,Yes,Bank Transfer (Automatic),84.8,3862.55,Yes
3219-Jqrsl,Female,1,Yes,No,72,Yes,Yes,Dsl,Yes,Yes,Yes,Yes,Yes,Yes,Two Year,No,Credit Card (Automatic),89.1,6352.4,No
2801-Nisei,Male,0,No,No,24,Yes,No,Dsl,Yes,No,No,Yes,No,No,Month-To-Month,No,Electronic Check,54.95,1348.5,No
3946-Mhczw,Male,0,No,No,1,Yes,No,Dsl,No,No,Yes,No,No,No,Month-To-Month,No,Mailed Check,50.9,50.9,Yes
4623-Zkhly,Male,0,Yes,No,22,Yes,No,No,No Internet Service,No Internet Service,No Internet Service,No Internet Service,No Internet Service,No Internet Service,Month-To-Month,Yes,Bank Transfer (Automatic),20.45,471.55,No
6732-Vaile,Male,0,Yes,Yes,70,Yes,Yes,Dsl,No,Yes,Yes,Yes,Yes,Yes,Two Year,Yes,Credit Card (Automatic),85.95,5931.75,No
8201-Aaxcb,Male,0,Yes,Yes,25,Yes,Yes,Dsl,No,No,No,No,Yes,No,Month-To-Month,No,Electronic Check,60.35,1404.65,No
7696-Cftat,Male,0,Yes,Yes,37,Yes,No,No,No Internet Service,No Internet Service,No Internet Service,No Internet Service,No Internet Service,No Internet Service,Two Year,No,Bank Transfer (Automatic),19.8,726.1,No
1845-Csbrz,Female,1,Yes,Yes,22,Yes,Yes,Fiber Optic,No,No,No,No,Yes,No,Month-To-Month,No,Bank Transfer (Automatic),85.35,1961.6,No
2123-Vscot,Female,0,Yes,Yes,59,Yes,Yes,Dsl,No,No,Yes,Yes,Yes,No,Two Year,Yes,Bank Transfer (Automatic),72.1,4194.85,No
6651-Azvtj,Male,0,Yes,Yes,49,Yes,Yes,Fiber Optic,No,No,Yes,No,Yes,Yes,Month-To-Month,Yes,Electronic Check,99.8,4872.45,Yes
4566-Goluk,Male,0,Yes,Yes,47,Yes,Yes,Fiber Optic,No,No,Yes,Yes,Yes,Yes,Month-To-Month,Yes,Bank Transfer (Automatic),107.35,5118.95,Yes
2484-Dgxpz,Female,0,Yes,Yes,31,Yes,No,No,No Internet Service,No Internet Service,No Internet Service,No Internet Service,No Internet Service,No Internet Service,Month-To-Month,Yes,Mailed Check,19.55,658.95,Yes
2018-Qkygt,Male,0,Yes,Yes,1,Yes,No,Fiber Optic,No,No,No,No,No,Yes,Month-To-Month,Yes,Electronic Check,81.05,81.05,No
2792-Vppet,Male,0,No,No,3,Yes,No,No,No Internet Service,No Internet Service,No Internet Service,No Internet Service,No Internet Service,No Internet Service,Month-To-Month,Yes,Electronic Check,20.5,76.95,No
7409-Jurkq,Female,0,Yes,No,53,Yes,Yes,Fiber Optic,No,Yes,Yes,Yes,Yes,Yes,One Year,Yes,Bank Transfer (Automatic),111.8,5809.75,No
3247-Mhjkm,Male,0,No,No,1,Yes,No,No,No Internet Service,No Internet Service,No Internet Service,No Internet Service,No Internet Service,No Internet Service,Month-To-Month,No,Mailed Check,20.2,20.2,No
1964-Svlea,Male,0,No,No,20,Yes,No,No,No Internet Service,No Internet Service,No Internet Service,No Internet Service,No Internet Service,No Internet Service,One Year,Yes,Mailed Check,19.7,415.9,No
4587-Nukox,Female,0,No,No,3,Yes,No,Fiber Optic,Yes,Yes,No,No,No,No,Month-To-Month,Yes,Electronic Check,79.1,246.5,Yes
7297-Dvyga,Female,0,No,No,51,Yes,No,No,No Internet Service,No Internet Service,No Internet Service,No Internet Service,No Internet Service,No Internet Service,One Year,Yes,Bank Transfer (Automatic),19.85,996.95,No
2239-Cgbuz,Female,0,Yes,No,51,Yes,No,Dsl,Yes,Yes,No,Yes,No,No,One Year,Yes,Bank Transfer (Automatic),60.5,3145.15,No
0854-Uyhzd,Female,0,Yes,Yes,13,Yes,No,No,No Internet Service,No Internet Service,No Internet Service,No Internet Service,No Internet Service,No Internet Service,Two Year,No,Mailed Check,19.55,265.3,No
7243-Lcggz,Female,0,No,No,1,Yes,No,No,No Internet Service,No Internet Service,No Internet Service,No Internet Service,No Internet Service,No Internet Service,Month-To-Month,No,Mailed Check,20.9,20.9,No
8267-Kfgyd,Male,0,No,Yes,1,Yes,No,No,No Internet Service,No Internet Service,No Internet Service,No Internet Service,No Internet Service,No Internet Service,Month-To-Month,Yes,Mailed Check,21.05,21.05,No
4890-Vmuav,Male,0,No,No,63,Yes,Yes,Dsl,Yes,Yes,Yes,Yes,No,No,One Year,No,Electronic Check,71.5,4576.3,No
9261-Wdcaf,Male,0,No,No,3,Yes,No,Dsl,No,No,No,No,No,Yes,Month-To-Month,No,Mailed Check,54.65,189.1,No
3764-Mnmoi,Male,0,No,No,46,Yes,No,No,No Internet Service,No Internet Service,No Internet Service,No Internet Service,No Internet Service,No Internet Service,Two Year,No,Credit Card (Automatic),19.2,908.15,No
7442-Ygzfk,Male,0,No,No,1,Yes,Yes,Dsl,No,No,No,No,No,No,Month-To-Month,Yes,Credit Card (Automatic),49.8,49.8,No
0420-Bwtpw,Male,0,No,Yes,8,No,No Phone Service,Dsl,No,No,No,No,No,No,Month-To-Month,No,Mailed Check,25.5,215.2,Yes
8229-Bujhx,Female,0,Yes,Yes,71,Yes,No,No,No Internet Service,No Internet Service,No Internet Service,No Internet Service,No Internet Service,No Internet Service,Two Year,No,Bank Transfer (Automatic),20.5,1500.95,No
7449-Hvpiv,Male,0,Yes,Yes,55,Yes,Yes,Fiber Optic,No,No,Yes,No,Yes,No,Month-To-Month,Yes,Credit Card (Automatic),90.4,5099.15,No
5504-Wsiur,Female,0,No,No,70,Yes,Yes,Fiber Optic,No,Yes,Yes,Yes,No,No,One Year,Yes,Bank Transfer (Automatic),90.25,6385.95,No
8183-Onmxc,Female,0,No,No,2,Yes,No,Fiber Optic,No,No,No,No,No,Yes,Month-To-Month,No,Electronic Check,80.75,159.45,Yes
8466-Pzblh,Male,0,Yes,Yes,67,Yes,Yes,Fiber Optic,Yes,No,No,Yes,Yes,Yes,Two Year,No,Bank Transfer (Automatic),104.6,6885.75,No
9614-Rmgha,Male,0,Yes,No,65,Yes,Yes,Fiber Optic,No,Yes,No,No,Yes,No,Month-To-Month,Yes,Bank Transfer (Automatic),91.85,5940.85,Yes
8735-Ijjeg,Male,0,Yes,No,14,Yes,No,Dsl,No,No,Yes,No,No,No,Month-To-Month,No,Credit Card (Automatic),50.2,668.85,No
0564-Muuqk,Female,0,Yes,Yes,20,Yes,Yes,Fiber Optic,No,No,Yes,Yes,No,Yes,Month-To-Month,Yes,Bank Transfer (Automatic),95.5,1916.2,No
5054-Iexzt,Male,0,No,Yes,1,Yes,No,Fiber Optic,No,Yes,No,No,No,No,Month-To-Month,Yes,Electronic Check,75.35,75.35,Yes
5834-Aspwa,Male,0,No,No,1,Yes,Yes,Fiber Optic,No,No,No,No,No,No,Month-To-Month,Yes,Electronic Check,75.45,75.45,Yes
0701-Rfgfi,Female,0,Yes,Yes,49,Yes,Yes,Fiber Optic,No,No,No,No,Yes,Yes,Month-To-Month,Yes,Bank Transfer (Automatic),95.4,4613.95,No
0019-Efaep,Female,0,No,No,72,Yes,Yes,Fiber Optic,Yes,Yes,Yes,No,Yes,No,Two Year,Yes,Bank Transfer (Automatic),101.3,7261.25,No
5619-Ptmik,Female,0,Yes,No,46,Yes,Yes,Dsl,Yes,No,No,No,No,No,Month-To-Month,No,Electronic Check,53.1,2459.8,No
3737-Xbqdd,Male,0,No,No,24,Yes,Yes,Fiber Optic,No,Yes,Yes,No,No,No,Month-To-Month,Yes,Bank Transfer (Automatic),84.85,2048.8,No
5882-Cmazq,Female,0,Yes,Yes,5,No,No Phone Service,Dsl,No,Yes,No,Yes,No,No,Month-To-Month,No,Electronic Check,34.25,163.55,No
5846-Qfdfi,Female,0,Yes,Yes,33,Yes,Yes,Fiber Optic,No,Yes,Yes,Yes,No,No,Month-To-Month,No,Credit Card (Automatic),88.6,2888.7,No
4445-Kwokw,Female,0,No,No,42,Yes,Yes,Dsl,Yes,Yes,No,No,No,No,One Year,Yes,Bank Transfer (Automatic),60.15,2421.6,No
3511-Appbj,Male,0,No,No,23,Yes,No,Fiber Optic,Yes,No,Yes,No,Yes,Yes,One Year,Yes,Credit Card (Automatic),99.95,2292.75,No
7967-Hycde,Male,0,No,No,8,Yes,No,Fiber Optic,No,No,No,No,No,No,Month-To-Month,No,Bank Transfer (Automatic),70.7,553.4,No
2430-Rryuw,Male,0,No,No,66,Yes,No,Dsl,Yes,Yes,No,No,No,No,One Year,Yes,Mailed Check,54.8,3465.7,No
3948-Xhgna,Male,0,No,No,24,Yes,No,Dsl,Yes,No,No,No,No,No,Month-To-Month,Yes,Bank Transfer (Automatic),49.55,1210.4,Yes
3723-Bfbgr,Male,1,No,No,24,Yes,Yes,Dsl,No,Yes,No,No,No,No,Month-To-Month,No,Credit Card (Automatic),54.8,1291.3,No
0565-Iycgt,Male,0,No,No,69,Yes,Yes,Dsl,Yes,Yes,Yes,Yes,No,Yes,One Year,Yes,Credit Card (Automatic),78.6,5356.45,Yes
5447-Wzafp,Female,0,No,No,53,Yes,No,Fiber Optic,No,Yes,Yes,No,Yes,Yes,One Year,Yes,Mailed Check,100.3,5200.8,No
5110-Chopy,Female,0,No,No,60,No,No Phone Service,Dsl,Yes,No,Yes,No,Yes,Yes,Two Year,No,Electronic Check,53.6,3237.05,No
5445-Utodq,Female,0,Yes,No,7,Yes,No,Fiber Optic,No,No,No,No,Yes,No,Month-To-Month,Yes,Electronic Check,81.1,576.65,Yes
4425-Owhwb,Female,0,No,No,20,Yes,No,No,No Internet Service,No Internet Service,No Internet Service,No Internet Service,No Internet Service,No Internet Service,One Year,Yes,Credit Card (Automatic),19.35,433.75,No
7892-Qvykw,Female,0,Yes,Yes,23,Yes,Yes,Fiber Optic,No,No,No,No,No,Yes,Month-To-Month,No,Electronic Check,85.6,1868.4,No
9675-Icxct,Male,0,Yes,Yes,72,Yes,No,Dsl,Yes,No,Yes,Yes,Yes,Yes,Two Year,Yes,Electronic Check,80.8,5728.55,No
1024-Vrzhf,Male,0,Yes,No,11,Yes,Yes,Fiber Optic,No,No,No,No,No,No,Month-To-Month,Yes,Electronic Check,74.95,825.7,Yes
4703-Mqykt,Male,0,No,No,21,Yes,No,No,No Internet Service,No Internet Service,No Internet Service,No Internet Service,No Internet Service,No Internet Service,Two Year,No,Mailed Check,19.6,390.4,No
9497-Qcmms,Male,1,No,No,1,Yes,Yes,Fiber Optic,No,No,No,No,Yes,Yes,Month-To-Month,Yes,Electronic Check,93.55,93.55,Yes
5692-Icxlw,Male,1,No,No,31,Yes,Yes,Fiber Optic,No,Yes,No,No,Yes,No,Month-To-Month,Yes,Electronic Check,90.7,2845.15,No
0602-Dduml,Female,0,No,No,57,Yes,No,Dsl,No,Yes,Yes,Yes,Yes,No,Two Year,No,Mailed Check,69.75,3894.4,No
2208-Mpxio,Female,0,Yes,Yes,45,Yes,No,No,No Internet Service,No Internet Service,No Internet Service,No Internet Service,No Internet Service,No Internet Service,Two Year,Yes,Bank Transfer (Automatic),20.0,886.4,No
1960-Uycnn,Male,0,No,No,10,Yes,Yes,Fiber Optic,No,Yes,Yes,No,No,Yes,Month-To-Month,Yes,Electronic Check,95.25,1021.55,No
0348-Sdkol,Female,0,Yes,No,58,Yes,Yes,Fiber Optic,No,No,Yes,Yes,Yes,Yes,Month-To-Month,Yes,Credit Card (Automatic),102.1,5885.4,Yes
3190-Fzatl,Male,0,No,Yes,14,Yes,No,No,No Internet Service,No Internet Service,No Internet Service,No Internet Service,No Internet Service,No Internet Service,Month-To-Month,No,Mailed Check,19.95,268.4,No
7336-Rllrh,Male,0,Yes,No,27,Yes,Yes,Dsl,Yes,No,No,Yes,Yes,Yes,One Year,No,Mailed Check,80.85,2204.35,No
4373-Mavjg,Female,0,Yes,Yes,14,Yes,Yes,Fiber Optic,No,Yes,No,No,No,Yes,Month-To-Month,Yes,Bank Transfer (Automatic),90.9,1259,Yes
8901-Hjxtf,Female,0,Yes,Yes,12,No,No Phone Service,Dsl,No,Yes,No,No,No,No,Month-To-Month,No,Mailed Check,29.2,309.1,Yes
7710-Jsyoa,Female,0,Yes,Yes,69,Yes,Yes,Fiber Optic,No,Yes,No,Yes,No,Yes,Two Year,Yes,Bank Transfer (Automatic),93.3,6398.05,No
5419-Klxbn,Female,0,Yes,Yes,25,Yes,No,Fiber Optic,No,Yes,Yes,No,Yes,No,Month-To-Month,Yes,Bank Transfer (Automatic),89.15,2257.75,Yes
3424-Nmnbo,Male,1,Yes,No,58,Yes,Yes,Fiber Optic,Yes,Yes,Yes,No,Yes,Yes,One Year,Yes,Electronic Check,108.85,6287.25,Yes
9885-Mfvsu,Female,0,Yes,Yes,35,No,No Phone Service,Dsl,Yes,No,No,Yes,Yes,No,Two Year,Yes,Credit Card (Automatic),46.35,1662.05,No
4514-Gfcfi,Female,1,No,No,16,Yes,Yes,Fiber Optic,No,No,No,No,Yes,No,Month-To-Month,Yes,Electronic Check,84.75,1350.15,Yes
0607-Mvmgc,Male,0,Yes,Yes,45,Yes,Yes,Dsl,No,Yes,Yes,No,Yes,Yes,One Year,No,Credit Card (Automatic),78.75,3600.65,No
3365-Saigs,Female,0,No,No,17,Yes,No,Fiber Optic,No,Yes,No,No,Yes,No,Month-To-Month,Yes,Electronic Check,83.55,1329.15,No
9828-Aoqlm,Female,0,Yes,Yes,1,Yes,No,Dsl,No,No,No,No,No,No,Month-To-Month,Yes,Electronic Check,45.7,45.7,Yes
8022-Becsi,Male,0,No,No,22,Yes,No,No,No Internet Service,No Internet Service,No Internet Service,No Internet Service,No Internet Service,No Internet Service,One Year,No,Mailed Check,19.6,422.5,No
8000-Reiqb,Female,1,No,No,1,Yes,No,Fiber Optic,No,No,No,No,No,No,Month-To-Month,Yes,Electronic Check,69.95,69.95,Yes
9993-Lhieb,Male,0,Yes,Yes,67,Yes,No,Dsl,Yes,No,Yes,Yes,No,Yes,Two Year,No,Mailed Check,67.85,4627.65,No
0266-Clzkz,Female,0,Yes,Yes,67,Yes,Yes,Fiber Optic,No,No,Yes,Yes,Yes,Yes,Two Year,Yes,Bank Transfer (Automatic),105.65,6717.9,No
7615-Esmyf,Female,0,Yes,No,2,No,No Phone Service,Dsl,No,No,No,No,Yes,Yes,Month-To-Month,No,Electronic Check,44.6,97.1,Yes
3858-Vobet,Male,0,No,No,23,Yes,Yes,Fiber Optic,No,No,No,No,No,No,Month-To-Month,Yes,Electronic Check,74.95,1710.45,Yes
7020-Ozkxz,Female,1,No,No,9,Yes,No,Fiber Optic,No,No,Yes,No,No,No,Month-To-Month,No,Credit Card (Automatic),75.5,637.4,No
3977-Qcrsl,Female,0,No,No,5,Yes,No,No,No Internet Service,No Internet Service,No Internet Service,No Internet Service,No Internet Service,No Internet Service,Month-To-Month,No,Mailed Check,20.15,117.95,No
0017-Dinoc,Male,0,No,No,54,No,No Phone Service,Dsl,Yes,No,No,Yes,Yes,No,Two Year,No,Credit Card (Automatic),45.2,2460.55,No
1447-Pjgga,Female,0,No,No,57,Yes,No,Fiber Optic,No,No,Yes,No,Yes,Yes,Two Year,Yes,Electronic Check,95.25,5464.65,Yes
8565-Clbzw,Male,0,No,No,24,Yes,Yes,Fiber Optic,No,No,Yes,No,Yes,No,Month-To-Month,Yes,Mailed Check,89.85,2165.05,Yes
9139-Wqqdy,Female,0,Yes,Yes,49,Yes,Yes,Fiber Optic,No,Yes,No,No,Yes,Yes,One Year,No,Mailed Check,100.45,4941.8,Yes
0224-Hjapt,Male,0,No,No,5,Yes,Yes,Dsl,No,No,No,No,No,No,Month-To-Month,No,Electronic Check,47.15,223.15,Yes
8086-Ovpwv,Male,0,No,No,2,Yes,No,Fiber Optic,No,No,No,No,No,Yes,Month-To-Month,Yes,Electronic Check,80.2,181.1,Yes
9430-Frqoc,Female,0,No,Yes,4,Yes,Yes,Fiber Optic,No,No,Yes,Yes,No,No,Month-To-Month,Yes,Mailed Check,87.1,341.45,Yes
7639-Oplng,Male,0,Yes,Yes,70,Yes,Yes,Dsl,Yes,Yes,Yes,Yes,Yes,No,Two Year,Yes,Bank Transfer (Automatic),79.25,5731.85,No
3074-Gqwyx,Male,0,No,No,5,Yes,Yes,Fiber Optic,No,No,No,No,No,No,Month-To-Month,Yes,Bank Transfer (Automatic),75.9,357.75,Yes
1492-Qgclu,Male,0,Yes,Yes,53,Yes,Yes,Dsl,Yes,No,Yes,Yes,Yes,Yes,Month-To-Month,No,Electronic Check,85.7,4616.1,No
6845-Rgtys,Female,0,Yes,No,47,Yes,Yes,Fiber Optic,Yes,Yes,Yes,No,Yes,No,Month-To-Month,Yes,Electronic Check,98.75,4533.7,Yes
7328-Owmom,Female,0,No,Yes,31,Yes,No,No,No Internet Service,No Internet Service,No Internet Service,No Internet Service,No Internet Service,No Internet Service,One Year,No,Credit Card (Automatic),20.1,589.25,No
4418-Lzmsv,Male,0,Yes,Yes,13,Yes,No,Dsl,No,Yes,Yes,Yes,No,No,Month-To-Month,No,Bank Transfer (Automatic),61.8,750.1,No
5155-Azqpb,Female,0,Yes,Yes,28,Yes,Yes,Dsl,No,No,No,No,No,No,Month-To-Month,No,Mailed Check,49.9,1410.25,No
8861-Hggkb,Female,0,No,No,10,Yes,Yes,Fiber Optic,No,No,No,No,No,Yes,Month-To-Month,No,Electronic Check,86.45,830.85,Yes
1087-Gruyi,Male,0,Yes,No,38,Yes,No,No,No Internet Service,No Internet Service,No Internet Service,No Internet Service,No Internet Service,No Internet Service,Two Year,No,Bank Transfer (Automatic),20.4,743.5,No
7065-Yunry,Female,0,No,No,1,Yes,No,Dsl,No,No,No,No,No,No,Month-To-Month,Yes,Mailed Check,45.3,45.3,Yes
7694-Vlbwq,Male,0,Yes,No,67,Yes,Yes,Fiber Optic,No,Yes,Yes,No,Yes,Yes,One Year,No,Electronic Check,104.1,7040.85,Yes
2546-Kzaat,Male,0,Yes,No,52,Yes,No,Dsl,Yes,Yes,No,No,Yes,Yes,One Year,Yes,Mailed Check,75.4,3865.45,No
0181-Ritdd,Male,0,Yes,Yes,62,Yes,No,Fiber Optic,Yes,Yes,Yes,Yes,Yes,Yes,Two Year,No,Mailed Check,108.15,6825.65,No
5989-Pgkjb,Female,0,No,No,16,Yes,No,Fiber Optic,No,Yes,No,No,No,Yes,Month-To-Month,Yes,Electronic Check,86.25,1340.1,No
4795-Ktrth,Female,1,Yes,No,5,Yes,Yes,Fiber Optic,No,Yes,No,No,No,No,Month-To-Month,Yes,Electronic Check,81.0,371.65,Yes
8272-Onjlv,Male,0,No,No,12,Yes,No,Fiber Optic,No,No,Yes,No,Yes,Yes,One Year,No,Electronic Check,95.7,1184,No
1488-Pbljn,Female,0,Yes,Yes,72,Yes,Yes,Fiber Optic,Yes,Yes,Yes,Yes,Yes,Yes,Two Year,Yes,Bank Transfer (Automatic),116.85,8477.7,No
0308-Giqjt,Male,1,No,No,71,Yes,Yes,Fiber Optic,No,Yes,No,Yes,Yes,Yes,One Year,No,Bank Transfer (Automatic),105.75,7382.85,No
3778-Foaqw,Female,0,Yes,No,24,Yes,No,No,No Internet Service,No Internet Service,No Internet Service,No Internet Service,No Internet Service,No Internet Service,One Year,No,Mailed Check,20.15,456.85,No
4452-Rohmo,Female,0,No,No,15,Yes,No,No,No Internet Service,No Internet Service,No Internet Service,No Internet Service,No Internet Service,No Internet Service,Two Year,No,Mailed Check,19.6,331.6,No
6481-Ogdoo,Male,0,Yes,No,67,Yes,No,Fiber Optic,Yes,Yes,No,No,No,Yes,One Year,Yes,Credit Card (Automatic),90.6,6056.15,Yes
3090-Letty,Male,0,No,Yes,2,Yes,Yes,Dsl,Yes,Yes,No,No,No,No,Month-To-Month,No,Bank Transfer (Automatic),60.95,134.6,No
5349-Azpew,Female,0,Yes,Yes,5,No,No Phone Service,Dsl,No,No,No,No,No,No,Month-To-Month,No,Mailed Check,25.05,125.5,No
3753-Tsemp,Female,0,Yes,No,15,Yes,No,Fiber Optic,No,No,No,No,Yes,Yes,Month-To-Month,No,Electronic Check,88.15,1390.6,Yes
8305-Vhzbz,Male,0,No,No,1,Yes,No,No,No Internet Service,No Internet Service,No Internet Service,No Internet Service,No Internet Service,No Internet Service,Month-To-Month,Yes,Mailed Check,20.2,20.2,Yes
9720-Jjjor,Male,0,Yes,Yes,41,Yes,No,Dsl,Yes,Yes,Yes,No,No,No,One Year,Yes,Bank Transfer (Automatic),60.3,2511.3,No
8100-Hzzlj,Female,0,No,Yes,43,Yes,No,Dsl,Yes,Yes,No,No,No,Yes,Month-To-Month,Yes,Electronic Check,63.95,2737.05,No
8775-Erlnb,Male,1,Yes,No,1,Yes,Yes,Fiber Optic,No,No,No,No,No,No,Month-To-Month,No,Electronic Check,74.3,74.3,No
8309-Ieyjd,Female,1,No,No,1,Yes,No,Fiber Optic,No,No,No,No,No,No,Month-To-Month,Yes,Mailed Check,70.6,70.6,No
9172-Jitsm,Female,0,Yes,Yes,26,Yes,No,Fiber Optic,No,No,No,No,Yes,Yes,Month-To-Month,Yes,Electronic Check,90.8,2361.8,Yes
6298-Qdfnh,Male,0,No,No,22,Yes,Yes,Fiber Optic,No,Yes,No,No,No,No,Month-To-Month,Yes,Electronic Check,79.35,1730.35,Yes
7398-Hpyzq,Male,0,Yes,No,71,Yes,Yes,Dsl,Yes,Yes,Yes,Yes,Yes,Yes,Two Year,No,Bank Transfer (Automatic),90.55,6404,No
3546-Gheae,Male,0,No,No,7,Yes,No,No,No Internet Service,No Internet Service,No Internet Service,No Internet Service,No Internet Service,No Internet Service,Two Year,No,Mailed Check,19.45,165.35,No
7361-Ypxfs,Female,1,No,No,28,Yes,Yes,Dsl,No,Yes,Yes,Yes,No,No,Month-To-Month,No,Bank Transfer (Automatic),64.45,1867.6,No
6557-Bzxlq,Male,1,No,No,16,Yes,No,Fiber Optic,No,No,No,No,No,No,Month-To-Month,No,Electronic Check,69.65,1043.3,No
2550-Qhzgp,Male,0,No,No,7,Yes,No,No,No Internet Service,No Internet Service,No Internet Service,No Internet Service,No Internet Service,No Internet Service,One Year,No,Mailed Check,19.5,128.6,No
7519-Jtwqh,Female,0,No,No,69,Yes,Yes,Fiber Optic,No,Yes,Yes,Yes,Yes,Yes,Two Year,Yes,Bank Transfer (Automatic),110.5,7455.45,No
2538-Oimxf,Female,0,No,Yes,1,No,No Phone Service,Dsl,No,No,No,No,No,No,Month-To-Month,No,Mailed Check,24.7,24.7,No
8543-Msdmf,Male,0,No,No,3,Yes,No,Dsl,Yes,No,Yes,No,Yes,Yes,Month-To-Month,Yes,Electronic Check,77.4,206.15,No
9961-Jbnmk,Male,1,No,No,21,Yes,No,Fiber Optic,No,No,Yes,No,Yes,Yes,Month-To-Month,Yes,Bank Transfer (Automatic),96.8,2030.3,Yes
1170-Sasml,Female,0,Yes,No,69,Yes,Yes,Fiber Optic,No,Yes,Yes,No,No,No,Month-To-Month,Yes,Bank Transfer (Automatic),85.4,5869.4,No
4872-Jcvca,Female,0,Yes,No,71,No,No Phone Service,Dsl,Yes,Yes,Yes,Yes,No,No,Two Year,Yes,Bank Transfer (Automatic),47.6,3377.8,No
5346-Bzchp,Female,0,Yes,Yes,69,Yes,No,No,No Internet Service,No Internet Service,No Internet Service,No Internet Service,No Internet Service,No Internet Service,Two Year,No,Mailed Check,19.4,1346.2,No
2038-Llmlm,Female,0,No,No,48,Yes,Yes,Fiber Optic,No,No,Yes,Yes,Yes,Yes,Month-To-Month,Yes,Electronic Check,103.85,4946.05,No
6173-Itpwd,Male,0,Yes,No,47,Yes,Yes,Fiber Optic,No,Yes,Yes,No,No,No,Month-To-Month,Yes,Bank Transfer (Automatic),83.35,4065,Yes
9734-Uyxqi,Female,0,No,No,2,Yes,Yes,Dsl,No,No,No,No,No,No,Month-To-Month,Yes,Electronic Check,49.4,106.55,Yes
1216-Bgtsp,Male,0,No,No,45,Yes,Yes,Fiber Optic,Yes,No,Yes,Yes,Yes,Yes,Month-To-Month,Yes,Credit Card (Automatic),108.45,4964.7,No
4138-Naxed,Male,0,No,No,51,Yes,Yes,Fiber Optic,No,Yes,No,No,No,No,Month-To-Month,No,Bank Transfer (Automatic),81.0,4085.75,No
2189-Uxtky,Female,0,Yes,No,22,Yes,Yes,Dsl,Yes,No,No,Yes,Yes,Yes,Month-To-Month,Yes,Electronic Check,79.2,1742.75,Yes
0744-Bikkf,Male,0,No,No,72,Yes,Yes,Dsl,Yes,Yes,Yes,Yes,Yes,Yes,Two Year,No,Bank Transfer (Automatic),86.65,6224.8,No
7483-Iqwib,Male,0,Yes,Yes,37,Yes,Yes,Fiber Optic,No,Yes,Yes,No,Yes,No,Month-To-Month,Yes,Electronic Check,92.95,3415.25,No
5248-Kwlar,Male,0,Yes,Yes,71,Yes,Yes,Dsl,Yes,Yes,Yes,Yes,Yes,Yes,Two Year,No,Electronic Check,90.35,6325.25,No
4958-Gzwiy,Male,0,Yes,Yes,7,Yes,No,Dsl,No,No,Yes,No,No,No,Month-To-Month,No,Electronic Check,48.7,340.25,Yes
7996-Mhxlw,Female,0,No,No,66,Yes,Yes,No,No Internet Service,No Internet Service,No Internet Service,No Internet Service,No Internet Service,No Internet Service,Two Year,Yes,Credit Card (Automatic),25.15,1683.6,No
7833-Pkihd,Male,0,Yes,Yes,51,Yes,No,Dsl,Yes,No,No,Yes,Yes,Yes,One Year,Yes,Bank Transfer (Automatic),76.4,3966.3,No
7061-Ovmim,Female,0,Yes,Yes,30,Yes,No,No,No Internet Service,No Internet Service,No Internet Service,No Internet Service,No Internet Service,No Internet Service,One Year,No,Bank Transfer (Automatic),19.55,608.5,No
5153-Rthkf,Female,0,No,No,34,Yes,Yes,Fiber Optic,No,No,No,No,Yes,No,Month-To-Month,No,Electronic Check,85.35,2896.6,No
1852-Qswcd,Male,0,Yes,Yes,64,Yes,Yes,No,No Internet Service,No Internet Service,No Internet Service,No Internet Service,No Internet Service,No Internet Service,Two Year,Yes,Mailed Check,24.8,1514.85,No
4832-Vrbmr,Male,1,Yes,No,65,Yes,Yes,Fiber Optic,No,Yes,Yes,No,Yes,Yes,One Year,Yes,Bank Transfer (Automatic),103.15,6792.45,No
9079-Lwtfd,Male,0,No,No,47,Yes,Yes,Fiber Optic,Yes,Yes,No,Yes,Yes,No,Month-To-Month,No,Mailed Check,100.75,4669.2,No
6356-Elrkd,Female,0,No,No,1,Yes,No,Fiber Optic,Yes,No,No,No,Yes,Yes,Month-To-Month,Yes,Electronic Check,95.6,95.6,Yes
8624-Giout,Female,0,No,No,49,Yes,Yes,Dsl,Yes,Yes,No,No,No,No,Month-To-Month,Yes,Credit Card (Automatic),59.75,2934.3,Yes
3392-Ehmnk,Female,0,Yes,Yes,67,Yes,Yes,Fiber Optic,No,Yes,No,Yes,Yes,No,Two Year,No,Credit Card (Automatic),94.1,6302.8,No
5986-Wwxdv,Male,0,No,Yes,39,Yes,No,No,No Internet Service,No Internet Service,No Internet Service,No Internet Service,No Internet Service,No Internet Service,One Year,No,Bank Transfer (Automatic),19.35,779.2,No
3061-Bckyi,Male,0,No,No,14,Yes,No,No,No Internet Service,No Internet Service,No Internet Service,No Internet Service,No Internet Service,No Internet Service,Month-To-Month,No,Mailed Check,19.9,283.75,No
6179-Gjpso,Female,1,No,No,43,Yes,No,Fiber Optic,Yes,Yes,No,Yes,Yes,Yes,Month-To-Month,Yes,Credit Card (Automatic),108.15,4600.7,Yes
7901-Tbkjx,Male,1,No,No,56,Yes,Yes,Fiber Optic,No,No,Yes,No,Yes,Yes,Month-To-Month,Yes,Electronic Check,101.05,5594,No
7228-Paqpd,Female,0,No,No,14,Yes,No,Dsl,No,No,No,Yes,No,Yes,One Year,No,Credit Card (Automatic),59.1,772.85,No
3177-Lasxd,Female,0,No,No,1,Yes,No,Fiber Optic,No,No,No,No,No,No,Month-To-Month,No,Electronic Check,71.35,71.35,Yes
7746-Qyvco,Male,0,Yes,Yes,16,Yes,No,Dsl,Yes,Yes,No,No,No,No,One Year,Yes,Mailed Check,55.85,857.8,No
5804-Hyiez,Male,0,Yes,Yes,70,Yes,Yes,Fiber Optic,Yes,Yes,No,No,Yes,Yes,Month-To-Month,Yes,Electronic Check,106.05,7554.05,No
9919-Fzded,Male,1,Yes,No,72,Yes,Yes,Dsl,Yes,Yes,Yes,No,Yes,Yes,Two Year,Yes,Credit Card (Automatic),84.1,5981.65,No
5934-Tssau,Female,0,Yes,Yes,23,Yes,No,Fiber Optic,No,No,Yes,No,No,No,Month-To-Month,Yes,Credit Card (Automatic),75.3,1702.9,No
3486-Khmli,Male,0,No,Yes,21,Yes,Yes,No,No Internet Service,No Internet Service,No Internet Service,No Internet Service,No Internet Service,No Internet Service,Month-To-Month,No,Mailed Check,24.7,467.15,No
4897-Qsuyc,Female,0,No,No,1,Yes,No,No,No Internet Service,No Internet Service,No Internet Service,No Internet Service,No Internet Service,No Internet Service,Month-To-Month,Yes,Mailed Check,20.15,20.15,Yes
1084-Uqchv,Male,0,No,Yes,1,Yes,No,Fiber Optic,No,No,No,No,No,No,Month-To-Month,No,Bank Transfer (Automatic),69.75,69.75,Yes
8290-Ywkhz,Female,1,Yes,No,32,Yes,Yes,Fiber Optic,No,No,No,No,Yes,Yes,Month-To-Month,Yes,Electronic Check,93.2,2931,Yes
2955-Bjzhg,Male,0,Yes,Yes,17,Yes,No,Fiber Optic,No,No,No,No,Yes,No,Month-To-Month,No,Electronic Check,80.85,1400.85,Yes
3806-Dxqom,Female,0,No,No,4,No,No Phone Service,Dsl,Yes,Yes,No,No,No,No,Month-To-Month,Yes,Electronic Check,33.65,137.85,Yes
6784-Xyjae,Female,0,No,No,36,Yes,Yes,Dsl,No,No,Yes,No,No,No,One Year,No,Electronic Check,55.8,1941.5,No
3933-Dqpwx,Female,0,No,No,50,No,No Phone Service,Dsl,No,Yes,Yes,Yes,No,No,Two Year,No,Credit Card (Automatic),39.7,1932.75,No
6661-Eipzc,Female,0,Yes,Yes,48,No,No Phone Service,Dsl,No,No,No,Yes,No,No,Month-To-Month,Yes,Credit Card (Automatic),29.5,1423.05,No
8957-Thmoa,Female,0,No,Yes,50,Yes,No,No,No Internet Service,No Internet Service,No Internet Service,No Internet Service,No Internet Service,No Internet Service,Two Year,No,Credit Card (Automatic),20.15,970.85,No
2251-Pylpb,Male,0,Yes,No,72,Yes,Yes,Dsl,Yes,Yes,Yes,Yes,No,Yes,Two Year,No,Credit Card (Automatic),79.55,5810.9,No
5555-Rnpgt,Male,0,No,Yes,10,Yes,Yes,No,No Internet Service,No Internet Service,No Internet Service,No Internet Service,No Internet Service,No Internet Service,Month-To-Month,No,Credit Card (Automatic),24.8,223.9,No
1057-Foglz,Female,0,No,No,18,Yes,No,No,No Internet Service,No Internet Service,No Internet Service,No Internet Service,No Internet Service,No Internet Service,Month-To-Month,No,Mailed Check,19.65,391.7,No
9300-Rendd,Male,0,No,No,1,Yes,No,Fiber Optic,No,No,No,No,Yes,No,Month-To-Month,Yes,Electronic Check,79.95,79.95,Yes
0761-Aetcs,Female,0,No,No,1,Yes,No,No,No Internet Service,No Internet Service,No Internet Service,No Internet Service,No Internet Service,No Internet Service,Month-To-Month,No,Electronic Check,19.3,19.3,Yes
8087-Lgyhq,Male,0,No,No,9,Yes,No,Fiber Optic,No,No,Yes,No,Yes,Yes,Month-To-Month,Yes,Electronic Check,94.05,811.65,No
4137-Btikl,Male,0,No,No,2,Yes,Yes,Fiber Optic,Yes,No,No,No,No,Yes,Month-To-Month,No,Mailed Check,90.75,174.75,No
2190-Bcxec,Female,0,Yes,No,40,Yes,Yes,Fiber Optic,No,No,No,Yes,No,No,Month-To-Month,Yes,Credit Card (Automatic),78.85,3126.85,No
6227-Fbdxh,Male,0,Yes,No,69,Yes,Yes,Fiber Optic,No,No,Yes,No,Yes,Yes,One Year,No,Bank Transfer (Automatic),99.5,6841.45,No
2153-Mrefk,Female,0,Yes,No,37,Yes,Yes,Fiber Optic,Yes,No,Yes,Yes,No,Yes,One Year,Yes,Electronic Check,99.2,3754.6,Yes
2911-Wdxmv,Male,0,No,Yes,18,Yes,Yes,Fiber Optic,No,No,Yes,No,No,No,Month-To-Month,Yes,Credit Card (Automatic),80.55,1406.65,No
7206-Pqbbz,Male,1,Yes,No,11,Yes,No,Fiber Optic,No,No,No,No,No,No,Month-To-Month,Yes,Electronic Check,70.2,834.7,No
3106-Ulwfw,Female,0,Yes,No,8,Yes,Yes,Fiber Optic,No,No,No,No,No,Yes,Month-To-Month,Yes,Credit Card (Automatic),85.2,627.4,Yes
0925-Vydlg,Female,0,No,No,3,Yes,Yes,Fiber Optic,No,No,No,No,No,No,Month-To-Month,No,Electronic Check,75.25,242,Yes
4547-Fzjwe,Male,0,Yes,Yes,55,Yes,No,Dsl,Yes,No,No,No,No,Yes,One Year,No,Credit Card (Automatic),59.45,3157,No
7422-Wnbty,Male,0,Yes,No,33,Yes,Yes,Fiber Optic,No,Yes,Yes,No,No,Yes,Month-To-Month,Yes,Electronic Check,93.35,3092,No
0842-Iwycp,Female,0,No,No,46,Yes,No,Dsl,No,No,No,No,No,No,Month-To-Month,No,Bank Transfer (Automatic),44.95,2168.9,No
3521-Htqtv,Male,0,No,No,34,Yes,Yes,No,No Internet Service,No Internet Service,No Internet Service,No Internet Service,No Internet Service,No Internet Service,Two Year,No,Bank Transfer (Automatic),26.1,980.35,No
3744-Zbhon,Female,0,No,No,3,Yes,No,No,No Internet Service,No Internet Service,No Internet Service,No Internet Service,No Internet Service,No Internet Service,Month-To-Month,No,Electronic Check,20.2,65.95,No
3373-Diuun,Male,0,Yes,Yes,30,Yes,No,No,No Internet Service,No Internet Service,No Internet Service,No Internet Service,No Internet Service,No Internet Service,Two Year,No,Mailed Check,21.25,711.9,No
8383-Sghju,Female,0,No,No,33,Yes,Yes,Dsl,Yes,No,No,Yes,No,No,One Year,No,Electronic Check,59.4,1952.8,No
7607-Qkktj,Male,0,Yes,Yes,45,Yes,Yes,Fiber Optic,No,Yes,Yes,No,No,Yes,One Year,Yes,Credit Card (Automatic),95.0,4368.85,No
7707-Pybbh,Male,0,No,No,40,Yes,No,Dsl,Yes,Yes,No,Yes,No,No,Month-To-Month,Yes,Mailed Check,61.9,2647.1,No
8984-Hpemb,Female,0,No,No,71,Yes,Yes,Fiber Optic,Yes,Yes,Yes,Yes,Yes,Yes,Two Year,Yes,Electronic Check,118.65,8477.6,No
4349-Gfqhk,Male,0,No,No,1,Yes,Yes,Dsl,No,No,Yes,No,No,No,Month-To-Month,No,Electronic Check,54.35,54.35,Yes
4139-Detxs,Female,0,Yes,Yes,72,No,No Phone Service,Dsl,Yes,Yes,Yes,Yes,Yes,Yes,Two Year,No,Bank Transfer (Automatic),64.45,4528,No
9779-Dpnej,Female,0,Yes,Yes,22,Yes,No,Fiber Optic,No,No,No,No,No,Yes,Month-To-Month,Yes,Electronic Check,80.15,1790.65,No
9805-Filkb,Male,0,Yes,Yes,46,Yes,No,No,No Internet Service,No Internet Service,No Internet Service,No Internet Service,No Internet Service,No Internet Service,One Year,Yes,Bank Transfer (Automatic),20.2,845.6,No
5793-Yoljn,Female,0,Yes,Yes,55,Yes,No,No,No Internet Service,No Internet Service,No Internet Service,No Internet Service,No Internet Service,No Internet Service,Two Year,No,Mailed Check,21.0,1210.3,No
0673-Iguqo,Male,0,No,No,1,Yes,No,No,No Internet Service,No Internet Service,No Internet Service,No Internet Service,No Internet Service,No Internet Service,Month-To-Month,No,Mailed Check,20.45,20.45,No
4123-Fcvcb,Female,0,No,No,12,Yes,Yes,Dsl,No,No,No,Yes,Yes,Yes,One Year,Yes,Mailed Check,75.85,854.45,No
8819-Imisp,Male,0,No,No,31,Yes,Yes,Fiber Optic,No,Yes,No,No,No,No,Month-To-Month,Yes,Electronic Check,80.45,2429.1,No
7802-Efkny,Male,0,Yes,No,5,No,No Phone Service,Dsl,No,No,No,No,No,No,Month-To-Month,Yes,Electronic Check,24.95,100.4,Yes
8311-Ueuab,Female,0,Yes,Yes,67,Yes,Yes,Dsl,Yes,No,No,No,Yes,Yes,Two Year,Yes,Electronic Check,75.5,5229.45,No
5858-Eafcz,Male,0,No,No,1,Yes,No,Dsl,No,No,No,No,No,No,Month-To-Month,No,Mailed Check,44.45,44.45,No
8035-Buyvg,Male,0,Yes,No,40,No,No Phone Service,Dsl,Yes,Yes,Yes,No,No,No,One Year,Yes,Electronic Check,42.35,1716.45,Yes
1163-Onyey,Male,0,Yes,Yes,41,Yes,Yes,Dsl,Yes,Yes,Yes,No,Yes,No,Month-To-Month,Yes,Credit Card (Automatic),74.55,3023.55,No
9787-Xvqiu,Male,0,No,No,1,Yes,Yes,Fiber Optic,No,No,No,No,No,No,Month-To-Month,Yes,Electronic Check,75.3,75.3,Yes
8945-Muquf,Male,0,No,No,51,Yes,Yes,Fiber Optic,Yes,Yes,No,No,Yes,No,One Year,Yes,Electronic Check,94.8,4837.6,Yes
5656-Mjefc,Male,0,Yes,Yes,42,No,No Phone Service,Dsl,Yes,No,Yes,Yes,Yes,No,Two Year,No,Credit Card (Automatic),48.15,2032.3,No
6082-Oqfba,Male,0,Yes,Yes,23,Yes,No,No,No Internet Service,No Internet Service,No Internet Service,No Internet Service,No Internet Service,No Internet Service,One Year,No,Mailed Check,19.65,436.9,No
8051-Hjrlt,Female,1,No,No,1,Yes,No,Fiber Optic,No,No,No,No,No,No,Month-To-Month,Yes,Electronic Check,70.55,70.55,Yes
8974-Ovacp,Female,0,No,No,1,Yes,No,No,No Internet Service,No Internet Service,No Internet Service,No Internet Service,No Internet Service,No Internet Service,Month-To-Month,No,Mailed Check,20.15,20.15,No
4010-Ylmvt,Female,0,No,No,56,Yes,Yes,Fiber Optic,Yes,Yes,No,No,Yes,Yes,Month-To-Month,Yes,Credit Card (Automatic),106.6,5893.95,No
1379-Frveb,Male,0,No,Yes,15,Yes,Yes,Fiber Optic,No,Yes,No,No,Yes,No,Month-To-Month,Yes,Electronic Check,91.0,1430.05,No
8612-Gxidd,Male,0,Yes,Yes,12,Yes,Yes,No,No Internet Service,No Internet Service,No Internet Service,No Internet Service,No Internet Service,No Internet Service,Two Year,Yes,Bank Transfer (Automatic),25.4,313,No
6288-Chqjb,Female,0,Yes,Yes,54,Yes,No,Dsl,Yes,No,Yes,Yes,No,Yes,Two Year,No,Bank Transfer (Automatic),69.95,3871.85,No
8160-Howox,Female,0,No,No,7,Yes,No,Dsl,No,No,No,No,Yes,Yes,Month-To-Month,Yes,Electronic Check,66.85,458.1,No
3023-Gflbr,Female,0,Yes,Yes,33,Yes,Yes,Fiber Optic,No,No,No,No,No,Yes,Month-To-Month,No,Credit Card (Automatic),86.15,2745.7,Yes
6648-Inwps,Male,0,Yes,Yes,16,Yes,No,No,No Internet Service,No Internet Service,No Internet Service,No Internet Service,No Internet Service,No Internet Service,Month-To-Month,No,Electronic Check,20.15,341.35,No
4223-Bkeor,Female,0,No,Yes,21,Yes,No,Dsl,Yes,No,Yes,No,No,Yes,One Year,No,Mailed Check,64.85,1336.8,No
4079-Vtglk,Male,1,Yes,No,30,Yes,Yes,Dsl,No,No,Yes,No,Yes,Yes,Two Year,No,Electronic Check,74.85,2181.75,No
1763-Wqfuk,Male,0,No,No,3,Yes,No,Dsl,No,No,No,Yes,No,No,Month-To-Month,Yes,Mailed Check,50.5,147.75,No
1391-Ubdar,Male,0,No,No,11,Yes,No,Fiber Optic,No,No,Yes,No,No,No,Month-To-Month,No,Electronic Check,72.9,818.45,No
8894-Jvdcv,Female,0,No,No,62,Yes,Yes,Fiber Optic,Yes,Yes,Yes,Yes,Yes,Yes,One Year,Yes,Credit Card (Automatic),115.05,7133.45,No
2023-Vqfdl,Male,0,No,No,18,Yes,No,No,No Internet Service,No Internet Service,No Internet Service,No Internet Service,No Internet Service,No Internet Service,Month-To-Month,No,Electronic Check,19.0,348.8,No
1345-Gkdzz,Male,0,No,Yes,6,Yes,No,No,No Internet Service,No Internet Service,No Internet Service,No Internet Service,No Internet Service,No Internet Service,Month-To-Month,No,Mailed Check,19.55,128.6,No
2014-Mkgmh,Female,0,No,No,46,Yes,Yes,Fiber Optic,No,No,Yes,No,Yes,Yes,One Year,Yes,Electronic Check,101.1,4674.4,No
5628-Fcgyg,Male,0,No,No,21,Yes,Yes,Fiber Optic,No,No,No,No,No,Yes,Month-To-Month,Yes,Electronic Check,84.1,1737.45,No
2560-Wbwxf,Male,0,No,No,68,Yes,Yes,No,No Internet Service,No Internet Service,No Internet Service,No Internet Service,No Internet Service,No Internet Service,Two Year,Yes,Bank Transfer (Automatic),24.15,1498.85,No
0248-Ipdfw,Female,0,No,No,1,Yes,Yes,Dsl,No,No,No,No,No,No,Month-To-Month,Yes,Electronic Check,50.1,50.1,No
7978-Dkuqh,Female,0,Yes,No,25,Yes,No,Fiber Optic,No,No,Yes,No,No,No,Month-To-Month,Yes,Electronic Check,74.6,1797.75,No
4335-Upjsi,Female,0,No,Yes,24,Yes,No,No,No Internet Service,No Internet Service,No Internet Service,No Internet Service,No Internet Service,No Internet Service,Two Year,No,Mailed Check,19.75,498.1,No
0524-Iavzo,Female,0,Yes,No,30,Yes,Yes,Fiber Optic,No,No,No,No,No,Yes,Month-To-Month,Yes,Electronic Check,85.0,2624.25,Yes
2737-Yngyw,Female,0,No,No,2,Yes,No,Fiber Optic,No,No,No,No,No,Yes,Month-To-Month,No,Electronic Check,80.55,184.1,Yes
1784-Ezdkj,Male,0,Yes,No,51,Yes,Yes,Fiber Optic,No,Yes,Yes,No,Yes,Yes,One Year,Yes,Bank Transfer (Automatic),106.8,5498.8,No
9297-Fvvdh,Female,0,Yes,Yes,57,Yes,Yes,Dsl,Yes,No,Yes,Yes,Yes,Yes,Two Year,Yes,Electronic Check,84.5,4845.4,No
8007-Yypwd,Female,0,No,No,15,Yes,Yes,No,No Internet Service,No Internet Service,No Internet Service,No Internet Service,No Internet Service,No Internet Service,Two Year,No,Bank Transfer (Automatic),25.05,369.1,No
7101-Hrblj,Female,0,Yes,Yes,72,Yes,No,Dsl,Yes,Yes,Yes,Yes,Yes,Yes,Two Year,Yes,Bank Transfer (Automatic),83.7,6096.9,No
5159-Yfpkq,Female,0,No,No,2,Yes,No,Fiber Optic,No,No,Yes,No,No,No,Month-To-Month,Yes,Electronic Check,75.8,160.75,Yes
6635-Cpnun,Male,0,Yes,No,28,Yes,Yes,Fiber Optic,No,Yes,Yes,No,Yes,No,Month-To-Month,No,Credit Card (Automatic),96.6,2684.35,No
4021-Rqsny,Male,1,Yes,No,29,Yes,Yes,Fiber Optic,No,No,Yes,No,Yes,Yes,Month-To-Month,Yes,Electronic Check,98.5,3004.15,Yes
5453-Ybtwv,Male,0,Yes,Yes,70,Yes,No,Fiber Optic,Yes,Yes,Yes,Yes,Yes,No,Two Year,Yes,Credit Card (Automatic),101.1,6994.8,No
5039-Lzrqt,Female,0,No,No,13,Yes,No,No,No Internet Service,No Internet Service,No Internet Service,No Internet Service,No Internet Service,No Internet Service,One Year,No,Mailed Check,20.2,273.25,No
2931-Vuvjn,Female,1,Yes,No,59,Yes,Yes,Fiber Optic,Yes,Yes,Yes,Yes,No,No,One Year,Yes,Electronic Check,94.05,5483.9,No
9061-Tihda,Male,1,Yes,No,13,Yes,Yes,Fiber Optic,No,No,No,No,Yes,Yes,Month-To-Month,Yes,Electronic Check,95.25,1233.65,Yes
8699-Asufo,Male,1,Yes,No,7,Yes,Yes,Fiber Optic,No,No,No,No,No,No,Month-To-Month,Yes,Mailed Check,74.4,527.9,Yes
6418-Piqsp,Female,0,Yes,No,62,Yes,No,Dsl,Yes,No,Yes,Yes,Yes,Yes,Two Year,No,Mailed Check,81.0,4985.9,No
8220-Ocufy,Female,0,No,No,21,Yes,No,Dsl,Yes,No,Yes,Yes,No,No,One Year,Yes,Electronic Check,60.25,1258.35,No
3995-Wfcsm,Female,0,No,No,2,Yes,No,Dsl,No,No,Yes,No,No,Yes,Month-To-Month,No,Electronic Check,60.85,111.4,No
1895-Qtkdo,Female,0,No,No,1,Yes,No,Dsl,No,No,No,No,No,No,Month-To-Month,No,Credit Card (Automatic),43.95,43.95,No
2038-Oeqzh,Male,0,No,No,4,Yes,No,Fiber Optic,No,No,Yes,No,No,Yes,Month-To-Month,No,Electronic Check,86.05,308.1,No
1178-Pzgab,Female,0,No,No,19,Yes,No,No,No Internet Service,No Internet Service,No Internet Service,No Internet Service,No Internet Service,No Internet Service,One Year,No,Credit Card (Automatic),20.25,383.65,No
7927-Auxbz,Female,0,No,No,30,Yes,No,Fiber Optic,No,No,No,Yes,Yes,No,Month-To-Month,No,Electronic Check,85.15,2555.9,Yes
2626-Veewg,Male,0,Yes,Yes,67,Yes,No,No,No Internet Service,No Internet Service,No Internet Service,No Internet Service,No Internet Service,No Internet Service,Two Year,Yes,Credit Card (Automatic),19.4,1284.2,No
2878-Rmwxy,Male,1,Yes,No,72,Yes,Yes,Fiber Optic,Yes,Yes,Yes,No,No,Yes,Two Year,Yes,Credit Card (Automatic),102.65,7550.3,No
1657-Dymbm,Male,0,Yes,No,53,Yes,No,No,No Internet Service,No Internet Service,No Internet Service,No Internet Service,No Internet Service,No Internet Service,Two Year,No,Credit Card (Automatic),19.9,1110.05,No
7311-Mqjch,Female,0,No,No,5,Yes,No,No,No Internet Service,No Internet Service,No Internet Service,No Internet Service,No Internet Service,No Internet Service,One Year,No,Electronic Check,19.55,99.6,No
7375-Wmvmt,Male,1,Yes,No,71,Yes,No,Fiber Optic,No,Yes,Yes,Yes,No,Yes,Two Year,Yes,Credit Card (Automatic),95.5,6707.15,No
1136-Xgequ,Female,0,Yes,Yes,50,Yes,Yes,Dsl,No,Yes,Yes,Yes,Yes,Yes,One Year,Yes,Credit Card (Automatic),84.15,4164.4,No
2530-Fmfxo,Male,0,Yes,Yes,56,Yes,Yes,Fiber Optic,No,No,Yes,Yes,Yes,Yes,Two Year,Yes,Electronic Check,103.2,5873.75,No
6844-Dzkrf,Male,0,No,No,2,Yes,No,Dsl,No,No,No,Yes,No,No,Month-To-Month,Yes,Credit Card (Automatic),50.2,109.25,No
4695-Wjzue,Female,1,No,No,2,Yes,Yes,Fiber Optic,No,No,Yes,No,No,Yes,Month-To-Month,Yes,Electronic Check,88.55,179.25,Yes
7619-Odsgn,Male,0,Yes,Yes,24,Yes,Yes,Dsl,Yes,No,No,No,No,No,Month-To-Month,No,Electronic Check,54.75,1338.15,Yes
5970-Ghjaw,Male,0,Yes,Yes,46,Yes,No,No,No Internet Service,No Internet Service,No Internet Service,No Internet Service,No Internet Service,No Internet Service,Two Year,No,Credit Card (Automatic),19.95,862.4,No
8879-Xuahx,Male,0,Yes,No,71,Yes,Yes,Fiber Optic,Yes,Yes,Yes,Yes,Yes,Yes,Two Year,Yes,Electronic Check,116.25,8564.75,No
3689-Mozgr,Female,0,No,No,29,No,No Phone Service,Dsl,No,No,No,Yes,No,No,Month-To-Month,Yes,Electronic Check,31.2,926.2,No
4195-Pngzs,Male,0,Yes,Yes,69,Yes,Yes,No,No Internet Service,No Internet Service,No Internet Service,No Internet Service,No Internet Service,No Internet Service,Two Year,No,Bank Transfer (Automatic),24.45,1718.2,No
5003-Xzwwo,Male,0,Yes,No,71,Yes,Yes,Dsl,No,Yes,Yes,Yes,Yes,Yes,Two Year,No,Credit Card (Automatic),84.2,5956.85,No
3988-Rqixo,Female,1,No,No,1,Yes,No,Fiber Optic,No,No,No,No,Yes,Yes,Month-To-Month,Yes,Electronic Check,91.3,91.3,Yes
7622-Fwgew,Male,1,Yes,No,56,Yes,No,Dsl,Yes,Yes,Yes,Yes,Yes,Yes,Two Year,Yes,Bank Transfer (Automatic),85.65,4824.45,No
6922-Ncedi,Male,0,No,Yes,56,Yes,No,No,No Internet Service,No Internet Service,No Internet Service,No Internet Service,No Internet Service,No Internet Service,One Year,Yes,Mailed Check,21.2,1238.65,No
2514-Ginmm,Male,0,No,No,1,Yes,No,Fiber Optic,No,No,No,No,Yes,No,Month-To-Month,Yes,Electronic Check,79.5,79.5,Yes
9891-Nqdbd,Female,0,Yes,No,28,Yes,Yes,No,No Internet Service,No Internet Service,No Internet Service,No Internet Service,No Internet Service,No Internet Service,One Year,No,Mailed Check,25.55,672.2,No
6131-Iunxn,Female,0,Yes,Yes,19,Yes,No,No,No Internet Service,No Internet Service,No Internet Service,No Internet Service,No Internet Service,No Internet Service,Month-To-Month,No,Mailed Check,20.2,382.2,No
8548-Awofc,Male,0,Yes,No,66,Yes,Yes,Dsl,No,No,No,Yes,No,Yes,Month-To-Month,No,Electronic Check,63.85,4264.6,No
9798-Dryds,Female,0,Yes,Yes,17,Yes,Yes,Dsl,No,No,Yes,Yes,No,No,One Year,Yes,Mailed Check,61.95,1070.7,No
8532-Uefwh,Male,0,Yes,Yes,52,Yes,Yes,No,No Internet Service,No Internet Service,No Internet Service,No Internet Service,No Internet Service,No Internet Service,Two Year,No,Mailed Check,25.75,1345.85,No
6296-Ddoor,Female,0,No,No,19,Yes,No,Dsl,No,Yes,No,No,Yes,No,One Year,No,Electronic Check,58.2,1045.25,No
7951-Vrdvk,Female,0,No,No,36,Yes,No,Dsl,Yes,Yes,Yes,Yes,Yes,Yes,One Year,No,Bank Transfer (Automatic),85.85,3003.55,No
5931-Fljjf,Male,1,Yes,No,7,Yes,No,Fiber Optic,No,No,No,No,No,No,Month-To-Month,Yes,Mailed Check,70.1,467.55,Yes
4815-Yosuk,Male,0,Yes,Yes,72,Yes,Yes,Fiber Optic,Yes,Yes,Yes,Yes,No,Yes,One Year,Yes,Credit Card (Automatic),104.9,7537.5,No
2659-Vxmwz,Male,0,Yes,Yes,67,Yes,Yes,Fiber Optic,Yes,Yes,Yes,No,Yes,Yes,One Year,Yes,Electronic Check,111.3,7482.1,Yes
0380-Neavx,Male,1,No,No,34,Yes,No,Fiber Optic,No,Yes,Yes,No,Yes,Yes,One Year,Yes,Electronic Check,99.85,3343.15,No
3207-Oybwh,Male,1,Yes,No,57,Yes,Yes,Fiber Optic,No,Yes,Yes,No,No,Yes,Month-To-Month,Yes,Bank Transfer (Automatic),95.25,5427.05,Yes
4285-Gyrqc,Female,0,Yes,No,7,Yes,No,Fiber Optic,No,No,Yes,No,Yes,No,Month-To-Month,Yes,Electronic Check,86.25,587.1,Yes
7216-Ewtrs,Female,1,Yes,No,1,Yes,Yes,Fiber Optic,No,No,Yes,No,Yes,Yes,Month-To-Month,Yes,Electronic Check,100.8,100.8,Yes
4365-Msdyn,Male,0,Yes,No,8,Yes,No,No,No Internet Service,No Internet Service,No Internet Service,No Internet Service,No Internet Service,No Internet Service,Month-To-Month,Yes,Bank Transfer (Automatic),19.55,161.15,No
7036-Tydec,Female,0,No,No,69,Yes,Yes,Fiber Optic,No,No,Yes,Yes,Yes,Yes,Two Year,No,Electronic Check,104.0,7028.5,No
5802-Adbrc,Female,0,Yes,No,50,Yes,Yes,Fiber Optic,Yes,No,Yes,No,Yes,Yes,One Year,Yes,Mailed Check,104.4,5232.9,No
8076-Fezkj,Male,0,No,No,10,Yes,No,No,No Internet Service,No Internet Service,No Internet Service,No Internet Service,No Internet Service,No Internet Service,One Year,No,Mailed Check,19.5,225.85,No
5197-Ypybz,Female,0,Yes,Yes,12,Yes,Yes,No,No Internet Service,No Internet Service,No Internet Service,No Internet Service,No Internet Service,No Internet Service,Two Year,No,Credit Card (Automatic),25.25,274.7,No
8337-Mssxb,Female,0,No,No,14,Yes,No,Fiber Optic,No,Yes,No,No,No,Yes,Month-To-Month,Yes,Electronic Check,86.3,1180.95,Yes
4312-Gvynh,Female,0,Yes,No,70,No,No Phone Service,Dsl,Yes,No,Yes,Yes,No,Yes,Two Year,Yes,Bank Transfer (Automatic),49.85,3370.2,No
8495-Ljdfo,Female,1,No,No,64,Yes,Yes,Fiber Optic,Yes,No,Yes,Yes,Yes,Yes,Month-To-Month,Yes,Bank Transfer (Automatic),108.95,7111.3,No
0839-Jtcud,Female,0,Yes,Yes,66,Yes,Yes,Dsl,Yes,Yes,Yes,Yes,Yes,Yes,Two Year,No,Credit Card (Automatic),89.9,5958.85,No
5494-Wozrz,Female,0,Yes,Yes,71,Yes,No,Dsl,Yes,No,Yes,Yes,Yes,Yes,Two Year,Yes,Credit Card (Automatic),82.0,5999.85,No
1302-Uhbdd,Male,1,No,No,20,Yes,No,Fiber Optic,No,No,No,No,Yes,Yes,Month-To-Month,No,Electronic Check,89.95,1648.45,No
2234-Eofpt,Male,0,Yes,No,72,Yes,No,Dsl,Yes,Yes,No,Yes,Yes,Yes,Two Year,Yes,Bank Transfer (Automatic),79.35,5753.25,No
8619-Ijndk,Female,0,Yes,Yes,71,Yes,No,Dsl,Yes,Yes,Yes,Yes,No,No,Two Year,No,Credit Card (Automatic),64.05,4492.9,No
8378-Lkjaf,Male,0,Yes,Yes,38,Yes,Yes,Fiber Optic,No,No,Yes,No,Yes,Yes,Month-To-Month,Yes,Credit Card (Automatic),101.15,3956.7,No
8182-Bjdsi,Female,0,No,No,28,Yes,Yes,Fiber Optic,No,Yes,No,No,No,Yes,Month-To-Month,Yes,Electronic Check,89.95,2625.55,Yes
2528-Hfyzx,Male,1,Yes,No,17,Yes,No,Fiber Optic,No,Yes,No,No,No,No,Month-To-Month,Yes,Electronic Check,76.45,1233.4,Yes
1153-Gnolc,Male,0,No,No,33,No,No Phone Service,Dsl,No,Yes,No,No,Yes,No,One Year,Yes,Electronic Check,39.1,1309,No
3298-Qeica,Female,0,Yes,Yes,23,No,No Phone Service,Dsl,Yes,No,No,Yes,No,No,Two Year,No,Mailed Check,34.6,813.45,No
0788-Dxbfy,Male,0,Yes,Yes,58,Yes,No,No,No Internet Service,No Internet Service,No Internet Service,No Internet Service,No Internet Service,No Internet Service,One Year,Yes,Electronic Check,19.55,1108.8,No
3597-Yaszg,Female,1,Yes,No,70,Yes,Yes,Fiber Optic,No,Yes,No,Yes,Yes,Yes,Two Year,Yes,Bank Transfer (Automatic),104.45,7349.35,No
3496-Lfszu,Male,0,Yes,No,4,Yes,No,Fiber Optic,No,No,No,No,No,No,Month-To-Month,No,Electronic Check,70.5,294.2,No
5242-Uowhd,Male,0,Yes,Yes,45,Yes,No,No,No Internet Service,No Internet Service,No Internet Service,No Internet Service,No Internet Service,No Internet Service,Two Year,No,Mailed Check,20.35,929.2,No
2482-Czgbb,Male,0,No,No,10,Yes,No,Fiber Optic,No,No,No,No,No,No,Month-To-Month,Yes,Electronic Check,70.0,740,Yes
6479-Szplm,Male,0,Yes,Yes,36,Yes,No,No,No Internet Service,No Internet Service,No Internet Service,No Internet Service,No Internet Service,No Internet Service,Two Year,No,Credit Card (Automatic),19.45,754.5,No
8097-Vbqtz,Male,0,No,No,54,Yes,No,Dsl,Yes,Yes,No,Yes,Yes,No,Month-To-Month,Yes,Mailed Check,69.9,3883.3,No
4500-Hkann,Male,0,Yes,Yes,23,Yes,Yes,Dsl,No,Yes,No,Yes,No,No,Two Year,No,Mailed Check,59.7,1414.2,No
9917-Kwrbe,Female,0,Yes,Yes,41,Yes,Yes,Dsl,Yes,Yes,Yes,No,Yes,No,One Year,Yes,Credit Card (Automatic),78.35,3211.2,No
3420-Zdbma,Male,1,No,No,5,Yes,No,Fiber Optic,No,No,No,No,No,No,Month-To-Month,Yes,Mailed Check,71.45,371.6,No
2212-Lyask,Male,0,Yes,Yes,27,No,No Phone Service,Dsl,No,Yes,Yes,No,No,Yes,One Year,Yes,Credit Card (Automatic),45.85,1246.4,No
1393-Imkzg,Female,0,No,No,1,Yes,No,Fiber Optic,No,No,No,Yes,Yes,Yes,Month-To-Month,Yes,Electronic Check,95.85,95.85,No
8069-Rhuxk,Female,0,Yes,Yes,67,No,No Phone Service,Dsl,Yes,No,No,Yes,No,No,Two Year,No,Credit Card (Automatic),35.7,2545.7,No
3398-Gcpmu,Female,1,Yes,Yes,72,Yes,Yes,Dsl,Yes,Yes,Yes,Yes,Yes,Yes,Two Year,Yes,Credit Card (Automatic),89.55,6448.85,No
2908-Wgaxl,Female,0,Yes,Yes,56,Yes,Yes,No,No Internet Service,No Internet Service,No Internet Service,No Internet Service,No Internet Service,No Internet Service,Two Year,Yes,Credit Card (Automatic),24.95,1468.9,No
3378-Ajrao,Male,0,Yes,Yes,44,Yes,Yes,No,No Internet Service,No Internet Service,No Internet Service,No Internet Service,No Internet Service,No Internet Service,One Year,No,Electronic Check,24.85,1013.6,No
1013-Qcwam,Female,1,Yes,No,66,Yes,Yes,Fiber Optic,No,Yes,No,No,Yes,Yes,Month-To-Month,Yes,Electronic Check,100.8,6690.75,No
0866-Qlsir,Female,0,No,No,34,Yes,Yes,Dsl,Yes,Yes,No,Yes,No,No,One Year,Yes,Mailed Check,64.4,2088.75,Yes
6050-Ffxes,Female,0,Yes,No,69,Yes,Yes,Fiber Optic,No,No,Yes,Yes,Yes,Yes,Two Year,No,Bank Transfer (Automatic),105.35,7240.65,No
7181-Bqybv,Female,0,Yes,Yes,1,Yes,Yes,Fiber Optic,Yes,No,Yes,No,Yes,Yes,Month-To-Month,Yes,Electronic Check,102.45,102.45,Yes
0362-Raoqo,Female,0,No,No,40,Yes,No,No,No Internet Service,No Internet Service,No Internet Service,No Internet Service,No Internet Service,No Internet Service,Two Year,No,Credit Card (Automatic),19.65,830.25,No
9554-Dfkic,Male,0,Yes,Yes,30,Yes,Yes,Dsl,Yes,No,No,No,No,No,Month-To-Month,Yes,Bank Transfer (Automatic),54.45,1588.7,No
5527-Achso,Female,0,No,No,11,Yes,No,Dsl,No,No,No,Yes,Yes,Yes,Month-To-Month,No,Mailed Check,70.5,829.3,No
0829-Ddvlk,Female,0,No,No,15,Yes,No,No,No Internet Service,No Internet Service,No Internet Service,No Internet Service,No Internet Service,No Internet Service,One Year,No,Credit Card (Automatic),20.1,302.45,No
1399-Ubqiu,Male,0,No,No,11,Yes,No,Dsl,No,No,Yes,No,Yes,Yes,Month-To-Month,Yes,Electronic Check,69.35,712.25,No
1813-Jlkwr,Female,0,Yes,Yes,64,Yes,No,No,No Internet Service,No Internet Service,No Internet Service,No Internet Service,No Internet Service,No Internet Service,One Year,No,Bank Transfer (Automatic),19.8,1336.65,No
0336-Pikei,Male,1,Yes,No,72,Yes,No,Dsl,Yes,Yes,Yes,Yes,Yes,No,Two Year,No,Bank Transfer (Automatic),74.4,5360.75,No
7322-Ocwhc,Male,1,Yes,No,72,Yes,Yes,Fiber Optic,Yes,Yes,Yes,Yes,No,No,Two Year,Yes,Bank Transfer (Automatic),93.05,6735.05,No
9537-Vhdta,Female,0,No,Yes,1,Yes,No,Dsl,Yes,No,No,No,No,No,Month-To-Month,No,Mailed Check,51.2,51.2,No
4957-Tialw,Female,0,No,Yes,15,Yes,No,Dsl,Yes,Yes,Yes,Yes,No,No,One Year,No,Credit Card (Automatic),65.6,1010,No
2054-Pjock,Female,0,No,No,60,Yes,Yes,Dsl,No,No,Yes,Yes,Yes,Yes,One Year,No,Credit Card (Automatic),80.55,4847.05,No
9150-Hepmb,Male,0,No,No,56,Yes,No,Dsl,Yes,No,Yes,No,No,No,One Year,No,Mailed Check,52.7,3019.7,No
9030-Qgznl,Female,0,No,No,8,Yes,No,No,No Internet Service,No Internet Service,No Internet Service,No Internet Service,No Internet Service,No Internet Service,Two Year,No,Mailed Check,20.85,161.65,No
6204-Ieuxj,Female,0,No,No,3,Yes,No,Fiber Optic,No,No,Yes,Yes,No,No,Month-To-Month,No,Credit Card (Automatic),80.1,217.55,Yes
3126-Wqmgh,Female,0,Yes,No,49,Yes,Yes,Dsl,No,No,No,No,No,No,Month-To-Month,Yes,Credit Card (Automatic),52.15,2583.75,No
4529-Ckbcl,Female,0,No,No,2,Yes,No,Fiber Optic,No,No,No,No,Yes,No,Month-To-Month,Yes,Electronic Check,80.2,146.05,Yes
2506-Clakw,Female,0,No,No,6,Yes,No,Fiber Optic,Yes,Yes,Yes,Yes,No,Yes,Month-To-Month,Yes,Bank Transfer (Automatic),98.15,567.45,Yes
7176-Wrtnx,Male,0,No,No,70,Yes,Yes,Fiber Optic,Yes,Yes,Yes,Yes,Yes,Yes,Two Year,Yes,Bank Transfer (Automatic),114.95,7711.25,No
1583-Ihqze,Male,0,No,No,12,Yes,Yes,Fiber Optic,No,Yes,Yes,Yes,Yes,Yes,Month-To-Month,Yes,Mailed Check,112.95,1384.75,Yes
5732-Ikgqh,Male,1,Yes,No,52,Yes,No,Fiber Optic,Yes,No,Yes,Yes,Yes,Yes,One Year,Yes,Bank Transfer (Automatic),104.45,5481.25,No
9239-Gzhze,Female,0,Yes,No,72,Yes,Yes,Fiber Optic,Yes,Yes,Yes,Yes,Yes,Yes,Two Year,Yes,Credit Card (Automatic),113.65,8124.2,No
7205-Baiad,Female,0,No,No,40,Yes,No,No,No Internet Service,No Internet Service,No Internet Service,No Internet Service,No Internet Service,No Internet Service,Two Year,Yes,Bank Transfer (Automatic),20.6,827.3,No
0151-Ontov,Female,0,No,No,1,Yes,No,Fiber Optic,No,No,No,No,No,No,Month-To-Month,No,Mailed Check,70.9,70.9,Yes
4140-Muhug,Female,1,No,No,3,Yes,No,Fiber Optic,No,No,Yes,No,Yes,No,Month-To-Month,Yes,Electronic Check,86.85,220.95,Yes
0093-Exyql,Female,1,No,No,40,Yes,No,Fiber Optic,No,No,No,No,Yes,Yes,Month-To-Month,Yes,Electronic Check,91.55,3673.6,No
8064-Ravoh,Male,0,No,Yes,1,Yes,No,Dsl,No,No,Yes,No,No,No,Month-To-Month,Yes,Electronic Check,49.85,49.85,No
0219-Qaerp,Male,0,Yes,No,30,Yes,No,No,No Internet Service,No Internet Service,No Internet Service,No Internet Service,No Internet Service,No Internet Service,One Year,No,Credit Card (Automatic),19.8,576.65,No
0320-Jdnqg,Male,0,Yes,Yes,23,Yes,No,Fiber Optic,Yes,No,No,Yes,Yes,Yes,Month-To-Month,Yes,Electronic Check,99.85,2331.3,Yes
7180-Pisog,Male,0,Yes,Yes,1,Yes,Yes,Fiber Optic,No,No,No,No,No,No,Month-To-Month,Yes,Electronic Check,74.5,74.5,Yes
9168-Inpsz,Female,1,Yes,No,44,Yes,Yes,Fiber Optic,No,No,Yes,Yes,Yes,Yes,Month-To-Month,No,Electronic Check,104.15,4495.65,No
3571-Rfhar,Male,0,No,No,65,Yes,Yes,Fiber Optic,No,Yes,Yes,Yes,Yes,Yes,Month-To-Month,Yes,Electronic Check,109.15,6941.2,Yes
0015-Uocoj,Female,1,No,No,7,Yes,No,Dsl,Yes,No,No,No,No,No,Month-To-Month,Yes,Electronic Check,48.2,340.35,No
5334-Afqjb,Male,1,No,No,72,Yes,Yes,No,No Internet Service,No Internet Service,No Internet Service,No Internet Service,No Internet Service,No Internet Service,Two Year,Yes,Credit Card (Automatic),25.1,1789.9,No
2754-Sdjrd,Female,1,No,No,8,Yes,Yes,Fiber Optic,No,No,No,Yes,Yes,Yes,Month-To-Month,Yes,Credit Card (Automatic),100.15,908.55,No
9578-Vrmnm,Female,0,No,No,16,Yes,Yes,Dsl,No,No,Yes,No,No,Yes,Month-To-Month,Yes,Credit Card (Automatic),65.2,1043.35,Yes
1587-Fklzb,Male,1,Yes,Yes,66,Yes,Yes,Fiber Optic,No,No,Yes,No,Yes,Yes,Month-To-Month,Yes,Credit Card (Automatic),99.5,6822.15,Yes
6140-Qnrqq,Male,0,No,No,1,Yes,No,Fiber Optic,No,No,No,No,No,No,Month-To-Month,Yes,Mailed Check,71.55,71.55,Yes
8963-Jlgjt,Male,0,No,Yes,3,Yes,No,Dsl,Yes,No,Yes,No,No,No,Month-To-Month,No,Mailed Check,55.9,157.55,No
4307-Ktumw,Male,0,Yes,No,53,Yes,Yes,Fiber Optic,Yes,No,Yes,No,No,Yes,Month-To-Month,No,Electronic Check,93.9,5029.2,Yes
1465-Lntlj,Male,1,Yes,No,8,Yes,No,Dsl,No,No,Yes,Yes,No,Yes,Month-To-Month,Yes,Credit Card (Automatic),64.4,581.7,No
5440-Flbqg,Male,1,Yes,No,69,Yes,Yes,Fiber Optic,No,Yes,Yes,Yes,Yes,Yes,Two Year,Yes,Bank Transfer (Automatic),108.4,7318.2,Yes
2135-Dqwaq,Female,0,No,No,5,Yes,No,Fiber Optic,No,Yes,No,No,Yes,No,Month-To-Month,Yes,Mailed Check,85.3,420.45,No
4056-Qhxhz,Female,0,Yes,Yes,72,Yes,Yes,Fiber Optic,Yes,No,Yes,Yes,Yes,Yes,Two Year,No,Mailed Check,107.45,7576.7,No
7470-Mcqtk,Female,0,Yes,No,13,No,No Phone Service,Dsl,No,No,Yes,No,Yes,Yes,Month-To-Month,Yes,Bank Transfer (Automatic),48.75,633.4,Yes
7488-Mxjiv,Female,0,No,No,4,Yes,Yes,Fiber Optic,No,No,No,No,Yes,No,Month-To-Month,Yes,Electronic Check,85.65,321.65,Yes
7401-Jixnm,Female,0,Yes,Yes,54,Yes,Yes,Dsl,Yes,Yes,Yes,Yes,Yes,Yes,Two Year,No,Credit Card (Automatic),91.3,4965,No
9339-Fiijl,Male,0,Yes,No,72,Yes,Yes,Dsl,No,Yes,Yes,Yes,Yes,Yes,Two Year,No,Bank Transfer (Automatic),85.95,6151.9,No
2027-Feczv,Male,0,No,No,12,Yes,Yes,Fiber Optic,No,Yes,Yes,No,Yes,Yes,Month-To-Month,Yes,Electronic Check,106.7,1253.9,Yes
2672-Dzuoy,Male,0,No,No,1,No,No Phone Service,Dsl,No,No,No,No,No,No,Month-To-Month,Yes,Electronic Check,25.15,25.15,Yes
4706-Dgahw,Male,1,No,No,1,Yes,No,Dsl,No,No,No,No,No,No,Month-To-Month,No,Electronic Check,45.2,45.2,No
3870-Mqamg,Female,0,Yes,No,54,Yes,Yes,Fiber Optic,No,Yes,Yes,Yes,Yes,Yes,One Year,No,Electronic Check,110.35,5893.15,Yes
6670-Mfrpk,Male,0,Yes,Yes,69,Yes,Yes,Fiber Optic,No,No,Yes,No,No,No,Two Year,Yes,Credit Card (Automatic),79.2,5420.65,No
6177-Pevra,Female,0,No,No,48,Yes,No,Dsl,Yes,Yes,No,No,No,No,Two Year,No,Credit Card (Automatic),55.5,2627.35,No
4800-Czmpc,Female,0,Yes,Yes,48,Yes,Yes,Fiber Optic,Yes,Yes,No,No,Yes,Yes,One Year,Yes,Credit Card (Automatic),103.25,5037.55,Yes
4813-Hqmgz,Female,0,Yes,No,8,Yes,Yes,Fiber Optic,No,No,No,Yes,No,Yes,Month-To-Month,Yes,Electronic Check,90.25,743.75,No
7579-Kkloe,Male,0,Yes,Yes,71,Yes,Yes,Dsl,Yes,Yes,Yes,Yes,Yes,Yes,Two Year,Yes,Mailed Check,91.25,6589.6,No
7377-Dmmri,Male,0,No,No,2,Yes,No,Dsl,Yes,No,No,No,No,No,Month-To-Month,Yes,Electronic Check,47.8,92.45,Yes
8402-Eivqs,Male,0,Yes,No,67,Yes,No,Fiber Optic,Yes,Yes,No,No,Yes,Yes,One Year,Yes,Credit Card (Automatic),100.9,6733.15,No
4947-Dsmxk,Male,0,Yes,Yes,34,Yes,Yes,Fiber Optic,No,Yes,No,No,Yes,Yes,Month-To-Month,Yes,Bank Transfer (Automatic),97.7,3410,No
7245-Niiwq,Female,0,No,No,3,Yes,No,Fiber Optic,No,No,No,No,No,No,Month-To-Month,Yes,Electronic Check,69.85,199.85,No
0002-Orfbo,Female,0,Yes,Yes,9,Yes,No,Dsl,No,Yes,No,Yes,Yes,No,One Year,Yes,Mailed Check,65.6,593.3,No
3324-Oirto,Male,0,Yes,Yes,71,Yes,No,Fiber Optic,Yes,Yes,Yes,No,Yes,Yes,One Year,Yes,Bank Transfer (Automatic),104.65,7288.4,No
5414-Ofqcb,Male,0,No,No,57,Yes,Yes,Fiber Optic,No,No,No,Yes,Yes,No,Two Year,Yes,Credit Card (Automatic),90.45,5229.8,No
4967-Wpncf,Male,0,No,No,72,No,No Phone Service,Dsl,Yes,Yes,Yes,Yes,Yes,Yes,Two Year,Yes,Bank Transfer (Automatic),63.7,4464.8,No
8552-Obvru,Female,1,Yes,Yes,48,Yes,No,Fiber Optic,Yes,No,Yes,Yes,Yes,Yes,Month-To-Month,Yes,Electronic Check,104.5,5068.05,No
8499-Brxtd,Male,0,No,No,18,Yes,No,No,No Internet Service,No Internet Service,No Internet Service,No Internet Service,No Internet Service,No Internet Service,One Year,No,Mailed Check,20.1,401.85,No
9154-Qdgth,Male,0,Yes,Yes,43,Yes,Yes,Fiber Optic,No,No,Yes,Yes,Yes,Yes,One Year,Yes,Credit Card (Automatic),104.3,4451.85,No
8197-Bfwvu,Female,0,Yes,Yes,72,Yes,Yes,Dsl,Yes,Yes,Yes,Yes,Yes,Yes,Two Year,Yes,Bank Transfer (Automatic),93.25,6688.95,No
2577-Gvsil,Male,0,Yes,Yes,35,Yes,Yes,Dsl,No,No,No,Yes,Yes,Yes,One Year,Yes,Bank Transfer (Automatic),73.45,2661.1,No
9367-Oiuxp,Male,0,No,No,4,Yes,No,No,No Internet Service,No Internet Service,No Internet Service,No Internet Service,No Internet Service,No Internet Service,Month-To-Month,No,Mailed Check,20.7,73.05,No
6770-Uaygj,Female,0,Yes,Yes,49,Yes,Yes,No,No Internet Service,No Internet Service,No Internet Service,No Internet Service,No Internet Service,No Internet Service,Two Year,No,Mailed Check,25.25,1211.65,No
6463-Hhxjr,Female,0,Yes,Yes,71,Yes,Yes,Fiber Optic,Yes,Yes,Yes,No,Yes,No,Two Year,No,Bank Transfer (Automatic),100.5,7030.65,No
7928-Vjyab,Male,0,Yes,Yes,11,Yes,No,Fiber Optic,No,No,No,No,Yes,Yes,Month-To-Month,No,Electronic Check,90.6,1020.2,No
1187-Wilmm,Male,0,Yes,Yes,63,Yes,Yes,Dsl,Yes,Yes,Yes,Yes,Yes,Yes,Two Year,Yes,Credit Card (Automatic),89.4,5597.65,No
9776-Ojuzi,Female,1,No,No,65,Yes,Yes,Fiber Optic,No,Yes,Yes,No,Yes,No,Month-To-Month,Yes,Bank Transfer (Automatic),95.45,6223.3,No
1306-Rpwxz,Female,0,No,Yes,49,Yes,No,No,No Internet Service,No Internet Service,No Internet Service,No Internet Service,No Internet Service,No Internet Service,Two Year,No,Credit Card (Automatic),20.45,1024.65,No
8949-Jtmay,Female,0,No,No,29,Yes,Yes,Fiber Optic,No,No,Yes,No,Yes,Yes,Month-To-Month,Yes,Credit Card (Automatic),98.6,2933.2,Yes
2774-Lvqus,Female,1,Yes,No,15,Yes,Yes,Fiber Optic,No,No,Yes,Yes,No,No,Month-To-Month,Yes,Electronic Check,83.05,1258.3,Yes
3097-Pywxl,Female,0,Yes,Yes,4,Yes,No,No,No Internet Service,No Internet Service,No Internet Service,No Internet Service,No Internet Service,No Internet Service,Month-To-Month,Yes,Electronic Check,19.95,82.9,No
2266-Sjnat,Female,0,Yes,No,72,Yes,Yes,Fiber Optic,No,Yes,Yes,Yes,Yes,Yes,One Year,No,Credit Card (Automatic),109.15,7789.6,No
0869-Paprp,Female,1,Yes,No,26,Yes,No,Fiber Optic,No,No,Yes,No,Yes,No,Month-To-Month,Yes,Credit Card (Automatic),85.7,2067,No
4238-Jsswh,Female,1,Yes,No,35,Yes,Yes,Fiber Optic,No,No,Yes,No,Yes,Yes,Month-To-Month,No,Bank Transfer (Automatic),102.05,3452.55,No
2972-Ydyuw,Female,0,No,No,57,Yes,Yes,Fiber Optic,No,Yes,No,Yes,No,Yes,One Year,No,Electronic Check,94.7,5468.95,No
1104-Fejam,Male,0,Yes,Yes,28,Yes,Yes,Dsl,No,Yes,No,No,No,Yes,Month-To-Month,No,Electronic Check,64.4,1802.15,No
2809-Ilcyt,Female,0,Yes,No,25,Yes,Yes,No,No Internet Service,No Internet Service,No Internet Service,No Internet Service,No Internet Service,No Internet Service,One Year,Yes,Mailed Check,26.8,733.55,No
5499-Ecutn,Female,0,Yes,No,47,Yes,No,Dsl,Yes,No,Yes,No,Yes,No,One Year,Yes,Credit Card (Automatic),66.05,3021.45,No
4981-Fltmf,Female,0,Yes,Yes,57,Yes,Yes,Dsl,Yes,Yes,No,Yes,No,No,Month-To-Month,No,Bank Transfer (Automatic),65.2,3687.85,No
9121-Phqsr,Male,1,Yes,No,16,Yes,Yes,Fiber Optic,No,No,No,No,Yes,No,Month-To-Month,Yes,Credit Card (Automatic),85.05,1391.15,No
3113-Iwhlc,Male,0,No,No,5,Yes,No,Dsl,Yes,No,Yes,No,No,No,Month-To-Month,Yes,Mailed Check,55.8,274.35,No
3211-Iljtt,Male,0,Yes,No,17,Yes,No,Fiber Optic,No,No,No,No,No,No,Month-To-Month,Yes,Bank Transfer (Automatic),70.4,1214.05,Yes
4612-Thjbs,Female,1,No,No,56,Yes,Yes,Fiber Optic,No,Yes,Yes,No,Yes,Yes,One Year,Yes,Bank Transfer (Automatic),104.75,5510.65,Yes
4277-Bwbml,Male,0,Yes,Yes,72,Yes,No,No,No Internet Service,No Internet Service,No Internet Service,No Internet Service,No Internet Service,No Internet Service,Two Year,No,Bank Transfer (Automatic),19.95,1322.85,No
4094-Nsedu,Female,1,No,No,21,Yes,Yes,Fiber Optic,No,No,No,No,Yes,Yes,Month-To-Month,Yes,Electronic Check,94.25,1973.75,Yes
0234-Tevtt,Female,0,Yes,Yes,48,No,No Phone Service,Dsl,Yes,No,Yes,No,No,Yes,One Year,No,Credit Card (Automatic),45.0,2196.3,No
4304-Tspvk,Female,0,Yes,No,68,Yes,Yes,Fiber Optic,Yes,Yes,Yes,Yes,Yes,Yes,Two Year,No,Bank Transfer (Automatic),114.9,7843.55,No
1552-Aagrx,Female,0,No,No,30,Yes,Yes,Fiber Optic,Yes,No,No,Yes,Yes,Yes,Month-To-Month,No,Bank Transfer (Automatic),106.4,3211.9,No
2637-Fkfsy,Female,0,Yes,No,3,Yes,No,Dsl,No,No,No,No,No,No,Month-To-Month,Yes,Mailed Check,46.1,130.15,No
9796-Mvyxx,Female,1,No,No,14,No,No Phone Service,Dsl,Yes,No,Yes,Yes,No,No,Two Year,No,Mailed Check,39.7,692.35,No
7874-Ecpqj,Female,0,No,Yes,4,Yes,No,No,No Internet Service,No Internet Service,No Internet Service,No Internet Service,No Internet Service,No Internet Service,Month-To-Month,Yes,Bank Transfer (Automatic),20.05,85.5,No
0020-Inwck,Female,0,Yes,Yes,71,Yes,Yes,Fiber Optic,No,Yes,Yes,No,No,Yes,Two Year,Yes,Credit Card (Automatic),95.75,6849.4,No
7089-Rkvsz,Male,0,Yes,Yes,8,Yes,Yes,No,No Internet Service,No Internet Service,No Internet Service,No Internet Service,No Internet Service,No Internet Service,One Year,No,Mailed Check,24.4,203.95,No
2683-Jxwqq,Male,0,Yes,Yes,61,No,No Phone Service,Dsl,Yes,No,Yes,No,No,No,Month-To-Month,No,Bank Transfer (Automatic),33.6,2117.2,No
9548-Zmvtx,Male,0,Yes,Yes,72,Yes,Yes,Fiber Optic,No,Yes,Yes,Yes,No,No,Two Year,No,Bank Transfer (Automatic),90.45,6565.85,No
8739-Xnikg,Female,0,No,No,5,Yes,Yes,Fiber Optic,No,No,No,No,Yes,No,Month-To-Month,Yes,Electronic Check,84.0,424.75,No
9755-Jhnmn,Female,0,No,No,49,Yes,No,Dsl,Yes,Yes,Yes,Yes,No,No,Two Year,No,Bank Transfer (Automatic),67.4,3306.85,No
3981-Qsvqi,Male,0,No,No,8,Yes,No,No,No Internet Service,No Internet Service,No Internet Service,No Internet Service,No Internet Service,No Internet Service,Month-To-Month,Yes,Bank Transfer (Automatic),19.7,168.9,No
2789-Hqbou,Male,0,No,No,3,Yes,No,Fiber Optic,No,No,No,No,No,Yes,Month-To-Month,Yes,Electronic Check,80.35,253.8,No
9424-Cmpog,Male,0,Yes,Yes,9,Yes,No,No,No Internet Service,No Internet Service,No Internet Service,No Internet Service,No Internet Service,No Internet Service,Two Year,No,Mailed Check,19.6,197.4,No
5067-Wjeun,Male,0,Yes,Yes,67,Yes,No,Dsl,Yes,Yes,No,No,No,No,Two Year,Yes,Bank Transfer (Automatic),54.2,3838.2,No
3450-Wxoat,Male,0,No,No,46,Yes,No,Dsl,No,No,No,No,No,No,Month-To-Month,Yes,Credit Card (Automatic),45.2,2065.15,No
9251-Wnsod,Female,0,Yes,No,67,Yes,Yes,Dsl,Yes,Yes,Yes,No,No,Yes,One Year,No,Mailed Check,75.1,5064.45,No
6974-Dafli,Female,0,Yes,No,55,Yes,No,No,No Internet Service,No Internet Service,No Internet Service,No Internet Service,No Internet Service,No Internet Service,One Year,No,Electronic Check,19.7,1140.05,No
2616-Uutfk,Male,0,Yes,No,33,Yes,Yes,Dsl,Yes,Yes,Yes,No,Yes,No,Month-To-Month,Yes,Bank Transfer (Automatic),72.75,2447.45,No
7064-Jhxce,Male,0,Yes,Yes,62,Yes,No,No,No Internet Service,No Internet Service,No Internet Service,No Internet Service,No Internet Service,No Internet Service,Two Year,No,Credit Card (Automatic),20.05,1263.9,No
5103-Mhmhy,Female,0,No,Yes,1,Yes,No,Dsl,No,No,No,No,No,No,Month-To-Month,No,Mailed Check,45.95,45.95,Yes
7989-Awgeh,Male,0,Yes,Yes,49,No,No Phone Service,Dsl,Yes,No,No,No,No,Yes,Month-To-Month,Yes,Electronic Check,39.2,1838.15,No
4373-Vvhql,Male,0,No,No,1,Yes,No,Dsl,No,No,No,No,No,No,Month-To-Month,Yes,Electronic Check,44.75,44.75,No
4559-Uwiht,Male,0,Yes,No,14,Yes,Yes,Fiber Optic,No,Yes,Yes,No,No,No,Month-To-Month,Yes,Electronic Check,82.65,1185,No
7268-Igmfd,Male,1,No,No,18,Yes,Yes,Fiber Optic,No,No,Yes,Yes,Yes,No,Month-To-Month,No,Bank Transfer (Automatic),93.9,1743.9,No
1846-Xwoqn,Female,1,No,No,1,Yes,No,Fiber Optic,No,No,No,No,No,No,Month-To-Month,Yes,Electronic Check,70.15,70.15,Yes
0235-Kgslc,Female,0,No,No,1,Yes,No,Fiber Optic,No,No,Yes,No,Yes,No,Month-To-Month,Yes,Credit Card (Automatic),85.55,85.55,Yes
6650-Bwfrt,Female,0,Yes,No,72,Yes,Yes,Fiber Optic,Yes,Yes,Yes,Yes,Yes,Yes,Two Year,Yes,Credit Card (Automatic),117.15,8529.5,No
9570-Kyeua,Male,0,No,No,64,Yes,Yes,Fiber Optic,Yes,No,Yes,Yes,No,Yes,Two Year,No,Credit Card (Automatic),99.25,6549.45,No
6993-Ygfjv,Male,0,Yes,No,69,Yes,Yes,Fiber Optic,Yes,Yes,Yes,Yes,Yes,Yes,Two Year,Yes,Bank Transfer (Automatic),112.55,7806.5,No
2712-Syway,Female,0,No,No,1,Yes,Yes,No,No Internet Service,No Internet Service,No Internet Service,No Internet Service,No Internet Service,No Internet Service,Month-To-Month,Yes,Electronic Check,25.7,25.7,No
0730-Bgqgf,Male,0,Yes,Yes,71,Yes,Yes,Dsl,Yes,Yes,Yes,Yes,Yes,Yes,Two Year,No,Credit Card (Automatic),90.3,6287.3,No
5498-Ibwpi,Female,0,Yes,Yes,66,Yes,No,Dsl,No,No,No,Yes,No,No,One Year,Yes,Credit Card (Automatic),49.4,3251.85,No
9101-Ntixf,Male,0,No,No,2,Yes,No,No,No Internet Service,No Internet Service,No Internet Service,No Internet Service,No Internet Service,No Internet Service,Month-To-Month,No,Mailed Check,19.4,50.6,No
0013-Smeoe,Female,1,Yes,No,71,Yes,No,Fiber Optic,Yes,Yes,Yes,Yes,Yes,Yes,Two Year,Yes,Bank Transfer (Automatic),109.7,7904.25,No
9314-Qdmdw,Male,0,No,No,11,Yes,No,Dsl,No,Yes,No,No,Yes,No,One Year,Yes,Electronic Check,61.25,729.95,No
9308-Anmve,Male,0,No,Yes,47,Yes,No,Dsl,Yes,Yes,No,No,No,No,Month-To-Month,Yes,Electronic Check,55.3,2654.05,No
2884-Gbpfb,Female,0,Yes,No,35,Yes,No,Fiber Optic,No,No,No,No,No,No,Month-To-Month,Yes,Electronic Check,70.3,2416.55,Yes
3757-Njybx,Male,1,Yes,No,32,Yes,Yes,Fiber Optic,No,Yes,Yes,No,Yes,Yes,Month-To-Month,No,Bank Transfer (Automatic),106.35,3520.75,Yes
3413-Dhlpb,Male,0,Yes,Yes,60,Yes,Yes,Fiber Optic,No,Yes,No,Yes,Yes,Yes,Month-To-Month,Yes,Bank Transfer (Automatic),103.75,5969.95,No
7649-Phjvr,Male,0,No,No,11,Yes,No,No,No Internet Service,No Internet Service,No Internet Service,No Internet Service,No Internet Service,No Internet Service,One Year,No,Mailed Check,19.5,226.8,No
6114-Tcfid,Female,0,No,No,29,No,No Phone Service,Dsl,Yes,Yes,No,Yes,No,No,One Year,No,Credit Card (Automatic),39.5,1082.75,No
3787-Trial,Male,0,Yes,Yes,21,No,No Phone Service,Dsl,No,No,No,No,No,No,Month-To-Month,Yes,Electronic Check,26.05,565.75,No
2573-Gyruu,Male,1,Yes,No,48,Yes,Yes,Fiber Optic,No,No,Yes,No,No,Yes,Month-To-Month,Yes,Credit Card (Automatic),91.05,4370.75,No
5156-Umkow,Female,0,No,Yes,3,No,No Phone Service,Dsl,No,Yes,No,No,No,No,Month-To-Month,No,Mailed Check,29.65,90.05,No
1247-Qbvsh,Female,0,Yes,Yes,43,Yes,No,Dsl,No,Yes,No,No,No,No,Month-To-Month,No,Mailed Check,50.2,2169.4,No
6734-Gmpvk,Male,0,No,No,5,Yes,Yes,Fiber Optic,No,Yes,Yes,No,Yes,Yes,Month-To-Month,No,Electronic Check,105.3,550.6,No
9822-Oaovb,Female,0,No,No,1,Yes,No,Dsl,No,No,No,No,No,Yes,Month-To-Month,Yes,Electronic Check,55.45,55.45,No
6161-Erdgd,Male,0,Yes,Yes,71,Yes,Yes,Dsl,Yes,No,Yes,Yes,Yes,Yes,One Year,No,Electronic Check,85.45,6300.85,No
1226-Jznkr,Female,0,Yes,Yes,8,Yes,No,No,No Internet Service,No Internet Service,No Internet Service,No Internet Service,No Internet Service,No Internet Service,One Year,No,Electronic Check,19.8,160.05,No
7318-Eivko,Male,0,No,No,8,Yes,Yes,Dsl,No,No,No,No,Yes,No,Month-To-Month,Yes,Electronic Check,59.25,436.6,No
3771-Pzobw,Male,0,No,No,20,Yes,Yes,Fiber Optic,No,No,Yes,No,Yes,No,Month-To-Month,Yes,Credit Card (Automatic),90.7,1781.35,No
5136-Kckgi,Female,0,Yes,Yes,33,Yes,Yes,Fiber Optic,Yes,No,Yes,No,Yes,Yes,One Year,Yes,Mailed Check,103.7,3467,Yes
8231-Bswxx,Male,0,No,No,71,Yes,Yes,Fiber Optic,No,Yes,No,No,No,No,One Year,Yes,Credit Card (Automatic),79.05,5552.5,No
6486-Lhtma,Female,1,Yes,No,31,Yes,Yes,Fiber Optic,No,No,Yes,No,Yes,No,One Year,Yes,Electronic Check,90.7,2835.5,No
4083-Bfnyk,Female,1,Yes,No,38,Yes,Yes,Fiber Optic,Yes,Yes,No,No,No,Yes,One Year,No,Credit Card (Automatic),95.0,3591.25,No
3722-Wpxtk,Male,0,No,No,1,Yes,No,Fiber Optic,No,No,No,No,Yes,Yes,Month-To-Month,Yes,Electronic Check,88.35,88.35,Yes
7389-Kbfit,Female,0,Yes,Yes,2,No,No Phone Service,Dsl,No,Yes,No,No,No,No,Month-To-Month,Yes,Mailed Check,30.25,63.75,No
7176-Wionm,Female,0,Yes,No,12,No,No Phone Service,Dsl,No,No,Yes,No,Yes,Yes,Month-To-Month,Yes,Bank Transfer (Automatic),49.85,617.15,No
5141-Zuvbh,Female,0,No,Yes,9,Yes,No,Fiber Optic,Yes,No,Yes,Yes,No,Yes,Month-To-Month,No,Bank Transfer (Automatic),93.0,870.25,No
1089-Hdmkp,Male,1,No,Yes,11,Yes,No,Dsl,No,Yes,No,Yes,No,No,Month-To-Month,Yes,Electronic Check,54.55,601.25,No
7623-Hkyrk,Male,0,No,Yes,6,Yes,No,No,No Internet Service,No Internet Service,No Internet Service,No Internet Service,No Internet Service,No Internet Service,Month-To-Month,No,Mailed Check,19.7,111.65,No
0310-Sucin,Female,0,Yes,No,71,Yes,No,Dsl,Yes,Yes,Yes,Yes,Yes,Yes,One Year,Yes,Bank Transfer (Automatic),84.8,6046.1,No
5197-Pyepu,Female,0,Yes,Yes,42,Yes,Yes,Fiber Optic,Yes,Yes,No,No,Yes,No,One Year,Yes,Credit Card (Automatic),94.45,3923.8,No
2929-Ercfz,Female,0,Yes,Yes,8,Yes,No,Fiber Optic,No,No,Yes,No,Yes,Yes,Month-To-Month,Yes,Electronic Check,94.2,777.3,Yes
7548-Sepyi,Female,0,No,No,5,Yes,No,Fiber Optic,No,Yes,No,No,Yes,Yes,Month-To-Month,Yes,Electronic Check,96.25,512.45,Yes
8835-Vsdse,Female,0,Yes,No,2,Yes,No,Fiber Optic,No,No,No,No,No,No,Month-To-Month,Yes,Electronic Check,70.7,141.45,Yes
6619-Rplqz,Female,0,Yes,Yes,45,Yes,No,No,No Internet Service,No Internet Service,No Internet Service,No Internet Service,No Internet Service,No Internet Service,Two Year,No,Mailed Check,20.85,892.15,No
3275-Rhrne,Male,0,Yes,Yes,28,No,No Phone Service,Dsl,No,Yes,Yes,Yes,Yes,Yes,One Year,Yes,Credit Card (Automatic),60.0,1682.05,No
3503-Tyday,Female,0,Yes,No,43,Yes,Yes,Fiber Optic,No,Yes,No,No,No,No,Month-To-Month,No,Electronic Check,80.45,3398.9,No
6901-Gogzg,Male,0,No,Yes,60,Yes,Yes,Dsl,Yes,No,Yes,Yes,Yes,Yes,Two Year,Yes,Electronic Check,84.95,4984.85,No
1623-Nldot,Female,0,Yes,No,42,No,No Phone Service,Dsl,No,Yes,No,Yes,No,No,One Year,No,Mailed Check,33.55,1445.3,Yes
7021-Xsnye,Male,0,Yes,Yes,7,No,No Phone Service,Dsl,Yes,No,Yes,Yes,No,Yes,Two Year,No,Credit Card (Automatic),49.65,305.55,No
9621-Oupyd,Female,0,Yes,No,25,Yes,No,No,No Internet Service,No Internet Service,No Internet Service,No Internet Service,No Internet Service,No Internet Service,One Year,Yes,Bank Transfer (Automatic),20.2,507.9,No
9898-Kzqdz,Female,1,Yes,Yes,40,Yes,Yes,Fiber Optic,No,No,No,No,Yes,Yes,Month-To-Month,Yes,Credit Card (Automatic),94.55,3640.45,Yes
8982-Nhavy,Male,0,No,No,27,Yes,Yes,Fiber Optic,No,No,Yes,No,Yes,Yes,One Year,Yes,Bank Transfer (Automatic),100.5,2673.45,No
4307-Kwmxe,Male,0,No,No,10,No,No Phone Service,Dsl,No,Yes,No,Yes,No,No,Month-To-Month,No,Electronic Check,35.75,389.8,No
0141-Yeays,Female,1,No,No,27,Yes,Yes,Fiber Optic,No,Yes,Yes,No,No,No,Month-To-Month,Yes,Bank Transfer (Automatic),86.45,2401.05,No
2450-Zkeed,Female,0,No,No,11,Yes,No,Dsl,No,No,Yes,Yes,No,No,One Year,No,Bank Transfer (Automatic),53.8,651.55,No
3694-Delso,Male,0,Yes,Yes,4,No,No Phone Service,Dsl,Yes,No,No,No,Yes,No,Month-To-Month,No,Credit Card (Automatic),38.55,156.1,No
3893-Jrnfs,Male,0,No,No,68,No,No Phone Service,Dsl,No,No,Yes,No,No,Yes,Month-To-Month,Yes,Bank Transfer (Automatic),39.9,2796.35,No
9603-Oaihc,Male,1,No,No,1,Yes,No,Fiber Optic,No,No,No,No,No,No,Month-To-Month,Yes,Electronic Check,70.05,70.05,No
1133-Kxcge,Female,0,No,No,18,Yes,No,No,No Internet Service,No Internet Service,No Internet Service,No Internet Service,No Internet Service,No Internet Service,One Year,No,Mailed Check,20.1,407.05,No
5236-Perkl,Female,0,No,No,57,Yes,Yes,Fiber Optic,Yes,Yes,Yes,No,Yes,Yes,Two Year,Yes,Bank Transfer (Automatic),112.95,6465,Yes
0142-Gvysn,Male,0,No,No,26,Yes,No,No,No Internet Service,No Internet Service,No Internet Service,No Internet Service,No Internet Service,No Internet Service,Month-To-Month,Yes,Electronic Check,20.3,511.25,No
1049-Fysyg,Female,0,Yes,No,17,No,No Phone Service,Dsl,No,Yes,Yes,No,No,No,Month-To-Month,Yes,Credit Card (Automatic),35.65,646.05,No
7854-Foksf,Male,0,No,No,1,No,No Phone Service,Dsl,No,No,No,No,No,Yes,Month-To-Month,No,Electronic Check,35.9,35.9,Yes
2519-Fakod,Male,0,No,Yes,38,Yes,Yes,Fiber Optic,No,No,Yes,No,Yes,Yes,Month-To-Month,Yes,Bank Transfer (Automatic),99.25,3777.15,Yes
8406-Lnmhf,Male,1,Yes,No,59,Yes,No,Fiber Optic,Yes,Yes,Yes,No,No,No,One Year,Yes,Credit Card (Automatic),82.95,4903.15,No
1821-Bucwy,Male,0,No,No,30,Yes,No,Dsl,Yes,No,Yes,No,No,No,Two Year,Yes,Mailed Check,55.65,1653.85,No
8263-Jqaik,Male,1,No,No,2,No,No Phone Service,Dsl,No,No,No,No,No,No,Month-To-Month,Yes,Mailed Check,24.45,47.5,Yes
0023-Uyupn,Female,1,Yes,No,50,Yes,Yes,No,No Internet Service,No Internet Service,No Internet Service,No Internet Service,No Internet Service,No Internet Service,One Year,No,Electronic Check,25.2,1306.3,No
8314-Dpqhl,Male,0,No,No,9,No,No Phone Service,Dsl,Yes,No,Yes,Yes,No,Yes,One Year,No,Mailed Check,50.8,463.6,No
1465-Wczvt,Female,0,Yes,Yes,3,Yes,No,No,No Internet Service,No Internet Service,No Internet Service,No Internet Service,No Internet Service,No Internet Service,Month-To-Month,No,Mailed Check,19.65,60.65,No
9481-Sfcqy,Female,0,No,Yes,14,Yes,No,Dsl,No,No,Yes,No,Yes,No,Month-To-Month,Yes,Credit Card (Automatic),59.8,824.85,No
6360-Svnwv,Female,1,No,No,31,Yes,No,Fiber Optic,Yes,No,No,No,No,No,Month-To-Month,Yes,Credit Card (Automatic),73.55,2094.65,No
0567-Ggcac,Female,0,No,No,7,Yes,No,Dsl,Yes,Yes,Yes,No,No,No,Month-To-Month,No,Electronic Check,61.4,438.9,No
7089-Ivvaz,Female,0,No,No,8,Yes,Yes,Fiber Optic,Yes,No,No,Yes,Yes,Yes,Month-To-Month,Yes,Bank Transfer (Automatic),103.35,847.3,Yes
8884-Mrnsu,Male,0,Yes,Yes,17,Yes,No,No,No Internet Service,No Internet Service,No Internet Service,No Internet Service,No Internet Service,No Internet Service,One Year,No,Bank Transfer (Automatic),19.9,329.75,No
2171-Udmfd,Male,0,Yes,Yes,32,Yes,No,No,No Internet Service,No Internet Service,No Internet Service,No Internet Service,No Internet Service,No Internet Service,Month-To-Month,Yes,Credit Card (Automatic),19.45,674.55,No
9050-Ikdza,Female,1,No,No,2,Yes,No,Fiber Optic,No,No,No,No,Yes,No,Month-To-Month,No,Mailed Check,81.5,162.55,No
2205-Ymzzj,Male,1,No,No,7,Yes,Yes,Fiber Optic,No,No,No,No,Yes,No,Month-To-Month,Yes,Electronic Check,84.8,546.95,Yes
9802-Caqut,Female,0,Yes,Yes,72,Yes,Yes,Fiber Optic,Yes,Yes,Yes,No,Yes,Yes,Two Year,No,Credit Card (Automatic),109.55,7887.25,No
1254-Izeyf,Female,1,No,No,31,Yes,Yes,Fiber Optic,No,Yes,No,No,Yes,Yes,Month-To-Month,Yes,Electronic Check,99.95,3186.65,Yes
0187-Wznab,Female,0,Yes,Yes,27,Yes,No,Fiber Optic,Yes,No,No,No,No,No,Month-To-Month,No,Mailed Check,74.4,1972.35,No
9492-Tokri,Female,0,No,No,18,Yes,Yes,Fiber Optic,No,Yes,No,No,Yes,No,Month-To-Month,Yes,Credit Card (Automatic),90.0,1527.35,Yes
1475-Vwvdo,Male,0,No,No,7,Yes,No,Fiber Optic,No,No,Yes,No,No,No,Month-To-Month,Yes,Electronic Check,74.9,490.55,No
9221-Otivj,Female,1,No,No,14,Yes,Yes,Fiber Optic,No,Yes,Yes,No,Yes,Yes,Month-To-Month,Yes,Electronic Check,104.85,1531.4,Yes
1357-Mvdoz,Male,0,Yes,Yes,11,Yes,No,Dsl,No,No,Yes,No,Yes,No,Month-To-Month,Yes,Bank Transfer (Automatic),59.65,683.25,No
7602-Mvrmb,Female,0,Yes,Yes,72,Yes,Yes,Fiber Optic,Yes,No,Yes,Yes,Yes,Yes,Two Year,Yes,Bank Transfer (Automatic),110.45,8058.85,No
3325-Fuycg,Male,0,Yes,Yes,28,Yes,Yes,Fiber Optic,Yes,Yes,No,No,Yes,Yes,One Year,No,Electronic Check,106.1,2847.4,Yes
5908-Qmgoe,Male,1,No,No,15,Yes,Yes,Fiber Optic,No,No,No,No,No,No,Month-To-Month,Yes,Credit Card (Automatic),74.2,1133.9,Yes
1197-Bvmvg,Female,1,No,No,4,Yes,Yes,Fiber Optic,No,No,No,No,No,No,Month-To-Month,Yes,Electronic Check,74.45,294.45,No
5406-Kgrmx,Female,0,No,No,71,Yes,Yes,No,No Internet Service,No Internet Service,No Internet Service,No Internet Service,No Internet Service,No Internet Service,Two Year,No,Electronic Check,24.55,1719.15,No
8481-Yyxwg,Female,0,No,No,5,Yes,No,Fiber Optic,No,Yes,No,Yes,No,Yes,Month-To-Month,Yes,Electronic Check,89.35,461.7,Yes
5968-Hyjrz,Male,0,Yes,Yes,47,Yes,Yes,No,No Internet Service,No Internet Service,No Internet Service,No Internet Service,No Internet Service,No Internet Service,Two Year,No,Mailed Check,24.55,1160.45,No
5198-Efnbm,Male,1,Yes,No,57,Yes,No,Fiber Optic,No,Yes,Yes,No,Yes,No,One Year,Yes,Electronic Check,90.65,5199.8,No
7516-Gmhuv,Male,1,Yes,No,50,Yes,Yes,Fiber Optic,Yes,No,Yes,No,Yes,Yes,Two Year,Yes,Credit Card (Automatic),105.05,5163.3,No
7140-Adsmj,Male,0,No,No,8,Yes,No,No,No Internet Service,No Internet Service,No Internet Service,No Internet Service,No Internet Service,No Internet Service,Month-To-Month,Yes,Credit Card (Automatic),20.45,162.3,No
2230-Xtuwl,Female,0,Yes,Yes,48,Yes,No,No,No Internet Service,No Internet Service,No Internet Service,No Internet Service,No Internet Service,No Internet Service,Two Year,No,Mailed Check,19.55,883.35,No
7706-Ylmqa,Female,0,No,No,70,Yes,No,No,No Internet Service,No Internet Service,No Internet Service,No Internet Service,No Internet Service,No Internet Service,One Year,No,Bank Transfer (Automatic),19.7,1341.5,No
2585-Ktfre,Male,0,No,Yes,1,Yes,No,Dsl,Yes,Yes,No,Yes,No,Yes,Month-To-Month,Yes,Bank Transfer (Automatic),70.45,70.45,No
7994-Uyivz,Male,0,Yes,No,8,Yes,Yes,Fiber Optic,No,No,No,No,No,Yes,Month-To-Month,Yes,Bank Transfer (Automatic),85.65,659.45,No
2609-Iaicy,Female,0,No,No,1,Yes,Yes,Fiber Optic,No,No,No,No,No,No,Month-To-Month,Yes,Electronic Check,77.15,77.15,Yes
1740-Csdjp,Male,0,No,No,1,No,No Phone Service,Dsl,No,No,No,No,No,Yes,Month-To-Month,Yes,Bank Transfer (Automatic),35.25,35.25,Yes
7717-Bicxi,Male,0,Yes,Yes,60,Yes,No,No,No Internet Service,No Internet Service,No Internet Service,No Internet Service,No Internet Service,No Internet Service,Two Year,No,Mailed Check,20.55,1205.05,No
6559-Rakoz,Male,0,Yes,Yes,49,Yes,Yes,Fiber Optic,No,No,No,Yes,Yes,Yes,One Year,Yes,Electronic Check,97.95,4917.9,No
2636-Ohfmn,Male,0,Yes,No,4,No,No Phone Service,Dsl,No,Yes,No,No,Yes,Yes,Month-To-Month,Yes,Electronic Check,48.55,201,Yes
4716-Mrven,Female,0,No,No,29,Yes,No,No,No Internet Service,No Internet Service,No Internet Service,No Internet Service,No Internet Service,No Internet Service,One Year,No,Mailed Check,20.0,599.3,No
2143-Ljult,Female,0,Yes,No,67,Yes,Yes,No,No Internet Service,No Internet Service,No Internet Service,No Internet Service,No Internet Service,No Internet Service,Two Year,Yes,Credit Card (Automatic),25.25,1733.15,No
1323-Ooepc,Female,0,Yes,No,53,Yes,Yes,Fiber Optic,No,Yes,No,No,Yes,Yes,Month-To-Month,Yes,Credit Card (Automatic),98.4,5149.5,Yes
3200-Mnqtf,Male,0,Yes,No,67,Yes,Yes,Dsl,Yes,Yes,Yes,Yes,No,No,Two Year,No,Credit Card (Automatic),70.9,4677.1,No
6164-Hxugh,Female,0,Yes,Yes,6,Yes,No,No,No Internet Service,No Internet Service,No Internet Service,No Internet Service,No Internet Service,No Internet Service,Month-To-Month,No,Mailed Check,19.85,119.3,No
5630-Ixdxv,Female,0,No,No,47,Yes,Yes,Fiber Optic,No,Yes,Yes,No,Yes,Yes,Month-To-Month,Yes,Electronic Check,106.35,4849.1,No
0320-Dwvtu,Female,0,No,No,53,Yes,No,Fiber Optic,Yes,Yes,Yes,Yes,No,Yes,Two Year,No,Mailed Check,99.5,5424.25,No
9135-Mgvpy,Male,0,Yes,No,69,Yes,No,Dsl,Yes,Yes,Yes,Yes,Yes,Yes,Two Year,Yes,Mailed Check,84.7,5878.9,No
1212-Glhmd,Male,0,No,No,3,Yes,No,Fiber Optic,Yes,No,No,No,No,Yes,Month-To-Month,Yes,Mailed Check,86.05,244.85,No
7878-Jgdkk,Male,0,No,No,4,Yes,No,Dsl,No,No,No,No,No,No,Month-To-Month,No,Mailed Check,44.55,220.75,No
1088-Auuzz,Male,0,Yes,Yes,56,Yes,Yes,Dsl,Yes,Yes,No,Yes,No,Yes,Two Year,Yes,Credit Card (Automatic),75.85,4261.2,No
0397-Gzbbc,Male,1,Yes,No,59,Yes,Yes,Fiber Optic,No,No,No,No,Yes,Yes,Month-To-Month,Yes,Bank Transfer (Automatic),93.85,5574.75,Yes
6614-Ywysc,Male,1,Yes,No,61,Yes,Yes,No,No Internet Service,No Internet Service,No Internet Service,No Internet Service,No Internet Service,No Internet Service,Two Year,No,Bank Transfer (Automatic),25.0,1501.75,No
9588-Ozdmq,Female,0,Yes,No,2,Yes,No,Dsl,No,No,No,No,No,No,Month-To-Month,Yes,Electronic Check,45.0,89.75,No
7641-Euyet,Male,1,Yes,Yes,46,Yes,Yes,Fiber Optic,Yes,Yes,Yes,No,Yes,No,Month-To-Month,Yes,Electronic Check,100.7,4541.2,Yes
6476-Epyzr,Male,0,Yes,Yes,12,Yes,No,No,No Internet Service,No Internet Service,No Internet Service,No Internet Service,No Internet Service,No Internet Service,Month-To-Month,No,Mailed Check,20.5,255.5,No
9921-Zvrhg,Female,0,No,No,14,Yes,Yes,Fiber Optic,No,No,Yes,No,No,No,Month-To-Month,Yes,Electronic Check,80.45,1072,Yes
1174-Fgifn,Female,0,Yes,Yes,28,Yes,Yes,Fiber Optic,No,No,No,Yes,No,Yes,One Year,Yes,Electronic Check,90.45,2509.25,No
6620-Hvduj,Male,0,No,No,24,Yes,No,Dsl,Yes,Yes,No,Yes,No,No,Month-To-Month,No,Bank Transfer (Automatic),60.45,1440.75,No
4701-Mljpn,Male,0,No,No,31,Yes,No,Dsl,No,No,Yes,Yes,No,No,Month-To-Month,Yes,Electronic Check,55.25,1715.65,Yes
1032-Maelw,Female,0,Yes,Yes,68,Yes,Yes,Dsl,Yes,Yes,Yes,Yes,No,Yes,One Year,Yes,Electronic Check,78.45,5333.35,No
7641-Tqfhn,Male,0,No,Yes,39,Yes,Yes,Fiber Optic,No,No,No,Yes,Yes,Yes,Two Year,No,Mailed Check,100.55,3895.35,No
1552-Tkmxs,Female,0,Yes,No,42,Yes,No,No,No Internet Service,No Internet Service,No Internet Service,No Internet Service,No Internet Service,No Internet Service,Month-To-Month,No,Credit Card (Automatic),20.35,869.9,No
9206-Gvpeq,Male,0,Yes,No,13,No,No Phone Service,Dsl,Yes,No,No,Yes,Yes,Yes,Month-To-Month,Yes,Electronic Check,54.45,706.85,Yes
8622-Zlfko,Female,0,Yes,No,6,Yes,Yes,Fiber Optic,No,Yes,No,No,No,Yes,Month-To-Month,Yes,Electronic Check,90.75,512.25,No
1596-Bbvtg,Male,0,No,No,35,Yes,Yes,Fiber Optic,No,No,No,No,No,No,Month-To-Month,No,Credit Card (Automatic),75.35,2636.05,Yes
6188-Uxbbr,Female,0,Yes,No,38,Yes,No,No,No Internet Service,No Internet Service,No Internet Service,No Internet Service,No Internet Service,No Internet Service,One Year,Yes,Credit Card (Automatic),20.25,814.75,No
2333-Kweww,Male,0,No,No,18,Yes,No,No,No Internet Service,No Internet Service,No Internet Service,No Internet Service,No Internet Service,No Internet Service,Two Year,No,Credit Card (Automatic),20.05,388.6,No
5702-Skuob,Female,0,Yes,No,4,Yes,No,No,No Internet Service,No Internet Service,No Internet Service,No Internet Service,No Internet Service,No Internet Service,Month-To-Month,No,Mailed Check,19.6,93.45,No
1134-Ywtyf,Male,0,Yes,No,27,Yes,No,Dsl,No,Yes,No,Yes,No,No,Month-To-Month,Yes,Electronic Check,53.8,1389.85,No
6061-Gwwav,Male,0,No,Yes,41,Yes,No,Dsl,Yes,Yes,Yes,No,Yes,No,One Year,No,Mailed Check,70.2,2894.55,No
0679-Tdgak,Male,0,Yes,Yes,50,Yes,No,Dsl,Yes,No,No,Yes,Yes,Yes,One Year,No,Electronic Check,75.5,4025.6,No
6585-Wcewr,Male,0,Yes,Yes,72,Yes,No,No,No Internet Service,No Internet Service,No Internet Service,No Internet Service,No Internet Service,No Internet Service,Two Year,No,Electronic Check,20.35,1354.4,No
9067-Ygsca,Female,0,No,No,70,Yes,Yes,No,No Internet Service,No Internet Service,No Internet Service,No Internet Service,No Internet Service,No Internet Service,One Year,No,Credit Card (Automatic),26.05,1856.4,No
9067-Sqtns,Male,0,Yes,Yes,44,Yes,No,No,No Internet Service,No Internet Service,No Internet Service,No Internet Service,No Internet Service,No Internet Service,One Year,No,Bank Transfer (Automatic),20.6,926,No
8433-Wxgna,Male,0,No,No,2,Yes,No,Fiber Optic,Yes,No,No,No,No,No,Month-To-Month,Yes,Electronic Check,75.7,189.2,Yes
1776-Spbwv,Female,0,Yes,Yes,34,Yes,No,No,No Internet Service,No Internet Service,No Internet Service,No Internet Service,No Internet Service,No Internet Service,One Year,Yes,Bank Transfer (Automatic),20.1,682.1,No
8735-Sdufn,Female,1,Yes,No,72,Yes,Yes,No,No Internet Service,No Internet Service,No Internet Service,No Internet Service,No Internet Service,No Internet Service,Two Year,No,Bank Transfer (Automatic),24.3,1778.7,No
9668-Pugnu,Male,0,Yes,No,71,Yes,Yes,No,No Internet Service,No Internet Service,No Internet Service,No Internet Service,No Internet Service,No Internet Service,Two Year,Yes,Electronic Check,24.5,1816.2,No
9405-Gpbbg,Female,0,No,No,64,Yes,Yes,Fiber Optic,No,Yes,Yes,Yes,Yes,Yes,Two Year,Yes,Credit Card (Automatic),110.5,7069.25,No
1926-Quznn,Female,0,Yes,No,72,Yes,Yes,No,No Internet Service,No Internet Service,No Internet Service,No Internet Service,No Internet Service,No Internet Service,Two Year,Yes,Bank Transfer (Automatic),25.25,1841.2,No
3707-Gnwhm,Male,0,No,No,1,Yes,Yes,Fiber Optic,No,No,No,No,No,No,Month-To-Month,Yes,Mailed Check,74.25,74.25,Yes
7016-Nvric,Male,1,Yes,No,29,Yes,No,Fiber Optic,Yes,No,Yes,No,No,Yes,One Year,No,Bank Transfer (Automatic),90.1,2656.7,No
5829-Nvsqn,Female,0,Yes,No,23,Yes,No,Dsl,Yes,No,Yes,Yes,No,Yes,One Year,Yes,Bank Transfer (Automatic),68.75,1689.45,No
9565-Axsmr,Male,0,Yes,Yes,52,Yes,No,No,No Internet Service,No Internet Service,No Internet Service,No Internet Service,No Internet Service,No Internet Service,Two Year,No,Mailed Check,19.2,1054.75,No
8922-Liegh,Female,1,No,No,25,Yes,Yes,Fiber Optic,No,Yes,No,No,No,Yes,Month-To-Month,Yes,Electronic Check,89.7,2187.55,Yes
8869-Lihmk,Female,0,No,No,64,Yes,Yes,Fiber Optic,Yes,Yes,Yes,Yes,Yes,Yes,Two Year,Yes,Bank Transfer (Automatic),115.1,7334.05,No
8245-Umpyt,Female,1,No,No,16,Yes,Yes,Fiber Optic,No,No,No,No,Yes,Yes,Month-To-Month,Yes,Electronic Check,96.4,1581.2,Yes
5186-Samnz,Male,1,No,No,1,Yes,No,Fiber Optic,No,No,No,No,No,No,Month-To-Month,Yes,Bank Transfer (Automatic),69.5,69.5,Yes
0447-Rxsgd,Male,0,No,No,24,Yes,Yes,Fiber Optic,No,Yes,No,No,Yes,Yes,Month-To-Month,Yes,Bank Transfer (Automatic),99.65,2404.85,No
4927-Wwooz,Male,0,Yes,No,2,Yes,Yes,Fiber Optic,No,No,Yes,No,Yes,No,Month-To-Month,Yes,Electronic Check,91.45,171.45,No
5788-Ypoeg,Female,0,Yes,Yes,34,Yes,No,Dsl,Yes,Yes,Yes,Yes,Yes,Yes,Two Year,No,Mailed Check,84.75,2839.45,No
5373-Sfodm,Male,1,Yes,No,36,Yes,Yes,Fiber Optic,No,No,No,No,No,Yes,Month-To-Month,Yes,Credit Card (Automatic),85.25,3132.75,Yes
0661-Kbkpa,Male,0,Yes,Yes,53,Yes,Yes,Dsl,No,No,Yes,Yes,Yes,Yes,One Year,Yes,Mailed Check,78.75,3942.45,No
9081-Wwxkp,Female,0,Yes,Yes,47,Yes,No,No,No Internet Service,No Internet Service,No Internet Service,No Internet Service,No Internet Service,No Internet Service,Two Year,No,Credit Card (Automatic),20.25,873.4,No
0784-Zqjzx,Male,0,No,Yes,72,Yes,No,No,No Internet Service,No Internet Service,No Internet Service,No Internet Service,No Internet Service,No Internet Service,Two Year,No,Credit Card (Automatic),19.9,1529.65,No
3133-Pznsr,Male,0,Yes,Yes,72,Yes,Yes,Fiber Optic,Yes,Yes,No,Yes,No,Yes,Two Year,Yes,Credit Card (Automatic),97.75,6991.6,No
5766-Zjybb,Male,0,No,No,1,Yes,No,No,No Internet Service,No Internet Service,No Internet Service,No Internet Service,No Internet Service,No Internet Service,Month-To-Month,No,Mailed Check,19.4,19.4,Yes
8931-Gjjiq,Female,0,No,No,9,Yes,Yes,Fiber Optic,No,No,No,No,No,Yes,Month-To-Month,Yes,Electronic Check,83.3,803.3,Yes
4277-Pvran,Female,0,No,No,8,Yes,No,Fiber Optic,No,No,No,No,Yes,No,Month-To-Month,Yes,Bank Transfer (Automatic),80.1,679.3,Yes
0022-Tcjci,Male,1,No,No,45,Yes,No,Dsl,Yes,No,Yes,No,No,Yes,One Year,No,Credit Card (Automatic),62.7,2791.5,Yes
0722-Svsfk,Female,0,No,No,7,Yes,No,Fiber Optic,No,No,Yes,Yes,Yes,Yes,Month-To-Month,Yes,Electronic Check,100.4,715,No
3612-Yvgsj,Female,0,Yes,No,71,Yes,Yes,No,No Internet Service,No Internet Service,No Internet Service,No Internet Service,No Internet Service,No Internet Service,Two Year,Yes,Credit Card (Automatic),24.45,1681.6,No
9825-Ycxwz,Female,1,No,No,41,Yes,No,Fiber Optic,No,No,Yes,Yes,Yes,Yes,One Year,Yes,Bank Transfer (Automatic),101.1,4016.2,No
5397-Nskqg,Male,0,Yes,Yes,67,No,No Phone Service,Dsl,Yes,No,No,No,Yes,Yes,Two Year,No,Credit Card (Automatic),50.9,3281.65,No
8565-Hbfnn,Male,0,Yes,No,69,Yes,Yes,Fiber Optic,Yes,Yes,Yes,Yes,No,Yes,One Year,Yes,Credit Card (Automatic),107.2,7317.1,No
2000-Dhjuy,Female,1,Yes,No,70,Yes,Yes,Dsl,Yes,Yes,Yes,Yes,Yes,Yes,Two Year,Yes,Bank Transfer (Automatic),92.2,6474.45,No
0203-Hhyij,Male,0,No,No,25,Yes,Yes,No,No Internet Service,No Internet Service,No Internet Service,No Internet Service,No Internet Service,No Internet Service,One Year,No,Bank Transfer (Automatic),25.3,676.35,Yes
8670-Ercjh,Male,0,No,No,72,Yes,Yes,Fiber Optic,Yes,Yes,Yes,Yes,Yes,Yes,Two Year,No,Bank Transfer (Automatic),113.4,8164.1,No
7758-Ujwys,Male,0,Yes,Yes,34,No,No Phone Service,Dsl,No,No,No,Yes,Yes,No,Two Year,Yes,Electronic Check,40.55,1325.85,No
2050-Onydq,Female,0,Yes,Yes,65,Yes,Yes,No,No Internet Service,No Internet Service,No Internet Service,No Internet Service,No Internet Service,No Internet Service,Two Year,No,Credit Card (Automatic),26.0,1654.85,No
7055-Jcgni,Female,0,No,No,70,Yes,Yes,Fiber Optic,Yes,Yes,Yes,Yes,Yes,Yes,Two Year,Yes,Credit Card (Automatic),111.95,7795.95,No
0739-Uuajr,Female,0,Yes,Yes,72,No,No Phone Service,Dsl,Yes,No,Yes,No,Yes,Yes,Two Year,Yes,Credit Card (Automatic),53.8,3952.45,No
4826-Dxmup,Male,0,No,Yes,35,Yes,No,Dsl,No,No,No,Yes,Yes,Yes,One Year,Yes,Mailed Check,72.1,2495.15,No
0952-Kmeeh,Male,0,No,No,13,Yes,Yes,Fiber Optic,Yes,No,No,No,Yes,Yes,Month-To-Month,No,Mailed Check,98.15,1230.25,Yes
7285-Klotr,Female,0,Yes,No,12,Yes,Yes,Dsl,Yes,No,Yes,No,Yes,Yes,One Year,No,Electronic Check,78.85,876.75,No
0654-Pqkdw,Female,0,Yes,Yes,62,Yes,No,Dsl,Yes,No,Yes,Yes,Yes,No,One Year,Yes,Bank Transfer (Automatic),70.75,4263.45,No
7175-Ntixe,Female,0,No,No,25,Yes,No,Dsl,Yes,No,No,Yes,Yes,Yes,Month-To-Month,Yes,Credit Card (Automatic),76.15,1992.95,No
7963-Shndt,Female,0,No,No,52,No,No Phone Service,Dsl,Yes,Yes,No,Yes,No,No,Two Year,No,Mailed Check,39.1,1982.1,No
9796-Bpkiw,Male,1,No,No,8,Yes,No,Fiber Optic,No,No,No,No,No,No,Month-To-Month,Yes,Credit Card (Automatic),69.95,562.7,No
0188-Gwfle,Male,0,No,No,2,Yes,No,No,No Internet Service,No Internet Service,No Internet Service,No Internet Service,No Internet Service,No Internet Service,Month-To-Month,No,Mailed Check,20.05,33.7,No
8129-Gmvgi,Female,0,Yes,Yes,56,Yes,No,No,No Internet Service,No Internet Service,No Internet Service,No Internet Service,No Internet Service,No Internet Service,Two Year,No,Mailed Check,20.05,1090.1,No
2882-Ddzpg,Female,0,No,No,12,Yes,No,No,No Internet Service,No Internet Service,No Internet Service,No Internet Service,No Internet Service,No Internet Service,Month-To-Month,No,Bank Transfer (Automatic),19.45,227.45,No
3547-Lqrik,Female,0,Yes,No,47,Yes,Yes,No,No Internet Service,No Internet Service,No Internet Service,No Internet Service,No Internet Service,No Internet Service,One Year,No,Electronic Check,26.9,1250.85,No
9137-Noqka,Male,1,No,No,2,Yes,No,No,No Internet Service,No Internet Service,No Internet Service,No Internet Service,No Internet Service,No Internet Service,Month-To-Month,No,Electronic Check,19.2,37.2,No
5843-Tthgi,Female,0,No,No,18,Yes,No,Dsl,No,No,Yes,No,No,No,Month-To-Month,Yes,Mailed Check,50.0,892.7,No
1849-Rjyig,Female,0,No,No,8,Yes,No,Dsl,Yes,No,No,No,Yes,No,Month-To-Month,Yes,Electronic Check,60.0,487.75,No
8868-Gagio,Male,0,Yes,No,45,Yes,Yes,Fiber Optic,Yes,No,Yes,No,No,No,Month-To-Month,Yes,Mailed Check,84.55,3713.95,No
4061-Ukjwl,Male,0,No,No,3,Yes,No,Dsl,No,No,No,No,No,No,Month-To-Month,No,Mailed Check,45.45,141.7,No
5380-Xpjnz,Female,0,No,No,38,Yes,No,No,No Internet Service,No Internet Service,No Internet Service,No Internet Service,No Internet Service,No Internet Service,One Year,No,Mailed Check,20.05,678.2,No
8263-Qmntj,Male,0,Yes,No,72,Yes,Yes,Fiber Optic,Yes,Yes,Yes,Yes,Yes,Yes,Two Year,Yes,Electronic Check,115.55,8425.3,No
8178-Eyzuo,Male,0,No,No,46,Yes,Yes,Fiber Optic,Yes,Yes,No,No,No,Yes,Month-To-Month,Yes,Electronic Check,93.7,4154.8,Yes
3230-Jcnzs,Female,0,Yes,Yes,71,Yes,Yes,Fiber Optic,Yes,Yes,Yes,No,Yes,No,Two Year,Yes,Credit Card (Automatic),99.0,7061.65,No
0277-Orxqs,Male,0,Yes,Yes,66,No,No Phone Service,Dsl,No,No,No,Yes,Yes,Yes,Two Year,No,Bank Transfer (Automatic),50.55,3364.55,No
5130-Iekqt,Male,1,No,No,25,Yes,Yes,Fiber Optic,No,Yes,Yes,No,Yes,Yes,Month-To-Month,No,Mailed Check,105.95,2655.25,Yes
3230-Wykir,Male,0,No,No,18,Yes,Yes,Dsl,No,No,Yes,Yes,Yes,Yes,One Year,Yes,Credit Card (Automatic),82.0,1425.45,Yes
7996-Bpxhy,Female,0,Yes,Yes,13,Yes,Yes,No,No Internet Service,No Internet Service,No Internet Service,No Internet Service,No Internet Service,No Internet Service,Two Year,Yes,Bank Transfer (Automatic),25.0,332.5,No
3227-Wlkli,Female,0,Yes,Yes,65,Yes,Yes,Dsl,Yes,Yes,Yes,Yes,Yes,Yes,Two Year,No,Bank Transfer (Automatic),91.55,5963.95,No
0407-Bdjkb,Male,0,Yes,No,60,Yes,Yes,Fiber Optic,No,Yes,Yes,No,Yes,No,Month-To-Month,Yes,Electronic Check,95.75,5742.9,Yes
2266-Fubdz,Male,0,Yes,Yes,15,Yes,No,No,No Internet Service,No Internet Service,No Internet Service,No Internet Service,No Internet Service,No Internet Service,Two Year,No,Mailed Check,19.35,278.85,No
8237-Ulixl,Female,0,Yes,No,72,Yes,Yes,No,No Internet Service,No Internet Service,No Internet Service,No Internet Service,No Internet Service,No Internet Service,Two Year,No,Credit Card (Automatic),24.85,1871.85,No
9600-Udopk,Male,0,Yes,No,30,Yes,Yes,Fiber Optic,No,No,No,No,Yes,Yes,Month-To-Month,Yes,Credit Card (Automatic),94.05,2866.45,Yes
8216-Azuuz,Female,0,Yes,Yes,42,Yes,No,Fiber Optic,No,No,Yes,Yes,Yes,Yes,Two Year,Yes,Electronic Check,100.4,4303.65,No
9153-Btbvv,Female,0,Yes,No,71,Yes,Yes,No,No Internet Service,No Internet Service,No Internet Service,No Internet Service,No Internet Service,No Internet Service,Two Year,No,Bank Transfer (Automatic),25.0,1753,No
4074-Sjffa,Female,0,No,No,1,Yes,No,Dsl,No,No,No,No,No,Yes,Month-To-Month,Yes,Mailed Check,54.75,54.75,Yes
3269-Atywd,Male,1,No,No,39,Yes,Yes,Fiber Optic,No,No,No,No,Yes,Yes,Month-To-Month,Yes,Bank Transfer (Automatic),95.65,3759.05,Yes
5186-Peizu,Female,0,No,No,35,Yes,No,No,No Internet Service,No Internet Service,No Internet Service,No Internet Service,No Internet Service,No Internet Service,Month-To-Month,No,Bank Transfer (Automatic),19.25,617.65,No
1074-Amioh,Female,0,Yes,Yes,53,Yes,No,Fiber Optic,No,Yes,Yes,Yes,Yes,Yes,Month-To-Month,Yes,Bank Transfer (Automatic),108.25,5935.1,No
4910-Gmjot,Female,0,No,No,1,Yes,Yes,Fiber Optic,No,No,No,No,Yes,Yes,Month-To-Month,Yes,Electronic Check,94.6,94.6,Yes
0354-Wyrok,Female,1,Yes,Yes,31,Yes,No,Fiber Optic,No,No,Yes,Yes,Yes,Yes,Month-To-Month,Yes,Electronic Check,98.9,2911.3,Yes
4361-Febgn,Male,0,No,No,48,Yes,No,No,No Internet Service,No Internet Service,No Internet Service,No Internet Service,No Internet Service,No Internet Service,Two Year,No,Credit Card (Automatic),20.15,982.95,No
7748-Umtrk,Female,1,No,Yes,30,Yes,Yes,Fiber Optic,No,No,No,Yes,Yes,Yes,Month-To-Month,Yes,Electronic Check,101.3,2974.5,No
0380-Zcsbi,Male,0,No,No,10,Yes,No,No,No Internet Service,No Internet Service,No Internet Service,No Internet Service,No Internet Service,No Internet Service,Month-To-Month,No,Credit Card (Automatic),20.0,198.7,No
7145-Fejwu,Female,0,No,Yes,12,Yes,Yes,Fiber Optic,No,Yes,Yes,No,Yes,Yes,Month-To-Month,Yes,Electronic Check,105.3,1275.65,No
6463-Mvyry,Female,1,No,No,57,Yes,No,Dsl,Yes,No,Yes,Yes,Yes,No,Two Year,No,Bank Transfer (Automatic),69.85,4003,No
3969-Jqabi,Female,0,Yes,No,58,Yes,No,Dsl,Yes,Yes,No,No,Yes,No,Month-To-Month,Yes,Credit Card (Automatic),65.25,3791.6,No
9624-Egdeq,Female,0,No,No,37,Yes,No,No,No Internet Service,No Internet Service,No Internet Service,No Internet Service,No Internet Service,No Internet Service,Two Year,No,Mailed Check,19.8,813.3,No
1051-Eqpzr,Female,0,Yes,Yes,44,Yes,No,No,No Internet Service,No Internet Service,No Internet Service,No Internet Service,No Internet Service,No Internet Service,Month-To-Month,No,Mailed Check,19.6,780.25,No
5849-Ashzj,Male,0,No,Yes,27,Yes,No,No,No Internet Service,No Internet Service,No Internet Service,No Internet Service,No Internet Service,No Internet Service,One Year,No,Credit Card (Automatic),20.05,552.9,No
5780-Inqik,Female,0,No,No,8,Yes,No,Dsl,No,No,No,Yes,No,No,Month-To-Month,No,Electronic Check,49.4,408.25,No
7576-Oywbn,Male,1,No,No,3,Yes,Yes,Fiber Optic,No,No,No,No,No,No,Month-To-Month,Yes,Electronic Check,76.05,231.8,Yes
4526-Zjjtm,Female,1,Yes,No,25,Yes,No,Fiber Optic,No,Yes,Yes,No,No,Yes,Month-To-Month,No,Bank Transfer (Automatic),88.4,2191.15,No
8384-Fzbjk,Female,0,Yes,Yes,57,Yes,Yes,Fiber Optic,No,Yes,No,No,Yes,Yes,Month-To-Month,Yes,Electronic Check,100.6,5611.7,No
3750-Rnqkr,Female,0,No,No,12,Yes,No,No,No Internet Service,No Internet Service,No Internet Service,No Internet Service,No Internet Service,No Internet Service,Month-To-Month,No,Mailed Check,19.45,246.25,No
0962-Cqpwq,Female,0,Yes,Yes,62,Yes,No,No,No Internet Service,No Internet Service,No Internet Service,No Internet Service,No Internet Service,No Internet Service,Two Year,No,Bank Transfer (Automatic),20.3,1296.15,No
3096-Yxenj,Female,0,Yes,No,65,Yes,Yes,Fiber Optic,No,Yes,Yes,Yes,Yes,Yes,Two Year,Yes,Bank Transfer (Automatic),107.65,7082.85,No
1265-Bcfeo,Female,0,Yes,No,71,Yes,Yes,Dsl,No,No,Yes,Yes,Yes,Yes,Two Year,Yes,Bank Transfer (Automatic),80.45,5662.25,No
5837-Lxsdn,Female,0,Yes,Yes,21,Yes,No,Dsl,No,Yes,No,No,Yes,No,One Year,Yes,Credit Card (Automatic),58.85,1215.45,No
5945-Azyht,Male,0,Yes,No,71,Yes,Yes,Fiber Optic,Yes,Yes,Yes,No,Yes,Yes,One Year,Yes,Electronic Check,109.6,7854.15,No
8325-Qrpzr,Female,0,No,No,7,Yes,No,Fiber Optic,No,No,Yes,No,No,No,Month-To-Month,Yes,Electronic Check,75.15,525,No
6384-Vmjhp,Female,0,No,No,72,Yes,No,Dsl,Yes,Yes,Yes,Yes,No,Yes,Two Year,Yes,Credit Card (Automatic),73.0,5265.2,No
2262-Slnvk,Female,0,No,No,1,Yes,No,Fiber Optic,No,No,No,No,No,No,Month-To-Month,No,Electronic Check,70.1,70.1,No
7730-Cldsv,Female,0,Yes,Yes,72,Yes,Yes,Fiber Optic,No,Yes,Yes,Yes,No,Yes,Two Year,Yes,Bank Transfer (Automatic),98.65,7129.45,No
1135-Hiori,Female,0,Yes,Yes,64,Yes,Yes,Fiber Optic,No,Yes,Yes,Yes,Yes,Yes,One Year,Yes,Electronic Check,111.45,7266.95,No
0164-Apgrb,Female,0,No,No,72,Yes,Yes,Fiber Optic,Yes,Yes,Yes,Yes,Yes,Yes,Two Year,Yes,Electronic Check,114.9,8496.7,No
6481-Escnl,Female,0,No,No,29,Yes,Yes,Fiber Optic,No,No,Yes,No,Yes,Yes,Month-To-Month,No,Bank Transfer (Automatic),100.55,2878.75,No
1790-Nesio,Female,0,No,No,13,Yes,No,No,No Internet Service,No Internet Service,No Internet Service,No Internet Service,No Internet Service,No Internet Service,Two Year,Yes,Mailed Check,20.4,261.3,No
1550-Eenbn,Female,0,No,No,31,Yes,Yes,Fiber Optic,Yes,Yes,No,No,Yes,Yes,Month-To-Month,No,Electronic Check,104.35,3205.6,No
5539-Tmzlf,Male,1,No,No,1,Yes,No,Fiber Optic,No,No,No,No,No,No,Month-To-Month,Yes,Electronic Check,69.75,69.75,Yes
4323-Sadqs,Male,0,Yes,Yes,7,No,No Phone Service,Dsl,Yes,No,No,Yes,No,No,Month-To-Month,Yes,Electronic Check,34.5,279.25,Yes
4446-Bzkhu,Male,0,Yes,No,61,Yes,Yes,Fiber Optic,No,Yes,Yes,No,Yes,Yes,Month-To-Month,Yes,Electronic Check,105.55,6281.45,Yes
5202-Ivjnu,Female,0,No,Yes,39,No,No Phone Service,Dsl,No,No,Yes,No,No,No,Month-To-Month,No,Credit Card (Automatic),30.1,1131.3,Yes
5976-Jcjrh,Male,0,Yes,No,10,Yes,No,Fiber Optic,No,No,No,No,No,No,Month-To-Month,Yes,Electronic Check,70.3,738.2,Yes
8198-Rkszg,Female,0,Yes,Yes,14,Yes,Yes,Dsl,No,Yes,No,Yes,Yes,Yes,Month-To-Month,No,Credit Card (Automatic),80.45,1137.05,No
0137-Ocgab,Female,0,No,No,1,Yes,Yes,Fiber Optic,No,Yes,No,No,No,No,Month-To-Month,Yes,Mailed Check,80.2,80.2,Yes
3351-Nqldi,Female,0,Yes,Yes,67,Yes,Yes,Fiber Optic,Yes,No,No,Yes,No,Yes,One Year,Yes,Credit Card (Automatic),94.35,6341.45,Yes
9297-Eoncv,Female,0,No,No,72,Yes,Yes,Dsl,Yes,Yes,Yes,Yes,Yes,Yes,Two Year,Yes,Bank Transfer (Automatic),91.35,6697.2,No
7593-Jnwru,Male,0,Yes,Yes,6,Yes,No,Dsl,No,No,No,No,No,No,Month-To-Month,Yes,Bank Transfer (Automatic),44.6,260.8,Yes
4588-Ybnib,Female,0,No,No,1,Yes,No,No,No Internet Service,No Internet Service,No Internet Service,No Internet Service,No Internet Service,No Internet Service,Month-To-Month,Yes,Mailed Check,19.6,19.6,Yes
1069-Qjoee,Male,0,Yes,Yes,25,Yes,No,No,No Internet Service,No Internet Service,No Internet Service,No Internet Service,No Internet Service,No Internet Service,One Year,No,Electronic Check,19.9,505.45,No
3336-Jorso,Female,1,No,No,33,Yes,Yes,Fiber Optic,No,Yes,Yes,Yes,Yes,Yes,Month-To-Month,Yes,Electronic Check,110.45,3655.45,Yes
7799-Dsews,Male,0,No,No,18,Yes,No,Dsl,Yes,No,Yes,Yes,Yes,No,Month-To-Month,Yes,Electronic Check,68.35,1299.8,No
8766-Pafne,Male,0,Yes,No,71,Yes,No,Dsl,No,Yes,Yes,Yes,Yes,Yes,Two Year,Yes,Credit Card (Automatic),79.1,5564.85,No
5315-Ckeqk,Male,1,Yes,Yes,28,Yes,Yes,Dsl,No,No,No,No,No,No,One Year,Yes,Electronic Check,51.0,1381.8,No
3130-Icdup,Female,0,No,Yes,2,Yes,Yes,Fiber Optic,Yes,No,No,No,No,No,Month-To-Month,No,Credit Card (Automatic),80.55,188.1,No
0820-Fnrnx,Male,0,Yes,Yes,17,Yes,Yes,Dsl,No,Yes,Yes,Yes,No,No,Month-To-Month,Yes,Mailed Check,66.7,1077.05,No
0880-Fvfwf,Male,0,No,No,56,Yes,Yes,Fiber Optic,Yes,Yes,No,No,No,No,Month-To-Month,Yes,Electronic Check,86.4,4922.4,No
4611-Anlqc,Female,0,Yes,No,60,No,No Phone Service,Dsl,Yes,Yes,Yes,No,No,Yes,One Year,No,Electronic Check,50.05,2911.5,No
4213-Hkbjo,Female,0,No,No,33,Yes,Yes,No,No Internet Service,No Internet Service,No Internet Service,No Internet Service,No Internet Service,No Internet Service,Two Year,No,Credit Card (Automatic),25.7,826.1,No
2792-Lshwx,Female,0,No,No,1,Yes,No,Fiber Optic,Yes,Yes,No,Yes,No,No,Month-To-Month,Yes,Mailed Check,83.4,83.4,No
5028-Gzldo,Male,0,No,No,2,Yes,No,Fiber Optic,No,No,No,No,No,No,Month-To-Month,No,Credit Card (Automatic),70.7,140.7,Yes
0014-Bmaqu,Male,0,Yes,No,63,Yes,Yes,Fiber Optic,Yes,No,No,Yes,No,No,Two Year,Yes,Credit Card (Automatic),84.65,5377.8,No
6861-Xwtwq,Male,1,Yes,No,7,Yes,Yes,Fiber Optic,No,No,Yes,No,Yes,Yes,Month-To-Month,Yes,Electronic Check,99.25,665.45,Yes
9018-Pciok,Female,0,No,No,55,Yes,No,Dsl,No,Yes,Yes,No,No,Yes,Two Year,Yes,Mailed Check,64.75,3617.1,No
4837-Qusft,Female,0,Yes,No,65,Yes,Yes,Fiber Optic,Yes,Yes,No,Yes,Yes,No,One Year,Yes,Bank Transfer (Automatic),100.15,6643.5,No
6877-Tjmbr,Male,0,Yes,No,1,Yes,No,Fiber Optic,No,No,No,Yes,Yes,No,Month-To-Month,Yes,Electronic Check,84.8,84.8,Yes
9953-Zmksm,Male,0,No,No,63,Yes,Yes,No,No Internet Service,No Internet Service,No Internet Service,No Internet Service,No Internet Service,No Internet Service,Two Year,No,Mailed Check,25.25,1559.3,No
0907-Hqnts,Female,1,Yes,No,70,Yes,Yes,Fiber Optic,Yes,Yes,Yes,Yes,Yes,Yes,Two Year,Yes,Credit Card (Automatic),113.0,7987.6,No
7665-Nklav,Female,0,Yes,Yes,36,No,No Phone Service,Dsl,Yes,No,Yes,Yes,No,No,Two Year,No,Credit Card (Automatic),40.65,1547.35,No
6769-Dcqli,Male,0,No,No,52,Yes,No,Fiber Optic,No,Yes,Yes,Yes,Yes,Yes,One Year,Yes,Bank Transfer (Automatic),105.0,5426.85,Yes
2433-Kmeas,Male,0,No,No,22,Yes,Yes,Dsl,Yes,No,No,No,No,No,Month-To-Month,Yes,Electronic Check,54.45,1127.35,Yes
4391-Lnrxk,Male,0,No,No,22,Yes,No,Fiber Optic,No,Yes,Yes,Yes,No,Yes,Month-To-Month,Yes,Bank Transfer (Automatic),94.95,2142.8,No
8250-Znggw,Female,1,No,No,5,Yes,No,Dsl,Yes,Yes,No,Yes,No,No,Month-To-Month,No,Credit Card (Automatic),59.9,287.85,No
2195-Zrvax,Female,0,Yes,No,47,Yes,No,Fiber Optic,No,No,Yes,No,No,Yes,Month-To-Month,Yes,Electronic Check,85.3,4045.65,Yes
3550-Sahfp,Female,0,No,No,33,Yes,Yes,Fiber Optic,No,No,No,No,No,Yes,Month-To-Month,Yes,Electronic Check,83.35,2757.85,Yes
2011-Trqye,Male,0,No,No,18,No,No Phone Service,Dsl,No,Yes,Yes,No,No,No,Month-To-Month,Yes,Credit Card (Automatic),33.5,600,Yes
8562-Ghppi,Female,0,No,No,1,Yes,No,No,No Internet Service,No Internet Service,No Internet Service,No Internet Service,No Internet Service,No Internet Service,Month-To-Month,No,Credit Card (Automatic),19.8,19.8,No
5893-Pyolz,Male,0,No,No,56,Yes,No,Dsl,No,Yes,Yes,Yes,Yes,Yes,Two Year,Yes,Credit Card (Automatic),81.8,4534.45,No
4986-Mxsfp,Female,0,No,No,2,Yes,No,No,No Internet Service,No Internet Service,No Internet Service,No Internet Service,No Internet Service,No Internet Service,Month-To-Month,Yes,Mailed Check,20.0,40.9,No
6131-Foyas,Male,0,No,No,35,Yes,Yes,Dsl,Yes,No,Yes,No,No,No,Month-To-Month,Yes,Electronic Check,59.6,2094.9,No
3027-Ynwzu,Female,0,Yes,No,64,Yes,Yes,No,No Internet Service,No Internet Service,No Internet Service,No Internet Service,No Internet Service,No Internet Service,Two Year,No,Credit Card (Automatic),25.0,1584.8,No
5609-Imcgg,Female,0,No,No,15,Yes,Yes,Fiber Optic,Yes,No,Yes,No,No,No,Month-To-Month,Yes,Credit Card (Automatic),84.35,1302.65,No
4873-Ilolj,Male,0,No,No,24,Yes,No,Fiber Optic,No,No,No,No,Yes,Yes,Month-To-Month,Yes,Electronic Check,90.35,2238.5,Yes
4727-Mcyzg,Male,0,No,No,1,Yes,No,Dsl,No,No,No,No,No,Yes,Month-To-Month,No,Mailed Check,55.55,55.55,No
9481-Whgwy,Female,0,Yes,Yes,70,Yes,No,Dsl,Yes,No,No,Yes,Yes,Yes,Two Year,No,Credit Card (Automatic),75.35,5437.75,No
2725-Kxxwt,Male,0,Yes,No,1,Yes,No,Fiber Optic,No,No,No,No,Yes,Yes,Month-To-Month,Yes,Electronic Check,90.75,90.75,Yes
9565-Djpib,Female,0,No,Yes,4,Yes,Yes,Fiber Optic,No,Yes,No,No,Yes,No,Month-To-Month,No,Mailed Check,89.6,365.65,Yes
4328-Vufwd,Female,0,No,No,39,Yes,No,Dsl,No,No,No,Yes,No,Yes,One Year,No,Electronic Check,59.3,2209.15,No
3301-Lslwq,Female,0,No,No,29,Yes,Yes,Dsl,Yes,No,No,No,No,Yes,Month-To-Month,Yes,Electronic Check,66.1,1912.15,No
7473-Zbdsn,Female,0,Yes,Yes,14,Yes,No,No,No Internet Service,No Internet Service,No Internet Service,No Internet Service,No Internet Service,No Internet Service,Two Year,No,Mailed Check,18.8,255.55,No
3166-Pneof,Female,0,No,No,61,Yes,Yes,Dsl,Yes,No,Yes,Yes,Yes,Yes,Two Year,No,Credit Card (Automatic),86.45,5175.3,No
5639-Ntupk,Male,0,No,Yes,13,Yes,No,Dsl,Yes,No,No,No,No,No,Month-To-Month,Yes,Credit Card (Automatic),52.1,670.65,No
8780-Yrmtt,Female,0,No,No,66,No,No Phone Service,Dsl,Yes,Yes,Yes,Yes,No,No,Two Year,Yes,Mailed Check,47.4,3177.25,No
8348-Hfyiv,Male,0,No,No,2,No,No Phone Service,Dsl,No,No,Yes,No,Yes,Yes,Month-To-Month,Yes,Electronic Check,49.25,90.35,Yes
5140-Fomcq,Female,0,Yes,No,59,Yes,Yes,Fiber Optic,Yes,Yes,Yes,No,Yes,Yes,One Year,Yes,Credit Card (Automatic),109.15,6557.75,No
6242-Sgyts,Male,0,Yes,Yes,62,Yes,Yes,Fiber Optic,Yes,Yes,No,No,Yes,No,One Year,Yes,Credit Card (Automatic),94.95,5791.85,No
8166-Orchu,Male,1,Yes,No,33,Yes,No,Fiber Optic,Yes,Yes,No,Yes,No,Yes,One Year,Yes,Electronic Check,93.55,3055.5,No
8414-Ooeel,Male,0,No,Yes,66,Yes,No,Dsl,No,Yes,Yes,Yes,Yes,Yes,Two Year,Yes,Credit Card (Automatic),79.5,5196.1,No
8454-Aatjp,Female,0,No,No,72,Yes,Yes,Fiber Optic,Yes,Yes,Yes,Yes,Yes,Yes,Two Year,No,Credit Card (Automatic),115.05,8405,No
6849-Wleyg,Male,0,No,Yes,1,Yes,No,No,No Internet Service,No Internet Service,No Internet Service,No Internet Service,No Internet Service,No Internet Service,Month-To-Month,No,Mailed Check,19.75,19.75,Yes
4659-Nzruf,Female,0,No,No,19,Yes,Yes,Fiber Optic,Yes,Yes,No,No,No,Yes,Month-To-Month,Yes,Electronic Check,95.15,1789.25,Yes
4531-Auznk,Female,0,Yes,Yes,51,Yes,Yes,Fiber Optic,Yes,No,No,Yes,Yes,No,One Year,Yes,Mailed Check,95.15,5000.05,No
4191-Xovom,Male,0,No,No,63,Yes,Yes,Fiber Optic,No,Yes,No,Yes,Yes,Yes,Month-To-Month,No,Electronic Check,105.4,6713.2,No
2150-Oegbv,Male,0,No,No,27,Yes,No,No,No Internet Service,No Internet Service,No Internet Service,No Internet Service,No Internet Service,No Internet Service,One Year,No,Bank Transfer (Automatic),20.1,562.6,No
8429-Xibum,Male,0,No,No,22,Yes,Yes,Fiber Optic,Yes,No,No,No,Yes,Yes,Month-To-Month,Yes,Bank Transfer (Automatic),101.35,2317.1,Yes
1855-Cfulu,Female,1,No,No,4,Yes,No,No,No Internet Service,No Internet Service,No Internet Service,No Internet Service,No Internet Service,No Internet Service,Month-To-Month,No,Mailed Check,20.05,91.45,No
4878-Bunfv,Male,0,Yes,Yes,42,Yes,No,No,No Internet Service,No Internet Service,No Internet Service,No Internet Service,No Internet Service,No Internet Service,Two Year,No,Mailed Check,20.7,828.85,No
1872-Ebwsc,Female,0,No,No,29,Yes,No,No,No Internet Service,No Internet Service,No Internet Service,No Internet Service,No Internet Service,No Internet Service,One Year,No,Mailed Check,20.35,617.35,No
2608-Bhkfn,Female,0,No,No,4,Yes,No,Fiber Optic,No,No,No,No,No,No,Month-To-Month,Yes,Credit Card (Automatic),70.05,266.9,Yes
7026-Ymsbe,Male,0,No,No,30,Yes,No,No,No Internet Service,No Internet Service,No Internet Service,No Internet Service,No Internet Service,No Internet Service,One Year,No,Mailed Check,19.7,625.05,No
7341-Lxcaf,Male,0,Yes,No,4,Yes,Yes,Fiber Optic,No,No,No,No,No,No,Month-To-Month,Yes,Electronic Check,74.65,301.4,Yes
6997-Uvgox,Male,0,Yes,Yes,71,Yes,No,Dsl,Yes,Yes,Yes,Yes,Yes,Yes,Two Year,No,Bank Transfer (Automatic),85.45,6029.9,No
9674-Ehppg,Male,0,Yes,No,46,No,No Phone Service,Dsl,Yes,No,Yes,Yes,No,No,Two Year,No,Credit Card (Automatic),40.4,1842.7,No
9462-Mjuaw,Male,0,No,No,4,Yes,Yes,Dsl,No,No,No,No,No,No,Month-To-Month,No,Mailed Check,50.4,206.6,Yes
8128-Yvjrg,Female,0,No,No,7,Yes,Yes,Fiber Optic,Yes,No,No,No,No,No,Month-To-Month,Yes,Mailed Check,79.65,604.7,Yes
5440-Vhlul,Male,0,No,No,69,Yes,Yes,Fiber Optic,No,Yes,No,Yes,Yes,Yes,One Year,Yes,Bank Transfer (Automatic),105.2,7386.05,No
5781-Bkhop,Female,0,Yes,No,72,Yes,Yes,Fiber Optic,Yes,Yes,Yes,No,Yes,No,Two Year,No,Bank Transfer (Automatic),100.65,7334.05,No
4283-Futgf,Male,1,No,No,19,Yes,Yes,Fiber Optic,No,No,Yes,No,No,No,Month-To-Month,Yes,Electronic Check,79.85,1471.75,Yes
5213-Twwju,Male,0,No,No,28,Yes,No,Fiber Optic,No,No,Yes,Yes,No,Yes,Month-To-Month,No,Electronic Check,91.0,2626.15,No
1569-Ttnyj,Male,0,Yes,No,5,Yes,Yes,Fiber Optic,No,Yes,No,No,No,No,Month-To-Month,Yes,Electronic Check,78.75,412.1,Yes
8628-Mfkax,Female,1,Yes,No,72,Yes,Yes,Fiber Optic,Yes,Yes,Yes,Yes,Yes,Yes,Two Year,Yes,Credit Card (Automatic),116.75,8277.05,No
2397-Brlom,Male,1,Yes,Yes,8,Yes,No,Fiber Optic,No,No,No,No,Yes,No,Month-To-Month,Yes,Credit Card (Automatic),80.45,583.45,Yes
7629-Wixzf,Female,0,No,No,7,Yes,No,Dsl,Yes,No,No,No,No,Yes,One Year,Yes,Electronic Check,59.1,369.25,No
5445-Glvot,Female,0,No,No,22,Yes,No,Dsl,Yes,No,No,No,No,No,Month-To-Month,Yes,Electronic Check,49.8,1049.05,No
3976-Hxhce,Male,0,No,No,72,Yes,No,No,No Internet Service,No Internet Service,No Internet Service,No Internet Service,No Internet Service,No Internet Service,Two Year,No,Bank Transfer (Automatic),19.3,1414.8,No
2466-Nejoj,Male,0,Yes,Yes,8,Yes,No,No,No Internet Service,No Internet Service,No Internet Service,No Internet Service,No Internet Service,No Internet Service,Month-To-Month,No,Credit Card (Automatic),19.65,169.75,No
0254-Kcjgt,Male,0,Yes,No,52,Yes,Yes,Dsl,Yes,Yes,Yes,Yes,No,Yes,One Year,Yes,Credit Card (Automatic),81.4,4354.45,No
5472-Cvmdx,Female,0,No,No,68,No,No Phone Service,Dsl,Yes,No,Yes,Yes,No,No,Two Year,No,Mailed Check,38.9,2719.2,No
6461-Szmcv,Female,0,Yes,No,71,Yes,Yes,Dsl,Yes,Yes,Yes,Yes,Yes,Yes,Two Year,No,Bank Transfer (Automatic),87.95,6365.35,No
8150-Qudfx,Male,0,No,No,2,Yes,No,No,No Internet Service,No Internet Service,No Internet Service,No Internet Service,No Internet Service,No Internet Service,Month-To-Month,No,Mailed Check,19.85,51.6,No
9508-Ilzdg,Female,1,No,No,34,Yes,Yes,Fiber Optic,No,Yes,No,Yes,Yes,No,Month-To-Month,Yes,Electronic Check,96.35,3190.25,No
2346-Djqtb,Female,0,No,No,35,No,No Phone Service,Dsl,No,No,No,No,No,No,Month-To-Month,No,Electronic Check,24.15,812.5,No
1697-Lyyyx,Female,0,Yes,Yes,61,Yes,No,No,No Internet Service,No Internet Service,No Internet Service,No Internet Service,No Internet Service,No Internet Service,One Year,No,Credit Card (Automatic),19.1,1143.8,No
1942-Oqfrw,Male,0,No,No,1,Yes,No,Dsl,No,No,No,No,No,No,Month-To-Month,No,Electronic Check,44.0,44,No
4749-Vfkvb,Female,0,No,No,1,Yes,Yes,Dsl,No,No,No,No,No,No,Month-To-Month,Yes,Mailed Check,50.1,50.1,Yes
9640-Zsldc,Female,0,Yes,Yes,53,Yes,No,Dsl,No,No,Yes,No,No,Yes,One Year,No,Credit Card (Automatic),60.6,3297,No
4231-Lzuym,Female,0,Yes,No,72,Yes,Yes,No,No Internet Service,No Internet Service,No Internet Service,No Internet Service,No Internet Service,No Internet Service,Two Year,No,Bank Transfer (Automatic),25.65,1887,No
7598-Uaasy,Male,0,Yes,No,2,Yes,No,Fiber Optic,No,No,Yes,No,No,No,Month-To-Month,No,Electronic Check,76.4,151.8,Yes
7938-Ouhio,Male,0,No,No,3,Yes,No,Fiber Optic,No,No,Yes,Yes,Yes,Yes,Month-To-Month,Yes,Electronic Check,98.7,293.65,Yes
8510-Awcxc,Female,1,No,No,13,Yes,Yes,Fiber Optic,Yes,No,No,No,Yes,Yes,Month-To-Month,Yes,Electronic Check,100.8,1308.1,Yes
6128-Aqbmt,Male,1,Yes,No,41,No,No Phone Service,Dsl,No,Yes,Yes,No,Yes,Yes,Month-To-Month,Yes,Electronic Check,53.95,2215.4,No
3594-Bdsoa,Female,0,Yes,No,24,Yes,No,No,No Internet Service,No Internet Service,No Internet Service,No Internet Service,No Internet Service,No Internet Service,One Year,No,Credit Card (Automatic),20.4,482.8,No
0431-Apwvy,Female,0,Yes,Yes,28,Yes,No,Fiber Optic,No,No,No,No,Yes,Yes,One Year,Yes,Bank Transfer (Automatic),90.1,2598.95,Yes
5133-Vrsab,Male,0,No,No,8,No,No Phone Service,Dsl,Yes,No,No,No,No,No,Month-To-Month,No,Mailed Check,29.35,216.45,No
5996-Daoql,Male,0,No,No,1,Yes,No,No,No Internet Service,No Internet Service,No Internet Service,No Internet Service,No Internet Service,No Internet Service,Month-To-Month,Yes,Mailed Check,20.45,20.45,No
6838-Yauvy,Female,0,No,No,54,Yes,Yes,Fiber Optic,No,No,Yes,Yes,No,Yes,Two Year,Yes,Bank Transfer (Automatic),95.1,5064.85,No
0484-Jpbru,Male,0,No,No,41,Yes,Yes,No,No Internet Service,No Internet Service,No Internet Service,No Internet Service,No Internet Service,No Internet Service,Month-To-Month,Yes,Bank Transfer (Automatic),25.25,996.45,No
7883-Rojoc,Female,0,Yes,No,19,Yes,No,Dsl,No,No,No,No,No,No,Month-To-Month,No,Mailed Check,44.9,839.65,No
0244-Lgnfy,Female,0,Yes,Yes,72,Yes,Yes,Dsl,Yes,Yes,Yes,Yes,Yes,Yes,Two Year,No,Bank Transfer (Automatic),92.65,6733,No
7274-Cgtod,Male,0,No,No,62,No,No Phone Service,Dsl,Yes,Yes,Yes,Yes,No,No,Two Year,Yes,Bank Transfer (Automatic),43.7,2618.3,No
4295-Yuret,Female,1,Yes,Yes,56,Yes,No,Dsl,Yes,No,No,Yes,Yes,Yes,Two Year,Yes,Credit Card (Automatic),72.6,4084.35,No
3426-Niyyl,Male,0,No,No,15,Yes,Yes,Dsl,No,No,No,No,No,No,Month-To-Month,No,Electronic Check,51.55,765.5,Yes
8225-Btjau,Male,1,No,No,10,Yes,No,Fiber Optic,No,No,No,No,No,Yes,Month-To-Month,Yes,Electronic Check,79.25,793.55,Yes
4635-Ejypd,Male,0,Yes,Yes,32,Yes,No,No,No Internet Service,No Internet Service,No Internet Service,No Internet Service,No Internet Service,No Internet Service,Two Year,No,Mailed Check,18.95,613.95,No
1866-Zsljm,Male,0,No,No,21,Yes,No,No,No Internet Service,No Internet Service,No Internet Service,No Internet Service,No Internet Service,No Internet Service,Month-To-Month,No,Credit Card (Automatic),20.5,402.85,No
4636-Tvxvg,Male,0,Yes,Yes,62,Yes,No,No,No Internet Service,No Internet Service,No Internet Service,No Internet Service,No Internet Service,No Internet Service,One Year,No,Bank Transfer (Automatic),19.95,1244.8,No
4236-Ujpwo,Female,0,No,No,2,No,No Phone Service,Dsl,No,No,No,No,No,No,Month-To-Month,No,Electronic Check,24.5,46.4,No
9392-Xbgtd,Male,0,No,Yes,27,Yes,No,No,No Internet Service,No Internet Service,No Internet Service,No Internet Service,No Internet Service,No Internet Service,Two Year,No,Mailed Check,20.6,581.85,No
3387-Vatus,Male,0,No,No,5,Yes,Yes,Fiber Optic,No,No,No,No,Yes,Yes,Month-To-Month,Yes,Bank Transfer (Automatic),94.85,462.8,Yes
6402-Ssejg,Female,0,No,No,25,No,No Phone Service,Dsl,Yes,Yes,Yes,No,Yes,Yes,One Year,No,Electronic Check,61.05,1540.2,No
1143-Nmnqj,Female,0,No,No,2,Yes,Yes,Fiber Optic,No,No,No,No,No,Yes,Month-To-Month,Yes,Electronic Check,85.7,169.8,Yes
1169-Saocl,Male,0,No,No,49,Yes,Yes,Fiber Optic,No,Yes,No,Yes,Yes,Yes,One Year,Yes,Bank Transfer (Automatic),106.65,5168.1,No
1110-Kylgq,Female,0,No,No,63,Yes,Yes,Fiber Optic,Yes,Yes,Yes,No,Yes,Yes,Month-To-Month,No,Credit Card (Automatic),108.25,6780.1,No
9929-Plvpa,Female,0,No,Yes,4,Yes,No,No,No Internet Service,No Internet Service,No Internet Service,No Internet Service,No Internet Service,No Internet Service,Month-To-Month,No,Credit Card (Automatic),20.4,94.5,No
3518-Pzxzq,Female,0,Yes,No,1,Yes,No,Dsl,No,No,No,No,Yes,No,Month-To-Month,Yes,Mailed Check,55.3,55.3,No
2371-Jungc,Male,0,No,No,11,Yes,No,No,No Internet Service,No Internet Service,No Internet Service,No Internet Service,No Internet Service,No Internet Service,Month-To-Month,No,Mailed Check,20.25,208,No
7693-Qpefs,Male,1,No,No,52,Yes,Yes,Fiber Optic,No,No,No,No,No,No,Month-To-Month,Yes,Bank Transfer (Automatic),72.95,3829.75,No
0924-Bjcrc,Female,1,Yes,No,60,Yes,Yes,Fiber Optic,No,Yes,No,No,No,Yes,Month-To-Month,No,Electronic Check,89.45,5294.6,No
5074-Fbghb,Male,0,No,No,64,Yes,Yes,Fiber Optic,No,No,Yes,Yes,Yes,Yes,One Year,Yes,Credit Card (Automatic),104.65,6889.8,No
2351-Bkrzw,Female,0,Yes,Yes,43,Yes,No,Dsl,Yes,No,Yes,No,Yes,Yes,Two Year,No,Bank Transfer (Automatic),75.2,3254.35,No
4455-Bfspd,Female,0,Yes,No,61,Yes,Yes,Fiber Optic,No,No,No,Yes,Yes,Yes,One Year,No,Bank Transfer (Automatic),101.15,6383.9,No
0415-Mosgf,Female,0,No,No,1,Yes,No,Dsl,No,No,No,No,No,No,Month-To-Month,No,Mailed Check,44.4,44.4,Yes
1724-Bquha,Male,1,No,No,5,Yes,No,Fiber Optic,No,No,No,No,Yes,Yes,Month-To-Month,Yes,Electronic Check,89.5,477.7,Yes
3948-Kxduf,Male,0,No,No,66,Yes,Yes,Dsl,Yes,Yes,Yes,Yes,No,No,Two Year,No,Bank Transfer (Automatic),68.75,4447.55,No
2323-Arsvr,Male,0,Yes,No,67,Yes,No,Fiber Optic,Yes,Yes,Yes,Yes,Yes,Yes,Two Year,Yes,Electronic Check,111.05,7321.05,No
0815-Mfzgm,Female,0,Yes,No,42,Yes,No,Fiber Optic,No,No,Yes,Yes,Yes,Yes,Two Year,Yes,Credit Card (Automatic),99.0,4135,No
4826-Xtsoh,Male,1,Yes,No,1,Yes,Yes,Fiber Optic,No,No,No,No,Yes,No,Month-To-Month,Yes,Electronic Check,86.05,86.05,Yes
5480-Xtffl,Female,0,Yes,Yes,31,Yes,No,No,No Internet Service,No Internet Service,No Internet Service,No Internet Service,No Internet Service,No Internet Service,Two Year,No,Mailed Check,21.0,697.7,No
8295-Fhivv,Male,0,No,No,7,Yes,No,No,No Internet Service,No Internet Service,No Internet Service,No Internet Service,No Internet Service,No Internet Service,Month-To-Month,Yes,Mailed Check,19.4,168.65,No
2495-Inzwq,Male,0,No,No,4,No,No Phone Service,Dsl,No,No,No,No,Yes,Yes,Month-To-Month,Yes,Electronic Check,44.55,174.3,Yes
9086-Yjyxs,Male,0,Yes,Yes,34,Yes,Yes,Dsl,No,No,Yes,No,Yes,Yes,One Year,No,Bank Transfer (Automatic),77.2,2753.8,No
1179-Inlat,Male,0,No,No,3,Yes,No,No,No Internet Service,No Internet Service,No Internet Service,No Internet Service,No Internet Service,No Internet Service,One Year,Yes,Mailed Check,19.45,69.25,No
7909-Fioiy,Female,0,Yes,Yes,19,No,No Phone Service,Dsl,No,No,No,No,No,No,Month-To-Month,Yes,Mailed Check,24.85,434.8,No
4139-Sugld,Male,0,Yes,Yes,31,No,No Phone Service,Dsl,Yes,No,No,Yes,No,No,Month-To-Month,No,Bank Transfer (Automatic),35.4,1077.5,Yes
6857-Vwjdt,Female,0,No,No,1,Yes,Yes,Fiber Optic,No,No,No,No,Yes,Yes,Month-To-Month,No,Mailed Check,95.65,95.65,Yes
6351-Scjkt,Male,0,No,No,3,No,No Phone Service,Dsl,Yes,No,Yes,Yes,No,No,Month-To-Month,No,Mailed Check,41.35,107.25,No
5468-Bpmmo,Male,0,Yes,No,46,Yes,No,No,No Internet Service,No Internet Service,No Internet Service,No Internet Service,No Internet Service,No Internet Service,Month-To-Month,No,Electronic Check,19.6,851.2,No
5624-Bqssa,Female,0,No,No,1,Yes,No,No,No Internet Service,No Internet Service,No Internet Service,No Internet Service,No Internet Service,No Internet Service,Month-To-Month,No,Mailed Check,20.95,20.95,Yes
0197-Pnknk,Female,0,Yes,Yes,69,Yes,Yes,Fiber Optic,Yes,No,Yes,No,No,No,One Year,No,Bank Transfer (Automatic),84.45,5848.6,No
2439-Qkjul,Male,0,No,No,5,Yes,No,No,No Internet Service,No Internet Service,No Internet Service,No Internet Service,No Internet Service,No Internet Service,Month-To-Month,No,Mailed Check,20.25,109.8,No
1194-Spvsp,Male,0,No,No,1,Yes,No,No,No Internet Service,No Internet Service,No Internet Service,No Internet Service,No Internet Service,No Internet Service,Month-To-Month,No,Bank Transfer (Automatic),19.65,19.65,No
9534-Nsxem,Male,0,No,No,26,Yes,No,No,No Internet Service,No Internet Service,No Internet Service,No Internet Service,No Internet Service,No Internet Service,One Year,Yes,Credit Card (Automatic),20.65,595.5,No
2408-Witxk,Female,1,No,No,10,No,No Phone Service,Dsl,No,No,No,No,No,Yes,Month-To-Month,Yes,Electronic Check,34.7,329.8,Yes
8929-Kswih,Male,0,No,No,25,Yes,No,Fiber Optic,No,No,Yes,Yes,Yes,Yes,Two Year,No,Bank Transfer (Automatic),99.3,2513.5,No
2250-Ivbwa,Male,0,Yes,Yes,64,Yes,No,Fiber Optic,Yes,Yes,No,No,No,No,Month-To-Month,No,Electronic Check,81.05,5135.35,No
1810-Mvmai,Male,0,Yes,Yes,30,Yes,Yes,Dsl,Yes,Yes,Yes,Yes,No,No,Month-To-Month,No,Electronic Check,67.6,2000.2,No
9506-Uxusk,Male,0,No,No,13,Yes,No,Fiber Optic,No,No,No,No,No,No,Month-To-Month,Yes,Electronic Check,70.15,931.75,No
1229-Rcalf,Female,0,Yes,No,64,Yes,Yes,Fiber Optic,Yes,Yes,Yes,Yes,Yes,Yes,One Year,Yes,Electronic Check,115.0,7396.15,No
3572-Uolyz,Female,0,No,Yes,46,Yes,Yes,Fiber Optic,No,No,Yes,Yes,No,No,Month-To-Month,Yes,Bank Transfer (Automatic),84.8,3958.85,No
1429-Uyjsv,Female,0,No,No,12,Yes,No,No,No Internet Service,No Internet Service,No Internet Service,No Internet Service,No Internet Service,No Internet Service,One Year,No,Mailed Check,19.7,260.9,No
5577-Otwww,Female,0,No,No,15,Yes,No,No,No Internet Service,No Internet Service,No Internet Service,No Internet Service,No Internet Service,No Internet Service,Month-To-Month,No,Bank Transfer (Automatic),19.75,297.3,Yes
6100-Qqheb,Male,0,Yes,Yes,17,Yes,Yes,Fiber Optic,No,No,No,No,Yes,Yes,Month-To-Month,Yes,Electronic Check,92.55,1515.1,Yes
6366-Xivkz,Female,0,Yes,Yes,13,Yes,No,Dsl,Yes,No,Yes,No,No,Yes,Month-To-Month,Yes,Mailed Check,63.15,816.8,No
3470-Obuet,Female,0,Yes,Yes,67,Yes,Yes,Dsl,Yes,Yes,No,Yes,Yes,No,Two Year,No,Credit Card (Automatic),74.0,4868.4,No
2770-Nsvdg,Male,0,Yes,No,24,No,No Phone Service,Dsl,No,No,Yes,No,No,No,Month-To-Month,No,Electronic Check,29.1,688,No
9375-Mhrrs,Male,0,No,No,6,Yes,No,Dsl,No,No,No,Yes,No,No,Month-To-Month,No,Mailed Check,50.05,288.35,No
2634-Hczgt,Male,1,Yes,No,53,Yes,Yes,Dsl,Yes,No,No,Yes,No,No,One Year,Yes,Electronic Check,60.05,3229.65,Yes
7503-Qqrvf,Male,1,Yes,No,16,Yes,No,Fiber Optic,No,Yes,No,No,No,No,Month-To-Month,Yes,Credit Card (Automatic),74.3,1178.25,Yes
4860-Yzgzm,Male,0,No,No,10,Yes,No,No,No Internet Service,No Internet Service,No Internet Service,No Internet Service,No Internet Service,No Internet Service,Month-To-Month,No,Electronic Check,20.0,185.4,No
6599-Gzwcm,Female,0,No,No,13,Yes,No,Fiber Optic,No,Yes,No,No,No,No,One Year,Yes,Mailed Check,74.65,966.25,No
2691-Nzetq,Male,0,No,No,9,Yes,Yes,Fiber Optic,No,No,No,No,Yes,No,Month-To-Month,Yes,Electronic Check,85.35,758.6,Yes
4404-Hibdj,Female,0,No,No,25,Yes,No,Dsl,Yes,Yes,Yes,Yes,Yes,No,One Year,No,Mailed Check,74.3,1863.8,Yes
5533-Nhfrf,Male,1,No,No,7,No,No Phone Service,Dsl,No,Yes,No,Yes,No,Yes,Month-To-Month,Yes,Electronic Check,44.4,265.8,No
7037-Mtyvw,Male,0,Yes,Yes,38,Yes,Yes,Dsl,Yes,No,Yes,Yes,Yes,Yes,Two Year,Yes,Bank Transfer (Automatic),85.4,3297,No
4760-Thgot,Female,0,Yes,No,43,Yes,Yes,Fiber Optic,Yes,Yes,No,No,No,Yes,Month-To-Month,Yes,Electronic Check,94.1,4107.3,No
7295-Jommd,Female,0,No,Yes,4,Yes,No,Fiber Optic,No,No,Yes,Yes,Yes,Yes,Month-To-Month,Yes,Bank Transfer (Automatic),98.1,396.3,Yes
4016-Bjktz,Female,0,No,No,25,Yes,Yes,Fiber Optic,No,Yes,Yes,Yes,Yes,Yes,Two Year,No,Electronic Check,108.9,2809.05,No
6584-Vqmyt,Male,0,No,Yes,27,Yes,No,Dsl,Yes,Yes,No,No,No,No,One Year,No,Mailed Check,56.2,1567.55,No
9838-Bfcqt,Male,0,Yes,Yes,72,Yes,Yes,No,No Internet Service,No Internet Service,No Internet Service,No Internet Service,No Internet Service,No Internet Service,Two Year,No,Mailed Check,26.1,1851.45,No
2790-Xuymv,Male,0,No,Yes,71,Yes,Yes,Fiber Optic,Yes,Yes,No,No,No,No,One Year,Yes,Credit Card (Automatic),85.45,6028.95,No
0581-Mdmpw,Female,0,No,No,24,Yes,Yes,Fiber Optic,No,No,Yes,No,Yes,No,Month-To-Month,Yes,Credit Card (Automatic),88.95,2072.75,No
5013-Sbuih,Female,0,No,No,50,Yes,Yes,Fiber Optic,Yes,Yes,No,Yes,Yes,Yes,Two Year,Yes,Electronic Check,109.65,5551.15,Yes
1023-Bqxze,Male,0,No,No,57,Yes,No,Dsl,Yes,No,Yes,No,Yes,Yes,Two Year,Yes,Bank Transfer (Automatic),74.35,4317.35,No
9163-Ghaye,Female,0,No,No,15,Yes,No,Dsl,No,Yes,No,No,No,No,Month-To-Month,No,Electronic Check,48.85,736.8,No
3904-Ukfre,Male,0,No,No,4,Yes,Yes,Fiber Optic,Yes,No,No,No,No,No,Month-To-Month,Yes,Electronic Check,80.1,336.15,No
5353-Wilci,Female,0,No,No,28,Yes,No,Dsl,Yes,Yes,No,No,No,No,Month-To-Month,No,Electronic Check,56.05,1522.65,No
0709-Tvgur,Female,1,No,No,9,Yes,Yes,Fiber Optic,No,No,No,No,No,No,Month-To-Month,Yes,Electronic Check,74.55,622.9,Yes
0058-Evzwm,Female,0,Yes,No,55,Yes,Yes,Fiber Optic,Yes,No,No,No,Yes,No,Month-To-Month,Yes,Bank Transfer (Automatic),89.8,4959.6,No
6023-Yebup,Male,0,No,No,3,Yes,Yes,Fiber Optic,No,No,Yes,No,Yes,Yes,Month-To-Month,Yes,Electronic Check,100.95,329.95,Yes
7209-Jcuds,Male,0,No,No,10,Yes,No,Fiber Optic,No,No,Yes,No,Yes,Yes,Month-To-Month,Yes,Electronic Check,94.9,1048.85,Yes
7009-Pcars,Male,0,No,Yes,55,Yes,No,No,No Internet Service,No Internet Service,No Internet Service,No Internet Service,No Internet Service,No Internet Service,One Year,No,Bank Transfer (Automatic),19.1,1001.5,No
0519-Drgti,Female,0,Yes,Yes,20,Yes,No,No,No Internet Service,No Internet Service,No Internet Service,No Internet Service,No Internet Service,No Internet Service,Month-To-Month,No,Mailed Check,20.35,442.6,No
1017-Fbqmm,Female,0,Yes,Yes,62,Yes,Yes,Fiber Optic,No,Yes,No,Yes,Yes,Yes,One Year,Yes,Credit Card (Automatic),106.05,6703.5,No
3001-Cbhlq,Male,1,Yes,No,32,Yes,Yes,Fiber Optic,No,No,Yes,Yes,Yes,Yes,Month-To-Month,Yes,Electronic Check,104.9,3351.55,Yes
1985-Mbryp,Female,0,No,No,43,Yes,No,No,No Internet Service,No Internet Service,No Internet Service,No Internet Service,No Internet Service,No Internet Service,Two Year,Yes,Bank Transfer (Automatic),19.65,779.25,No
6158-Dwpzt,Male,0,Yes,No,9,No,No Phone Service,Dsl,No,No,No,No,No,No,One Year,No,Bank Transfer (Automatic),24.1,259.8,Yes
9372-Txxps,Female,0,Yes,No,60,Yes,No,Dsl,Yes,Yes,No,Yes,No,No,Two Year,No,Bank Transfer (Automatic),59.85,3483.45,No
3259-Qmxun,Male,0,Yes,No,58,Yes,Yes,Dsl,Yes,Yes,Yes,No,Yes,Yes,Two Year,Yes,Electronic Check,86.1,4890.5,No
1015-Jpfyw,Male,0,No,Yes,7,Yes,No,No,No Internet Service,No Internet Service,No Internet Service,No Internet Service,No Internet Service,No Internet Service,One Year,No,Mailed Check,19.45,136.75,No
6645-Mxqjt,Male,0,Yes,Yes,2,Yes,No,Fiber Optic,Yes,No,No,No,Yes,Yes,Month-To-Month,No,Electronic Check,97.1,184.15,No
4360-Qrave,Male,1,No,No,37,No,No Phone Service,Dsl,No,Yes,Yes,No,No,No,Month-To-Month,No,Electronic Check,36.65,1315,No
8433-Wpjtv,Female,1,Yes,Yes,65,Yes,Yes,Fiber Optic,No,No,Yes,Yes,Yes,Yes,One Year,Yes,Bank Transfer (Automatic),103.9,6767.1,No
5804-Jmyio,Female,0,Yes,Yes,39,Yes,No,No,No Internet Service,No Internet Service,No Internet Service,No Internet Service,No Internet Service,No Internet Service,Two Year,No,Mailed Check,19.75,757.95,No
3763-Gczhz,Male,0,Yes,No,66,Yes,Yes,Fiber Optic,No,Yes,No,Yes,Yes,Yes,One Year,Yes,Electronic Check,104.05,6890,Yes
6484-Latfu,Male,0,No,No,68,Yes,Yes,No,No Internet Service,No Internet Service,No Internet Service,No Internet Service,No Internet Service,No Internet Service,Two Year,No,Mailed Check,24.55,1657.4,No
7599-Ntmdp,Female,0,Yes,Yes,62,No,No Phone Service,Dsl,Yes,Yes,No,Yes,Yes,No,Two Year,No,Bank Transfer (Automatic),48.7,3008.55,No
0772-Gyeqq,Male,0,No,No,3,Yes,No,Fiber Optic,No,No,Yes,Yes,Yes,No,Month-To-Month,Yes,Mailed Check,88.35,262.05,Yes
0536-Acxip,Female,0,Yes,No,72,Yes,Yes,Fiber Optic,Yes,Yes,Yes,No,Yes,Yes,Two Year,Yes,Electronic Check,109.55,8165.1,No
0936-Nqlju,Female,0,Yes,No,41,Yes,No,No,No Internet Service,No Internet Service,No Internet Service,No Internet Service,No Internet Service,No Internet Service,Two Year,No,Credit Card (Automatic),20.65,875.55,No
4831-Eobfe,Male,0,Yes,Yes,29,Yes,No,Fiber Optic,Yes,No,No,No,Yes,Yes,Month-To-Month,No,Credit Card (Automatic),94.65,2649.15,Yes
1575-Krzze,Female,0,No,No,4,Yes,No,Dsl,Yes,Yes,No,No,No,No,Month-To-Month,No,Electronic Check,55.2,220.65,No
3251-Ymvwz,Male,0,No,No,53,Yes,Yes,No,No Internet Service,No Internet Service,No Internet Service,No Internet Service,No Internet Service,No Internet Service,One Year,No,Bank Transfer (Automatic),24.05,1301.9,No
4102-Oqupx,Male,1,Yes,No,1,Yes,Yes,Fiber Optic,No,No,No,No,No,No,Month-To-Month,Yes,Electronic Check,74.4,74.4,Yes
9170-Gyzjc,Female,0,Yes,Yes,41,Yes,Yes,Dsl,Yes,Yes,Yes,Yes,No,Yes,Month-To-Month,No,Credit Card (Automatic),79.9,3326.2,Yes
4884-Levmq,Male,0,Yes,No,39,Yes,No,No,No Internet Service,No Internet Service,No Internet Service,No Internet Service,No Internet Service,No Internet Service,Two Year,Yes,Bank Transfer (Automatic),20.45,790,No
8857-Cupfq,Male,0,Yes,No,63,Yes,No,No,No Internet Service,No Internet Service,No Internet Service,No Internet Service,No Internet Service,No Internet Service,Two Year,No,Mailed Check,19.25,1237.65,No
7610-Tvopg,Male,0,No,No,15,Yes,Yes,No,No Internet Service,No Internet Service,No Internet Service,No Internet Service,No Internet Service,No Internet Service,Month-To-Month,Yes,Electronic Check,26.35,378.6,No
3638-Dimph,Female,0,Yes,No,13,Yes,No,Dsl,No,No,No,No,No,No,One Year,No,Electronic Check,43.8,592.65,No
1845-Zllig,Male,0,No,No,1,Yes,No,Dsl,No,Yes,No,No,No,No,Month-To-Month,Yes,Mailed Check,50.15,50.15,No
8559-Wnqzs,Male,0,No,No,1,Yes,No,No,No Internet Service,No Internet Service,No Internet Service,No Internet Service,No Internet Service,No Internet Service,Two Year,No,Mailed Check,20.45,20.45,No
3999-Qgrjh,Male,1,No,No,8,Yes,No,Fiber Optic,No,No,No,No,No,No,Month-To-Month,Yes,Electronic Check,69.7,560.85,Yes
1699-Uotxu,Male,0,No,No,60,Yes,No,Dsl,Yes,Yes,Yes,No,No,No,Two Year,No,Electronic Check,61.4,3638.25,No
2454-Rpbrz,Female,1,Yes,No,12,Yes,Yes,Fiber Optic,No,Yes,Yes,No,Yes,No,Month-To-Month,Yes,Electronic Check,98.1,1060.2,Yes
0635-Wkold,Male,0,Yes,No,40,Yes,Yes,Dsl,No,Yes,No,Yes,Yes,No,One Year,No,Credit Card (Automatic),70.75,2921.75,No
5993-Jsuwv,Female,0,No,No,66,Yes,No,Dsl,Yes,Yes,Yes,No,No,No,Two Year,Yes,Bank Transfer (Automatic),61.15,4017.45,No
4518-Fzbsx,Male,0,Yes,Yes,42,Yes,No,No,No Internet Service,No Internet Service,No Internet Service,No Internet Service,No Internet Service,No Internet Service,One Year,No,Mailed Check,20.25,854.9,No
5387-Asznz,Female,1,No,No,66,Yes,Yes,Dsl,Yes,Yes,No,Yes,No,No,One Year,Yes,Credit Card (Automatic),63.85,4174.35,No
6988-Cjeyv,Male,0,No,No,49,Yes,Yes,Fiber Optic,No,Yes,No,No,Yes,Yes,Month-To-Month,No,Electronic Check,98.7,4920.55,No
2002-Mzhwp,Female,0,No,No,1,Yes,No,No,No Internet Service,No Internet Service,No Internet Service,No Internet Service,No Internet Service,No Internet Service,Month-To-Month,No,Mailed Check,20.5,20.5,Yes
3097-Fqtvj,Female,0,No,No,41,Yes,No,No,No Internet Service,No Internet Service,No Internet Service,No Internet Service,No Internet Service,No Internet Service,Two Year,No,Mailed Check,20.0,810.3,No
5465-Bubfa,Female,0,Yes,Yes,41,Yes,No,No,No Internet Service,No Internet Service,No Internet Service,No Internet Service,No Internet Service,No Internet Service,Two Year,No,Bank Transfer (Automatic),19.3,772.4,No
7299-Gnvpl,Female,0,Yes,Yes,23,Yes,No,Fiber Optic,Yes,Yes,No,Yes,No,No,Month-To-Month,No,Mailed Check,84.4,1936.85,No
9743-Dqkqw,Male,0,No,No,3,No,No Phone Service,Dsl,No,No,No,No,No,No,Month-To-Month,No,Electronic Check,25.1,79.8,No
1215-Vfyvk,Female,0,No,No,4,No,No Phone Service,Dsl,Yes,No,Yes,Yes,No,Yes,Month-To-Month,No,Mailed Check,48.25,202.25,No
9371-Bithb,Female,0,Yes,Yes,52,Yes,No,No,No Internet Service,No Internet Service,No Internet Service,No Internet Service,No Internet Service,No Internet Service,Two Year,No,Mailed Check,19.85,1070.5,No
2265-Cywiv,Female,1,Yes,No,4,Yes,Yes,Fiber Optic,Yes,No,No,No,Yes,Yes,Month-To-Month,Yes,Electronic Check,99.6,347.65,Yes
9093-Fpdlg,Female,0,No,No,11,Yes,No,Fiber Optic,No,Yes,Yes,Yes,No,Yes,Month-To-Month,Yes,Electronic Check,94.2,999.9,No
0541-Fitgh,Female,0,Yes,No,2,Yes,No,Dsl,Yes,No,No,No,No,Yes,Month-To-Month,Yes,Mailed Check,62.15,113.1,No
6985-Haywx,Female,0,Yes,No,26,Yes,Yes,Fiber Optic,No,Yes,No,No,No,No,Month-To-Month,No,Bank Transfer (Automatic),79.3,2015.8,No
7508-Kbimb,Male,0,Yes,Yes,24,Yes,No,Dsl,Yes,No,Yes,No,No,No,One Year,Yes,Credit Card (Automatic),56.25,1454.25,No
6838-Hvlxg,Female,0,No,No,12,Yes,No,No,No Internet Service,No Internet Service,No Internet Service,No Internet Service,No Internet Service,No Internet Service,Month-To-Month,No,Mailed Check,20.3,246.7,No
2277-Djjdl,Male,1,Yes,No,60,Yes,Yes,Fiber Optic,No,No,No,Yes,Yes,Yes,Month-To-Month,Yes,Electronic Check,99.0,6017.9,No
1897-Okvmw,Female,0,Yes,Yes,64,Yes,Yes,Dsl,Yes,Yes,Yes,Yes,Yes,Yes,Two Year,Yes,Mailed Check,90.6,5817.45,No
5485-Itnpc,Male,0,Yes,No,66,Yes,No,Dsl,Yes,Yes,Yes,Yes,Yes,Yes,Two Year,Yes,Bank Transfer (Automatic),85.9,5595.3,No
0233-Fthav,Female,0,No,No,60,Yes,Yes,Fiber Optic,No,No,Yes,No,No,No,One Year,Yes,Bank Transfer (Automatic),79.2,4765,No
4644-Pizrt,Male,0,Yes,Yes,17,Yes,Yes,Dsl,Yes,No,Yes,No,Yes,No,One Year,Yes,Bank Transfer (Automatic),70.35,1201.65,No
8922-Npkbj,Male,0,Yes,Yes,42,Yes,No,No,No Internet Service,No Internet Service,No Internet Service,No Internet Service,No Internet Service,No Internet Service,Two Year,No,Mailed Check,19.35,867.3,No
2740-Tvlfn,Male,0,No,No,1,Yes,Yes,Dsl,No,No,No,No,No,No,Month-To-Month,Yes,Electronic Check,50.15,50.15,No
7771-Cfqrq,Female,0,Yes,Yes,47,Yes,No,Dsl,No,Yes,No,Yes,No,Yes,Two Year,No,Bank Transfer (Automatic),63.8,3007.25,No
9512-Phsmg,Female,0,Yes,No,10,Yes,No,No,No Internet Service,No Internet Service,No Internet Service,No Internet Service,No Internet Service,No Internet Service,Month-To-Month,Yes,Mailed Check,20.55,252.75,No
6963-Ezqee,Male,1,Yes,No,70,Yes,Yes,Dsl,Yes,Yes,Yes,Yes,Yes,Yes,Two Year,Yes,Credit Card (Automatic),88.55,6306.5,No
2452-Kdrrh,Male,1,No,No,67,Yes,Yes,Fiber Optic,No,No,Yes,No,Yes,Yes,Month-To-Month,Yes,Credit Card (Automatic),101.4,6841.05,No
2004-Ocqxk,Female,0,No,No,1,Yes,No,Fiber Optic,No,No,No,No,No,Yes,Month-To-Month,Yes,Electronic Check,81.95,81.95,Yes
5027-Qpkte,Male,0,Yes,No,7,Yes,No,Fiber Optic,No,No,No,No,No,No,Month-To-Month,Yes,Electronic Check,69.35,451.1,Yes
4146-Svfud,Male,0,No,No,1,Yes,No,Dsl,No,No,No,No,No,No,Month-To-Month,No,Mailed Check,44.6,44.6,No
1564-Hjuvy,Male,0,No,No,4,Yes,No,Dsl,No,Yes,No,Yes,Yes,No,Month-To-Month,Yes,Bank Transfer (Automatic),63.75,226.2,No
3617-Xlsgq,Female,0,Yes,Yes,66,Yes,Yes,Fiber Optic,Yes,Yes,Yes,No,Yes,Yes,Two Year,No,Bank Transfer (Automatic),109.25,7082.5,No
7517-Ldmps,Female,0,No,No,12,Yes,No,Fiber Optic,No,Yes,No,No,No,Yes,Month-To-Month,Yes,Electronic Check,84.6,1017.35,No
7244-Kxyzn,Female,0,No,No,24,Yes,No,No,No Internet Service,No Internet Service,No Internet Service,No Internet Service,No Internet Service,No Internet Service,One Year,No,Credit Card (Automatic),20.45,527.35,No
5226-Nozfc,Male,0,No,No,26,Yes,No,Fiber Optic,No,Yes,No,No,Yes,No,Month-To-Month,Yes,Electronic Check,85.75,2146.5,No
2672-Huyvi,Female,0,No,No,6,Yes,No,Fiber Optic,No,No,No,No,Yes,Yes,Month-To-Month,Yes,Electronic Check,91.1,455.3,Yes
1400-Wivll,Male,0,Yes,No,57,Yes,Yes,Fiber Optic,No,No,Yes,Yes,Yes,Yes,Two Year,No,Electronic Check,107.95,5969.85,No
7508-Mybog,Male,0,Yes,No,14,Yes,Yes,Fiber Optic,No,No,No,No,Yes,No,Month-To-Month,Yes,Electronic Check,86.1,1235.55,Yes
8148-Nlegt,Female,0,Yes,Yes,42,Yes,Yes,No,No Internet Service,No Internet Service,No Internet Service,No Internet Service,No Internet Service,No Internet Service,Two Year,No,Electronic Check,22.95,1014.25,No
0148-Dcdos,Male,0,No,No,25,Yes,Yes,Fiber Optic,No,No,No,No,Yes,Yes,Month-To-Month,Yes,Bank Transfer (Automatic),94.7,2362.1,Yes
8347-Gdtmp,Female,0,Yes,No,64,Yes,No,No,No Internet Service,No Internet Service,No Internet Service,No Internet Service,No Internet Service,No Internet Service,Two Year,No,Credit Card (Automatic),19.45,1225.65,No
9992-Rramn,Male,0,Yes,No,22,Yes,Yes,Fiber Optic,No,No,No,No,No,Yes,Month-To-Month,Yes,Electronic Check,85.1,1873.7,Yes
6746-Wauwt,Male,0,No,No,19,Yes,No,No,No Internet Service,No Internet Service,No Internet Service,No Internet Service,No Internet Service,No Internet Service,One Year,Yes,Credit Card (Automatic),19.7,386.5,No
0310-Mvlet,Female,0,Yes,Yes,61,Yes,Yes,Fiber Optic,No,Yes,No,No,Yes,Yes,Month-To-Month,Yes,Electronic Check,99.15,6010.05,Yes
0428-Ikycp,Male,0,Yes,No,22,Yes,No,Fiber Optic,No,No,Yes,No,Yes,No,Month-To-Month,Yes,Bank Transfer (Automatic),87.0,1850.65,No
4550-Vbofe,Male,1,Yes,No,70,Yes,Yes,Fiber Optic,No,Yes,Yes,No,Yes,Yes,Month-To-Month,Yes,Electronic Check,102.95,7101.5,Yes
2187-Pkzay,Male,0,No,No,12,Yes,No,Fiber Optic,No,No,No,No,No,Yes,Month-To-Month,Yes,Bank Transfer (Automatic),79.95,1043.4,No
4003-Octmp,Female,0,Yes,No,31,Yes,No,Dsl,Yes,No,No,Yes,No,Yes,One Year,Yes,Electronic Check,64.0,1910.75,No
6652-Yffjo,Female,0,No,No,11,Yes,No,Dsl,No,No,No,No,Yes,Yes,Month-To-Month,Yes,Electronic Check,64.9,716.1,No
7225-Iilwy,Male,0,Yes,Yes,68,Yes,Yes,No,No Internet Service,No Internet Service,No Internet Service,No Internet Service,No Internet Service,No Internet Service,Two Year,No,Mailed Check,25.75,1686.15,No
5248-Rpyww,Female,1,Yes,Yes,72,Yes,Yes,Dsl,Yes,Yes,Yes,Yes,Yes,Yes,Two Year,Yes,Bank Transfer (Automatic),90.15,6716.45,No
7923-Iyjwy,Male,1,No,No,67,Yes,Yes,Fiber Optic,Yes,Yes,Yes,Yes,Yes,Yes,Two Year,Yes,Credit Card (Automatic),116.1,7839.85,No
3170-Gwykc,Female,0,No,No,60,Yes,No,Fiber Optic,Yes,No,Yes,Yes,Yes,Yes,Month-To-Month,Yes,Bank Transfer (Automatic),104.95,6236.75,No
5696-Qurrl,Male,0,No,No,1,Yes,No,Dsl,No,No,No,No,No,No,Month-To-Month,Yes,Mailed Check,45.05,45.05,Yes
7409-Kiutl,Female,1,No,Yes,1,Yes,No,Fiber Optic,No,No,No,No,No,No,Month-To-Month,Yes,Electronic Check,71.0,71,Yes
9830-Eclen,Male,0,Yes,Yes,58,No,No Phone Service,Dsl,Yes,Yes,Yes,No,Yes,No,One Year,No,Mailed Check,50.0,2919.85,No
1732-Vhubq,Female,1,Yes,Yes,47,Yes,No,Fiber Optic,No,No,No,No,No,No,Month-To-Month,No,Bank Transfer (Automatic),70.55,3309.25,Yes
0495-Rvcbf,Female,0,No,No,1,Yes,No,Fiber Optic,No,No,No,No,No,Yes,Month-To-Month,Yes,Electronic Check,79.7,79.7,Yes
2668-Tzsps,Male,0,No,No,1,Yes,No,No,No Internet Service,No Internet Service,No Internet Service,No Internet Service,No Internet Service,No Internet Service,Month-To-Month,No,Mailed Check,20.45,20.45,No
7854-Edssa,Male,0,No,No,22,Yes,Yes,Dsl,Yes,Yes,No,No,No,No,Month-To-Month,No,Electronic Check,59.0,1254.7,Yes
8869-Torss,Female,0,No,No,48,Yes,No,Dsl,Yes,No,Yes,Yes,No,No,One Year,Yes,Credit Card (Automatic),60.35,2896.4,Yes
7446-Sfaoa,Female,0,Yes,No,37,Yes,No,No,No Internet Service,No Internet Service,No Internet Service,No Internet Service,No Internet Service,No Internet Service,One Year,Yes,Bank Transfer (Automatic),19.85,717.5,No
9522-Zsinc,Male,0,No,No,13,Yes,No,No,No Internet Service,No Internet Service,No Internet Service,No Internet Service,No Internet Service,No Internet Service,One Year,Yes,Electronic Check,19.95,253.8,No
8234-Gszyk,Male,0,No,No,43,Yes,Yes,No,No Internet Service,No Internet Service,No Internet Service,No Internet Service,No Internet Service,No Internet Service,Two Year,No,Bank Transfer (Automatic),26.45,1110.05,No
6505-Oznpg,Female,0,No,No,6,No,No Phone Service,Dsl,Yes,Yes,Yes,Yes,Yes,Yes,Two Year,Yes,Mailed Check,63.4,348.8,No
6164-Haqtx,Male,0,No,No,71,No,No Phone Service,Dsl,Yes,Yes,Yes,Yes,Yes,No,Two Year,No,Bank Transfer (Automatic),53.95,3888.65,No
0679-Idstg,Female,1,Yes,Yes,1,Yes,No,Fiber Optic,No,No,No,No,No,No,Month-To-Month,Yes,Electronic Check,69.25,69.25,Yes
7765-Lwvvh,Female,0,Yes,Yes,72,Yes,Yes,Fiber Optic,Yes,Yes,No,No,Yes,No,Two Year,Yes,Electronic Check,95.1,6843.15,No
1658-Tjvoa,Female,1,No,No,6,Yes,No,Fiber Optic,Yes,No,No,No,No,No,Month-To-Month,Yes,Electronic Check,74.1,450.9,No
0953-Lgovu,Male,0,Yes,Yes,12,No,No Phone Service,Dsl,No,Yes,No,Yes,No,No,Month-To-Month,No,Mailed Check,35.5,432.25,No
2115-Bftiw,Male,0,No,No,25,Yes,No,Fiber Optic,No,No,No,No,No,No,Month-To-Month,No,Mailed Check,70.95,1767.35,Yes
4692-Nnqru,Female,0,Yes,No,21,Yes,No,Fiber Optic,No,No,Yes,Yes,No,No,One Year,No,Electronic Check,79.2,1742.45,No
7742-Mypgi,Female,0,Yes,Yes,6,Yes,No,Dsl,No,No,No,Yes,No,No,Month-To-Month,Yes,Mailed Check,48.8,297.35,No
0611-Dfxko,Male,0,Yes,No,20,Yes,No,Fiber Optic,No,No,No,No,Yes,Yes,Month-To-Month,Yes,Mailed Check,89.0,1820.45,Yes
7780-Otdso,Male,0,Yes,No,18,Yes,Yes,Fiber Optic,Yes,No,No,No,Yes,Yes,Month-To-Month,Yes,Electronic Check,99.4,1742.95,Yes
9619-Gsatl,Female,0,No,No,43,Yes,No,Dsl,No,Yes,No,Yes,No,No,One Year,No,Electronic Check,55.45,2444.25,No
5622-Uejfi,Female,0,Yes,Yes,35,Yes,Yes,No,No Internet Service,No Internet Service,No Internet Service,No Internet Service,No Internet Service,No Internet Service,Two Year,Yes,Credit Card (Automatic),25.4,949.8,No
9747-Ddzos,Female,0,No,No,1,Yes,No,Fiber Optic,No,No,Yes,No,No,No,Month-To-Month,No,Bank Transfer (Automatic),73.5,73.5,Yes
0674-Dgmaq,Male,1,Yes,No,32,Yes,Yes,Fiber Optic,No,Yes,Yes,No,No,Yes,Month-To-Month,Yes,Electronic Check,93.5,2970.8,No
6203-Hbzpa,Male,0,No,No,52,No,No Phone Service,Dsl,Yes,Yes,Yes,Yes,Yes,Yes,Two Year,No,Credit Card (Automatic),63.9,3334.95,No
0484-Ffvbj,Male,0,No,No,32,Yes,No,Dsl,No,No,No,No,Yes,Yes,One Year,Yes,Bank Transfer (Automatic),64.85,2010.95,No
0301-Fidrb,Female,0,Yes,Yes,72,No,No Phone Service,Dsl,Yes,Yes,Yes,Yes,Yes,Yes,Two Year,Yes,Bank Transfer (Automatic),63.8,4684.3,No
4139-Jpiam,Male,0,No,No,51,No,No Phone Service,Dsl,Yes,No,No,Yes,No,Yes,Month-To-Month,Yes,Credit Card (Automatic),44.45,2181.55,No
2181-Tidsv,Male,0,Yes,Yes,68,Yes,No,No,No Internet Service,No Internet Service,No Internet Service,No Internet Service,No Internet Service,No Internet Service,Two Year,Yes,Bank Transfer (Automatic),19.95,1303.25,No
2761-Xecqw,Male,1,Yes,No,8,No,No Phone Service,Dsl,No,Yes,Yes,No,No,Yes,Month-To-Month,Yes,Mailed Check,43.35,371.4,No
1936-Czakf,Male,0,Yes,No,49,No,No Phone Service,Dsl,No,Yes,No,No,Yes,Yes,Two Year,No,Credit Card (Automatic),49.65,2409.9,No
9453-Patos,Female,0,Yes,No,72,Yes,No,Dsl,Yes,Yes,Yes,Yes,Yes,Yes,Two Year,No,Mailed Check,85.1,6155.4,No
0564-Jjhgs,Male,0,No,No,9,Yes,Yes,Fiber Optic,No,No,No,No,Yes,Yes,Month-To-Month,Yes,Electronic Check,95.5,829.1,Yes
3348-Cfrnx,Female,0,Yes,No,28,Yes,No,Fiber Optic,Yes,No,No,No,Yes,Yes,Month-To-Month,Yes,Mailed Check,92.35,2602.9,Yes
4402-Ftbxc,Male,0,No,No,54,Yes,No,Fiber Optic,Yes,No,Yes,No,Yes,No,Month-To-Month,No,Mailed Check,89.8,4667,No
1428-Gtbjj,Male,0,No,No,11,Yes,No,Fiber Optic,No,Yes,No,No,No,No,Month-To-Month,Yes,Electronic Check,74.55,824.75,Yes
2931-Xiqbr,Female,0,Yes,Yes,50,Yes,No,Fiber Optic,No,No,Yes,Yes,Yes,Yes,One Year,No,Mailed Check,103.05,5153.5,No
0106-Ugrdo,Female,0,Yes,No,69,Yes,Yes,Fiber Optic,Yes,Yes,Yes,Yes,Yes,Yes,Two Year,Yes,Electronic Check,116.0,8182.85,No
5542-Tbbwb,Male,0,No,No,1,Yes,No,Fiber Optic,No,No,No,No,No,No,Month-To-Month,Yes,Electronic Check,69.9,69.9,No
1930-Qpbvz,Male,0,Yes,Yes,68,Yes,No,Fiber Optic,Yes,Yes,No,Yes,No,Yes,Two Year,No,Bank Transfer (Automatic),95.1,6683.4,No
2606-Pkwjb,Male,0,No,Yes,40,No,No Phone Service,Dsl,Yes,Yes,No,Yes,No,No,One Year,No,Mailed Check,40.25,1564.05,No
5322-Zsmzy,Male,0,Yes,Yes,31,Yes,Yes,No,No Internet Service,No Internet Service,No Internet Service,No Internet Service,No Internet Service,No Internet Service,Two Year,No,Mailed Check,25.75,755.6,No
8059-Udzfy,Female,1,No,Yes,33,Yes,Yes,Fiber Optic,No,Yes,Yes,No,Yes,Yes,Month-To-Month,Yes,Bank Transfer (Automatic),105.35,3465.05,No
7740-Btpux,Male,1,Yes,No,55,Yes,Yes,Fiber Optic,No,Yes,Yes,Yes,Yes,Yes,Two Year,Yes,Electronic Check,113.6,6292.7,No
5220-Agaax,Male,0,Yes,Yes,68,Yes,Yes,No,No Internet Service,No Internet Service,No Internet Service,No Internet Service,No Internet Service,No Internet Service,Two Year,Yes,Bank Transfer (Automatic),24.0,1664.3,No
0208-Bpqej,Female,0,Yes,Yes,12,Yes,No,No,No Internet Service,No Internet Service,No Internet Service,No Internet Service,No Internet Service,No Internet Service,Month-To-Month,No,Bank Transfer (Automatic),19.4,198.1,No
9435-Jmlsx,Male,0,Yes,No,71,Yes,No,Dsl,Yes,Yes,Yes,Yes,Yes,Yes,Two Year,Yes,Bank Transfer (Automatic),86.1,6045.9,No
3352-Almck,Male,0,No,No,40,Yes,Yes,Fiber Optic,No,Yes,Yes,No,Yes,Yes,Month-To-Month,Yes,Mailed Check,102.65,4108.15,No
5312-Ircfr,Female,0,Yes,Yes,64,Yes,Yes,Fiber Optic,No,Yes,Yes,No,No,Yes,One Year,Yes,Electronic Check,92.85,5980.75,No
5294-Imhht,Male,0,Yes,No,53,Yes,Yes,Fiber Optic,No,Yes,No,Yes,No,Yes,One Year,No,Bank Transfer (Automatic),97.75,5043.2,No
8802-Unojf,Male,1,No,No,12,Yes,No,Fiber Optic,No,Yes,Yes,Yes,No,No,Month-To-Month,Yes,Mailed Check,83.8,1029.75,Yes
6313-Gidit,Male,1,No,No,53,No,No Phone Service,Dsl,No,Yes,Yes,No,Yes,Yes,Month-To-Month,Yes,Electronic Check,54.45,2854.55,Yes
6176-Yjwas,Male,0,Yes,No,72,Yes,Yes,Fiber Optic,Yes,Yes,Yes,No,Yes,No,Two Year,Yes,Credit Card (Automatic),97.95,7114.25,No
5310-Noova,Male,0,No,No,46,Yes,No,No,No Internet Service,No Internet Service,No Internet Service,No Internet Service,No Internet Service,No Internet Service,Two Year,No,Electronic Check,19.95,907.05,No
4526-Exkkn,Male,0,No,No,40,Yes,Yes,No,No Internet Service,No Internet Service,No Internet Service,No Internet Service,No Internet Service,No Internet Service,Two Year,Yes,Mailed Check,24.6,973.95,No
5311-Ihlei,Male,0,No,No,12,No,No Phone Service,Dsl,Yes,Yes,No,Yes,Yes,No,Month-To-Month,Yes,Bank Transfer (Automatic),50.95,605.75,No
3987-Kqddu,Male,0,No,No,9,Yes,No,Fiber Optic,Yes,No,No,No,No,No,Month-To-Month,No,Electronic Check,75.6,661.55,No
3404-Jnxax,Female,0,Yes,Yes,51,Yes,Yes,Fiber Optic,No,No,No,Yes,No,No,Month-To-Month,Yes,Electronic Check,80.75,4116.9,No
5131-Ponji,Male,0,Yes,Yes,49,Yes,No,Fiber Optic,No,Yes,Yes,No,Yes,No,Month-To-Month,Yes,Credit Card (Automatic),90.4,4494.65,No
2845-Afftx,Male,1,Yes,No,41,Yes,Yes,Fiber Optic,No,No,Yes,No,Yes,Yes,Month-To-Month,Yes,Electronic Check,99.8,4259.3,Yes
3489-Vsfrd,Female,0,No,No,56,Yes,No,Dsl,Yes,No,Yes,Yes,No,No,One Year,Yes,Credit Card (Automatic),60.25,3282.75,No
3345-Jhueo,Male,0,No,No,4,Yes,No,No,No Internet Service,No Internet Service,No Internet Service,No Internet Service,No Internet Service,No Internet Service,Month-To-Month,Yes,Electronic Check,20.2,55.7,No
5815-Hgghv,Male,0,Yes,No,20,Yes,No,Dsl,Yes,No,No,Yes,No,Yes,One Year,Yes,Mailed Check,64.15,1274.45,No
5260-Umpwx,Female,0,Yes,Yes,26,Yes,No,No,No Internet Service,No Internet Service,No Internet Service,No Internet Service,No Internet Service,No Internet Service,Month-To-Month,Yes,Credit Card (Automatic),20.25,493.95,No
2249-Yprng,Female,0,Yes,Yes,20,Yes,Yes,Fiber Optic,No,Yes,Yes,No,Yes,Yes,Month-To-Month,Yes,Bank Transfer (Automatic),105.85,2239.65,Yes
7410-Ytjik,Female,0,No,No,7,Yes,Yes,Fiber Optic,No,No,No,No,No,No,Month-To-Month,No,Mailed Check,75.45,480.75,Yes
4626-Gyczp,Male,0,No,No,7,Yes,Yes,Fiber Optic,No,No,No,No,Yes,Yes,Month-To-Month,Yes,Electronic Check,93.85,635.6,Yes
5649-Rxqtv,Male,0,No,No,51,Yes,No,Fiber Optic,No,Yes,Yes,No,Yes,Yes,Month-To-Month,Yes,Electronic Check,99.0,5038.15,No
2674-Miaht,Female,0,No,No,4,Yes,Yes,Fiber Optic,No,Yes,No,No,No,No,Month-To-Month,Yes,Mailed Check,80.3,324.2,No
2576-Hxmpa,Female,0,No,No,1,Yes,No,No,No Internet Service,No Internet Service,No Internet Service,No Internet Service,No Internet Service,No Internet Service,Month-To-Month,No,Credit Card (Automatic),19.55,19.55,No
7587-Aovvu,Male,0,Yes,Yes,27,Yes,Yes,Fiber Optic,Yes,Yes,No,Yes,Yes,No,Month-To-Month,No,Electronic Check,100.75,2793.55,No
5590-Bynii,Male,0,No,No,22,Yes,Yes,Fiber Optic,Yes,No,No,No,Yes,Yes,Month-To-Month,Yes,Electronic Check,100.75,2095,Yes
6898-Mdlzw,Male,0,No,No,12,Yes,No,Dsl,No,Yes,No,Yes,No,No,Month-To-Month,Yes,Mailed Check,53.75,648.65,No
3237-Ajgeh,Female,0,Yes,Yes,3,No,No Phone Service,Dsl,No,No,No,Yes,No,No,Month-To-Month,Yes,Mailed Check,31.0,95.05,Yes
4707-Ynoqa,Female,0,Yes,Yes,34,Yes,Yes,No,No Internet Service,No Internet Service,No Internet Service,No Internet Service,No Internet Service,No Internet Service,One Year,Yes,Credit Card (Automatic),25.6,917.15,No
9357-Ujrun,Male,0,Yes,No,24,Yes,Yes,Dsl,Yes,No,No,Yes,No,No,One Year,Yes,Electronic Check,58.35,1346.9,No
1591-Nfnlq,Male,0,No,No,51,Yes,Yes,Fiber Optic,No,No,Yes,No,No,No,Month-To-Month,No,Credit Card (Automatic),80.0,4242.35,Yes
8648-Pfrmp,Female,1,No,No,14,No,No Phone Service,Dsl,No,No,No,No,Yes,Yes,Month-To-Month,Yes,Electronic Check,46.35,672.7,No
7663-Cuxzb,Male,0,Yes,No,59,Yes,Yes,Fiber Optic,Yes,Yes,Yes,Yes,Yes,Yes,Two Year,No,Electronic Check,113.75,6561.25,No
0258-Nokbl,Male,0,No,No,3,Yes,No,Fiber Optic,No,Yes,Yes,No,No,Yes,Month-To-Month,No,Electronic Check,90.4,268.45,No
1163-Vipri,Female,0,Yes,Yes,65,Yes,Yes,Fiber Optic,Yes,No,Yes,Yes,Yes,Yes,Two Year,No,Electronic Check,109.3,7337.55,No
2815-Cptul,Male,1,No,No,5,Yes,No,Fiber Optic,No,No,No,No,No,No,Month-To-Month,Yes,Mailed Check,70.25,331.9,Yes
9348-Rouai,Female,0,Yes,Yes,59,Yes,Yes,Dsl,Yes,Yes,Yes,Yes,Yes,Yes,Two Year,No,Credit Card (Automatic),90.3,5194.05,No
9443-Jubuo,Male,0,Yes,Yes,72,No,No Phone Service,Dsl,Yes,Yes,Yes,Yes,Yes,Yes,Two Year,Yes,Credit Card (Automatic),65.25,4478.85,No
0596-Bqceq,Female,0,Yes,Yes,62,Yes,No,Fiber Optic,No,Yes,Yes,No,Yes,Yes,Month-To-Month,Yes,Electronic Check,100.15,6283.3,Yes
1481-Zuwza,Male,0,No,No,28,Yes,Yes,Fiber Optic,Yes,Yes,No,No,No,Yes,Month-To-Month,Yes,Credit Card (Automatic),94.5,2659.4,Yes
3043-Tybno,Male,0,No,No,3,Yes,No,Dsl,No,No,No,Yes,No,Yes,Month-To-Month,No,Mailed Check,60.65,196.9,No
4830-Faxfm,Male,0,No,Yes,19,Yes,Yes,No,No Internet Service,No Internet Service,No Internet Service,No Internet Service,No Internet Service,No Internet Service,Month-To-Month,Yes,Credit Card (Automatic),24.1,439.2,No
5906-Bfozt,Male,0,No,No,1,Yes,No,No,No Internet Service,No Internet Service,No Internet Service,No Internet Service,No Internet Service,No Internet Service,Month-To-Month,Yes,Mailed Check,19.5,19.5,No
2960-Nkrso,Male,0,No,No,24,Yes,No,Fiber Optic,No,Yes,Yes,Yes,No,No,Month-To-Month,Yes,Electronic Check,85.95,2107.15,No
8996-Zroxe,Male,1,No,No,57,Yes,No,Dsl,No,No,Yes,Yes,No,No,One Year,Yes,Electronic Check,53.5,3035.8,No
5598-Ikhqq,Female,0,No,No,72,Yes,Yes,No,No Internet Service,No Internet Service,No Internet Service,No Internet Service,No Internet Service,No Internet Service,Two Year,No,Credit Card (Automatic),25.45,1866.45,No
0397-Zxwqf,Male,0,No,No,67,Yes,No,No,No Internet Service,No Internet Service,No Internet Service,No Internet Service,No Internet Service,No Internet Service,Two Year,No,Bank Transfer (Automatic),20.5,1430.95,No
5266-Pfrqk,Male,0,Yes,Yes,52,Yes,No,No,No Internet Service,No Internet Service,No Internet Service,No Internet Service,No Internet Service,No Internet Service,One Year,Yes,Credit Card (Automatic),20.85,1071.6,No
4674-Hgnua,Male,0,Yes,Yes,71,Yes,Yes,Dsl,Yes,Yes,Yes,Yes,Yes,Yes,Two Year,No,Credit Card (Automatic),89.9,6457.15,No
6765-Mbqnu,Female,0,Yes,No,26,Yes,Yes,No,No Internet Service,No Internet Service,No Internet Service,No Internet Service,No Internet Service,No Internet Service,One Year,No,Mailed Check,26.0,684.05,No
9786-Ijydl,Female,0,No,No,35,Yes,Yes,Fiber Optic,Yes,Yes,Yes,Yes,Yes,Yes,Two Year,Yes,Mailed Check,113.2,3914.05,No
1303-Srdok,Female,0,Yes,Yes,55,Yes,No,Fiber Optic,No,No,No,No,No,No,Two Year,Yes,Credit Card (Automatic),69.05,3842.6,No
3769-Mhznv,Female,0,Yes,Yes,33,Yes,No,No,No Internet Service,No Internet Service,No Internet Service,No Internet Service,No Internet Service,No Internet Service,Two Year,No,Mailed Check,20.1,670.35,No
6295-Osinb,Male,0,Yes,No,72,Yes,Yes,Fiber Optic,Yes,Yes,Yes,No,Yes,Yes,Two Year,Yes,Electronic Check,109.65,7880.25,No
3308-Mhooc,Male,0,No,Yes,1,Yes,No,No,No Internet Service,No Internet Service,No Internet Service,No Internet Service,No Internet Service,No Internet Service,Month-To-Month,Yes,Mailed Check,19.2,19.2,No
2309-Osfeu,Male,0,No,No,10,No,No Phone Service,Dsl,No,No,No,No,No,Yes,Month-To-Month,Yes,Mailed Check,33.9,298.45,Yes
2207-Qpjed,Female,1,Yes,No,37,Yes,No,Fiber Optic,No,No,Yes,Yes,Yes,No,Month-To-Month,No,Electronic Check,90.0,3371.75,No
4177-Jpdfu,Male,0,No,No,12,No,No Phone Service,Dsl,No,Yes,No,Yes,No,No,Month-To-Month,No,Mailed Check,34.0,442.45,No
2239-Cfouj,Male,0,Yes,Yes,1,Yes,No,No,No Internet Service,No Internet Service,No Internet Service,No Internet Service,No Internet Service,No Internet Service,One Year,No,Mailed Check,20.4,20.4,No
8046-Dnvtl,Male,0,Yes,No,62,No,No Phone Service,Dsl,Yes,Yes,No,Yes,No,No,Two Year,Yes,Credit Card (Automatic),38.6,2345.55,No
2209-Xadxf,Female,0,No,No,1,No,No Phone Service,Dsl,No,No,No,No,No,No,Month-To-Month,No,Bank Transfer (Automatic),25.25,25.25,No
6620-Jdynw,Female,0,No,No,18,Yes,Yes,Dsl,Yes,No,Yes,No,No,No,Month-To-Month,Yes,Mailed Check,60.6,1156.35,No
1891-Fzysa,Male,1,Yes,No,69,Yes,Yes,Fiber Optic,No,Yes,No,No,Yes,No,Month-To-Month,Yes,Electronic Check,89.95,6143.15,Yes
4770-Uezox,Male,0,No,No,2,Yes,No,Fiber Optic,No,Yes,No,No,No,No,Month-To-Month,Yes,Electronic Check,74.75,144.8,No
1038-Rqost,Male,0,Yes,Yes,19,Yes,No,No,No Internet Service,No Internet Service,No Internet Service,No Internet Service,No Internet Service,No Internet Service,Month-To-Month,No,Mailed Check,20.6,414.95,No
7613-Llqfo,Male,0,No,No,12,Yes,Yes,Fiber Optic,No,No,No,No,Yes,No,Month-To-Month,Yes,Electronic Check,84.45,1059.55,Yes
4568-Ttzrt,Male,0,No,No,9,Yes,No,No,No Internet Service,No Internet Service,No Internet Service,No Internet Service,No Internet Service,No Internet Service,Month-To-Month,No,Mailed Check,20.4,181.8,No
9513-Dxhda,Male,0,No,No,27,Yes,No,Dsl,Yes,No,Yes,Yes,Yes,Yes,One Year,No,Electronic Check,81.7,2212.55,No
2640-Pmgfl,Male,0,No,Yes,27,Yes,Yes,Fiber Optic,No,No,No,Yes,No,No,Month-To-Month,Yes,Electronic Check,79.5,2180.55,Yes
3801-Hmynl,Male,0,Yes,Yes,1,Yes,No,Fiber Optic,No,No,No,No,Yes,Yes,Month-To-Month,No,Mailed Check,89.15,89.15,Yes
0516-Qreyc,Female,1,No,No,24,Yes,No,No,No Internet Service,No Internet Service,No Internet Service,No Internet Service,No Internet Service,No Internet Service,Month-To-Month,Yes,Mailed Check,20.3,459.95,No
9685-Wkzgt,Male,1,No,No,14,Yes,Yes,Fiber Optic,No,No,No,No,No,No,Month-To-Month,Yes,Electronic Check,74.95,1036.75,Yes
6022-Uggso,Female,1,No,No,32,Yes,No,Fiber Optic,No,Yes,No,No,No,No,Month-To-Month,Yes,Electronic Check,74.4,2276.95,Yes
8084-Oivbs,Female,0,No,No,11,Yes,No,No,No Internet Service,No Internet Service,No Internet Service,No Internet Service,No Internet Service,No Internet Service,One Year,No,Mailed Check,20.0,211.95,No
8896-Bqtti,Male,0,No,No,1,Yes,Yes,No,No Internet Service,No Internet Service,No Internet Service,No Internet Service,No Internet Service,No Internet Service,Month-To-Month,Yes,Mailed Check,25.0,25,No
3865-Qbwsj,Male,1,No,Yes,38,Yes,Yes,Fiber Optic,Yes,No,No,No,No,No,Month-To-Month,Yes,Mailed Check,80.45,3162.65,No
3352-Ricwq,Female,0,Yes,Yes,9,Yes,No,No,No Internet Service,No Internet Service,No Internet Service,No Internet Service,No Internet Service,No Internet Service,Two Year,No,Mailed Check,19.75,210.65,No
2160-Gpfxd,Male,0,Yes,Yes,54,Yes,Yes,Dsl,Yes,Yes,No,Yes,No,No,Two Year,Yes,Credit Card (Automatic),65.65,3566.7,No
2065-Mmkgr,Female,0,No,No,29,Yes,Yes,Dsl,No,No,No,No,Yes,Yes,One Year,Yes,Credit Card (Automatic),71.0,2080.1,No
5857-Tybcj,Male,1,Yes,No,44,Yes,Yes,Fiber Optic,No,No,Yes,No,Yes,No,Month-To-Month,Yes,Electronic Check,89.2,4040.2,No
1498-Nhtlt,Male,0,Yes,Yes,59,Yes,No,Dsl,Yes,Yes,Yes,Yes,Yes,Yes,Two Year,Yes,Electronic Check,86.75,5186,No
4484-Cgxfk,Female,0,No,No,3,Yes,No,Dsl,No,No,No,No,No,Yes,Month-To-Month,Yes,Electronic Check,55.3,196.15,Yes
1402-Pthgn,Female,0,Yes,Yes,18,Yes,No,Dsl,Yes,Yes,No,Yes,No,No,One Year,Yes,Mailed Check,61.5,1087.45,No
4176-Reljr,Male,1,No,No,67,Yes,Yes,No,No Internet Service,No Internet Service,No Internet Service,No Internet Service,No Internet Service,No Internet Service,Two Year,No,Credit Card (Automatic),25.1,1672.15,No
6214-Edakz,Female,0,Yes,Yes,22,Yes,No,Dsl,No,Yes,No,Yes,No,No,Month-To-Month,No,Electronic Check,55.15,1206.05,Yes
5199-Fpusp,Male,0,No,Yes,33,No,No Phone Service,Dsl,Yes,No,No,Yes,No,No,One Year,No,Credit Card (Automatic),34.05,1113.95,No
6377-Kslxc,Male,0,No,No,5,Yes,No,No,No Internet Service,No Internet Service,No Internet Service,No Internet Service,No Internet Service,No Internet Service,Month-To-Month,No,Mailed Check,19.95,107.05,No
1796-Janow,Female,0,No,No,2,Yes,No,No,No Internet Service,No Internet Service,No Internet Service,No Internet Service,No Internet Service,No Internet Service,Month-To-Month,No,Mailed Check,19.95,38.15,No
0238-Whbiq,Male,0,Yes,Yes,72,Yes,Yes,Dsl,Yes,Yes,Yes,Yes,Yes,Yes,Two Year,No,Credit Card (Automatic),89.7,6339.3,No
8735-Nblwt,Male,0,No,Yes,9,Yes,No,No,No Internet Service,No Internet Service,No Internet Service,No Internet Service,No Internet Service,No Internet Service,Month-To-Month,No,Mailed Check,20.4,184.1,No
6651-Rlggm,Male,0,Yes,Yes,67,Yes,Yes,No,No Internet Service,No Internet Service,No Internet Service,No Internet Service,No Internet Service,No Internet Service,Two Year,No,Mailed Check,26.3,1688.9,No
6127-Isgtu,Female,0,Yes,No,16,Yes,Yes,Fiber Optic,No,No,No,No,Yes,No,Month-To-Month,Yes,Electronic Check,84.95,1378.25,Yes
1614-Jbebi,Female,0,No,No,8,Yes,No,No,No Internet Service,No Internet Service,No Internet Service,No Internet Service,No Internet Service,No Internet Service,Month-To-Month,Yes,Mailed Check,20.7,137.6,No
8740-Xlhdr,Male,0,No,No,5,No,No Phone Service,Dsl,Yes,Yes,Yes,Yes,No,No,Month-To-Month,Yes,Mailed Check,43.25,219,Yes
1208-Dnhln,Male,0,Yes,Yes,23,Yes,Yes,Dsl,No,No,No,No,No,No,One Year,Yes,Credit Card (Automatic),48.35,1067.15,Yes
1761-Aezzr,Male,0,No,No,1,Yes,No,Fiber Optic,No,No,No,No,Yes,No,Month-To-Month,Yes,Electronic Check,79.55,79.55,Yes
3923-Csihk,Female,1,Yes,No,50,Yes,No,Fiber Optic,No,No,No,No,No,No,Month-To-Month,Yes,Electronic Check,71.05,3444.85,Yes
5696-Excys,Male,0,No,No,17,Yes,No,No,No Internet Service,No Internet Service,No Internet Service,No Internet Service,No Internet Service,No Internet Service,Two Year,No,Credit Card (Automatic),19.45,369.05,No
5795-Ktgud,Female,0,Yes,No,68,Yes,Yes,Fiber Optic,Yes,Yes,Yes,No,Yes,Yes,Two Year,Yes,Bank Transfer (Automatic),110.8,7553.6,No
7120-Rfmvs,Male,0,No,No,1,Yes,Yes,Fiber Optic,No,No,No,No,Yes,No,Month-To-Month,No,Electronic Check,84.5,84.5,Yes
7924-Gjzfi,Female,1,Yes,No,25,Yes,No,Fiber Optic,No,No,No,No,No,No,Month-To-Month,Yes,Electronic Check,69.3,1813.1,No
4702-Hdrkd,Male,0,No,No,67,No,No Phone Service,Dsl,Yes,No,Yes,Yes,Yes,No,One Year,Yes,Bank Transfer (Automatic),49.35,3321.35,No
8512-Wiwyv,Male,0,No,No,32,Yes,No,No,No Internet Service,No Internet Service,No Internet Service,No Internet Service,No Internet Service,No Internet Service,One Year,No,Credit Card (Automatic),20.35,707.5,No
5897-Zyekh,Female,1,Yes,No,67,Yes,Yes,Fiber Optic,Yes,Yes,No,No,Yes,Yes,One Year,Yes,Electronic Check,105.6,7112.15,No
5456-Itgic,Male,1,Yes,No,72,No,No Phone Service,Dsl,Yes,Yes,Yes,Yes,Yes,Yes,Two Year,Yes,Credit Card (Automatic),64.45,4641.1,No
7317-Ggvpb,Male,0,Yes,No,71,Yes,Yes,Fiber Optic,No,Yes,Yes,Yes,Yes,Yes,Two Year,Yes,Credit Card (Automatic),108.6,7690.9,Yes
1406-Puqvy,Male,0,No,Yes,1,Yes,No,Dsl,No,Yes,No,No,No,No,Month-To-Month,Yes,Electronic Check,49.9,49.9,No
1322-Agoqm,Male,0,No,No,46,No,No Phone Service,Dsl,No,Yes,No,No,No,No,Month-To-Month,No,Bank Transfer (Automatic),30.3,1380.1,Yes
3677-Iyrbf,Female,1,No,No,2,No,No Phone Service,Dsl,No,No,Yes,No,No,No,Month-To-Month,Yes,Electronic Check,30.4,78.65,Yes
5692-Fptah,Female,0,No,No,1,Yes,No,Dsl,No,No,No,No,No,No,Month-To-Month,Yes,Mailed Check,45.4,45.4,Yes
9114-Aafqh,Female,0,Yes,No,48,Yes,No,Dsl,No,Yes,Yes,No,No,Yes,One Year,Yes,Electronic Check,65.65,3094.65,No
8715-Kktfg,Female,0,Yes,No,61,Yes,Yes,Fiber Optic,No,No,Yes,Yes,Yes,Yes,One Year,Yes,Bank Transfer (Automatic),103.3,6518.35,No
1550-Loaha,Female,0,Yes,No,32,Yes,No,Fiber Optic,No,Yes,No,No,No,Yes,Month-To-Month,No,Bank Transfer (Automatic),84.15,2585.95,Yes
1728-Bqdma,Female,0,No,No,2,Yes,No,Dsl,No,No,No,No,No,No,Month-To-Month,No,Electronic Check,44.45,82.7,No
0268-Qkiwo,Female,0,No,No,3,Yes,No,No,No Internet Service,No Internet Service,No Internet Service,No Internet Service,No Internet Service,No Internet Service,Month-To-Month,No,Electronic Check,19.75,58.85,Yes
0876-Wduuz,Female,0,No,No,5,Yes,No,Fiber Optic,No,No,No,Yes,No,Yes,Month-To-Month,Yes,Credit Card (Automatic),85.4,425.9,Yes
5117-Zsmhq,Female,0,Yes,Yes,71,Yes,Yes,Dsl,Yes,Yes,Yes,Yes,Yes,Yes,Two Year,No,Bank Transfer (Automatic),89.9,6342.7,No
5151-Hqrdg,Male,0,Yes,No,37,Yes,Yes,Dsl,Yes,No,No,No,No,No,Month-To-Month,Yes,Mailed Check,55.05,2030.75,No
0960-Huwbm,Male,0,Yes,Yes,65,Yes,Yes,Fiber Optic,No,No,Yes,Yes,Yes,Yes,Two Year,Yes,Bank Transfer (Automatic),104.1,6700.05,No
6465-Gsrcl,Female,0,No,Yes,67,Yes,Yes,Fiber Optic,No,Yes,No,Yes,Yes,Yes,One Year,Yes,Bank Transfer (Automatic),106.6,7244.7,No
0617-Fhsgk,Male,0,No,Yes,49,Yes,Yes,Fiber Optic,No,No,No,No,No,No,Month-To-Month,No,Credit Card (Automatic),75.2,3678.3,Yes
0263-Fjtqo,Male,0,Yes,Yes,50,Yes,Yes,Dsl,Yes,No,No,Yes,Yes,No,Two Year,Yes,Credit Card (Automatic),70.5,3486.65,No
7319-Znrtr,Male,0,Yes,Yes,25,Yes,No,No,No Internet Service,No Internet Service,No Internet Service,No Internet Service,No Internet Service,No Internet Service,One Year,No,Electronic Check,19.6,411.15,No
2858-Mofsq,Female,0,No,Yes,17,Yes,Yes,Dsl,No,No,Yes,No,No,No,One Year,Yes,Mailed Check,55.85,937.5,Yes
7503-Epszw,Female,0,Yes,Yes,64,Yes,Yes,No,No Internet Service,No Internet Service,No Internet Service,No Internet Service,No Internet Service,No Internet Service,Two Year,Yes,Mailed Check,24.05,1559.15,No
7089-Xxayg,Male,0,Yes,No,25,No,No Phone Service,Dsl,No,No,Yes,No,Yes,No,One Year,Yes,Credit Card (Automatic),38.1,970.4,No
8118-Lsuel,Male,1,No,No,23,Yes,Yes,Fiber Optic,No,Yes,Yes,No,Yes,Yes,Month-To-Month,Yes,Electronic Check,106.4,2483.5,Yes
8070-Aawzp,Male,1,Yes,No,24,No,No Phone Service,Dsl,No,No,Yes,Yes,No,No,Month-To-Month,No,Mailed Check,34.25,828.2,No
1666-Jxlku,Female,0,No,No,37,Yes,Yes,Fiber Optic,No,No,Yes,No,Yes,Yes,Month-To-Month,Yes,Electronic Check,100.05,3810.55,No
7855-Diwpo,Female,0,No,No,21,Yes,No,Fiber Optic,No,No,No,No,No,No,Month-To-Month,Yes,Electronic Check,68.65,1493.2,No
5133-Powua,Male,0,No,No,1,Yes,No,Dsl,No,No,No,No,No,No,Month-To-Month,Yes,Mailed Check,45.8,45.8,No
5652-Msdey,Female,0,No,No,10,Yes,Yes,Fiber Optic,No,No,No,No,No,No,Month-To-Month,Yes,Mailed Check,75.75,777.3,No
7005-Ccbkv,Male,0,No,No,6,Yes,No,Fiber Optic,No,Yes,No,No,No,Yes,Month-To-Month,Yes,Electronic Check,84.4,556.35,Yes
1810-Bohsy,Male,0,Yes,No,51,Yes,Yes,Fiber Optic,Yes,Yes,No,No,No,Yes,One Year,Yes,Credit Card (Automatic),96.4,4911.05,No
1784-Bxefa,Female,0,No,No,10,Yes,No,No,No Internet Service,No Internet Service,No Internet Service,No Internet Service,No Internet Service,No Internet Service,Month-To-Month,Yes,Mailed Check,20.55,187.35,No
7351-Mhqvu,Female,0,No,No,6,No,No Phone Service,Dsl,Yes,Yes,No,Yes,No,Yes,Month-To-Month,No,Credit Card (Automatic),50.95,307.6,No
9224-Vtyid,Male,0,Yes,Yes,47,Yes,Yes,Dsl,Yes,Yes,Yes,Yes,Yes,Yes,Two Year,Yes,Mailed Check,90.5,4318.35,No
9500-Iwpxq,Female,0,Yes,Yes,61,Yes,Yes,Dsl,Yes,Yes,Yes,Yes,No,Yes,One Year,Yes,Electronic Check,79.4,4820.55,No
5762-Tjxgk,Female,0,No,No,52,No,No Phone Service,Dsl,Yes,Yes,Yes,No,Yes,Yes,Two Year,Yes,Bank Transfer (Automatic),58.75,3038.55,No
4504-Youla,Female,0,Yes,Yes,35,Yes,Yes,Dsl,Yes,Yes,No,No,No,No,Month-To-Month,Yes,Credit Card (Automatic),59.45,2136.9,No
5569-Idsey,Male,0,Yes,No,71,Yes,Yes,Fiber Optic,No,Yes,Yes,No,Yes,Yes,One Year,Yes,Bank Transfer (Automatic),105.7,7472.15,No
4250-Fdvou,Female,0,No,No,6,Yes,No,Dsl,Yes,Yes,No,No,No,No,Month-To-Month,No,Electronic Check,56.25,389.1,Yes
7284-Zzloh,Male,0,Yes,No,45,Yes,No,Dsl,Yes,No,Yes,No,No,No,Two Year,No,Credit Card (Automatic),53.3,2296.25,No
5277-Zloor,Female,1,No,No,2,Yes,Yes,Fiber Optic,No,No,No,No,Yes,No,Month-To-Month,Yes,Electronic Check,85.55,187.45,Yes
2141-Rrygo,Female,0,No,No,4,Yes,No,Dsl,No,Yes,No,No,Yes,Yes,Month-To-Month,Yes,Bank Transfer (Automatic),68.65,261.25,Yes
1777-Jyqpj,Male,0,No,No,2,No,No Phone Service,Dsl,No,No,No,No,No,No,Month-To-Month,No,Mailed Check,24.3,38.45,No
6376-Gahqe,Male,0,No,No,4,Yes,No,Fiber Optic,No,No,No,No,Yes,No,Month-To-Month,No,Electronic Check,77.85,299.2,Yes
3401-Urhda,Male,0,No,No,51,Yes,Yes,Dsl,Yes,No,No,Yes,No,No,One Year,No,Credit Card (Automatic),59.9,3043.6,No
1599-Eahxy,Male,0,Yes,Yes,60,Yes,Yes,No,No Internet Service,No Internet Service,No Internet Service,No Internet Service,No Internet Service,No Internet Service,One Year,No,Credit Card (Automatic),23.95,1506.4,No
8631-Xvrzl,Male,0,No,No,9,Yes,No,No,No Internet Service,No Internet Service,No Internet Service,No Internet Service,No Internet Service,No Internet Service,One Year,Yes,Mailed Check,20.15,163.7,No
5052-Pnlos,Male,0,No,No,3,Yes,Yes,Fiber Optic,No,Yes,Yes,No,Yes,Yes,Month-To-Month,Yes,Bank Transfer (Automatic),105.35,323.25,Yes
3853-Lygam,Male,0,No,No,17,Yes,Yes,Fiber Optic,No,No,Yes,Yes,No,Yes,Month-To-Month,Yes,Bank Transfer (Automatic),95.65,1640,No
6979-Znsff,Female,0,No,No,8,Yes,Yes,Fiber Optic,No,No,No,No,Yes,No,Month-To-Month,Yes,Electronic Check,87.05,762.1,Yes
5751-Usdbl,Male,0,Yes,Yes,46,Yes,No,Dsl,Yes,No,Yes,Yes,Yes,Yes,Two Year,No,Mailed Check,81.0,3846.35,No
5680-Lqogp,Female,0,No,No,68,Yes,No,Dsl,Yes,Yes,Yes,Yes,Yes,Yes,Two Year,Yes,Credit Card (Automatic),82.45,5646.6,No
2386-Lahrk,Male,0,No,No,1,Yes,No,Dsl,No,No,No,No,Yes,No,Month-To-Month,Yes,Mailed Check,53.5,53.5,Yes
8189-Dukmv,Female,0,Yes,No,4,Yes,No,No,No Internet Service,No Internet Service,No Internet Service,No Internet Service,No Internet Service,No Internet Service,One Year,No,Bank Transfer (Automatic),20.5,79.05,No
6032-Igaln,Female,0,No,No,1,No,No Phone Service,Dsl,No,No,No,No,No,No,Month-To-Month,Yes,Mailed Check,25.1,25.1,Yes
9931-Dcezh,Male,0,No,Yes,28,Yes,No,Dsl,No,Yes,No,Yes,No,No,One Year,Yes,Credit Card (Automatic),54.4,1516.6,No
1898-Jsndc,Female,0,No,No,39,Yes,No,Dsl,No,Yes,No,No,Yes,No,One Year,Yes,Credit Card (Automatic),58.6,2224.5,No
0315-Lvcrk,Male,0,No,No,11,Yes,No,Fiber Optic,No,No,Yes,No,No,Yes,Month-To-Month,No,Electronic Check,84.8,888.75,No
3911-Rsnhi,Female,0,Yes,No,71,No,No Phone Service,Dsl,No,Yes,Yes,Yes,Yes,Yes,Two Year,Yes,Credit Card (Automatic),61.4,4310.35,No
2410-Ciyfz,Male,0,No,Yes,2,Yes,No,No,No Internet Service,No Internet Service,No Internet Service,No Internet Service,No Internet Service,No Internet Service,Month-To-Month,No,Mailed Check,20.4,42.9,No
4248-Hcetz,Male,1,Yes,No,30,Yes,No,Fiber Optic,No,Yes,Yes,No,No,No,Month-To-Month,Yes,Mailed Check,79.65,2365.15,Yes
5505-Ovwqw,Female,0,No,No,17,Yes,No,No,No Internet Service,No Internet Service,No Internet Service,No Internet Service,No Internet Service,No Internet Service,One Year,No,Mailed Check,20.15,353.65,No
7271-Ajdtl,Female,0,Yes,No,55,Yes,Yes,Fiber Optic,No,Yes,Yes,No,Yes,No,Month-To-Month,Yes,Credit Card (Automatic),94.45,5073.1,No
1867-Tjhts,Female,0,No,No,58,Yes,Yes,Fiber Optic,Yes,No,No,No,No,No,Month-To-Month,Yes,Bank Transfer (Automatic),79.8,4526.85,No
0516-Wjvxc,Female,0,No,No,5,Yes,No,Dsl,Yes,No,No,Yes,No,No,Month-To-Month,No,Electronic Check,54.2,308.25,Yes
9174-Fkwze,Female,1,No,No,1,Yes,No,No,No Internet Service,No Internet Service,No Internet Service,No Internet Service,No Internet Service,No Internet Service,Month-To-Month,Yes,Electronic Check,19.45,19.45,Yes
6860-Yrjzp,Male,1,No,No,9,Yes,Yes,Fiber Optic,No,No,No,No,No,No,Month-To-Month,Yes,Electronic Check,74.05,678.45,No
4429-Wygfr,Male,0,No,No,26,Yes,No,Dsl,No,No,No,Yes,No,No,Month-To-Month,No,Bank Transfer (Automatic),49.15,1237.3,No
2817-Lvcpp,Female,0,No,No,50,Yes,No,No,No Internet Service,No Internet Service,No Internet Service,No Internet Service,No Internet Service,No Internet Service,Two Year,No,Credit Card (Automatic),19.4,1023.95,No
5038-Etmlm,Female,0,Yes,No,72,Yes,Yes,Fiber Optic,Yes,Yes,Yes,Yes,Yes,Yes,Two Year,Yes,Bank Transfer (Automatic),113.65,8182.75,No
5056-Fimpt,Female,0,No,Yes,43,Yes,No,Fiber Optic,Yes,Yes,No,Yes,Yes,Yes,One Year,Yes,Credit Card (Automatic),106.0,4532.3,No
4521-Wfjai,Male,0,No,No,56,Yes,Yes,No,No Internet Service,No Internet Service,No Internet Service,No Internet Service,No Internet Service,No Internet Service,Two Year,Yes,Bank Transfer (Automatic),25.95,1444.05,No
6569-Ktmdu,Female,0,No,No,1,Yes,No,No,No Internet Service,No Internet Service,No Internet Service,No Internet Service,No Internet Service,No Internet Service,Month-To-Month,No,Mailed Check,19.1,19.1,No
8809-Rihdd,Male,0,Yes,Yes,72,Yes,Yes,Fiber Optic,No,Yes,Yes,No,Yes,Yes,Two Year,Yes,Electronic Check,103.4,7372.65,Yes
8809-Xkhmd,Male,0,Yes,No,72,Yes,Yes,Fiber Optic,Yes,Yes,No,Yes,No,Yes,Two Year,Yes,Bank Transfer (Automatic),100.55,7325.1,No
0396-Ychwo,Male,0,Yes,No,36,Yes,Yes,Fiber Optic,No,No,No,No,Yes,Yes,Month-To-Month,Yes,Electronic Check,95.4,3474.2,No
0867-Ldttc,Male,0,No,No,5,Yes,No,Dsl,No,No,Yes,Yes,Yes,Yes,Month-To-Month,No,Bank Transfer (Automatic),75.15,392.65,No
4822-Ngoch,Female,0,No,No,13,Yes,Yes,Fiber Optic,No,Yes,Yes,No,No,No,Month-To-Month,Yes,Electronic Check,84.45,1058.6,Yes
9391-Dxggg,Female,1,No,No,44,Yes,No,Fiber Optic,No,Yes,Yes,No,No,Yes,One Year,No,Credit Card (Automatic),89.15,3990.75,No
9844-Felaj,Female,1,Yes,Yes,70,Yes,Yes,Fiber Optic,No,Yes,Yes,Yes,Yes,Yes,One Year,Yes,Electronic Check,107.9,7475.85,No
2122-Szzzd,Male,0,No,No,44,Yes,No,No,No Internet Service,No Internet Service,No Internet Service,No Internet Service,No Internet Service,No Internet Service,One Year,No,Credit Card (Automatic),19.5,835.5,No
5307-Dzcvc,Female,1,Yes,No,32,Yes,Yes,Fiber Optic,No,No,No,No,Yes,No,Month-To-Month,Yes,Credit Card (Automatic),85.95,2628.6,Yes
3148-Aoiqt,Female,0,Yes,No,69,Yes,Yes,No,No Internet Service,No Internet Service,No Internet Service,No Internet Service,No Internet Service,No Internet Service,Two Year,Yes,Credit Card (Automatic),24.95,1718.35,No
8679-Joevf,Female,1,No,No,16,Yes,No,Dsl,No,No,No,Yes,Yes,No,Month-To-Month,No,Electronic Check,59.4,1023.9,Yes
8395-Etzkq,Male,1,Yes,Yes,68,Yes,No,No,No Internet Service,No Internet Service,No Internet Service,No Internet Service,No Internet Service,No Internet Service,One Year,No,Bank Transfer (Automatic),19.5,1193.55,No
6692-Yqhxc,Male,0,No,No,16,Yes,No,Fiber Optic,No,No,No,No,No,No,Month-To-Month,Yes,Credit Card (Automatic),69.95,1205.5,No
3889-Vwbid,Male,0,Yes,Yes,68,Yes,No,Dsl,Yes,Yes,No,Yes,Yes,Yes,Two Year,No,Bank Transfer (Automatic),82.85,5776.45,No
5222-Jcxzt,Male,0,No,No,4,Yes,No,No,No Internet Service,No Internet Service,No Internet Service,No Internet Service,No Internet Service,No Internet Service,Month-To-Month,No,Mailed Check,19.0,78.9,No
9754-Clvzw,Female,0,Yes,Yes,26,No,No Phone Service,Dsl,Yes,Yes,No,Yes,No,No,Month-To-Month,No,Credit Card (Automatic),38.85,1025.15,No
1432-Fpaxx,Female,0,No,No,29,No,No Phone Service,Dsl,No,Yes,No,No,No,No,Month-To-Month,Yes,Electronic Check,30.6,856.35,Yes
2739-Cczmb,Male,0,No,Yes,5,Yes,No,No,No Internet Service,No Internet Service,No Internet Service,No Internet Service,No Internet Service,No Internet Service,Month-To-Month,No,Credit Card (Automatic),20.35,122,No
7080-Tnuwp,Male,0,Yes,No,70,Yes,Yes,Fiber Optic,No,Yes,Yes,No,Yes,No,One Year,Yes,Bank Transfer (Automatic),95.0,6602.9,No
0496-Ahook,Male,0,Yes,No,24,Yes,No,Dsl,Yes,No,No,Yes,Yes,Yes,One Year,No,Bank Transfer (Automatic),74.4,1712.9,No
8336-Tavkx,Female,1,Yes,No,72,Yes,Yes,Dsl,Yes,Yes,Yes,Yes,No,Yes,Two Year,No,Bank Transfer (Automatic),78.45,5682.25,No
2468-Sjflm,Male,0,No,No,1,Yes,No,Fiber Optic,No,No,No,Yes,No,No,Month-To-Month,Yes,Mailed Check,74.3,74.3,No
3181-Vthoe,Male,0,Yes,No,70,No,No Phone Service,Dsl,No,Yes,Yes,Yes,No,Yes,One Year,Yes,Bank Transfer (Automatic),51.05,3635.15,No
7168-Hdqhg,Female,0,Yes,Yes,36,Yes,No,No,No Internet Service,No Internet Service,No Internet Service,No Internet Service,No Internet Service,No Internet Service,Month-To-Month,No,Bank Transfer (Automatic),19.2,702.9,No
4803-Axvyp,Female,1,No,No,38,Yes,Yes,Fiber Optic,No,No,No,Yes,Yes,Yes,Month-To-Month,Yes,Electronic Check,99.55,3734.25,Yes
3884-Hcswg,Female,0,No,No,17,Yes,No,Fiber Optic,No,No,No,No,No,No,Month-To-Month,Yes,Electronic Check,70.0,1144.5,Yes
4567-Akpia,Female,0,Yes,Yes,41,Yes,Yes,Fiber Optic,No,Yes,Yes,Yes,Yes,Yes,One Year,Yes,Bank Transfer (Automatic),109.1,4454.25,No
5077-Dxtcg,Female,0,No,No,1,Yes,No,Dsl,No,No,No,No,No,No,Month-To-Month,Yes,Electronic Check,45.3,45.3,Yes
1142-Waczw,Male,0,No,No,2,No,No Phone Service,Dsl,No,No,No,Yes,No,No,Month-To-Month,No,Bank Transfer (Automatic),29.85,75.6,Yes
7901-Hxjva,Male,0,No,No,14,Yes,No,Fiber Optic,No,No,Yes,No,No,No,Month-To-Month,No,Electronic Check,76.45,1117.55,No
5649-Anrml,Male,1,No,No,2,Yes,No,Fiber Optic,No,Yes,Yes,Yes,No,Yes,Month-To-Month,Yes,Credit Card (Automatic),95.1,180.25,Yes
4892-Vlanz,Male,0,No,No,1,Yes,No,No,No Internet Service,No Internet Service,No Internet Service,No Internet Service,No Internet Service,No Internet Service,Month-To-Month,No,Mailed Check,19.8,19.8,Yes
5924-Ifqtt,Male,0,Yes,Yes,13,Yes,Yes,Dsl,No,Yes,Yes,Yes,Yes,No,Month-To-Month,Yes,Electronic Check,72.8,930.05,No
7968-Quxns,Male,0,No,No,6,Yes,No,No,No Internet Service,No Internet Service,No Internet Service,No Internet Service,No Internet Service,No Internet Service,Month-To-Month,No,Mailed Check,18.95,110.15,No
2919-Hbcjo,Female,0,No,No,4,Yes,No,Fiber Optic,No,Yes,No,No,No,No,Month-To-Month,Yes,Bank Transfer (Automatic),76.65,333.6,Yes
4236-Xpxav,Female,0,Yes,Yes,5,Yes,No,Fiber Optic,No,Yes,No,Yes,Yes,Yes,Month-To-Month,Yes,Mailed Check,99.15,465.05,Yes
8903-Wmrnw,Female,0,Yes,No,15,Yes,No,Fiber Optic,Yes,No,Yes,No,Yes,Yes,Month-To-Month,No,Electronic Check,101.75,1669.4,No
2452-Snhfz,Female,0,No,No,47,Yes,No,Fiber Optic,Yes,No,No,No,No,No,Month-To-Month,No,Credit Card (Automatic),75.45,3545.1,No
3629-Weaam,Female,0,No,No,8,Yes,No,Dsl,No,No,Yes,Yes,No,Yes,Month-To-Month,No,Mailed Check,64.1,504.05,No
6029-Csmje,Male,0,No,No,17,No,No Phone Service,Dsl,No,No,No,No,No,No,Month-To-Month,Yes,Mailed Check,25.65,440.2,No
7993-Nqlje,Male,0,Yes,Yes,15,Yes,No,Fiber Optic,Yes,No,No,No,No,No,Month-To-Month,No,Mailed Check,75.1,1151.55,No
9909-Dfrja,Female,0,No,No,26,Yes,No,Fiber Optic,Yes,No,Yes,Yes,No,Yes,One Year,Yes,Bank Transfer (Automatic),95.85,2475.35,No
9099-Ftuhs,Female,0,No,No,23,Yes,Yes,Dsl,Yes,No,No,No,No,No,Month-To-Month,No,Electronic Check,54.4,1249.25,No
0581-Bxbub,Female,1,No,No,4,Yes,No,Fiber Optic,No,Yes,No,No,No,No,Month-To-Month,No,Electronic Check,72.75,317.75,No
4962-Chqpw,Male,0,No,Yes,29,Yes,No,No,No Internet Service,No Internet Service,No Internet Service,No Internet Service,No Internet Service,No Internet Service,One Year,No,Mailed Check,19.85,535.05,No
9467-Roolm,Female,0,No,No,25,Yes,No,No,No Internet Service,No Internet Service,No Internet Service,No Internet Service,No Internet Service,No Internet Service,Month-To-Month,No,Mailed Check,19.05,461.3,No
3030-Yzadt,Male,0,No,No,9,Yes,No,Dsl,No,No,No,No,No,No,Month-To-Month,No,Mailed Check,44.95,431,Yes
7410-Ktvfv,Male,0,Yes,No,18,Yes,No,Dsl,No,No,Yes,No,No,No,Month-To-Month,Yes,Mailed Check,49.55,878.35,Yes
5150-Itwwb,Male,1,No,No,3,Yes,Yes,Fiber Optic,No,No,No,No,Yes,Yes,Month-To-Month,Yes,Electronic Check,94.85,335.75,No
2253-Kpmnb,Female,0,Yes,Yes,69,No,No Phone Service,Dsl,Yes,Yes,Yes,Yes,No,No,Two Year,No,Bank Transfer (Automatic),46.25,3121.4,No
1345-Zukid,Male,0,No,No,14,Yes,No,No,No Internet Service,No Internet Service,No Internet Service,No Internet Service,No Internet Service,No Internet Service,One Year,No,Mailed Check,19.35,324.8,No
6429-Shbcb,Male,0,No,No,19,Yes,Yes,Dsl,No,No,No,No,Yes,Yes,Month-To-Month,No,Mailed Check,69.6,1394.55,No
9281-Ofdmf,Male,1,No,No,39,Yes,Yes,Fiber Optic,No,Yes,No,No,No,Yes,Month-To-Month,No,Electronic Check,90.7,3413.25,No
2603-Hvkcg,Male,0,No,No,31,Yes,No,Fiber Optic,No,Yes,Yes,No,Yes,Yes,Month-To-Month,Yes,Electronic Check,101.4,3143.65,No
1834-Wuleg,Male,0,Yes,Yes,24,Yes,No,No,No Internet Service,No Internet Service,No Internet Service,No Internet Service,No Internet Service,No Internet Service,One Year,No,Mailed Check,20.25,439.75,No
9097-Zubyc,Male,0,Yes,No,14,Yes,No,Dsl,No,No,No,Yes,No,No,Month-To-Month,No,Bank Transfer (Automatic),48.8,664.4,No
5148-Orict,Female,0,Yes,No,64,Yes,No,Dsl,Yes,Yes,Yes,Yes,No,Yes,Two Year,Yes,Mailed Check,74.35,4759.55,No
4893-Gyuju,Female,0,No,No,50,Yes,No,No,No Internet Service,No Internet Service,No Internet Service,No Internet Service,No Internet Service,No Internet Service,One Year,Yes,Mailed Check,19.35,1033,No
4578-Phjyz,Male,0,Yes,Yes,52,Yes,No,Dsl,No,Yes,Yes,Yes,Yes,No,One Year,Yes,Electronic Check,68.75,3482.85,No
7272-Qdcka,Male,0,No,No,28,Yes,Yes,Fiber Optic,No,Yes,No,No,Yes,Yes,One Year,No,Electronic Check,100.2,2688.45,No
8908-Slfcj,Female,0,No,No,21,Yes,No,No,No Internet Service,No Internet Service,No Internet Service,No Internet Service,No Internet Service,No Internet Service,Two Year,Yes,Credit Card (Automatic),20.85,435.25,No
8393-Dlhga,Male,0,No,Yes,25,Yes,No,Fiber Optic,No,Yes,No,No,Yes,Yes,Month-To-Month,Yes,Electronic Check,95.9,2448.75,Yes
9766-Hgede,Female,0,Yes,No,17,Yes,No,No,No Internet Service,No Internet Service,No Internet Service,No Internet Service,No Internet Service,No Internet Service,One Year,No,Mailed Check,19.35,307,No
6968-Mhomu,Male,0,Yes,No,58,No,No Phone Service,Dsl,No,No,No,No,Yes,Yes,One Year,Yes,Credit Card (Automatic),45.0,2689.35,No
7395-Igjos,Male,1,Yes,No,17,Yes,No,Fiber Optic,No,No,No,No,No,Yes,Month-To-Month,No,Bank Transfer (Automatic),81.5,1329.2,Yes
5044-Xdpyx,Female,0,Yes,No,51,Yes,Yes,No,No Internet Service,No Internet Service,No Internet Service,No Internet Service,No Internet Service,No Internet Service,Two Year,No,Mailed Check,25.5,1281.25,No
1814-Wfgvs,Male,0,Yes,Yes,72,No,No Phone Service,Dsl,Yes,No,Yes,Yes,Yes,No,Two Year,No,Mailed Check,48.9,3527,No
2834-Spcjv,Male,0,Yes,No,52,Yes,No,Fiber Optic,Yes,No,No,No,Yes,No,Month-To-Month,No,Electronic Check,84.1,4348.65,Yes
3721-Wkiil,Female,0,No,No,27,Yes,No,No,No Internet Service,No Internet Service,No Internet Service,No Internet Service,No Internet Service,No Internet Service,Two Year,Yes,Mailed Check,19.6,561.15,No
6734-Ckrsm,Female,0,No,No,3,Yes,No,No,No Internet Service,No Internet Service,No Internet Service,No Internet Service,No Internet Service,No Internet Service,Month-To-Month,No,Mailed Check,20.0,63.6,No
1265-Zfosd,Female,0,Yes,No,64,Yes,Yes,Dsl,Yes,Yes,Yes,Yes,No,Yes,Two Year,Yes,Mailed Check,81.3,5129.3,No
6568-Pocui,Female,0,Yes,No,45,Yes,No,Fiber Optic,No,No,No,Yes,Yes,Yes,Two Year,Yes,Credit Card (Automatic),95.2,4285.8,No
7890-Vyywg,Male,1,Yes,No,3,No,No Phone Service,Dsl,No,No,No,No,Yes,No,Month-To-Month,Yes,Mailed Check,36.45,93.7,Yes
5197-Lqxxh,Female,0,Yes,No,71,Yes,Yes,Dsl,No,Yes,Yes,Yes,Yes,Yes,Two Year,Yes,Credit Card (Automatic),83.3,5894.5,No
9907-Swkkf,Female,1,No,No,1,No,No Phone Service,Dsl,No,No,No,No,No,No,Month-To-Month,No,Mailed Check,25.05,25.05,Yes
3457-Pqbyh,Female,0,Yes,Yes,58,Yes,No,No,No Internet Service,No Internet Service,No Internet Service,No Internet Service,No Internet Service,No Internet Service,Two Year,No,Credit Card (Automatic),20.3,1160.75,No
7682-Azndk,Male,0,Yes,Yes,34,Yes,No,Fiber Optic,No,Yes,Yes,No,Yes,No,Month-To-Month,Yes,Electronic Check,89.85,3091.75,No
0587-Dmgbh,Female,0,No,No,8,Yes,No,Dsl,Yes,No,No,No,No,No,Month-To-Month,Yes,Electronic Check,49.85,365.55,Yes
5384-Zttwp,Female,0,Yes,Yes,15,Yes,No,No,No Internet Service,No Internet Service,No Internet Service,No Internet Service,No Internet Service,No Internet Service,Month-To-Month,No,Mailed Check,19.8,272.95,No
3745-Hrphi,Male,0,Yes,Yes,66,No,No Phone Service,Dsl,No,No,Yes,Yes,Yes,Yes,Two Year,No,Bank Transfer (Automatic),54.65,3632,No
7636-Owbpg,Male,1,No,No,12,No,No Phone Service,Dsl,No,Yes,No,No,No,No,Month-To-Month,Yes,Credit Card (Automatic),29.35,381.2,No
1231-Yndek,Male,0,No,No,58,Yes,No,No,No Internet Service,No Internet Service,No Internet Service,No Internet Service,No Internet Service,No Internet Service,Two Year,Yes,Bank Transfer (Automatic),19.15,1035.5,No
1407-Digzv,Female,0,Yes,Yes,3,Yes,No,No,No Internet Service,No Internet Service,No Internet Service,No Internet Service,No Internet Service,No Internet Service,Two Year,No,Mailed Check,19.1,52,No
6397-Jnzzg,Female,1,Yes,No,43,No,No Phone Service,Dsl,No,Yes,Yes,No,Yes,Yes,Month-To-Month,No,Credit Card (Automatic),55.55,2342.2,Yes
0570-Bfqht,Female,0,No,No,9,Yes,No,Fiber Optic,No,Yes,Yes,No,No,No,Month-To-Month,No,Electronic Check,80.55,653.9,No
4393-Obcrr,Female,0,No,No,3,Yes,No,No,No Internet Service,No Internet Service,No Internet Service,No Internet Service,No Internet Service,No Internet Service,One Year,No,Mailed Check,20.25,71.2,No
3523-Qrqll,Female,0,Yes,Yes,22,Yes,No,Dsl,No,Yes,No,No,Yes,Yes,One Year,Yes,Bank Transfer (Automatic),69.5,1498.2,Yes
8564-Ldkfl,Male,0,Yes,No,40,Yes,Yes,Fiber Optic,No,Yes,Yes,No,Yes,Yes,One Year,Yes,Bank Transfer (Automatic),106.0,4178.65,No
3696-Dfhhb,Female,0,No,No,68,Yes,Yes,No,No Internet Service,No Internet Service,No Internet Service,No Internet Service,No Internet Service,No Internet Service,Two Year,No,Bank Transfer (Automatic),25.5,1821.8,No
0895-Dqhew,Male,0,Yes,No,54,Yes,Yes,Fiber Optic,No,Yes,Yes,No,Yes,Yes,Month-To-Month,Yes,Electronic Check,104.3,5278.15,Yes
4717-Ghadl,Female,0,No,No,50,Yes,Yes,Dsl,No,Yes,No,Yes,Yes,Yes,Two Year,Yes,Mailed Check,79.6,4024.2,No
5501-Tvmgm,Male,0,No,No,1,Yes,No,Dsl,No,No,No,No,No,Yes,Month-To-Month,Yes,Electronic Check,55.25,55.25,No
5879-Hmffh,Female,0,Yes,No,72,Yes,Yes,Dsl,Yes,Yes,Yes,Yes,Yes,Yes,Two Year,No,Bank Transfer (Automatic),88.05,6520.8,No
6772-Wfqrd,Male,0,No,Yes,40,Yes,No,No,No Internet Service,No Internet Service,No Internet Service,No Internet Service,No Internet Service,No Internet Service,One Year,Yes,Bank Transfer (Automatic),20.4,854.9,No
3810-Dvdqq,Female,0,Yes,Yes,72,Yes,Yes,Fiber Optic,Yes,Yes,Yes,Yes,Yes,Yes,Two Year,Yes,Bank Transfer (Automatic),117.6,8308.9,No
6972-Snkkw,Female,0,No,No,6,Yes,No,No,No Internet Service,No Internet Service,No Internet Service,No Internet Service,No Internet Service,No Internet Service,Month-To-Month,No,Mailed Check,20.0,109.2,No
3694-Gltjm,Female,0,No,No,5,Yes,No,No,No Internet Service,No Internet Service,No Internet Service,No Internet Service,No Internet Service,No Internet Service,Month-To-Month,Yes,Credit Card (Automatic),19.65,92.05,No
8550-Xsxuq,Male,0,Yes,No,48,Yes,Yes,Dsl,No,Yes,Yes,No,No,Yes,One Year,Yes,Credit Card (Automatic),70.55,3420.5,No
8149-Rsoun,Female,0,No,No,1,Yes,Yes,Fiber Optic,No,No,No,No,Yes,Yes,Month-To-Month,Yes,Electronic Check,93.85,93.85,Yes
9055-Mojjj,Female,0,Yes,Yes,64,Yes,No,Dsl,Yes,No,No,Yes,Yes,No,One Year,No,Mailed Check,65.8,4068,No
4359-Innwn,Female,0,No,No,17,Yes,No,No,No Internet Service,No Internet Service,No Internet Service,No Internet Service,No Internet Service,No Internet Service,One Year,No,Credit Card (Automatic),20.05,337.9,No
0585-Egdda,Male,0,Yes,No,40,Yes,No,Fiber Optic,No,Yes,Yes,No,No,No,Month-To-Month,Yes,Electronic Check,80.0,3168.75,No
4032-Rmhci,Female,0,Yes,Yes,41,No,No Phone Service,Dsl,Yes,No,Yes,No,No,No,One Year,No,Credit Card (Automatic),35.4,1412.4,No
0549-Cycqn,Male,1,No,No,51,Yes,Yes,Fiber Optic,No,Yes,No,No,No,No,One Year,Yes,Bank Transfer (Automatic),79.6,3974.7,No
3481-Jhuzh,Male,0,Yes,No,41,Yes,Yes,Fiber Optic,No,Yes,No,No,No,No,Month-To-Month,Yes,Electronic Check,80.25,3439,No
7250-Eqkiy,Female,0,Yes,Yes,1,Yes,No,Dsl,No,No,Yes,No,No,No,Month-To-Month,No,Mailed Check,50.45,50.45,Yes
3594-Ivhjz,Female,0,No,No,2,Yes,No,No,No Internet Service,No Internet Service,No Internet Service,No Internet Service,No Internet Service,No Internet Service,Month-To-Month,Yes,Mailed Check,20.45,42.45,No
6869-Fgjjc,Male,0,No,No,68,Yes,No,Fiber Optic,No,Yes,Yes,No,No,No,One Year,No,Credit Card (Automatic),79.6,5461.45,No
3896-Zvnet,Female,0,Yes,Yes,24,Yes,Yes,No,No Internet Service,No Internet Service,No Internet Service,No Internet Service,No Internet Service,No Internet Service,Two Year,No,Mailed Check,24.7,571.75,No
8205-Vslrb,Male,0,Yes,No,70,Yes,Yes,Dsl,Yes,No,Yes,Yes,No,Yes,Two Year,No,Credit Card (Automatic),77.3,5498.2,No
5960-Mvtuk,Male,0,No,No,3,No,No Phone Service,Dsl,No,No,No,Yes,No,No,Month-To-Month,Yes,Electronic Check,29.75,96.85,No
6817-Wtyhe,Male,0,No,No,2,Yes,No,Dsl,No,No,No,No,No,No,Month-To-Month,No,Bank Transfer (Automatic),44.9,111.05,No
3082-Vqxnh,Male,0,Yes,No,3,No,No Phone Service,Dsl,No,Yes,No,No,No,No,Month-To-Month,No,Credit Card (Automatic),29.8,94.4,No
4013-Ubxwq,Female,0,No,No,7,Yes,Yes,Dsl,No,No,No,Yes,Yes,Yes,Month-To-Month,Yes,Electronic Check,74.65,521.1,Yes
4931-Trzwn,Female,0,No,No,13,Yes,No,Dsl,Yes,No,No,No,Yes,Yes,Month-To-Month,Yes,Electronic Check,71.95,923.85,No
0750-Ekngl,Male,0,No,No,7,Yes,No,No,No Internet Service,No Internet Service,No Internet Service,No Internet Service,No Internet Service,No Internet Service,Month-To-Month,No,Mailed Check,20.75,141.1,No
7669-Lcrsd,Male,0,Yes,Yes,12,Yes,No,Dsl,No,No,No,No,Yes,No,Month-To-Month,Yes,Mailed Check,56.3,628.65,No
3567-Pqtso,Male,0,Yes,Yes,53,Yes,Yes,Fiber Optic,No,Yes,Yes,No,Yes,Yes,One Year,Yes,Electronic Check,105.25,5576.3,No
5519-Nphvg,Female,0,No,No,12,Yes,Yes,Fiber Optic,No,No,No,No,Yes,Yes,Month-To-Month,Yes,Electronic Check,94.2,1046.1,Yes
8043-Pnysd,Male,0,Yes,Yes,63,Yes,No,No,No Internet Service,No Internet Service,No Internet Service,No Internet Service,No Internet Service,No Internet Service,Two Year,No,Mailed Check,19.55,1245.6,No
9938-Ekrgf,Female,0,No,No,15,Yes,No,Dsl,Yes,Yes,Yes,Yes,Yes,Yes,Month-To-Month,No,Mailed Check,84.45,1287.85,No
2703-Amtul,Male,0,Yes,Yes,36,Yes,No,Dsl,Yes,Yes,No,No,No,No,One Year,No,Mailed Check,53.65,1939.35,No
0928-Jmxnp,Male,1,Yes,No,4,No,No Phone Service,Dsl,No,No,Yes,No,No,No,Month-To-Month,Yes,Electronic Check,29.9,118.25,No
8173-Rxayp,Female,0,Yes,Yes,24,Yes,No,No,No Internet Service,No Internet Service,No Internet Service,No Internet Service,No Internet Service,No Internet Service,Two Year,No,Mailed Check,19.7,452.55,No
4825-Xjgdm,Female,0,No,No,61,No,No Phone Service,Dsl,Yes,Yes,Yes,Yes,No,No,One Year,No,Credit Card (Automatic),43.7,2696.55,No
5402-Htotq,Male,0,No,No,16,Yes,Yes,Dsl,No,Yes,No,No,No,No,Month-To-Month,No,Electronic Check,55.3,875.35,No
6734-Jdttv,Male,0,Yes,Yes,65,Yes,No,No,No Internet Service,No Internet Service,No Internet Service,No Internet Service,No Internet Service,No Internet Service,Two Year,Yes,Credit Card (Automatic),19.85,1267.05,No
7850-Thjmu,Female,0,Yes,Yes,26,Yes,No,No,No Internet Service,No Internet Service,No Internet Service,No Internet Service,No Internet Service,No Internet Service,Two Year,No,Credit Card (Automatic),19.65,494.9,No
3890-Rtcms,Male,0,No,No,16,Yes,No,Dsl,No,No,No,Yes,No,No,Month-To-Month,Yes,Mailed Check,49.45,799,No
8849-Gyokr,Female,0,Yes,No,54,Yes,Yes,Fiber Optic,Yes,Yes,No,No,Yes,Yes,One Year,No,Bank Transfer (Automatic),106.55,5763.3,Yes
3148-Blqjt,Male,0,No,No,1,Yes,No,No,No Internet Service,No Internet Service,No Internet Service,No Internet Service,No Internet Service,No Internet Service,Month-To-Month,No,Mailed Check,20.1,20.1,Yes
3717-Fdjfu,Male,0,No,Yes,5,Yes,No,No,No Internet Service,No Internet Service,No Internet Service,No Internet Service,No Internet Service,No Internet Service,Two Year,No,Mailed Check,20.45,106.9,No
3665-Jatsn,Female,0,No,No,19,No,No Phone Service,Dsl,No,Yes,No,No,No,Yes,Month-To-Month,Yes,Electronic Check,39.7,710.05,No
7966-Yotqw,Male,0,No,No,10,Yes,Yes,Dsl,Yes,No,No,No,No,No,Month-To-Month,Yes,Credit Card (Automatic),54.5,568.2,No
0461-Cvkmu,Female,0,Yes,Yes,23,Yes,No,Fiber Optic,No,Yes,Yes,Yes,No,No,Month-To-Month,No,Electronic Check,83.8,1900.25,Yes
8806-Eagwc,Male,0,No,No,3,Yes,No,Dsl,No,No,No,No,Yes,No,Month-To-Month,No,Mailed Check,55.15,159.15,Yes
8853-Tzdgh,Female,0,No,No,72,Yes,Yes,Fiber Optic,No,Yes,Yes,Yes,Yes,Yes,Two Year,Yes,Bank Transfer (Automatic),111.6,8012.75,No
7779-Lgovn,Male,1,Yes,No,10,Yes,Yes,Fiber Optic,No,No,No,No,No,Yes,Month-To-Month,Yes,Electronic Check,86.65,856.65,Yes
4324-Bzckl,Female,0,Yes,Yes,10,Yes,No,Dsl,No,Yes,Yes,No,No,No,Month-To-Month,Yes,Mailed Check,55.55,551.3,No
6924-Tdgmt,Male,0,Yes,No,11,Yes,No,No,No Internet Service,No Internet Service,No Internet Service,No Internet Service,No Internet Service,No Internet Service,One Year,Yes,Mailed Check,20.55,184.95,No
9710-Zushq,Female,1,No,No,37,Yes,Yes,Fiber Optic,Yes,Yes,No,No,Yes,Yes,Month-To-Month,Yes,Bank Transfer (Automatic),106.75,4056.75,Yes
1536-Yhdoe,Male,0,Yes,Yes,17,Yes,Yes,Dsl,Yes,No,No,Yes,No,No,One Year,Yes,Mailed Check,62.1,1096.65,No
8123-Qbnaz,Female,0,Yes,Yes,36,Yes,Yes,Fiber Optic,Yes,No,Yes,No,Yes,Yes,Month-To-Month,Yes,Credit Card (Automatic),104.5,3684.95,No
3629-Znkxa,Male,1,No,No,17,Yes,No,Fiber Optic,No,Yes,Yes,No,Yes,Yes,Month-To-Month,Yes,Electronic Check,101.8,1752.45,No
4827-Ltqrj,Female,1,Yes,Yes,66,Yes,Yes,Fiber Optic,Yes,Yes,No,Yes,Yes,Yes,One Year,Yes,Credit Card (Automatic),110.6,7210.85,No
7711-Yijwc,Male,0,Yes,Yes,61,Yes,No,Dsl,Yes,Yes,Yes,Yes,Yes,Yes,One Year,No,Bank Transfer (Automatic),84.9,5264.5,No
5482-Vxsxj,Male,0,No,No,22,Yes,No,Fiber Optic,No,Yes,No,No,Yes,Yes,Month-To-Month,Yes,Mailed Check,93.2,2157.3,No
7365-Bvcjh,Male,0,No,No,1,No,No Phone Service,Dsl,No,No,No,No,No,No,Month-To-Month,Yes,Electronic Check,24.4,24.4,No
9620-Enejv,Female,0,No,No,6,Yes,No,Fiber Optic,No,No,No,No,No,No,Month-To-Month,No,Credit Card (Automatic),70.55,433.95,No
4183-Wcsep,Male,0,No,No,31,Yes,No,Fiber Optic,No,Yes,No,Yes,No,No,Month-To-Month,Yes,Electronic Check,78.45,2435.15,Yes
2378-Yizka,Female,0,Yes,Yes,68,Yes,No,Dsl,Yes,Yes,Yes,Yes,Yes,Yes,Two Year,Yes,Credit Card (Automatic),85.0,5607.75,No
5498-Txhlf,Female,0,Yes,Yes,34,Yes,Yes,Fiber Optic,No,No,Yes,No,Yes,No,Month-To-Month,No,Electronic Check,87.45,2874.15,Yes
0689-Dsxgl,Female,0,Yes,Yes,52,Yes,No,Fiber Optic,No,Yes,Yes,Yes,No,No,Month-To-Month,No,Bank Transfer (Automatic),85.8,4433.3,No
6818-Djxaa,Female,0,No,Yes,10,Yes,No,Fiber Optic,No,No,Yes,Yes,Yes,No,Month-To-Month,Yes,Electronic Check,91.1,964.35,No
9722-Ujojr,Male,0,Yes,Yes,29,Yes,No,Fiber Optic,No,No,No,No,No,No,Month-To-Month,Yes,Electronic Check,70.75,1974.8,Yes
0464-Wjtko,Female,0,Yes,Yes,72,Yes,No,No,No Internet Service,No Internet Service,No Internet Service,No Internet Service,No Internet Service,No Internet Service,Two Year,No,Bank Transfer (Automatic),20.1,1460.85,No
8902-Zeovf,Male,0,Yes,Yes,47,Yes,No,No,No Internet Service,No Internet Service,No Internet Service,No Internet Service,No Internet Service,No Internet Service,One Year,No,Mailed Check,20.05,951.55,No
6778-Eicrf,Male,0,Yes,Yes,24,Yes,Yes,Dsl,Yes,No,No,No,Yes,Yes,One Year,No,Mailed Check,74.8,1821.2,No
2662-Nntdk,Male,0,No,No,65,Yes,Yes,No,No Internet Service,No Internet Service,No Internet Service,No Internet Service,No Internet Service,No Internet Service,One Year,No,Credit Card (Automatic),24.8,1600.95,No
4132-Kalro,Female,0,No,No,4,Yes,Yes,Fiber Optic,No,No,No,Yes,Yes,Yes,Month-To-Month,Yes,Mailed Check,100.85,399.25,No
3902-Foigh,Male,1,Yes,No,12,Yes,Yes,Fiber Optic,No,Yes,No,No,Yes,Yes,Month-To-Month,Yes,Electronic Check,101.35,1218.55,Yes
6772-Ksatr,Male,0,No,No,1,Yes,Yes,Fiber Optic,Yes,No,No,No,No,No,Month-To-Month,Yes,Electronic Check,81.7,81.7,Yes
7112-Opotk,Male,0,No,No,33,Yes,No,Fiber Optic,No,No,No,No,No,No,Month-To-Month,No,Electronic Check,68.25,2171.15,Yes
2874-Yxvva,Female,0,No,No,34,Yes,No,Fiber Optic,No,Yes,Yes,Yes,Yes,Yes,Month-To-Month,Yes,Electronic Check,105.1,3634.8,No
1245-Harps,Female,0,Yes,No,14,Yes,No,No,No Internet Service,No Internet Service,No Internet Service,No Internet Service,No Internet Service,No Internet Service,Two Year,No,Mailed Check,20.4,292.4,No
4210-Qfjmf,Female,0,No,No,4,Yes,No,Fiber Optic,No,No,No,No,No,Yes,Month-To-Month,Yes,Electronic Check,79.15,317.25,Yes
4323-Elyyb,Male,0,Yes,Yes,13,Yes,No,No,No Internet Service,No Internet Service,No Internet Service,No Internet Service,No Internet Service,No Internet Service,One Year,No,Mailed Check,20.0,218.55,No
4293-Etkap,Female,0,Yes,Yes,65,Yes,Yes,Dsl,No,Yes,No,Yes,Yes,Yes,Two Year,Yes,Bank Transfer (Automatic),79.4,5071.9,No
6064-Pupmc,Male,0,Yes,Yes,23,Yes,No,Dsl,Yes,No,No,Yes,No,No,One Year,No,Credit Card (Automatic),57.2,1423.35,No
6504-Vblfl,Male,0,Yes,No,55,Yes,No,Dsl,Yes,Yes,Yes,No,No,No,Two Year,No,Electronic Check,58.6,3068.6,No
6322-Pjjdj,Male,0,Yes,No,49,Yes,No,Fiber Optic,No,Yes,No,No,Yes,Yes,Two Year,Yes,Electronic Check,94.8,4690.65,No
0330-Bgyze,Male,0,Yes,No,60,Yes,Yes,Fiber Optic,No,Yes,Yes,No,Yes,Yes,One Year,No,Bank Transfer (Automatic),102.5,6157.6,No
1085-Ldwam,Female,0,Yes,Yes,69,Yes,No,No,No Internet Service,No Internet Service,No Internet Service,No Internet Service,No Internet Service,No Internet Service,One Year,Yes,Credit Card (Automatic),20.35,1442.65,No
7586-Zatgz,Male,0,No,No,40,Yes,Yes,Fiber Optic,No,No,No,No,Yes,No,Month-To-Month,Yes,Electronic Check,84.9,3369.05,No
7197-Vojmm,Male,0,Yes,No,67,Yes,No,Dsl,Yes,Yes,No,Yes,No,Yes,Two Year,Yes,Credit Card (Automatic),69.2,4671.65,No
3318-Osats,Male,1,No,No,35,Yes,Yes,Fiber Optic,No,No,No,No,Yes,Yes,Month-To-Month,Yes,Electronic Check,95.45,3474.05,Yes
5828-Avipd,Male,0,Yes,Yes,19,Yes,Yes,Fiber Optic,No,No,No,Yes,Yes,Yes,One Year,Yes,Electronic Check,100.95,1875.55,Yes
1843-Tlsgd,Female,0,Yes,Yes,13,Yes,No,No,No Internet Service,No Internet Service,No Internet Service,No Internet Service,No Internet Service,No Internet Service,Two Year,No,Mailed Check,20.85,272.35,No
9626-Vfrgg,Female,0,No,Yes,41,Yes,Yes,Fiber Optic,No,Yes,No,No,Yes,No,Month-To-Month,Yes,Bank Transfer (Automatic),88.5,3645.05,No
7075-Bndvq,Female,0,No,No,4,No,No Phone Service,Dsl,Yes,No,Yes,No,No,No,Month-To-Month,No,Mailed Check,35.0,135.75,No
9143-Canjf,Female,0,Yes,Yes,24,Yes,No,Dsl,Yes,No,No,Yes,No,No,Month-To-Month,No,Electronic Check,55.15,1319.85,No
7284-Buyec,Female,0,No,No,5,No,No Phone Service,Dsl,No,Yes,No,No,Yes,Yes,Month-To-Month,Yes,Credit Card (Automatic),50.95,229.4,No
2041-Jijci,Female,0,No,No,5,Yes,Yes,Dsl,No,Yes,No,No,No,Yes,Month-To-Month,Yes,Electronic Check,64.0,370.25,No
1086-Lxkfy,Female,0,Yes,Yes,1,Yes,No,Fiber Optic,No,No,No,No,No,No,Month-To-Month,Yes,Mailed Check,69.1,69.1,Yes
4900-Msomt,Female,0,Yes,Yes,72,Yes,Yes,Dsl,Yes,Yes,Yes,Yes,Yes,No,Two Year,No,Bank Transfer (Automatic),80.2,5714.2,No
2229-Vwqjh,Female,0,No,No,24,Yes,No,Dsl,No,No,Yes,No,No,No,Month-To-Month,Yes,Credit Card (Automatic),49.3,1233.25,No
9194-Gfvoi,Female,0,Yes,No,42,Yes,Yes,Dsl,Yes,No,Yes,Yes,Yes,Yes,Two Year,No,Credit Card (Automatic),84.35,3571.6,No
1336-Ezfzy,Female,0,No,No,4,Yes,No,No,No Internet Service,No Internet Service,No Internet Service,No Internet Service,No Internet Service,No Internet Service,Month-To-Month,No,Mailed Check,20.05,83.3,No
4282-Msacw,Male,0,No,No,68,Yes,Yes,Fiber Optic,Yes,Yes,Yes,Yes,Yes,Yes,One Year,Yes,Credit Card (Automatic),117.2,8035.95,No
1403-Lklik,Female,0,Yes,Yes,33,Yes,No,No,No Internet Service,No Internet Service,No Internet Service,No Internet Service,No Internet Service,No Internet Service,One Year,No,Mailed Check,20.1,579.4,No
2636-Alxxz,Female,1,No,No,1,Yes,No,Fiber Optic,No,No,No,No,No,No,Month-To-Month,Yes,Electronic Check,69.6,69.6,Yes
7774-Ojsxi,Male,0,No,No,31,Yes,Yes,Fiber Optic,No,Yes,Yes,No,Yes,Yes,One Year,Yes,Electronic Check,103.45,3066.45,Yes
7786-Wbjyi,Female,0,No,No,4,Yes,Yes,Fiber Optic,No,Yes,No,No,No,No,Month-To-Month,No,Bank Transfer (Automatic),77.95,305.55,Yes
0136-Ifmyd,Male,1,Yes,No,69,Yes,Yes,Fiber Optic,No,Yes,Yes,Yes,Yes,Yes,Two Year,Yes,Electronic Check,109.95,7634.25,No
5144-Tvglp,Male,1,No,No,38,Yes,Yes,Fiber Optic,No,No,No,No,Yes,Yes,Month-To-Month,No,Electronic Check,94.75,3653,No
9643-Avvwi,Female,0,Yes,Yes,3,Yes,No,Fiber Optic,No,Yes,No,Yes,No,No,Month-To-Month,Yes,Electronic Check,80.0,241.3,No
0253-Zteob,Female,0,Yes,Yes,48,Yes,Yes,Dsl,No,Yes,No,Yes,Yes,Yes,Two Year,No,Electronic Check,79.65,3870.3,No
2706-Qzihy,Female,0,Yes,No,15,Yes,Yes,No,No Internet Service,No Internet Service,No Internet Service,No Internet Service,No Internet Service,No Internet Service,Two Year,No,Mailed Check,25.2,387.9,No
6061-Pqhmk,Female,0,No,No,25,Yes,No,No,No Internet Service,No Internet Service,No Internet Service,No Internet Service,No Internet Service,No Internet Service,One Year,No,Credit Card (Automatic),19.9,527.5,No
9885-Csmwe,Female,1,No,No,1,Yes,No,Fiber Optic,No,No,No,No,Yes,No,Month-To-Month,No,Electronic Check,78.45,78.45,Yes
6137-Mfajn,Female,0,No,No,48,No,No Phone Service,Dsl,Yes,Yes,No,No,Yes,No,Month-To-Month,Yes,Electronic Check,44.8,2104.55,No
9122-Umrob,Male,0,No,No,1,Yes,No,No,No Internet Service,No Internet Service,No Internet Service,No Internet Service,No Internet Service,No Internet Service,Month-To-Month,No,Mailed Check,20.3,20.3,No
4232-Jgkiy,Male,0,No,No,1,Yes,No,No,No Internet Service,No Internet Service,No Internet Service,No Internet Service,No Internet Service,No Internet Service,Month-To-Month,No,Electronic Check,19.2,19.2,No
2402-Tairz,Female,0,No,No,37,Yes,No,Fiber Optic,No,Yes,Yes,No,No,No,One Year,No,Electronic Check,80.05,3019.1,No
9659-Ztwsm,Male,1,Yes,No,66,Yes,Yes,Fiber Optic,No,Yes,Yes,Yes,Yes,Yes,One Year,Yes,Bank Transfer (Automatic),107.35,7051.95,No
9139-Twbas,Female,0,Yes,No,26,No,No Phone Service,Dsl,Yes,Yes,Yes,No,Yes,No,One Year,No,Bank Transfer (Automatic),47.85,1190.5,No
6685-Gbwjz,Male,0,Yes,No,63,Yes,No,Dsl,Yes,Yes,No,Yes,Yes,No,One Year,No,Credit Card (Automatic),70.8,4448.8,No
5016-Ettff,Male,0,No,No,10,No,No Phone Service,Dsl,No,No,Yes,No,No,No,Month-To-Month,No,Mailed Check,29.5,255.25,Yes
3866-Mdtub,Female,0,No,No,2,Yes,No,Dsl,Yes,No,No,No,Yes,Yes,Month-To-Month,Yes,Electronic Check,70.75,146.9,Yes
2195-Vvrjf,Male,1,Yes,No,18,Yes,No,Dsl,Yes,No,No,No,No,Yes,Month-To-Month,Yes,Credit Card (Automatic),59.1,1011.05,No
3913-Rdsjz,Female,0,Yes,No,64,Yes,Yes,No,No Internet Service,No Internet Service,No Internet Service,No Internet Service,No Internet Service,No Internet Service,Two Year,No,Mailed Check,25.55,1714.95,No
8058-Jmeqo,Female,1,No,No,9,Yes,Yes,Fiber Optic,No,No,No,No,No,Yes,Month-To-Month,Yes,Electronic Check,84.45,762.5,Yes
4203-Qgnza,Female,0,No,Yes,28,Yes,No,No,No Internet Service,No Internet Service,No Internet Service,No Internet Service,No Internet Service,No Internet Service,Month-To-Month,No,Mailed Check,20.25,535.35,No
5043-Trzwm,Female,0,No,No,1,Yes,No,Fiber Optic,No,No,Yes,No,No,No,Month-To-Month,No,Electronic Check,75.55,75.55,No
0697-Zmsws,Male,0,No,No,4,Yes,Yes,Fiber Optic,No,No,No,No,No,Yes,Month-To-Month,Yes,Electronic Check,85.65,338.9,Yes
7657-Dyepj,Male,1,No,No,38,Yes,No,Dsl,No,Yes,Yes,Yes,Yes,No,One Year,Yes,Credit Card (Automatic),70.15,2497.35,Yes
9494-Bdnnc,Male,0,Yes,No,66,Yes,Yes,Fiber Optic,No,Yes,Yes,No,No,Yes,One Year,No,Electronic Check,95.3,6273.4,No
1640-Plfmp,Female,0,No,No,1,Yes,No,Fiber Optic,No,No,No,No,No,No,Month-To-Month,Yes,Electronic Check,70.25,70.25,No
5366-Obvmr,Female,0,Yes,No,18,Yes,No,Dsl,No,No,No,Yes,No,No,Month-To-Month,Yes,Mailed Check,50.3,908.75,No
8276-Mqbyc,Male,1,No,No,51,Yes,Yes,Fiber Optic,No,No,Yes,No,Yes,Yes,Month-To-Month,Yes,Electronic Check,97.8,4913.3,Yes
7644-Omvmy,Male,0,Yes,Yes,0,Yes,No,No,No Internet Service,No Internet Service,No Internet Service,No Internet Service,No Internet Service,No Internet Service,Two Year,No,Mailed Check,19.85,,No
7593-Xfkdi,Male,0,No,No,1,Yes,No,Dsl,No,No,No,No,No,No,Month-To-Month,No,Mailed Check,46.3,46.3,Yes
4573-Jknae,Male,0,No,Yes,12,Yes,No,No,No Internet Service,No Internet Service,No Internet Service,No Internet Service,No Internet Service,No Internet Service,Two Year,No,Bank Transfer (Automatic),19.35,212.3,No
0337-Cnpze,Female,0,No,No,41,Yes,Yes,Fiber Optic,No,Yes,Yes,No,Yes,Yes,Month-To-Month,Yes,Electronic Check,106.3,4443.45,Yes
9817-Aplhw,Male,0,No,No,12,Yes,Yes,No,No Internet Service,No Internet Service,No Internet Service,No Internet Service,No Internet Service,No Internet Service,Month-To-Month,No,Electronic Check,25.0,316.2,No
8380-Mqinp,Female,0,Yes,Yes,55,Yes,No,No,No Internet Service,No Internet Service,No Internet Service,No Internet Service,No Internet Service,No Internet Service,Two Year,No,Mailed Check,20.3,1079.05,No
0840-Dfezh,Female,0,No,No,7,Yes,Yes,Fiber Optic,No,No,No,No,No,No,Month-To-Month,Yes,Electronic Check,75.35,564.65,No
1513-Xnpph,Female,0,No,No,12,Yes,No,Fiber Optic,No,No,Yes,Yes,No,Yes,Month-To-Month,Yes,Electronic Check,89.4,1095.65,Yes
8690-Zvlcl,Female,0,Yes,Yes,68,Yes,Yes,Dsl,Yes,Yes,Yes,Yes,Yes,Yes,Two Year,No,Credit Card (Automatic),88.0,6161.9,No
6015-Vvhhe,Female,1,No,No,5,Yes,Yes,Fiber Optic,No,No,No,No,Yes,No,Month-To-Month,Yes,Credit Card (Automatic),83.15,446.05,Yes
1125-Snvck,Female,1,No,No,49,Yes,No,Dsl,No,No,No,No,No,No,Month-To-Month,No,Mailed Check,43.8,2106.05,No
0384-Lpite,Male,0,No,No,40,No,No Phone Service,Dsl,Yes,Yes,Yes,No,Yes,Yes,One Year,No,Credit Card (Automatic),62.05,2511.55,No
4616-Ewbnj,Female,0,No,No,16,Yes,No,No,No Internet Service,No Internet Service,No Internet Service,No Internet Service,No Internet Service,No Internet Service,One Year,No,Bank Transfer (Automatic),20.1,318.6,No
6347-Dcuik,Male,0,No,No,10,Yes,Yes,Fiber Optic,No,No,No,No,No,No,Month-To-Month,Yes,Mailed Check,74.15,811.8,Yes
1335-Hqmkx,Female,0,Yes,No,72,Yes,Yes,Fiber Optic,No,Yes,Yes,No,Yes,Yes,One Year,Yes,Electronic Check,101.35,7323.15,No
2545-Ebupk,Female,1,No,No,2,Yes,Yes,Fiber Optic,No,No,No,No,No,Yes,Month-To-Month,Yes,Electronic Check,84.05,186.05,No
6923-Aqonu,Male,0,Yes,Yes,23,Yes,No,No,No Internet Service,No Internet Service,No Internet Service,No Internet Service,No Internet Service,No Internet Service,Two Year,No,Mailed Check,20.9,454,No
2172-Ejxvf,Female,1,No,No,71,Yes,Yes,Fiber Optic,No,Yes,Yes,No,Yes,Yes,One Year,Yes,Electronic Check,105.9,7521.95,No
0897-Fegmu,Female,0,Yes,No,11,Yes,Yes,Fiber Optic,No,No,Yes,No,Yes,Yes,Month-To-Month,Yes,Electronic Check,99.5,1056.95,Yes
7663-Rgwbc,Male,0,No,No,1,Yes,No,Dsl,No,No,No,No,No,No,Month-To-Month,Yes,Mailed Check,44.15,44.15,Yes
1120-Bmwub,Female,0,No,No,16,Yes,No,Dsl,No,Yes,No,Yes,No,No,Month-To-Month,Yes,Mailed Check,53.9,834.15,Yes
9124-Lhcjq,Female,0,No,No,1,Yes,Yes,Fiber Optic,No,No,No,No,No,Yes,Month-To-Month,Yes,Mailed Check,85.45,85.45,Yes
4536-Pleqy,Male,0,Yes,No,12,Yes,No,Fiber Optic,No,Yes,No,No,No,Yes,Month-To-Month,Yes,Credit Card (Automatic),85.05,999.8,No
7029-Ijejk,Female,0,No,No,54,No,No Phone Service,Dsl,Yes,No,No,Yes,No,Yes,One Year,No,Bank Transfer (Automatic),44.1,2369.7,No
8871-Jlmhm,Female,0,Yes,No,68,Yes,Yes,Fiber Optic,No,Yes,Yes,Yes,No,No,Two Year,No,Credit Card (Automatic),90.2,6297.65,No
2235-Zgkpt,Female,0,Yes,Yes,4,Yes,Yes,Dsl,No,No,No,No,No,No,Month-To-Month,No,Mailed Check,50.85,239.55,Yes
3891-Puqod,Female,0,No,Yes,1,Yes,No,Dsl,No,No,Yes,No,No,Yes,Month-To-Month,No,Electronic Check,59.2,59.2,Yes
5447-Vytkw,Male,0,No,No,27,Yes,No,Dsl,Yes,No,No,Yes,No,No,Month-To-Month,No,Mailed Check,53.45,1461.45,No
3623-Fqbox,Male,0,No,No,21,Yes,No,No,No Internet Service,No Internet Service,No Internet Service,No Internet Service,No Internet Service,No Internet Service,Month-To-Month,Yes,Mailed Check,19.95,416.4,No
0689-Nkylf,Male,0,No,No,13,Yes,No,Fiber Optic,No,No,Yes,No,Yes,No,Month-To-Month,Yes,Electronic Check,83.2,1060.6,Yes
8659-Hdiye,Female,1,No,No,64,Yes,Yes,Dsl,No,Yes,Yes,Yes,No,Yes,Month-To-Month,No,Credit Card (Automatic),74.65,4869.35,No
3658-Kibgf,Female,0,No,No,1,Yes,No,Dsl,Yes,Yes,No,No,No,No,Month-To-Month,Yes,Electronic Check,54.9,54.9,Yes
3474-Bafsj,Male,0,Yes,No,57,No,No Phone Service,Dsl,No,Yes,Yes,Yes,Yes,Yes,Two Year,Yes,Bank Transfer (Automatic),57.5,3265.95,No
5519-Yldgw,Female,0,Yes,No,21,Yes,Yes,Fiber Optic,Yes,No,Yes,No,Yes,Yes,Month-To-Month,Yes,Electronic Check,103.9,2254.2,Yes
3865-Zfzib,Male,0,No,No,19,Yes,No,No,No Internet Service,No Internet Service,No Internet Service,No Internet Service,No Internet Service,No Internet Service,Two Year,No,Mailed Check,19.65,358.15,No
1855-Agawh,Male,0,Yes,No,31,Yes,No,Fiber Optic,No,No,Yes,No,Yes,Yes,One Year,Yes,Electronic Check,93.8,2939.8,No
7109-Cqyuz,Male,0,No,No,52,Yes,Yes,Dsl,Yes,Yes,Yes,Yes,Yes,Yes,Two Year,Yes,Mailed Check,89.25,4652.4,No
1370-Ggawx,Female,0,No,No,46,Yes,Yes,Fiber Optic,No,Yes,Yes,No,No,Yes,One Year,Yes,Electronic Check,94.15,4408.45,No
4680-Kutaj,Female,1,No,No,11,Yes,Yes,Dsl,Yes,No,No,No,No,No,Month-To-Month,Yes,Electronic Check,55.6,580.8,No
5307-Uvgnb,Female,0,Yes,Yes,53,No,No Phone Service,Dsl,Yes,Yes,Yes,No,No,Yes,Month-To-Month,Yes,Bank Transfer (Automatic),48.7,2495.2,No
4946-Edsew,Female,0,Yes,Yes,11,Yes,No,No,No Internet Service,No Internet Service,No Internet Service,No Internet Service,No Internet Service,No Internet Service,Month-To-Month,Yes,Mailed Check,19.25,180.3,Yes
2883-Ilgwo,Male,1,No,No,57,Yes,Yes,Fiber Optic,No,Yes,No,Yes,Yes,Yes,Month-To-Month,Yes,Bank Transfer (Automatic),104.9,5913.95,No
2516-Vqrrv,Female,1,No,No,2,Yes,Yes,Fiber Optic,No,No,No,No,No,No,Month-To-Month,Yes,Mailed Check,75.45,158.4,Yes
7580-Ugxnc,Female,1,No,No,2,Yes,No,Dsl,Yes,Yes,No,No,No,No,Month-To-Month,No,Mailed Check,54.85,104.2,Yes
3642-Byhdo,Female,0,Yes,Yes,71,Yes,No,No,No Internet Service,No Internet Service,No Internet Service,No Internet Service,No Internet Service,No Internet Service,Two Year,No,Bank Transfer (Automatic),19.9,1389.35,No
9629-Nhxfw,Female,0,Yes,Yes,1,Yes,No,No,No Internet Service,No Internet Service,No Internet Service,No Internet Service,No Internet Service,No Internet Service,Month-To-Month,Yes,Mailed Check,19.4,19.4,No
2696-Rzvzw,Male,0,Yes,No,68,Yes,Yes,No,No Internet Service,No Internet Service,No Internet Service,No Internet Service,No Internet Service,No Internet Service,Two Year,No,Credit Card (Automatic),25.05,1629.2,No
5766-Ftrts,Male,0,Yes,No,72,Yes,No,Dsl,Yes,Yes,Yes,Yes,Yes,Yes,Two Year,No,Mailed Check,84.45,6033.1,No
0396-Hujbp,Female,0,No,No,2,Yes,No,No,No Internet Service,No Internet Service,No Internet Service,No Internet Service,No Internet Service,No Internet Service,Month-To-Month,No,Mailed Check,19.3,44.4,No
5178-Lmxop,Male,1,Yes,No,1,Yes,Yes,Fiber Optic,No,No,No,No,Yes,Yes,Month-To-Month,Yes,Electronic Check,95.1,95.1,Yes
8879-Zkjof,Female,0,No,No,41,Yes,No,Dsl,Yes,No,Yes,Yes,Yes,Yes,One Year,Yes,Bank Transfer (Automatic),79.85,3320.75,No
6285-Ftqbf,Male,0,Yes,Yes,72,Yes,Yes,No,No Internet Service,No Internet Service,No Internet Service,No Internet Service,No Internet Service,No Internet Service,Two Year,No,Credit Card (Automatic),25.55,1867.7,No
8185-Upybr,Male,0,Yes,No,6,Yes,Yes,Fiber Optic,No,No,No,No,No,No,Month-To-Month,Yes,Electronic Check,75.5,438,Yes
4585-Hetai,Female,0,Yes,Yes,4,Yes,No,Fiber Optic,No,No,Yes,No,No,No,Month-To-Month,Yes,Electronic Check,73.75,325.45,Yes
7526-Bezqb,Male,0,No,No,12,Yes,Yes,Fiber Optic,No,No,No,No,Yes,Yes,Month-To-Month,Yes,Electronic Check,96.05,1148.1,Yes
1474-Juwsm,Female,0,Yes,No,58,Yes,Yes,Dsl,Yes,No,No,Yes,No,Yes,One Year,Yes,Electronic Check,68.4,3972.25,No
3530-Crzsb,Female,0,No,No,7,Yes,No,No,No Internet Service,No Internet Service,No Internet Service,No Internet Service,No Internet Service,No Internet Service,Month-To-Month,No,Mailed Check,20.65,155.9,No
8498-Xxgwa,Female,0,Yes,No,65,Yes,No,Dsl,Yes,No,Yes,No,No,No,Month-To-Month,Yes,Mailed Check,55.15,3673.15,No
9617-Ingjy,Male,0,No,No,1,Yes,No,Fiber Optic,No,No,No,No,No,No,Month-To-Month,Yes,Mailed Check,70.6,70.6,No
0621-Tssmu,Male,0,Yes,No,56,Yes,No,No,No Internet Service,No Internet Service,No Internet Service,No Internet Service,No Internet Service,No Internet Service,One Year,No,Credit Card (Automatic),19.95,1126.75,No
7234-Kmnrq,Male,0,No,No,4,Yes,No,No,No Internet Service,No Internet Service,No Internet Service,No Internet Service,No Internet Service,No Internet Service,Month-To-Month,No,Mailed Check,19.0,73.45,No
7636-Pepns,Female,0,Yes,Yes,58,Yes,No,Dsl,No,No,No,No,No,No,One Year,Yes,Mailed Check,44.1,2413.05,No
4683-Wydou,Male,0,Yes,No,62,Yes,Yes,Fiber Optic,No,No,Yes,Yes,Yes,Yes,Two Year,Yes,Bank Transfer (Automatic),107.6,6912.7,No
9052-Dhnkm,Male,0,No,No,26,Yes,Yes,Dsl,Yes,Yes,No,No,No,No,One Year,No,Electronic Check,61.55,1581.95,No
6794-Hkiaj,Male,0,No,No,62,Yes,Yes,Fiber Optic,Yes,Yes,Yes,No,No,No,Month-To-Month,No,Bank Transfer (Automatic),90.7,5586.45,No
5578-Nkcxi,Female,0,Yes,Yes,58,Yes,No,Fiber Optic,Yes,Yes,No,No,Yes,Yes,One Year,No,Credit Card (Automatic),99.25,5846.65,No
1642-Hmarx,Female,0,Yes,No,68,Yes,Yes,Dsl,Yes,Yes,Yes,Yes,Yes,Yes,Two Year,Yes,Electronic Check,91.7,6424.7,No
3096-Wpxbt,Female,0,Yes,Yes,61,Yes,Yes,Fiber Optic,Yes,Yes,Yes,No,No,Yes,One Year,Yes,Credit Card (Automatic),100.7,6018.65,No
8434-Pnqzx,Female,0,No,No,42,Yes,Yes,Dsl,No,No,Yes,Yes,Yes,Yes,Two Year,Yes,Credit Card (Automatic),78.45,3373.4,No
5950-Aaagj,Male,0,No,No,18,Yes,Yes,Fiber Optic,No,No,No,No,Yes,No,Month-To-Month,No,Bank Transfer (Automatic),84.3,1537.9,No
4299-Opxej,Female,0,No,No,56,Yes,No,No,No Internet Service,No Internet Service,No Internet Service,No Internet Service,No Internet Service,No Internet Service,Two Year,Yes,Bank Transfer (Automatic),19.55,1080.55,No
4951-Ukaaq,Female,0,No,No,4,Yes,Yes,Fiber Optic,No,Yes,No,No,No,Yes,Month-To-Month,Yes,Electronic Check,88.95,355.2,Yes
9618-Lfjru,Female,0,No,No,4,Yes,No,No,No Internet Service,No Internet Service,No Internet Service,No Internet Service,No Internet Service,No Internet Service,Month-To-Month,No,Credit Card (Automatic),20.45,82.85,No
6693-Djwty,Female,0,No,Yes,35,Yes,No,Dsl,Yes,Yes,No,No,No,No,One Year,No,Credit Card (Automatic),55.6,2016.45,No
0744-Gknge,Female,0,Yes,Yes,64,Yes,Yes,Fiber Optic,Yes,No,No,Yes,No,No,Month-To-Month,Yes,Bank Transfer (Automatic),86.8,5327.25,No
6447-Egdiv,Female,0,No,No,31,Yes,No,No,No Internet Service,No Internet Service,No Internet Service,No Internet Service,No Internet Service,No Internet Service,One Year,No,Mailed Check,20.95,683.25,No
1167-Oyzjf,Female,1,Yes,No,67,Yes,No,No,No Internet Service,No Internet Service,No Internet Service,No Internet Service,No Internet Service,No Internet Service,Two Year,Yes,Bank Transfer (Automatic),20.05,1263.05,No
2108-Ykqty,Female,0,No,No,4,Yes,No,Dsl,No,Yes,No,No,No,No,Month-To-Month,No,Credit Card (Automatic),50.7,151.3,Yes
4806-Dxqce,Female,1,Yes,No,70,Yes,Yes,Fiber Optic,Yes,Yes,Yes,Yes,Yes,Yes,Two Year,Yes,Electronic Check,113.65,7714.65,No
4918-Qlliw,Male,0,No,No,3,Yes,No,Dsl,No,No,No,No,Yes,No,Month-To-Month,No,Credit Card (Automatic),53.4,188.7,Yes
7056-Imhcc,Male,1,Yes,No,53,Yes,Yes,Fiber Optic,No,Yes,No,No,Yes,Yes,Month-To-Month,Yes,Electronic Check,101.9,5549.4,Yes
4854-Ssltn,Male,0,Yes,Yes,2,Yes,No,Dsl,Yes,Yes,No,Yes,No,No,Two Year,No,Mailed Check,59.5,130.5,No
5294-Dmsfh,Female,0,Yes,Yes,29,Yes,No,Fiber Optic,No,No,No,No,Yes,Yes,Month-To-Month,Yes,Credit Card (Automatic),87.8,2621.75,No
4837-Pztic,Female,0,No,No,47,No,No Phone Service,Dsl,Yes,No,Yes,Yes,No,No,Two Year,No,Mailed Check,41.9,1875.25,No
1625-Jaiiy,Female,0,Yes,Yes,68,Yes,Yes,Fiber Optic,No,No,No,No,Yes,No,One Year,Yes,Electronic Check,83.0,5685.8,Yes
0603-Olqdc,Male,0,No,Yes,12,Yes,No,Dsl,Yes,No,No,No,Yes,Yes,Month-To-Month,Yes,Mailed Check,69.85,837.5,No
3272-Vuhpv,Female,0,Yes,Yes,8,Yes,No,Dsl,No,Yes,No,Yes,No,No,Month-To-Month,No,Bank Transfer (Automatic),56.3,401.5,No
4176-Fxybo,Male,0,Yes,No,54,Yes,Yes,Fiber Optic,Yes,Yes,Yes,No,Yes,Yes,Month-To-Month,No,Electronic Check,109.55,6118.95,No
1063-Dhqjf,Male,0,Yes,Yes,69,Yes,No,Fiber Optic,No,Yes,No,Yes,Yes,No,Two Year,Yes,Mailed Check,92.15,6480.9,No
8663-Updgf,Female,0,No,No,26,Yes,Yes,Dsl,Yes,Yes,No,No,Yes,No,Month-To-Month,Yes,Bank Transfer (Automatic),69.5,1800.05,No
6719-Fgedo,Female,0,Yes,No,72,Yes,Yes,Fiber Optic,Yes,Yes,Yes,Yes,No,No,Two Year,Yes,Bank Transfer (Automatic),97.0,7104.2,No
1837-Yquce,Female,0,No,No,70,No,No Phone Service,Dsl,Yes,No,Yes,Yes,Yes,Yes,Two Year,Yes,Bank Transfer (Automatic),58.35,4214.25,No
2947-Domlj,Male,0,No,Yes,1,Yes,No,Dsl,Yes,No,No,No,No,No,Month-To-Month,No,Mailed Check,50.6,50.6,Yes
4112-Lueiz,Male,0,No,No,10,Yes,No,Fiber Optic,No,No,No,No,Yes,Yes,Month-To-Month,Yes,Electronic Check,89.5,863.1,Yes
0369-Zgovk,Female,0,Yes,Yes,28,Yes,No,Fiber Optic,No,No,No,No,No,No,One Year,Yes,Bank Transfer (Automatic),70.4,1992.2,No
4510-Himlv,Male,0,No,No,1,Yes,No,Fiber Optic,No,No,No,No,No,No,Month-To-Month,Yes,Electronic Check,69.8,69.8,Yes
9919-Knpoo,Female,0,Yes,No,21,Yes,Yes,Fiber Optic,No,No,No,No,Yes,Yes,Month-To-Month,Yes,Electronic Check,94.3,1948.35,No
8749-Jmnkx,Male,1,Yes,No,51,Yes,Yes,Fiber Optic,Yes,No,Yes,No,Yes,No,Month-To-Month,Yes,Bank Transfer (Automatic),93.8,4750.95,Yes
7872-Baazr,Female,0,Yes,Yes,53,Yes,No,No,No Internet Service,No Internet Service,No Internet Service,No Internet Service,No Internet Service,No Internet Service,One Year,No,Bank Transfer (Automatic),19.55,1007.9,No
9391-Lmann,Male,0,No,Yes,53,Yes,No,Fiber Optic,Yes,Yes,Yes,No,No,Yes,One Year,No,Electronic Check,95.95,5036.9,No
2430-Usgxp,Male,0,Yes,No,24,Yes,Yes,Fiber Optic,No,No,Yes,No,Yes,Yes,Month-To-Month,Yes,Electronic Check,101.05,2391.8,Yes
8174-Tbvcf,Female,0,Yes,No,70,Yes,Yes,Dsl,Yes,Yes,Yes,Yes,Yes,Yes,Two Year,Yes,Credit Card (Automatic),94.8,6859.05,No
1698-Xfzci,Male,0,No,No,61,Yes,Yes,Fiber Optic,Yes,Yes,Yes,No,Yes,Yes,One Year,Yes,Electronic Check,107.75,6521.9,No
1877-Hkbqx,Female,0,No,No,11,Yes,No,Dsl,Yes,No,No,Yes,No,No,One Year,Yes,Mailed Check,54.6,617.85,No
4450-Dllmh,Male,0,No,No,2,Yes,No,Fiber Optic,No,No,No,No,No,No,Month-To-Month,Yes,Credit Card (Automatic),71.3,157.75,No
0428-Axxlj,Male,0,No,No,25,Yes,No,No,No Internet Service,No Internet Service,No Internet Service,No Internet Service,No Internet Service,No Internet Service,One Year,Yes,Bank Transfer (Automatic),19.5,516.3,No
2746-Dijlo,Female,0,No,No,41,Yes,Yes,Dsl,No,Yes,No,No,No,No,One Year,Yes,Credit Card (Automatic),56.3,2364,No
5955-Erihd,Male,0,Yes,No,18,Yes,Yes,Fiber Optic,No,No,No,No,Yes,Yes,Month-To-Month,Yes,Electronic Check,94.7,1687.95,Yes
0917-Ezola,Male,1,Yes,No,72,Yes,Yes,Fiber Optic,No,Yes,Yes,No,Yes,Yes,Two Year,Yes,Bank Transfer (Automatic),104.15,7689.95,Yes
3508-Vlhcz,Female,0,Yes,Yes,71,Yes,Yes,Dsl,Yes,Yes,Yes,Yes,Yes,Yes,Two Year,Yes,Credit Card (Automatic),90.55,6239.05,No
4086-Atnfv,Female,0,Yes,Yes,34,Yes,No,Dsl,Yes,Yes,Yes,No,No,No,One Year,Yes,Mailed Check,60.8,2042.05,No
0468-Yrpxn,Male,0,No,No,29,Yes,No,Fiber Optic,No,No,Yes,Yes,Yes,Yes,Month-To-Month,Yes,Credit Card (Automatic),98.8,2807.1,No
5996-Nrvxr,Male,1,Yes,No,40,Yes,No,Fiber Optic,Yes,Yes,Yes,Yes,Yes,No,One Year,Yes,Credit Card (Automatic),98.15,4116.8,No
3739-Ybwab,Male,0,Yes,No,36,No,No Phone Service,Dsl,Yes,No,Yes,No,No,No,One Year,No,Mailed Check,35.35,1317.95,No
7047-Fweya,Female,0,Yes,No,46,Yes,Yes,Fiber Optic,No,Yes,No,Yes,Yes,Yes,One Year,Yes,Electronic Check,103.15,4594.65,No
2000-Mpkca,Female,0,No,No,58,Yes,Yes,Fiber Optic,Yes,Yes,Yes,No,Yes,Yes,One Year,Yes,Electronic Check,107.75,6332.75,No
9762-Yaqaa,Male,0,No,No,39,Yes,Yes,Fiber Optic,No,Yes,No,No,No,No,One Year,No,Credit Card (Automatic),81.4,3213.75,No
5949-Ebsqk,Male,0,Yes,Yes,4,Yes,No,Dsl,No,No,No,Yes,No,Yes,Month-To-Month,No,Credit Card (Automatic),61.45,229.55,Yes
5473-Khbps,Female,0,Yes,Yes,52,Yes,Yes,Fiber Optic,No,Yes,Yes,No,Yes,No,One Year,Yes,Credit Card (Automatic),95.7,4976.15,No
0100-Duvfc,Male,1,Yes,No,70,Yes,Yes,Fiber Optic,No,Yes,Yes,No,Yes,Yes,One Year,Yes,Electronic Check,104.8,7308.95,No
5397-Tupsh,Male,1,Yes,No,65,Yes,No,Fiber Optic,No,No,No,No,No,No,One Year,Yes,Bank Transfer (Automatic),70.95,4555.2,No
8950-Mtznv,Male,0,No,No,1,Yes,No,Dsl,No,No,No,No,No,No,Month-To-Month,Yes,Mailed Check,44.95,44.95,No
0326-Vdyxe,Female,0,Yes,No,70,Yes,Yes,Fiber Optic,No,No,Yes,No,Yes,Yes,One Year,Yes,Electronic Check,97.65,6982.5,No
6773-Lqtvt,Female,1,Yes,Yes,29,No,No Phone Service,Dsl,No,Yes,Yes,No,No,No,Month-To-Month,Yes,Mailed Check,35.65,1025.15,No
7274-Rtapz,Male,0,No,No,1,Yes,No,Fiber Optic,No,No,No,No,Yes,Yes,Month-To-Month,Yes,Electronic Check,90.55,90.55,Yes
0436-Twffz,Female,0,No,No,67,Yes,Yes,Dsl,Yes,No,Yes,Yes,Yes,Yes,Two Year,Yes,Mailed Check,85.25,5714.2,No
8566-Yprgl,Female,0,No,No,1,Yes,No,No,No Internet Service,No Internet Service,No Internet Service,No Internet Service,No Internet Service,No Internet Service,Month-To-Month,Yes,Mailed Check,19.5,19.5,No
0311-Unpff,Female,0,No,No,26,Yes,No,Fiber Optic,No,No,No,No,Yes,Yes,Month-To-Month,Yes,Bank Transfer (Automatic),88.8,2274.35,Yes
6609-Mxjhj,Female,0,Yes,Yes,30,Yes,Yes,No,No Internet Service,No Internet Service,No Internet Service,No Internet Service,No Internet Service,No Internet Service,Two Year,Yes,Mailed Check,25.1,789.55,No
2669-Oidsd,Female,0,Yes,No,48,Yes,No,Fiber Optic,No,No,Yes,Yes,Yes,Yes,Month-To-Month,Yes,Credit Card (Automatic),100.05,4834,No
8400-Wzicq,Female,0,Yes,Yes,55,Yes,No,Dsl,Yes,Yes,No,No,No,No,Month-To-Month,No,Electronic Check,55.7,3131.8,No
3834-Xuifc,Male,0,No,No,7,Yes,Yes,Fiber Optic,No,No,No,No,No,Yes,Month-To-Month,Yes,Mailed Check,85.2,602.55,Yes
9576-Syuhj,Male,0,No,No,37,Yes,Yes,Fiber Optic,Yes,No,No,No,Yes,No,Month-To-Month,Yes,Electronic Check,91.15,3369.25,No
0410-Ipfty,Female,0,Yes,No,31,Yes,No,Fiber Optic,No,Yes,No,No,No,Yes,Month-To-Month,Yes,Bank Transfer (Automatic),83.85,2674.15,No
2831-Ebwrn,Male,0,No,No,4,Yes,No,Dsl,No,No,No,No,No,No,Month-To-Month,Yes,Electronic Check,45.9,199.75,No
9430-Nkqly,Male,0,Yes,Yes,72,Yes,Yes,No,No Internet Service,No Internet Service,No Internet Service,No Internet Service,No Internet Service,No Internet Service,Two Year,Yes,Credit Card (Automatic),25.1,1790.8,No
8414-Myshr,Male,1,No,No,5,Yes,No,Fiber Optic,No,No,No,No,Yes,Yes,Month-To-Month,Yes,Electronic Check,91.4,449.75,Yes
0247-Sluji,Male,0,Yes,Yes,1,Yes,No,No,No Internet Service,No Internet Service,No Internet Service,No Internet Service,No Internet Service,No Internet Service,Month-To-Month,No,Mailed Check,19.7,19.7,No
9402-Orrah,Female,1,No,No,15,Yes,No,Fiber Optic,No,No,No,No,Yes,Yes,Month-To-Month,Yes,Electronic Check,91.5,1400.3,No
6483-Oatdn,Male,0,Yes,Yes,8,Yes,No,Dsl,Yes,No,No,No,No,No,Month-To-Month,Yes,Credit Card (Automatic),51.3,411.6,No
1293-Hhshj,Female,0,No,No,35,Yes,No,No,No Internet Service,No Internet Service,No Internet Service,No Internet Service,No Internet Service,No Internet Service,One Year,No,Mailed Check,21.1,741,No
4840-Orqxb,Female,1,No,No,56,Yes,Yes,Fiber Optic,No,Yes,Yes,No,Yes,Yes,Month-To-Month,No,Electronic Check,104.75,5841.35,No
7599-Fkvxz,Male,0,Yes,No,42,Yes,Yes,Fiber Optic,No,No,Yes,Yes,Yes,Yes,Month-To-Month,Yes,Bank Transfer (Automatic),106.15,4512.7,Yes
3982-Dqlus,Male,1,Yes,Yes,65,Yes,Yes,Fiber Optic,Yes,Yes,No,No,No,No,Month-To-Month,Yes,Electronic Check,85.75,5688.45,No
8610-Zikjj,Female,0,Yes,Yes,2,Yes,No,No,No Internet Service,No Internet Service,No Internet Service,No Internet Service,No Internet Service,No Internet Service,One Year,No,Mailed Check,20.3,31.9,No
3756-Vnwdh,Male,1,Yes,No,65,Yes,Yes,Fiber Optic,Yes,No,No,No,Yes,Yes,One Year,Yes,Electronic Check,100.75,6674.65,No
7801-Kicao,Female,0,No,No,18,Yes,Yes,Fiber Optic,No,No,No,No,No,No,Month-To-Month,Yes,Electronic Check,74.15,1345.75,No
7673-Lprny,Female,0,No,No,23,Yes,Yes,Dsl,Yes,No,Yes,No,Yes,Yes,One Year,Yes,Electronic Check,78.55,1843.05,No
8229-Tniqa,Female,0,No,No,4,Yes,No,Dsl,No,No,No,No,No,No,Month-To-Month,Yes,Mailed Check,45.3,196.95,Yes
6060-Qbmgv,Male,0,Yes,No,70,Yes,No,No,No Internet Service,No Internet Service,No Internet Service,No Internet Service,No Internet Service,No Internet Service,Two Year,No,Credit Card (Automatic),19.85,1433.8,No
7339-Pogzn,Female,0,No,No,4,Yes,Yes,Dsl,No,No,No,No,No,No,Month-To-Month,No,Electronic Check,50.7,214.55,No
2828-Slqpf,Male,0,No,No,19,Yes,No,Dsl,No,No,No,No,No,No,Month-To-Month,Yes,Bank Transfer (Automatic),45.0,865.85,No
4465-Vdkiq,Female,0,No,No,18,Yes,No,Fiber Optic,No,Yes,Yes,No,No,No,Month-To-Month,No,Electronic Check,77.8,1358.6,No
2921-Xwdjh,Female,1,Yes,No,38,Yes,No,Fiber Optic,Yes,No,No,No,No,Yes,Month-To-Month,Yes,Electronic Check,83.45,3147.15,No
6221-Avqyl,Male,0,No,No,2,Yes,Yes,Fiber Optic,No,No,No,No,No,No,Month-To-Month,Yes,Credit Card (Automatic),73.25,131.05,Yes
2558-Buozz,Male,0,No,No,47,Yes,Yes,Fiber Optic,Yes,Yes,No,No,Yes,No,One Year,No,Bank Transfer (Automatic),94.8,4535.85,No
9257-Azmtz,Female,0,Yes,Yes,52,Yes,No,No,No Internet Service,No Internet Service,No Internet Service,No Internet Service,No Internet Service,No Internet Service,Two Year,No,Bank Transfer (Automatic),20.1,1078.75,No
0003-Mknfe,Male,0,No,No,9,Yes,Yes,Dsl,No,No,No,No,No,Yes,Month-To-Month,No,Mailed Check,59.9,542.4,No
0975-Uydtx,Female,0,Yes,No,26,Yes,Yes,Dsl,Yes,Yes,Yes,Yes,Yes,Yes,One Year,Yes,Credit Card (Automatic),90.1,2312.55,No
7743-Exurx,Male,0,Yes,Yes,8,Yes,No,Dsl,No,No,Yes,No,No,No,Month-To-Month,Yes,Electronic Check,51.05,415.05,Yes
4682-Blbuc,Male,0,Yes,No,44,Yes,No,Dsl,No,Yes,Yes,Yes,Yes,No,One Year,Yes,Electronic Check,70.95,3250.45,No
0975-Voovl,Female,0,No,No,3,No,No Phone Service,Dsl,No,Yes,No,No,No,No,Month-To-Month,No,Mailed Check,29.2,98.5,No
5968-Vxzlg,Male,0,No,No,2,Yes,No,Dsl,No,No,No,No,No,No,Month-To-Month,Yes,Bank Transfer (Automatic),46.6,87.9,No
5569-Kgjhx,Female,0,Yes,Yes,9,Yes,Yes,Fiber Optic,No,No,No,No,Yes,No,Month-To-Month,Yes,Bank Transfer (Automatic),85.35,754.65,Yes
4988-Iqigl,Male,1,No,No,1,Yes,Yes,Fiber Optic,No,No,No,No,No,No,Month-To-Month,Yes,Electronic Check,75.35,75.35,Yes
5201-Frkks,Male,0,No,No,25,Yes,No,Fiber Optic,Yes,No,No,No,No,No,Month-To-Month,No,Bank Transfer (Automatic),74.3,1952.25,No
9799-Cayjj,Female,1,Yes,No,2,Yes,No,Fiber Optic,No,No,No,No,No,No,Month-To-Month,Yes,Electronic Check,69.3,153.8,No
7730-Iutdz,Male,0,No,No,43,Yes,No,Fiber Optic,Yes,No,No,No,No,No,Month-To-Month,Yes,Electronic Check,75.2,3198.6,Yes
0426-Tirne,Female,0,No,No,1,Yes,No,No,No Internet Service,No Internet Service,No Internet Service,No Internet Service,No Internet Service,No Internet Service,Month-To-Month,No,Mailed Check,20.9,20.9,Yes
5443-Scmkx,Female,0,Yes,No,58,Yes,Yes,Fiber Optic,No,Yes,Yes,No,No,Yes,One Year,Yes,Electronic Check,94.3,5610.15,No
8295-Kmene,Female,0,Yes,Yes,59,Yes,Yes,Dsl,Yes,No,Yes,Yes,Yes,No,Two Year,Yes,Mailed Check,76.45,4519.5,No
6738-Iscbm,Male,0,No,No,44,No,No Phone Service,Dsl,Yes,No,Yes,No,Yes,Yes,One Year,Yes,Electronic Check,54.0,2440.25,No
9821-Besnz,Male,0,No,No,66,Yes,Yes,Fiber Optic,No,Yes,No,Yes,Yes,Yes,One Year,Yes,Electronic Check,104.25,6860.6,No
3678-Mngzx,Male,0,Yes,Yes,68,Yes,No,No,No Internet Service,No Internet Service,No Internet Service,No Internet Service,No Internet Service,No Internet Service,Two Year,No,Bank Transfer (Automatic),19.95,1377.7,No
1335-Ntiuc,Male,0,No,No,9,No,No Phone Service,Dsl,No,No,No,No,No,No,Month-To-Month,Yes,Electronic Check,24.95,190.25,No
2916-Bqzln,Male,0,No,No,19,Yes,Yes,Fiber Optic,Yes,No,Yes,No,No,No,Month-To-Month,Yes,Electronic Check,84.75,1651.95,No
4558-Cgycz,Male,0,No,No,4,Yes,No,No,No Internet Service,No Internet Service,No Internet Service,No Internet Service,No Internet Service,No Internet Service,Month-To-Month,No,Mailed Check,19.75,78.3,No
2368-Gakkq,Female,0,No,No,70,Yes,Yes,Fiber Optic,Yes,Yes,Yes,Yes,Yes,Yes,Two Year,Yes,Bank Transfer (Automatic),113.65,7939.25,No
8710-Yglwg,Male,0,No,No,1,Yes,No,Dsl,No,No,No,No,No,No,Month-To-Month,Yes,Mailed Check,44.9,44.9,No
3199-Xgzcy,Female,0,No,No,8,Yes,Yes,Fiber Optic,No,No,No,No,No,No,Month-To-Month,Yes,Electronic Check,75.25,576.7,No
3785-Ktysh,Male,0,No,No,53,Yes,Yes,No,No Internet Service,No Internet Service,No Internet Service,No Internet Service,No Internet Service,No Internet Service,Two Year,No,Mailed Check,24.6,1279,No
6814-Zpwfq,Male,1,No,No,51,Yes,Yes,No,No Internet Service,No Internet Service,No Internet Service,No Internet Service,No Internet Service,No Internet Service,One Year,No,Bank Transfer (Automatic),25.0,1260.7,No
4063-Eiknq,Male,0,Yes,Yes,11,Yes,No,No,No Internet Service,No Internet Service,No Internet Service,No Internet Service,No Internet Service,No Internet Service,Month-To-Month,No,Bank Transfer (Automatic),20.95,267.35,No
6993-Ycobk,Male,0,Yes,Yes,60,Yes,Yes,Fiber Optic,Yes,No,Yes,Yes,Yes,Yes,Two Year,Yes,Electronic Check,110.6,6586.85,No
5206-Hpjkm,Male,0,No,No,17,Yes,No,Dsl,Yes,Yes,No,No,No,No,Month-To-Month,Yes,Credit Card (Automatic),55.5,934.15,No
7587-Rznme,Male,0,No,No,3,Yes,No,Dsl,No,No,No,No,No,No,Month-To-Month,Yes,Electronic Check,43.3,123.65,Yes
0748-Rdggm,Male,0,Yes,No,70,Yes,No,Fiber Optic,Yes,Yes,Yes,Yes,Yes,Yes,One Year,Yes,Bank Transfer (Automatic),109.5,7534.65,Yes
8393-Jmvmb,Male,0,No,No,1,Yes,No,No,No Internet Service,No Internet Service,No Internet Service,No Internet Service,No Internet Service,No Internet Service,Month-To-Month,No,Mailed Check,19.45,19.45,No
5019-Gqvcr,Male,1,No,No,43,Yes,Yes,Fiber Optic,No,No,No,No,Yes,No,Month-To-Month,Yes,Electronic Check,84.85,3645.6,No
6036-Ttfyu,Female,0,Yes,No,16,Yes,No,No,No Internet Service,No Internet Service,No Internet Service,No Internet Service,No Internet Service,No Internet Service,Month-To-Month,No,Mailed Check,19.6,314.45,No
2550-Aevru,Female,0,Yes,Yes,57,Yes,No,Dsl,Yes,Yes,No,No,No,No,One Year,No,Electronic Check,53.45,3053,No
0969-Rgkcu,Male,0,Yes,Yes,37,Yes,No,No,No Internet Service,No Internet Service,No Internet Service,No Internet Service,No Internet Service,No Internet Service,One Year,No,Credit Card (Automatic),19.8,677.05,No
0378-Cjkpv,Female,0,Yes,No,72,Yes,Yes,Fiber Optic,Yes,Yes,Yes,Yes,Yes,Yes,Two Year,No,Credit Card (Automatic),112.1,7965.95,No
4706-Axvkm,Female,1,No,No,11,Yes,Yes,Fiber Optic,No,No,No,No,No,Yes,Month-To-Month,Yes,Credit Card (Automatic),84.8,906.85,Yes
5889-Jtmul,Female,1,Yes,No,50,Yes,Yes,Fiber Optic,No,Yes,Yes,No,Yes,No,Month-To-Month,Yes,Electronic Check,95.05,4888.7,Yes
9026-Rnujs,Male,1,No,No,5,Yes,No,Dsl,No,No,Yes,No,No,No,Month-To-Month,No,Electronic Check,50.35,237.25,Yes
3746-Eubyr,Male,0,Yes,No,1,Yes,Yes,Fiber Optic,No,No,No,No,No,No,Month-To-Month,Yes,Bank Transfer (Automatic),74.6,74.6,Yes
2332-Efbjy,Male,0,No,No,16,Yes,No,No,No Internet Service,No Internet Service,No Internet Service,No Internet Service,No Internet Service,No Internet Service,Month-To-Month,Yes,Mailed Check,19.7,342.4,Yes
2880-Fpnae,Male,1,Yes,No,2,Yes,No,Fiber Optic,No,No,Yes,No,No,No,Month-To-Month,Yes,Electronic Check,74.2,140.1,No
1703-Mgiab,Female,0,No,No,17,Yes,Yes,Dsl,No,No,Yes,Yes,Yes,No,Month-To-Month,Yes,Mailed Check,69.0,1108,No
4311-Qttai,Female,0,No,No,16,Yes,No,No,No Internet Service,No Internet Service,No Internet Service,No Internet Service,No Internet Service,No Internet Service,One Year,No,Credit Card (Automatic),19.35,295.55,No
9474-Phlyd,Female,0,No,No,15,Yes,No,Dsl,No,No,Yes,No,No,Yes,Month-To-Month,Yes,Electronic Check,59.45,892.65,Yes
4318-Rajvy,Female,0,No,No,10,Yes,No,No,No Internet Service,No Internet Service,No Internet Service,No Internet Service,No Internet Service,No Internet Service,One Year,Yes,Mailed Check,19.8,198.25,No
2165-Voegb,Female,0,No,Yes,46,Yes,No,Fiber Optic,Yes,Yes,No,Yes,Yes,Yes,One Year,Yes,Bank Transfer (Automatic),105.2,4822.85,Yes
3612-Yungg,Male,0,Yes,Yes,64,Yes,Yes,Fiber Optic,No,Yes,Yes,Yes,Yes,Yes,Two Year,Yes,Credit Card (Automatic),109.2,6741.15,No
2254-Dlxri,Female,0,No,No,1,Yes,Yes,Fiber Optic,No,Yes,No,No,No,No,Month-To-Month,Yes,Mailed Check,79.15,79.15,No
5062-Cjjkh,Male,0,Yes,Yes,25,Yes,No,Dsl,No,Yes,Yes,No,No,No,One Year,No,Mailed Check,53.65,1355.45,No
9028-Lihrp,Male,0,Yes,Yes,71,Yes,No,Fiber Optic,Yes,Yes,Yes,Yes,Yes,No,Two Year,No,Credit Card (Automatic),100.2,7209,No
2219-Mvuso,Male,0,No,No,8,Yes,No,Dsl,No,No,No,No,No,No,Month-To-Month,Yes,Mailed Check,45.15,438.4,Yes
1053-Mxttk,Female,0,Yes,Yes,72,Yes,No,Fiber Optic,Yes,Yes,Yes,Yes,Yes,Yes,Two Year,Yes,Bank Transfer (Automatic),108.65,7726.35,No
1530-Ztdoz,Female,0,Yes,No,49,No,No Phone Service,Dsl,Yes,No,No,No,Yes,No,Month-To-Month,No,Bank Transfer (Automatic),40.65,2070.75,No
1301-Lopvr,Male,0,Yes,Yes,29,No,No Phone Service,Dsl,Yes,Yes,Yes,Yes,No,Yes,One Year,Yes,Credit Card (Automatic),55.35,1636.95,No
0853-Twrvk,Male,0,Yes,No,72,Yes,Yes,Fiber Optic,Yes,Yes,Yes,Yes,No,Yes,Two Year,No,Bank Transfer (Automatic),105.6,7581.5,No
8914-Rbtsb,Male,0,Yes,No,31,Yes,Yes,Fiber Optic,No,Yes,Yes,No,Yes,No,Month-To-Month,No,Electronic Check,93.8,3019.5,Yes
6212-Atmlk,Female,0,No,No,50,Yes,Yes,Fiber Optic,No,No,No,No,Yes,Yes,Month-To-Month,Yes,Electronic Check,95.7,4729.75,No
8200-Lgksr,Male,0,Yes,No,71,Yes,Yes,Dsl,Yes,No,Yes,Yes,Yes,Yes,Two Year,No,Electronic Check,83.2,6126.1,No
1568-Bekzm,Male,1,Yes,No,70,Yes,Yes,Dsl,Yes,Yes,Yes,Yes,Yes,Yes,Two Year,No,Credit Card (Automatic),90.05,6333.4,No
0670-Anmuu,Male,0,No,No,71,Yes,Yes,Fiber Optic,Yes,No,No,Yes,No,Yes,One Year,No,Credit Card (Automatic),97.65,6687.85,No
6897-Rwmub,Male,0,Yes,Yes,61,Yes,No,Dsl,Yes,Yes,Yes,Yes,No,No,Two Year,Yes,Bank Transfer (Automatic),68.05,4158.25,No
0963-Zbdrn,Male,0,No,No,32,Yes,No,Fiber Optic,No,No,No,Yes,Yes,Yes,Month-To-Month,Yes,Electronic Check,96.2,3183.4,Yes
7594-Rqhxr,Female,0,No,Yes,1,Yes,No,Fiber Optic,No,No,No,No,No,Yes,Month-To-Month,Yes,Electronic Check,79.6,79.6,Yes
6999-Chvcf,Male,0,No,No,68,Yes,Yes,Fiber Optic,Yes,Yes,Yes,No,No,Yes,Two Year,Yes,Bank Transfer (Automatic),102.1,7149.35,No
6134-Kwtbv,Male,0,No,No,62,Yes,Yes,No,No Internet Service,No Internet Service,No Internet Service,No Internet Service,No Internet Service,No Internet Service,Two Year,No,Bank Transfer (Automatic),23.4,1429.65,No
1077-Huujm,Female,0,No,Yes,7,Yes,No,Fiber Optic,No,No,No,No,No,No,Month-To-Month,Yes,Electronic Check,71.05,472.65,No
6331-Ewieb,Male,0,No,No,20,Yes,Yes,Fiber Optic,No,No,No,No,Yes,No,Month-To-Month,Yes,Electronic Check,85.25,1734.5,Yes
0895-Lnkrc,Male,0,Yes,Yes,6,Yes,No,No,No Internet Service,No Internet Service,No Internet Service,No Internet Service,No Internet Service,No Internet Service,One Year,No,Mailed Check,19.45,113.5,No
2045-Bmbtj,Female,1,No,No,33,No,No Phone Service,Dsl,Yes,Yes,Yes,No,Yes,Yes,Month-To-Month,Yes,Bank Transfer (Automatic),59.45,1884.65,No
8417-Gsoda,Male,0,Yes,Yes,28,Yes,Yes,Fiber Optic,No,No,No,No,Yes,Yes,One Year,No,Bank Transfer (Automatic),92.2,2568.15,No
5171-Eplkn,Male,0,No,No,27,Yes,No,No,No Internet Service,No Internet Service,No Internet Service,No Internet Service,No Internet Service,No Internet Service,Two Year,No,Credit Card (Automatic),19.85,470,No
4452-Qiieb,Male,0,No,No,7,Yes,No,Dsl,No,No,No,No,No,No,Month-To-Month,No,Mailed Check,43.9,278.4,No
5998-Vvejy,Male,0,No,No,26,Yes,Yes,Fiber Optic,No,No,No,Yes,No,No,Month-To-Month,Yes,Electronic Check,80.5,2088.8,Yes
1624-Naloj,Male,1,No,No,5,Yes,Yes,Fiber Optic,No,Yes,No,No,No,Yes,Month-To-Month,Yes,Electronic Check,89.8,502.6,Yes
6741-Egcbi,Male,1,No,No,30,Yes,Yes,Fiber Optic,Yes,No,No,No,No,Yes,Month-To-Month,Yes,Credit Card (Automatic),90.5,2595.85,No
7820-Zygny,Male,0,No,No,63,Yes,Yes,Fiber Optic,No,Yes,No,No,No,Yes,One Year,No,Credit Card (Automatic),90.45,5825.5,No
4317-Vteoa,Male,0,No,No,1,Yes,No,Dsl,No,Yes,No,No,No,No,Month-To-Month,Yes,Electronic Check,50.75,50.75,Yes
9677-Avked,Female,0,No,Yes,53,Yes,Yes,Dsl,No,Yes,Yes,Yes,Yes,Yes,One Year,Yes,Electronic Check,84.6,4449.75,No
1670-Svowz,Female,0,Yes,Yes,14,Yes,No,Fiber Optic,No,Yes,No,Yes,No,Yes,Month-To-Month,Yes,Credit Card (Automatic),89.65,1208.35,Yes
2227-Jrsjx,Female,0,No,No,21,Yes,No,Fiber Optic,No,Yes,No,Yes,Yes,Yes,Month-To-Month,Yes,Bank Transfer (Automatic),99.15,1956.4,No
9847-Hnvgp,Male,0,No,No,17,Yes,No,No,No Internet Service,No Internet Service,No Internet Service,No Internet Service,No Internet Service,No Internet Service,One Year,No,Mailed Check,19.95,310.6,No
6696-Ydayz,Male,0,Yes,Yes,16,Yes,No,No,No Internet Service,No Internet Service,No Internet Service,No Internet Service,No Internet Service,No Internet Service,Two Year,No,Mailed Check,20.5,290.55,No
8980-Wqfwl,Female,0,No,No,35,Yes,No,Dsl,No,No,Yes,No,No,Yes,Month-To-Month,Yes,Electronic Check,62.1,2096.1,No
1730-Zmame,Female,1,No,No,32,Yes,No,Fiber Optic,No,No,No,No,No,Yes,Month-To-Month,Yes,Electronic Check,79.5,2665,No
6506-Eycnh,Female,0,Yes,Yes,28,Yes,No,No,No Internet Service,No Internet Service,No Internet Service,No Internet Service,No Internet Service,No Internet Service,Month-To-Month,Yes,Bank Transfer (Automatic),19.55,543.8,No
4634-Jlrjt,Female,0,No,No,1,Yes,No,No,No Internet Service,No Internet Service,No Internet Service,No Internet Service,No Internet Service,No Internet Service,Month-To-Month,Yes,Mailed Check,20.35,20.35,No
9501-Ukknl,Male,0,No,No,59,No,No Phone Service,Dsl,No,No,No,Yes,Yes,Yes,Month-To-Month,Yes,Electronic Check,51.7,3005.8,No
2560-Qtsbs,Female,0,Yes,Yes,72,Yes,Yes,No,No Internet Service,No Internet Service,No Internet Service,No Internet Service,No Internet Service,No Internet Service,One Year,Yes,Bank Transfer (Automatic),23.3,1623.15,No
7541-Ylxcl,Male,0,No,No,36,Yes,No,Dsl,No,Yes,No,Yes,No,Yes,One Year,Yes,Mailed Check,65.4,2498.4,Yes
4795-Wrnvt,Female,0,No,No,40,Yes,No,Dsl,Yes,Yes,No,No,Yes,No,Month-To-Month,No,Mailed Check,65.1,2586,No
6080-Tcmyc,Male,0,Yes,Yes,40,Yes,Yes,Fiber Optic,No,No,Yes,No,No,No,Month-To-Month,Yes,Electronic Check,81.2,3292.3,No
0260-Zdlgk,Female,0,No,Yes,9,Yes,No,Dsl,No,No,Yes,Yes,Yes,Yes,Month-To-Month,Yes,Mailed Check,72.9,651.4,Yes
7860-Uxcrm,Male,0,Yes,Yes,63,Yes,No,Dsl,Yes,Yes,Yes,Yes,Yes,No,Two Year,No,Credit Card (Automatic),74.5,4674.55,No
6357-Jjpqt,Female,0,No,No,3,Yes,No,Fiber Optic,No,No,No,No,Yes,No,Month-To-Month,Yes,Electronic Check,80.5,232.35,No
2292-Xqwsv,Male,0,Yes,Yes,40,No,No Phone Service,Dsl,No,Yes,Yes,Yes,Yes,Yes,One Year,No,Mailed Check,60.3,2448.5,No
9552-Tguzv,Male,0,Yes,No,8,Yes,No,Fiber Optic,Yes,No,No,No,No,No,Month-To-Month,Yes,Mailed Check,75.0,658.1,No
5913-Inrqv,Male,1,Yes,No,34,Yes,No,Fiber Optic,Yes,No,No,Yes,Yes,No,One Year,No,Mailed Check,90.15,3128.8,No
8722-Ngnbh,Male,0,No,No,5,No,No Phone Service,Dsl,Yes,No,Yes,Yes,No,No,Month-To-Month,No,Mailed Check,40.0,223.45,Yes
6210-Kbbpi,Male,1,No,No,9,Yes,Yes,Fiber Optic,No,Yes,No,No,Yes,Yes,Month-To-Month,Yes,Credit Card (Automatic),99.45,919.4,Yes
9643-Yblur,Male,0,Yes,No,9,Yes,Yes,Dsl,No,Yes,Yes,No,No,Yes,Month-To-Month,Yes,Credit Card (Automatic),69.05,653.95,No
8734-Fnwvh,Male,0,Yes,Yes,31,Yes,Yes,Dsl,No,No,No,No,No,Yes,Month-To-Month,No,Bank Transfer (Automatic),59.7,1825.5,No
9447-Yptbx,Female,0,Yes,No,50,Yes,No,No,No Internet Service,No Internet Service,No Internet Service,No Internet Service,No Internet Service,No Internet Service,One Year,Yes,Bank Transfer (Automatic),19.85,943.1,No
0133-Bmfzo,Female,0,No,No,2,Yes,No,Fiber Optic,Yes,Yes,No,Yes,No,No,Month-To-Month,Yes,Electronic Check,86.25,181.65,Yes
6128-Czomy,Female,0,No,No,1,Yes,No,Dsl,No,No,No,No,No,No,Month-To-Month,Yes,Electronic Check,45.65,45.65,Yes
9540-Jyroe,Male,0,No,No,8,Yes,No,Fiber Optic,No,No,No,No,No,No,Month-To-Month,Yes,Mailed Check,70.1,551.35,Yes
9026-Lhevg,Female,0,No,No,9,No,No Phone Service,Dsl,No,Yes,No,No,No,Yes,Month-To-Month,No,Electronic Check,40.75,359.4,No
2260-Ustrb,Female,1,No,No,2,Yes,No,Fiber Optic,No,No,No,No,No,No,Month-To-Month,Yes,Bank Transfer (Automatic),70.2,115.95,Yes
3656-Tkrvz,Female,0,No,No,3,Yes,No,Dsl,Yes,Yes,No,No,No,No,Month-To-Month,No,Electronic Check,55.35,165.2,Yes
7011-Cveuc,Male,0,Yes,No,25,Yes,No,Fiber Optic,No,No,No,Yes,Yes,Yes,Month-To-Month,Yes,Credit Card (Automatic),95.7,2338.35,No
6185-Tasnn,Male,1,No,No,1,Yes,No,Dsl,No,No,No,No,No,No,Month-To-Month,No,Electronic Check,46.3,46.3,No
7925-Pnrgi,Female,0,Yes,Yes,45,Yes,Yes,Dsl,Yes,Yes,Yes,Yes,Yes,No,Month-To-Month,No,Mailed Check,81.3,3541.1,No
8623-Tmrby,Male,1,Yes,Yes,51,Yes,Yes,Fiber Optic,No,Yes,Yes,No,No,No,Month-To-Month,Yes,Electronic Check,84.2,4146.05,Yes
1552-Czcll,Female,0,Yes,Yes,55,Yes,No,No,No Internet Service,No Internet Service,No Internet Service,No Internet Service,No Internet Service,No Internet Service,Month-To-Month,No,Credit Card (Automatic),20.0,1087.25,No
3038-Pqiuy,Female,0,No,No,38,Yes,Yes,Dsl,Yes,Yes,Yes,No,No,No,Month-To-Month,Yes,Bank Transfer (Automatic),66.15,2522.4,No
1501-Sghbw,Male,0,No,No,2,Yes,No,Dsl,No,No,No,No,No,No,Month-To-Month,No,Mailed Check,45.85,81,Yes
9313-Cdogy,Male,0,Yes,Yes,38,Yes,No,No,No Internet Service,No Internet Service,No Internet Service,No Internet Service,No Internet Service,No Internet Service,Month-To-Month,No,Electronic Check,19.6,717.3,No
8148-Bplzq,Male,0,No,No,34,Yes,No,Dsl,No,Yes,No,No,No,No,Month-To-Month,Yes,Electronic Check,49.8,1734.2,No
2623-Dryam,Female,0,Yes,No,70,Yes,Yes,Fiber Optic,No,No,Yes,No,Yes,Yes,One Year,Yes,Electronic Check,101.75,7069.3,No
9987-Lutyd,Female,0,No,No,13,Yes,No,Dsl,Yes,No,No,Yes,No,No,One Year,No,Mailed Check,55.15,742.9,No
3208-Ypioe,Male,0,No,No,39,Yes,Yes,Fiber Optic,No,No,No,No,No,No,Month-To-Month,No,Electronic Check,75.25,3017.65,Yes
4488-Kqfdt,Female,0,No,No,61,Yes,Yes,Fiber Optic,No,Yes,Yes,No,Yes,Yes,One Year,Yes,Electronic Check,103.95,6423,No
2612-Ranwt,Female,0,No,No,12,Yes,Yes,Fiber Optic,No,No,Yes,No,Yes,Yes,Month-To-Month,Yes,Bank Transfer (Automatic),100.15,1164.3,Yes
5693-Pipcs,Male,0,No,No,41,Yes,No,Fiber Optic,No,Yes,No,Yes,Yes,Yes,Two Year,Yes,Credit Card (Automatic),99.65,4220.35,No
0491-Kapqg,Male,0,No,No,21,Yes,Yes,Fiber Optic,No,No,No,No,No,No,Month-To-Month,Yes,Electronic Check,73.7,1558.7,No
1925-Lfczz,Male,1,No,No,55,No,No Phone Service,Dsl,No,No,Yes,No,Yes,Yes,One Year,Yes,Bank Transfer (Automatic),50.05,2743.45,No
8039-Eqpim,Male,0,Yes,No,69,No,No Phone Service,Dsl,Yes,No,Yes,Yes,Yes,Yes,Two Year,No,Bank Transfer (Automatic),60.25,4055.5,No
6900-Pxrms,Male,1,Yes,Yes,26,Yes,Yes,Fiber Optic,No,Yes,Yes,No,Yes,Yes,Month-To-Month,No,Electronic Check,105.75,2710.25,Yes
8707-Rmezh,Female,1,Yes,No,69,Yes,No,Fiber Optic,Yes,Yes,No,No,No,Yes,One Year,No,Credit Card (Automatic),87.3,6055.55,No
3346-Brmis,Female,1,Yes,No,18,No,No Phone Service,Dsl,No,No,Yes,No,Yes,Yes,Month-To-Month,Yes,Electronic Check,48.35,810.7,Yes
3209-Zpkfi,Male,0,Yes,Yes,47,Yes,Yes,Dsl,No,Yes,No,No,No,No,Month-To-Month,No,Electronic Check,54.25,2538.2,No
6479-Vdgrk,Female,0,Yes,Yes,72,Yes,No,Dsl,Yes,Yes,Yes,Yes,Yes,Yes,Two Year,No,Bank Transfer (Automatic),85.3,6129.2,No
9373-Wsloy,Male,1,Yes,No,33,No,No Phone Service,Dsl,No,Yes,Yes,Yes,Yes,No,Month-To-Month,Yes,Electronic Check,50.0,1750.85,No
2933-Filnv,Female,0,Yes,Yes,2,No,No Phone Service,Dsl,No,No,No,No,No,No,Month-To-Month,Yes,Mailed Check,24.4,36.55,Yes
3569-Jfodw,Female,0,Yes,Yes,72,Yes,Yes,Dsl,Yes,Yes,Yes,Yes,Yes,Yes,Two Year,No,Credit Card (Automatic),90.95,6652.45,No
9819-Fbnsv,Male,1,Yes,No,37,Yes,No,Fiber Optic,No,No,No,No,No,No,Month-To-Month,Yes,Bank Transfer (Automatic),72.25,2575.45,No
9544-Pypsj,Female,1,Yes,Yes,62,Yes,Yes,Fiber Optic,No,Yes,Yes,No,No,Yes,Month-To-Month,Yes,Credit Card (Automatic),96.1,6019.35,No
1591-Xwlgb,Female,0,Yes,No,71,Yes,No,No,No Internet Service,No Internet Service,No Internet Service,No Internet Service,No Internet Service,No Internet Service,Two Year,No,Credit Card (Automatic),19.85,1379.6,No
0396-Ukgai,Male,0,No,Yes,23,Yes,No,Dsl,No,Yes,No,Yes,No,No,Month-To-Month,Yes,Bank Transfer (Automatic),55.3,1284.2,No
3243-Zhohy,Female,0,No,No,16,Yes,No,No,No Internet Service,No Internet Service,No Internet Service,No Internet Service,No Internet Service,No Internet Service,One Year,No,Mailed Check,20.1,296.15,No
5186-Ejegl,Male,0,No,No,9,Yes,No,Dsl,Yes,No,Yes,Yes,Yes,No,Month-To-Month,Yes,Mailed Check,69.5,653.25,No
7527-Qnrus,Male,0,Yes,Yes,17,Yes,Yes,No,No Internet Service,No Internet Service,No Internet Service,No Internet Service,No Internet Service,No Internet Service,Two Year,Yes,Mailed Check,25.15,412.6,No
9986-Bonce,Female,0,No,No,4,Yes,No,No,No Internet Service,No Internet Service,No Internet Service,No Internet Service,No Internet Service,No Internet Service,Month-To-Month,No,Bank Transfer (Automatic),20.95,85.5,Yes
2722-Jmoni,Female,1,Yes,No,1,Yes,No,Dsl,Yes,No,No,No,No,No,Month-To-Month,Yes,Electronic Check,49.55,49.55,Yes
2203-Ghnwn,Female,0,Yes,No,24,Yes,Yes,Fiber Optic,No,No,Yes,No,No,No,Month-To-Month,Yes,Mailed Check,79.65,1928.7,No
3878-Avsoq,Female,1,No,No,1,Yes,No,Fiber Optic,No,No,No,No,No,No,Month-To-Month,Yes,Electronic Check,71.25,71.25,No
3258-Sysws,Male,1,No,No,72,Yes,Yes,Fiber Optic,Yes,Yes,Yes,Yes,Yes,Yes,Two Year,No,Bank Transfer (Automatic),113.8,7845.8,No
5296-Psyvw,Female,0,Yes,No,72,Yes,Yes,No,No Internet Service,No Internet Service,No Internet Service,No Internet Service,No Internet Service,No Internet Service,Two Year,No,Electronic Check,24.55,1750.7,No
6319-Qsusr,Female,0,No,Yes,11,Yes,No,No,No Internet Service,No Internet Service,No Internet Service,No Internet Service,No Internet Service,No Internet Service,Month-To-Month,No,Credit Card (Automatic),19.7,216.2,No
4083-Eugrj,Male,0,No,No,9,Yes,No,No,No Internet Service,No Internet Service,No Internet Service,No Internet Service,No Internet Service,No Internet Service,Month-To-Month,No,Mailed Check,20.25,178.5,Yes
7579-Oopec,Female,1,Yes,No,2,Yes,No,Dsl,No,Yes,No,No,No,No,Month-To-Month,No,Credit Card (Automatic),50.15,115.1,Yes
0512-Flfdw,Female,1,Yes,No,60,Yes,Yes,Fiber Optic,No,No,Yes,No,Yes,Yes,One Year,Yes,Credit Card (Automatic),100.5,6029,No
1771-Oadnz,Male,1,Yes,No,29,Yes,Yes,Fiber Optic,No,Yes,Yes,No,No,Yes,Month-To-Month,Yes,Electronic Check,95.9,2745.2,Yes
0487-Crlzf,Female,0,No,No,49,Yes,No,Dsl,No,No,Yes,Yes,Yes,Yes,Two Year,Yes,Bank Transfer (Automatic),74.45,3721.9,No
2107-Fbptk,Female,1,No,No,30,Yes,Yes,Fiber Optic,No,Yes,Yes,No,Yes,Yes,Month-To-Month,Yes,Electronic Check,104.1,3121.1,No
9451-Wlyri,Female,0,Yes,No,53,Yes,No,No,No Internet Service,No Internet Service,No Internet Service,No Internet Service,No Internet Service,No Internet Service,One Year,No,Credit Card (Automatic),19.05,990.45,No
8219-Vybvi,Male,0,No,Yes,39,Yes,Yes,No,No Internet Service,No Internet Service,No Internet Service,No Internet Service,No Internet Service,No Internet Service,Two Year,No,Mailed Check,25.0,1004.35,No
1991-Vopll,Female,0,No,No,9,Yes,No,No,No Internet Service,No Internet Service,No Internet Service,No Internet Service,No Internet Service,No Internet Service,Month-To-Month,No,Mailed Check,19.05,157.65,No
9738-Qlwtp,Male,0,No,No,39,Yes,No,Fiber Optic,No,No,Yes,Yes,No,No,One Year,No,Electronic Check,81.9,3219.75,No
1016-Djtsv,Male,1,No,No,8,Yes,No,Fiber Optic,No,No,No,No,No,No,Month-To-Month,Yes,Electronic Check,69.7,572.85,No
9419-Ippbe,Female,0,Yes,Yes,51,Yes,Yes,Fiber Optic,No,No,Yes,No,No,Yes,One Year,Yes,Electronic Check,90.15,4554.85,No
0174-Qrvvy,Male,0,Yes,Yes,71,Yes,Yes,No,No Internet Service,No Internet Service,No Internet Service,No Internet Service,No Internet Service,No Internet Service,Two Year,No,Credit Card (Automatic),25.35,1847.55,No
5699-Bncas,Male,1,No,No,71,Yes,Yes,No,No Internet Service,No Internet Service,No Internet Service,No Internet Service,No Internet Service,No Internet Service,Two Year,Yes,Mailed Check,24.65,1766.75,No
2900-Phpln,Female,1,Yes,No,70,Yes,No,No,No Internet Service,No Internet Service,No Internet Service,No Internet Service,No Internet Service,No Internet Service,Two Year,Yes,Credit Card (Automatic),19.55,1462.05,No
0612-Rtzza,Female,1,No,No,1,No,No Phone Service,Dsl,No,No,No,No,No,No,Month-To-Month,No,Electronic Check,25.25,25.25,Yes
8106-Gwqok,Male,0,Yes,No,38,No,No Phone Service,Dsl,Yes,Yes,No,Yes,Yes,Yes,Two Year,Yes,Bank Transfer (Automatic),60.0,2193.2,No
8751-Edeka,Female,0,Yes,No,28,Yes,No,Fiber Optic,No,Yes,Yes,No,No,Yes,Month-To-Month,No,Credit Card (Automatic),89.9,2433.5,No
6878-Ggdwg,Female,0,Yes,No,32,Yes,No,No,No Internet Service,No Internet Service,No Internet Service,No Internet Service,No Internet Service,No Internet Service,Month-To-Month,No,Bank Transfer (Automatic),19.4,641.15,No
4039-Pimhx,Male,1,Yes,No,49,Yes,No,Dsl,No,Yes,No,No,No,No,Two Year,No,Mailed Check,49.8,2398.4,No
8450-Luguk,Female,0,Yes,Yes,37,Yes,Yes,No,No Internet Service,No Internet Service,No Internet Service,No Internet Service,No Internet Service,No Internet Service,Two Year,Yes,Bank Transfer (Automatic),24.1,861.85,No
3604-Wlabm,Female,0,No,No,10,Yes,No,Dsl,No,No,Yes,Yes,No,No,Month-To-Month,No,Electronic Check,54.25,583,No
0795-Gmvqo,Male,0,Yes,No,67,Yes,Yes,Fiber Optic,Yes,Yes,Yes,No,Yes,Yes,One Year,No,Credit Card (Automatic),109.9,7332.4,No
2259-Ouusz,Male,0,No,No,7,No,No Phone Service,Dsl,No,No,Yes,Yes,No,No,One Year,Yes,Credit Card (Automatic),35.5,249.55,No
1142-Ihloo,Female,0,No,No,51,Yes,No,Fiber Optic,No,No,No,No,Yes,Yes,One Year,No,Credit Card (Automatic),87.55,4475.9,No
6410-Lefen,Female,0,No,No,9,Yes,No,Dsl,No,No,No,No,No,No,Month-To-Month,No,Electronic Check,45.15,416.45,Yes
4633-Mkhyu,Female,0,No,No,9,Yes,No,Fiber Optic,No,No,No,No,Yes,Yes,Month-To-Month,Yes,Mailed Check,88.4,788.6,No
6257-Rjohi,Male,0,No,No,4,Yes,No,Dsl,No,No,No,Yes,No,No,Month-To-Month,Yes,Mailed Check,50.8,202.3,No
1545-Jfuml,Male,0,Yes,No,71,Yes,Yes,Fiber Optic,Yes,Yes,Yes,No,Yes,No,Two Year,Yes,Electronic Check,99.0,6994.6,No
3194-Orpik,Female,0,Yes,Yes,50,Yes,Yes,Fiber Optic,No,No,No,No,Yes,No,Month-To-Month,Yes,Bank Transfer (Automatic),84.4,4116.15,Yes
7826-Vvkwt,Female,1,Yes,Yes,24,Yes,No,Fiber Optic,No,No,Yes,No,Yes,Yes,Two Year,Yes,Electronic Check,96.55,2263.45,No
1353-Ghzos,Male,0,Yes,No,22,Yes,No,Dsl,Yes,No,No,No,Yes,No,One Year,Yes,Bank Transfer (Automatic),59.75,1374.35,No
2587-Ekxts,Male,0,No,No,44,Yes,Yes,Fiber Optic,Yes,Yes,Yes,No,Yes,Yes,Month-To-Month,Yes,Electronic Check,111.5,4915.15,No
5442-Bxvnd,Female,0,Yes,Yes,33,Yes,Yes,No,No Internet Service,No Internet Service,No Internet Service,No Internet Service,No Internet Service,No Internet Service,Month-To-Month,No,Bank Transfer (Automatic),24.25,838.5,No
8816-Vxnzd,Female,0,No,No,1,Yes,Yes,Fiber Optic,No,No,No,No,No,No,Month-To-Month,Yes,Electronic Check,75.1,75.1,Yes
9378-Fxtiz,Female,0,Yes,No,54,Yes,Yes,Dsl,No,No,No,No,Yes,Yes,One Year,Yes,Credit Card (Automatic),70.15,3715.65,Yes
1723-Hkxjq,Male,0,No,No,42,Yes,Yes,Fiber Optic,No,Yes,No,No,Yes,Yes,Month-To-Month,Yes,Electronic Check,101.75,4273.45,Yes
7825-Gkxmw,Female,0,No,No,1,Yes,No,Dsl,No,No,No,No,No,No,Month-To-Month,No,Electronic Check,45.8,45.8,Yes
9753-Oylbx,Female,0,No,No,1,Yes,No,No,No Internet Service,No Internet Service,No Internet Service,No Internet Service,No Internet Service,No Internet Service,Month-To-Month,No,Mailed Check,20.5,20.5,No
2364-Ufrom,Male,0,No,No,30,Yes,No,Dsl,Yes,Yes,No,Yes,Yes,No,One Year,No,Electronic Check,70.4,2044.75,No
6656-Jwrqx,Female,0,No,No,1,No,No Phone Service,Dsl,No,No,No,Yes,No,No,Month-To-Month,No,Mailed Check,30.55,30.55,No
6473-Uluht,Male,0,Yes,Yes,16,Yes,Yes,Dsl,Yes,Yes,No,Yes,Yes,Yes,Month-To-Month,No,Electronic Check,84.9,1398.25,No
1240-Knsez,Male,0,No,No,1,Yes,No,No,No Internet Service,No Internet Service,No Internet Service,No Internet Service,No Internet Service,No Internet Service,Month-To-Month,Yes,Mailed Check,20.1,20.1,Yes
0836-Seylu,Male,0,Yes,No,9,No,No Phone Service,Dsl,No,No,No,Yes,Yes,No,Month-To-Month,No,Mailed Check,40.65,328.95,Yes
4433-Jcgcg,Male,1,Yes,No,46,Yes,Yes,Fiber Optic,No,No,Yes,No,Yes,Yes,Month-To-Month,Yes,Electronic Check,101.0,4680.05,Yes
3716-Bdvdb,Male,0,No,No,1,Yes,No,Fiber Optic,No,No,No,No,No,No,Month-To-Month,Yes,Electronic Check,69.1,69.1,Yes
7688-Awmdx,Male,0,Yes,No,71,Yes,No,Dsl,Yes,No,No,Yes,No,No,Two Year,No,Bank Transfer (Automatic),54.5,3778.2,No
2842-Bcqge,Male,0,No,No,43,Yes,Yes,Fiber Optic,No,No,No,No,No,No,Month-To-Month,Yes,Credit Card (Automatic),75.35,3161.4,No
7244-Qwyhg,Male,0,Yes,No,50,No,No Phone Service,Dsl,Yes,No,No,Yes,Yes,No,One Year,Yes,Bank Transfer (Automatic),44.45,2188.45,No
5899-Mqzzl,Female,0,No,No,13,Yes,Yes,Fiber Optic,No,No,No,No,No,No,Month-To-Month,Yes,Mailed Check,75.0,999.45,Yes
6849-Oyamu,Male,0,Yes,Yes,19,Yes,No,Fiber Optic,No,Yes,No,Yes,Yes,Yes,One Year,No,Bank Transfer (Automatic),100.0,1888.65,Yes
5312-Uxesg,Female,0,No,No,41,Yes,Yes,Fiber Optic,No,No,Yes,No,Yes,Yes,Month-To-Month,No,Bank Transfer (Automatic),98.05,3990.6,No
9488-Hgmjh,Female,1,No,No,1,Yes,No,Fiber Optic,No,No,No,No,No,No,Month-To-Month,Yes,Electronic Check,71.15,71.15,Yes
6038-Gcyec,Female,0,No,No,24,No,No Phone Service,Dsl,No,Yes,Yes,No,Yes,Yes,Month-To-Month,Yes,Credit Card (Automatic),54.15,1240.25,Yes
2150-Wlkuw,Female,0,Yes,No,40,Yes,Yes,Dsl,No,Yes,No,No,Yes,No,One Year,No,Bank Transfer (Automatic),63.9,2635,No
7159-Fvypk,Female,0,Yes,Yes,3,Yes,Yes,Dsl,No,Yes,Yes,No,Yes,No,Month-To-Month,Yes,Bank Transfer (Automatic),69.15,235,No
7032-Lmbhi,Female,0,No,No,37,Yes,Yes,Dsl,Yes,No,No,No,Yes,No,One Year,No,Bank Transfer (Automatic),64.65,2347.85,No
1150-Wfarn,Female,0,Yes,Yes,67,Yes,Yes,Fiber Optic,Yes,No,Yes,Yes,Yes,Yes,Two Year,Yes,Credit Card (Automatic),108.75,7156.2,Yes
6088-Bxmrg,Female,0,Yes,Yes,32,Yes,Yes,Fiber Optic,No,Yes,No,No,Yes,Yes,Month-To-Month,Yes,Electronic Check,98.85,3089.6,No
3144-Audbs,Female,0,Yes,No,6,Yes,No,Dsl,No,No,No,Yes,No,No,Month-To-Month,Yes,Electronic Check,49.15,270.8,Yes
4821-Sjhjv,Female,0,Yes,Yes,32,Yes,Yes,Fiber Optic,Yes,No,No,No,Yes,No,Month-To-Month,No,Electronic Check,89.6,2901.8,No
7346-Medwm,Female,0,No,No,59,Yes,Yes,Fiber Optic,No,Yes,Yes,No,No,No,Month-To-Month,Yes,Electronic Check,83.25,4949.1,No
1137-Dgowi,Female,0,Yes,No,30,Yes,No,Dsl,No,Yes,Yes,Yes,No,Yes,One Year,No,Bank Transfer (Automatic),70.25,2198.9,No
5616-Prtnt,Male,0,No,Yes,20,Yes,No,No,No Internet Service,No Internet Service,No Internet Service,No Internet Service,No Internet Service,No Internet Service,Month-To-Month,Yes,Electronic Check,19.4,374.5,Yes
3812-Lrzir,Female,0,Yes,Yes,27,Yes,Yes,No,No Internet Service,No Internet Service,No Internet Service,No Internet Service,No Internet Service,No Internet Service,Two Year,No,Electronic Check,24.5,761.95,No
4818-Qiufn,Female,1,No,No,20,Yes,Yes,Fiber Optic,Yes,No,No,No,No,No,Month-To-Month,Yes,Electronic Check,79.15,1520.9,Yes
9483-Gcpwe,Male,0,No,Yes,9,Yes,No,No,No Internet Service,No Internet Service,No Internet Service,No Internet Service,No Internet Service,No Internet Service,One Year,No,Mailed Check,20.1,190.25,No
4227-Ojhal,Female,0,Yes,Yes,68,Yes,Yes,Dsl,Yes,Yes,Yes,No,Yes,No,One Year,Yes,Credit Card (Automatic),73.0,5163,No
9220-Cxrsc,Female,0,Yes,Yes,69,Yes,Yes,Dsl,Yes,No,No,Yes,No,No,Two Year,No,Credit Card (Automatic),61.4,4059.85,No
4993-Jcrgj,Male,0,No,No,26,Yes,Yes,Fiber Optic,No,No,Yes,Yes,No,No,Month-To-Month,Yes,Mailed Check,84.3,2281.6,No
9537-Jalfh,Male,0,Yes,Yes,69,Yes,No,No,No Internet Service,No Internet Service,No Internet Service,No Internet Service,No Internet Service,No Internet Service,Two Year,No,Bank Transfer (Automatic),19.9,1356.7,No
6698-Oxetb,Male,0,No,No,11,Yes,No,No,No Internet Service,No Internet Service,No Internet Service,No Internet Service,No Internet Service,No Internet Service,Two Year,No,Mailed Check,20.4,231.45,No
2103-Zrxfn,Male,0,No,No,1,Yes,Yes,Dsl,No,No,No,No,No,No,Month-To-Month,No,Mailed Check,50.75,50.75,No
3724-Bscvh,Male,0,Yes,Yes,10,Yes,No,No,No Internet Service,No Internet Service,No Internet Service,No Internet Service,No Internet Service,No Internet Service,One Year,No,Mailed Check,20.45,242.4,No
4877-Tsoff,Female,0,Yes,Yes,55,Yes,Yes,Dsl,Yes,Yes,No,Yes,No,Yes,One Year,Yes,Bank Transfer (Automatic),75.75,4264.25,No
9209-Nwpgu,Male,0,No,No,44,Yes,No,Dsl,Yes,No,No,Yes,Yes,No,One Year,No,Electronic Check,65.4,2774.55,No
6961-Vcpmc,Male,1,Yes,No,46,Yes,No,Fiber Optic,No,No,No,No,No,Yes,Month-To-Month,Yes,Electronic Check,80.4,3605.2,Yes
7306-Ydsoi,Male,0,Yes,Yes,69,Yes,No,Dsl,Yes,Yes,Yes,No,No,No,Two Year,Yes,Bank Transfer (Automatic),59.75,4069.9,No
5288-Ahoup,Male,1,No,No,11,Yes,No,Fiber Optic,No,No,No,No,No,Yes,Month-To-Month,Yes,Electronic Check,78.5,874.2,No
6688-Uzpwd,Female,0,Yes,No,11,Yes,Yes,Fiber Optic,No,Yes,No,No,Yes,Yes,Month-To-Month,Yes,Electronic Check,102.0,1145.35,Yes
0655-Ydgfj,Male,0,No,No,29,Yes,No,Dsl,No,No,Yes,No,No,No,Month-To-Month,No,Bank Transfer (Automatic),48.95,1323.7,No
8468-Ehyja,Female,0,Yes,No,57,Yes,Yes,Fiber Optic,Yes,No,No,No,Yes,Yes,Month-To-Month,Yes,Electronic Check,99.65,5497.05,No
6823-Sidfq,Male,0,No,No,28,Yes,No,No,No Internet Service,No Internet Service,No Internet Service,No Internet Service,No Internet Service,No Internet Service,One Year,No,Credit Card (Automatic),18.25,534.7,No
1097-Fspvw,Female,0,No,No,42,Yes,No,Dsl,Yes,No,Yes,No,No,No,Month-To-Month,No,Credit Card (Automatic),54.55,2455.05,No
2839-Rfsqe,Female,0,No,No,2,Yes,No,No,No Internet Service,No Internet Service,No Internet Service,No Internet Service,No Internet Service,No Internet Service,Month-To-Month,No,Mailed Check,20.65,38.7,Yes
8328-Skjno,Male,0,No,Yes,23,No,No Phone Service,Dsl,Yes,Yes,No,Yes,No,No,One Year,No,Bank Transfer (Automatic),40.65,947.4,No
7010-Zmvbf,Female,0,Yes,Yes,18,Yes,No,No,No Internet Service,No Internet Service,No Internet Service,No Internet Service,No Internet Service,No Internet Service,Month-To-Month,No,Mailed Check,20.45,357,No
5201-Cbwyg,Male,0,Yes,Yes,62,Yes,Yes,No,No Internet Service,No Internet Service,No Internet Service,No Internet Service,No Internet Service,No Internet Service,One Year,No,Bank Transfer (Automatic),24.8,1476.25,No
0968-Gsikn,Female,0,No,No,1,Yes,No,Fiber Optic,No,No,No,No,No,No,Month-To-Month,Yes,Mailed Check,70.8,70.8,Yes
1965-Ddbwu,Male,0,No,No,16,Yes,Yes,Fiber Optic,No,No,No,Yes,No,Yes,Month-To-Month,Yes,Credit Card (Automatic),89.05,1448.6,Yes
9057-Sihch,Female,0,No,No,3,Yes,Yes,Fiber Optic,No,No,No,No,Yes,Yes,Month-To-Month,Yes,Electronic Check,96.6,291.9,Yes
6352-Giggq,Male,0,No,No,67,Yes,Yes,Dsl,Yes,Yes,Yes,Yes,Yes,Yes,One Year,Yes,Bank Transfer (Automatic),88.8,5903.15,No
3635-Qqrqd,Male,0,No,No,62,Yes,No,No,No Internet Service,No Internet Service,No Internet Service,No Internet Service,No Internet Service,No Internet Service,Two Year,Yes,Credit Card (Automatic),20.05,1201.65,No
6771-Xwbdm,Female,0,Yes,No,57,Yes,Yes,Fiber Optic,No,Yes,Yes,No,Yes,Yes,Month-To-Month,Yes,Credit Card (Automatic),104.5,5921.35,Yes
2897-Dovnd,Male,0,No,No,2,Yes,No,Fiber Optic,No,No,No,No,No,No,Month-To-Month,Yes,Electronic Check,69.8,146.65,No
3082-Yvekw,Female,0,Yes,Yes,23,Yes,Yes,Dsl,Yes,No,Yes,Yes,Yes,No,Two Year,Yes,Bank Transfer (Automatic),77.15,1759.4,No
0191-Equuh,Female,0,No,Yes,25,No,No Phone Service,Dsl,Yes,No,No,Yes,No,No,Two Year,No,Bank Transfer (Automatic),35.05,844.45,No
7134-Hbpbs,Female,1,No,No,72,Yes,Yes,Fiber Optic,No,Yes,Yes,Yes,Yes,Yes,Two Year,Yes,Bank Transfer (Automatic),108.1,7774.05,No
3489-Hhpfy,Female,0,Yes,No,2,Yes,Yes,Fiber Optic,No,No,No,No,Yes,No,Month-To-Month,Yes,Electronic Check,84.05,134.05,No
2926-Jejjc,Female,0,No,No,8,Yes,No,No,No Internet Service,No Internet Service,No Internet Service,No Internet Service,No Internet Service,No Internet Service,One Year,Yes,Bank Transfer (Automatic),20.2,140.95,No
8601-Qacrs,Female,0,No,No,5,Yes,Yes,Dsl,No,No,No,No,No,No,Month-To-Month,Yes,Mailed Check,50.6,249.95,Yes
4950-Bdeux,Male,0,No,No,35,No,No Phone Service,Dsl,No,No,Yes,No,Yes,Yes,Month-To-Month,No,Electronic Check,49.2,1701.65,No
5789-Ldfxo,Male,0,No,No,24,Yes,Yes,No,No Internet Service,No Internet Service,No Internet Service,No Internet Service,No Internet Service,No Internet Service,One Year,No,Electronic Check,24.6,592.65,No
0508-Oolto,Female,0,Yes,Yes,2,Yes,No,Fiber Optic,No,No,No,No,No,No,Month-To-Month,Yes,Electronic Check,71.65,135.75,No
2984-Tbyku,Male,0,Yes,Yes,72,Yes,Yes,Fiber Optic,Yes,Yes,Yes,Yes,No,Yes,Two Year,Yes,Credit Card (Automatic),104.9,7732.65,No
9822-Wmwvg,Female,0,No,No,41,Yes,Yes,Fiber Optic,Yes,Yes,Yes,Yes,Yes,No,Month-To-Month,Yes,Electronic Check,106.5,4282.4,No
2391-Soori,Male,0,No,Yes,4,Yes,No,Dsl,Yes,No,No,No,No,No,Month-To-Month,No,Electronic Check,49.35,219.65,Yes
9040-Kzvwo,Male,0,No,No,26,Yes,No,Fiber Optic,No,Yes,No,No,No,No,One Year,No,Bank Transfer (Automatic),75.5,2018.1,No
2645-Qtlmb,Male,0,No,No,7,Yes,No,Fiber Optic,No,Yes,No,No,Yes,Yes,Month-To-Month,Yes,Electronic Check,94.25,669,Yes
4806-Hipdw,Female,0,Yes,No,1,Yes,No,Fiber Optic,No,No,No,No,No,No,Month-To-Month,Yes,Electronic Check,68.95,68.95,Yes
1548-Aragg,Female,0,Yes,Yes,4,Yes,Yes,Dsl,No,Yes,No,Yes,No,No,Month-To-Month,Yes,Mailed Check,58.5,224.85,No
6339-Rzcbj,Male,0,No,No,48,Yes,No,Dsl,No,Yes,Yes,Yes,Yes,Yes,Two Year,No,Credit Card (Automatic),78.9,3771.5,No
4424-Tkopw,Male,1,No,No,2,Yes,Yes,Fiber Optic,No,No,No,No,Yes,Yes,Month-To-Month,Yes,Electronic Check,93.85,196.75,Yes
4415-Wngvr,Female,1,Yes,No,12,Yes,No,Dsl,Yes,No,Yes,Yes,Yes,Yes,One Year,Yes,Electronic Check,79.2,943.85,No
2522-Ahjxr,Male,0,Yes,No,60,Yes,Yes,Fiber Optic,Yes,No,Yes,Yes,Yes,Yes,Month-To-Month,Yes,Bank Transfer (Automatic),109.45,6572.85,No
0412-Uccnp,Male,0,No,No,55,Yes,No,Dsl,Yes,No,Yes,Yes,No,No,Two Year,Yes,Electronic Check,59.2,3175.85,No
1816-Flzdk,Male,0,No,No,1,No,No Phone Service,Dsl,No,No,No,Yes,No,No,Month-To-Month,No,Mailed Check,29.15,29.15,No
7096-Uclnh,Male,0,No,No,1,Yes,No,No,No Internet Service,No Internet Service,No Internet Service,No Internet Service,No Internet Service,No Internet Service,Month-To-Month,No,Mailed Check,20.05,20.05,No
8443-Zrdbz,Male,0,No,No,4,Yes,Yes,Fiber Optic,No,No,No,No,No,No,Month-To-Month,Yes,Electronic Check,76.05,318.9,Yes
9136-Alybr,Male,0,No,No,1,No,No Phone Service,Dsl,No,No,No,No,No,No,Month-To-Month,Yes,Mailed Check,24.45,24.45,Yes
4615-Pivvu,Female,0,No,No,42,Yes,No,Dsl,No,No,Yes,Yes,No,Yes,Two Year,No,Credit Card (Automatic),66.5,2762.75,No
8885-Qsqbx,Female,0,No,No,1,Yes,No,Dsl,Yes,No,No,No,No,No,Month-To-Month,No,Bank Transfer (Automatic),49.55,49.55,No
7479-Nitws,Male,0,No,No,7,Yes,Yes,Fiber Optic,No,No,Yes,No,Yes,No,Month-To-Month,Yes,Credit Card (Automatic),89.35,631.85,Yes
8617-Enbds,Male,0,No,No,3,Yes,No,Fiber Optic,No,No,Yes,No,No,No,Month-To-Month,Yes,Credit Card (Automatic),73.6,232.5,No
9385-Nxkda,Female,0,Yes,No,72,Yes,Yes,Dsl,Yes,Yes,Yes,No,Yes,Yes,Two Year,Yes,Credit Card (Automatic),82.65,5919.35,No
0430-Ihcdj,Male,0,No,No,15,Yes,Yes,Dsl,No,No,No,No,No,No,Month-To-Month,Yes,Electronic Check,49.0,749.25,No
2959-Mjhic,Male,0,Yes,No,4,Yes,No,Fiber Optic,No,No,No,No,Yes,No,Month-To-Month,Yes,Electronic Check,80.35,307.4,Yes
6674-Kvjhg,Female,0,No,No,11,Yes,Yes,No,No Internet Service,No Internet Service,No Internet Service,No Internet Service,No Internet Service,No Internet Service,One Year,No,Electronic Check,25.2,245.15,No
1814-Dkolc,Female,0,No,No,5,Yes,Yes,No,No Internet Service,No Internet Service,No Internet Service,No Internet Service,No Internet Service,No Internet Service,Month-To-Month,No,Mailed Check,25.45,134.75,No
4201-Jmngr,Female,1,No,No,1,Yes,No,Dsl,Yes,No,Yes,No,No,No,Month-To-Month,Yes,Electronic Check,55.8,55.8,Yes
9351-Hxdmr,Male,0,Yes,No,72,Yes,Yes,Fiber Optic,Yes,No,Yes,Yes,Yes,Yes,Two Year,Yes,Credit Card (Automatic),110.9,8240.85,No
3537-Hpkqt,Female,0,Yes,No,55,Yes,Yes,Fiber Optic,No,Yes,No,No,No,No,Month-To-Month,Yes,Credit Card (Automatic),77.75,4266.4,No
2129-Alkbs,Female,0,Yes,Yes,40,Yes,Yes,No,No Internet Service,No Internet Service,No Internet Service,No Internet Service,No Internet Service,No Internet Service,Month-To-Month,Yes,Electronic Check,26.2,1077.5,No
5821-Mmeil,Female,0,Yes,No,57,Yes,No,No,No Internet Service,No Internet Service,No Internet Service,No Internet Service,No Internet Service,No Internet Service,Two Year,No,Bank Transfer (Automatic),19.9,1115.6,No
5960-Wpxqm,Male,0,No,No,1,Yes,No,Fiber Optic,No,No,No,No,Yes,No,Month-To-Month,Yes,Electronic Check,79.05,79.05,Yes
0684-Aosih,Male,0,Yes,No,1,Yes,No,Fiber Optic,Yes,No,No,No,Yes,Yes,Month-To-Month,Yes,Electronic Check,95.0,95,Yes
8260-Ngfny,Female,0,No,No,1,No,No Phone Service,Dsl,No,No,No,No,No,No,Month-To-Month,No,Mailed Check,25.2,25.2,Yes
1309-Xgfsn,Male,1,Yes,Yes,52,Yes,Yes,Dsl,No,Yes,Yes,No,Yes,Yes,One Year,Yes,Electronic Check,80.85,4079.55,No
1866-Rzzqs,Male,1,No,No,41,Yes,Yes,Fiber Optic,No,No,Yes,No,Yes,Yes,Month-To-Month,Yes,Electronic Check,98.4,4187.75,Yes
6968-Urwqu,Male,0,Yes,No,43,Yes,No,Dsl,No,No,No,No,Yes,No,One Year,Yes,Mailed Check,56.35,2391.15,No
4742-Txuex,Female,0,Yes,Yes,47,Yes,No,No,No Internet Service,No Internet Service,No Internet Service,No Internet Service,No Internet Service,No Internet Service,Two Year,No,Bank Transfer (Automatic),19.3,890.5,No
9631-Xeyke,Male,0,No,No,3,Yes,Yes,Dsl,No,No,No,No,No,No,Month-To-Month,No,Bank Transfer (Automatic),50.4,137.25,No
8631-Nbhfz,Male,1,Yes,Yes,66,Yes,Yes,Dsl,Yes,Yes,Yes,Yes,Yes,No,Two Year,No,Credit Card (Automatic),79.4,5154.6,Yes
1335-Mxcse,Male,0,Yes,Yes,55,Yes,No,Dsl,No,No,Yes,Yes,No,No,Two Year,Yes,Credit Card (Automatic),55.25,3119.9,No
8873-Tmkgr,Male,0,No,No,29,Yes,No,No,No Internet Service,No Internet Service,No Internet Service,No Internet Service,No Internet Service,No Internet Service,One Year,No,Mailed Check,19.1,529.5,No
8800-Joocf,Female,0,No,Yes,12,Yes,Yes,Fiber Optic,No,No,No,No,Yes,No,Month-To-Month,Yes,Electronic Check,84.05,966.55,No
1469-Lbjqj,Female,0,Yes,No,66,Yes,Yes,Fiber Optic,No,Yes,Yes,No,Yes,Yes,Month-To-Month,Yes,Electronic Check,105.2,6936.85,No
4958-Xcbdq,Male,1,No,No,35,Yes,Yes,Fiber Optic,No,No,Yes,No,Yes,Yes,Month-To-Month,Yes,Electronic Check,101.4,3496.3,Yes
8337-Upoaq,Male,1,Yes,No,10,Yes,Yes,Fiber Optic,No,No,Yes,No,No,Yes,Month-To-Month,Yes,Electronic Check,89.8,914.3,Yes
0064-Yijgf,Male,0,Yes,Yes,27,Yes,Yes,Fiber Optic,No,No,No,No,No,No,Month-To-Month,Yes,Bank Transfer (Automatic),75.75,1929,No
2386-Owury,Female,0,No,No,58,Yes,No,Fiber Optic,No,No,No,Yes,Yes,Yes,Month-To-Month,Yes,Electronic Check,95.3,5817.7,No
1725-Iqniy,Male,0,Yes,No,54,Yes,No,Fiber Optic,Yes,Yes,Yes,Yes,Yes,Yes,Two Year,No,Bank Transfer (Automatic),109.75,6110.2,Yes
0310-Vqxam,Male,0,No,No,9,Yes,No,No,No Internet Service,No Internet Service,No Internet Service,No Internet Service,No Internet Service,No Internet Service,Month-To-Month,No,Mailed Check,19.85,178.8,No
6598-Rffvi,Male,0,No,No,2,Yes,No,No,No Internet Service,No Internet Service,No Internet Service,No Internet Service,No Internet Service,No Internet Service,One Year,No,Credit Card (Automatic),19.3,28.3,Yes
3453-Rthjq,Male,0,No,No,6,Yes,No,Fiber Optic,No,No,No,No,No,No,Month-To-Month,Yes,Electronic Check,69.1,435,No
6712-Oawrh,Female,1,No,No,26,Yes,No,Fiber Optic,No,No,No,No,Yes,Yes,Month-To-Month,Yes,Electronic Check,91.25,2351.8,Yes
6278-Fepbz,Female,0,No,No,9,Yes,No,No,No Internet Service,No Internet Service,No Internet Service,No Internet Service,No Internet Service,No Internet Service,Month-To-Month,No,Mailed Check,20.25,186.15,No
4280-Dlshd,Male,0,Yes,No,8,Yes,No,Dsl,No,Yes,Yes,No,No,No,Month-To-Month,Yes,Mailed Check,54.75,445.85,No
1508-Dfxcu,Male,0,No,No,12,Yes,No,Fiber Optic,No,No,No,No,Yes,No,Month-To-Month,Yes,Electronic Check,81.45,912,No
8614-Vgmmv,Female,0,No,No,15,Yes,Yes,Dsl,No,No,No,No,No,No,Month-To-Month,Yes,Electronic Check,49.1,679.55,Yes
7868-Bgsza,Male,0,Yes,No,43,Yes,Yes,Dsl,Yes,No,Yes,No,Yes,Yes,One Year,Yes,Electronic Check,80.2,3581.6,No
2800-Qquso,Male,0,No,No,42,Yes,Yes,Fiber Optic,No,No,No,Yes,Yes,Yes,Month-To-Month,Yes,Electronic Check,100.3,4222.95,No
2930-Uotmb,Female,0,No,No,31,Yes,Yes,Dsl,Yes,No,Yes,Yes,No,No,Month-To-Month,No,Credit Card (Automatic),65.25,1994.3,Yes
7973-Dzrkh,Female,0,No,Yes,66,Yes,Yes,Fiber Optic,Yes,No,Yes,Yes,No,No,Two Year,Yes,Credit Card (Automatic),90.95,5930.05,No
5914-Dvbwj,Female,1,No,No,18,Yes,Yes,Fiber Optic,No,Yes,No,Yes,No,No,Month-To-Month,Yes,Electronic Check,85.45,1505.85,Yes
7698-Yfgez,Male,0,No,No,1,Yes,No,No,No Internet Service,No Internet Service,No Internet Service,No Internet Service,No Internet Service,No Internet Service,Month-To-Month,No,Mailed Check,20.0,20,No
2533-Qvmsk,Male,0,Yes,No,61,Yes,Yes,Fiber Optic,No,Yes,No,Yes,Yes,No,Two Year,Yes,Electronic Check,94.1,5638.3,Yes
9773-Peqbz,Male,0,No,No,10,Yes,Yes,Fiber Optic,No,Yes,No,No,No,No,Month-To-Month,No,Electronic Check,79.85,797.25,No
8644-Xlfbw,Male,1,No,No,1,Yes,No,Fiber Optic,No,No,No,No,No,No,Month-To-Month,Yes,Electronic Check,71.65,71.65,Yes
0650-Bwozn,Female,1,No,No,18,Yes,No,Fiber Optic,No,Yes,No,No,No,No,Month-To-Month,Yes,Electronic Check,73.55,1359.45,No
8625-Azyzy,Male,0,Yes,No,24,Yes,Yes,Fiber Optic,No,Yes,Yes,No,Yes,Yes,Month-To-Month,Yes,Electronic Check,104.65,2542.45,Yes
7785-Rdvig,Female,0,Yes,Yes,3,Yes,No,No,No Internet Service,No Internet Service,No Internet Service,No Internet Service,No Internet Service,No Internet Service,Month-To-Month,No,Mailed Check,19.3,54.7,No
9602-Wcxpi,Male,0,No,No,50,Yes,No,No,No Internet Service,No Internet Service,No Internet Service,No Internet Service,No Internet Service,No Internet Service,One Year,No,Credit Card (Automatic),20.15,989.05,No
2903-Yytbw,Male,0,Yes,Yes,1,Yes,No,Dsl,No,No,No,No,No,No,Month-To-Month,No,Electronic Check,44.55,44.55,No
3620-Mwjne,Male,0,No,No,2,Yes,No,Dsl,Yes,No,No,Yes,No,No,Month-To-Month,Yes,Mailed Check,54.45,87.3,No
8573-Jgczw,Male,0,No,No,17,Yes,No,No,No Internet Service,No Internet Service,No Internet Service,No Internet Service,No Internet Service,No Internet Service,One Year,Yes,Bank Transfer (Automatic),19.65,351.55,No
6837-Haevo,Male,0,Yes,Yes,69,Yes,Yes,Fiber Optic,No,Yes,Yes,No,Yes,Yes,Two Year,Yes,Electronic Check,105.0,7297.75,No
6701-Yvnqg,Male,0,Yes,No,72,Yes,Yes,Dsl,Yes,Yes,Yes,Yes,Yes,Yes,Two Year,Yes,Credit Card (Automatic),88.7,6301.7,No
9306-Cpcbc,Female,0,No,No,3,Yes,Yes,Fiber Optic,No,No,No,No,No,No,Month-To-Month,Yes,Electronic Check,74.25,210.3,Yes
4304-Xumgi,Male,1,Yes,Yes,50,Yes,Yes,Dsl,Yes,Yes,Yes,No,No,Yes,Two Year,Yes,Bank Transfer (Automatic),75.15,3822.45,No
9504-Yazwb,Female,0,No,No,53,Yes,No,No,No Internet Service,No Internet Service,No Internet Service,No Internet Service,No Internet Service,No Internet Service,Two Year,No,Mailed Check,20.25,1048.45,No
8819-Zbyna,Female,0,Yes,No,58,Yes,Yes,Fiber Optic,Yes,Yes,No,Yes,Yes,Yes,Two Year,Yes,Credit Card (Automatic),109.1,6393.65,No
6174-Nrbtz,Male,0,No,No,46,No,No Phone Service,Dsl,Yes,No,No,No,No,No,One Year,Yes,Bank Transfer (Automatic),30.75,1489.3,No
9481-Iebzy,Male,1,Yes,No,72,Yes,Yes,Fiber Optic,Yes,Yes,Yes,Yes,Yes,Yes,Month-To-Month,Yes,Credit Card (Automatic),112.9,8061.5,No
1833-Vgrum,Female,1,No,No,1,Yes,Yes,Fiber Optic,No,No,No,No,No,No,Month-To-Month,Yes,Electronic Check,74.2,74.2,Yes
6137-Nicco,Female,0,Yes,Yes,6,Yes,Yes,Fiber Optic,No,Yes,Yes,No,Yes,No,Month-To-Month,Yes,Mailed Check,94.05,518.75,No
9065-Zcpqx,Male,0,Yes,No,72,Yes,Yes,Dsl,Yes,Yes,Yes,Yes,No,Yes,Two Year,No,Bank Transfer (Automatic),78.85,5763.15,No
6402-Ejmwf,Male,0,No,No,4,Yes,No,Dsl,No,No,No,No,No,Yes,Month-To-Month,Yes,Mailed Check,55.3,238.5,No
3620-Ehimz,Female,0,Yes,Yes,52,Yes,No,No,No Internet Service,No Internet Service,No Internet Service,No Internet Service,No Internet Service,No Internet Service,Two Year,No,Mailed Check,19.35,1031.7,No
3213-Vvolg,Male,0,Yes,Yes,0,Yes,Yes,No,No Internet Service,No Internet Service,No Internet Service,No Internet Service,No Internet Service,No Internet Service,Two Year,No,Mailed Check,25.35,,No
6870-Ecshe,Female,0,No,No,2,Yes,No,No,No Internet Service,No Internet Service,No Internet Service,No Internet Service,No Internet Service,No Internet Service,One Year,No,Mailed Check,20.45,34.8,No
8747-Udcoi,Female,0,Yes,No,65,Yes,No,No,No Internet Service,No Internet Service,No Internet Service,No Internet Service,No Internet Service,No Internet Service,Two Year,No,Bank Transfer (Automatic),19.35,1319.95,No
8374-Xgejj,Male,1,Yes,No,43,Yes,Yes,Fiber Optic,No,Yes,No,No,Yes,Yes,Month-To-Month,Yes,Electronic Check,101.0,4388.4,Yes
2656-Tabeh,Male,0,Yes,No,4,Yes,Yes,Fiber Optic,No,Yes,No,No,Yes,Yes,Month-To-Month,Yes,Electronic Check,100.2,420.2,Yes
6946-Lmsqs,Male,1,Yes,No,25,Yes,Yes,Fiber Optic,Yes,No,No,No,No,Yes,One Year,Yes,Electronic Check,89.05,2177.45,Yes
4626-Ozdtj,Female,0,Yes,No,51,Yes,Yes,Dsl,No,Yes,No,Yes,Yes,Yes,One Year,Yes,Credit Card (Automatic),78.65,3950.85,No
9169-Bsvin,Male,0,No,No,12,Yes,Yes,Dsl,No,No,Yes,No,Yes,Yes,Month-To-Month,No,Bank Transfer (Automatic),74.75,827.05,No
2325-Zusfd,Female,0,Yes,Yes,57,Yes,No,Dsl,Yes,No,No,No,Yes,Yes,One Year,Yes,Bank Transfer (Automatic),70.1,3913.3,Yes
8194-Peeby,Female,0,Yes,Yes,24,Yes,No,No,No Internet Service,No Internet Service,No Internet Service,No Internet Service,No Internet Service,No Internet Service,One Year,No,Mailed Check,19.9,533.5,No
6872-Hxfnf,Female,0,Yes,No,64,Yes,Yes,Dsl,No,No,Yes,Yes,No,No,One Year,No,Bank Transfer (Automatic),58.35,3756.45,No
3932-Cmdtd,Female,0,No,No,4,Yes,No,Fiber Optic,No,Yes,Yes,Yes,Yes,Yes,One Year,Yes,Electronic Check,105.65,443.9,Yes
7714-Yxsmb,Female,0,No,No,26,Yes,Yes,Fiber Optic,No,No,Yes,No,Yes,Yes,Month-To-Month,Yes,Bank Transfer (Automatic),100.5,2599.95,No
8387-Ugusu,Female,0,Yes,Yes,15,Yes,No,No,No Internet Service,No Internet Service,No Internet Service,No Internet Service,No Internet Service,No Internet Service,Month-To-Month,No,Mailed Check,20.05,284.3,No
1080-Bwsye,Male,1,Yes,No,64,Yes,Yes,No,No Internet Service,No Internet Service,No Internet Service,No Internet Service,No Internet Service,No Internet Service,Two Year,No,Credit Card (Automatic),25.65,1740.8,No
4039-Heunw,Male,1,Yes,No,36,Yes,Yes,Fiber Optic,No,Yes,No,No,Yes,Yes,Month-To-Month,Yes,Electronic Check,96.5,3436.1,Yes
1194-Hvaif,Female,0,Yes,No,27,Yes,Yes,Fiber Optic,No,No,No,No,Yes,Yes,Month-To-Month,No,Credit Card (Automatic),95.0,2462.55,No
0812-Wuptb,Male,1,Yes,No,1,Yes,No,Fiber Optic,No,No,No,No,No,No,Month-To-Month,No,Mailed Check,70.85,70.85,Yes
3594-Uvona,Female,0,No,No,35,Yes,Yes,Dsl,Yes,No,Yes,Yes,Yes,Yes,One Year,Yes,Credit Card (Automatic),85.95,3110.1,Yes
0004-Tlhlj,Male,0,No,No,4,Yes,No,Fiber Optic,No,No,Yes,No,No,No,Month-To-Month,Yes,Electronic Check,73.9,280.85,Yes
1767-Tgtko,Female,0,Yes,Yes,8,Yes,No,Dsl,No,No,No,No,No,No,Month-To-Month,Yes,Electronic Check,45.45,411.75,No
8439-Ltugf,Male,0,No,No,10,Yes,No,No,No Internet Service,No Internet Service,No Internet Service,No Internet Service,No Internet Service,No Internet Service,Month-To-Month,Yes,Credit Card (Automatic),20.0,198.6,No
8805-Jnraz,Female,0,No,No,2,Yes,No,Dsl,No,Yes,No,No,No,No,Month-To-Month,No,Mailed Check,49.2,103.7,No
5089-Ifsdp,Female,0,Yes,No,58,Yes,Yes,Fiber Optic,Yes,Yes,Yes,No,Yes,Yes,Two Year,Yes,Bank Transfer (Automatic),109.45,6144.55,Yes
6418-Hnfed,Male,0,Yes,No,51,Yes,No,Dsl,Yes,Yes,Yes,Yes,Yes,Yes,Two Year,Yes,Credit Card (Automatic),83.25,4089.45,No
0206-Oyvoc,Female,0,Yes,Yes,46,Yes,No,No,No Internet Service,No Internet Service,No Internet Service,No Internet Service,No Internet Service,No Internet Service,Two Year,Yes,Mailed Check,19.25,864.2,No
7291-Cdtmj,Male,0,No,No,1,Yes,No,No,No Internet Service,No Internet Service,No Internet Service,No Internet Service,No Internet Service,No Internet Service,Month-To-Month,Yes,Bank Transfer (Automatic),19.65,19.65,No
7128-Ggcno,Male,0,No,No,46,Yes,Yes,Fiber Optic,No,No,No,No,No,No,Month-To-Month,No,Bank Transfer (Automatic),72.8,3249.4,No
0237-Yfutl,Female,0,Yes,No,50,Yes,Yes,Fiber Optic,Yes,Yes,No,Yes,Yes,Yes,Month-To-Month,Yes,Bank Transfer (Automatic),109.65,5405.8,No
7691-Kgkgp,Male,0,Yes,Yes,53,Yes,No,Dsl,No,Yes,No,Yes,Yes,No,Month-To-Month,No,Credit Card (Automatic),65.0,3363.8,No
6710-Hsjrd,Male,0,Yes,No,61,Yes,Yes,Fiber Optic,No,Yes,Yes,Yes,Yes,Yes,Month-To-Month,Yes,Electronic Check,114.1,7132.15,No
3675-Eqoza,Male,0,No,No,5,Yes,No,No,No Internet Service,No Internet Service,No Internet Service,No Internet Service,No Internet Service,No Internet Service,Month-To-Month,No,Bank Transfer (Automatic),20.65,93.55,No
0840-Dcnze,Male,0,No,No,47,Yes,No,Dsl,Yes,Yes,Yes,Yes,Yes,Yes,One Year,Yes,Bank Transfer (Automatic),86.95,4138.9,No
1732-Fekld,Female,0,No,No,54,Yes,Yes,Fiber Optic,No,Yes,Yes,No,Yes,No,One Year,Yes,Bank Transfer (Automatic),94.75,5121.75,No
9862-Kjtyk,Male,0,No,Yes,19,No,No Phone Service,Dsl,No,No,No,No,No,No,Month-To-Month,Yes,Credit Card (Automatic),25.35,566.1,No
0479-Hmswa,Female,0,No,Yes,26,Yes,No,Fiber Optic,No,Yes,Yes,Yes,Yes,Yes,Two Year,Yes,Electronic Check,105.45,2715.3,No
5854-Ksrbj,Male,0,Yes,Yes,70,Yes,Yes,No,No Internet Service,No Internet Service,No Internet Service,No Internet Service,No Internet Service,No Internet Service,Two Year,No,Mailed Check,25.4,1782.05,No
0365-Bzuwy,Male,0,Yes,No,17,Yes,Yes,Fiber Optic,No,Yes,Yes,No,Yes,Yes,Month-To-Month,Yes,Electronic Check,102.55,1742.5,No
4817-Vyyws,Female,0,No,No,30,Yes,Yes,Fiber Optic,No,Yes,No,No,Yes,Yes,Month-To-Month,Yes,Electronic Check,100.2,2983.8,Yes
5701-Svcwr,Female,0,No,Yes,1,Yes,Yes,No,No Internet Service,No Internet Service,No Internet Service,No Internet Service,No Internet Service,No Internet Service,Month-To-Month,No,Mailed Check,24.0,24,No
3129-Aaqou,Female,0,Yes,Yes,19,Yes,Yes,No,No Internet Service,No Internet Service,No Internet Service,No Internet Service,No Internet Service,No Internet Service,Two Year,No,Mailed Check,25.6,485.9,No
4922-Cvpdx,Female,0,Yes,No,26,Yes,No,Dsl,No,Yes,Yes,No,Yes,Yes,Two Year,Yes,Credit Card (Automatic),73.5,1905.7,No
1396-Qwfbj,Female,0,Yes,Yes,21,Yes,No,Fiber Optic,No,Yes,No,No,No,No,Month-To-Month,Yes,Bank Transfer (Automatic),74.05,1565.7,Yes
1357-Bijki,Male,0,Yes,No,50,Yes,Yes,Fiber Optic,No,Yes,No,No,Yes,Yes,One Year,Yes,Electronic Check,98.25,4858.7,No
1099-Btkwt,Female,0,Yes,No,68,No,No Phone Service,Dsl,Yes,No,Yes,No,Yes,Yes,One Year,Yes,Electronic Check,54.4,3723.65,No
5299-Sjczt,Male,0,No,No,3,Yes,Yes,Fiber Optic,No,No,Yes,No,Yes,Yes,Month-To-Month,Yes,Bank Transfer (Automatic),101.55,298.35,Yes
2018-Pzkmu,Male,0,Yes,Yes,9,Yes,No,Fiber Optic,No,No,Yes,Yes,Yes,Yes,Month-To-Month,No,Electronic Check,103.1,970.45,No
7340-Kefqe,Female,0,Yes,Yes,51,No,No Phone Service,Dsl,Yes,No,No,Yes,No,No,Two Year,No,Bank Transfer (Automatic),34.2,1782,No
4570-Qhxhl,Female,0,No,No,9,Yes,No,Dsl,No,No,No,No,No,No,Month-To-Month,Yes,Electronic Check,43.75,405.7,No
2403-Bcasl,Male,1,Yes,Yes,41,Yes,Yes,Fiber Optic,No,Yes,Yes,Yes,Yes,Yes,One Year,Yes,Electronic Check,111.95,4534.9,Yes
7392-Yypyj,Male,0,No,No,22,Yes,Yes,Fiber Optic,No,Yes,No,No,Yes,Yes,Month-To-Month,Yes,Electronic Check,100.65,2415.95,No
2898-Lsjgd,Female,0,Yes,Yes,21,No,No Phone Service,Dsl,Yes,No,Yes,No,Yes,Yes,One Year,Yes,Electronic Check,55.95,1157.05,Yes
2223-Gdshl,Male,0,Yes,Yes,71,Yes,Yes,Fiber Optic,Yes,Yes,Yes,Yes,Yes,Yes,Two Year,Yes,Bank Transfer (Automatic),116.05,8297.5,No
7359-Ptsxy,Male,0,No,No,1,Yes,No,Dsl,No,No,No,No,No,No,Month-To-Month,No,Electronic Check,45.75,45.75,Yes
9470-Rtwdv,Male,0,Yes,Yes,26,Yes,Yes,Dsl,No,No,Yes,Yes,Yes,Yes,One Year,Yes,Credit Card (Automatic),82.0,2083.1,No
2176-Osjuv,Male,0,Yes,No,71,Yes,Yes,Dsl,Yes,Yes,No,Yes,No,No,Two Year,No,Bank Transfer (Automatic),65.15,4681.75,No
9348-Yvomk,Male,0,No,No,4,Yes,No,Dsl,No,No,No,No,No,No,Month-To-Month,Yes,Credit Card (Automatic),44.8,176.2,No
8104-Oskwt,Female,0,No,No,12,Yes,Yes,Fiber Optic,Yes,No,No,No,No,No,Month-To-Month,Yes,Electronic Check,79.8,1001.2,No
4521-Yeehe,Female,0,Yes,No,18,Yes,Yes,Fiber Optic,No,No,No,Yes,Yes,No,Month-To-Month,Yes,Electronic Check,88.85,1594.75,No
4090-Kpjip,Female,0,No,No,3,Yes,Yes,Fiber Optic,No,No,No,No,No,No,Month-To-Month,Yes,Electronic Check,74.95,212.4,No
3786-Wovkf,Female,1,Yes,No,72,Yes,Yes,Fiber Optic,Yes,Yes,No,No,Yes,Yes,One Year,Yes,Bank Transfer (Automatic),106.85,7677.4,No
4503-Bdxbd,Male,0,No,No,11,Yes,No,Fiber Optic,No,Yes,No,No,No,No,Month-To-Month,No,Electronic Check,74.95,815.5,Yes
6086-Esgrl,Female,0,No,No,1,Yes,No,Fiber Optic,No,No,No,No,No,Yes,Month-To-Month,No,Credit Card (Automatic),80.15,80.15,Yes
2592-Hodov,Male,0,No,No,13,Yes,No,No,No Internet Service,No Internet Service,No Internet Service,No Internet Service,No Internet Service,No Internet Service,One Year,No,Credit Card (Automatic),19.3,259.65,No
3886-Certz,Female,0,Yes,No,72,Yes,Yes,Fiber Optic,No,Yes,Yes,Yes,Yes,Yes,One Year,Yes,Electronic Check,109.25,8109.8,Yes
7995-Zhhnz,Male,0,Yes,No,42,Yes,Yes,Dsl,Yes,No,No,No,No,No,One Year,No,Credit Card (Automatic),56.1,2386.85,No
3824-Rhkvr,Female,0,No,No,17,Yes,No,No,No Internet Service,No Internet Service,No Internet Service,No Internet Service,No Internet Service,No Internet Service,Month-To-Month,No,Credit Card (Automatic),19.7,340.35,No
5816-Scgfc,Female,1,No,No,7,Yes,No,Dsl,No,Yes,No,No,No,No,Month-To-Month,Yes,Mailed Check,51.3,419.35,No
5989-Axpuc,Female,0,Yes,No,68,Yes,Yes,Fiber Optic,Yes,Yes,Yes,Yes,Yes,Yes,Two Year,No,Mailed Check,118.6,7990.05,No
4979-Hprfl,Male,0,Yes,Yes,56,Yes,Yes,No,No Internet Service,No Internet Service,No Internet Service,No Internet Service,No Internet Service,No Internet Service,Two Year,No,Bank Transfer (Automatic),24.15,1402.25,No
8590-Ohdiw,Female,0,Yes,Yes,38,Yes,No,No,No Internet Service,No Internet Service,No Internet Service,No Internet Service,No Internet Service,No Internet Service,One Year,No,Mailed Check,20.3,749.35,No
8015-Ihcgw,Female,0,Yes,Yes,72,Yes,Yes,Fiber Optic,Yes,Yes,Yes,Yes,Yes,Yes,Two Year,Yes,Electronic Check,115.5,8425.15,No
2332-Todqs,Female,0,No,No,48,Yes,Yes,No,No Internet Service,No Internet Service,No Internet Service,No Internet Service,No Internet Service,No Internet Service,One Year,No,Credit Card (Automatic),25.05,1171.5,No
9278-Vzkcd,Female,1,Yes,No,52,Yes,Yes,Fiber Optic,Yes,Yes,Yes,No,Yes,Yes,Month-To-Month,Yes,Electronic Check,109.1,5647.95,No
8008-Otezx,Female,0,Yes,Yes,35,Yes,No,No,No Internet Service,No Internet Service,No Internet Service,No Internet Service,No Internet Service,No Internet Service,One Year,No,Mailed Check,19.65,708.8,No
2773-Ovbpk,Male,0,Yes,No,67,Yes,Yes,Fiber Optic,No,Yes,Yes,Yes,Yes,Yes,Two Year,Yes,Bank Transfer (Automatic),111.3,7567.2,No
5999-Lcxao,Female,0,No,No,1,No,No Phone Service,Dsl,Yes,No,No,No,No,No,Month-To-Month,No,Mailed Check,29.9,29.9,No
5206-Xzzqi,Male,0,No,No,53,Yes,No,Fiber Optic,No,Yes,No,Yes,No,No,Month-To-Month,Yes,Mailed Check,80.6,4348.1,No
4803-Lbypn,Male,0,Yes,Yes,34,Yes,No,No,No Internet Service,No Internet Service,No Internet Service,No Internet Service,No Internet Service,No Internet Service,Month-To-Month,No,Mailed Check,20.8,635.9,No
5759-Rcvcb,Female,0,No,No,3,No,No Phone Service,Dsl,No,No,No,No,Yes,No,Month-To-Month,No,Credit Card (Automatic),35.2,108.95,Yes
6372-Rfvns,Female,0,Yes,No,1,Yes,No,Fiber Optic,No,No,No,No,Yes,No,Month-To-Month,No,Electronic Check,78.8,78.8,Yes
2139-Fqhlm,Male,0,No,No,19,Yes,No,Fiber Optic,No,No,Yes,Yes,Yes,No,Month-To-Month,No,Mailed Check,89.95,1682.4,No
8261-Gwdbq,Female,1,Yes,No,60,Yes,Yes,Fiber Optic,Yes,Yes,Yes,Yes,Yes,Yes,Two Year,Yes,Bank Transfer (Automatic),116.05,6925.9,No
1093-Yswca,Male,0,No,No,11,Yes,No,No,No Internet Service,No Internet Service,No Internet Service,No Internet Service,No Internet Service,No Internet Service,Two Year,No,Credit Card (Automatic),19.55,223.15,No
8938-Umkpi,Female,0,No,No,47,Yes,Yes,Fiber Optic,No,Yes,Yes,No,Yes,Yes,Month-To-Month,Yes,Electronic Check,106.4,5127.95,Yes
0991-Brrfb,Male,0,No,No,18,Yes,No,Dsl,Yes,No,No,No,No,No,Month-To-Month,No,Electronic Check,49.4,874.8,Yes
3882-Iyoij,Female,0,Yes,Yes,60,Yes,Yes,Fiber Optic,Yes,Yes,Yes,Yes,Yes,Yes,Two Year,No,Credit Card (Automatic),115.25,6758.45,No
8749-Tzyec,Male,0,Yes,No,72,Yes,Yes,No,No Internet Service,No Internet Service,No Internet Service,No Internet Service,No Internet Service,No Internet Service,Two Year,No,Credit Card (Automatic),24.8,1874.3,No
1755-Fzqec,Male,0,No,No,39,Yes,No,No,No Internet Service,No Internet Service,No Internet Service,No Internet Service,No Internet Service,No Internet Service,One Year,No,Mailed Check,19.9,791.15,No
3115-Jpjdd,Female,0,Yes,No,59,Yes,No,Fiber Optic,Yes,No,Yes,No,No,No,One Year,Yes,Credit Card (Automatic),81.25,4639.45,No
5600-Ktxfm,Male,0,Yes,Yes,2,Yes,No,Fiber Optic,No,No,No,No,No,No,Month-To-Month,No,Mailed Check,69.95,143.9,No
3871-Ikpyh,Male,1,No,No,1,Yes,No,Fiber Optic,No,No,No,No,No,No,Month-To-Month,No,Electronic Check,69.1,69.1,Yes
6319-Iejwj,Male,0,Yes,Yes,20,Yes,No,Fiber Optic,No,No,No,No,Yes,Yes,Month-To-Month,Yes,Electronic Check,90.2,1776.55,Yes
9025-Aomki,Female,0,No,No,6,Yes,Yes,Fiber Optic,No,No,No,No,Yes,Yes,Month-To-Month,Yes,Bank Transfer (Automatic),93.55,536.4,Yes
6339-Tbelp,Male,0,No,No,71,Yes,Yes,Fiber Optic,No,No,Yes,Yes,No,No,Two Year,Yes,Credit Card (Automatic),86.4,6172,No
7964-Yesjc,Female,0,Yes,No,24,Yes,Yes,Dsl,Yes,Yes,Yes,No,No,No,Month-To-Month,No,Mailed Check,66.3,1559.45,No
6173-Golsu,Male,1,Yes,No,67,Yes,Yes,Fiber Optic,No,No,No,No,Yes,Yes,Month-To-Month,Yes,Credit Card (Automatic),94.65,6079,No
5275-Sqeiz,Male,0,No,No,1,Yes,No,Fiber Optic,No,No,No,No,No,Yes,Month-To-Month,Yes,Mailed Check,80.85,80.85,Yes
7716-Ytyhg,Female,0,Yes,Yes,48,Yes,Yes,Fiber Optic,No,No,No,No,No,Yes,One Year,Yes,Mailed Check,82.05,4029.95,Yes
9938-Zrehm,Female,0,Yes,No,37,Yes,Yes,Dsl,No,Yes,No,Yes,No,Yes,One Year,No,Mailed Check,72.1,2658.4,No
7950-Xwovn,Male,0,No,No,11,No,No Phone Service,Dsl,No,Yes,Yes,No,No,No,Month-To-Month,No,Mailed Check,34.7,383.55,No
4390-Kyulv,Male,0,Yes,No,3,Yes,No,No,No Internet Service,No Internet Service,No Internet Service,No Internet Service,No Internet Service,No Internet Service,Month-To-Month,Yes,Credit Card (Automatic),20.55,51.15,Yes
4647-Muzon,Female,0,Yes,No,18,Yes,No,Fiber Optic,No,No,Yes,No,Yes,Yes,Month-To-Month,Yes,Credit Card (Automatic),95.95,1745.5,No
9702-Aiujo,Male,0,Yes,Yes,50,Yes,No,Dsl,No,No,No,No,No,No,One Year,Yes,Bank Transfer (Automatic),44.8,2230.85,No
8849-Priqj,Female,0,Yes,Yes,67,Yes,Yes,Fiber Optic,Yes,No,Yes,Yes,Yes,Yes,One Year,Yes,Electronic Check,109.4,7281.6,No
8851-Ragov,Female,0,Yes,No,25,Yes,No,Dsl,Yes,Yes,No,Yes,No,Yes,Month-To-Month,Yes,Mailed Check,71.05,1837.7,No
1304-Necvq,Female,1,No,No,2,Yes,Yes,Fiber Optic,No,No,Yes,No,No,No,Month-To-Month,Yes,Electronic Check,78.55,149.55,Yes
5396-Izepb,Male,0,No,No,9,Yes,No,No,No Internet Service,No Internet Service,No Internet Service,No Internet Service,No Internet Service,No Internet Service,Month-To-Month,No,Credit Card (Automatic),19.7,180.7,No
1729-Vlazj,Female,0,No,Yes,10,No,No Phone Service,Dsl,Yes,Yes,No,Yes,No,No,One Year,No,Mailed Check,40.25,411.45,No
8285-Abvlb,Female,0,Yes,No,70,Yes,No,No,No Internet Service,No Internet Service,No Internet Service,No Internet Service,No Internet Service,No Internet Service,Two Year,No,Credit Card (Automatic),19.85,1328.35,No
0701-Tjsef,Male,0,No,No,9,Yes,No,Dsl,Yes,No,Yes,Yes,No,Yes,Month-To-Month,Yes,Bank Transfer (Automatic),68.25,576.95,No
5712-Vboxd,Female,0,No,No,4,Yes,No,No,No Internet Service,No Internet Service,No Internet Service,No Internet Service,No Internet Service,No Internet Service,Month-To-Month,Yes,Credit Card (Automatic),20.15,68.45,No
6629-Ladhq,Female,0,No,No,2,Yes,No,Dsl,Yes,No,No,No,No,No,Month-To-Month,No,Mailed Check,50.95,123.05,No
8945-Grkhx,Female,0,No,Yes,1,Yes,No,Fiber Optic,No,No,No,No,No,Yes,Month-To-Month,No,Electronic Check,78.65,78.65,Yes
1559-Dtodc,Male,0,No,No,19,No,No Phone Service,Dsl,No,No,No,No,No,No,Month-To-Month,Yes,Bank Transfer (Automatic),25.15,468.35,No
4797-Miwum,Male,0,Yes,Yes,7,Yes,No,No,No Internet Service,No Internet Service,No Internet Service,No Internet Service,No Internet Service,No Internet Service,Month-To-Month,Yes,Bank Transfer (Automatic),20.25,174.7,No
6959-Uwkhf,Male,0,No,No,1,Yes,No,Dsl,No,No,No,No,No,No,Month-To-Month,Yes,Electronic Check,42.9,42.9,Yes
8720-Rqsbj,Male,1,No,No,1,Yes,No,Dsl,No,No,No,No,No,No,Month-To-Month,No,Electronic Check,44.0,44,No
4537-Cibhb,Female,0,Yes,Yes,9,Yes,No,No,No Internet Service,No Internet Service,No Internet Service,No Internet Service,No Internet Service,No Internet Service,One Year,No,Mailed Check,20.25,172.35,No
3815-Slmef,Female,0,No,No,3,No,No Phone Service,Dsl,Yes,No,No,Yes,No,No,Month-To-Month,No,Mailed Check,34.25,139.35,Yes
5154-Vekbl,Female,0,No,No,9,No,No Phone Service,Dsl,Yes,No,Yes,Yes,Yes,Yes,Month-To-Month,No,Mailed Check,58.5,539.85,Yes
4324-Ahjks,Female,0,No,No,5,Yes,No,Dsl,Yes,No,Yes,No,No,No,Month-To-Month,No,Credit Card (Automatic),55.8,300.4,No
4355-Cvpvs,Female,0,Yes,Yes,56,Yes,No,Fiber Optic,No,No,No,No,Yes,Yes,One Year,No,Bank Transfer (Automatic),88.9,4968,No
4495-Lhssk,Female,0,No,Yes,18,Yes,Yes,Dsl,Yes,No,No,No,No,No,Month-To-Month,No,Mailed Check,57.65,992.7,No
5655-Jsmzm,Male,1,No,No,49,Yes,Yes,Fiber Optic,No,No,No,No,Yes,Yes,Month-To-Month,Yes,Electronic Check,96.2,4718.25,Yes
5915-Anoei,Male,0,Yes,No,70,Yes,Yes,Dsl,Yes,Yes,Yes,Yes,Yes,No,Two Year,No,Mailed Check,79.15,5536.5,No
9861-Pdszp,Female,0,No,No,72,Yes,Yes,Fiber Optic,No,Yes,Yes,Yes,Yes,Yes,Two Year,Yes,Credit Card (Automatic),108.05,7806.6,No
4505-Exzhb,Female,1,No,No,6,Yes,No,Fiber Optic,No,No,Yes,No,No,No,Month-To-Month,No,Electronic Check,74.4,434.1,Yes
7225-Cbzpl,Male,1,Yes,No,17,Yes,Yes,Fiber Optic,No,No,No,No,Yes,Yes,Month-To-Month,Yes,Electronic Check,94.8,1563.9,No
6704-Utukk,Male,0,Yes,No,29,No,No Phone Service,Dsl,No,No,No,No,Yes,Yes,Month-To-Month,Yes,Electronic Check,45.9,1332.4,No
4587-Vvtox,Female,0,Yes,No,6,Yes,Yes,Fiber Optic,No,Yes,Yes,No,Yes,Yes,Month-To-Month,Yes,Electronic Check,105.3,545.2,Yes
2019-Hdczy,Male,0,Yes,No,63,Yes,Yes,Fiber Optic,No,No,Yes,No,Yes,Yes,Two Year,No,Electronic Check,102.6,6296.75,No
4652-Nnhny,Male,0,Yes,No,16,Yes,Yes,Fiber Optic,No,No,No,No,No,No,Month-To-Month,Yes,Bank Transfer (Automatic),73.85,1284.2,Yes
8788-Doxsu,Male,0,No,No,59,Yes,No,Dsl,No,No,Yes,No,No,Yes,One Year,Yes,Bank Transfer (Automatic),61.35,3645.5,No
7404-Jlkqg,Female,0,No,No,3,Yes,No,Dsl,No,No,Yes,No,Yes,No,Month-To-Month,No,Electronic Check,57.55,161.45,No
7421-Zlupa,Female,0,No,No,8,No,No Phone Service,Dsl,No,Yes,No,No,No,No,Month-To-Month,Yes,Mailed Check,29.25,226.95,No
8972-Hjwnv,Female,1,Yes,No,7,Yes,Yes,Fiber Optic,No,No,No,No,No,Yes,Month-To-Month,Yes,Electronic Check,84.55,646.85,Yes
3274-Nsdwe,Female,0,No,No,68,Yes,No,No,No Internet Service,No Internet Service,No Internet Service,No Internet Service,No Internet Service,No Internet Service,Two Year,No,Credit Card (Automatic),19.6,1441.65,No
2632-Ivxvf,Female,0,Yes,Yes,68,Yes,Yes,Fiber Optic,Yes,No,Yes,Yes,Yes,Yes,Two Year,No,Credit Card (Automatic),111.75,7511.3,No
3692-Jhonh,Female,1,Yes,No,52,Yes,Yes,Fiber Optic,No,Yes,Yes,No,Yes,Yes,One Year,Yes,Electronic Check,106.5,5621.85,No
8915-Nntrc,Male,0,Yes,Yes,72,Yes,Yes,Fiber Optic,Yes,Yes,No,Yes,Yes,Yes,Two Year,Yes,Credit Card (Automatic),107.7,7919.8,No
5914-Gxmda,Female,0,Yes,No,32,Yes,No,No,No Internet Service,No Internet Service,No Internet Service,No Internet Service,No Internet Service,No Internet Service,One Year,No,Mailed Check,19.3,593.2,No
7463-Ifmqu,Female,0,Yes,No,72,Yes,No,No,No Internet Service,No Internet Service,No Internet Service,No Internet Service,No Internet Service,No Internet Service,Two Year,No,Bank Transfer (Automatic),20.05,1423.65,No
2920-Rncez,Male,0,Yes,Yes,1,Yes,No,Fiber Optic,No,No,No,No,No,No,Month-To-Month,Yes,Credit Card (Automatic),69.95,69.95,No
2541-Ygpke,Male,0,Yes,Yes,42,Yes,No,Dsl,Yes,No,No,Yes,No,Yes,One Year,No,Credit Card (Automatic),63.7,2763.35,No
8515-Octjs,Female,0,No,No,25,Yes,Yes,No,No Internet Service,No Internet Service,No Internet Service,No Internet Service,No Internet Service,No Internet Service,Two Year,No,Credit Card (Automatic),24.75,692.1,Yes
5382-Temlv,Male,0,No,No,45,Yes,No,Dsl,Yes,No,No,No,No,No,Month-To-Month,Yes,Bank Transfer (Automatic),50.9,2298.55,No
3441-Cgzjh,Female,0,Yes,Yes,43,No,No Phone Service,Dsl,Yes,No,Yes,Yes,Yes,Yes,One Year,Yes,Credit Card (Automatic),60.4,2640.55,No
9592-Erdkv,Male,0,Yes,No,37,Yes,Yes,Dsl,Yes,No,Yes,No,Yes,Yes,One Year,No,Mailed Check,79.25,2911.8,No
2860-Ranus,Female,1,No,No,20,Yes,Yes,Fiber Optic,No,No,No,No,No,Yes,Month-To-Month,Yes,Credit Card (Automatic),85.8,1727.5,Yes
5261-Qshqm,Female,0,No,No,4,No,No Phone Service,Dsl,No,No,No,No,No,No,Month-To-Month,Yes,Electronic Check,24.45,86.6,Yes
4778-Izarl,Male,0,Yes,No,63,Yes,No,Fiber Optic,Yes,Yes,Yes,Yes,Yes,Yes,Two Year,Yes,Credit Card (Automatic),110.1,6705.7,No
0432-Cajzv,Male,0,No,No,3,Yes,No,Fiber Optic,No,No,No,No,Yes,Yes,Month-To-Month,No,Mailed Check,90.7,237.65,No
7008-Lzvoz,Male,0,Yes,Yes,66,Yes,Yes,No,No Internet Service,No Internet Service,No Internet Service,No Internet Service,No Internet Service,No Internet Service,Two Year,Yes,Credit Card (Automatic),25.3,1672.35,No
8868-Wozgu,Male,0,No,No,28,Yes,Yes,Fiber Optic,No,Yes,Yes,No,Yes,Yes,Month-To-Month,Yes,Electronic Check,105.7,2979.5,Yes
1200-Tuzhr,Female,1,No,No,8,Yes,Yes,Fiber Optic,No,No,No,No,No,Yes,Month-To-Month,No,Electronic Check,85.2,695.75,No
9365-Cslbq,Male,0,No,Yes,71,Yes,Yes,No,No Internet Service,No Internet Service,No Internet Service,No Internet Service,No Internet Service,No Internet Service,Two Year,No,Mailed Check,24.35,1654.6,No
1334-Fjsvr,Male,0,No,No,1,No,No Phone Service,Dsl,No,No,No,No,No,No,Month-To-Month,Yes,Electronic Check,24.25,24.25,Yes
5884-Fbctl,Female,0,Yes,Yes,72,Yes,Yes,No,No Internet Service,No Internet Service,No Internet Service,No Internet Service,No Internet Service,No Internet Service,Two Year,No,Bank Transfer (Automatic),25.1,1857.85,No
7130-Ctcus,Male,1,Yes,No,16,Yes,No,Dsl,Yes,Yes,No,No,No,No,Month-To-Month,Yes,Bank Transfer (Automatic),54.55,825.1,No
6242-Fegfd,Male,0,Yes,No,66,Yes,Yes,Fiber Optic,Yes,Yes,Yes,Yes,No,No,Two Year,No,Mailed Check,96.6,6424.25,No
7625-Xcqrh,Female,0,No,No,11,Yes,Yes,Fiber Optic,No,No,No,No,No,No,Month-To-Month,Yes,Electronic Check,76.5,837.95,Yes
6194-Hbgqn,Male,0,No,No,51,Yes,Yes,Dsl,Yes,Yes,Yes,Yes,Yes,No,One Year,Yes,Credit Card (Automatic),81.15,4126.2,No
7634-Wswdb,Female,0,No,Yes,8,No,No Phone Service,Dsl,Yes,No,No,No,No,Yes,Month-To-Month,Yes,Electronic Check,38.5,330.8,No
6986-Ixndm,Male,0,No,No,14,Yes,No,Fiber Optic,No,No,No,No,Yes,Yes,Month-To-Month,Yes,Electronic Check,92.9,1337.45,No
1731-Tviuk,Female,0,No,No,4,Yes,Yes,Fiber Optic,No,Yes,No,Yes,No,Yes,Month-To-Month,Yes,Electronic Check,93.5,362.2,Yes
2987-Bjxik,Female,0,No,No,70,Yes,Yes,Dsl,Yes,Yes,Yes,No,Yes,Yes,Two Year,No,Mailed Check,84.7,5991.05,No
9769-Tsbze,Female,0,No,Yes,70,Yes,Yes,Dsl,Yes,Yes,No,Yes,No,No,Two Year,No,Electronic Check,66.0,4891.5,No
0406-Bpdvr,Female,1,Yes,No,54,Yes,Yes,Fiber Optic,No,Yes,No,No,Yes,Yes,One Year,Yes,Credit Card (Automatic),101.5,5373.1,Yes
0618-Xwmss,Male,0,No,Yes,28,Yes,No,Fiber Optic,Yes,No,No,No,No,No,Month-To-Month,Yes,Bank Transfer (Automatic),74.9,2068.55,Yes
1395-Wswxr,Male,0,No,No,24,Yes,No,No,No Internet Service,No Internet Service,No Internet Service,No Internet Service,No Internet Service,No Internet Service,Two Year,No,Mailed Check,20.75,487.05,No
6023-Gssxw,Female,0,Yes,No,69,Yes,No,Dsl,No,Yes,No,No,No,Yes,Two Year,Yes,Credit Card (Automatic),61.45,4131.2,No
6752-Apnjl,Male,0,Yes,Yes,42,Yes,No,Dsl,Yes,Yes,No,No,No,No,Month-To-Month,No,Mailed Check,54.5,2301.15,No
5276-Kqwhg,Female,1,No,No,2,Yes,No,Fiber Optic,No,No,No,No,No,No,Month-To-Month,Yes,Electronic Check,69.6,131.65,Yes
0420-Hlgxf,Female,1,No,No,39,Yes,Yes,Fiber Optic,No,No,Yes,No,Yes,Yes,Month-To-Month,Yes,Electronic Check,99.75,4036,No
7446-Kqiso,Male,0,Yes,Yes,45,Yes,Yes,Fiber Optic,No,Yes,Yes,Yes,Yes,Yes,Two Year,Yes,Bank Transfer (Automatic),109.75,4900.65,No
9823-Ealyc,Male,0,Yes,Yes,72,Yes,Yes,Dsl,Yes,Yes,Yes,Yes,Yes,No,Two Year,Yes,Bank Transfer (Automatic),80.85,5727.45,No
0582-Avcln,Female,0,No,No,38,Yes,No,No,No Internet Service,No Internet Service,No Internet Service,No Internet Service,No Internet Service,No Internet Service,Two Year,No,Mailed Check,20.3,743.05,No
5803-Nqjzo,Male,0,Yes,No,72,Yes,Yes,Dsl,Yes,Yes,Yes,Yes,No,No,Two Year,Yes,Bank Transfer (Automatic),67.8,4804.65,No
2565-Jslry,Male,0,No,No,1,Yes,Yes,No,No Internet Service,No Internet Service,No Internet Service,No Internet Service,No Internet Service,No Internet Service,Month-To-Month,Yes,Mailed Check,24.05,24.05,Yes
2607-Dhdak,Male,0,Yes,Yes,72,Yes,No,No,No Internet Service,No Internet Service,No Internet Service,No Internet Service,No Internet Service,No Internet Service,Two Year,Yes,Credit Card (Automatic),19.8,1414.65,No
1073-Xxczd,Male,0,Yes,No,55,Yes,Yes,No,No Internet Service,No Internet Service,No Internet Service,No Internet Service,No Internet Service,No Internet Service,Two Year,No,Bank Transfer (Automatic),25.7,1443.65,No
0743-Hrvff,Female,0,Yes,Yes,51,No,No Phone Service,Dsl,No,No,Yes,Yes,Yes,Yes,One Year,Yes,Electronic Check,56.15,2898.95,No
4006-Hkyho,Male,0,No,No,63,Yes,No,Dsl,Yes,Yes,Yes,Yes,Yes,Yes,Two Year,Yes,Bank Transfer (Automatic),86.7,5309.5,No
3727-Jeztu,Female,0,No,No,1,Yes,No,No,No Internet Service,No Internet Service,No Internet Service,No Internet Service,No Internet Service,No Internet Service,Month-To-Month,No,Mailed Check,20.4,20.4,No
8143-Etqti,Female,0,Yes,Yes,23,Yes,No,No,No Internet Service,No Internet Service,No Internet Service,No Internet Service,No Internet Service,No Internet Service,Two Year,Yes,Mailed Check,19.65,451.55,No
6689-Kxgbo,Female,0,No,No,1,Yes,No,Dsl,No,Yes,No,No,No,No,Month-To-Month,No,Electronic Check,50.55,50.55,Yes
9667-Tktvz,Female,0,No,No,2,Yes,Yes,Dsl,No,No,No,Yes,No,No,Month-To-Month,Yes,Mailed Check,54.35,117.05,No
3657-Cogmw,Female,1,No,No,52,Yes,Yes,Fiber Optic,Yes,Yes,Yes,No,Yes,Yes,Month-To-Month,No,Credit Card (Automatic),108.1,5839.3,No
8570-Kljyj,Female,0,No,No,36,Yes,Yes,Dsl,Yes,No,No,No,No,No,One Year,No,Mailed Check,54.45,1893.5,No
7754-Ixrmc,Female,0,No,No,1,Yes,No,Dsl,No,No,No,No,No,No,Month-To-Month,No,Mailed Check,45.35,45.35,No
9473-Cbzop,Female,0,No,No,28,Yes,Yes,Dsl,Yes,No,Yes,No,No,No,One Year,No,Mailed Check,59.0,1654.45,No
2969-Wghqo,Female,0,Yes,Yes,7,Yes,No,Dsl,Yes,Yes,Yes,No,Yes,No,One Year,No,Electronic Check,69.45,477.05,No
6615-Nggzj,Male,0,No,No,14,Yes,Yes,Fiber Optic,No,Yes,No,No,Yes,Yes,Month-To-Month,Yes,Electronic Check,100.55,1415.55,Yes
4334-Howrp,Male,1,Yes,No,72,No,No Phone Service,Dsl,Yes,Yes,Yes,Yes,Yes,Yes,Two Year,Yes,Credit Card (Automatic),64.95,4546,No
4255-Dduou,Female,0,Yes,Yes,1,Yes,No,No,No Internet Service,No Internet Service,No Internet Service,No Internet Service,No Internet Service,No Internet Service,Month-To-Month,Yes,Mailed Check,20.5,20.5,Yes
5863-Ookcl,Female,0,No,No,10,Yes,No,No,No Internet Service,No Internet Service,No Internet Service,No Internet Service,No Internet Service,No Internet Service,Month-To-Month,No,Mailed Check,18.85,163.2,No
1686-Stuhn,Male,0,No,No,42,Yes,No,No,No Internet Service,No Internet Service,No Internet Service,No Internet Service,No Internet Service,No Internet Service,One Year,No,Bank Transfer (Automatic),19.8,849.9,No
1329-Vhwnp,Female,0,No,No,7,No,No Phone Service,Dsl,No,No,No,No,No,No,Month-To-Month,No,Bank Transfer (Automatic),25.05,189.95,No
2984-Miizl,Male,0,No,No,4,Yes,No,Fiber Optic,No,No,Yes,No,No,No,Month-To-Month,Yes,Bank Transfer (Automatic),74.8,321.9,Yes
0266-Gmeao,Male,0,Yes,Yes,72,Yes,Yes,Fiber Optic,Yes,Yes,Yes,Yes,Yes,Yes,Two Year,Yes,Credit Card (Automatic),114.3,8058.55,No
5590-Yrfjt,Female,0,Yes,No,20,No,No Phone Service,Dsl,No,No,No,No,No,No,Month-To-Month,Yes,Electronic Check,24.45,482.8,Yes
5574-Nxziu,Male,0,No,No,63,Yes,No,Fiber Optic,Yes,Yes,Yes,Yes,Yes,Yes,Two Year,No,Credit Card (Automatic),109.2,7049.75,No
0019-Gfntw,Female,0,No,No,56,No,No Phone Service,Dsl,Yes,Yes,Yes,Yes,No,No,Two Year,No,Bank Transfer (Automatic),45.05,2560.1,No
4256-Zwtzi,Female,0,No,Yes,5,Yes,No,Dsl,No,No,No,Yes,No,No,Month-To-Month,Yes,Mailed Check,51.0,286.8,No
8309-Ppced,Female,0,Yes,No,72,Yes,Yes,Fiber Optic,No,Yes,Yes,Yes,Yes,Yes,Two Year,Yes,Bank Transfer (Automatic),110.45,7982.5,No
4098-Naukp,Male,1,Yes,Yes,68,Yes,Yes,Fiber Optic,No,Yes,Yes,No,No,No,Month-To-Month,Yes,Electronic Check,84.65,5683.6,No
5196-Wpyow,Male,0,Yes,Yes,67,Yes,No,Dsl,Yes,Yes,No,Yes,No,No,One Year,No,Mailed Check,60.05,3994.05,No
4608-Lcimn,Male,0,Yes,Yes,8,Yes,No,Dsl,No,No,No,No,No,No,Month-To-Month,No,Bank Transfer (Automatic),44.65,369.15,No
1485-Ydhmm,Male,0,Yes,Yes,52,Yes,Yes,Fiber Optic,No,Yes,No,Yes,No,Yes,Month-To-Month,Yes,Bank Transfer (Automatic),93.25,4631.7,No
4054-Cumia,Female,0,Yes,Yes,18,Yes,No,No,No Internet Service,No Internet Service,No Internet Service,No Internet Service,No Internet Service,No Internet Service,Month-To-Month,Yes,Mailed Check,20.25,401.95,No
0603-Tpmib,Female,0,Yes,Yes,59,Yes,Yes,No,No Internet Service,No Internet Service,No Internet Service,No Internet Service,No Internet Service,No Internet Service,Two Year,No,Mailed Check,25.45,1534.05,No
2525-Gvkqu,Female,0,No,No,60,Yes,No,No,No Internet Service,No Internet Service,No Internet Service,No Internet Service,No Internet Service,No Internet Service,Two Year,No,Mailed Check,20.6,1093,No
8161-Qymtt,Male,0,No,No,7,Yes,Yes,Fiber Optic,No,No,No,No,Yes,Yes,Month-To-Month,Yes,Electronic Check,94.1,701.3,No
9581-Gvbxt,Male,0,Yes,Yes,59,No,No Phone Service,Dsl,Yes,No,Yes,No,No,No,One Year,No,Mailed Check,34.8,1980.3,No
5862-Brixz,Male,0,No,No,46,No,No Phone Service,Dsl,Yes,No,Yes,Yes,Yes,Yes,Two Year,Yes,Bank Transfer (Automatic),60.75,2893.4,No
5404-Ggukr,Male,0,No,No,5,Yes,No,Dsl,No,Yes,No,No,No,No,Month-To-Month,Yes,Electronic Check,51.35,262.3,No
3308-Jsgml,Male,1,Yes,No,59,No,No Phone Service,Dsl,Yes,No,Yes,Yes,Yes,Yes,Two Year,Yes,Credit Card (Automatic),64.05,3886.85,No
2126-Gsegl,Female,0,Yes,No,70,Yes,Yes,Dsl,No,Yes,Yes,Yes,Yes,Yes,Two Year,Yes,Bank Transfer (Automatic),84.8,5917.55,No
3677-Tnkio,Female,0,No,No,14,Yes,No,Fiber Optic,No,No,No,No,No,No,Month-To-Month,Yes,Credit Card (Automatic),71.0,914,Yes
0440-Qexbz,Female,0,No,No,44,Yes,Yes,Dsl,No,No,No,No,No,No,Month-To-Month,Yes,Mailed Check,50.15,2139.1,No
2434-Eevdb,Female,0,Yes,No,64,Yes,Yes,Fiber Optic,Yes,No,Yes,No,Yes,No,Two Year,Yes,Credit Card (Automatic),94.6,5948.7,No
6762-Qvyjo,Female,0,Yes,Yes,58,No,No Phone Service,Dsl,Yes,No,Yes,Yes,Yes,Yes,Two Year,No,Mailed Check,59.75,3624.35,No
6199-Iwkgc,Female,1,Yes,No,46,Yes,Yes,Fiber Optic,No,No,No,Yes,Yes,Yes,One Year,No,Electronic Check,100.25,4753.85,No
2675-Dhutr,Male,1,Yes,No,58,Yes,Yes,Fiber Optic,No,Yes,No,No,Yes,Yes,Month-To-Month,Yes,Electronic Check,98.9,5780.7,No
8152-Vetur,Female,0,Yes,No,72,Yes,Yes,Fiber Optic,No,Yes,No,No,Yes,Yes,Two Year,Yes,Credit Card (Automatic),97.7,6869.7,No
9667-Eqrxu,Female,1,No,No,30,No,No Phone Service,Dsl,No,No,Yes,No,Yes,No,Month-To-Month,Yes,Electronic Check,40.3,1172.95,Yes
7446-Ypode,Male,1,No,No,11,Yes,Yes,Dsl,Yes,Yes,No,No,No,No,Month-To-Month,No,Bank Transfer (Automatic),60.25,662.95,No
9522-Bnthx,Female,1,No,No,34,No,No Phone Service,Dsl,No,Yes,Yes,No,Yes,Yes,Month-To-Month,Yes,Electronic Check,56.25,1765.95,No
4676-Wluht,Male,0,No,No,54,No,No Phone Service,Dsl,Yes,Yes,No,No,No,Yes,Two Year,No,Bank Transfer (Automatic),46.2,2431.95,No
3329-Wdiok,Female,0,No,No,3,No,No Phone Service,Dsl,No,Yes,No,No,Yes,Yes,Month-To-Month,Yes,Electronic Check,50.6,155.35,Yes
7980-Mhflq,Female,0,Yes,Yes,72,Yes,Yes,No,No Internet Service,No Internet Service,No Internet Service,No Internet Service,No Internet Service,No Internet Service,Two Year,No,Mailed Check,24.9,1859.2,No
2873-Zliwt,Female,0,Yes,Yes,40,Yes,Yes,Fiber Optic,No,No,Yes,Yes,No,No,Month-To-Month,Yes,Electronic Check,84.85,3303.05,Yes
3415-Taile,Female,0,Yes,Yes,2,Yes,No,Dsl,No,No,No,No,Yes,Yes,Month-To-Month,No,Mailed Check,65.7,134.35,Yes
0757-Wcuuz,Male,0,Yes,Yes,54,Yes,Yes,Dsl,No,No,Yes,No,No,Yes,Two Year,No,Credit Card (Automatic),63.35,3409.1,No
1629-Dqqvb,Female,0,No,No,14,Yes,No,Dsl,Yes,No,No,No,No,No,Month-To-Month,No,Bank Transfer (Automatic),50.1,709.5,No
1915-Iofgu,Female,0,No,No,1,Yes,No,Fiber Optic,No,No,No,No,No,No,Month-To-Month,No,Electronic Check,70.5,70.5,Yes
3045-Xetsh,Female,0,No,No,10,Yes,Yes,Fiber Optic,No,Yes,Yes,No,No,Yes,Month-To-Month,Yes,Electronic Check,94.85,953.45,Yes
0374-Aacsz,Female,0,No,No,1,Yes,No,Dsl,Yes,No,No,No,No,No,Month-To-Month,No,Electronic Check,50.15,50.15,No
7239-Hzzcx,Male,0,No,No,1,Yes,No,No,No Internet Service,No Internet Service,No Internet Service,No Internet Service,No Internet Service,No Internet Service,Month-To-Month,No,Mailed Check,19.75,19.75,Yes
4872-Vxril,Male,0,No,No,56,Yes,Yes,Dsl,Yes,Yes,No,Yes,No,No,One Year,Yes,Bank Transfer (Automatic),64.65,3665.55,No
9140-Czqzz,Female,0,Yes,No,68,Yes,No,Dsl,Yes,Yes,No,Yes,Yes,Yes,Two Year,Yes,Bank Transfer (Automatic),79.6,5515.8,No
3423-Hhxao,Female,0,Yes,Yes,14,Yes,No,No,No Internet Service,No Internet Service,No Internet Service,No Internet Service,No Internet Service,No Internet Service,One Year,Yes,Mailed Check,19.5,272,No
9938-Tkdgl,Male,0,Yes,Yes,68,Yes,No,Fiber Optic,Yes,No,No,Yes,Yes,Yes,Two Year,Yes,Electronic Check,99.55,6668,No
0531-Zzjwq,Male,1,Yes,No,55,Yes,Yes,Fiber Optic,No,No,No,No,No,No,Month-To-Month,Yes,Electronic Check,74.0,4052.4,No
6537-Qlgex,Female,0,No,No,16,No,No Phone Service,Dsl,Yes,No,No,No,Yes,No,Month-To-Month,Yes,Electronic Check,38.9,664.4,No
2688-Bhgog,Male,1,No,No,9,Yes,No,Fiber Optic,No,No,No,No,No,Yes,Month-To-Month,Yes,Electronic Check,79.55,718.55,No
7683-Cbdkj,Male,0,Yes,Yes,14,Yes,No,Dsl,Yes,Yes,No,No,Yes,No,Month-To-Month,Yes,Electronic Check,65.45,937.6,Yes
0946-Cljti,Male,1,Yes,No,58,Yes,Yes,Fiber Optic,No,No,Yes,No,Yes,Yes,Month-To-Month,Yes,Electronic Check,98.7,5812.6,Yes
3160-Tyxlt,Male,0,No,No,53,No,No Phone Service,Dsl,Yes,Yes,No,No,No,Yes,Month-To-Month,Yes,Bank Transfer (Automatic),46.3,2546.85,No
1325-Usmec,Male,0,Yes,No,70,Yes,Yes,Fiber Optic,Yes,Yes,Yes,No,Yes,No,Two Year,Yes,Credit Card (Automatic),99.35,6944.5,No
0916-Qofdp,Female,1,Yes,Yes,14,Yes,Yes,Fiber Optic,No,No,No,No,Yes,Yes,Month-To-Month,Yes,Electronic Check,95.8,1346.3,No
0628-Cnqrm,Male,0,Yes,Yes,22,Yes,No,Dsl,Yes,No,Yes,Yes,Yes,No,One Year,Yes,Bank Transfer (Automatic),67.5,1544.05,Yes
5606-Amzbo,Female,0,Yes,No,10,Yes,Yes,Fiber Optic,Yes,No,No,No,No,No,Month-To-Month,Yes,Credit Card (Automatic),78.15,765.15,No
6199-Ipcao,Female,0,Yes,Yes,29,Yes,Yes,No,No Internet Service,No Internet Service,No Internet Service,No Internet Service,No Internet Service,No Internet Service,Two Year,No,Mailed Check,26.1,692.55,No
7665-Toald,Female,0,No,No,1,Yes,No,Fiber Optic,No,No,No,No,No,No,Month-To-Month,Yes,Electronic Check,69.6,69.6,Yes
0112-Qwpnc,Male,0,Yes,No,49,Yes,Yes,Dsl,Yes,No,Yes,Yes,Yes,Yes,One Year,No,Electronic Check,84.35,4059.35,Yes
0324-Brpcj,Female,1,Yes,No,68,Yes,Yes,Fiber Optic,No,Yes,No,No,Yes,Yes,Month-To-Month,Yes,Electronic Check,100.2,6851.65,Yes
2777-Phdei,Female,0,No,No,1,Yes,No,Fiber Optic,No,No,No,No,Yes,No,Month-To-Month,No,Electronic Check,78.05,78.05,Yes
5640-Caxoa,Female,0,No,No,30,No,No Phone Service,Dsl,No,No,No,Yes,No,Yes,One Year,Yes,Credit Card (Automatic),40.35,1187.05,No
2235-Ezaik,Female,0,Yes,No,72,Yes,Yes,Dsl,Yes,Yes,Yes,Yes,Yes,No,Two Year,No,Credit Card (Automatic),79.2,5401.9,No
3847-Baerp,Female,0,No,No,10,Yes,No,No,No Internet Service,No Internet Service,No Internet Service,No Internet Service,No Internet Service,No Internet Service,Month-To-Month,Yes,Mailed Check,20.9,247,No
1196-Amora,Male,0,No,No,7,Yes,Yes,Fiber Optic,No,No,No,No,No,No,Month-To-Month,No,Electronic Check,73.6,520,Yes
4282-Ymkna,Female,0,No,No,9,Yes,Yes,Fiber Optic,No,No,No,No,No,No,Month-To-Month,Yes,Electronic Check,74.75,706.6,Yes
1453-Rzfon,Female,0,No,Yes,1,Yes,No,Dsl,Yes,No,No,No,No,No,Month-To-Month,No,Mailed Check,49.9,49.9,No
8263-Oketd,Female,0,No,No,20,Yes,Yes,Dsl,No,Yes,No,Yes,No,Yes,Month-To-Month,Yes,Credit Card (Automatic),68.9,1370.35,No
0670-Kdoma,Female,0,No,No,1,Yes,No,No,No Internet Service,No Internet Service,No Internet Service,No Internet Service,No Internet Service,No Internet Service,Month-To-Month,Yes,Mailed Check,20.25,20.25,No
2476-Ygefm,Female,0,No,No,29,Yes,Yes,Fiber Optic,No,No,No,No,No,No,Month-To-Month,Yes,Credit Card (Automatic),76.0,2215.25,No
8687-Bafgu,Male,0,No,No,1,Yes,No,Fiber Optic,No,No,No,Yes,No,No,Month-To-Month,No,Electronic Check,74.0,74,No
0641-Evboj,Male,0,No,No,3,Yes,No,Fiber Optic,Yes,No,No,Yes,No,No,Month-To-Month,Yes,Mailed Check,82.3,214.4,No
0829-Xxplx,Female,0,No,No,20,Yes,No,Fiber Optic,Yes,No,Yes,No,Yes,No,Month-To-Month,Yes,Bank Transfer (Automatic),89.4,1871.15,No
9974-Jfbhq,Male,0,No,Yes,64,Yes,No,Fiber Optic,No,Yes,No,Yes,Yes,Yes,Month-To-Month,Yes,Credit Card (Automatic),99.15,6171.2,No
5356-Rhipp,Male,0,No,No,1,Yes,No,No,No Internet Service,No Internet Service,No Internet Service,No Internet Service,No Internet Service,No Internet Service,Month-To-Month,Yes,Mailed Check,20.2,20.2,Yes
6624-Jdrds,Female,0,No,No,6,No,No Phone Service,Dsl,Yes,No,No,No,No,No,Month-To-Month,No,Bank Transfer (Automatic),29.45,161.45,No
0608-Jdvec,Male,0,Yes,No,50,Yes,No,No,No Internet Service,No Internet Service,No Internet Service,No Internet Service,No Internet Service,No Internet Service,Two Year,No,Electronic Check,19.8,1013.2,No
9780-Fkvvf,Male,0,No,No,6,Yes,No,Dsl,Yes,No,No,No,No,Yes,Month-To-Month,Yes,Bank Transfer (Automatic),59.15,336.7,No
1919-Rtpqd,Male,0,Yes,Yes,7,Yes,No,Dsl,No,No,No,No,No,No,Month-To-Month,No,Electronic Check,44.75,333.65,No
5214-Nltit,Male,0,Yes,Yes,72,Yes,Yes,Fiber Optic,No,No,Yes,No,No,Yes,Two Year,Yes,Credit Card (Automatic),90.8,6511.8,No
3345-Pbbfh,Male,0,Yes,No,8,Yes,No,Dsl,No,Yes,No,No,No,No,Month-To-Month,Yes,Bank Transfer (Automatic),49.55,393.45,No
5055-Brmne,Female,0,Yes,Yes,67,Yes,Yes,Fiber Optic,Yes,No,No,Yes,Yes,Yes,Two Year,No,Credit Card (Automatic),106.7,7009.5,No
9189-Jwshv,Female,1,Yes,No,24,Yes,Yes,Fiber Optic,No,No,No,No,Yes,Yes,Month-To-Month,Yes,Electronic Check,93.55,2264.05,Yes
2190-Phbhr,Female,0,Yes,No,72,Yes,Yes,Fiber Optic,Yes,Yes,No,No,No,Yes,Two Year,Yes,Credit Card (Automatic),94.45,6921.7,No
2650-Gyryl,Male,0,Yes,Yes,33,Yes,No,No,No Internet Service,No Internet Service,No Internet Service,No Internet Service,No Internet Service,No Internet Service,One Year,Yes,Bank Transfer (Automatic),19.45,600.25,No
0746-Jtrfu,Male,0,No,No,2,No,No Phone Service,Dsl,No,No,No,No,No,No,Month-To-Month,Yes,Electronic Check,25.05,56.35,Yes
5208-Fvqkb,Male,0,Yes,No,70,Yes,No,Dsl,Yes,Yes,No,Yes,No,Yes,Two Year,No,Mailed Check,67.95,4664.15,No
7184-Lruur,Female,0,No,No,22,Yes,No,Dsl,No,Yes,Yes,No,Yes,No,One Year,No,Bank Transfer (Automatic),65.25,1441.8,No
6627-Cfosn,Female,0,No,No,59,Yes,Yes,Fiber Optic,Yes,Yes,Yes,No,No,Yes,Month-To-Month,Yes,Bank Transfer (Automatic),99.45,5623.7,No
3982-Jgsfd,Male,0,No,No,36,Yes,No,No,No Internet Service,No Internet Service,No Internet Service,No Internet Service,No Internet Service,No Internet Service,One Year,Yes,Credit Card (Automatic),20.35,695.85,No
1574-Dycwe,Female,0,Yes,Yes,51,Yes,No,No,No Internet Service,No Internet Service,No Internet Service,No Internet Service,No Internet Service,No Internet Service,Two Year,No,Mailed Check,19.95,1028.75,No
7247-Xozpb,Male,0,Yes,No,53,Yes,Yes,Dsl,Yes,No,Yes,Yes,Yes,No,One Year,No,Bank Transfer (Automatic),77.4,4155.95,No
2466-Fccpt,Female,0,Yes,Yes,20,Yes,No,No,No Internet Service,No Internet Service,No Internet Service,No Internet Service,No Internet Service,No Internet Service,One Year,No,Bank Transfer (Automatic),19.7,395.6,No
6211-Wwltf,Male,0,Yes,No,63,Yes,No,Fiber Optic,Yes,No,Yes,No,Yes,Yes,Two Year,No,Credit Card (Automatic),99.7,6330.4,No
4826-Tzeva,Female,0,No,No,40,Yes,No,Fiber Optic,No,Yes,No,No,No,No,Month-To-Month,No,Credit Card (Automatic),74.8,2971.7,No
6016-Nxbnj,Male,0,No,No,35,Yes,No,No,No Internet Service,No Internet Service,No Internet Service,No Internet Service,No Internet Service,No Internet Service,One Year,Yes,Mailed Check,19.15,638,No
9138-Efsmo,Male,0,Yes,Yes,26,Yes,No,Fiber Optic,No,No,No,No,No,Yes,One Year,No,Bank Transfer (Automatic),78.95,2034.25,No
0576-Wnxxc,Male,1,Yes,No,27,Yes,Yes,Fiber Optic,No,Yes,Yes,No,No,Yes,Month-To-Month,Yes,Electronic Check,95.55,2510.2,Yes
4632-Xjmex,Male,0,No,Yes,53,Yes,No,Dsl,Yes,Yes,No,Yes,No,No,One Year,No,Credit Card (Automatic),62.85,3419.5,No
8910-Ledag,Male,1,Yes,No,34,Yes,No,Fiber Optic,No,No,No,No,No,No,Month-To-Month,No,Credit Card (Automatic),71.55,2427.35,No
3452-Gwuin,Female,1,Yes,No,19,Yes,Yes,Fiber Optic,No,No,No,No,Yes,Yes,Month-To-Month,Yes,Electronic Check,94.95,1760.25,No
2716-Gfzor,Male,0,Yes,No,43,Yes,No,Fiber Optic,Yes,Yes,Yes,No,No,No,Month-To-Month,Yes,Credit Card (Automatic),86.1,3551.65,No
3724-Ucshy,Male,0,Yes,Yes,6,Yes,No,No,No Internet Service,No Internet Service,No Internet Service,No Internet Service,No Internet Service,No Internet Service,Month-To-Month,No,Mailed Check,19.55,122.9,No
8626-Xhbie,Male,0,No,Yes,56,Yes,Yes,No,No Internet Service,No Internet Service,No Internet Service,No Internet Service,No Internet Service,No Internet Service,Two Year,Yes,Mailed Check,24.8,1424.2,No
4628-Cttla,Male,0,No,No,57,No,No Phone Service,Dsl,No,Yes,No,No,Yes,No,Month-To-Month,Yes,Electronic Check,39.3,2111.45,Yes
3192-Lnkrk,Male,0,Yes,Yes,34,Yes,No,Fiber Optic,No,No,Yes,No,Yes,No,Month-To-Month,Yes,Mailed Check,84.05,2909.95,No
4439-Yrnvd,Female,0,No,No,10,No,No Phone Service,Dsl,No,Yes,No,Yes,No,No,Month-To-Month,No,Electronic Check,36.25,374,No
2876-Vbbbl,Female,0,No,No,1,Yes,No,No,No Internet Service,No Internet Service,No Internet Service,No Internet Service,No Internet Service,No Internet Service,Month-To-Month,Yes,Mailed Check,20.25,20.25,Yes
6834-Nxdca,Female,0,No,No,13,No,No Phone Service,Dsl,No,No,No,No,No,No,Month-To-Month,Yes,Electronic Check,23.9,300.8,Yes
2208-Ugtgr,Male,0,No,No,56,Yes,Yes,Fiber Optic,No,Yes,No,No,Yes,Yes,Month-To-Month,No,Electronic Check,98.6,5581.05,No
3005-Tyfrd,Female,0,Yes,No,55,Yes,Yes,Fiber Optic,No,Yes,Yes,No,Yes,Yes,Month-To-Month,Yes,Credit Card (Automatic),103.65,5676.65,No
8670-Mefcp,Female,0,Yes,Yes,36,Yes,Yes,Dsl,Yes,Yes,Yes,Yes,Yes,Yes,Two Year,Yes,Credit Card (Automatic),92.9,3379.25,No
3079-Bchln,Male,0,Yes,No,47,Yes,No,No,No Internet Service,No Internet Service,No Internet Service,No Internet Service,No Internet Service,No Internet Service,One Year,No,Bank Transfer (Automatic),19.9,942.95,No
7777-Unyhb,Female,0,Yes,Yes,12,Yes,No,No,No Internet Service,No Internet Service,No Internet Service,No Internet Service,No Internet Service,No Internet Service,Month-To-Month,Yes,Credit Card (Automatic),20.1,232.4,No
5597-Glbuc,Female,0,No,No,1,Yes,No,Fiber Optic,No,No,Yes,No,Yes,No,Month-To-Month,Yes,Electronic Check,85.45,85.45,Yes
7278-Ckdnc,Male,1,No,No,24,Yes,Yes,Fiber Optic,No,Yes,No,No,No,No,Month-To-Month,Yes,Electronic Check,80.5,2088.45,No
2748-Myrvk,Female,0,No,No,63,Yes,Yes,Fiber Optic,No,Yes,No,No,Yes,Yes,One Year,No,Bank Transfer (Automatic),99.9,6137,Yes
8450-Uyibu,Female,1,No,No,35,No,No Phone Service,Dsl,No,No,Yes,No,Yes,No,Month-To-Month,Yes,Electronic Check,39.85,1434.6,No
2969-Vapyh,Female,0,No,No,67,Yes,No,Dsl,Yes,Yes,No,Yes,No,No,One Year,No,Credit Card (Automatic),60.5,3870,No
4822-Ycxmx,Male,0,No,No,25,Yes,Yes,Fiber Optic,No,No,No,No,No,Yes,Month-To-Month,Yes,Electronic Check,84.8,2043.45,Yes
7181-Oqcut,Male,0,No,No,21,Yes,Yes,Fiber Optic,Yes,No,Yes,No,Yes,Yes,Month-To-Month,No,Mailed Check,103.85,2215,No
8474-Umlnt,Female,0,No,No,13,Yes,No,Dsl,Yes,Yes,No,Yes,No,Yes,Month-To-Month,No,Bank Transfer (Automatic),67.8,842.25,No
9821-Pootn,Male,0,Yes,No,35,Yes,Yes,Fiber Optic,No,No,No,No,No,No,Month-To-Month,Yes,Electronic Check,75.2,2576.2,Yes
3836-Fzsdj,Male,1,Yes,No,71,Yes,Yes,No,No Internet Service,No Internet Service,No Internet Service,No Internet Service,No Internet Service,No Internet Service,Two Year,No,Bank Transfer (Automatic),24.85,1901,No
9142-Xmyjh,Female,0,No,No,29,Yes,No,No,No Internet Service,No Internet Service,No Internet Service,No Internet Service,No Internet Service,No Internet Service,Month-To-Month,No,Credit Card (Automatic),19.35,601.6,No
6559-Ilwkj,Male,0,Yes,No,71,No,No Phone Service,Dsl,No,Yes,No,No,Yes,Yes,Two Year,No,Electronic Check,49.35,3515.25,Yes
0187-Qsxoe,Male,1,Yes,No,7,Yes,No,Fiber Optic,No,No,No,No,Yes,Yes,Month-To-Month,Yes,Electronic Check,89.0,605.45,No
7733-Udmtp,Female,1,No,No,57,No,No Phone Service,Dsl,No,Yes,Yes,No,Yes,Yes,Month-To-Month,Yes,Electronic Check,55.0,3094.05,No
2649-Hwlyb,Male,0,Yes,No,65,Yes,Yes,Dsl,Yes,No,Yes,Yes,No,Yes,Two Year,No,Bank Transfer (Automatic),76.15,4929.55,No
5214-Chiwj,Male,0,No,No,27,Yes,No,No,No Internet Service,No Internet Service,No Internet Service,No Internet Service,No Internet Service,No Internet Service,One Year,No,Mailed Check,20.3,595.05,No
4229-Czmll,Male,0,No,No,6,Yes,Yes,Fiber Optic,No,No,No,No,No,No,Month-To-Month,Yes,Electronic Check,74.9,469.8,Yes
6904-Jlbgy,Female,1,No,No,72,Yes,Yes,Fiber Optic,Yes,Yes,Yes,Yes,Yes,Yes,Two Year,Yes,Credit Card (Automatic),117.35,8436.25,No
2465-Blleu,Male,0,No,No,1,Yes,No,No,No Internet Service,No Internet Service,No Internet Service,No Internet Service,No Internet Service,No Internet Service,Month-To-Month,Yes,Mailed Check,19.75,19.75,No
1685-Vayjf,Male,0,No,No,11,Yes,No,Dsl,No,No,No,No,No,No,Month-To-Month,No,Credit Card (Automatic),45.2,492,No
8874-Ejnsr,Male,0,Yes,Yes,39,Yes,Yes,No,No Internet Service,No Internet Service,No Internet Service,No Internet Service,No Internet Service,No Internet Service,Two Year,No,Mailed Check,25.2,987.95,No
6917-Yacbp,Female,1,No,No,59,Yes,Yes,Fiber Optic,Yes,Yes,Yes,No,No,No,Month-To-Month,Yes,Electronic Check,89.75,5496.9,No
5049-Mubwg,Male,0,No,No,26,Yes,No,Dsl,Yes,No,No,Yes,Yes,Yes,One Year,No,Bank Transfer (Automatic),75.0,1908.35,No
4223-Wozcm,Male,1,No,No,2,Yes,No,Dsl,No,No,Yes,No,No,No,Month-To-Month,No,Mailed Check,49.95,107.1,No
0769-Murvm,Female,0,Yes,Yes,72,No,No Phone Service,Dsl,Yes,Yes,Yes,Yes,Yes,Yes,Two Year,No,Bank Transfer (Automatic),65.7,4575.35,No
9253-Vifjq,Male,0,Yes,No,65,Yes,Yes,Dsl,Yes,Yes,Yes,No,No,No,One Year,No,Credit Card (Automatic),67.05,4309.55,No
7030-Fztfm,Male,0,Yes,Yes,72,Yes,Yes,Fiber Optic,No,Yes,Yes,Yes,Yes,Yes,Two Year,No,Credit Card (Automatic),110.9,7922.75,No
9741-Ylntd,Male,0,No,No,6,Yes,Yes,Fiber Optic,No,No,No,Yes,No,Yes,Month-To-Month,Yes,Bank Transfer (Automatic),87.95,522.35,No
5917-Ryrmg,Male,1,No,No,32,Yes,No,No,No Internet Service,No Internet Service,No Internet Service,No Internet Service,No Internet Service,No Internet Service,One Year,No,Credit Card (Automatic),19.8,587.7,No
5120-Zblai,Female,0,Yes,No,50,Yes,Yes,Dsl,No,No,Yes,No,Yes,Yes,One Year,No,Bank Transfer (Automatic),75.7,3876.2,No
1194-Bhjyc,Male,0,Yes,No,61,No,No Phone Service,Dsl,Yes,No,Yes,Yes,Yes,Yes,Two Year,Yes,Mailed Check,62.15,3778.85,No
3663-Mitlp,Female,0,No,No,15,Yes,No,Fiber Optic,No,Yes,Yes,No,Yes,Yes,Month-To-Month,Yes,Electronic Check,101.25,1457.25,Yes
0906-Qvpms,Male,0,Yes,No,72,Yes,Yes,Fiber Optic,Yes,Yes,Yes,Yes,Yes,Yes,Two Year,No,Bank Transfer (Automatic),115.15,8349.45,No
9025-Zrpvr,Male,0,No,No,9,Yes,No,No,No Internet Service,No Internet Service,No Internet Service,No Internet Service,No Internet Service,No Internet Service,Month-To-Month,Yes,Mailed Check,18.95,185.6,Yes
1905-Oeilc,Female,0,No,No,1,Yes,No,No,No Internet Service,No Internet Service,No Internet Service,No Internet Service,No Internet Service,No Internet Service,Month-To-Month,No,Mailed Check,19.5,19.5,No
7858-Gtzsp,Female,0,No,No,12,Yes,Yes,Fiber Optic,No,No,No,No,No,Yes,Month-To-Month,Yes,Electronic Check,86.55,1066.9,No
3285-Ucqvc,Female,0,No,No,37,No,No Phone Service,Dsl,No,No,No,Yes,No,No,Month-To-Month,No,Credit Card (Automatic),28.6,973.55,Yes
6248-Bshkg,Male,0,Yes,Yes,61,Yes,No,No,No Internet Service,No Internet Service,No Internet Service,No Internet Service,No Internet Service,No Internet Service,One Year,No,Mailed Check,20.4,1226.45,No
4685-Tflls,Male,0,Yes,Yes,18,Yes,No,No,No Internet Service,No Internet Service,No Internet Service,No Internet Service,No Internet Service,No Internet Service,One Year,No,Bank Transfer (Automatic),19.8,342.3,No
3470-Btgqo,Male,0,No,Yes,21,Yes,No,Dsl,No,No,No,No,No,No,Month-To-Month,No,Mailed Check,45.65,985.05,No
1209-Vffoc,Male,0,Yes,Yes,68,No,No Phone Service,Dsl,Yes,Yes,Yes,Yes,No,Yes,Two Year,Yes,Mailed Check,56.4,3948.45,No
8224-Dwckx,Male,1,No,No,12,Yes,Yes,Fiber Optic,No,No,No,No,No,No,Month-To-Month,Yes,Credit Card (Automatic),73.3,828.05,No
5482-Plvpe,Female,1,No,No,2,No,No Phone Service,Dsl,No,No,No,No,No,No,Month-To-Month,No,Electronic Check,24.35,41.85,Yes
4553-Dvpzg,Female,0,Yes,No,62,Yes,Yes,Fiber Optic,No,No,Yes,No,Yes,Yes,Month-To-Month,Yes,Electronic Check,101.35,6164.7,No
4902-Ohlsk,Female,1,No,No,29,Yes,Yes,Fiber Optic,No,No,No,Yes,Yes,Yes,Month-To-Month,No,Electronic Check,98.65,2862.75,Yes
6917-Iayhd,Male,0,No,Yes,1,No,No Phone Service,Dsl,No,Yes,No,Yes,No,No,Month-To-Month,No,Mailed Check,33.6,33.6,No
0495-Zbngw,Male,1,Yes,No,5,Yes,Yes,Fiber Optic,No,No,Yes,No,No,No,Month-To-Month,Yes,Bank Transfer (Automatic),79.9,343.95,Yes
8620-Rjpzn,Female,0,No,No,1,Yes,No,No,No Internet Service,No Internet Service,No Internet Service,No Internet Service,No Internet Service,No Internet Service,Month-To-Month,No,Electronic Check,20.7,20.7,No
7572-Kpvkk,Male,0,No,Yes,62,Yes,Yes,Fiber Optic,No,No,Yes,Yes,Yes,Yes,Two Year,Yes,Electronic Check,104.05,6590.5,No
2642-Mawlj,Female,0,Yes,Yes,36,Yes,No,No,No Internet Service,No Internet Service,No Internet Service,No Internet Service,No Internet Service,No Internet Service,Two Year,No,Bank Transfer (Automatic),20.25,717.95,No
2357-Coqek,Female,1,No,No,28,Yes,Yes,Fiber Optic,No,No,Yes,Yes,Yes,Yes,Month-To-Month,Yes,Electronic Check,103.3,2890.65,Yes
7103-Zgvnt,Female,0,Yes,Yes,69,Yes,Yes,Dsl,Yes,Yes,No,Yes,Yes,No,One Year,No,Credit Card (Automatic),73.7,4885.85,No
3737-Gcspv,Female,0,Yes,No,11,Yes,Yes,Fiber Optic,Yes,No,No,Yes,Yes,No,Month-To-Month,Yes,Credit Card (Automatic),96.2,1222.05,Yes
2027-Wkxmw,Female,0,Yes,No,63,Yes,Yes,Fiber Optic,No,Yes,Yes,Yes,Yes,Yes,Month-To-Month,Yes,Electronic Check,108.75,6871.7,No
7137-Naxml,Male,0,No,No,23,Yes,No,No,No Internet Service,No Internet Service,No Internet Service,No Internet Service,No Internet Service,No Internet Service,One Year,No,Bank Transfer (Automatic),20.15,405.6,No
2428-Zmctb,Male,0,No,No,10,Yes,No,No,No Internet Service,No Internet Service,No Internet Service,No Internet Service,No Internet Service,No Internet Service,Month-To-Month,No,Credit Card (Automatic),19.75,208.25,No
2961-Vnfkl,Female,0,Yes,No,71,Yes,Yes,No,No Internet Service,No Internet Service,No Internet Service,No Internet Service,No Internet Service,No Internet Service,Two Year,Yes,Credit Card (Automatic),25.95,1801.9,No
1768-Hnvgj,Female,1,No,No,45,Yes,Yes,Dsl,Yes,No,No,Yes,No,Yes,Month-To-Month,Yes,Electronic Check,70.05,3062.45,No
6963-Kqyqb,Female,0,Yes,Yes,70,Yes,Yes,No,No Internet Service,No Internet Service,No Internet Service,No Internet Service,No Internet Service,No Internet Service,Two Year,No,Mailed Check,24.05,1764.75,No
5934-Rmpov,Female,0,No,Yes,22,Yes,Yes,Fiber Optic,No,No,No,No,No,Yes,Month-To-Month,Yes,Electronic Check,84.75,1816.75,No
1207-Blksa,Female,0,Yes,Yes,52,Yes,Yes,No,No Internet Service,No Internet Service,No Internet Service,No Internet Service,No Internet Service,No Internet Service,Two Year,No,Mailed Check,23.05,1255.1,No
4088-Yldsu,Male,0,Yes,No,55,Yes,Yes,Fiber Optic,No,No,Yes,Yes,Yes,Yes,One Year,Yes,Electronic Check,104.15,5743.05,Yes
8316-Bbqay,Female,0,No,No,65,No,No Phone Service,Dsl,Yes,No,Yes,Yes,Yes,Yes,Two Year,No,Credit Card (Automatic),59.95,3921.1,No
1166-Pqlgg,Female,0,Yes,Yes,72,Yes,No,No,No Internet Service,No Internet Service,No Internet Service,No Internet Service,No Internet Service,No Internet Service,Two Year,No,Bank Transfer (Automatic),19.55,1463.45,No
3146-Jtqhr,Male,0,Yes,No,10,Yes,No,No,No Internet Service,No Internet Service,No Internet Service,No Internet Service,No Internet Service,No Internet Service,One Year,No,Bank Transfer (Automatic),19.6,189.45,No
4291-Yzodp,Female,0,No,Yes,7,Yes,No,No,No Internet Service,No Internet Service,No Internet Service,No Internet Service,No Internet Service,No Internet Service,One Year,No,Mailed Check,20.05,96.8,No
4395-Pzmsn,Male,1,No,No,5,Yes,No,Fiber Optic,No,Yes,No,No,No,Yes,Month-To-Month,Yes,Electronic Check,85.55,408.5,No
6427-Fefig,Female,0,Yes,Yes,24,Yes,Yes,Dsl,Yes,No,Yes,No,Yes,Yes,Two Year,No,Credit Card (Automatic),78.6,1846.65,No
0017-Iudmw,Female,0,Yes,Yes,72,Yes,Yes,Fiber Optic,Yes,Yes,Yes,Yes,Yes,Yes,Two Year,Yes,Credit Card (Automatic),116.8,8456.75,No
8706-Hradd,Male,0,No,No,21,No,No Phone Service,Dsl,Yes,No,No,Yes,Yes,No,Month-To-Month,Yes,Mailed Check,43.55,1011.5,No
9955-Qopoy,Male,0,Yes,No,69,No,No Phone Service,Dsl,No,Yes,Yes,Yes,Yes,Yes,One Year,Yes,Credit Card (Automatic),60.8,4263.4,No
4385-Zkvnw,Male,0,Yes,Yes,44,Yes,No,Dsl,No,Yes,No,Yes,No,No,Month-To-Month,Yes,Bank Transfer (Automatic),54.9,2549.1,No
5446-Dkwyw,Female,1,Yes,Yes,61,Yes,Yes,Dsl,No,No,Yes,No,Yes,No,One Year,Yes,Electronic Check,65.2,3965.05,No
2034-Cgrhz,Male,1,No,No,24,Yes,Yes,Fiber Optic,No,Yes,Yes,No,Yes,Yes,Month-To-Month,Yes,Credit Card (Automatic),102.95,2496.7,Yes
5797-Apwzc,Female,0,No,No,1,Yes,No,Fiber Optic,No,No,No,No,Yes,Yes,Month-To-Month,No,Electronic Check,90.6,90.6,Yes
3683-Qkiue,Female,0,No,No,6,Yes,No,Dsl,No,No,No,Yes,No,No,Month-To-Month,Yes,Bank Transfer (Automatic),50.8,288.05,Yes
4228-Zgyuw,Male,0,No,No,4,Yes,Yes,Fiber Optic,No,Yes,No,No,No,Yes,Month-To-Month,Yes,Electronic Check,90.05,368.1,Yes
9031-Zvqpt,Male,0,Yes,No,72,Yes,Yes,Fiber Optic,No,Yes,Yes,Yes,Yes,Yes,Two Year,Yes,Electronic Check,108.2,7840.6,No
2990-Iajsv,Male,0,No,No,72,Yes,Yes,Dsl,Yes,Yes,Yes,Yes,Yes,Yes,Two Year,No,Bank Transfer (Automatic),92.0,6632.75,No
8107-Kncim,Male,1,Yes,No,14,Yes,Yes,Fiber Optic,No,No,No,No,No,No,Month-To-Month,Yes,Electronic Check,75.1,1013.35,No
9027-Yfhqj,Male,0,No,No,7,Yes,Yes,No,No Internet Service,No Internet Service,No Internet Service,No Internet Service,No Internet Service,No Internet Service,Month-To-Month,Yes,Bank Transfer (Automatic),25.05,152.95,No
5176-Ldkuh,Female,0,No,No,48,Yes,No,Fiber Optic,No,Yes,No,No,No,No,One Year,No,Electronic Check,75.15,3772.65,No
4644-Obgfz,Male,0,Yes,Yes,55,Yes,No,No,No Internet Service,No Internet Service,No Internet Service,No Internet Service,No Internet Service,No Internet Service,One Year,No,Mailed Check,19.5,1026.35,No
7926-Ijoou,Male,0,No,No,1,Yes,No,No,No Internet Service,No Internet Service,No Internet Service,No Internet Service,No Internet Service,No Internet Service,Month-To-Month,No,Credit Card (Automatic),19.3,19.3,No
6480-Yagiy,Male,0,No,No,45,Yes,No,Fiber Optic,Yes,Yes,Yes,Yes,Yes,Yes,One Year,No,Credit Card (Automatic),112.2,5031.85,No
4029-Hpfvy,Male,0,No,No,3,Yes,No,Fiber Optic,No,No,No,No,No,No,Month-To-Month,Yes,Mailed Check,70.3,220.4,No
7602-Dbtou,Female,0,Yes,No,71,Yes,No,No,No Internet Service,No Internet Service,No Internet Service,No Internet Service,No Internet Service,No Internet Service,Two Year,No,Mailed Check,19.6,1416.5,No
5345-Bmkwb,Male,0,Yes,No,8,Yes,No,No,No Internet Service,No Internet Service,No Internet Service,No Internet Service,No Internet Service,No Internet Service,Month-To-Month,No,Mailed Check,20.25,158.35,No
3519-Zkxgg,Female,0,Yes,No,3,Yes,Yes,Fiber Optic,No,No,No,No,No,No,Month-To-Month,Yes,Electronic Check,75.85,256.6,Yes
5457-Colht,Male,0,Yes,Yes,69,Yes,No,Dsl,Yes,Yes,No,Yes,Yes,Yes,Two Year,No,Bank Transfer (Automatic),80.65,5542.55,No
6416-Tvaih,Male,0,Yes,Yes,1,Yes,No,Fiber Optic,No,No,No,No,No,No,Month-To-Month,Yes,Electronic Check,68.5,68.5,Yes
5451-Yhypw,Female,1,Yes,No,72,Yes,Yes,Fiber Optic,Yes,Yes,Yes,Yes,Yes,Yes,Two Year,Yes,Credit Card (Automatic),115.75,8443.7,No
5108-Adxwo,Male,0,No,No,11,Yes,No,Fiber Optic,Yes,No,No,No,No,No,Month-To-Month,Yes,Electronic Check,73.5,791.75,Yes
7998-Wnzem,Male,0,No,No,71,Yes,Yes,Dsl,Yes,Yes,Yes,Yes,No,Yes,Two Year,No,Bank Transfer (Automatic),80.6,5708.2,No
3066-Rrjio,Female,0,No,No,1,Yes,No,Fiber Optic,No,No,No,No,No,No,Month-To-Month,Yes,Mailed Check,69.95,69.95,Yes
4664-Njcms,Female,0,Yes,No,33,No,No Phone Service,Dsl,Yes,No,Yes,Yes,Yes,Yes,Two Year,No,Bank Transfer (Automatic),59.55,2016.3,No
0307-Bcopk,Female,0,No,No,16,Yes,No,No,No Internet Service,No Internet Service,No Internet Service,No Internet Service,No Internet Service,No Internet Service,One Year,No,Mailed Check,19.05,326.65,No
7629-Wfglw,Female,1,Yes,No,56,Yes,Yes,Fiber Optic,Yes,Yes,Yes,Yes,No,No,One Year,No,Electronic Check,95.65,5471.75,No
2542-Hygiq,Female,0,No,No,1,Yes,No,No,No Internet Service,No Internet Service,No Internet Service,No Internet Service,No Internet Service,No Internet Service,Month-To-Month,No,Credit Card (Automatic),19.95,19.95,No
6715-Ofdbp,Male,0,No,No,5,Yes,No,Dsl,No,No,Yes,No,Yes,Yes,Month-To-Month,Yes,Electronic Check,70.05,346.4,Yes
5016-Lipdw,Male,0,Yes,Yes,57,Yes,No,No,No Internet Service,No Internet Service,No Internet Service,No Internet Service,No Internet Service,No Internet Service,One Year,No,Mailed Check,19.4,1061.6,No
6481-Lxpwl,Male,0,Yes,Yes,56,No,No Phone Service,Dsl,No,Yes,Yes,No,No,No,One Year,Yes,Credit Card (Automatic),36.1,1971.5,No
1567-Dscic,Male,0,No,No,8,Yes,Yes,Fiber Optic,No,Yes,Yes,No,Yes,No,Month-To-Month,Yes,Electronic Check,94.0,773.65,Yes
2150-Uwtfy,Female,0,Yes,Yes,22,Yes,No,Dsl,Yes,Yes,Yes,No,No,No,Month-To-Month,No,Mailed Check,61.15,1422.05,Yes
6124-Acrhj,Female,0,No,No,1,Yes,No,No,No Internet Service,No Internet Service,No Internet Service,No Internet Service,No Internet Service,No Internet Service,Month-To-Month,No,Mailed Check,19.75,19.75,No
9362-Mwodr,Female,0,No,Yes,40,Yes,No,Dsl,Yes,No,No,Yes,Yes,No,Month-To-Month,Yes,Credit Card (Automatic),64.1,2460.35,No
9975-Gpkzu,Male,0,Yes,Yes,46,Yes,No,No,No Internet Service,No Internet Service,No Internet Service,No Internet Service,No Internet Service,No Internet Service,Two Year,No,Credit Card (Automatic),19.75,856.5,No
9625-Rzfuk,Male,0,Yes,Yes,63,Yes,No,No,No Internet Service,No Internet Service,No Internet Service,No Internet Service,No Internet Service,No Internet Service,Two Year,No,Mailed Check,19.7,1275.85,No
5153-Lxkdt,Male,0,Yes,Yes,68,Yes,Yes,Fiber Optic,Yes,Yes,Yes,No,Yes,Yes,Two Year,Yes,Electronic Check,110.2,7467.5,No
5161-Ubzxi,Male,0,Yes,Yes,69,Yes,No,Fiber Optic,Yes,Yes,No,Yes,Yes,Yes,Two Year,Yes,Credit Card (Automatic),106.35,7261.75,No
1020-Jpqow,Female,0,Yes,No,56,Yes,Yes,Fiber Optic,No,Yes,Yes,Yes,No,No,Month-To-Month,No,Electronic Check,90.55,5116.6,No
7919-Zodzz,Female,0,Yes,Yes,10,Yes,No,Dsl,No,Yes,Yes,No,No,Yes,One Year,Yes,Mailed Check,65.9,660.05,No
0565-Jupyd,Male,0,No,No,63,Yes,Yes,Fiber Optic,Yes,Yes,Yes,Yes,Yes,No,One Year,No,Credit Card (Automatic),104.5,6590.8,No
6867-Acczi,Female,0,Yes,Yes,24,No,No Phone Service,Dsl,Yes,Yes,Yes,Yes,No,Yes,Two Year,Yes,Mailed Check,52.5,1208.15,No
5939-Xaixz,Female,0,No,No,19,Yes,Yes,Dsl,No,No,Yes,No,No,No,Month-To-Month,Yes,Mailed Check,56.1,1033.9,No
9054-Fownv,Male,0,Yes,Yes,22,Yes,Yes,Fiber Optic,No,No,Yes,No,Yes,No,Month-To-Month,Yes,Electronic Check,88.75,1885.15,No
2683-Bpjso,Male,0,Yes,No,29,Yes,Yes,Fiber Optic,Yes,Yes,No,No,No,No,Month-To-Month,Yes,Electronic Check,84.45,2467.1,Yes
2157-Mxbjs,Male,0,Yes,No,13,Yes,Yes,Dsl,No,No,Yes,No,Yes,Yes,One Year,Yes,Mailed Check,75.3,989.45,Yes
8207-Vvmyb,Female,0,Yes,No,70,Yes,Yes,No,No Internet Service,No Internet Service,No Internet Service,No Internet Service,No Internet Service,No Internet Service,Two Year,Yes,Bank Transfer (Automatic),26.0,2006.95,No
9732-Eqmwy,Female,0,Yes,No,49,Yes,No,Fiber Optic,No,Yes,Yes,No,Yes,Yes,Month-To-Month,No,Electronic Check,99.4,5025,No
9360-Ahgnl,Female,1,Yes,No,43,Yes,Yes,Fiber Optic,Yes,No,Yes,Yes,Yes,Yes,One Year,Yes,Mailed Check,109.55,4830.25,Yes
1087-Udsih,Female,0,No,No,3,Yes,No,No,No Internet Service,No Internet Service,No Internet Service,No Internet Service,No Internet Service,No Internet Service,Month-To-Month,Yes,Mailed Check,19.6,59.75,Yes
5269-Nrgdp,Male,0,Yes,Yes,42,Yes,No,Dsl,No,No,Yes,Yes,Yes,Yes,One Year,No,Electronic Check,73.15,3088.25,No
6195-Melti,Male,0,No,No,57,Yes,No,Dsl,No,Yes,No,Yes,No,No,One Year,Yes,Mailed Check,54.65,3134.7,No
5485-Wuywf,Male,1,No,No,2,Yes,No,Dsl,Yes,No,Yes,No,Yes,No,Month-To-Month,No,Bank Transfer (Automatic),66.4,94.55,Yes
2121-Jafom,Female,0,Yes,No,72,Yes,Yes,Fiber Optic,Yes,Yes,Yes,Yes,Yes,Yes,Two Year,Yes,Credit Card (Automatic),115.55,8312.4,No
8818-Dopvl,Female,1,No,No,46,Yes,Yes,Fiber Optic,No,Yes,Yes,No,Yes,Yes,Month-To-Month,Yes,Electronic Check,104.45,4863.85,No
2632-Ucgvd,Male,1,Yes,No,66,Yes,Yes,Fiber Optic,No,No,No,Yes,Yes,Yes,Month-To-Month,Yes,Credit Card (Automatic),100.05,6871.9,Yes
5445-Pzwgx,Male,0,No,No,62,Yes,Yes,Fiber Optic,Yes,Yes,No,Yes,No,Yes,One Year,No,Electronic Check,102.0,6529.25,Yes
1227-Udmzr,Female,0,Yes,No,72,Yes,Yes,Dsl,Yes,Yes,Yes,Yes,Yes,Yes,Two Year,Yes,Bank Transfer (Automatic),91.15,6637.9,No
5198-Hqaen,Male,0,Yes,Yes,35,Yes,No,Fiber Optic,No,Yes,No,Yes,Yes,No,One Year,Yes,Electronic Check,89.7,3165.6,No
9170-Cckou,Male,0,Yes,No,17,Yes,Yes,Fiber Optic,Yes,Yes,Yes,No,No,No,Month-To-Month,No,Credit Card (Automatic),90.2,1454.15,Yes
2167-Fqstq,Female,0,Yes,No,72,Yes,Yes,Dsl,Yes,Yes,Yes,Yes,Yes,Yes,Two Year,Yes,Electronic Check,92.4,6786.1,No
2819-Gweni,Female,0,Yes,Yes,28,Yes,No,No,No Internet Service,No Internet Service,No Internet Service,No Internet Service,No Internet Service,No Internet Service,One Year,No,Mailed Check,19.9,543,No
1043-Ycute,Male,0,Yes,No,56,Yes,Yes,No,No Internet Service,No Internet Service,No Internet Service,No Internet Service,No Internet Service,No Internet Service,Two Year,Yes,Credit Card (Automatic),25.15,1327.15,Yes
3814-Mlaxc,Female,0,No,No,31,Yes,Yes,Fiber Optic,No,No,No,Yes,No,No,Month-To-Month,Yes,Credit Card (Automatic),79.85,2404.15,Yes
3572-Uuhrs,Male,0,No,No,45,Yes,No,No,No Internet Service,No Internet Service,No Internet Service,No Internet Service,No Internet Service,No Internet Service,One Year,No,Bank Transfer (Automatic),18.85,867.3,No
2692-Pfytj,Female,0,No,No,1,Yes,Yes,No,No Internet Service,No Internet Service,No Internet Service,No Internet Service,No Internet Service,No Internet Service,Month-To-Month,Yes,Mailed Check,25.75,25.75,No
1226-Udfzr,Female,0,No,No,2,Yes,No,Dsl,No,Yes,No,No,No,No,Month-To-Month,Yes,Mailed Check,49.6,114.7,Yes
5955-Epoaz,Female,0,No,No,6,Yes,No,No,No Internet Service,No Internet Service,No Internet Service,No Internet Service,No Internet Service,No Internet Service,Month-To-Month,Yes,Mailed Check,20.95,109.5,No
6821-Jpcdc,Female,0,Yes,No,48,Yes,No,Fiber Optic,No,Yes,Yes,No,Yes,Yes,One Year,Yes,Electronic Check,97.05,4692.95,No
8815-Lmflx,Male,0,Yes,Yes,25,Yes,Yes,No,No Internet Service,No Internet Service,No Internet Service,No Internet Service,No Internet Service,No Internet Service,Month-To-Month,Yes,Bank Transfer (Automatic),25.4,546.85,No
9135-Hswoc,Male,0,Yes,Yes,64,Yes,No,No,No Internet Service,No Internet Service,No Internet Service,No Internet Service,No Internet Service,No Internet Service,Two Year,Yes,Bank Transfer (Automatic),19.7,1274.05,No
8582-Krhpj,Male,0,No,No,50,No,No Phone Service,Dsl,Yes,Yes,No,No,No,No,Month-To-Month,Yes,Mailed Check,35.0,1782.4,No
5811-Iwxym,Female,0,Yes,Yes,52,Yes,Yes,Fiber Optic,No,No,Yes,No,Yes,Yes,One Year,No,Bank Transfer (Automatic),101.25,5301.1,No
7044-Yaacc,Male,1,Yes,No,4,Yes,No,Fiber Optic,No,No,No,No,No,No,Month-To-Month,Yes,Electronic Check,70.2,280.35,No
8189-Xrike,Female,1,No,No,32,Yes,No,Fiber Optic,No,No,No,No,Yes,Yes,Month-To-Month,No,Electronic Check,90.95,2897.95,No
1506-Yjtyt,Male,0,Yes,Yes,45,Yes,Yes,Dsl,Yes,Yes,No,Yes,Yes,No,Two Year,No,Credit Card (Automatic),73.85,3371,No
4123-Dvhph,Male,0,Yes,No,9,Yes,Yes,Fiber Optic,Yes,No,No,No,No,Yes,Month-To-Month,Yes,Electronic Check,88.05,801.3,No
6425-Yqllo,Female,1,Yes,No,66,Yes,Yes,Fiber Optic,No,No,Yes,Yes,Yes,Yes,One Year,Yes,Credit Card (Automatic),105.95,6975.25,Yes
5442-Utcvd,Male,0,No,Yes,3,Yes,Yes,Fiber Optic,No,No,Yes,No,No,Yes,Month-To-Month,No,Electronic Check,91.85,257.05,Yes
2228-Bzdee,Female,0,No,No,54,Yes,No,No,No Internet Service,No Internet Service,No Internet Service,No Internet Service,No Internet Service,No Internet Service,Two Year,No,Mailed Check,20.1,1079.45,No
7734-Dboai,Female,0,Yes,Yes,1,No,No Phone Service,Dsl,No,No,No,Yes,Yes,No,Month-To-Month,No,Electronic Check,40.1,40.1,Yes
2789-Czanw,Female,0,Yes,Yes,64,Yes,Yes,Fiber Optic,Yes,Yes,No,Yes,Yes,Yes,Two Year,No,Bank Transfer (Automatic),110.3,6997.3,No
2091-Rffba,Female,1,No,No,31,Yes,Yes,Fiber Optic,No,No,No,No,No,No,Month-To-Month,Yes,Electronic Check,73.9,2217.15,Yes
2114-Mgina,Female,0,No,No,14,Yes,No,Fiber Optic,No,No,No,No,Yes,Yes,Month-To-Month,Yes,Mailed Check,89.8,1129.1,Yes
7596-Lduxp,Female,0,No,No,12,Yes,No,Fiber Optic,Yes,No,No,No,Yes,No,One Year,Yes,Credit Card (Automatic),85.15,979.05,No
3740-Rlmvt,Male,1,Yes,No,67,Yes,No,Dsl,Yes,Yes,No,Yes,No,No,One Year,Yes,Bank Transfer (Automatic),60.95,4119.4,No
4489-Snojf,Female,0,Yes,Yes,35,Yes,Yes,Dsl,Yes,No,Yes,Yes,Yes,No,Month-To-Month,No,Electronic Check,72.25,2568.55,Yes
2192-Ozitf,Female,0,No,No,45,Yes,Yes,Dsl,Yes,No,No,Yes,No,Yes,Two Year,No,Mailed Check,73.55,3349.1,No
5651-Cpdnd,Male,0,No,No,10,Yes,No,Dsl,No,No,No,No,No,No,Month-To-Month,No,Mailed Check,46.0,492.1,No
2186-Qzeya,Female,1,No,No,29,Yes,Yes,Dsl,Yes,Yes,No,No,No,No,Month-To-Month,Yes,Bank Transfer (Automatic),58.55,1718.95,No
1131-Alzwv,Female,0,No,No,24,Yes,Yes,No,No Internet Service,No Internet Service,No Internet Service,No Internet Service,No Internet Service,No Internet Service,One Year,No,Bank Transfer (Automatic),24.6,605.25,No
7729-Xbtwx,Male,0,Yes,Yes,66,Yes,No,No,No Internet Service,No Internet Service,No Internet Service,No Internet Service,No Internet Service,No Internet Service,Two Year,Yes,Mailed Check,19.75,1344.5,No
9134-Wyrvp,Male,0,No,No,51,Yes,No,Fiber Optic,Yes,No,No,No,Yes,No,One Year,No,Mailed Check,86.35,4267.15,No
3284-Svcro,Female,0,Yes,No,45,Yes,Yes,No,No Internet Service,No Internet Service,No Internet Service,No Internet Service,No Internet Service,No Internet Service,Two Year,No,Mailed Check,25.5,1121.05,No
9732-Ouyrn,Female,0,Yes,No,49,Yes,No,No,No Internet Service,No Internet Service,No Internet Service,No Internet Service,No Internet Service,No Internet Service,One Year,No,Credit Card (Automatic),19.0,918.7,No
0559-Ckhus,Female,0,Yes,No,29,Yes,No,No,No Internet Service,No Internet Service,No Internet Service,No Internet Service,No Internet Service,No Internet Service,Two Year,Yes,Mailed Check,19.55,521.8,No
2931-Svltv,Male,0,Yes,Yes,40,Yes,Yes,Fiber Optic,Yes,Yes,No,Yes,Yes,Yes,Month-To-Month,Yes,Credit Card (Automatic),110.1,4469.1,No
6899-Ppeea,Female,1,No,No,37,Yes,Yes,Fiber Optic,No,No,No,No,Yes,Yes,Month-To-Month,Yes,Electronic Check,96.55,3580.3,Yes
7504-Uwhnb,Male,0,No,No,25,Yes,No,Fiber Optic,No,No,No,No,No,No,Month-To-Month,No,Electronic Check,69.75,1729.35,No
2582-Fffzr,Female,0,No,No,22,No,No Phone Service,Dsl,No,No,Yes,No,Yes,Yes,Month-To-Month,Yes,Electronic Check,50.6,1073.3,No
8908-Nmqtx,Male,0,No,No,72,No,No Phone Service,Dsl,Yes,Yes,Yes,Yes,Yes,Yes,Two Year,Yes,Bank Transfer (Automatic),65.6,4566.5,No
2187-Lzgpl,Female,0,No,No,7,No,No Phone Service,Dsl,No,Yes,No,No,No,Yes,Month-To-Month,Yes,Credit Card (Automatic),40.1,293.3,Yes
1431-Aidjq,Male,0,Yes,Yes,33,Yes,No,Dsl,No,Yes,Yes,Yes,Yes,Yes,Two Year,No,Credit Card (Automatic),82.1,2603.1,No
6288-Lbear,Female,0,No,No,23,Yes,No,Fiber Optic,No,Yes,No,Yes,No,No,Month-To-Month,Yes,Mailed Check,79.1,1783.75,No
4597-Nucqv,Male,1,No,No,24,Yes,Yes,Fiber Optic,No,Yes,No,No,Yes,Yes,Month-To-Month,Yes,Electronic Check,101.25,2440.15,Yes
9019-Qvlzd,Female,0,No,No,1,Yes,No,Fiber Optic,No,No,No,No,Yes,No,Month-To-Month,No,Electronic Check,79.55,79.55,Yes
8413-Ynhnv,Male,0,No,No,69,Yes,Yes,Dsl,Yes,Yes,Yes,Yes,Yes,Yes,Two Year,No,Mailed Check,90.65,6322.1,No
5808-Totxo,Female,0,No,Yes,3,Yes,No,No,No Internet Service,No Internet Service,No Internet Service,No Internet Service,No Internet Service,No Internet Service,One Year,Yes,Credit Card (Automatic),20.55,57.4,No
4369-Nyscf,Male,0,No,No,56,Yes,No,Dsl,No,Yes,No,Yes,Yes,Yes,One Year,Yes,Bank Transfer (Automatic),75.75,4284.65,No
6333-Ydvlt,Male,0,No,No,65,Yes,Yes,Fiber Optic,Yes,No,Yes,Yes,Yes,Yes,One Year,Yes,Credit Card (Automatic),110.0,7138.65,No
5324-Ktgcg,Male,0,Yes,No,71,Yes,No,No,No Internet Service,No Internet Service,No Internet Service,No Internet Service,No Internet Service,No Internet Service,One Year,No,Electronic Check,20.85,1539.75,No
5599-Hvltw,Female,1,No,No,14,Yes,Yes,Fiber Optic,No,No,Yes,No,No,No,Month-To-Month,Yes,Bank Transfer (Automatic),80.35,1058.1,No
7394-Lwlyn,Female,0,No,No,2,Yes,No,Fiber Optic,No,No,No,No,No,No,Month-To-Month,Yes,Electronic Check,70.15,123.8,No
3707-Lrwzd,Female,0,No,No,32,Yes,Yes,Fiber Optic,No,No,No,No,Yes,No,One Year,No,Electronic Check,84.05,2781.85,Yes
6873-Udnld,Male,0,No,No,40,Yes,No,Dsl,Yes,No,Yes,No,No,Yes,Month-To-Month,No,Electronic Check,67.45,2731,No
2700-Lueva,Male,0,No,No,1,Yes,No,No,No Internet Service,No Internet Service,No Internet Service,No Internet Service,No Internet Service,No Internet Service,Month-To-Month,No,Credit Card (Automatic),20.75,20.75,No
1455-Esiqh,Male,0,No,No,1,Yes,No,Fiber Optic,No,No,No,No,Yes,Yes,Month-To-Month,Yes,Electronic Check,89.1,89.1,Yes
0958-Yhxgp,Female,0,No,No,7,Yes,No,Fiber Optic,No,No,No,No,No,No,Month-To-Month,Yes,Mailed Check,69.9,497.3,No
1101-Sswag,Female,0,Yes,No,15,Yes,Yes,Dsl,No,No,No,No,No,No,Month-To-Month,Yes,Electronic Check,51.1,711.15,No
2979-Sxese,Female,0,Yes,Yes,17,Yes,Yes,Fiber Optic,Yes,No,Yes,No,Yes,No,Month-To-Month,No,Electronic Check,94.4,1607.2,Yes
4013-Tldhq,Male,0,No,No,19,Yes,No,Fiber Optic,No,Yes,Yes,No,No,No,Month-To-Month,Yes,Electronic Check,78.25,1490.95,Yes
5743-Khmna,Male,0,No,No,71,Yes,Yes,No,No Internet Service,No Internet Service,No Internet Service,No Internet Service,No Internet Service,No Internet Service,Two Year,No,Bank Transfer (Automatic),25.55,1898.1,No
4194-Fjarj,Female,0,Yes,Yes,54,Yes,Yes,Dsl,Yes,No,No,Yes,No,No,Two Year,No,Bank Transfer (Automatic),60.0,3273.95,No
5325-Uwtwj,Male,0,Yes,No,31,Yes,Yes,Fiber Optic,Yes,Yes,No,Yes,No,No,Month-To-Month,Yes,Credit Card (Automatic),90.55,2929.75,No
3969-Gyxel,Female,0,No,No,11,Yes,No,Fiber Optic,Yes,No,No,No,No,No,Month-To-Month,No,Electronic Check,76.4,838.7,No
9208-Olgaq,Female,1,No,No,18,Yes,No,Fiber Optic,No,No,Yes,No,No,Yes,Month-To-Month,Yes,Electronic Check,84.95,1443.65,No
3244-Cqphu,Female,1,No,No,72,Yes,Yes,Fiber Optic,Yes,Yes,No,Yes,Yes,Yes,Two Year,Yes,Bank Transfer (Automatic),110.1,7746.7,No
2674-Mlxmn,Female,1,No,No,71,Yes,Yes,Fiber Optic,No,Yes,No,No,Yes,Yes,Month-To-Month,Yes,Credit Card (Automatic),99.65,6951.15,No
9708-Hpxwz,Male,1,No,No,5,No,No Phone Service,Dsl,No,No,Yes,Yes,Yes,No,Month-To-Month,No,Credit Card (Automatic),45.4,214.75,No
6992-Tknyo,Male,0,Yes,No,38,Yes,Yes,Dsl,No,No,Yes,Yes,No,Yes,One Year,No,Credit Card (Automatic),69.0,2669.45,No
4468-Ydovk,Male,0,No,Yes,5,Yes,No,Dsl,No,No,No,Yes,No,No,Month-To-Month,Yes,Bank Transfer (Automatic),48.65,235.2,No
3754-Dxmrt,Male,1,No,No,2,Yes,No,Dsl,No,No,No,No,No,No,Month-To-Month,Yes,Electronic Check,44.15,92.65,Yes
5792-Jalqc,Female,1,No,No,52,Yes,Yes,Dsl,Yes,No,Yes,No,No,No,Two Year,No,Bank Transfer (Automatic),59.85,3103.25,No
7130-Vtewq,Female,1,No,No,8,Yes,Yes,Fiber Optic,No,No,No,No,No,No,Month-To-Month,Yes,Electronic Check,75.75,606.25,Yes
2200-Dsaal,Female,0,No,No,68,Yes,Yes,Dsl,No,Yes,Yes,No,Yes,Yes,Two Year,Yes,Electronic Check,80.65,5330.2,No
4302-Zyfel,Male,0,Yes,Yes,69,Yes,No,No,No Internet Service,No Internet Service,No Internet Service,No Internet Service,No Internet Service,No Internet Service,One Year,Yes,Credit Card (Automatic),20.55,1403.1,No
9351-Lzygf,Female,0,Yes,No,42,Yes,Yes,Dsl,Yes,Yes,No,Yes,No,No,Month-To-Month,Yes,Credit Card (Automatic),66.4,2727.8,No
4366-Ctouz,Female,0,No,No,50,Yes,No,Fiber Optic,No,Yes,No,Yes,Yes,Yes,Two Year,Yes,Mailed Check,100.2,5038.45,No
6121-Vznqb,Female,0,No,No,1,Yes,No,No,No Internet Service,No Internet Service,No Internet Service,No Internet Service,No Internet Service,No Internet Service,Month-To-Month,Yes,Mailed Check,19.1,19.1,Yes
7903-Cmpey,Male,1,Yes,No,1,Yes,Yes,Fiber Optic,Yes,No,No,No,No,No,Month-To-Month,Yes,Electronic Check,80.3,80.3,Yes
1518-Omdik,Male,0,Yes,No,33,Yes,No,Dsl,No,No,No,No,No,No,Month-To-Month,Yes,Credit Card (Automatic),44.55,1462.6,No
6671-Ngwon,Female,0,No,No,7,Yes,No,No,No Internet Service,No Internet Service,No Internet Service,No Internet Service,No Internet Service,No Internet Service,Month-To-Month,No,Mailed Check,20.35,150.6,No
0595-Itudf,Male,0,Yes,Yes,64,Yes,Yes,Fiber Optic,Yes,Yes,Yes,No,No,No,Month-To-Month,Yes,Electronic Check,91.8,5960.5,No
6996-Knsml,Female,0,No,No,1,Yes,No,Fiber Optic,No,No,Yes,No,No,No,Month-To-Month,Yes,Electronic Check,74.9,74.9,Yes
1955-Ibmmb,Male,0,No,No,59,Yes,No,No,No Internet Service,No Internet Service,No Internet Service,No Internet Service,No Internet Service,No Internet Service,Two Year,Yes,Bank Transfer (Automatic),20.2,1192.3,No
0096-Bxers,Female,0,Yes,No,6,Yes,Yes,Dsl,No,No,No,No,No,No,Month-To-Month,No,Electronic Check,50.35,314.55,No
3806-Yazov,Female,0,No,No,3,Yes,No,No,No Internet Service,No Internet Service,No Internet Service,No Internet Service,No Internet Service,No Internet Service,Month-To-Month,No,Mailed Check,18.8,56,No
7998-Zlxwn,Female,0,Yes,No,15,Yes,No,No,No Internet Service,No Internet Service,No Internet Service,No Internet Service,No Internet Service,No Internet Service,Month-To-Month,No,Credit Card (Automatic),20.45,330.8,No
6253-Wrfhy,Male,0,Yes,Yes,13,Yes,No,Dsl,No,No,No,No,Yes,Yes,One Year,Yes,Electronic Check,64.75,877.35,No
9133-Ayjzg,Female,0,No,No,23,Yes,Yes,Fiber Optic,No,Yes,No,No,Yes,Yes,Month-To-Month,Yes,Credit Card (Automatic),98.7,2249.1,No
2675-Otvvj,Male,1,Yes,No,31,Yes,Yes,Fiber Optic,Yes,No,No,No,Yes,No,Month-To-Month,No,Electronic Check,89.45,2807.65,No
8680-Cgltp,Male,0,No,No,29,Yes,No,Dsl,Yes,Yes,No,Yes,No,No,One Year,Yes,Electronic Check,58.75,1696.2,No
8430-Twcbx,Female,0,Yes,No,49,Yes,No,No,No Internet Service,No Internet Service,No Internet Service,No Internet Service,No Internet Service,No Internet Service,One Year,No,Credit Card (Automatic),20.7,1032.05,No
5018-Gwuro,Female,0,Yes,No,56,Yes,Yes,Fiber Optic,No,No,No,No,Yes,No,Month-To-Month,Yes,Bank Transfer (Automatic),85.6,4902.8,No
6741-Qrlup,Female,0,No,No,63,Yes,Yes,Dsl,Yes,Yes,Yes,Yes,No,Yes,Two Year,Yes,Credit Card (Automatic),80.3,4995.35,No
4737-Hobax,Male,0,Yes,No,63,Yes,Yes,Dsl,No,No,Yes,Yes,Yes,Yes,Two Year,No,Credit Card (Automatic),79.8,5034.05,No
0537-Qyzzn,Male,1,Yes,Yes,24,Yes,Yes,Fiber Optic,Yes,No,No,No,No,No,Month-To-Month,Yes,Electronic Check,79.85,1857.75,No
3340-Qbbfm,Male,1,Yes,No,36,Yes,No,Dsl,No,No,Yes,Yes,No,No,One Year,No,Credit Card (Automatic),54.1,1992.85,No
1704-Nrwye,Female,1,No,No,9,Yes,No,Fiber Optic,No,No,No,No,Yes,No,Month-To-Month,Yes,Electronic Check,80.85,751.65,Yes
2592-Seifq,Male,0,No,No,3,No,No Phone Service,Dsl,No,No,No,No,No,No,Month-To-Month,No,Electronic Check,24.75,66.95,Yes
8200-Klnyw,Female,0,Yes,No,21,Yes,No,Dsl,Yes,No,Yes,Yes,Yes,Yes,One Year,No,Mailed Check,80.9,1714.95,No
3372-Cdxfj,Male,0,Yes,Yes,13,Yes,Yes,No,No Internet Service,No Internet Service,No Internet Service,No Internet Service,No Internet Service,No Internet Service,One Year,No,Bank Transfer (Automatic),24.5,343.6,No
4781-Zxygu,Male,0,Yes,Yes,1,Yes,No,No,No Internet Service,No Internet Service,No Internet Service,No Internet Service,No Internet Service,No Internet Service,Month-To-Month,Yes,Bank Transfer (Automatic),20.15,20.15,No
7632-Yutxb,Female,0,Yes,Yes,25,Yes,No,No,No Internet Service,No Internet Service,No Internet Service,No Internet Service,No Internet Service,No Internet Service,One Year,No,Mailed Check,20.05,520.1,No
2718-Yskcs,Male,0,Yes,Yes,71,Yes,No,No,No Internet Service,No Internet Service,No Internet Service,No Internet Service,No Internet Service,No Internet Service,Two Year,Yes,Bank Transfer (Automatic),19.6,1387.45,No
9896-Uymie,Male,0,No,No,66,Yes,Yes,Fiber Optic,Yes,Yes,Yes,Yes,Yes,Yes,One Year,Yes,Bank Transfer (Automatic),114.3,7383.7,No
0853-Nwifk,Female,0,No,No,45,Yes,No,Fiber Optic,Yes,Yes,No,No,Yes,Yes,One Year,Yes,Electronic Check,100.3,4483.95,No
8212-Crqxp,Female,0,Yes,No,22,Yes,No,Fiber Optic,No,No,No,No,Yes,No,Month-To-Month,Yes,Credit Card (Automatic),80.0,1706.45,No
6980-Cdgfc,Female,0,Yes,No,67,Yes,No,No,No Internet Service,No Internet Service,No Internet Service,No Internet Service,No Internet Service,No Internet Service,One Year,Yes,Bank Transfer (Automatic),20.85,1327.4,No
7691-Xvtzh,Female,0,Yes,No,68,Yes,Yes,Fiber Optic,No,No,Yes,No,Yes,No,Two Year,Yes,Bank Transfer (Automatic),89.95,5974.3,No
2520-Sgtta,Female,0,Yes,Yes,0,Yes,No,No,No Internet Service,No Internet Service,No Internet Service,No Internet Service,No Internet Service,No Internet Service,Two Year,No,Mailed Check,20.0,,No
7481-Atqqs,Female,1,No,No,49,Yes,Yes,Fiber Optic,No,No,Yes,No,No,Yes,Month-To-Month,Yes,Credit Card (Automatic),90.85,4515.85,Yes
2277-Vwcni,Female,1,No,No,4,Yes,Yes,Dsl,No,No,No,No,No,No,Month-To-Month,No,Mailed Check,48.75,179.85,No
1088-Cnnkb,Male,0,Yes,No,63,Yes,Yes,Dsl,Yes,Yes,Yes,Yes,No,Yes,One Year,No,Credit Card (Automatic),80.0,5040.2,No
8642-Gvwrf,Female,0,Yes,No,2,Yes,No,Fiber Optic,No,Yes,Yes,No,No,No,Month-To-Month,No,Bank Transfer (Automatic),79.7,165,Yes
1930-Bzlhi,Male,0,No,No,21,Yes,No,No,No Internet Service,No Internet Service,No Internet Service,No Internet Service,No Internet Service,No Internet Service,One Year,Yes,Mailed Check,20.35,422.7,No
3400-Esfuw,Male,0,Yes,Yes,55,Yes,No,Dsl,Yes,Yes,No,Yes,No,No,Two Year,No,Bank Transfer (Automatic),57.55,3046.4,Yes
5868-Ytyks,Male,0,No,Yes,1,Yes,No,No,No Internet Service,No Internet Service,No Internet Service,No Internet Service,No Internet Service,No Internet Service,Month-To-Month,Yes,Mailed Check,20.25,20.25,No
3525-Dvkfn,Female,0,No,No,17,Yes,No,No,No Internet Service,No Internet Service,No Internet Service,No Internet Service,No Internet Service,No Internet Service,Two Year,No,Mailed Check,19.4,358.05,No
1482-Oxzsy,Male,0,No,No,30,Yes,Yes,Fiber Optic,Yes,No,No,No,Yes,Yes,Month-To-Month,Yes,Bank Transfer (Automatic),100.4,2936.25,No
0377-Jbkkt,Male,0,Yes,Yes,22,Yes,No,Dsl,Yes,Yes,No,Yes,No,No,Month-To-Month,Yes,Mailed Check,57.95,1271.8,No
5778-Bvofb,Female,0,No,No,9,Yes,No,Dsl,No,No,No,Yes,Yes,No,Month-To-Month,Yes,Bank Transfer (Automatic),59.5,530.05,No
3373-Yzzym,Male,0,Yes,Yes,1,Yes,No,No,No Internet Service,No Internet Service,No Internet Service,No Internet Service,No Internet Service,No Internet Service,Month-To-Month,No,Mailed Check,19.2,19.2,No
2057-Zblpd,Female,0,Yes,No,21,Yes,Yes,Fiber Optic,No,No,No,No,No,Yes,Month-To-Month,Yes,Electronic Check,86.5,1808.7,Yes
0228-Mauwc,Male,0,No,No,19,Yes,Yes,Dsl,No,No,Yes,Yes,No,No,Month-To-Month,No,Electronic Check,59.55,1144.6,No
5502-Rluyv,Female,0,Yes,Yes,69,Yes,Yes,Fiber Optic,No,Yes,Yes,No,Yes,Yes,Month-To-Month,Yes,Electronic Check,103.95,7446.9,Yes
0023-Hghwl,Male,1,No,No,1,No,No Phone Service,Dsl,No,No,No,No,No,No,Month-To-Month,Yes,Electronic Check,25.1,25.1,Yes
7663-Yjhsn,Female,0,Yes,No,72,Yes,Yes,Fiber Optic,Yes,Yes,Yes,Yes,Yes,No,Two Year,Yes,Bank Transfer (Automatic),103.95,7556.9,No
4915-Bfsxl,Male,0,Yes,Yes,70,Yes,Yes,Dsl,Yes,No,Yes,No,Yes,No,Two Year,No,Credit Card (Automatic),68.95,4858.7,No
3086-Rucrn,Female,0,No,No,66,Yes,Yes,Fiber Optic,Yes,Yes,Yes,Yes,No,Yes,Month-To-Month,Yes,Bank Transfer (Automatic),103.1,6595,No
5215-Lnldj,Female,0,Yes,Yes,7,No,No Phone Service,Dsl,No,No,No,No,No,No,Month-To-Month,Yes,Electronic Check,24.7,149.05,No
7576-Jmywv,Female,1,Yes,Yes,46,Yes,Yes,Fiber Optic,Yes,Yes,No,Yes,Yes,Yes,Month-To-Month,Yes,Electronic Check,110.2,4972.1,No
9039-Rbeee,Male,0,No,No,39,No,No Phone Service,Dsl,Yes,Yes,No,Yes,Yes,No,Month-To-Month,Yes,Credit Card (Automatic),48.95,1880.85,Yes
0257-Kxzgu,Female,0,Yes,Yes,32,Yes,Yes,Dsl,No,Yes,Yes,No,No,No,Month-To-Month,No,Bank Transfer (Automatic),62.45,2045.55,No
1307-Atkgb,Male,0,No,No,24,Yes,No,Fiber Optic,No,Yes,Yes,No,No,Yes,Month-To-Month,Yes,Electronic Check,89.55,2187.15,No
8417-Fmlzi,Male,0,Yes,Yes,6,Yes,No,Fiber Optic,No,Yes,No,No,No,Yes,Month-To-Month,Yes,Credit Card (Automatic),83.55,477.55,Yes
3714-Xpxbw,Female,0,No,No,37,Yes,Yes,Dsl,Yes,Yes,Yes,Yes,Yes,No,Month-To-Month,Yes,Credit Card (Automatic),78.9,2976.95,No
1850-Akqep,Male,0,No,Yes,8,Yes,No,No,No Internet Service,No Internet Service,No Internet Service,No Internet Service,No Internet Service,No Internet Service,Month-To-Month,No,Mailed Check,20.35,178.7,No
2824-Dxnkn,Female,0,Yes,Yes,72,Yes,Yes,Dsl,Yes,No,Yes,No,Yes,No,Two Year,Yes,Bank Transfer (Automatic),71.45,5025.85,No
5227-Jscfe,Male,1,Yes,No,71,No,No Phone Service,Dsl,Yes,Yes,Yes,Yes,No,No,Two Year,No,Credit Card (Automatic),46.35,3353.4,No
0848-Zgqij,Female,0,Yes,No,16,Yes,No,Fiber Optic,No,Yes,No,No,Yes,Yes,Month-To-Month,Yes,Bank Transfer (Automatic),94.65,1461.15,No
3621-Chyvb,Female,0,Yes,No,57,No,No Phone Service,Dsl,Yes,No,Yes,Yes,No,Yes,Month-To-Month,Yes,Bank Transfer (Automatic),49.9,2782.4,No
8042-Rnlko,Male,0,No,No,66,Yes,Yes,No,No Internet Service,No Internet Service,No Internet Service,No Internet Service,No Internet Service,No Internet Service,One Year,No,Bank Transfer (Automatic),25.45,1699.15,No
1792-Uxafy,Female,1,No,No,17,Yes,No,Fiber Optic,No,Yes,Yes,No,Yes,No,Month-To-Month,Yes,Electronic Check,89.15,1496.9,Yes
5372-Fbkbn,Female,0,No,Yes,21,Yes,No,No,No Internet Service,No Internet Service,No Internet Service,No Internet Service,No Internet Service,No Internet Service,Month-To-Month,No,Mailed Check,20.75,452.2,No
0420-Txvsg,Male,0,Yes,No,66,Yes,Yes,Dsl,Yes,Yes,Yes,No,No,No,Two Year,Yes,Credit Card (Automatic),66.1,4428.45,No
6217-Towgs,Female,0,Yes,No,17,Yes,Yes,Dsl,No,Yes,No,No,Yes,Yes,Month-To-Month,Yes,Bank Transfer (Automatic),75.4,1322.55,No
0515-Ypmcw,Male,0,No,Yes,1,Yes,No,Fiber Optic,No,No,No,No,No,No,Month-To-Month,Yes,Mailed Check,70.45,70.45,Yes
0378-Xszpu,Male,0,Yes,No,58,Yes,No,Dsl,Yes,Yes,Yes,No,No,No,One Year,No,Credit Card (Automatic),60.3,3563.8,Yes
1045-Ltcyt,Female,0,Yes,Yes,8,Yes,No,No,No Internet Service,No Internet Service,No Internet Service,No Internet Service,No Internet Service,No Internet Service,Month-To-Month,No,Credit Card (Automatic),21.05,139.75,No
1544-Jjmyl,Male,0,No,No,27,Yes,No,Dsl,Yes,No,Yes,Yes,Yes,No,One Year,No,Credit Card (Automatic),69.35,1927.3,No
4636-Jgaai,Male,0,Yes,No,34,Yes,Yes,Fiber Optic,No,Yes,No,No,No,Yes,Month-To-Month,No,Mailed Check,88.85,3000.25,No
6874-Sglhu,Male,0,No,No,30,Yes,No,Fiber Optic,No,Yes,No,No,Yes,Yes,One Year,Yes,Bank Transfer (Automatic),97.0,3021.3,No
5951-Aofih,Male,0,No,No,33,Yes,No,Dsl,No,Yes,Yes,No,Yes,No,Month-To-Month,Yes,Credit Card (Automatic),66.4,2245.4,No
4729-Xkasr,Male,0,No,Yes,1,No,No Phone Service,Dsl,No,No,No,No,No,No,Month-To-Month,No,Electronic Check,24.75,24.75,Yes
3059-Ngmxb,Male,0,Yes,Yes,14,Yes,Yes,Dsl,Yes,Yes,No,No,No,Yes,Month-To-Month,No,Mailed Check,69.2,944.65,No
8652-Yhiyu,Female,0,No,Yes,16,Yes,Yes,Fiber Optic,No,No,No,Yes,No,No,One Year,Yes,Credit Card (Automatic),79.5,1264.2,No
5278-Pnyox,Female,0,No,No,49,Yes,No,Fiber Optic,No,No,Yes,Yes,Yes,Yes,Two Year,No,Credit Card (Automatic),100.65,4917.75,No
5449-Fibxj,Male,0,Yes,Yes,19,Yes,Yes,Fiber Optic,No,No,Yes,Yes,Yes,Yes,Month-To-Month,No,Electronic Check,103.3,2012.7,Yes
3486-Hoogq,Female,0,Yes,Yes,70,Yes,Yes,Dsl,Yes,Yes,Yes,Yes,Yes,No,Two Year,No,Bank Transfer (Automatic),79.7,5743.3,No
5061-Pbxfw,Female,0,Yes,Yes,32,Yes,No,Dsl,Yes,Yes,No,Yes,No,No,Month-To-Month,No,Bank Transfer (Automatic),61.4,1864.65,No
8630-Fjlib,Female,0,No,No,18,Yes,No,Fiber Optic,No,No,No,No,No,No,Month-To-Month,Yes,Electronic Check,69.8,1221.65,No
3891-Nlxjb,Male,0,No,No,37,No,No Phone Service,Dsl,Yes,Yes,No,Yes,No,No,Two Year,Yes,Mailed Check,40.55,1390.85,No
4749-Ojkqu,Female,0,No,No,4,Yes,Yes,Fiber Optic,No,No,No,No,No,No,Month-To-Month,Yes,Electronic Check,75.65,302.35,No
0577-Whmev,Female,0,Yes,No,16,Yes,Yes,Fiber Optic,Yes,Yes,Yes,No,No,No,Month-To-Month,No,Electronic Check,90.7,1374.9,No
5453-Axepf,Male,0,Yes,No,17,Yes,Yes,Fiber Optic,No,Yes,No,No,No,No,Month-To-Month,Yes,Bank Transfer (Automatic),80.5,1336.9,No
3639-Xjhkq,Female,0,No,Yes,19,Yes,No,Dsl,Yes,Yes,Yes,No,No,No,Month-To-Month,Yes,Electronic Check,60.6,1297.8,No
3716-Lrgxk,Male,0,Yes,No,60,Yes,Yes,Fiber Optic,No,No,Yes,No,Yes,Yes,Two Year,No,Credit Card (Automatic),101.15,6067.4,No
2263-Sfsqz,Male,0,Yes,Yes,51,Yes,Yes,No,No Internet Service,No Internet Service,No Internet Service,No Internet Service,No Internet Service,No Internet Service,Two Year,Yes,Mailed Check,24.95,1222.25,No
9950-Mtgyx,Male,0,Yes,Yes,28,Yes,No,No,No Internet Service,No Internet Service,No Internet Service,No Internet Service,No Internet Service,No Internet Service,Two Year,Yes,Credit Card (Automatic),20.3,487.95,No
3397-Avtku,Male,0,No,No,43,Yes,No,Dsl,No,Yes,No,No,No,Yes,Two Year,Yes,Electronic Check,60.0,2548.55,No
4825-Furez,Male,0,Yes,No,42,Yes,No,No,No Internet Service,No Internet Service,No Internet Service,No Internet Service,No Internet Service,No Internet Service,Two Year,No,Electronic Check,20.25,835.5,No
9837-Bmclm,Male,0,No,No,3,Yes,No,Fiber Optic,No,No,No,No,Yes,No,Month-To-Month,Yes,Electronic Check,78.5,242.05,Yes
2672-Ojqzp,Female,0,No,No,1,Yes,No,Dsl,No,No,No,No,No,No,Month-To-Month,No,Mailed Check,44.75,44.75,No
0137-Udeuo,Female,0,No,No,3,Yes,No,No,No Internet Service,No Internet Service,No Internet Service,No Internet Service,No Internet Service,No Internet Service,Month-To-Month,No,Mailed Check,19.85,63.75,Yes
3134-Dshvc,Female,0,No,No,63,Yes,Yes,Fiber Optic,Yes,Yes,Yes,No,Yes,No,Two Year,No,Credit Card (Automatic),98.0,6218.45,No
6161-Uuuta,Male,1,No,No,3,Yes,No,Fiber Optic,No,No,No,No,Yes,No,Month-To-Month,Yes,Electronic Check,79.9,260.9,Yes
7821-Dprqe,Male,0,Yes,No,68,Yes,Yes,Fiber Optic,Yes,Yes,No,Yes,Yes,Yes,Month-To-Month,Yes,Electronic Check,107.7,7320.9,No
6543-Xrmyr,Female,1,No,No,30,Yes,Yes,Fiber Optic,No,Yes,No,No,Yes,Yes,Month-To-Month,Yes,Electronic Check,99.7,2967.35,Yes
2001-Ewbqu,Female,0,No,No,60,Yes,Yes,Fiber Optic,No,Yes,Yes,No,Yes,Yes,Two Year,No,Electronic Check,104.7,6333.8,No
4925-Lmhok,Male,0,No,No,15,Yes,Yes,Dsl,No,Yes,No,Yes,No,No,Month-To-Month,Yes,Credit Card (Automatic),58.6,939.7,Yes
1608-Gmewb,Male,1,No,No,45,Yes,Yes,Fiber Optic,No,No,No,No,Yes,Yes,Month-To-Month,Yes,Bank Transfer (Automatic),93.9,4200.25,No
6695-Amzuf,Female,0,Yes,No,70,Yes,No,Dsl,Yes,Yes,Yes,Yes,Yes,Yes,Two Year,No,Credit Card (Automatic),86.45,5950.2,No
1455-Ugqvh,Male,0,Yes,No,10,Yes,Yes,Fiber Optic,No,No,Yes,No,Yes,Yes,Month-To-Month,Yes,Electronic Check,98.5,1037.75,Yes
8410-Bgqxn,Male,0,No,No,4,Yes,No,No,No Internet Service,No Internet Service,No Internet Service,No Internet Service,No Internet Service,No Internet Service,Month-To-Month,No,Mailed Check,19.4,93.4,No
8280-Mqrqn,Female,0,No,No,1,Yes,No,Dsl,No,No,Yes,No,No,No,Month-To-Month,Yes,Mailed Check,50.45,50.45,Yes
1619-Ywubb,Female,0,Yes,No,68,Yes,Yes,No,No Internet Service,No Internet Service,No Internet Service,No Internet Service,No Internet Service,No Internet Service,Two Year,Yes,Credit Card (Automatic),24.95,1614.9,No
7611-Ykytc,Male,0,Yes,Yes,22,Yes,No,Fiber Optic,Yes,No,No,No,No,No,Month-To-Month,No,Bank Transfer (Automatic),75.0,1573.95,No
2037-Sgxhh,Male,0,Yes,Yes,38,Yes,Yes,Fiber Optic,No,Yes,Yes,No,Yes,No,Month-To-Month,Yes,Electronic Check,94.65,3624.3,Yes
3178-Feszo,Female,0,No,No,1,Yes,Yes,Fiber Optic,No,Yes,No,No,Yes,Yes,Month-To-Month,Yes,Credit Card (Automatic),100.25,100.25,Yes
0365-Gxezs,Male,0,Yes,No,18,Yes,No,Fiber Optic,No,No,Yes,Yes,No,No,Month-To-Month,No,Electronic Check,78.2,1468.75,No
0082-Oqiqy,Male,0,No,No,29,Yes,No,Fiber Optic,No,No,No,Yes,Yes,Yes,Month-To-Month,Yes,Electronic Check,94.2,2607.6,No
6087-Mvhjh,Female,0,No,No,16,Yes,Yes,Fiber Optic,No,No,Yes,No,No,Yes,Month-To-Month,Yes,Electronic Check,88.45,1422.1,Yes
4603-Janfb,Male,0,No,No,1,Yes,No,Fiber Optic,No,No,No,No,No,No,Month-To-Month,Yes,Electronic Check,69.85,69.85,Yes
3018-Tftsu,Male,0,No,No,12,Yes,No,Fiber Optic,Yes,No,Yes,No,No,No,Month-To-Month,No,Bank Transfer (Automatic),81.7,858.6,Yes
3606-Sbkry,Male,0,No,No,31,No,No Phone Service,Dsl,No,No,Yes,No,Yes,Yes,One Year,Yes,Electronic Check,50.05,1523.4,No
4806-Kexqr,Male,0,No,No,4,Yes,No,Fiber Optic,No,No,No,No,No,Yes,Month-To-Month,Yes,Electronic Check,79.9,324.3,Yes
0667-Nsrgi,Female,0,Yes,No,48,Yes,Yes,Dsl,No,No,Yes,Yes,No,Yes,One Year,Yes,Mailed Check,69.55,3435.6,No
7083-Ynsky,Female,0,No,No,15,Yes,Yes,No,No Internet Service,No Internet Service,No Internet Service,No Internet Service,No Internet Service,No Internet Service,Month-To-Month,Yes,Credit Card (Automatic),25.4,399.6,Yes
6893-Odyye,Male,0,No,No,50,Yes,No,Fiber Optic,Yes,Yes,Yes,Yes,No,No,One Year,Yes,Credit Card (Automatic),90.1,4549.45,No
8242-Jsvbo,Male,0,No,No,7,Yes,No,Dsl,No,No,No,No,No,No,Month-To-Month,Yes,Bank Transfer (Automatic),44.65,322.5,No
2479-Bramr,Male,1,Yes,No,41,Yes,Yes,Fiber Optic,Yes,No,Yes,No,No,No,Month-To-Month,Yes,Bank Transfer (Automatic),83.75,3273.55,Yes
9541-Zpsea,Male,0,Yes,Yes,68,Yes,No,Fiber Optic,Yes,No,Yes,No,No,No,Two Year,No,Credit Card (Automatic),80.35,5375.15,No
2665-Nptgl,Female,1,Yes,No,26,Yes,Yes,Fiber Optic,No,No,Yes,No,Yes,Yes,Month-To-Month,Yes,Bank Transfer (Automatic),98.1,2510.7,No
1139-Wuoah,Male,0,No,No,57,No,No Phone Service,Dsl,No,No,Yes,Yes,Yes,Yes,Two Year,No,Credit Card (Automatic),53.35,3090.05,No
4693-Vwvbo,Female,0,No,No,3,Yes,No,No,No Internet Service,No Internet Service,No Internet Service,No Internet Service,No Internet Service,No Internet Service,Month-To-Month,No,Electronic Check,19.55,61.05,No
7434-Shxls,Female,0,No,No,1,Yes,No,No,No Internet Service,No Internet Service,No Internet Service,No Internet Service,No Internet Service,No Internet Service,Month-To-Month,No,Mailed Check,20.9,20.9,Yes
6937-Gcdgq,Male,0,Yes,Yes,19,Yes,No,Dsl,Yes,No,No,No,No,No,One Year,Yes,Bank Transfer (Automatic),48.95,955.6,No
0988-Jrwwp,Female,0,No,No,3,Yes,No,Dsl,No,No,No,No,Yes,No,Month-To-Month,Yes,Electronic Check,54.2,140.4,No
5075-Jsdki,Female,0,No,No,59,Yes,Yes,No,No Internet Service,No Internet Service,No Internet Service,No Internet Service,No Internet Service,No Internet Service,Two Year,No,Electronic Check,24.45,1493.1,No
7908-Qcbca,Female,0,Yes,No,1,Yes,No,Fiber Optic,No,No,No,No,No,No,Month-To-Month,Yes,Mailed Check,69.4,69.4,Yes
8644-Xytsv,Male,0,Yes,No,42,No,No Phone Service,Dsl,Yes,No,No,No,Yes,No,Month-To-Month,Yes,Bank Transfer (Automatic),40.15,1626.05,No
6711-Fldfb,Female,0,No,No,7,Yes,Yes,Fiber Optic,No,No,No,No,No,No,Month-To-Month,Yes,Electronic Check,74.9,541.15,Yes
3873-Wosbc,Male,0,Yes,No,67,Yes,Yes,No,No Internet Service,No Internet Service,No Internet Service,No Internet Service,No Internet Service,No Internet Service,Two Year,No,Credit Card (Automatic),25.6,1784.9,No
7465-Zzrvx,Male,0,No,No,1,Yes,No,Fiber Optic,No,No,No,No,No,No,Month-To-Month,Yes,Electronic Check,70.35,70.35,No
7975-Jmznt,Male,0,Yes,No,66,Yes,Yes,Dsl,Yes,Yes,Yes,Yes,Yes,Yes,Two Year,No,Bank Transfer (Automatic),91.7,6075.9,No
7251-Xfoil,Female,0,No,No,61,Yes,Yes,Fiber Optic,No,No,Yes,No,No,Yes,Month-To-Month,No,Mailed Check,89.2,5500.6,No
4116-Iqrfr,Male,0,Yes,Yes,4,Yes,Yes,No,No Internet Service,No Internet Service,No Internet Service,No Internet Service,No Internet Service,No Internet Service,One Year,No,Credit Card (Automatic),24.1,73.1,No
3714-Jtvov,Female,1,Yes,No,42,Yes,No,Fiber Optic,Yes,No,No,No,No,No,Month-To-Month,Yes,Credit Card (Automatic),74.15,3229.4,Yes
8259-Dzliz,Female,0,Yes,Yes,64,Yes,Yes,Dsl,No,Yes,No,No,No,No,One Year,Yes,Bank Transfer (Automatic),53.85,3399.85,No
0442-Zxkvs,Female,1,Yes,No,54,Yes,Yes,Fiber Optic,Yes,Yes,Yes,Yes,Yes,Yes,One Year,Yes,Bank Transfer (Automatic),115.6,6431.05,No
7853-Wnzsy,Male,0,No,No,1,Yes,No,No,No Internet Service,No Internet Service,No Internet Service,No Internet Service,No Internet Service,No Internet Service,Month-To-Month,Yes,Credit Card (Automatic),19.75,19.75,No
3120-Fazkd,Male,0,Yes,Yes,54,Yes,Yes,No,No Internet Service,No Internet Service,No Internet Service,No Internet Service,No Internet Service,No Internet Service,Two Year,Yes,Bank Transfer (Automatic),24.05,1230.9,No
8606-Oegqz,Female,0,No,Yes,18,Yes,Yes,No,No Internet Service,No Internet Service,No Internet Service,No Internet Service,No Internet Service,No Internet Service,Two Year,No,Credit Card (Automatic),25.3,454.65,No
0225-Zorzp,Male,0,No,No,3,Yes,No,Fiber Optic,No,Yes,No,No,No,Yes,Month-To-Month,No,Electronic Check,84.3,235.05,No
4702-Ioqdc,Female,0,No,No,1,Yes,No,Fiber Optic,No,No,No,No,No,No,Month-To-Month,Yes,Electronic Check,70.1,70.1,Yes
9489-Jmttn,Female,0,Yes,Yes,72,Yes,Yes,Dsl,Yes,Yes,Yes,Yes,Yes,Yes,Two Year,No,Credit Card (Automatic),89.75,6595.9,No
0575-Cuqov,Male,1,Yes,No,60,Yes,No,Fiber Optic,No,Yes,Yes,No,Yes,Yes,One Year,Yes,Electronic Check,97.95,5867,No
0967-Bmlbd,Female,0,Yes,Yes,11,Yes,No,No,No Internet Service,No Internet Service,No Internet Service,No Internet Service,No Internet Service,No Internet Service,One Year,Yes,Mailed Check,20.0,196.35,No
6178-Kfnhs,Female,0,No,Yes,12,Yes,Yes,Fiber Optic,Yes,No,No,No,No,No,Month-To-Month,Yes,Electronic Check,78.3,909.25,Yes
2830-Lewoa,Male,0,Yes,Yes,61,Yes,No,Fiber Optic,No,Yes,Yes,Yes,Yes,Yes,One Year,No,Credit Card (Automatic),103.9,6449.15,No
5006-Mxvrn,Female,0,No,No,39,Yes,No,No,No Internet Service,No Internet Service,No Internet Service,No Internet Service,No Internet Service,No Internet Service,Two Year,No,Credit Card (Automatic),20.7,762.45,No
1264-Bywms,Male,0,No,No,55,Yes,Yes,Fiber Optic,No,No,No,No,Yes,Yes,Month-To-Month,Yes,Electronic Check,96.8,5283.95,Yes
9658-Wyufb,Female,0,No,No,17,Yes,Yes,Fiber Optic,Yes,Yes,No,No,Yes,No,Month-To-Month,Yes,Electronic Check,94.4,1617.5,Yes
8327-Wkmie,Male,0,No,No,37,Yes,No,No,No Internet Service,No Internet Service,No Internet Service,No Internet Service,No Internet Service,No Internet Service,One Year,No,Credit Card (Automatic),20.15,785.75,No
6917-Fijhc,Female,0,Yes,No,72,Yes,Yes,No,No Internet Service,No Internet Service,No Internet Service,No Internet Service,No Internet Service,No Internet Service,Two Year,Yes,Mailed Check,26.0,1776,No
5329-Krdtm,Male,1,Yes,No,72,Yes,Yes,Dsl,No,Yes,Yes,Yes,Yes,No,Two Year,No,Credit Card (Automatic),77.35,5396.25,No
7797-Ejmdp,Female,0,No,No,8,Yes,No,Dsl,Yes,No,No,Yes,No,Yes,Month-To-Month,No,Bank Transfer (Automatic),66.05,574.5,No
3530-Vwvgu,Female,0,Yes,Yes,22,Yes,No,No,No Internet Service,No Internet Service,No Internet Service,No Internet Service,No Internet Service,No Internet Service,Month-To-Month,No,Mailed Check,19.9,400.3,No
2013-Sgdxk,Female,0,No,No,1,Yes,No,Fiber Optic,No,Yes,No,No,Yes,No,Month-To-Month,No,Electronic Check,84.3,84.3,Yes
6368-Nwmce,Female,0,No,No,38,Yes,Yes,Dsl,No,Yes,No,Yes,No,Yes,Month-To-Month,No,Credit Card (Automatic),68.15,2656.3,No
3633-Cdbuw,Male,0,No,Yes,17,Yes,No,Dsl,No,Yes,Yes,Yes,Yes,Yes,One Year,No,Electronic Check,80.85,1445.95,No
0707-Hovvn,Female,1,No,No,70,Yes,Yes,Dsl,No,Yes,Yes,Yes,Yes,No,Two Year,Yes,Bank Transfer (Automatic),75.5,5212.65,No
8580-Qvloc,Female,1,Yes,Yes,72,Yes,Yes,Dsl,Yes,Yes,Yes,Yes,Yes,Yes,Two Year,No,Credit Card (Automatic),92.45,6440.25,Yes
3956-Mgxog,Female,0,No,No,28,Yes,No,Fiber Optic,No,No,No,No,No,Yes,Month-To-Month,Yes,Electronic Check,80.6,2244.95,No
9274-Uarkj,Female,0,No,No,15,Yes,No,Fiber Optic,No,Yes,No,No,Yes,No,Month-To-Month,Yes,Bank Transfer (Automatic),83.2,1130,No
4077-Hwuyd,Male,0,Yes,Yes,72,Yes,Yes,Dsl,Yes,Yes,Yes,Yes,Yes,Yes,Two Year,Yes,Bank Transfer (Automatic),87.55,6463.15,No
2012-Nwrpa,Female,1,Yes,No,11,Yes,Yes,Fiber Optic,No,No,Yes,No,Yes,Yes,Month-To-Month,Yes,Electronic Check,99.55,1131.2,Yes
8808-Eleho,Male,1,No,No,8,Yes,Yes,Fiber Optic,No,No,Yes,No,No,No,Month-To-Month,Yes,Electronic Check,81.25,585.95,Yes
0103-Csitq,Female,0,Yes,No,57,Yes,Yes,Fiber Optic,No,Yes,Yes,Yes,Yes,Yes,One Year,Yes,Bank Transfer (Automatic),109.4,6252.7,No
3506-Lcjdc,Male,0,Yes,Yes,1,Yes,No,No,No Internet Service,No Internet Service,No Internet Service,No Internet Service,No Internet Service,No Internet Service,Month-To-Month,No,Bank Transfer (Automatic),19.95,19.95,Yes
8671-Kkkos,Female,0,Yes,No,46,No,No Phone Service,Dsl,Yes,Yes,No,No,Yes,No,Month-To-Month,No,Electronic Check,45.55,2062.15,No
7305-Zwmaj,Male,0,Yes,No,30,Yes,No,No,No Internet Service,No Internet Service,No Internet Service,No Internet Service,No Internet Service,No Internet Service,One Year,No,Credit Card (Automatic),20.7,587.1,No
9518-Xxbxe,Male,1,Yes,No,10,Yes,No,Fiber Optic,Yes,No,No,No,No,No,Month-To-Month,No,Electronic Check,75.3,720.45,No
3934-Hxcfz,Male,0,Yes,No,23,Yes,Yes,Fiber Optic,Yes,Yes,Yes,No,Yes,No,Month-To-Month,Yes,Electronic Check,99.25,2186.4,Yes
6578-Krmaw,Male,0,No,No,32,Yes,No,Fiber Optic,Yes,Yes,Yes,No,No,Yes,Month-To-Month,Yes,Credit Card (Automatic),93.4,2979.3,No
4860-Ijude,Male,0,No,No,13,Yes,No,Fiber Optic,Yes,No,No,No,No,No,Month-To-Month,Yes,Credit Card (Automatic),73.75,956.65,No
7666-Wkron,Female,0,No,No,39,Yes,No,Fiber Optic,No,No,Yes,Yes,No,No,Two Year,Yes,Electronic Check,80.45,3201.55,Yes
9688-Ygxvr,Female,0,No,No,44,Yes,No,Fiber Optic,No,Yes,Yes,No,Yes,No,Month-To-Month,Yes,Credit Card (Automatic),88.15,3973.2,No
0423-Udijq,Male,1,No,No,9,Yes,No,Dsl,No,No,No,Yes,No,No,Month-To-Month,No,Mailed Check,49.2,447.9,No
1945-Xisks,Female,0,Yes,No,67,Yes,No,No,No Internet Service,No Internet Service,No Internet Service,No Internet Service,No Internet Service,No Internet Service,Two Year,No,Mailed Check,19.65,1335.2,No
4910-Aqffx,Male,0,Yes,Yes,9,Yes,Yes,Fiber Optic,No,No,Yes,No,No,No,Month-To-Month,Yes,Bank Transfer (Automatic),79.35,661.25,Yes
2154-Kvjff,Female,0,No,No,15,Yes,Yes,Fiber Optic,No,Yes,No,No,No,No,Month-To-Month,Yes,Electronic Check,79.75,1111.85,Yes
5360-Ljcnj,Female,0,Yes,No,71,Yes,Yes,Fiber Optic,No,Yes,Yes,No,Yes,Yes,Two Year,Yes,Bank Transfer (Automatic),105.15,7555,No
2607-Fbdff,Male,0,No,No,1,Yes,No,Dsl,No,No,No,Yes,No,No,Month-To-Month,No,Credit Card (Automatic),49.0,49,No
9647-Ergbe,Female,0,Yes,Yes,30,Yes,Yes,Fiber Optic,No,No,Yes,No,Yes,Yes,Month-To-Month,Yes,Electronic Check,100.05,3046.15,Yes
3428-Xzmaz,Male,0,No,No,1,Yes,No,Fiber Optic,No,No,No,No,No,No,Month-To-Month,Yes,Electronic Check,69.35,69.35,Yes
1100-Ddvrv,Male,0,Yes,No,17,No,No Phone Service,Dsl,No,Yes,No,No,Yes,Yes,Month-To-Month,Yes,Mailed Check,49.8,836.35,No
0378-Tovms,Female,0,No,No,3,Yes,No,Fiber Optic,No,No,No,Yes,No,Yes,Month-To-Month,No,Electronic Check,85.8,272.2,Yes
4355-Hbjhh,Male,0,Yes,Yes,67,Yes,Yes,Dsl,Yes,No,Yes,No,Yes,Yes,Two Year,Yes,Electronic Check,79.7,5293.4,Yes
6728-Wyqbc,Male,0,No,No,1,Yes,No,No,No Internet Service,No Internet Service,No Internet Service,No Internet Service,No Internet Service,No Internet Service,Month-To-Month,No,Bank Transfer (Automatic),20.95,20.95,No
9058-Cbreo,Female,1,No,No,1,Yes,Yes,Dsl,No,No,No,No,No,No,Month-To-Month,No,Mailed Check,50.55,50.55,Yes
9029-Fegvj,Female,1,Yes,No,32,Yes,Yes,Fiber Optic,No,No,Yes,No,No,No,Month-To-Month,No,Mailed Check,79.3,2570,No
7216-Kaoid,Male,0,Yes,Yes,41,Yes,No,No,No Internet Service,No Internet Service,No Internet Service,No Internet Service,No Internet Service,No Internet Service,One Year,No,Bank Transfer (Automatic),19.5,798.2,No
0318-Quuob,Male,0,Yes,No,1,Yes,No,Fiber Optic,No,No,No,No,Yes,No,Month-To-Month,Yes,Electronic Check,80.55,80.55,Yes
6145-Nnpno,Female,0,No,No,1,Yes,No,Dsl,No,No,No,No,No,No,Month-To-Month,No,Bank Transfer (Automatic),44.15,44.15,No
5520-Fvewj,Female,0,Yes,Yes,12,Yes,Yes,Fiber Optic,No,Yes,Yes,No,No,No,Month-To-Month,Yes,Electronic Check,84.5,916.9,Yes
5339-Tjfek,Male,0,Yes,Yes,62,Yes,Yes,Fiber Optic,Yes,Yes,No,No,Yes,Yes,Month-To-Month,Yes,Electronic Check,105.5,6487.2,No
5572-Zdxhy,Female,0,No,No,22,Yes,No,Fiber Optic,No,Yes,No,No,No,Yes,Month-To-Month,Yes,Mailed Check,84.3,1855.65,Yes
2074-Guhpq,Female,0,No,Yes,17,Yes,Yes,Fiber Optic,No,Yes,Yes,Yes,No,No,Month-To-Month,Yes,Credit Card (Automatic),92.7,1556.85,No
4625-Xmoym,Female,0,Yes,Yes,72,Yes,Yes,No,No Internet Service,No Internet Service,No Internet Service,No Internet Service,No Internet Service,No Internet Service,Two Year,Yes,Bank Transfer (Automatic),26.25,1988.05,No
5827-Mwczk,Male,0,Yes,Yes,56,Yes,Yes,Fiber Optic,No,Yes,No,Yes,Yes,No,Month-To-Month,Yes,Credit Card (Automatic),96.95,5432.2,No
1385-Tqozw,Female,0,No,No,9,Yes,No,No,No Internet Service,No Internet Service,No Internet Service,No Internet Service,No Internet Service,No Internet Service,Month-To-Month,Yes,Credit Card (Automatic),20.45,147.55,No
5914-Xrfqb,Male,0,Yes,No,72,Yes,Yes,Fiber Optic,Yes,Yes,Yes,Yes,Yes,Yes,Two Year,Yes,Bank Transfer (Automatic),115.8,8424.9,No
4329-Ypddq,Male,0,No,No,20,Yes,No,Fiber Optic,Yes,Yes,Yes,Yes,Yes,Yes,Month-To-Month,Yes,Bank Transfer (Automatic),108.2,2203.7,No
4804-Ncpet,Male,0,Yes,Yes,19,Yes,No,No,No Internet Service,No Internet Service,No Internet Service,No Internet Service,No Internet Service,No Internet Service,Two Year,No,Mailed Check,20.2,387.4,No
3750-Ckvkh,Male,0,No,No,2,Yes,No,Fiber Optic,No,No,No,No,No,No,Month-To-Month,Yes,Electronic Check,67.75,116.65,Yes
5944-Ugllk,Male,0,No,No,53,No,No Phone Service,Dsl,No,No,Yes,Yes,Yes,Yes,One Year,No,Credit Card (Automatic),54.9,3045.75,No
8063-Gbatb,Female,1,No,No,27,Yes,Yes,Fiber Optic,No,No,No,No,No,Yes,Month-To-Month,Yes,Electronic Check,85.25,2287.25,Yes
7787-Bntzm,Male,0,No,No,6,Yes,No,No,No Internet Service,No Internet Service,No Internet Service,No Internet Service,No Internet Service,No Internet Service,Month-To-Month,No,Bank Transfer (Automatic),20.15,130.5,No
2252-Isrnh,Male,0,Yes,Yes,9,Yes,Yes,Fiber Optic,No,No,Yes,No,Yes,No,One Year,Yes,Electronic Check,90.35,767.9,No
9415-Tpkrv,Female,0,Yes,Yes,8,Yes,Yes,Dsl,No,Yes,No,No,No,No,Month-To-Month,No,Electronic Check,55.75,446.8,No
5322-Teujk,Female,0,Yes,Yes,71,Yes,Yes,Fiber Optic,Yes,Yes,Yes,Yes,Yes,Yes,Two Year,No,Bank Transfer (Automatic),114.6,8100.25,No
4547-Kqrtm,Female,0,No,No,10,Yes,Yes,Fiber Optic,No,Yes,No,No,No,No,Month-To-Month,Yes,Bank Transfer (Automatic),80.05,830.7,Yes
4877-Evatk,Male,0,No,No,1,Yes,No,No,No Internet Service,No Internet Service,No Internet Service,No Internet Service,No Internet Service,No Internet Service,Month-To-Month,No,Mailed Check,20.0,20,Yes
1866-Dioqz,Female,0,Yes,No,71,No,No Phone Service,Dsl,Yes,Yes,Yes,Yes,Yes,Yes,One Year,No,Bank Transfer (Automatic),66.8,4689.15,No
8375-Kvthk,Male,0,Yes,No,68,Yes,No,Fiber Optic,No,Yes,No,Yes,Yes,Yes,One Year,Yes,Electronic Check,100.3,6754.35,No
2697-Nqbpf,Male,0,No,No,34,Yes,Yes,Fiber Optic,No,Yes,No,Yes,Yes,Yes,Month-To-Month,Yes,Electronic Check,105.35,3540.65,No
3709-Oijea,Male,0,No,No,26,Yes,No,Fiber Optic,No,Yes,Yes,Yes,No,No,One Year,Yes,Electronic Check,85.2,2184.6,No
7639-Supcw,Female,0,No,No,22,Yes,No,Dsl,Yes,No,No,No,No,No,Month-To-Month,Yes,Credit Card (Automatic),48.8,1054.6,Yes
1386-Zikuv,Male,0,No,No,7,Yes,No,No,No Internet Service,No Internet Service,No Internet Service,No Internet Service,No Internet Service,No Internet Service,Month-To-Month,Yes,Mailed Check,18.95,130.55,No
0599-Xnydo,Female,0,Yes,No,20,Yes,No,Fiber Optic,No,No,No,No,No,No,Month-To-Month,Yes,Bank Transfer (Automatic),69.8,1540.35,No
6377-Whaox,Female,0,Yes,No,60,Yes,Yes,Fiber Optic,No,Yes,Yes,No,Yes,Yes,Month-To-Month,Yes,Electronic Check,106.15,6411.25,No
6855-Vlgos,Male,0,Yes,Yes,72,Yes,No,No,No Internet Service,No Internet Service,No Internet Service,No Internet Service,No Internet Service,No Internet Service,Two Year,No,Electronic Check,20.55,1432.55,No
8999-Xxgns,Female,1,Yes,No,72,Yes,Yes,Fiber Optic,No,Yes,Yes,No,Yes,Yes,One Year,Yes,Credit Card (Automatic),105.75,7629.85,No
8746-Oqqrw,Male,0,No,No,4,Yes,Yes,No,No Internet Service,No Internet Service,No Internet Service,No Internet Service,No Internet Service,No Internet Service,Month-To-Month,No,Mailed Check,25.25,101.9,No
3181-Mizbn,Male,0,Yes,Yes,16,Yes,No,No,No Internet Service,No Internet Service,No Internet Service,No Internet Service,No Internet Service,No Internet Service,Month-To-Month,No,Electronic Check,19.75,313.4,No
0471-Arvmx,Female,1,Yes,No,62,Yes,Yes,Fiber Optic,Yes,No,Yes,No,Yes,Yes,One Year,Yes,Electronic Check,104.85,6312.9,No
7766-Cltic,Female,0,No,No,10,Yes,No,Dsl,No,No,No,Yes,No,Yes,Month-To-Month,Yes,Mailed Check,60.95,629.55,No
5650-Yliba,Male,0,No,No,31,Yes,Yes,Fiber Optic,No,Yes,No,No,No,No,Month-To-Month,Yes,Electronic Check,81.15,2640.55,No
0825-Cppqh,Female,0,Yes,No,71,Yes,No,No,No Internet Service,No Internet Service,No Internet Service,No Internet Service,No Internet Service,No Internet Service,Two Year,No,Credit Card (Automatic),19.1,1372.45,No
9084-Oaykl,Male,0,No,No,58,Yes,No,No,No Internet Service,No Internet Service,No Internet Service,No Internet Service,No Internet Service,No Internet Service,Two Year,No,Mailed Check,20.8,1212.25,No
6122-Ljada,Male,0,Yes,Yes,70,Yes,Yes,Dsl,Yes,Yes,Yes,Yes,Yes,Yes,Two Year,Yes,Credit Card (Automatic),90.15,6237.05,No
2400-Xiwio,Female,0,Yes,No,71,Yes,Yes,Dsl,Yes,Yes,Yes,Yes,Yes,Yes,Two Year,No,Electronic Check,90.1,6310.9,No
7524-Vrlpl,Male,1,No,No,69,Yes,Yes,Dsl,Yes,No,Yes,Yes,No,Yes,Two Year,No,Credit Card (Automatic),74.1,5031,No
1069-Xaiem,Female,1,No,No,1,Yes,Yes,Fiber Optic,No,No,No,No,No,Yes,Month-To-Month,Yes,Electronic Check,85.05,85.05,Yes
7569-Nmzyq,Female,0,Yes,Yes,72,Yes,Yes,Fiber Optic,Yes,Yes,Yes,Yes,Yes,Yes,Two Year,Yes,Bank Transfer (Automatic),118.75,8672.45,No
5201-Ussqz,Female,0,Yes,No,26,Yes,No,Fiber Optic,No,No,No,Yes,No,Yes,Month-To-Month,No,Credit Card (Automatic),85.9,2196.45,No
2105-Phwon,Female,0,Yes,No,33,Yes,Yes,Fiber Optic,No,No,Yes,Yes,No,Yes,Month-To-Month,Yes,Credit Card (Automatic),95.0,3008.15,No
1494-Ejzdw,Female,0,Yes,Yes,10,Yes,No,No,No Internet Service,No Internet Service,No Internet Service,No Internet Service,No Internet Service,No Internet Service,Two Year,No,Mailed Check,20.15,220.8,No
4884-Tvuqf,Female,1,No,No,57,Yes,Yes,Fiber Optic,Yes,No,Yes,Yes,No,Yes,Two Year,No,Credit Card (Automatic),101.3,5779.6,No
8003-Ewndz,Female,0,No,No,10,Yes,No,No,No Internet Service,No Internet Service,No Internet Service,No Internet Service,No Internet Service,No Internet Service,Month-To-Month,Yes,Electronic Check,21.2,222.65,No
1897-Rcfum,Female,0,Yes,Yes,39,Yes,Yes,No,No Internet Service,No Internet Service,No Internet Service,No Internet Service,No Internet Service,No Internet Service,One Year,Yes,Mailed Check,24.2,914.6,No
9256-Jtbnz,Female,0,No,No,11,Yes,No,No,No Internet Service,No Internet Service,No Internet Service,No Internet Service,No Internet Service,No Internet Service,Month-To-Month,No,Bank Transfer (Automatic),20.3,246.3,No
4658-Hcohw,Female,0,Yes,Yes,21,Yes,No,Fiber Optic,No,Yes,Yes,Yes,Yes,Yes,Month-To-Month,Yes,Electronic Check,102.8,2110.15,Yes
2211-Rmnho,Female,0,Yes,Yes,68,Yes,Yes,Dsl,No,Yes,Yes,Yes,Yes,Yes,Two Year,No,Bank Transfer (Automatic),85.3,5560,No
2432-Tfsmk,Male,0,No,No,18,Yes,Yes,Fiber Optic,No,No,Yes,No,Yes,No,One Year,Yes,Credit Card (Automatic),89.6,1633,No
3440-Jpscl,Female,0,No,No,6,Yes,No,Fiber Optic,No,No,Yes,Yes,Yes,Yes,Month-To-Month,Yes,Mailed Check,99.95,547.65,Yes
4929-Roart,Male,0,No,No,18,Yes,Yes,Dsl,Yes,No,No,No,No,No,Month-To-Month,No,Mailed Check,56.25,969.85,No
1834-Abkhq,Female,0,Yes,Yes,52,Yes,No,Dsl,No,No,Yes,No,No,No,One Year,Yes,Bank Transfer (Automatic),50.95,2610.65,No
1741-Wtpon,Male,0,Yes,Yes,56,Yes,Yes,Fiber Optic,Yes,Yes,Yes,Yes,Yes,Yes,Two Year,No,Mailed Check,115.85,6567.9,No
3932-Ijwdz,Male,0,No,No,45,Yes,Yes,Fiber Optic,No,No,Yes,Yes,Yes,Yes,Month-To-Month,Yes,Bank Transfer (Automatic),103.65,4747.85,No
1240-Hcboh,Female,0,No,No,67,Yes,Yes,No,No Internet Service,No Internet Service,No Internet Service,No Internet Service,No Internet Service,No Internet Service,Two Year,Yes,Mailed Check,26.1,1759.55,No
3594-Kadlu,Male,0,Yes,No,3,No,No Phone Service,Dsl,Yes,No,No,Yes,No,No,Month-To-Month,No,Mailed Check,35.1,101.1,No
8065-Bvepf,Male,1,No,No,65,Yes,No,Fiber Optic,No,Yes,Yes,No,Yes,Yes,Month-To-Month,Yes,Bank Transfer (Automatic),99.1,6496.15,No
3796-Enzgf,Male,0,Yes,No,63,Yes,Yes,Dsl,No,Yes,No,Yes,No,Yes,Two Year,No,Mailed Check,67.25,4234.15,No
1734-Zmntz,Female,0,Yes,Yes,11,Yes,Yes,No,No Internet Service,No Internet Service,No Internet Service,No Internet Service,No Internet Service,No Internet Service,Two Year,No,Mailed Check,25.0,300.7,No
2853-Cwqfq,Male,0,No,Yes,1,Yes,No,Dsl,No,No,No,Yes,No,Yes,Month-To-Month,Yes,Mailed Check,59.55,59.55,No
0813-Taxxs,Male,0,No,No,55,Yes,Yes,Dsl,No,No,Yes,No,Yes,Yes,Two Year,Yes,Bank Transfer (Automatic),77.8,4323.35,No
2519-Twkfs,Male,0,Yes,Yes,25,Yes,Yes,Dsl,No,No,No,Yes,No,No,One Year,Yes,Mailed Check,55.1,1466.1,No
2889-Fpwrm,Male,0,Yes,No,72,Yes,Yes,Fiber Optic,Yes,Yes,Yes,Yes,Yes,Yes,One Year,Yes,Bank Transfer (Automatic),117.8,8684.8,Yes
0626-Qxngv,Female,0,Yes,No,72,Yes,Yes,No,No Internet Service,No Internet Service,No Internet Service,No Internet Service,No Internet Service,No Internet Service,Two Year,Yes,Credit Card (Automatic),24.15,1776.45,No
6723-Cegqi,Female,0,No,Yes,65,No,No Phone Service,Dsl,No,Yes,No,Yes,Yes,No,Two Year,No,Mailed Check,45.25,2933.95,No
6987-Xqsjt,Female,1,No,No,54,Yes,Yes,Fiber Optic,No,Yes,No,No,No,No,Month-To-Month,Yes,Electronic Check,79.5,4370.25,Yes
4732-Rrjzc,Male,0,Yes,Yes,7,Yes,No,No,No Internet Service,No Internet Service,No Internet Service,No Internet Service,No Internet Service,No Internet Service,Month-To-Month,No,Mailed Check,20.25,144.35,No
9499-Xpzxm,Female,0,Yes,No,72,Yes,Yes,Dsl,Yes,Yes,No,Yes,No,No,Two Year,No,Bank Transfer (Automatic),64.75,4804.75,No
4338-Eycer,Male,0,Yes,No,21,Yes,No,Dsl,No,No,No,No,Yes,No,Month-To-Month,No,Bank Transfer (Automatic),54.6,1125.2,No
3007-Fdpea,Female,0,No,No,2,Yes,No,No,No Internet Service,No Internet Service,No Internet Service,No Internet Service,No Internet Service,No Internet Service,Month-To-Month,Yes,Bank Transfer (Automatic),20.7,39.85,No
6350-Xfygw,Male,1,No,No,4,Yes,No,Fiber Optic,No,No,Yes,No,Yes,Yes,Month-To-Month,Yes,Electronic Check,94.75,422.4,No
4290-Bsxux,Male,0,Yes,No,3,Yes,Yes,Fiber Optic,No,No,No,Yes,No,No,Month-To-Month,Yes,Bank Transfer (Automatic),79.65,251.75,Yes
8513-Olygy,Male,0,Yes,No,72,Yes,Yes,Fiber Optic,Yes,Yes,Yes,Yes,Yes,Yes,Two Year,No,Credit Card (Automatic),115.8,8332.15,No
0311-Qywss,Female,0,No,No,6,Yes,No,Dsl,Yes,No,No,No,No,No,Month-To-Month,Yes,Electronic Check,49.45,314.6,No
8705-Dwkti,Male,0,No,No,52,Yes,No,Fiber Optic,No,No,Yes,No,No,Yes,Month-To-Month,Yes,Credit Card (Automatic),83.8,4331.4,No
8755-Iwjhn,Male,1,Yes,No,69,Yes,Yes,Fiber Optic,No,Yes,Yes,No,No,Yes,Month-To-Month,Yes,Bank Transfer (Automatic),95.35,6382,No
0325-Xbfac,Male,0,No,No,8,Yes,No,Fiber Optic,No,No,Yes,No,Yes,Yes,Month-To-Month,Yes,Electronic Check,94.7,740.3,Yes
4480-Qqrhc,Female,1,No,No,8,Yes,No,Fiber Optic,No,No,Yes,No,No,No,Month-To-Month,Yes,Bank Transfer (Automatic),74.05,600.15,No
0929-Peclo,Female,1,No,No,63,Yes,Yes,Fiber Optic,No,No,Yes,No,No,Yes,Month-To-Month,Yes,Bank Transfer (Automatic),89.6,5538.8,No
3680-Cthuh,Male,0,No,No,60,Yes,Yes,Fiber Optic,Yes,Yes,Yes,Yes,Yes,Yes,One Year,Yes,Credit Card (Automatic),116.6,7049.5,No
1202-Kkgfu,Female,0,Yes,No,12,Yes,No,Dsl,Yes,No,No,Yes,No,No,Month-To-Month,No,Bank Transfer (Automatic),54.2,690.5,No
6112-Kthfq,Female,0,No,No,13,Yes,No,No,No Internet Service,No Internet Service,No Internet Service,No Internet Service,No Internet Service,No Internet Service,Month-To-Month,Yes,Mailed Check,19.3,279.3,No
1852-Xemdw,Male,0,No,No,22,Yes,Yes,Dsl,Yes,Yes,Yes,No,No,No,Month-To-Month,No,Mailed Check,65.05,1427.55,No
2462-Xiijb,Male,0,No,No,5,Yes,Yes,Fiber Optic,No,No,Yes,No,Yes,No,Month-To-Month,Yes,Electronic Check,92.5,452.7,Yes
4760-Xohvn,Female,0,Yes,Yes,1,Yes,No,No,No Internet Service,No Internet Service,No Internet Service,No Internet Service,No Internet Service,No Internet Service,Month-To-Month,No,Mailed Check,19.45,19.45,Yes
1820-Djfph,Female,0,Yes,Yes,72,Yes,Yes,No,No Internet Service,No Internet Service,No Internet Service,No Internet Service,No Internet Service,No Internet Service,Two Year,Yes,Bank Transfer (Automatic),24.05,1709.15,No
9426-Sxnhe,Female,0,No,No,2,Yes,No,No,No Internet Service,No Internet Service,No Internet Service,No Internet Service,No Internet Service,No Internet Service,Month-To-Month,No,Bank Transfer (Automatic),18.75,53.15,No
9068-Fhqhd,Female,0,Yes,Yes,40,Yes,No,No,No Internet Service,No Internet Service,No Internet Service,No Internet Service,No Internet Service,No Internet Service,Two Year,No,Bank Transfer (Automatic),20.15,777.35,No
1269-Foywn,Male,0,Yes,Yes,44,Yes,No,No,No Internet Service,No Internet Service,No Internet Service,No Internet Service,No Internet Service,No Internet Service,One Year,No,Bank Transfer (Automatic),20.0,860.85,No
9470-Yfuyi,Male,1,Yes,No,71,Yes,No,Dsl,Yes,Yes,No,Yes,Yes,No,One Year,Yes,Bank Transfer (Automatic),71.0,5012.1,No
7817-Boqpw,Female,0,No,No,2,Yes,Yes,Fiber Optic,No,No,No,No,No,No,Month-To-Month,Yes,Electronic Check,75.55,166.3,Yes
7402-Eyfxx,Male,1,No,No,26,Yes,Yes,Fiber Optic,No,No,No,No,Yes,Yes,Month-To-Month,Yes,Electronic Check,93.6,2404.1,No
1853-Udxbw,Male,0,Yes,Yes,1,Yes,No,Fiber Optic,No,No,No,No,No,No,Month-To-Month,Yes,Electronic Check,70.0,70,Yes
9895-Vfoxh,Female,0,No,No,1,No,No Phone Service,Dsl,No,No,No,No,No,No,Month-To-Month,No,Mailed Check,24.4,24.4,No
5458-Cqjta,Male,0,Yes,Yes,65,Yes,No,Dsl,Yes,No,No,Yes,Yes,Yes,Two Year,Yes,Bank Transfer (Automatic),74.8,4820.15,Yes
1230-Qajdw,Male,0,No,No,3,Yes,Yes,Dsl,No,No,No,Yes,Yes,No,Month-To-Month,Yes,Mailed Check,65.25,209.9,No
5701-Zikje,Male,0,No,No,13,Yes,No,Dsl,No,No,No,Yes,No,No,Month-To-Month,Yes,Mailed Check,50.55,610.75,No
5219-Yiptk,Female,0,Yes,No,33,Yes,Yes,Fiber Optic,No,Yes,Yes,No,Yes,Yes,Month-To-Month,Yes,Electronic Check,104.4,3409.6,Yes
5032-Miykt,Female,0,No,No,1,Yes,No,Fiber Optic,No,No,No,No,No,No,Month-To-Month,Yes,Mailed Check,70.7,70.7,No
7396-Vjuzb,Male,0,Yes,Yes,4,Yes,No,Dsl,No,No,No,No,No,No,Month-To-Month,No,Mailed Check,45.25,155.35,No
9717-Qebgu,Male,0,No,No,2,Yes,No,Fiber Optic,No,No,No,No,No,No,Month-To-Month,Yes,Electronic Check,70.3,144,No
5172-Rkocb,Male,0,Yes,No,72,Yes,Yes,Fiber Optic,Yes,Yes,No,Yes,Yes,Yes,Two Year,Yes,Credit Card (Automatic),108.95,7875,No
6509-Tsgwn,Female,0,Yes,Yes,37,Yes,Yes,No,No Internet Service,No Internet Service,No Internet Service,No Internet Service,No Internet Service,No Internet Service,Month-To-Month,No,Mailed Check,26.45,911.6,No
3540-Rzjyu,Female,0,No,No,15,Yes,No,Fiber Optic,Yes,No,No,No,Yes,No,Month-To-Month,No,Electronic Check,86.2,1270.2,Yes
3178-Cifot,Female,0,No,No,23,Yes,No,No,No Internet Service,No Internet Service,No Internet Service,No Internet Service,No Internet Service,No Internet Service,One Year,Yes,Credit Card (Automatic),19.65,478.1,No
2091-Mjtfx,Female,0,Yes,Yes,30,No,No Phone Service,Dsl,No,No,No,Yes,Yes,Yes,Month-To-Month,No,Credit Card (Automatic),51.2,1561.5,Yes
4530-Ndrku,Female,0,Yes,Yes,42,Yes,No,No,No Internet Service,No Internet Service,No Internet Service,No Internet Service,No Internet Service,No Internet Service,One Year,Yes,Electronic Check,19.05,761.85,No
5985-Tbabq,Female,0,No,No,32,Yes,Yes,Dsl,Yes,No,No,No,Yes,Yes,One Year,No,Mailed Check,74.75,2282.95,No
9800-Ontfe,Female,0,Yes,Yes,22,Yes,Yes,Fiber Optic,No,No,No,No,No,No,Month-To-Month,Yes,Bank Transfer (Automatic),75.8,1615.1,No
6743-Hhqpf,Male,0,Yes,No,42,No,No Phone Service,Dsl,No,No,No,No,No,No,Month-To-Month,Yes,Credit Card (Automatic),25.1,1097.15,No
8455-Hiraq,Female,0,No,No,8,Yes,No,Dsl,No,No,No,No,No,No,Month-To-Month,No,Mailed Check,44.45,369.3,No
6616-Aalsr,Female,0,Yes,Yes,65,Yes,Yes,Fiber Optic,Yes,No,Yes,No,Yes,Yes,Two Year,Yes,Credit Card (Automatic),104.3,6725.3,No
0883-Eibti,Female,0,No,No,2,Yes,No,No,No Internet Service,No Internet Service,No Internet Service,No Internet Service,No Internet Service,No Internet Service,Month-To-Month,No,Mailed Check,19.5,31.55,Yes
9415-Znbsx,Female,0,Yes,Yes,70,Yes,Yes,Dsl,Yes,Yes,Yes,Yes,Yes,Yes,Two Year,Yes,Bank Transfer (Automatic),89.0,6293.2,No
4018-Kjyuy,Male,0,No,Yes,22,Yes,No,No,No Internet Service,No Internet Service,No Internet Service,No Internet Service,No Internet Service,No Internet Service,Month-To-Month,No,Credit Card (Automatic),20.15,432.5,No
0722-Troqr,Female,1,No,No,4,Yes,Yes,Fiber Optic,No,No,No,No,No,No,Month-To-Month,Yes,Electronic Check,74.9,321.75,Yes
7571-Yxdad,Female,0,No,No,2,Yes,Yes,Fiber Optic,No,No,No,No,No,No,Month-To-Month,No,Credit Card (Automatic),74.9,147.15,Yes
3884-Uebxb,Female,0,Yes,Yes,67,No,No Phone Service,Dsl,Yes,Yes,No,No,No,No,Two Year,No,Bank Transfer (Automatic),36.15,2434.45,No
8780-Rsyyu,Female,0,No,No,25,Yes,No,No,No Internet Service,No Internet Service,No Internet Service,No Internet Service,No Internet Service,No Internet Service,Month-To-Month,Yes,Credit Card (Automatic),19.2,532.1,No
5537-Uxxvs,Female,0,Yes,No,20,Yes,No,No,No Internet Service,No Internet Service,No Internet Service,No Internet Service,No Internet Service,No Internet Service,Month-To-Month,No,Bank Transfer (Automatic),19.25,375.25,No
1791-Pqhbb,Female,0,No,Yes,2,Yes,No,Dsl,Yes,No,No,No,No,Yes,Month-To-Month,Yes,Credit Card (Automatic),61.2,125.95,No
8701-Dglvh,Male,0,No,No,51,Yes,No,No,No Internet Service,No Internet Service,No Internet Service,No Internet Service,No Internet Service,No Internet Service,Two Year,No,Mailed Check,20.45,1042.65,No
8741-Lqobk,Female,0,Yes,Yes,46,No,No Phone Service,Dsl,Yes,Yes,No,No,No,No,Month-To-Month,No,Bank Transfer (Automatic),35.05,1620.25,No
3393-Fmzpv,Female,0,No,No,25,Yes,Yes,Fiber Optic,No,Yes,No,No,Yes,Yes,Month-To-Month,Yes,Electronic Check,100.25,2387.75,Yes
8082-Ghxop,Male,0,No,Yes,13,Yes,No,Dsl,No,No,No,No,No,No,Month-To-Month,No,Mailed Check,44.0,659.35,No
6402-Zfppi,Female,1,No,No,25,Yes,Yes,Fiber Optic,Yes,Yes,No,No,Yes,Yes,Month-To-Month,Yes,Mailed Check,102.8,2660.2,Yes
0980-Fexwf,Male,0,Yes,Yes,26,Yes,No,Dsl,No,No,Yes,No,No,No,One Year,No,Mailed Check,50.35,1285.8,No
7486-Ksrvi,Male,0,No,No,43,Yes,Yes,Fiber Optic,No,No,No,Yes,Yes,Yes,One Year,Yes,Electronic Check,100.0,4211.55,Yes
3011-Wqksz,Male,0,No,Yes,19,Yes,No,No,No Internet Service,No Internet Service,No Internet Service,No Internet Service,No Internet Service,No Internet Service,Month-To-Month,Yes,Electronic Check,20.0,377.55,No
8443-Wvpss,Male,0,Yes,No,10,Yes,No,Fiber Optic,No,Yes,No,Yes,Yes,Yes,Month-To-Month,Yes,Electronic Check,99.85,990.9,Yes
3006-Ximln,Female,0,No,Yes,2,Yes,Yes,Fiber Optic,No,No,No,No,Yes,Yes,Month-To-Month,Yes,Bank Transfer (Automatic),94.2,193.8,Yes
8218-Ffjds,Female,0,Yes,No,72,Yes,Yes,Dsl,Yes,Yes,No,Yes,Yes,Yes,Two Year,Yes,Bank Transfer (Automatic),86.4,6058.95,No
1986-Phgzf,Male,1,No,No,18,Yes,Yes,Dsl,Yes,Yes,No,No,No,No,Month-To-Month,Yes,Credit Card (Automatic),58.4,964.9,No
9965-Yokzb,Male,1,No,No,9,Yes,Yes,Fiber Optic,No,No,No,No,No,Yes,Month-To-Month,Yes,Electronic Check,83.85,790.15,Yes
0504-Hhapi,Female,1,No,No,27,Yes,Yes,Fiber Optic,No,No,Yes,No,No,Yes,Month-To-Month,No,Credit Card (Automatic),88.3,2467.75,Yes
9360-Omdzz,Male,0,No,No,24,Yes,Yes,Fiber Optic,No,No,No,No,Yes,Yes,Month-To-Month,Yes,Electronic Check,94.1,2322.85,No
6305-Ylbmm,Male,0,No,No,69,Yes,No,Fiber Optic,No,Yes,Yes,Yes,Yes,Yes,One Year,Yes,Bank Transfer (Automatic),104.05,7262,Yes
0345-Xmmug,Female,0,Yes,No,46,Yes,Yes,Fiber Optic,No,Yes,Yes,Yes,Yes,Yes,Two Year,Yes,Credit Card (Automatic),108.9,4854.3,No
8024-Xnafq,Female,1,No,No,72,Yes,Yes,Fiber Optic,Yes,Yes,Yes,Yes,No,Yes,Two Year,Yes,Bank Transfer (Automatic),107.4,7748.75,No
3647-Gmgdh,Male,0,Yes,No,22,Yes,No,Fiber Optic,No,No,Yes,No,Yes,Yes,Month-To-Month,Yes,Credit Card (Automatic),94.7,1914.9,Yes
2988-Gbivw,Female,1,Yes,No,70,Yes,Yes,Fiber Optic,Yes,No,No,No,No,Yes,Month-To-Month,Yes,Electronic Check,90.85,6470.1,No
2832-Scuco,Female,0,No,No,2,Yes,No,No,No Internet Service,No Internet Service,No Internet Service,No Internet Service,No Internet Service,No Internet Service,Month-To-Month,No,Electronic Check,19.9,57.4,No
7036-Zzkbd,Male,0,Yes,No,31,Yes,No,Dsl,No,No,Yes,Yes,No,Yes,Month-To-Month,Yes,Credit Card (Automatic),66.4,2019.8,No
3791-Lgqcy,Female,1,Yes,No,56,Yes,Yes,Fiber Optic,No,No,Yes,No,Yes,Yes,Month-To-Month,Yes,Bank Transfer (Automatic),100.65,5688.05,Yes
0265-Psuae,Female,0,Yes,Yes,16,Yes,No,Fiber Optic,Yes,No,Yes,No,Yes,Yes,Month-To-Month,No,Bank Transfer (Automatic),100.7,1522.7,No
0463-Txoak,Male,0,No,Yes,52,Yes,Yes,No,No Internet Service,No Internet Service,No Internet Service,No Internet Service,No Internet Service,No Internet Service,Two Year,No,Credit Card (Automatic),25.6,1334.5,No
0594-Uftul,Male,0,Yes,Yes,13,Yes,No,No,No Internet Service,No Internet Service,No Internet Service,No Internet Service,No Internet Service,No Internet Service,Month-To-Month,Yes,Mailed Check,19.85,252,No
9509-Mpyod,Female,0,No,No,35,Yes,No,No,No Internet Service,No Internet Service,No Internet Service,No Internet Service,No Internet Service,No Internet Service,One Year,No,Mailed Check,20.75,700.45,No
9128-Cpxki,Female,0,No,No,59,Yes,No,Fiber Optic,No,No,Yes,No,Yes,Yes,Two Year,No,Electronic Check,95.8,5655.45,No
0129-Kptwj,Male,0,Yes,No,72,Yes,No,Fiber Optic,No,No,Yes,No,Yes,Yes,Month-To-Month,Yes,Electronic Check,94.65,6747.35,No
8166-Zztfs,Female,1,Yes,No,66,Yes,Yes,Dsl,No,Yes,Yes,No,Yes,Yes,Two Year,Yes,Bank Transfer (Automatic),80.55,5265.1,Yes
5855-Eibde,Female,0,Yes,No,49,Yes,Yes,Fiber Optic,Yes,Yes,Yes,Yes,No,Yes,Two Year,No,Credit Card (Automatic),106.65,5174.35,No
5365-Llfyv,Female,0,No,No,2,Yes,No,Dsl,No,No,No,No,No,No,Month-To-Month,Yes,Mailed Check,45.85,105.6,No
5956-Yhhrx,Male,1,No,No,21,Yes,Yes,Fiber Optic,No,Yes,Yes,No,Yes,Yes,Month-To-Month,Yes,Electronic Check,104.35,2271.85,No
6008-Naixk,Male,1,No,No,54,No,No Phone Service,Dsl,No,Yes,Yes,No,Yes,Yes,One Year,Yes,Electronic Check,55.45,2966.95,No
2956-Ggucq,Male,1,Yes,No,24,Yes,Yes,Fiber Optic,Yes,No,No,No,No,No,Month-To-Month,Yes,Electronic Check,78.85,1772.25,Yes
1928-Bxyiv,Male,0,No,No,1,Yes,Yes,Dsl,Yes,Yes,No,No,No,No,Month-To-Month,No,Electronic Check,61.15,61.15,No
5760-Fxfvo,Male,0,No,No,6,Yes,No,Fiber Optic,Yes,Yes,No,No,No,No,Month-To-Month,Yes,Electronic Check,78.95,494.95,No
6595-Cokxz,Female,0,No,No,1,Yes,No,Dsl,No,No,No,No,No,No,Month-To-Month,Yes,Mailed Check,44.45,44.45,Yes
0961-Zwlvi,Male,0,No,Yes,49,Yes,Yes,Fiber Optic,Yes,Yes,Yes,No,Yes,Yes,One Year,Yes,Credit Card (Automatic),109.2,5290.45,No
5181-Oabfk,Female,0,Yes,Yes,56,Yes,No,Dsl,Yes,Yes,Yes,No,No,No,Two Year,Yes,Credit Card (Automatic),61.3,3346.8,No
4007-Nhvhi,Female,1,No,No,56,Yes,Yes,Fiber Optic,Yes,Yes,No,No,No,Yes,Month-To-Month,Yes,Electronic Check,96.85,5219.65,No
7816-Vghto,Female,0,Yes,Yes,6,No,No Phone Service,Dsl,No,Yes,Yes,Yes,No,No,Two Year,No,Mailed Check,40.55,217.5,No
5871-Dgtxz,Male,0,No,No,32,Yes,No,No,No Internet Service,No Internet Service,No Internet Service,No Internet Service,No Internet Service,No Internet Service,One Year,No,Mailed Check,19.8,607.7,No
7550-Wiqva,Male,0,Yes,Yes,50,Yes,Yes,Fiber Optic,Yes,Yes,Yes,No,Yes,Yes,One Year,Yes,Electronic Check,108.25,5431.4,No
7544-Zvikx,Male,0,Yes,Yes,58,Yes,Yes,Fiber Optic,No,No,Yes,Yes,Yes,Yes,One Year,Yes,Bank Transfer (Automatic),105.05,6004.85,No
0016-Qljis,Female,0,Yes,Yes,65,Yes,Yes,Dsl,Yes,Yes,Yes,Yes,Yes,Yes,Two Year,Yes,Mailed Check,90.45,5957.9,No
7508-Dqakk,Female,0,No,No,64,Yes,Yes,Dsl,Yes,Yes,Yes,Yes,Yes,Yes,Two Year,Yes,Credit Card (Automatic),86.4,5442.05,No
5176-Olskt,Female,0,Yes,No,66,Yes,Yes,Dsl,Yes,Yes,Yes,No,No,No,Two Year,No,Bank Transfer (Automatic),66.9,4370.25,No
9356-Axgmp,Male,0,Yes,No,38,Yes,Yes,Fiber Optic,Yes,No,Yes,Yes,Yes,Yes,One Year,Yes,Electronic Check,110.7,4428.6,No
3556-Bvqgl,Female,0,Yes,No,20,Yes,No,No,No Internet Service,No Internet Service,No Internet Service,No Internet Service,No Internet Service,No Internet Service,One Year,Yes,Mailed Check,20.0,416.45,No
0362-Zbzwj,Male,0,No,No,36,Yes,Yes,Fiber Optic,No,No,No,No,No,Yes,Month-To-Month,Yes,Electronic Check,84.9,3067.2,Yes
8979-Camgb,Male,1,No,No,64,Yes,Yes,Fiber Optic,No,No,Yes,Yes,Yes,Yes,One Year,No,Electronic Check,102.1,6688.1,No
4211-Mmazn,Male,0,No,No,1,Yes,No,No,No Internet Service,No Internet Service,No Internet Service,No Internet Service,No Internet Service,No Internet Service,Month-To-Month,No,Mailed Check,20.25,20.25,Yes
7581-Ebbou,Female,0,No,No,60,Yes,No,Dsl,No,Yes,Yes,Yes,Yes,No,One Year,Yes,Credit Card (Automatic),70.15,4224.7,No
4274-Owwyo,Male,0,No,No,1,Yes,No,Fiber Optic,No,Yes,No,No,No,No,Month-To-Month,Yes,Electronic Check,74.35,74.35,Yes
5073-Rzgbk,Female,0,Yes,Yes,50,Yes,Yes,Dsl,Yes,Yes,Yes,Yes,No,Yes,One Year,Yes,Bank Transfer (Automatic),80.05,4042.2,No
1541-Etjzo,Male,0,No,No,1,Yes,Yes,Dsl,No,No,Yes,Yes,No,No,Month-To-Month,No,Mailed Check,62.05,62.05,Yes
2192-Ckrlv,Female,0,Yes,No,72,No,No Phone Service,Dsl,Yes,Yes,Yes,No,No,Yes,Two Year,Yes,Electronic Check,49.2,3580.95,No
3154-Hmwuu,Male,0,Yes,No,60,Yes,No,No,No Internet Service,No Internet Service,No Internet Service,No Internet Service,No Internet Service,No Internet Service,Two Year,Yes,Bank Transfer (Automatic),20.5,1198.8,No
6119-Spudb,Male,0,No,No,46,No,No Phone Service,Dsl,Yes,No,Yes,Yes,No,No,Two Year,No,Mailed Check,38.25,1755.35,No
6522-Oiqsx,Female,0,Yes,Yes,69,No,No Phone Service,Dsl,No,Yes,Yes,No,Yes,Yes,Two Year,Yes,Credit Card (Automatic),54.95,3772.5,No
7813-Zggaw,Male,1,No,No,31,Yes,Yes,Fiber Optic,No,No,Yes,Yes,Yes,No,Month-To-Month,Yes,Bank Transfer (Automatic),96.6,2877.95,No
8748-Hfwbo,Male,0,Yes,Yes,19,Yes,No,No,No Internet Service,No Internet Service,No Internet Service,No Internet Service,No Internet Service,No Internet Service,One Year,No,Mailed Check,19.9,357.7,No
1052-Qjibv,Female,0,Yes,Yes,71,Yes,No,No,No Internet Service,No Internet Service,No Internet Service,No Internet Service,No Internet Service,No Internet Service,Two Year,No,Credit Card (Automatic),19.9,1397.3,No
1319-Ylzjg,Male,0,Yes,No,12,Yes,No,Fiber Optic,Yes,Yes,Yes,No,No,No,Month-To-Month,Yes,Electronic Check,84.6,959.9,No
4106-Hadhq,Male,0,Yes,Yes,39,Yes,No,Dsl,Yes,No,Yes,Yes,Yes,Yes,One Year,No,Credit Card (Automatic),80.0,3182.95,Yes
0723-Fdlay,Male,0,No,No,44,Yes,Yes,Dsl,No,Yes,Yes,Yes,Yes,Yes,One Year,Yes,Bank Transfer (Automatic),85.25,3704.15,No
3050-Rllxc,Female,0,Yes,Yes,56,Yes,Yes,Dsl,Yes,Yes,Yes,Yes,Yes,No,Two Year,No,Credit Card (Automatic),81.25,4620.4,No
9298-Wgmrw,Female,0,Yes,No,72,Yes,Yes,Fiber Optic,Yes,Yes,Yes,Yes,Yes,Yes,Two Year,Yes,Bank Transfer (Automatic),115.5,8312.75,No
2369-Uapkz,Male,0,No,No,5,Yes,Yes,Fiber Optic,No,Yes,Yes,No,Yes,Yes,Month-To-Month,No,Mailed Check,104.1,541.9,Yes
3088-Lhefh,Female,0,No,No,11,Yes,Yes,Fiber Optic,Yes,No,No,No,No,No,Month-To-Month,Yes,Bank Transfer (Automatic),79.0,929.3,No
2778-Oclgr,Male,1,Yes,No,24,No,No Phone Service,Dsl,Yes,No,No,No,No,Yes,Month-To-Month,No,Bank Transfer (Automatic),39.1,971.3,Yes
6583-Kqjlk,Female,1,Yes,No,15,Yes,No,Fiber Optic,No,Yes,No,No,Yes,Yes,Month-To-Month,Yes,Electronic Check,94.65,1285.05,No
8544-Jnbox,Male,0,No,No,72,Yes,No,No,No Internet Service,No Internet Service,No Internet Service,No Internet Service,No Internet Service,No Internet Service,Two Year,Yes,Mailed Check,20.8,1521.2,No
6681-Zsexg,Male,0,Yes,No,56,Yes,Yes,Dsl,No,Yes,Yes,No,No,No,Two Year,No,Credit Card (Automatic),59.5,3389.25,No
6139-Zzrbq,Male,1,No,No,64,Yes,No,No,No Internet Service,No Internet Service,No Internet Service,No Internet Service,No Internet Service,No Internet Service,Two Year,Yes,Bank Transfer (Automatic),20.05,1198.05,No
6116-Rfvhn,Female,0,Yes,No,34,Yes,Yes,Fiber Optic,No,No,Yes,No,Yes,Yes,Month-To-Month,Yes,Electronic Check,100.45,3414.65,No
0637-Kvdlv,Male,0,No,No,2,Yes,Yes,Fiber Optic,No,No,No,No,No,No,Month-To-Month,Yes,Electronic Check,76.5,162.45,Yes
8884-Feewr,Male,0,No,No,35,Yes,No,No,No Internet Service,No Internet Service,No Internet Service,No Internet Service,No Internet Service,No Internet Service,One Year,No,Bank Transfer (Automatic),20.6,754,No
3125-Rahbv,Male,0,No,No,22,Yes,No,No,No Internet Service,No Internet Service,No Internet Service,No Internet Service,No Internet Service,No Internet Service,One Year,No,Credit Card (Automatic),20.3,467.15,No
6633-Mpwbs,Male,0,No,No,5,Yes,No,Dsl,No,No,No,Yes,No,No,Month-To-Month,Yes,Electronic Check,49.2,216.9,Yes
0373-Aivnj,Male,0,No,No,9,No,No Phone Service,Dsl,Yes,Yes,Yes,No,No,No,One Year,No,Mailed Check,39.55,373,No
8785-Epncg,Male,0,No,No,11,Yes,Yes,No,No Internet Service,No Internet Service,No Internet Service,No Internet Service,No Internet Service,No Internet Service,Month-To-Month,No,Credit Card (Automatic),23.15,245.2,Yes
1682-Vcoio,Male,0,No,No,23,Yes,No,No,No Internet Service,No Internet Service,No Internet Service,No Internet Service,No Internet Service,No Internet Service,One Year,No,Mailed Check,20.45,481.1,No
5729-Klzar,Female,0,Yes,Yes,4,Yes,No,Fiber Optic,No,No,No,No,No,Yes,Month-To-Month,No,Electronic Check,80.85,302.75,Yes
2072-Zvjjx,Male,0,Yes,No,68,Yes,Yes,No,No Internet Service,No Internet Service,No Internet Service,No Internet Service,No Internet Service,No Internet Service,Two Year,No,Bank Transfer (Automatic),25.25,1728.2,No
8849-Ayptr,Male,0,Yes,No,33,Yes,No,Fiber Optic,No,No,No,No,Yes,Yes,Month-To-Month,No,Electronic Check,91.25,2964.05,No
9518-Imlhk,Male,0,No,No,31,Yes,No,Dsl,Yes,Yes,Yes,Yes,Yes,No,Month-To-Month,Yes,Bank Transfer (Automatic),72.45,2156.25,No
1582-Rafml,Male,0,No,No,1,Yes,Yes,Dsl,No,Yes,No,Yes,No,No,Month-To-Month,No,Mailed Check,60.1,60.1,Yes
3646-Itdgm,Female,0,No,No,56,Yes,No,No,No Internet Service,No Internet Service,No Internet Service,No Internet Service,No Internet Service,No Internet Service,Two Year,No,Bank Transfer (Automatic),19.7,1051.9,No
8740-Cryfy,Male,0,No,No,1,Yes,No,Fiber Optic,No,No,No,No,Yes,No,Month-To-Month,Yes,Electronic Check,78.95,78.95,Yes
3569-Vldhh,Male,0,Yes,Yes,66,Yes,No,Dsl,Yes,Yes,Yes,Yes,Yes,No,One Year,Yes,Electronic Check,75.1,5013,No
8224-Kdlkn,Male,0,Yes,Yes,72,Yes,Yes,No,No Internet Service,No Internet Service,No Internet Service,No Internet Service,No Internet Service,No Internet Service,Two Year,No,Bank Transfer (Automatic),25.0,1738.9,No
7594-Lznwr,Male,1,No,No,34,Yes,No,Fiber Optic,No,No,No,No,No,No,Month-To-Month,No,Credit Card (Automatic),69.15,2275.1,No
4001-Tsbtv,Female,0,Yes,Yes,58,Yes,No,Fiber Optic,No,Yes,Yes,No,Yes,No,Month-To-Month,Yes,Electronic Check,91.55,5511.65,No
2962-Xpmcq,Male,0,No,No,2,Yes,No,Dsl,No,No,No,No,No,No,Month-To-Month,Yes,Electronic Check,45.15,98.5,Yes
8727-Xdpud,Male,0,No,No,37,No,No Phone Service,Dsl,No,No,No,No,Yes,No,Two Year,No,Credit Card (Automatic),35.8,1316.9,No
1043-Uxovo,Female,0,No,No,71,Yes,Yes,Fiber Optic,Yes,Yes,Yes,Yes,Yes,Yes,Two Year,Yes,Credit Card (Automatic),113.15,7993.3,No
1064-Fbxnk,Male,0,Yes,Yes,1,Yes,No,No,No Internet Service,No Internet Service,No Internet Service,No Internet Service,No Internet Service,No Internet Service,One Year,No,Credit Card (Automatic),19.85,19.85,No
3996-Znwyk,Male,1,Yes,Yes,71,Yes,No,No,No Internet Service,No Internet Service,No Internet Service,No Internet Service,No Internet Service,No Internet Service,Two Year,No,Credit Card (Automatic),19.8,1388.45,No
2878-Dhmin,Male,0,Yes,Yes,35,Yes,No,No,No Internet Service,No Internet Service,No Internet Service,No Internet Service,No Internet Service,No Internet Service,One Year,No,Electronic Check,19.9,666,No
7762-Onljy,Female,0,Yes,Yes,6,Yes,No,No,No Internet Service,No Internet Service,No Internet Service,No Internet Service,No Internet Service,No Internet Service,One Year,No,Mailed Check,19.7,94.45,No
1678-Fyzow,Female,0,No,No,3,Yes,No,Fiber Optic,No,No,No,No,Yes,No,Month-To-Month,Yes,Electronic Check,79.4,244.65,Yes
5795-Bkoye,Female,0,Yes,Yes,69,Yes,No,Dsl,No,Yes,Yes,Yes,No,No,One Year,No,Bank Transfer (Automatic),59.1,4134.7,No
8627-Ehgip,Male,0,No,No,44,No,No Phone Service,Dsl,No,Yes,Yes,No,Yes,Yes,One Year,Yes,Mailed Check,53.95,2375.4,Yes
7402-Pwyjj,Female,0,Yes,No,53,Yes,Yes,Fiber Optic,No,No,No,Yes,No,Yes,One Year,Yes,Electronic Check,91.15,4862.5,No
5480-Tbgph,Female,0,Yes,No,24,Yes,No,Fiber Optic,No,Yes,Yes,No,Yes,Yes,Month-To-Month,Yes,Credit Card (Automatic),99.3,2431.35,Yes
0018-Nyrou,Female,0,Yes,No,5,Yes,No,Fiber Optic,No,No,No,No,No,No,Month-To-Month,Yes,Electronic Check,68.95,351.5,No
7501-Vtylj,Female,0,No,Yes,2,Yes,No,Dsl,No,Yes,No,No,No,No,Month-To-Month,No,Mailed Check,51.55,106.2,No
7608-Rgiro,Male,0,No,Yes,62,Yes,Yes,No,No Internet Service,No Internet Service,No Internet Service,No Internet Service,No Internet Service,No Internet Service,Two Year,Yes,Mailed Check,24.4,1413,No
0480-Bixde,Female,0,Yes,No,19,Yes,No,Fiber Optic,No,No,Yes,No,Yes,Yes,Month-To-Month,Yes,Electronic Check,96.8,1743.05,No
5895-Qsxod,Male,0,No,No,9,Yes,No,Fiber Optic,No,No,No,No,No,No,Month-To-Month,No,Mailed Check,70.05,657.5,No
9814-Aoudh,Male,0,No,No,53,Yes,No,No,No Internet Service,No Internet Service,No Internet Service,No Internet Service,No Internet Service,No Internet Service,Two Year,No,Credit Card (Automatic),19.5,1050.5,No
6175-Irfit,Male,0,No,No,5,Yes,No,Fiber Optic,No,No,No,No,No,Yes,Month-To-Month,No,Mailed Check,78.75,426.35,No
8760-Zrhke,Female,1,Yes,Yes,71,Yes,Yes,Dsl,Yes,Yes,No,No,Yes,No,One Year,No,Electronic Check,69.2,4982.5,No
1622-Hshsf,Female,0,No,No,1,Yes,No,No,No Internet Service,No Internet Service,No Internet Service,No Internet Service,No Internet Service,No Internet Service,Month-To-Month,Yes,Mailed Check,19.55,19.55,No
8854-Ccvsq,Male,0,No,No,18,Yes,Yes,Fiber Optic,No,Yes,No,No,No,No,Month-To-Month,Yes,Electronic Check,80.65,1451.9,Yes
6749-Utdvx,Male,0,No,No,72,Yes,Yes,Fiber Optic,No,Yes,Yes,No,Yes,Yes,Two Year,Yes,Electronic Check,103.65,7634.8,No
5542-Dhsxl,Female,0,Yes,No,4,Yes,No,Dsl,Yes,Yes,No,No,No,No,Month-To-Month,No,Mailed Check,54.7,235.05,No
9102-Oxkfy,Male,0,No,No,59,Yes,Yes,Dsl,No,No,Yes,No,No,No,Two Year,No,Credit Card (Automatic),54.15,3116.15,No
0511-Jteoy,Female,0,No,No,1,Yes,No,Fiber Optic,No,No,No,No,No,No,Month-To-Month,No,Mailed Check,71.1,71.1,Yes
5216-Wasfj,Female,1,Yes,No,31,Yes,Yes,Fiber Optic,No,No,No,No,No,Yes,Month-To-Month,Yes,Electronic Check,84.85,2633.4,No
7808-Dvwep,Male,0,Yes,No,3,Yes,No,No,No Internet Service,No Internet Service,No Internet Service,No Internet Service,No Internet Service,No Internet Service,Month-To-Month,No,Bank Transfer (Automatic),20.0,49.65,No
7067-Ksazt,Female,1,Yes,No,65,Yes,Yes,Fiber Optic,No,Yes,Yes,No,Yes,Yes,One Year,Yes,Electronic Check,106.25,6979.8,Yes
2284-Vflkh,Male,0,Yes,No,49,Yes,No,Fiber Optic,No,No,Yes,Yes,Yes,Yes,One Year,Yes,Credit Card (Automatic),99.25,4920.8,No
0366-Nqshs,Male,0,No,No,2,Yes,No,No,No Internet Service,No Internet Service,No Internet Service,No Internet Service,No Internet Service,No Internet Service,Month-To-Month,No,Mailed Check,19.35,46.35,No
6532-Ylwsi,Female,0,Yes,No,53,Yes,No,No,No Internet Service,No Internet Service,No Internet Service,No Internet Service,No Internet Service,No Internet Service,One Year,No,Bank Transfer (Automatic),20.8,1021.8,Yes
3807-Bpomj,Female,0,Yes,No,55,Yes,No,Fiber Optic,Yes,No,No,No,Yes,Yes,One Year,Yes,Electronic Check,94.75,5276.1,No
3892-Nxazg,Male,0,Yes,Yes,72,Yes,Yes,Fiber Optic,Yes,Yes,Yes,Yes,Yes,Yes,Two Year,Yes,Credit Card (Automatic),114.05,8289.2,No
4948-Wbbkl,Female,1,No,No,36,Yes,Yes,Fiber Optic,No,No,No,No,No,No,Month-To-Month,Yes,Bank Transfer (Automatic),74.9,2659.45,No
4182-Bgsiq,Female,0,Yes,Yes,10,Yes,No,No,No Internet Service,No Internet Service,No Internet Service,No Internet Service,No Internet Service,No Internet Service,Month-To-Month,Yes,Bank Transfer (Automatic),19.8,196.75,No
9300-Agznl,Male,1,No,No,1,Yes,Yes,Fiber Optic,No,No,No,No,Yes,Yes,Month-To-Month,Yes,Electronic Check,94.0,94,Yes
0988-Aadsa,Female,0,Yes,Yes,72,Yes,Yes,Dsl,Yes,Yes,Yes,Yes,No,Yes,Two Year,No,Bank Transfer (Automatic),80.85,5824.75,No
9972-Nktfd,Female,0,No,No,28,Yes,No,Dsl,No,Yes,No,Yes,No,No,Month-To-Month,No,Bank Transfer (Automatic),54.65,1517.5,No
3717-Lnxkw,Male,0,Yes,No,38,Yes,Yes,Fiber Optic,Yes,No,No,No,Yes,No,Month-To-Month,No,Bank Transfer (Automatic),91.7,3479.05,No
5734-Ejkxg,Female,0,No,No,61,Yes,Yes,Fiber Optic,Yes,Yes,Yes,Yes,Yes,Yes,One Year,Yes,Electronic Check,118.6,7365.7,No
2207-Ryyrl,Male,0,Yes,Yes,52,Yes,Yes,No,No Internet Service,No Internet Service,No Internet Service,No Internet Service,No Internet Service,No Internet Service,Two Year,No,Mailed Check,24.55,1331.05,No
6729-Fzwsy,Male,0,No,No,67,Yes,No,No,No Internet Service,No Internet Service,No Internet Service,No Internet Service,No Internet Service,No Internet Service,One Year,Yes,Mailed Check,19.45,1195.95,No
9695-Idrzr,Female,0,No,Yes,34,Yes,Yes,Fiber Optic,Yes,Yes,Yes,Yes,Yes,Yes,Two Year,Yes,Credit Card (Automatic),116.15,3946.9,No
8144-Dghxp,Female,0,No,No,54,Yes,No,Dsl,Yes,No,Yes,Yes,Yes,Yes,Two Year,No,Electronic Check,80.6,4299.95,No
7814-Leeve,Female,0,Yes,No,1,Yes,No,No,No Internet Service,No Internet Service,No Internet Service,No Internet Service,No Internet Service,No Internet Service,Month-To-Month,Yes,Bank Transfer (Automatic),20.3,20.3,No
1112-Cunao,Female,1,No,No,15,Yes,Yes,Fiber Optic,No,Yes,No,No,No,Yes,Month-To-Month,No,Electronic Check,89.85,1424.95,Yes
5175-Aobhi,Female,0,No,No,4,Yes,No,Dsl,No,No,No,No,No,No,Month-To-Month,Yes,Mailed Check,46.0,193.6,Yes
5174-Rngbh,Female,0,No,No,9,Yes,No,Dsl,No,Yes,No,Yes,Yes,No,Month-To-Month,No,Mailed Check,66.25,620.55,Yes
8631-Wuxgy,Female,0,No,Yes,46,Yes,No,Fiber Optic,No,Yes,Yes,No,Yes,Yes,Month-To-Month,Yes,Electronic Check,99.8,4391.25,No
7270-Bdioa,Female,0,No,No,22,Yes,Yes,Fiber Optic,No,No,No,Yes,Yes,No,Month-To-Month,Yes,Electronic Check,90.0,1993.8,Yes
9565-Jsnfm,Male,0,No,No,38,Yes,No,Fiber Optic,No,No,No,No,No,No,One Year,Yes,Bank Transfer (Automatic),70.45,2597.6,Yes
5906-Dvapm,Female,0,Yes,Yes,55,Yes,Yes,Dsl,Yes,Yes,No,Yes,Yes,No,One Year,Yes,Credit Card (Automatic),75.0,4213.9,No
6654-Qgbzz,Female,0,No,No,1,Yes,No,No,No Internet Service,No Internet Service,No Internet Service,No Internet Service,No Internet Service,No Internet Service,Month-To-Month,No,Mailed Check,19.9,19.9,No
8348-Jlbug,Male,1,Yes,No,64,Yes,No,Fiber Optic,Yes,No,Yes,No,No,No,One Year,No,Credit Card (Automatic),80.3,5017.7,No
0607-Daahe,Male,0,No,Yes,53,Yes,No,No,No Internet Service,No Internet Service,No Internet Service,No Internet Service,No Internet Service,No Internet Service,Two Year,No,Bank Transfer (Automatic),19.75,1052.35,Yes
5641-Dmbfj,Female,0,Yes,No,58,Yes,Yes,Dsl,Yes,No,Yes,Yes,Yes,Yes,Two Year,Yes,Electronic Check,84.3,4916.4,No
9200-Nlnpd,Male,0,Yes,No,56,No,No Phone Service,Dsl,No,No,Yes,Yes,Yes,Yes,One Year,Yes,Bank Transfer (Automatic),54.05,2959.8,No
2664-Xjzno,Male,0,Yes,Yes,72,Yes,No,Fiber Optic,Yes,No,Yes,Yes,Yes,Yes,Two Year,Yes,Credit Card (Automatic),104.9,7559.55,No
9732-Kpkbw,Male,0,No,No,1,Yes,No,Dsl,Yes,No,No,Yes,No,No,Month-To-Month,Yes,Electronic Check,53.95,53.95,Yes
3339-Eaqnv,Male,1,Yes,No,72,Yes,Yes,Fiber Optic,No,Yes,No,No,Yes,Yes,One Year,Yes,Credit Card (Automatic),97.25,7133.1,No
0921-Ohlvp,Male,0,No,No,22,Yes,Yes,Fiber Optic,No,No,No,No,No,Yes,Month-To-Month,No,Electronic Check,83.05,1799.3,No
3389-Ygyai,Female,1,No,No,8,Yes,Yes,Fiber Optic,No,Yes,Yes,No,Yes,Yes,Month-To-Month,Yes,Electronic Check,105.5,829.55,Yes
9560-Argqj,Female,0,No,Yes,16,Yes,No,Fiber Optic,No,No,No,No,Yes,No,Month-To-Month,Yes,Electronic Check,81.0,1312.15,Yes
8350-Nymvi,Female,0,No,No,39,No,No Phone Service,Dsl,No,Yes,Yes,Yes,No,No,Month-To-Month,No,Bank Transfer (Automatic),41.1,1597.05,No
1600-Dilpe,Female,0,No,No,12,Yes,No,Dsl,No,No,No,No,No,No,Month-To-Month,Yes,Bank Transfer (Automatic),45.0,524.35,No
0536-Esjep,Male,0,Yes,No,54,Yes,No,Dsl,Yes,Yes,No,No,Yes,Yes,Two Year,Yes,Bank Transfer (Automatic),74.55,4191.45,No
4654-Gguii,Female,0,No,No,18,No,No Phone Service,Dsl,Yes,Yes,No,Yes,No,No,One Year,Yes,Mailed Check,40.2,711.95,No
6478-Hrrcz,Male,0,Yes,No,32,Yes,No,Dsl,Yes,Yes,No,Yes,No,Yes,One Year,No,Mailed Check,70.5,2201.75,No
8510-Bbwmu,Female,0,No,No,41,Yes,No,No,No Internet Service,No Internet Service,No Internet Service,No Internet Service,No Internet Service,No Internet Service,One Year,Yes,Mailed Check,19.75,806.95,No
6857-Tkdjv,Male,0,Yes,Yes,67,Yes,Yes,No,No Internet Service,No Internet Service,No Internet Service,No Internet Service,No Internet Service,No Internet Service,Two Year,No,Bank Transfer (Automatic),24.65,1620.45,No
2360-Rdgro,Male,0,Yes,No,65,Yes,Yes,Fiber Optic,Yes,No,Yes,No,Yes,Yes,Month-To-Month,Yes,Electronic Check,104.25,6812.95,No
0584-Bjqgz,Female,0,No,No,25,Yes,Yes,Dsl,Yes,Yes,Yes,Yes,Yes,No,Month-To-Month,Yes,Bank Transfer (Automatic),78.35,1837.9,No
5134-Ikday,Female,0,Yes,Yes,1,Yes,No,Fiber Optic,No,No,No,No,No,No,Month-To-Month,Yes,Electronic Check,69.8,69.8,Yes
1360-Xfjmr,Female,0,Yes,No,67,Yes,Yes,Fiber Optic,No,Yes,Yes,Yes,Yes,Yes,One Year,Yes,Credit Card (Automatic),109.7,7344.45,No
3070-Dveyc,Male,1,No,No,7,Yes,Yes,Fiber Optic,No,No,No,No,No,No,Month-To-Month,No,Mailed Check,73.75,545.15,Yes
5730-Riito,Female,1,No,No,43,No,No Phone Service,Dsl,Yes,Yes,No,No,No,No,Month-To-Month,Yes,Credit Card (Automatic),33.45,1500.25,No
9058-Mjlzc,Female,0,No,No,24,Yes,No,Fiber Optic,Yes,No,No,No,Yes,Yes,Month-To-Month,Yes,Electronic Check,94.6,2283.15,No
5707-Orndz,Male,1,No,No,9,Yes,Yes,Dsl,Yes,No,No,No,No,No,Month-To-Month,No,Electronic Check,54.55,494.05,Yes
0902-Xkxpn,Male,0,Yes,Yes,69,Yes,No,No,No Internet Service,No Internet Service,No Internet Service,No Internet Service,No Internet Service,No Internet Service,Two Year,No,Bank Transfer (Automatic),20.2,1376.5,No
5177-Rvznu,Female,0,No,Yes,37,Yes,No,No,No Internet Service,No Internet Service,No Internet Service,No Internet Service,No Internet Service,No Internet Service,One Year,No,Bank Transfer (Automatic),20.3,755.4,No
0056-Epfbg,Male,0,Yes,Yes,20,No,No Phone Service,Dsl,Yes,No,Yes,Yes,No,No,Two Year,Yes,Credit Card (Automatic),39.4,825.4,No
8993-Izeux,Male,0,No,No,7,Yes,No,Fiber Optic,No,No,No,No,No,No,Month-To-Month,No,Bank Transfer (Automatic),69.15,488.65,No
8696-Jkznu,Female,1,No,No,37,Yes,Yes,Fiber Optic,No,No,No,No,No,No,Month-To-Month,Yes,Electronic Check,76.25,2841.55,Yes
5380-Afssk,Female,0,No,No,5,Yes,Yes,Fiber Optic,No,No,No,No,Yes,Yes,Month-To-Month,Yes,Mailed Check,93.9,486.85,Yes
8190-Ztqfb,Male,0,No,No,41,No,No Phone Service,Dsl,No,No,Yes,No,Yes,Yes,One Year,Yes,Electronic Check,51.35,2075.1,No
0931-Mhtem,Female,0,No,No,54,Yes,No,Fiber Optic,Yes,Yes,No,No,Yes,Yes,One Year,Yes,Credit Card (Automatic),100.05,5299.65,No
2055-Pdadh,Female,1,No,No,3,Yes,No,Fiber Optic,No,No,No,No,No,No,Month-To-Month,Yes,Electronic Check,70.4,204.7,Yes
7515-Lodfu,Male,1,No,No,69,Yes,No,No,No Internet Service,No Internet Service,No Internet Service,No Internet Service,No Internet Service,No Internet Service,Two Year,No,Credit Card (Automatic),20.3,1356.3,No
0440-Uedai,Female,0,No,No,53,Yes,No,Fiber Optic,No,Yes,Yes,Yes,No,Yes,One Year,Yes,Credit Card (Automatic),94.45,5042.75,No
1337-Bozwo,Male,0,Yes,Yes,18,No,No Phone Service,Dsl,No,Yes,Yes,No,Yes,No,One Year,No,Credit Card (Automatic),46.4,812.4,No
0868-Vjrdr,Male,0,Yes,No,64,Yes,No,Fiber Optic,Yes,Yes,No,Yes,Yes,Yes,Two Year,Yes,Credit Card (Automatic),104.05,6605.55,No
8714-Euhjo,Female,0,Yes,Yes,31,Yes,Yes,Fiber Optic,No,Yes,No,No,No,Yes,Month-To-Month,Yes,Electronic Check,91.15,2995.45,Yes
6344-Sfjvh,Female,0,No,No,20,No,No Phone Service,Dsl,No,No,No,No,No,No,Month-To-Month,No,Credit Card (Automatic),24.9,505.95,No
3950-Vpyjb,Male,0,Yes,Yes,57,Yes,No,Dsl,Yes,Yes,No,Yes,No,No,One Year,No,Mailed Check,59.6,3509.4,No
8041-Tmeid,Male,1,Yes,No,63,Yes,Yes,Fiber Optic,Yes,Yes,Yes,No,Yes,Yes,Two Year,No,Credit Card (Automatic),108.5,6991.9,No
7321-Znsla,Male,0,Yes,Yes,13,No,No Phone Service,Dsl,Yes,Yes,No,Yes,No,No,Two Year,No,Mailed Check,40.55,590.35,No
6941-Kxrrv,Female,1,Yes,No,48,Yes,No,Dsl,No,Yes,No,No,No,Yes,One Year,Yes,Bank Transfer (Automatic),58.95,2789.7,No
3721-Cneys,Female,0,No,No,2,Yes,No,Fiber Optic,No,No,No,No,No,No,Month-To-Month,Yes,Electronic Check,70.95,137.95,Yes
8727-Jqfhv,Male,0,Yes,Yes,57,Yes,No,No,No Internet Service,No Internet Service,No Internet Service,No Internet Service,No Internet Service,No Internet Service,Two Year,No,Mailed Check,20.75,1123.15,No
9475-Nndgc,Male,0,Yes,No,71,Yes,Yes,Fiber Optic,No,Yes,Yes,Yes,Yes,Yes,One Year,Yes,Bank Transfer (Automatic),113.15,7953.25,No
1355-Kusbg,Female,0,Yes,Yes,7,Yes,Yes,Dsl,No,No,No,No,No,No,Month-To-Month,No,Electronic Check,48.8,349.8,No
3688-Fthlt,Female,0,No,No,16,Yes,Yes,Dsl,No,No,No,No,No,Yes,Month-To-Month,Yes,Bank Transfer (Automatic),63.05,1067.05,No
0899-Liibw,Male,0,Yes,No,34,Yes,Yes,Fiber Optic,No,No,Yes,No,Yes,Yes,Month-To-Month,No,Electronic Check,100.85,3527.3,No
2568-Oiady,Female,0,Yes,No,37,Yes,Yes,Fiber Optic,No,No,Yes,No,Yes,Yes,Month-To-Month,Yes,Electronic Check,99.5,3762,Yes
1384-Rcuxw,Male,0,No,No,16,Yes,Yes,Fiber Optic,No,Yes,No,No,No,No,Month-To-Month,Yes,Mailed Check,80.55,1248.9,No
5825-Xjocm,Male,0,No,Yes,48,Yes,Yes,Dsl,Yes,Yes,Yes,No,No,No,One Year,Yes,Bank Transfer (Automatic),64.4,3035.35,No
6848-Yldfr,Male,0,Yes,Yes,58,Yes,No,Dsl,No,Yes,No,Yes,Yes,Yes,One Year,Yes,Credit Card (Automatic),75.2,4300.8,No
8125-Qpfjd,Female,0,Yes,No,72,Yes,Yes,Dsl,Yes,No,Yes,Yes,Yes,Yes,Two Year,Yes,Bank Transfer (Automatic),84.9,6065.3,No
2320-Ykqbo,Female,0,No,No,7,Yes,No,No,No Internet Service,No Internet Service,No Internet Service,No Internet Service,No Internet Service,No Internet Service,Month-To-Month,No,Mailed Check,19.3,144.95,No
1193-Rtslk,Female,0,No,No,38,Yes,No,Fiber Optic,Yes,Yes,Yes,No,No,No,Month-To-Month,Yes,Credit Card (Automatic),83.9,3233.6,Yes
2302-Antdp,Female,1,Yes,No,48,Yes,Yes,Fiber Optic,Yes,Yes,Yes,Yes,Yes,Yes,Month-To-Month,No,Electronic Check,117.45,5438.9,Yes
5923-Gxuoc,Male,0,No,No,10,Yes,No,Fiber Optic,Yes,Yes,Yes,No,Yes,Yes,Month-To-Month,Yes,Electronic Check,104.4,1081.45,Yes
4973-Rlzvi,Female,0,No,No,30,Yes,No,Dsl,Yes,Yes,Yes,Yes,Yes,No,One Year,No,Credit Card (Automatic),74.65,2308.6,No
7869-Zydst,Male,0,Yes,No,31,Yes,Yes,Dsl,No,No,No,No,Yes,No,Month-To-Month,Yes,Credit Card (Automatic),59.05,1882.8,No
4501-Uykbc,Female,1,No,No,46,Yes,Yes,Dsl,No,No,Yes,Yes,No,Yes,One Year,Yes,Credit Card (Automatic),69.1,3255.35,No
1215-Exrmo,Male,0,Yes,No,50,Yes,No,No,No Internet Service,No Internet Service,No Internet Service,No Internet Service,No Internet Service,No Internet Service,Two Year,No,Mailed Check,20.55,1067.65,No
2305-Mrglv,Male,0,Yes,No,28,Yes,No,Fiber Optic,No,No,No,Yes,No,No,Month-To-Month,No,Bank Transfer (Automatic),76.55,2065.4,No
8404-Viomb,Female,0,No,No,66,No,No Phone Service,Dsl,Yes,Yes,Yes,Yes,Yes,Yes,Two Year,Yes,Bank Transfer (Automatic),62.5,4136.4,No
5233-Geeax,Male,1,No,No,8,No,No Phone Service,Dsl,No,No,Yes,No,No,No,Month-To-Month,Yes,Electronic Check,29.4,221.9,Yes
2359-Kltek,Female,0,Yes,Yes,41,Yes,No,Fiber Optic,No,No,Yes,No,Yes,Yes,Month-To-Month,Yes,Bank Transfer (Automatic),94.9,3848,No
5304-Efjlp,Male,1,Yes,No,72,Yes,Yes,Fiber Optic,No,Yes,Yes,Yes,Yes,Yes,Two Year,Yes,Bank Transfer (Automatic),111.65,8022.85,No
2673-Zalnp,Female,0,No,No,7,Yes,No,No,No Internet Service,No Internet Service,No Internet Service,No Internet Service,No Internet Service,No Internet Service,One Year,No,Mailed Check,19.9,173.15,No
9184-Galil,Female,0,Yes,Yes,38,Yes,No,No,No Internet Service,No Internet Service,No Internet Service,No Internet Service,No Internet Service,No Internet Service,Month-To-Month,No,Mailed Check,20.45,781.25,No
4393-Rycre,Male,0,No,No,44,Yes,No,Fiber Optic,Yes,Yes,Yes,No,Yes,Yes,One Year,Yes,Electronic Check,106.05,4510.8,No
9746-Mdmbk,Male,0,Yes,Yes,47,Yes,Yes,Fiber Optic,Yes,Yes,Yes,Yes,Yes,Yes,One Year,Yes,Bank Transfer (Automatic),113.45,5317.8,No
3162-Zjzfu,Male,0,Yes,Yes,53,Yes,No,Fiber Optic,No,Yes,No,Yes,Yes,No,Month-To-Month,Yes,Electronic Check,92.55,4779.45,No
8404-Gfgcz,Male,0,Yes,No,4,Yes,Yes,Dsl,No,No,Yes,No,Yes,No,Month-To-Month,No,Electronic Check,65.6,250.1,No
8875-Akbyh,Male,1,No,No,20,Yes,Yes,Fiber Optic,No,No,No,No,Yes,No,Month-To-Month,Yes,Electronic Check,84.35,1745.2,No
4432-Adrlb,Male,0,No,No,2,Yes,No,Dsl,No,No,No,No,No,No,Month-To-Month,No,Mailed Check,44.65,74.9,Yes
0533-Ucaau,Male,1,Yes,No,57,Yes,Yes,Dsl,No,Yes,Yes,No,Yes,No,One Year,Yes,Credit Card (Automatic),71.1,4140.1,No
1394-Suiuh,Female,1,Yes,No,44,Yes,No,Fiber Optic,Yes,Yes,No,Yes,No,No,Month-To-Month,Yes,Electronic Check,85.15,3670.5,No
3521-Mnklv,Male,0,No,No,24,Yes,No,Dsl,No,No,Yes,No,No,No,Month-To-Month,Yes,Mailed Check,49.7,1167.8,No
2533-Tibix,Male,0,Yes,Yes,15,No,No Phone Service,Dsl,Yes,No,No,No,No,No,Month-To-Month,Yes,Bank Transfer (Automatic),30.2,469.65,No
8993-Phfwd,Female,0,No,No,3,No,No Phone Service,Dsl,No,No,No,No,No,No,Month-To-Month,No,Electronic Check,25.25,58.9,Yes
1565-Rhdjd,Female,0,No,Yes,4,Yes,Yes,Fiber Optic,No,Yes,Yes,No,No,No,Month-To-Month,No,Bank Transfer (Automatic),84.05,333.55,Yes
7137-Rylpp,Male,1,Yes,No,37,Yes,Yes,Fiber Optic,No,No,No,No,Yes,No,Month-To-Month,Yes,Electronic Check,85.7,3171.15,Yes
3765-Jxvky,Female,0,No,No,1,Yes,No,Fiber Optic,No,Yes,No,No,No,No,Month-To-Month,Yes,Electronic Check,74.7,74.7,Yes
5092-Stpkp,Female,0,No,No,24,Yes,No,Dsl,Yes,No,No,Yes,No,No,Month-To-Month,No,Credit Card (Automatic),56.35,1381.2,No
7330-Wzlnc,Female,0,No,No,5,Yes,Yes,Fiber Optic,No,Yes,No,No,Yes,No,Month-To-Month,Yes,Electronic Check,90.8,455.5,Yes
0114-Pegzz,Female,0,No,No,33,Yes,Yes,Fiber Optic,No,Yes,Yes,No,Yes,Yes,Month-To-Month,No,Electronic Check,107.55,3645.5,No
3359-Dsrka,Female,0,Yes,Yes,58,Yes,No,No,No Internet Service,No Internet Service,No Internet Service,No Internet Service,No Internet Service,No Internet Service,Two Year,Yes,Mailed Check,19.85,1158.85,No
8639-Nhqei,Female,0,Yes,Yes,72,Yes,Yes,Fiber Optic,Yes,Yes,No,No,Yes,No,Two Year,Yes,Bank Transfer (Automatic),95.9,6954.15,No
7161-Dfhuf,Female,0,Yes,No,71,Yes,Yes,No,No Internet Service,No Internet Service,No Internet Service,No Internet Service,No Internet Service,No Internet Service,Two Year,No,Mailed Check,23.85,1672.1,No
3957-Lxolk,Female,1,No,No,28,Yes,Yes,Fiber Optic,No,Yes,Yes,No,Yes,Yes,Month-To-Month,Yes,Electronic Check,106.15,3152.5,Yes
3720-Dbrwl,Male,0,Yes,No,51,Yes,No,Dsl,Yes,Yes,Yes,Yes,Yes,Yes,Two Year,Yes,Credit Card (Automatic),83.85,4307.1,No
6635-Myyyz,Female,0,No,No,30,Yes,No,Dsl,Yes,Yes,Yes,Yes,Yes,Yes,One Year,No,Bank Transfer (Automatic),85.35,2530.4,Yes
8565-Wuxzu,Male,1,Yes,No,72,Yes,No,Fiber Optic,Yes,Yes,No,Yes,No,No,Two Year,Yes,Credit Card (Automatic),84.8,6141.65,No
5281-Buzgt,Male,1,No,No,36,Yes,Yes,Fiber Optic,Yes,No,No,No,Yes,No,Month-To-Month,Yes,Electronic Check,90.85,3186.7,Yes
4994-Obrsz,Male,0,No,Yes,14,Yes,No,Dsl,Yes,Yes,Yes,Yes,No,Yes,Two Year,No,Bank Transfer (Automatic),76.1,1054.8,No
0562-Fgdcr,Female,0,Yes,Yes,72,Yes,Yes,Dsl,Yes,Yes,No,Yes,Yes,No,Two Year,No,Mailed Check,74.55,5430.65,No
2436-Qbzfp,Female,0,Yes,Yes,22,No,No Phone Service,Dsl,No,Yes,No,No,Yes,No,Month-To-Month,No,Electronic Check,39.2,849.9,No
3420-Yjlqt,Female,0,No,No,2,Yes,Yes,Fiber Optic,No,Yes,No,No,No,No,Month-To-Month,No,Electronic Check,79.55,151.75,No
6040-Cgacy,Female,0,No,No,15,Yes,No,No,No Internet Service,No Internet Service,No Internet Service,No Internet Service,No Internet Service,No Internet Service,Month-To-Month,No,Mailed Check,19.6,299.4,No
6582-Plfuu,Male,0,Yes,Yes,51,Yes,No,No,No Internet Service,No Internet Service,No Internet Service,No Internet Service,No Internet Service,No Internet Service,Two Year,No,Credit Card (Automatic),19.55,1086.75,No
8242-Pdsgj,Male,0,Yes,No,70,No,No Phone Service,Dsl,Yes,No,Yes,Yes,No,No,Two Year,Yes,Credit Card (Automatic),39.15,2692.75,No
0264-Cnitk,Female,0,Yes,Yes,71,Yes,No,No,No Internet Service,No Internet Service,No Internet Service,No Internet Service,No Internet Service,No Internet Service,Two Year,No,Bank Transfer (Automatic),20.1,1389.6,No
0089-Iiqko,Female,0,Yes,Yes,39,Yes,Yes,Fiber Optic,No,No,No,Yes,Yes,Yes,Month-To-Month,Yes,Credit Card (Automatic),99.95,3767.4,No
7839-Nuiaa,Female,0,Yes,Yes,61,Yes,Yes,Dsl,Yes,Yes,No,No,No,No,Month-To-Month,No,Electronic Check,59.8,3641.5,No
6075-Qmnrr,Female,0,No,No,52,Yes,No,Dsl,Yes,No,No,No,No,No,Month-To-Month,Yes,Bank Transfer (Automatic),49.75,2535.55,No
5378-Ikeeg,Female,0,No,No,1,No,No Phone Service,Dsl,No,No,No,No,Yes,No,Month-To-Month,Yes,Electronic Check,35.75,35.75,Yes
5966-Emazu,Male,0,Yes,No,64,Yes,Yes,Fiber Optic,Yes,No,Yes,Yes,Yes,Yes,One Year,Yes,Mailed Check,108.5,6880.85,No
0440-Ekdcf,Male,0,Yes,No,62,Yes,No,Dsl,No,Yes,Yes,Yes,No,No,Two Year,Yes,Credit Card (Automatic),60.15,3753.2,No
4774-Hhggs,Male,0,Yes,No,30,Yes,No,No,No Internet Service,No Internet Service,No Internet Service,No Internet Service,No Internet Service,No Internet Service,Two Year,No,Mailed Check,19.05,637.55,No
2718-Gaxqd,Female,1,Yes,Yes,4,Yes,No,Dsl,No,No,No,No,No,No,Month-To-Month,No,Electronic Check,46.0,181.6,Yes
2055-Bfocc,Male,1,Yes,No,63,Yes,No,Dsl,Yes,Yes,Yes,Yes,Yes,Yes,One Year,Yes,Bank Transfer (Automatic),84.0,5329.55,No
8180-Akmjv,Female,0,No,No,1,Yes,No,Dsl,No,No,No,No,No,No,Month-To-Month,Yes,Credit Card (Automatic),44.55,44.55,No
4298-Oyifc,Male,0,Yes,No,15,Yes,Yes,Fiber Optic,No,No,Yes,Yes,Yes,Yes,Month-To-Month,Yes,Electronic Check,103.45,1539.8,No
5566-Soezd,Male,0,Yes,Yes,27,Yes,No,Fiber Optic,Yes,Yes,No,No,No,No,One Year,Yes,Credit Card (Automatic),80.65,2209.75,No
9842-Efsyy,Female,0,No,Yes,4,No,No Phone Service,Dsl,Yes,Yes,Yes,No,Yes,Yes,Month-To-Month,Yes,Mailed Check,57.2,223.75,No
2272-Wuspa,Female,0,Yes,No,72,Yes,Yes,Fiber Optic,Yes,Yes,Yes,No,Yes,Yes,Two Year,Yes,Electronic Check,110.75,7751.7,No
4584-Lbnmk,Male,1,Yes,No,45,Yes,Yes,No,No Internet Service,No Internet Service,No Internet Service,No Internet Service,No Internet Service,No Internet Service,One Year,No,Credit Card (Automatic),24.7,1174.35,No
3898-Guyts,Female,1,No,No,45,Yes,Yes,Fiber Optic,Yes,Yes,No,Yes,Yes,No,Month-To-Month,Yes,Electronic Check,97.05,4385.05,No
0930-Ehuza,Female,0,No,No,36,Yes,No,Dsl,Yes,Yes,Yes,Yes,Yes,No,One Year,Yes,Mailed Check,76.35,2606.35,No
6413-Xkkpu,Male,0,Yes,Yes,17,Yes,No,Fiber Optic,Yes,No,Yes,No,Yes,No,Month-To-Month,Yes,Electronic Check,89.4,1539.45,Yes
9975-Skrnr,Male,0,No,No,1,Yes,No,No,No Internet Service,No Internet Service,No Internet Service,No Internet Service,No Internet Service,No Internet Service,Month-To-Month,No,Mailed Check,18.9,18.9,No
3703-Kbkzp,Male,1,No,No,16,Yes,Yes,Fiber Optic,No,No,No,No,No,No,Month-To-Month,Yes,Bank Transfer (Automatic),74.45,1261.35,No
1449-Xqemt,Male,0,No,No,3,Yes,No,No,No Internet Service,No Internet Service,No Internet Service,No Internet Service,No Internet Service,No Internet Service,Month-To-Month,Yes,Mailed Check,19.8,58.15,Yes
2626-Urjfx,Male,0,Yes,Yes,4,Yes,Yes,Dsl,No,No,No,No,No,No,Month-To-Month,Yes,Electronic Check,50.9,225.6,Yes
4973-Mgton,Female,0,Yes,No,71,Yes,No,Dsl,Yes,Yes,Yes,Yes,Yes,Yes,Two Year,Yes,Credit Card (Automatic),84.4,5969.3,No
3682-Yeuws,Male,0,Yes,Yes,10,Yes,Yes,No,No Internet Service,No Internet Service,No Internet Service,No Internet Service,No Internet Service,No Internet Service,Month-To-Month,Yes,Mailed Check,24.4,253.9,No
1223-Unpks,Male,0,Yes,Yes,20,Yes,No,No,No Internet Service,No Internet Service,No Internet Service,No Internet Service,No Internet Service,No Internet Service,Two Year,No,Mailed Check,20.05,400,No
2612-Rridn,Male,0,No,No,4,Yes,No,Fiber Optic,No,No,No,No,Yes,No,Month-To-Month,Yes,Electronic Check,81.0,340.85,Yes
4735-Asgma,Male,0,No,No,26,Yes,Yes,Fiber Optic,No,No,Yes,No,Yes,Yes,Month-To-Month,Yes,Electronic Check,98.35,2515.3,Yes
3446-Qdszf,Female,0,No,No,4,Yes,No,Dsl,No,No,No,No,Yes,No,Month-To-Month,No,Credit Card (Automatic),55.5,227.35,No
3669-Lvwzb,Male,0,No,No,5,No,No Phone Service,Dsl,No,Yes,No,No,Yes,Yes,Month-To-Month,Yes,Mailed Check,51.0,305.95,Yes
6892-Ezdtg,Female,0,Yes,No,4,Yes,Yes,Fiber Optic,No,Yes,No,No,Yes,No,Month-To-Month,Yes,Electronic Check,91.65,365.4,Yes
5117-Ifgps,Male,1,Yes,No,29,Yes,Yes,Fiber Optic,No,No,No,No,No,Yes,Month-To-Month,Yes,Electronic Check,84.3,2357.75,No
7379-Fniuj,Male,0,No,No,2,Yes,No,Fiber Optic,Yes,Yes,No,No,Yes,Yes,Month-To-Month,No,Electronic Check,100.2,198.5,No
1627-Afwvj,Female,0,No,No,29,Yes,No,No,No Internet Service,No Internet Service,No Internet Service,No Internet Service,No Internet Service,No Internet Service,Two Year,No,Mailed Check,19.4,554.25,No
9725-Scpzg,Male,0,No,Yes,1,Yes,No,Fiber Optic,No,No,No,No,Yes,Yes,Month-To-Month,Yes,Electronic Check,90.85,90.85,Yes
5884-Gcymi,Male,0,No,No,1,Yes,No,Fiber Optic,No,No,No,No,No,No,Month-To-Month,No,Mailed Check,69.4,69.4,Yes
3217-Fzdmn,Female,1,No,No,8,Yes,No,Fiber Optic,No,No,Yes,No,Yes,Yes,Month-To-Month,Yes,Credit Card (Automatic),94.45,742.95,Yes
4486-Efaeb,Male,0,No,No,13,Yes,No,No,No Internet Service,No Internet Service,No Internet Service,No Internet Service,No Internet Service,No Internet Service,Month-To-Month,Yes,Electronic Check,20.4,251.65,No
0060-Fualy,Female,0,Yes,No,59,Yes,Yes,Fiber Optic,Yes,Yes,No,No,Yes,No,Month-To-Month,Yes,Electronic Check,94.75,5597.65,No
7853-Gvudz,Female,0,Yes,Yes,1,Yes,No,No,No Internet Service,No Internet Service,No Internet Service,No Internet Service,No Internet Service,No Internet Service,Month-To-Month,Yes,Credit Card (Automatic),20.15,20.15,Yes
7480-Qnvzj,Male,1,No,No,50,Yes,Yes,Fiber Optic,No,No,No,No,Yes,Yes,Month-To-Month,Yes,Electronic Check,95.7,4816.7,Yes
6954-Ooyzz,Male,0,Yes,No,18,Yes,No,Dsl,No,No,No,No,No,No,Month-To-Month,Yes,Bank Transfer (Automatic),44.35,768.05,No
7088-Fbawu,Female,0,Yes,Yes,17,Yes,No,Dsl,Yes,Yes,No,No,Yes,Yes,Month-To-Month,No,Mailed Check,74.55,1215.8,No
8313-Afgbw,Male,0,Yes,No,47,Yes,No,Dsl,No,Yes,Yes,No,Yes,Yes,Two Year,No,Electronic Check,73.6,3522.65,No
3943-Kdree,Female,0,No,No,26,Yes,Yes,Fiber Optic,No,No,No,No,No,No,Month-To-Month,Yes,Bank Transfer (Automatic),74.95,1834.95,Yes
9239-Zbzzv,Female,0,No,No,6,No,No Phone Service,Dsl,No,No,Yes,No,Yes,Yes,Month-To-Month,Yes,Electronic Check,47.95,305.1,Yes
3097-Idvpu,Male,0,Yes,Yes,19,Yes,Yes,Dsl,No,No,No,No,No,No,Month-To-Month,No,Credit Card (Automatic),50.1,910.45,No
4398-Hscjh,Female,0,No,No,3,Yes,Yes,Dsl,No,No,No,Yes,Yes,No,Month-To-Month,Yes,Electronic Check,63.6,155.65,Yes
2197-Omwgi,Female,1,Yes,Yes,68,No,No Phone Service,Dsl,No,Yes,Yes,No,Yes,Yes,Two Year,Yes,Electronic Check,53.0,3656.25,No
2303-Pjyhn,Female,0,Yes,No,2,Yes,No,No,No Internet Service,No Internet Service,No Internet Service,No Internet Service,No Internet Service,No Internet Service,Month-To-Month,No,Bank Transfer (Automatic),19.85,52,No
9795-Vowon,Male,0,No,No,7,No,No Phone Service,Dsl,No,No,No,No,No,No,One Year,Yes,Credit Card (Automatic),24.35,150.85,No
1237-Wiyyz,Female,0,No,No,18,Yes,No,No,No Internet Service,No Internet Service,No Internet Service,No Internet Service,No Internet Service,No Internet Service,Month-To-Month,Yes,Mailed Check,19.55,389.25,No
1987-Auelq,Female,0,Yes,No,71,Yes,Yes,No,No Internet Service,No Internet Service,No Internet Service,No Internet Service,No Internet Service,No Internet Service,Two Year,No,Credit Card (Automatic),25.05,1873.7,No
7852-Lecyp,Male,1,Yes,No,13,Yes,Yes,Fiber Optic,Yes,Yes,No,No,No,Yes,Month-To-Month,No,Credit Card (Automatic),93.8,1261,No
4430-Uzipo,Male,0,No,No,3,No,No Phone Service,Dsl,No,Yes,No,Yes,No,No,Month-To-Month,Yes,Mailed Check,36.85,108.7,Yes
4822-Lptyj,Male,0,Yes,No,72,Yes,Yes,Fiber Optic,No,Yes,Yes,No,Yes,Yes,Two Year,Yes,Bank Transfer (Automatic),103.75,7346.2,No
8165-Cbkxo,Male,0,Yes,Yes,66,No,No Phone Service,Dsl,No,Yes,Yes,No,Yes,Yes,Two Year,Yes,Credit Card (Automatic),56.75,3708.4,No
6527-Pzfpv,Male,0,Yes,Yes,24,Yes,No,No,No Internet Service,No Internet Service,No Internet Service,No Internet Service,No Internet Service,No Internet Service,One Year,Yes,Credit Card (Automatic),20.8,469.65,No
4855-Snkmy,Female,0,No,No,1,Yes,No,Dsl,No,No,No,No,No,No,Month-To-Month,Yes,Electronic Check,44.1,44.1,Yes
9593-Cvzkr,Female,0,Yes,Yes,56,Yes,Yes,No,No Internet Service,No Internet Service,No Internet Service,No Internet Service,No Internet Service,No Internet Service,Two Year,Yes,Mailed Check,24.45,1385.85,No
8595-Siznc,Female,1,Yes,No,22,Yes,Yes,No,No Internet Service,No Internet Service,No Internet Service,No Internet Service,No Internet Service,No Internet Service,One Year,No,Bank Transfer (Automatic),25.6,548.8,No
8008-Hawed,Male,0,No,No,14,No,No Phone Service,Dsl,No,No,Yes,No,Yes,Yes,Month-To-Month,Yes,Electronic Check,50.75,712.75,Yes
7124-Ugsur,Female,1,Yes,No,61,Yes,Yes,Fiber Optic,No,Yes,Yes,No,Yes,Yes,One Year,Yes,Credit Card (Automatic),104.4,6405,Yes
1862-Skory,Female,1,Yes,No,40,No,No Phone Service,Dsl,No,Yes,No,No,Yes,No,Month-To-Month,Yes,Electronic Check,39.3,1637.4,Yes
5236-Xmzjy,Female,0,No,No,42,Yes,No,Dsl,Yes,Yes,Yes,No,No,No,Month-To-Month,No,Bank Transfer (Automatic),59.65,2536.55,No
4827-Dpadn,Female,0,Yes,Yes,72,Yes,Yes,Dsl,Yes,No,Yes,Yes,Yes,Yes,Two Year,Yes,Bank Transfer (Automatic),83.3,6042.7,No
2694-Ciumo,Female,0,No,No,12,Yes,Yes,Fiber Optic,No,No,No,Yes,No,No,Month-To-Month,Yes,Credit Card (Automatic),79.55,958.25,No
5846-Abobj,Male,0,Yes,No,71,Yes,Yes,No,No Internet Service,No Internet Service,No Internet Service,No Internet Service,No Internet Service,No Internet Service,Two Year,No,Bank Transfer (Automatic),24.45,1730.65,No
1439-Lcgvl,Female,0,Yes,No,26,Yes,No,No,No Internet Service,No Internet Service,No Internet Service,No Internet Service,No Internet Service,No Internet Service,One Year,No,Mailed Check,19.2,459.6,No
0909-Sdhnu,Female,0,No,Yes,7,No,No Phone Service,Dsl,Yes,No,No,No,No,No,Month-To-Month,No,Mailed Check,29.8,201.95,No
4647-Xxzam,Female,0,Yes,Yes,6,Yes,No,Dsl,No,No,No,No,No,No,Month-To-Month,No,Mailed Check,45.5,285.2,No
1502-Xfcvr,Female,0,No,No,58,Yes,No,Fiber Optic,Yes,Yes,Yes,No,Yes,Yes,One Year,Yes,Electronic Check,106.45,6145.85,Yes
7740-Kkcxf,Male,0,Yes,No,51,No,No Phone Service,Dsl,No,Yes,No,No,No,No,Month-To-Month,Yes,Credit Card (Automatic),30.05,1529.45,No
5360-Xgyaz,Male,0,Yes,Yes,72,No,No Phone Service,Dsl,Yes,Yes,Yes,Yes,Yes,Yes,Two Year,Yes,Bank Transfer (Automatic),65.65,4664.5,No
9692-Tusxh,Female,0,No,No,18,Yes,No,Fiber Optic,Yes,No,No,No,Yes,Yes,Month-To-Month,Yes,Electronic Check,96.05,1740.7,Yes
7912-Syrqt,Female,0,No,No,7,Yes,Yes,Fiber Optic,No,No,No,No,No,No,Month-To-Month,Yes,Bank Transfer (Automatic),75.1,552.95,Yes
3557-Htywr,Female,0,No,No,47,Yes,Yes,Dsl,Yes,Yes,No,Yes,No,Yes,Two Year,No,Mailed Check,74.05,3496.3,No
4816-Jbhov,Male,1,No,No,2,Yes,No,Dsl,No,No,No,No,No,No,Month-To-Month,Yes,Electronic Check,44.7,93.7,Yes
8920-Navay,Male,1,No,No,62,Yes,Yes,Fiber Optic,No,Yes,Yes,Yes,Yes,Yes,One Year,Yes,Bank Transfer (Automatic),110.75,7053.35,No
1699-Tldlz,Female,0,Yes,Yes,16,Yes,No,No,No Internet Service,No Internet Service,No Internet Service,No Internet Service,No Internet Service,No Internet Service,Two Year,No,Mailed Check,19.7,301.55,No
5600-Pdujf,Male,0,No,No,6,Yes,No,Dsl,No,No,No,Yes,No,No,Month-To-Month,Yes,Credit Card (Automatic),49.5,312.7,No
8292-Tyspy,Male,0,No,No,19,Yes,No,Dsl,No,No,Yes,Yes,No,No,Month-To-Month,Yes,Credit Card (Automatic),55.0,1046.5,Yes
0567-Xrhcu,Female,0,Yes,Yes,69,No,No Phone Service,Dsl,Yes,No,Yes,No,No,Yes,Two Year,Yes,Credit Card (Automatic),43.95,2960.1,No
1867-Bdvfh,Male,0,Yes,Yes,11,Yes,Yes,Fiber Optic,No,No,No,No,No,No,Month-To-Month,Yes,Electronic Check,74.35,834.2,Yes
2067-Qytcf,Female,0,Yes,No,64,Yes,Yes,Fiber Optic,No,Yes,Yes,Yes,Yes,Yes,Month-To-Month,Yes,Electronic Check,111.15,6953.4,No
2359-Qwqul,Female,0,Yes,No,39,Yes,No,Fiber Optic,Yes,No,Yes,Yes,Yes,Yes,One Year,Yes,Credit Card (Automatic),104.7,4134.85,Yes
9103-Tcihj,Female,0,No,No,15,Yes,Yes,Dsl,Yes,No,No,No,No,No,Month-To-Month,Yes,Mailed Check,55.7,899.8,Yes
7407-Sujiz,Male,0,No,No,25,Yes,No,No,No Internet Service,No Internet Service,No Internet Service,No Internet Service,No Internet Service,No Internet Service,Month-To-Month,No,Mailed Check,20.6,541.5,No
9150-Kpbjq,Female,0,No,No,6,Yes,No,No,No Internet Service,No Internet Service,No Internet Service,No Internet Service,No Internet Service,No Internet Service,Two Year,No,Credit Card (Automatic),19.65,116.85,No
0052-Dckon,Male,0,Yes,No,66,Yes,Yes,Fiber Optic,Yes,Yes,Yes,Yes,Yes,Yes,One Year,No,Bank Transfer (Automatic),115.8,7942.15,No
3654-Armgp,Female,0,No,No,61,Yes,Yes,Dsl,No,Yes,Yes,Yes,Yes,Yes,Two Year,No,Credit Card (Automatic),88.65,5321.25,No
9699-Ubqfs,Female,1,Yes,No,43,Yes,Yes,Fiber Optic,Yes,Yes,No,No,Yes,No,Month-To-Month,Yes,Electronic Check,94.5,4156.8,No
9367-Tcuyn,Female,0,No,No,12,Yes,No,No,No Internet Service,No Internet Service,No Internet Service,No Internet Service,No Internet Service,No Internet Service,Month-To-Month,No,Mailed Check,20.1,223.6,No
1261-Fwtte,Male,1,No,No,23,No,No Phone Service,Dsl,No,No,No,No,No,Yes,Month-To-Month,Yes,Bank Transfer (Automatic),34.65,768.45,No
3528-Hfriq,Male,1,Yes,No,71,No,No Phone Service,Dsl,No,Yes,Yes,No,Yes,Yes,Month-To-Month,Yes,Bank Transfer (Automatic),52.3,3765.05,No
0708-Sjdis,Female,0,No,No,34,Yes,Yes,Dsl,No,No,No,Yes,Yes,No,Month-To-Month,No,Mailed Check,65.0,2157.5,No
4140-Wjaww,Female,0,No,No,5,Yes,No,No,No Internet Service,No Internet Service,No Internet Service,No Internet Service,No Internet Service,No Internet Service,Month-To-Month,No,Credit Card (Automatic),19.85,108.05,Yes
2073-Qbvbi,Female,0,Yes,No,41,No,No Phone Service,Dsl,No,Yes,No,Yes,No,No,One Year,No,Mailed Check,35.45,1391.65,No
6928-Ontrw,Female,0,Yes,Yes,72,Yes,No,No,No Internet Service,No Internet Service,No Internet Service,No Internet Service,No Internet Service,No Internet Service,Two Year,No,Credit Card (Automatic),19.7,1379.8,No
3320-Veoyc,Male,1,No,No,14,Yes,Yes,Fiber Optic,No,No,No,No,Yes,Yes,Month-To-Month,Yes,Electronic Check,95.6,1273.3,No
5231-Fiqpa,Female,0,No,No,41,Yes,No,No,No Internet Service,No Internet Service,No Internet Service,No Internet Service,No Internet Service,No Internet Service,Two Year,Yes,Mailed Check,19.85,810.45,No
6617-Wlbqc,Female,0,Yes,Yes,23,Yes,Yes,Fiber Optic,Yes,No,No,No,No,No,One Year,No,Credit Card (Automatic),81.85,1810.85,No
2599-Cipqe,Male,0,Yes,Yes,71,Yes,No,Fiber Optic,Yes,Yes,Yes,Yes,Yes,Yes,Two Year,No,Credit Card (Automatic),109.3,7782.85,No
6653-Cbbom,Female,0,No,No,1,Yes,No,Fiber Optic,No,No,No,No,No,No,Month-To-Month,Yes,Electronic Check,70.3,70.3,Yes
8774-Gsbun,Male,0,Yes,No,72,Yes,Yes,No,No Internet Service,No Internet Service,No Internet Service,No Internet Service,No Internet Service,No Internet Service,Two Year,No,Mailed Check,25.4,1797.1,No
7326-Rigqz,Male,0,Yes,Yes,6,Yes,No,Fiber Optic,No,No,No,No,No,No,Month-To-Month,Yes,Electronic Check,69.8,377.85,No
1401-Fthfq,Male,0,Yes,Yes,23,Yes,No,No,No Internet Service,No Internet Service,No Internet Service,No Internet Service,No Internet Service,No Internet Service,One Year,Yes,Credit Card (Automatic),20.0,445.3,No
3247-Zvouo,Male,1,Yes,No,10,Yes,Yes,Fiber Optic,No,No,No,No,No,Yes,Month-To-Month,No,Electronic Check,85.55,851.75,Yes
0254-Fnmci,Female,0,No,No,72,Yes,No,Fiber Optic,Yes,Yes,Yes,Yes,Yes,Yes,Two Year,Yes,Electronic Check,109.9,7624.2,No
1848-Lbzhy,Female,0,Yes,No,7,Yes,No,Dsl,Yes,No,No,No,No,No,Month-To-Month,Yes,Bank Transfer (Automatic),50.3,355.1,No
6101-Imrmm,Male,0,No,Yes,6,Yes,No,Fiber Optic,No,No,Yes,No,Yes,Yes,Month-To-Month,No,Mailed Check,94.5,575.45,Yes
8118-Tjafg,Male,0,Yes,Yes,9,Yes,No,Fiber Optic,No,Yes,No,Yes,Yes,Yes,Month-To-Month,Yes,Electronic Check,101.5,906.85,No
5429-Lwcmv,Female,0,No,No,12,Yes,Yes,Fiber Optic,No,Yes,No,No,No,Yes,Month-To-Month,Yes,Electronic Check,89.15,1057.55,No
7298-Izwly,Female,0,No,No,1,Yes,No,No,No Internet Service,No Internet Service,No Internet Service,No Internet Service,No Internet Service,No Internet Service,Month-To-Month,Yes,Mailed Check,19.4,19.4,No
9758-Mfwgd,Female,1,Yes,Yes,48,No,No Phone Service,Dsl,No,Yes,No,No,No,No,One Year,No,Bank Transfer (Automatic),29.9,1388.75,No
3955-Jbzzm,Male,0,No,No,20,Yes,No,Fiber Optic,No,No,No,No,Yes,No,Month-To-Month,No,Electronic Check,78.8,1641.3,No
1268-Asbga,Female,1,Yes,No,16,Yes,Yes,Fiber Optic,No,No,No,No,No,Yes,Month-To-Month,Yes,Credit Card (Automatic),85.35,1375.15,Yes
8943-Urtmr,Female,0,No,No,2,Yes,No,Fiber Optic,No,No,No,No,Yes,No,Month-To-Month,Yes,Mailed Check,79.65,152.7,Yes
4815-Tumeq,Female,0,No,No,10,Yes,No,No,No Internet Service,No Internet Service,No Internet Service,No Internet Service,No Internet Service,No Internet Service,One Year,Yes,Mailed Check,19.3,185.2,No
4713-Lzdrv,Female,1,No,No,2,Yes,No,Fiber Optic,No,No,No,No,No,Yes,Month-To-Month,Yes,Electronic Check,79.6,195.05,Yes
9909-Idlek,Male,0,Yes,Yes,20,Yes,Yes,Fiber Optic,No,Yes,No,Yes,Yes,No,Month-To-Month,No,Mailed Check,96.8,1826.7,No
4092-Ofqzs,Male,0,Yes,No,20,Yes,No,No,No Internet Service,No Internet Service,No Internet Service,No Internet Service,No Internet Service,No Internet Service,One Year,No,Mailed Check,20.65,417.5,No
1561-Bwhin,Male,0,Yes,Yes,19,Yes,No,No,No Internet Service,No Internet Service,No Internet Service,No Internet Service,No Internet Service,No Internet Service,One Year,No,Mailed Check,19.8,344.5,No
4325-Nfskc,Male,1,No,No,19,Yes,Yes,Fiber Optic,Yes,No,No,No,Yes,No,Month-To-Month,Yes,Electronic Check,90.6,1660,Yes
9927-Dswdf,Male,0,Yes,No,22,Yes,No,Fiber Optic,Yes,Yes,No,Yes,Yes,Yes,Month-To-Month,Yes,Electronic Check,104.6,2180.55,No
9500-Ltvbp,Female,0,No,No,35,Yes,Yes,Fiber Optic,No,No,No,Yes,No,No,Month-To-Month,No,Credit Card (Automatic),80.05,2835.9,No
7252-Ntgss,Female,0,No,No,1,Yes,No,Dsl,No,No,No,No,No,No,Month-To-Month,No,Mailed Check,45.15,45.15,No
8149-Aiqcg,Male,0,No,No,39,Yes,Yes,Fiber Optic,No,No,No,No,No,No,Month-To-Month,Yes,Credit Card (Automatic),73.15,2730.85,No
1360-Jyxkq,Female,1,Yes,No,54,Yes,No,Fiber Optic,No,No,Yes,Yes,Yes,Yes,One Year,Yes,Electronic Check,99.1,5437.1,No
2955-Psxoe,Female,0,No,No,1,Yes,No,No,No Internet Service,No Internet Service,No Internet Service,No Internet Service,No Internet Service,No Internet Service,Month-To-Month,Yes,Bank Transfer (Automatic),20.2,20.2,Yes
7762-Urzqh,Male,0,Yes,No,66,Yes,Yes,Fiber Optic,Yes,No,Yes,No,Yes,Yes,Two Year,Yes,Credit Card (Automatic),106.05,6981.35,Yes
0899-Wzrsd,Male,0,No,No,56,Yes,Yes,Fiber Optic,Yes,No,No,Yes,Yes,Yes,Month-To-Month,Yes,Mailed Check,105.35,5794.45,No
3255-Grxmg,Male,0,No,Yes,18,Yes,No,Dsl,No,No,No,No,No,No,Month-To-Month,Yes,Credit Card (Automatic),45.65,747.2,No
4828-Fazpk,Female,0,Yes,Yes,16,Yes,Yes,Fiber Optic,No,Yes,No,No,No,No,Month-To-Month,Yes,Credit Card (Automatic),79.95,1267.95,No
6094-Zivkx,Female,0,No,No,68,Yes,No,Dsl,Yes,No,Yes,No,No,No,One Year,Yes,Credit Card (Automatic),54.45,3674.95,No
6925-Baygl,Female,1,Yes,No,53,Yes,Yes,No,No Internet Service,No Internet Service,No Internet Service,No Internet Service,No Internet Service,No Internet Service,Two Year,No,Credit Card (Automatic),25.1,1275.6,No
3262-Eidhv,Female,0,Yes,Yes,72,Yes,Yes,Dsl,Yes,No,Yes,Yes,Yes,Yes,Two Year,No,Credit Card (Automatic),84.7,5893.9,No
7354-Oijlx,Male,0,No,No,9,Yes,Yes,Fiber Optic,No,No,No,No,No,No,Month-To-Month,Yes,Electronic Check,75.85,724.65,No
1376-Hhbdv,Female,0,No,No,30,Yes,No,Dsl,Yes,No,No,No,No,No,Month-To-Month,Yes,Mailed Check,48.8,1536.75,No
6907-Nzzij,Female,0,No,No,36,Yes,Yes,Fiber Optic,No,Yes,No,No,Yes,Yes,Month-To-Month,Yes,Electronic Check,99.15,3615.6,Yes
6133-Ozile,Female,0,No,No,18,No,No Phone Service,Dsl,No,No,Yes,Yes,No,No,Month-To-Month,Yes,Electronic Check,35.2,607.3,No
4135-Frwkj,Female,1,Yes,Yes,55,Yes,Yes,Dsl,Yes,No,Yes,Yes,Yes,No,One Year,No,Electronic Check,76.25,4154.55,No
2911-Urefd,Female,0,Yes,No,39,No,No Phone Service,Dsl,Yes,No,Yes,No,Yes,Yes,Month-To-Month,No,Electronic Check,55.9,2184.35,Yes
3744-Zrrdz,Male,0,No,No,21,Yes,Yes,Fiber Optic,No,Yes,No,No,No,No,Month-To-Month,Yes,Electronic Check,82.35,1852.85,Yes
5673-Tiyib,Male,0,No,No,2,No,No Phone Service,Dsl,No,Yes,Yes,Yes,No,No,Month-To-Month,Yes,Credit Card (Automatic),40.4,77.15,Yes
6551-Zcots,Male,1,No,No,33,Yes,Yes,No,No Internet Service,No Internet Service,No Internet Service,No Internet Service,No Internet Service,No Internet Service,One Year,Yes,Bank Transfer (Automatic),24.9,847.8,No
7191-Adrgf,Male,0,Yes,No,44,No,No Phone Service,Dsl,No,Yes,Yes,No,Yes,Yes,Two Year,No,Bank Transfer (Automatic),54.3,2390.45,No
5018-Lxqqg,Female,0,Yes,Yes,30,Yes,No,Dsl,Yes,No,No,Yes,No,Yes,Month-To-Month,No,Bank Transfer (Automatic),66.3,1923.5,No
6892-Bogqe,Female,0,Yes,No,71,Yes,No,No,No Internet Service,No Internet Service,No Internet Service,No Internet Service,No Internet Service,No Internet Service,Two Year,Yes,Bank Transfer (Automatic),20.9,1493.2,No
1602-Ijqqe,Female,0,No,No,4,Yes,Yes,Fiber Optic,No,No,No,No,No,No,Month-To-Month,No,Electronic Check,75.35,338.1,Yes
4628-Wqcqq,Male,0,No,Yes,35,Yes,No,Fiber Optic,No,No,Yes,No,Yes,No,One Year,Yes,Electronic Check,85.15,3030.6,Yes
1746-Tgtwv,Male,0,Yes,No,1,Yes,No,Fiber Optic,No,No,Yes,No,No,No,Month-To-Month,No,Credit Card (Automatic),75.35,75.35,No
5995-Snnew,Male,1,Yes,No,23,Yes,Yes,Fiber Optic,No,Yes,Yes,No,Yes,Yes,Month-To-Month,Yes,Electronic Check,104.45,2184.85,No
8050-Wybnd,Female,0,No,Yes,22,No,No Phone Service,Dsl,No,No,Yes,No,Yes,Yes,One Year,Yes,Credit Card (Automatic),49.45,1031.4,No
2821-Warnz,Female,0,No,Yes,49,Yes,No,No,No Internet Service,No Internet Service,No Internet Service,No Internet Service,No Internet Service,No Internet Service,One Year,No,Credit Card (Automatic),19.45,921.3,No
4879-Gzlfh,Female,0,Yes,Yes,42,Yes,No,Fiber Optic,No,No,Yes,No,Yes,Yes,Month-To-Month,Yes,Electronic Check,92.15,3875.4,No
1644-Irksf,Female,0,Yes,Yes,33,Yes,No,Fiber Optic,No,No,Yes,No,Yes,Yes,One Year,Yes,Electronic Check,93.8,3124.5,Yes
8314-Htwve,Female,0,Yes,Yes,7,Yes,No,No,No Internet Service,No Internet Service,No Internet Service,No Internet Service,No Internet Service,No Internet Service,Two Year,No,Mailed Check,19.85,144.15,No
9402-Roumj,Female,0,Yes,Yes,67,Yes,Yes,Fiber Optic,Yes,No,Yes,Yes,No,Yes,One Year,Yes,Bank Transfer (Automatic),100.25,6689,No
2507-Qzpqs,Male,0,No,No,15,Yes,Yes,Fiber Optic,No,Yes,No,Yes,No,Yes,Month-To-Month,No,Electronic Check,95.7,1451.1,No
7159-Nokyq,Male,0,Yes,No,67,Yes,Yes,Fiber Optic,No,Yes,Yes,No,No,Yes,Two Year,Yes,Electronic Check,93.15,6368.2,No
5707-Zmdjp,Male,0,Yes,Yes,53,Yes,No,Dsl,Yes,Yes,No,Yes,Yes,No,Two Year,Yes,Mailed Check,69.7,3729.6,No
8779-Yiqqa,Male,0,Yes,Yes,21,Yes,No,No,No Internet Service,No Internet Service,No Internet Service,No Internet Service,No Internet Service,No Internet Service,One Year,No,Mailed Check,19.8,350.1,No
7136-Ihzja,Female,0,Yes,Yes,40,Yes,No,Dsl,Yes,Yes,No,Yes,No,Yes,Month-To-Month,Yes,Mailed Check,71.35,2847.2,No
8966-Oiqhg,Female,0,Yes,Yes,22,Yes,No,No,No Internet Service,No Internet Service,No Internet Service,No Internet Service,No Internet Service,No Internet Service,One Year,No,Bank Transfer (Automatic),20.75,452.35,No
7074-Stdcn,Male,0,No,No,39,No,No Phone Service,Dsl,No,No,No,Yes,No,Yes,Month-To-Month,Yes,Electronic Check,40.6,1494.5,No
3705-Psngl,Male,0,No,No,45,Yes,No,No,No Internet Service,No Internet Service,No Internet Service,No Internet Service,No Internet Service,No Internet Service,One Year,Yes,Electronic Check,20.4,930.45,Yes
8739-Qottn,Female,0,Yes,No,2,Yes,No,No,No Internet Service,No Internet Service,No Internet Service,No Internet Service,No Internet Service,No Internet Service,Month-To-Month,No,Mailed Check,20.35,41.85,No
1399-Oupjn,Female,0,Yes,Yes,57,Yes,No,No,No Internet Service,No Internet Service,No Internet Service,No Internet Service,No Internet Service,No Internet Service,Two Year,No,Bank Transfer (Automatic),19.75,1272.05,No
0277-Bksqp,Male,0,Yes,Yes,8,Yes,No,Dsl,No,No,No,No,Yes,No,Month-To-Month,Yes,Electronic Check,54.4,475.1,No
6502-Hcjti,Male,1,Yes,No,7,Yes,Yes,Fiber Optic,Yes,Yes,No,No,No,Yes,Month-To-Month,Yes,Credit Card (Automatic),94.7,673.1,Yes
2606-Rmdhz,Male,0,No,No,6,No,No Phone Service,Dsl,No,Yes,No,No,No,No,Month-To-Month,Yes,Credit Card (Automatic),30.5,208.7,Yes
5774-Xztqc,Female,0,Yes,Yes,7,Yes,No,No,No Internet Service,No Internet Service,No Internet Service,No Internet Service,No Internet Service,No Internet Service,Month-To-Month,No,Mailed Check,20.45,150.75,No
2676-Sslto,Male,0,No,No,49,Yes,Yes,Dsl,No,No,No,Yes,Yes,No,Two Year,Yes,Bank Transfer (Automatic),66.15,3199,No
6266-Qhojz,Female,0,No,No,65,Yes,Yes,Fiber Optic,Yes,Yes,No,Yes,No,No,One Year,Yes,Electronic Check,89.85,5844.65,No
7269-Jiscy,Female,0,No,No,55,Yes,No,Dsl,No,No,No,No,No,No,One Year,No,Bank Transfer (Automatic),45.05,2462.6,No
0363-Svhyr,Male,0,Yes,Yes,71,Yes,Yes,Dsl,Yes,Yes,Yes,Yes,Yes,Yes,Two Year,No,Bank Transfer (Automatic),86.85,6263.8,No
8547-Nsbbo,Male,0,No,No,35,Yes,Yes,Fiber Optic,Yes,Yes,Yes,Yes,No,No,Month-To-Month,Yes,Mailed Check,96.75,3403.4,No
8258-Gstjk,Male,1,No,No,3,Yes,Yes,Fiber Optic,No,No,No,No,No,No,Month-To-Month,Yes,Electronic Check,77.0,237.75,Yes
6861-Okbce,Female,0,No,Yes,11,Yes,No,No,No Internet Service,No Internet Service,No Internet Service,No Internet Service,No Internet Service,No Internet Service,Month-To-Month,No,Credit Card (Automatic),20.1,221.35,Yes
9940-Rhlfb,Female,0,No,No,1,Yes,No,Fiber Optic,No,No,Yes,No,No,No,Month-To-Month,No,Electronic Check,75.3,75.3,Yes
6591-Qgoyb,Male,0,No,No,17,Yes,Yes,Fiber Optic,Yes,Yes,Yes,Yes,Yes,No,Month-To-Month,Yes,Bank Transfer (Automatic),106.65,1672.1,No
9070-Bckqp,Female,0,Yes,No,72,Yes,Yes,Fiber Optic,Yes,No,Yes,Yes,Yes,Yes,Two Year,Yes,Credit Card (Automatic),110.15,7881.2,No
6421-Szvem,Female,0,Yes,Yes,28,Yes,No,Fiber Optic,Yes,No,No,No,No,Yes,One Year,Yes,Bank Transfer (Automatic),82.85,2320.8,No
1328-Euzhc,Female,0,Yes,No,18,Yes,No,No,No Internet Service,No Internet Service,No Internet Service,No Internet Service,No Internet Service,No Internet Service,Two Year,No,Mailed Check,20.1,370.5,No
2995-Uprys,Female,1,Yes,No,40,Yes,No,Fiber Optic,No,Yes,No,Yes,Yes,Yes,One Year,Yes,Credit Card (Automatic),99.2,4062.2,Yes
8878-Ryuki,Female,0,No,No,52,Yes,No,Dsl,No,No,Yes,No,No,Yes,Month-To-Month,Yes,Electronic Check,59.45,3043.7,No
9633-Denpu,Female,0,Yes,No,47,Yes,No,Dsl,No,Yes,No,No,Yes,No,Month-To-Month,Yes,Bank Transfer (Automatic),58.6,2723.4,No
7811-Jivpf,Female,0,No,No,23,Yes,No,Dsl,No,No,Yes,No,No,No,Month-To-Month,No,Credit Card (Automatic),49.7,1081.25,No
7113-Hipfi,Male,0,Yes,Yes,66,Yes,No,Dsl,Yes,Yes,Yes,Yes,No,No,Two Year,No,Mailed Check,65.85,4097.05,No
8541-Qvfkm,Female,0,No,No,8,Yes,Yes,Fiber Optic,No,No,No,No,No,No,Month-To-Month,Yes,Electronic Check,73.5,632.2,No
6686-Ypghk,Male,1,No,No,47,Yes,No,Fiber Optic,Yes,No,No,No,No,Yes,Month-To-Month,No,Mailed Check,85.5,4042.3,Yes
1383-Ezrwl,Female,0,No,No,7,Yes,No,No,No Internet Service,No Internet Service,No Internet Service,No Internet Service,No Internet Service,No Internet Service,Month-To-Month,No,Mailed Check,20.05,164.85,Yes
9258-Cnwac,Female,0,Yes,Yes,71,Yes,Yes,Fiber Optic,Yes,Yes,Yes,Yes,Yes,Yes,Two Year,No,Credit Card (Automatic),113.65,8166.8,No
5371-Vylsx,Female,1,No,No,50,Yes,Yes,Fiber Optic,Yes,Yes,No,No,No,No,Month-To-Month,Yes,Electronic Check,83.4,4113.7,No
6374-Afwox,Male,0,Yes,No,46,Yes,No,Dsl,Yes,Yes,Yes,Yes,No,No,Two Year,No,Mailed Check,65.65,3047.15,No
4759-Trplw,Male,0,No,No,1,Yes,No,Fiber Optic,No,No,No,No,No,No,Month-To-Month,No,Electronic Check,70.4,70.4,Yes
5317-Flpjf,Female,0,No,No,66,No,No Phone Service,Dsl,Yes,No,Yes,Yes,Yes,Yes,Two Year,Yes,Bank Transfer (Automatic),61.35,4193.4,No
7621-Vpnet,Female,0,Yes,No,42,Yes,Yes,Fiber Optic,No,No,Yes,Yes,No,No,Month-To-Month,Yes,Credit Card (Automatic),85.9,3729.75,No
6034-Ymtob,Female,0,No,No,5,Yes,No,Fiber Optic,No,No,No,Yes,No,No,Month-To-Month,Yes,Mailed Check,75.65,399.45,No
8563-Iioxk,Male,0,Yes,Yes,7,Yes,No,Dsl,Yes,No,No,No,No,No,One Year,Yes,Electronic Check,49.75,331.3,Yes
4903-Cnozc,Male,0,No,No,29,Yes,Yes,Dsl,No,Yes,Yes,No,No,Yes,One Year,No,Credit Card (Automatic),70.9,1964.6,No
4353-Hyojd,Female,0,Yes,Yes,27,Yes,No,Dsl,No,Yes,No,No,No,No,Month-To-Month,No,Mailed Check,49.85,1336.15,No
8020-Bwhyl,Female,1,No,No,15,Yes,No,Fiber Optic,No,Yes,No,No,No,No,Month-To-Month,Yes,Credit Card (Automatic),75.3,1147.45,Yes
7267-Frmjw,Female,0,Yes,Yes,25,Yes,No,No,No Internet Service,No Internet Service,No Internet Service,No Internet Service,No Internet Service,No Internet Service,Two Year,No,Mailed Check,20.1,486.05,No
2982-Vpsgi,Female,0,Yes,No,11,Yes,Yes,Fiber Optic,No,No,No,No,Yes,Yes,Month-To-Month,Yes,Electronic Check,94.0,1078.9,Yes
4188-Frabg,Male,0,Yes,No,57,Yes,Yes,Fiber Optic,Yes,Yes,Yes,Yes,Yes,No,Month-To-Month,Yes,Electronic Check,103.05,5925.75,No
8199-Zllsa,Male,0,No,No,67,Yes,Yes,Fiber Optic,Yes,Yes,Yes,Yes,Yes,Yes,One Year,Yes,Bank Transfer (Automatic),118.35,7804.15,Yes
4128-Etesu,Female,1,Yes,No,47,Yes,Yes,Fiber Optic,No,No,Yes,No,Yes,Yes,Month-To-Month,No,Electronic Check,99.7,4747.2,No
0620-Dlslk,Female,0,No,No,13,Yes,No,Fiber Optic,No,No,No,No,Yes,No,Month-To-Month,Yes,Mailed Check,81.9,1028.9,No
4625-Ewptf,Male,0,No,No,8,No,No Phone Service,Dsl,Yes,No,No,No,No,No,Month-To-Month,Yes,Electronic Check,30.45,226.45,Yes
5980-Noplp,Female,0,Yes,No,44,Yes,Yes,Fiber Optic,No,No,No,No,Yes,Yes,Month-To-Month,Yes,Electronic Check,96.1,4364.1,Yes
3850-Okinf,Male,0,Yes,Yes,71,Yes,Yes,Dsl,Yes,No,No,No,Yes,No,One Year,Yes,Electronic Check,66.2,4692.55,No
6892-Xpfpu,Male,1,Yes,No,24,Yes,Yes,Fiber Optic,No,Yes,Yes,No,Yes,Yes,Month-To-Month,Yes,Electronic Check,104.25,2433.9,Yes
8010-Ezlou,Male,1,No,No,15,Yes,Yes,Fiber Optic,No,Yes,No,No,No,No,Month-To-Month,Yes,Electronic Check,80.2,1217.25,Yes
1156-Zfydo,Female,0,No,No,1,Yes,No,No,No Internet Service,No Internet Service,No Internet Service,No Internet Service,No Internet Service,No Internet Service,Month-To-Month,No,Electronic Check,19.75,19.75,No
3295-Yvusr,Male,1,No,No,2,Yes,Yes,Fiber Optic,No,No,No,No,No,No,Month-To-Month,Yes,Mailed Check,72.6,154.3,No
8016-Ncfvo,Male,1,No,No,55,Yes,Yes,Fiber Optic,Yes,Yes,Yes,Yes,Yes,Yes,Month-To-Month,Yes,Electronic Check,116.5,6382.55,No
4119-Zypzy,Male,1,No,No,71,Yes,Yes,Fiber Optic,No,Yes,No,Yes,Yes,Yes,Two Year,Yes,Electronic Check,106.8,7623.2,No
5549-Zghfb,Male,0,Yes,Yes,50,Yes,Yes,No,No Internet Service,No Internet Service,No Internet Service,No Internet Service,No Internet Service,No Internet Service,Two Year,No,Mailed Check,24.95,1261.45,No
7577-Swifr,Male,0,No,No,1,Yes,No,Fiber Optic,No,No,No,No,Yes,Yes,Month-To-Month,Yes,Electronic Check,89.25,89.25,No
0303-Wmmrn,Male,0,No,No,5,Yes,No,No,No Internet Service,No Internet Service,No Internet Service,No Internet Service,No Internet Service,No Internet Service,Month-To-Month,Yes,Mailed Check,19.25,86.05,No
6408-Otubz,Female,0,No,No,66,Yes,Yes,Fiber Optic,Yes,Yes,Yes,Yes,Yes,No,One Year,Yes,Bank Transfer (Automatic),104.55,6779.05,No
5204-Hmgyf,Female,0,Yes,Yes,49,Yes,No,Dsl,Yes,Yes,Yes,Yes,Yes,Yes,One Year,Yes,Mailed Check,87.2,4345,No
1078-Tdcrn,Female,1,Yes,No,3,No,No Phone Service,Dsl,No,Yes,No,No,No,No,Month-To-Month,Yes,Electronic Check,30.75,82.85,No
3727-Ovpry,Male,0,Yes,Yes,66,Yes,Yes,No,No Internet Service,No Internet Service,No Internet Service,No Internet Service,No Internet Service,No Internet Service,One Year,Yes,Credit Card (Automatic),25.7,1714.55,No
3797-Fkogq,Male,0,No,Yes,11,Yes,Yes,Fiber Optic,No,No,No,No,No,Yes,Month-To-Month,No,Electronic Check,86.2,893.2,No
7622-Nxqzr,Male,0,No,No,28,No,No Phone Service,Dsl,No,No,No,Yes,No,No,Month-To-Month,Yes,Credit Card (Automatic),30.1,810.85,No
6196-Hbobz,Male,0,Yes,No,65,Yes,Yes,Fiber Optic,Yes,Yes,Yes,No,Yes,No,Two Year,Yes,Electronic Check,99.35,6347.55,No
3970-Xgjdu,Female,0,No,No,62,Yes,No,No,No Internet Service,No Internet Service,No Internet Service,No Internet Service,No Internet Service,No Internet Service,Two Year,Yes,Credit Card (Automatic),19.2,1123.65,No
7017-Vfuly,Female,0,Yes,No,2,Yes,No,No,No Internet Service,No Internet Service,No Internet Service,No Internet Service,No Internet Service,No Internet Service,Month-To-Month,No,Bank Transfer (Automatic),20.1,43.15,No
5562-Yjqgt,Female,0,No,No,2,Yes,No,No,No Internet Service,No Internet Service,No Internet Service,No Internet Service,No Internet Service,No Internet Service,Month-To-Month,No,Credit Card (Automatic),20.35,35.1,No
8807-Opmbm,Female,0,Yes,Yes,55,Yes,Yes,No,No Internet Service,No Internet Service,No Internet Service,No Internet Service,No Internet Service,No Internet Service,Two Year,Yes,Credit Card (Automatic),25.65,1388,No
5439-Wikxb,Male,1,Yes,No,41,Yes,No,Fiber Optic,No,Yes,No,No,Yes,Yes,Month-To-Month,Yes,Electronic Check,94.55,3851.45,No
9874-Qlclh,Female,0,Yes,Yes,17,Yes,Yes,Fiber Optic,Yes,No,Yes,No,Yes,Yes,Month-To-Month,Yes,Electronic Check,104.2,1743.5,Yes
8294-Uimba,Female,0,No,No,30,Yes,No,Fiber Optic,No,No,No,Yes,Yes,Yes,One Year,Yes,Bank Transfer (Automatic),94.4,2638.1,No
8109-Yuohe,Male,0,No,No,17,Yes,No,Dsl,Yes,Yes,No,No,No,No,One Year,No,Mailed Check,56.1,946.95,No
5840-Nvdcg,Female,0,Yes,Yes,16,Yes,No,Dsl,Yes,Yes,No,Yes,No,Yes,Two Year,No,Bank Transfer (Automatic),68.25,1114.85,No
8092-Nltgf,Male,0,No,No,72,Yes,Yes,No,No Internet Service,No Internet Service,No Internet Service,No Internet Service,No Internet Service,No Internet Service,Two Year,No,Bank Transfer (Automatic),24.75,1777.6,No
5928-Qldhb,Male,0,No,No,9,Yes,Yes,Fiber Optic,No,No,No,No,No,No,Month-To-Month,Yes,Electronic Check,76.25,684.85,No
9840-Efjqb,Female,0,No,No,1,Yes,No,Fiber Optic,No,Yes,No,No,No,No,Month-To-Month,No,Electronic Check,74.35,74.35,No
0696-Uktox,Male,0,No,Yes,23,Yes,No,Dsl,No,Yes,No,Yes,No,No,Month-To-Month,No,Electronic Check,54.15,1312.45,No
4801-Kfykl,Male,0,No,Yes,8,Yes,No,No,No Internet Service,No Internet Service,No Internet Service,No Internet Service,No Internet Service,No Internet Service,Month-To-Month,No,Bank Transfer (Automatic),19.45,159.2,No
3472-Oaoor,Male,0,Yes,Yes,19,No,No Phone Service,Dsl,Yes,Yes,No,No,No,No,Month-To-Month,Yes,Mailed Check,34.95,610.2,No
6135-Ozqva,Female,0,No,No,7,Yes,Yes,Dsl,Yes,No,No,No,No,No,Month-To-Month,Yes,Electronic Check,53.65,404.35,No
8062-Ybdoe,Male,1,No,No,1,Yes,No,Fiber Optic,No,No,No,No,No,No,Month-To-Month,Yes,Electronic Check,69.65,69.65,Yes
2252-Jhjge,Male,0,No,No,61,Yes,Yes,Fiber Optic,Yes,No,Yes,No,Yes,Yes,One Year,No,Electronic Check,104.0,6363.45,No
4188-Pcpig,Female,0,Yes,No,57,Yes,No,Dsl,Yes,Yes,No,Yes,Yes,No,Two Year,Yes,Credit Card (Automatic),70.35,4124.65,No
6000-Apylu,Male,0,No,No,9,Yes,No,Fiber Optic,No,No,No,No,No,Yes,Month-To-Month,Yes,Electronic Check,80.8,713.1,Yes
7105-Benqf,Male,0,No,Yes,15,Yes,No,Dsl,Yes,No,Yes,No,No,Yes,One Year,No,Mailed Check,64.85,950.75,No
7721-Dvekz,Female,0,No,No,1,Yes,No,No,No Internet Service,No Internet Service,No Internet Service,No Internet Service,No Internet Service,No Internet Service,Month-To-Month,No,Mailed Check,19.65,19.65,No
3566-Vvorz,Female,0,Yes,No,12,Yes,No,Dsl,No,No,No,No,No,No,Month-To-Month,No,Bank Transfer (Automatic),45.9,505.95,No
9507-Hsmmz,Male,0,No,No,54,Yes,No,No,No Internet Service,No Internet Service,No Internet Service,No Internet Service,No Internet Service,No Internet Service,Two Year,No,Mailed Check,20.0,1149.65,No
2480-Sqiob,Male,0,Yes,Yes,4,Yes,No,Dsl,No,No,No,No,No,No,Month-To-Month,No,Electronic Check,44.8,169.65,No
0947-Idhrq,Female,0,No,No,7,Yes,No,Fiber Optic,No,No,No,No,Yes,No,Month-To-Month,Yes,Mailed Check,80.3,526.7,Yes
7813-Tkcvo,Female,0,Yes,No,20,Yes,No,No,No Internet Service,No Internet Service,No Internet Service,No Internet Service,No Internet Service,No Internet Service,One Year,No,Mailed Check,20.35,393.15,No
0128-Mkwsg,Female,0,No,Yes,26,No,No Phone Service,Dsl,Yes,No,No,Yes,No,Yes,Month-To-Month,No,Mailed Check,45.8,1147,No
3672-Yitqd,Male,1,Yes,No,36,Yes,Yes,Fiber Optic,No,No,No,No,No,Yes,Month-To-Month,Yes,Electronic Check,84.1,3021.6,Yes
4350-Ztlpi,Female,0,Yes,No,53,Yes,Yes,Fiber Optic,No,Yes,Yes,Yes,Yes,Yes,One Year,Yes,Bank Transfer (Automatic),108.95,5718.2,No
9048-Jvyvf,Male,0,No,No,3,Yes,No,Dsl,No,No,No,Yes,Yes,Yes,Month-To-Month,Yes,Electronic Check,69.35,191.35,Yes
0361-Hjrdx,Female,0,No,No,68,No,No Phone Service,Dsl,Yes,Yes,Yes,Yes,Yes,Yes,Two Year,No,Credit Card (Automatic),64.35,4539.6,No
5727-Myate,Male,0,Yes,Yes,72,Yes,Yes,Dsl,Yes,Yes,Yes,Yes,Yes,Yes,Two Year,Yes,Credit Card (Automatic),90.8,6397.6,No
3823-Kynqy,Male,0,No,No,12,Yes,Yes,No,No Internet Service,No Internet Service,No Internet Service,No Internet Service,No Internet Service,No Internet Service,One Year,No,Credit Card (Automatic),24.95,280.4,No
8988-Ecpjr,Female,1,Yes,Yes,34,Yes,Yes,Fiber Optic,No,Yes,No,No,No,No,Month-To-Month,Yes,Mailed Check,79.6,2718.3,Yes
7570-Welny,Female,0,Yes,No,68,Yes,Yes,Fiber Optic,Yes,Yes,No,No,No,No,Two Year,Yes,Bank Transfer (Automatic),84.7,5711.05,No
3021-Vlnrj,Female,0,No,Yes,50,Yes,No,Dsl,Yes,No,Yes,Yes,Yes,No,One Year,Yes,Credit Card (Automatic),70.8,3478.15,No
3776-Ektkm,Female,1,No,No,1,No,No Phone Service,Dsl,No,No,No,No,Yes,No,Month-To-Month,Yes,Electronic Check,36.45,36.45,Yes
2080-Caznm,Female,1,No,No,41,Yes,Yes,Fiber Optic,No,Yes,Yes,No,Yes,Yes,Month-To-Month,Yes,Electronic Check,104.4,4133.95,No
1028-Ffnjk,Male,1,Yes,No,30,Yes,Yes,Fiber Optic,No,No,No,Yes,Yes,Yes,Month-To-Month,Yes,Electronic Check,101.5,2917.65,No
6907-Flber,Male,0,No,No,1,Yes,Yes,Dsl,No,Yes,No,No,No,No,Month-To-Month,No,Electronic Check,54.3,54.3,No
3001-Unbtl,Male,1,Yes,Yes,29,Yes,Yes,Fiber Optic,No,No,Yes,No,Yes,Yes,Month-To-Month,Yes,Electronic Check,103.95,2964.8,No
5982-Psmkw,Female,0,Yes,Yes,23,Yes,Yes,Dsl,Yes,Yes,Yes,Yes,Yes,Yes,Two Year,Yes,Credit Card (Automatic),91.1,2198.3,No
3507-Gasnp,Male,0,No,Yes,60,Yes,No,No,No Internet Service,No Internet Service,No Internet Service,No Internet Service,No Internet Service,No Internet Service,Two Year,No,Mailed Check,19.95,1189.9,No
7096-Znbzi,Female,0,Yes,No,72,Yes,Yes,No,No Internet Service,No Internet Service,No Internet Service,No Internet Service,No Internet Service,No Internet Service,Two Year,No,Credit Card (Automatic),26.45,1914.5,No
1902-Xbtfb,Male,0,No,Yes,22,Yes,No,Fiber Optic,No,Yes,Yes,No,Yes,No,Month-To-Month,Yes,Electronic Check,89.4,2001.5,Yes
1676-Mqaoa,Male,0,No,No,72,Yes,No,Dsl,Yes,Yes,Yes,Yes,Yes,No,Two Year,Yes,Bank Transfer (Automatic),75.1,5336.35,No
0786-Ivlaw,Female,1,No,No,66,Yes,Yes,Fiber Optic,No,Yes,Yes,No,Yes,Yes,One Year,No,Bank Transfer (Automatic),108.1,7238.6,No
7566-Dsrlq,Female,0,Yes,No,72,Yes,Yes,Fiber Optic,No,Yes,Yes,Yes,Yes,Yes,Two Year,Yes,Electronic Check,110.15,7998.8,No
0643-Oklrp,Female,1,Yes,No,47,Yes,Yes,Fiber Optic,Yes,No,No,No,No,No,Month-To-Month,No,Electronic Check,80.35,3825.85,Yes
7245-Jmttq,Female,0,No,No,51,Yes,Yes,Fiber Optic,No,Yes,Yes,Yes,Yes,Yes,One Year,Yes,Electronic Check,111.5,5703.25,No
6050-Ijrhs,Female,0,Yes,Yes,70,Yes,Yes,Fiber Optic,No,Yes,Yes,No,Yes,Yes,One Year,Yes,Electronic Check,106.5,7397,No
6202-Jvyeu,Male,0,No,No,9,Yes,No,No,No Internet Service,No Internet Service,No Internet Service,No Internet Service,No Internet Service,No Internet Service,One Year,Yes,Electronic Check,19.9,164.6,No
8591-Tkmzh,Male,0,Yes,Yes,59,Yes,Yes,Fiber Optic,Yes,Yes,No,Yes,Yes,Yes,Two Year,Yes,Mailed Check,111.1,6555.2,No
0734-Oxwbt,Male,0,No,Yes,3,Yes,No,Dsl,No,No,No,Yes,Yes,Yes,Month-To-Month,No,Mailed Check,70.7,225.65,No
4282-Acrxs,Male,1,Yes,No,38,No,No Phone Service,Dsl,No,No,No,No,No,No,Month-To-Month,Yes,Electronic Check,24.85,955.75,No
0365-Trtpy,Female,0,No,No,37,Yes,Yes,Fiber Optic,Yes,Yes,Yes,No,No,No,Month-To-Month,No,Bank Transfer (Automatic),91.2,3382.3,No
7349-Almux,Male,0,No,No,37,Yes,No,Dsl,Yes,Yes,Yes,Yes,No,No,Two Year,No,Bank Transfer (Automatic),65.6,2313.8,No
9381-Ndkme,Female,1,Yes,No,24,No,No Phone Service,Dsl,No,No,Yes,No,No,Yes,Month-To-Month,Yes,Credit Card (Automatic),40.65,933.3,Yes
6502-Kugll,Female,0,Yes,Yes,14,Yes,No,Dsl,Yes,Yes,No,Yes,No,No,Month-To-Month,No,Bank Transfer (Automatic),59.45,780.85,No
1841-Ysjgv,Male,0,Yes,No,72,Yes,Yes,Fiber Optic,Yes,Yes,No,Yes,Yes,Yes,Two Year,Yes,Credit Card (Automatic),109.95,7852.4,No
2794-Ximmo,Male,0,Yes,No,53,No,No Phone Service,Dsl,No,Yes,Yes,Yes,Yes,Yes,One Year,Yes,Electronic Check,60.45,3184.25,Yes
8382-Shqeh,Female,0,Yes,No,8,Yes,Yes,Fiber Optic,No,No,No,No,No,Yes,Month-To-Month,Yes,Electronic Check,84.9,764.95,Yes
3511-Bftjw,Male,0,Yes,Yes,72,No,No Phone Service,Dsl,Yes,Yes,Yes,No,No,No,Two Year,No,Credit Card (Automatic),38.5,2763,No
7668-Xcfyv,Female,1,Yes,No,17,Yes,Yes,Fiber Optic,No,No,No,No,Yes,Yes,Month-To-Month,Yes,Electronic Check,92.55,1614.7,No
2983-Zanrp,Female,0,Yes,Yes,2,Yes,No,Fiber Optic,No,Yes,No,No,No,No,Month-To-Month,Yes,Bank Transfer (Automatic),73.55,145.4,Yes
7845-Urhjn,Female,0,Yes,No,8,Yes,No,No,No Internet Service,No Internet Service,No Internet Service,No Internet Service,No Internet Service,No Internet Service,Month-To-Month,No,Bank Transfer (Automatic),20.15,156.25,Yes
3034-Zbeqn,Female,0,Yes,No,48,No,No Phone Service,Dsl,No,Yes,Yes,No,No,No,One Year,No,Mailed Check,34.7,1604.5,Yes
5018-Hekfo,Female,0,No,No,10,Yes,Yes,No,No Internet Service,No Internet Service,No Internet Service,No Internet Service,No Internet Service,No Internet Service,Month-To-Month,Yes,Mailed Check,24.5,270.15,No
2923-Arzlg,Male,0,Yes,Yes,0,Yes,No,No,No Internet Service,No Internet Service,No Internet Service,No Internet Service,No Internet Service,No Internet Service,One Year,Yes,Mailed Check,19.7,,No
3976-Nldez,Male,0,No,No,1,Yes,No,No,No Internet Service,No Internet Service,No Internet Service,No Internet Service,No Internet Service,No Internet Service,Month-To-Month,No,Mailed Check,20.6,20.6,No
2282-Ygnor,Female,0,No,No,29,Yes,No,Dsl,Yes,No,Yes,Yes,No,No,One Year,No,Credit Card (Automatic),58.0,1734.5,No
5336-Ufnzp,Female,1,Yes,Yes,65,Yes,Yes,Fiber Optic,No,Yes,Yes,No,Yes,Yes,One Year,Yes,Electronic Check,107.45,7047.5,No
6854-Exgsf,Female,0,No,No,8,Yes,Yes,Dsl,Yes,Yes,Yes,No,No,No,Month-To-Month,Yes,Bank Transfer (Automatic),65.5,573.15,No
1241-Ezfmj,Male,0,Yes,No,61,Yes,Yes,No,No Internet Service,No Internet Service,No Internet Service,No Internet Service,No Internet Service,No Internet Service,Two Year,No,Bank Transfer (Automatic),25.45,1538.6,No
9233-Psyho,Female,1,No,No,45,Yes,Yes,Fiber Optic,No,No,Yes,No,Yes,Yes,One Year,Yes,Bank Transfer (Automatic),100.15,4459.8,No
5376-Pcknb,Male,0,Yes,Yes,72,Yes,Yes,Fiber Optic,No,Yes,Yes,No,Yes,Yes,One Year,Yes,Credit Card (Automatic),104.45,7459,No
8044-Bgwpi,Male,0,Yes,Yes,12,Yes,No,No,No Internet Service,No Internet Service,No Internet Service,No Internet Service,No Internet Service,No Internet Service,Month-To-Month,Yes,Electronic Check,21.15,306.05,No
4060-Ldnlu,Male,0,No,No,7,Yes,Yes,Fiber Optic,No,No,No,No,Yes,Yes,Month-To-Month,No,Electronic Check,96.2,639.7,No
3589-Ppvkw,Male,0,No,No,9,Yes,No,Dsl,No,No,No,No,No,No,Month-To-Month,Yes,Mailed Check,44.4,348.15,No
8327-Lzkas,Female,1,Yes,No,43,Yes,Yes,Fiber Optic,No,No,Yes,Yes,Yes,Yes,One Year,Yes,Electronic Check,107.55,4533.9,Yes
5887-Ikkyo,Male,0,Yes,Yes,58,Yes,Yes,Fiber Optic,No,No,Yes,Yes,No,Yes,Two Year,No,Bank Transfer (Automatic),94.35,5563.65,No
1075-Bgwoh,Male,1,Yes,No,16,Yes,Yes,Fiber Optic,No,No,Yes,No,Yes,Yes,Month-To-Month,Yes,Electronic Check,98.75,1587.55,Yes
1755-Rmcxh,Male,0,Yes,Yes,2,Yes,No,No,No Internet Service,No Internet Service,No Internet Service,No Internet Service,No Internet Service,No Internet Service,Month-To-Month,No,Mailed Check,20.3,40.25,No
0302-Joivn,Female,0,Yes,No,8,Yes,No,Fiber Optic,No,Yes,Yes,No,Yes,Yes,Month-To-Month,No,Electronic Check,101.15,842.9,Yes
3858-Xhyjo,Female,0,Yes,No,40,Yes,Yes,Fiber Optic,Yes,No,Yes,No,Yes,Yes,One Year,No,Bank Transfer (Automatic),105.75,4228.55,No
4299-Simns,Male,0,No,No,9,Yes,Yes,Fiber Optic,Yes,No,No,No,No,No,Month-To-Month,Yes,Electronic Check,81.15,784.45,No
7025-Iwfht,Male,0,No,No,41,Yes,No,Fiber Optic,No,Yes,No,Yes,Yes,No,One Year,Yes,Electronic Check,89.55,3729.75,No
6261-Lhrtg,Female,0,No,No,26,Yes,No,Dsl,No,Yes,Yes,No,No,No,Month-To-Month,Yes,Credit Card (Automatic),54.75,1406.9,No
7841-Fcrqd,Female,0,Yes,No,33,Yes,No,Dsl,No,Yes,No,Yes,No,No,One Year,Yes,Credit Card (Automatic),53.75,1857.3,No
2056-Evgzl,Male,0,Yes,Yes,68,Yes,No,Fiber Optic,No,Yes,Yes,Yes,Yes,Yes,One Year,No,Credit Card (Automatic),105.75,7322.5,No
8777-Mbmts,Female,1,Yes,No,65,Yes,No,Fiber Optic,No,Yes,Yes,Yes,Yes,Yes,Two Year,Yes,Credit Card (Automatic),105.85,6725.5,No
7753-Usqyq,Male,0,No,No,55,Yes,No,Dsl,No,Yes,No,Yes,No,Yes,One Year,Yes,Electronic Check,64.2,3627.3,No
5366-Ijeqj,Male,0,No,No,20,Yes,Yes,Fiber Optic,No,No,Yes,No,Yes,No,Month-To-Month,Yes,Electronic Check,88.7,1761.45,Yes
7661-Cpurm,Male,0,No,No,19,Yes,No,Fiber Optic,No,No,No,Yes,No,Yes,One Year,Yes,Credit Card (Automatic),87.7,1725.95,No
6233-Hxjmx,Female,0,No,No,45,Yes,Yes,Fiber Optic,No,No,Yes,No,No,Yes,Month-To-Month,Yes,Credit Card (Automatic),89.3,4192.15,No
5902-Wblse,Female,0,Yes,Yes,70,Yes,No,No,No Internet Service,No Internet Service,No Internet Service,No Internet Service,No Internet Service,No Internet Service,Two Year,Yes,Credit Card (Automatic),20.15,1411.2,No
1981-Inrfu,Female,0,No,No,2,Yes,No,Fiber Optic,No,No,No,No,Yes,No,Month-To-Month,Yes,Electronic Check,79.75,164.5,Yes
4971-Puyqo,Female,0,No,No,27,Yes,Yes,Fiber Optic,No,No,No,No,Yes,Yes,Month-To-Month,Yes,Mailed Check,94.55,2724.6,Yes
3239-Tphpz,Female,0,Yes,No,12,Yes,No,No,No Internet Service,No Internet Service,No Internet Service,No Internet Service,No Internet Service,No Internet Service,Two Year,Yes,Electronic Check,20.05,264.55,No
5115-Gzdel,Male,0,No,Yes,72,No,No Phone Service,Dsl,Yes,Yes,Yes,Yes,Yes,Yes,Two Year,No,Credit Card (Automatic),67.2,4671.7,No
3338-Cvveh,Male,0,No,No,12,Yes,Yes,Fiber Optic,No,No,No,No,Yes,Yes,Month-To-Month,No,Electronic Check,94.55,1173.55,No
8485-Gjcdn,Female,1,No,No,5,Yes,No,Fiber Optic,No,No,No,No,No,No,Month-To-Month,Yes,Mailed Check,69.05,318.5,Yes
2615-Yvmyx,Male,1,Yes,No,71,Yes,Yes,Fiber Optic,Yes,Yes,Yes,No,Yes,Yes,Month-To-Month,Yes,Electronic Check,107.5,7713.55,No
2851-Sterv,Male,1,No,No,35,Yes,No,Dsl,No,No,Yes,Yes,Yes,Yes,One Year,Yes,Electronic Check,73.0,2471.25,No
4393-Geadv,Male,0,Yes,Yes,70,Yes,Yes,Fiber Optic,Yes,Yes,Yes,Yes,Yes,Yes,Two Year,No,Credit Card (Automatic),114.75,7842.3,No
8486-Ayeqh,Female,0,No,No,31,Yes,Yes,Fiber Optic,No,No,No,No,No,No,Month-To-Month,Yes,Electronic Check,76.05,2227.8,No
1527-Sxdpn,Male,0,Yes,Yes,52,Yes,Yes,Fiber Optic,No,No,Yes,Yes,No,Yes,Two Year,Yes,Bank Transfer (Automatic),96.25,4990.25,Yes
6029-Wtipc,Male,1,No,No,37,Yes,Yes,Fiber Optic,No,No,Yes,No,Yes,Yes,Month-To-Month,Yes,Electronic Check,101.1,3744.05,Yes
8634-Cilsz,Male,0,No,No,69,Yes,Yes,Fiber Optic,No,Yes,No,Yes,Yes,Yes,One Year,Yes,Bank Transfer (Automatic),104.7,7220.35,Yes
5419-Jkznq,Male,1,Yes,No,30,Yes,Yes,Fiber Optic,No,No,No,No,No,No,Month-To-Month,No,Mailed Check,77.9,2351.45,No
2495-Kznfb,Female,0,No,No,33,Yes,Yes,Fiber Optic,Yes,No,No,No,No,Yes,Month-To-Month,Yes,Electronic Check,90.65,2989.6,No
1409-Phxtf,Male,1,Yes,No,54,Yes,Yes,Fiber Optic,No,Yes,Yes,Yes,Yes,Yes,Two Year,Yes,Electronic Check,110.45,6077.75,No
4560-Wqaqw,Female,0,No,No,59,Yes,Yes,Dsl,Yes,No,No,Yes,No,Yes,One Year,No,Bank Transfer (Automatic),68.7,4070.95,No
9591-Yvteb,Male,1,No,No,55,No,No Phone Service,Dsl,Yes,Yes,No,No,Yes,No,Month-To-Month,Yes,Electronic Check,44.85,2479.05,No
9309-Bzgnt,Male,1,Yes,No,69,No,No Phone Service,Dsl,No,No,Yes,No,No,No,One Year,Yes,Credit Card (Automatic),29.8,2134.3,No
4274-Drsqt,Female,0,No,No,66,Yes,Yes,Fiber Optic,No,Yes,No,No,Yes,No,One Year,Yes,Bank Transfer (Automatic),88.9,6000.1,No
2027-Dnkiv,Male,0,Yes,Yes,37,Yes,No,Dsl,Yes,No,Yes,Yes,No,No,One Year,Yes,Mailed Check,58.75,2203.1,No
8075-Gxiub,Male,1,Yes,No,9,Yes,No,No,No Internet Service,No Internet Service,No Internet Service,No Internet Service,No Internet Service,No Internet Service,One Year,No,Credit Card (Automatic),19.85,183.15,No
2885-Hijdh,Male,0,Yes,Yes,69,Yes,Yes,Dsl,Yes,No,Yes,Yes,Yes,Yes,Two Year,No,Bank Transfer (Automatic),86.9,6194.1,No
5424-Rlqlc,Male,0,No,No,10,Yes,No,Dsl,No,Yes,No,No,Yes,No,Month-To-Month,Yes,Mailed Check,59.65,638.95,No
6682-Qjdgb,Male,0,No,Yes,40,Yes,No,Dsl,Yes,Yes,No,No,No,No,Month-To-Month,Yes,Mailed Check,55.25,2139.2,Yes
6507-Dtjzv,Male,0,No,Yes,13,Yes,No,Dsl,No,No,No,No,Yes,Yes,Month-To-Month,No,Credit Card (Automatic),66.4,831.75,No
8780-Ixsts,Female,0,No,No,6,Yes,Yes,Fiber Optic,No,Yes,No,No,Yes,No,Month-To-Month,Yes,Electronic Check,90.1,521.3,Yes
7673-Bqgku,Female,0,Yes,Yes,69,Yes,No,No,No Internet Service,No Internet Service,No Internet Service,No Internet Service,No Internet Service,No Internet Service,Two Year,No,Bank Transfer (Automatic),20.15,1337.5,No
6723-Wsnty,Female,1,Yes,No,66,Yes,Yes,Fiber Optic,No,Yes,Yes,Yes,Yes,Yes,One Year,Yes,Credit Card (Automatic),108.1,7181.95,No
9530-Ehpoh,Male,0,No,No,11,Yes,Yes,Dsl,No,No,Yes,No,No,No,Month-To-Month,No,Electronic Check,53.75,608,Yes
2725-Iwwba,Male,0,Yes,Yes,46,Yes,No,Dsl,Yes,No,Yes,Yes,No,No,One Year,No,Mailed Check,56.9,2560.1,No
0345-Hkjvm,Female,0,No,No,6,Yes,No,Fiber Optic,No,No,No,No,Yes,Yes,Month-To-Month,No,Electronic Check,89.3,577.6,Yes
1061-Pnthc,Female,0,Yes,Yes,56,Yes,Yes,Fiber Optic,Yes,No,Yes,Yes,Yes,Yes,Month-To-Month,Yes,Mailed Check,109.6,5953,No
0394-Yondk,Male,0,Yes,Yes,70,Yes,Yes,No,No Internet Service,No Internet Service,No Internet Service,No Internet Service,No Internet Service,No Internet Service,Two Year,No,Credit Card (Automatic),25.15,1790.15,No
6574-Mcoeh,Female,0,Yes,Yes,33,Yes,Yes,Dsl,No,No,Yes,Yes,Yes,Yes,One Year,Yes,Electronic Check,79.15,2531.4,No
7399-Qhbjs,Female,0,Yes,Yes,72,Yes,Yes,Dsl,Yes,Yes,No,Yes,No,No,Two Year,No,Credit Card (Automatic),66.75,4760.3,No
3049-Solay,Female,0,Yes,No,3,Yes,Yes,Fiber Optic,No,No,No,No,Yes,Yes,Month-To-Month,Yes,Electronic Check,95.2,292.85,Yes
0997-Ytlny,Female,0,No,Yes,19,Yes,No,Dsl,No,No,No,Yes,No,No,Month-To-Month,No,Mailed Check,48.8,953.65,No
3317-Hrtnn,Female,1,No,No,5,No,No Phone Service,Dsl,No,No,No,No,Yes,Yes,Month-To-Month,No,Electronic Check,45.7,198,Yes
9479-Hynyl,Female,0,Yes,No,71,Yes,No,Dsl,No,Yes,Yes,Yes,Yes,Yes,Two Year,Yes,Credit Card (Automatic),80.7,5705.05,No
3235-Etoob,Male,0,Yes,No,8,Yes,No,Fiber Optic,Yes,No,No,No,No,No,Month-To-Month,Yes,Electronic Check,74.5,609.9,Yes
9708-Kfdby,Male,0,No,No,1,Yes,No,No,No Internet Service,No Internet Service,No Internet Service,No Internet Service,No Internet Service,No Internet Service,Month-To-Month,No,Credit Card (Automatic),20.55,20.55,No
8058-Intph,Female,0,No,No,1,Yes,No,Fiber Optic,No,No,No,No,Yes,No,Month-To-Month,Yes,Electronic Check,79.65,79.65,Yes
3642-Gktct,Female,0,No,No,61,Yes,Yes,Fiber Optic,Yes,Yes,Yes,Yes,Yes,Yes,One Year,Yes,Mailed Check,115.1,6993.65,No
0774-Rmnuw,Female,0,Yes,Yes,71,No,No Phone Service,Dsl,Yes,Yes,No,Yes,Yes,Yes,Two Year,No,Bank Transfer (Automatic),59.7,4122.65,No
1334-Pdukm,Female,0,Yes,No,68,Yes,Yes,Fiber Optic,No,Yes,Yes,No,No,No,One Year,No,Credit Card (Automatic),86.45,5762.95,No
0756-Mpzrl,Male,0,No,No,46,No,No Phone Service,Dsl,No,No,Yes,Yes,No,No,One Year,No,Credit Card (Automatic),33.7,1537.85,No
2242-Mfotg,Male,0,No,No,33,Yes,Yes,Fiber Optic,Yes,No,No,No,No,No,One Year,No,Bank Transfer (Automatic),80.1,2603.3,No
2927-Cvult,Female,0,Yes,Yes,53,Yes,Yes,Fiber Optic,Yes,Yes,Yes,Yes,No,Yes,Two Year,Yes,Bank Transfer (Automatic),104.05,5566.4,No
2144-Bfdso,Female,1,Yes,No,50,Yes,Yes,Fiber Optic,Yes,Yes,Yes,No,Yes,Yes,Month-To-Month,No,Bank Transfer (Automatic),108.75,5431.9,No
8745-Pvesg,Female,0,No,No,57,No,No Phone Service,Dsl,Yes,No,Yes,Yes,No,No,One Year,Yes,Credit Card (Automatic),41.1,2258.25,No
7647-Gyykx,Female,0,Yes,Yes,54,Yes,No,No,No Internet Service,No Internet Service,No Internet Service,No Internet Service,No Internet Service,No Internet Service,Two Year,Yes,Bank Transfer (Automatic),20.35,1092.35,No
5647-Fxotp,Female,1,Yes,No,60,Yes,Yes,Fiber Optic,No,Yes,Yes,No,Yes,Yes,Month-To-Month,Yes,Electronic Check,105.9,6401.25,No
5569-Ouicf,Female,1,Yes,No,28,Yes,Yes,Fiber Optic,No,No,No,Yes,Yes,Yes,Month-To-Month,Yes,Credit Card (Automatic),101.3,2812.2,Yes
8821-Xnhvz,Female,0,Yes,Yes,1,Yes,No,Fiber Optic,No,No,No,No,Yes,No,Month-To-Month,Yes,Mailed Check,80.05,80.05,Yes
2082-Ojvtk,Male,0,Yes,Yes,29,Yes,Yes,Fiber Optic,No,No,Yes,No,No,Yes,Month-To-Month,Yes,Electronic Check,89.2,2698.35,Yes
9700-Ispup,Female,0,Yes,Yes,10,Yes,No,Dsl,No,Yes,No,Yes,No,Yes,Month-To-Month,Yes,Electronic Check,65.5,616.9,No
9839-Etqoe,Male,0,No,Yes,43,No,No Phone Service,Dsl,Yes,Yes,Yes,No,No,No,Month-To-Month,Yes,Electronic Check,40.45,1912.85,No
6078-Vesfr,Male,1,Yes,No,13,Yes,No,Fiber Optic,No,No,No,No,No,No,Month-To-Month,No,Bank Transfer (Automatic),70.45,849.1,No
9027-Tmatr,Female,0,Yes,No,43,Yes,No,Dsl,Yes,No,Yes,Yes,Yes,Yes,Two Year,Yes,Electronic Check,78.8,3460.3,No
5940-Nfxkv,Male,0,Yes,Yes,19,Yes,Yes,Fiber Optic,No,No,No,No,No,Yes,Month-To-Month,Yes,Electronic Check,83.65,1465.75,Yes
1941-Hosam,Male,0,Yes,Yes,1,Yes,No,Fiber Optic,No,No,No,No,Yes,Yes,Month-To-Month,Yes,Electronic Check,90.1,90.1,No
9110-Hsgtv,Female,0,No,No,69,Yes,No,Dsl,Yes,No,Yes,Yes,Yes,Yes,Two Year,Yes,Credit Card (Automatic),82.45,5555.3,No
0704-Vcumb,Female,0,Yes,No,61,Yes,No,No,No Internet Service,No Internet Service,No Internet Service,No Internet Service,No Internet Service,No Internet Service,Two Year,No,Credit Card (Automatic),20.25,1278.8,No
6171-Ztvyb,Male,0,Yes,No,43,Yes,Yes,Dsl,Yes,Yes,No,Yes,No,No,Month-To-Month,No,Bank Transfer (Automatic),66.25,2907.35,No
8053-Wwdro,Female,0,Yes,No,6,Yes,No,No,No Internet Service,No Internet Service,No Internet Service,No Internet Service,No Internet Service,No Internet Service,Month-To-Month,No,Bank Transfer (Automatic),19.5,146.3,Yes
9564-Kclhr,Male,0,No,No,1,Yes,No,Dsl,No,No,No,Yes,No,No,Month-To-Month,No,Mailed Check,51.25,51.25,Yes
1935-Imvbb,Male,0,Yes,No,56,Yes,No,Fiber Optic,No,No,No,No,Yes,Yes,Month-To-Month,No,Mailed Check,89.7,4952.95,No
2535-Pbcgc,Female,0,Yes,No,70,No,No Phone Service,Dsl,Yes,Yes,Yes,Yes,Yes,Yes,Two Year,No,Bank Transfer (Automatic),64.55,4504.9,No
2082-Ceflt,Male,0,No,No,1,Yes,No,Dsl,No,No,No,No,No,No,Month-To-Month,Yes,Electronic Check,45.6,45.6,Yes
1470-Psxnm,Male,0,Yes,Yes,49,Yes,Yes,Fiber Optic,No,Yes,Yes,No,Yes,No,One Year,Yes,Electronic Check,93.65,4520.15,No
1213-Ngcun,Female,0,No,No,6,Yes,No,Dsl,No,No,No,Yes,No,No,Month-To-Month,Yes,Bank Transfer (Automatic),49.65,267.35,Yes
2498-Xldzr,Female,0,Yes,Yes,32,Yes,No,Dsl,Yes,Yes,Yes,Yes,No,Yes,Two Year,No,Mailed Check,73.6,2316.85,No
9866-Occke,Female,1,Yes,No,72,Yes,Yes,Fiber Optic,Yes,No,Yes,Yes,Yes,Yes,Two Year,Yes,Mailed Check,109.75,8075.35,No
5338-Yhwyt,Male,0,No,Yes,37,Yes,No,Dsl,Yes,Yes,No,Yes,No,No,Two Year,No,Credit Card (Automatic),61.45,2302.35,No
7718-Upskj,Female,0,Yes,No,69,Yes,No,Fiber Optic,Yes,Yes,No,Yes,Yes,Yes,One Year,Yes,Credit Card (Automatic),106.4,7251.9,No
8731-Wbbmb,Female,0,Yes,No,26,Yes,No,Dsl,No,Yes,Yes,Yes,Yes,Yes,Month-To-Month,No,Bank Transfer (Automatic),81.9,2078.55,No
1448-Cywkc,Female,0,Yes,Yes,58,Yes,Yes,Fiber Optic,No,Yes,Yes,No,Yes,Yes,One Year,Yes,Credit Card (Automatic),105.2,6225.4,No
7901-Iidqv,Male,0,No,No,24,Yes,Yes,Dsl,No,No,No,Yes,No,No,One Year,No,Bank Transfer (Automatic),54.6,1242.25,No
2690-Dvrvk,Male,0,Yes,Yes,5,Yes,No,No,No Internet Service,No Internet Service,No Internet Service,No Internet Service,No Internet Service,No Internet Service,One Year,No,Electronic Check,20.55,99.45,No
5688-Kztsn,Male,0,Yes,Yes,15,Yes,No,No,No Internet Service,No Internet Service,No Internet Service,No Internet Service,No Internet Service,No Internet Service,Month-To-Month,Yes,Electronic Check,20.0,288.05,Yes
1270-Xkucc,Female,0,Yes,Yes,30,Yes,No,No,No Internet Service,No Internet Service,No Internet Service,No Internet Service,No Internet Service,No Internet Service,Two Year,No,Mailed Check,19.7,599.25,No
0334-Zfjsr,Female,0,Yes,No,55,Yes,Yes,Dsl,Yes,Yes,No,Yes,No,No,One Year,Yes,Credit Card (Automatic),66.05,3462.1,No
2894-Qojrx,Female,0,Yes,No,25,No,No Phone Service,Dsl,No,No,No,No,Yes,No,Month-To-Month,Yes,Bank Transfer (Automatic),34.0,853,Yes
5747-Pmbsq,Male,1,Yes,No,10,Yes,No,Fiber Optic,No,Yes,Yes,Yes,Yes,No,Month-To-Month,Yes,Mailed Check,92.5,934.1,Yes
5583-Ejxrd,Male,0,Yes,Yes,44,No,No Phone Service,Dsl,Yes,Yes,Yes,Yes,No,Yes,Two Year,Yes,Credit Card (Automatic),54.05,2375.2,No
4565-Evzmj,Female,0,No,No,47,Yes,No,Dsl,Yes,Yes,No,Yes,No,No,One Year,Yes,Mailed Check,58.9,2813.05,No
3143-Jqegi,Female,0,Yes,Yes,13,Yes,No,Fiber Optic,No,No,No,No,Yes,Yes,Month-To-Month,No,Electronic Check,88.35,1222.8,Yes
6386-Szzkh,Female,0,Yes,Yes,49,Yes,Yes,Fiber Optic,No,Yes,Yes,Yes,Yes,Yes,Two Year,Yes,Bank Transfer (Automatic),107.95,5293.2,Yes
3327-Ybakm,Female,0,Yes,No,64,Yes,No,Fiber Optic,Yes,No,No,Yes,Yes,Yes,One Year,Yes,Mailed Check,96.9,6314.35,No
9441-Qhevc,Male,0,No,No,1,Yes,No,No,No Internet Service,No Internet Service,No Internet Service,No Internet Service,No Internet Service,No Internet Service,Month-To-Month,No,Mailed Check,19.1,19.1,No
6705-Lnmdd,Male,0,No,No,20,Yes,No,Dsl,No,No,No,Yes,No,No,Month-To-Month,No,Mailed Check,50.0,1003.05,No
2580-Asvvy,Female,0,Yes,No,37,No,No Phone Service,Dsl,Yes,No,No,Yes,Yes,No,Two Year,No,Electronic Check,45.4,1593.1,No
3370-Gqeal,Male,0,Yes,Yes,30,Yes,Yes,Fiber Optic,No,No,No,No,Yes,No,Month-To-Month,No,Electronic Check,85.45,2509.95,No
5032-Uspkf,Female,0,No,No,38,Yes,Yes,Dsl,Yes,Yes,Yes,No,Yes,Yes,One Year,No,Bank Transfer (Automatic),84.1,3187.65,No
2982-Ihmft,Female,1,No,No,1,Yes,Yes,Fiber Optic,No,No,No,No,No,No,Month-To-Month,Yes,Mailed Check,74.45,74.45,Yes
3521-Syvor,Female,0,No,No,37,Yes,No,Dsl,No,No,No,No,Yes,Yes,Month-To-Month,Yes,Electronic Check,64.75,2345.2,Yes
4254-Qpede,Female,0,Yes,No,52,No,No Phone Service,Dsl,Yes,Yes,Yes,Yes,Yes,Yes,Two Year,No,Credit Card (Automatic),66.25,3330.1,No
6283-Gitpx,Male,0,No,Yes,71,Yes,No,Dsl,Yes,Yes,Yes,Yes,Yes,No,Two Year,Yes,Credit Card (Automatic),76.9,5522.7,No
9526-Jawyf,Male,0,No,No,26,Yes,No,Fiber Optic,No,Yes,Yes,No,Yes,No,Month-To-Month,No,Electronic Check,89.8,2335.3,Yes
0771-Chwsk,Male,0,No,No,66,Yes,Yes,Dsl,Yes,Yes,Yes,No,No,Yes,Two Year,Yes,Credit Card (Automatic),74.6,4798.4,No
9788-Hngut,Male,0,Yes,No,72,Yes,Yes,Fiber Optic,Yes,Yes,Yes,Yes,Yes,Yes,Two Year,Yes,Credit Card (Automatic),116.95,8594.4,No
9495-Rediy,Male,0,No,Yes,25,No,No Phone Service,Dsl,Yes,No,No,No,Yes,No,One Year,Yes,Credit Card (Automatic),40.65,970.55,No
5375-Xldof,Male,0,Yes,Yes,69,Yes,Yes,Fiber Optic,Yes,Yes,Yes,Yes,Yes,Yes,Two Year,Yes,Bank Transfer (Automatic),114.35,7665.8,No
1172-Viybp,Male,0,Yes,Yes,53,Yes,Yes,Dsl,Yes,Yes,No,No,No,Yes,Two Year,No,Bank Transfer (Automatic),69.7,3686.05,No
5649-Vukmc,Female,0,No,No,12,Yes,No,Fiber Optic,No,No,Yes,No,Yes,Yes,One Year,No,Mailed Check,95.5,1115.15,Yes
6559-Pdzlr,Male,0,No,No,26,Yes,No,Fiber Optic,No,No,Yes,Yes,Yes,Yes,Month-To-Month,Yes,Electronic Check,98.65,2537,No
8992-Obvdg,Male,0,No,No,21,Yes,No,Dsl,No,No,Yes,No,No,Yes,Month-To-Month,No,Mailed Check,61.65,1393.6,No
4273-Mbhya,Female,0,No,Yes,1,Yes,No,Fiber Optic,No,No,No,No,Yes,Yes,Month-To-Month,Yes,Electronic Check,89.35,89.35,No
4724-Wxvwf,Male,0,No,No,48,Yes,Yes,Fiber Optic,Yes,No,No,Yes,No,Yes,Month-To-Month,Yes,Electronic Check,95.4,4445.3,No
5701-Guxdc,Female,0,Yes,No,26,No,No Phone Service,Dsl,Yes,No,Yes,No,No,No,One Year,No,Credit Card (Automatic),35.4,978.6,No
1460-Uzprj,Male,0,Yes,No,60,Yes,No,No,No Internet Service,No Internet Service,No Internet Service,No Internet Service,No Internet Service,No Internet Service,Two Year,No,Mailed Check,19.95,1258.15,No
6082-Gljix,Male,0,No,No,18,Yes,No,No,No Internet Service,No Internet Service,No Internet Service,No Internet Service,No Internet Service,No Internet Service,Month-To-Month,No,Mailed Check,19.25,331.35,No
5143-Egqfk,Female,1,No,No,10,No,No Phone Service,Dsl,No,No,No,Yes,No,No,Month-To-Month,Yes,Electronic Check,29.65,291.4,Yes
4919-Ikaty,Male,0,Yes,Yes,5,Yes,Yes,Fiber Optic,Yes,No,Yes,No,No,No,Month-To-Month,Yes,Electronic Check,84.5,453.75,Yes
2495-Tthbq,Female,0,No,Yes,4,Yes,No,No,No Internet Service,No Internet Service,No Internet Service,No Internet Service,No Internet Service,No Internet Service,One Year,Yes,Mailed Check,20.4,84.75,No
0485-Zbsln,Male,0,Yes,Yes,65,Yes,Yes,No,No Internet Service,No Internet Service,No Internet Service,No Internet Service,No Internet Service,No Internet Service,Two Year,No,Credit Card (Automatic),24.75,1715.1,No
3810-Pjuhr,Male,0,Yes,Yes,70,Yes,Yes,No,No Internet Service,No Internet Service,No Internet Service,No Internet Service,No Internet Service,No Internet Service,Two Year,No,Mailed Check,25.35,1715.15,No
9050-Qlroh,Male,0,No,No,18,Yes,Yes,Fiber Optic,No,No,Yes,No,No,Yes,Month-To-Month,Yes,Credit Card (Automatic),90.7,1597.25,Yes
0847-Hgrml,Male,0,No,Yes,62,Yes,No,No,No Internet Service,No Internet Service,No Internet Service,No Internet Service,No Internet Service,No Internet Service,Two Year,No,Bank Transfer (Automatic),20.0,1250.1,No
8232-Ctlko,Female,0,Yes,Yes,66,Yes,No,Dsl,Yes,No,No,No,Yes,No,Two Year,Yes,Electronic Check,59.75,3996.8,No
9227-Ybaxe,Female,0,Yes,Yes,65,Yes,Yes,Dsl,Yes,Yes,No,Yes,Yes,Yes,Two Year,Yes,Bank Transfer (Automatic),82.5,5215.1,No
6168-Wfvvf,Female,1,No,No,3,Yes,No,Fiber Optic,No,No,No,No,No,No,Month-To-Month,Yes,Electronic Check,70.3,235.5,Yes
9860-Lisiz,Female,0,No,No,34,Yes,No,No,No Internet Service,No Internet Service,No Internet Service,No Internet Service,No Internet Service,No Internet Service,Month-To-Month,No,Mailed Check,20.35,673.2,No
0112-Qawrz,Male,0,Yes,Yes,16,Yes,Yes,Fiber Optic,No,No,Yes,No,Yes,No,Month-To-Month,Yes,Bank Transfer (Automatic),90.8,1442.2,No
0877-Sdmbn,Female,0,No,No,54,Yes,Yes,Fiber Optic,Yes,No,Yes,No,Yes,Yes,One Year,Yes,Bank Transfer (Automatic),103.95,5639.05,Yes
2786-Gcdpi,Female,1,No,No,50,Yes,Yes,Fiber Optic,No,No,Yes,Yes,Yes,Yes,Month-To-Month,Yes,Electronic Check,104.95,5222.35,No
4043-Mkdtv,Male,0,Yes,No,71,Yes,No,Fiber Optic,No,Yes,Yes,Yes,Yes,Yes,Two Year,Yes,Electronic Check,105.25,7291.75,No
8065-Ykxkd,Female,0,No,No,10,Yes,Yes,Fiber Optic,No,No,No,No,No,No,Month-To-Month,Yes,Electronic Check,74.75,799.65,Yes
9637-Eiheq,Female,0,No,No,1,Yes,No,Dsl,No,No,No,Yes,No,No,Month-To-Month,Yes,Electronic Check,50.8,50.8,Yes
9229-Rqabd,Male,0,No,No,18,Yes,Yes,No,No Internet Service,No Internet Service,No Internet Service,No Internet Service,No Internet Service,No Internet Service,One Year,No,Mailed Check,23.75,424.5,No
8313-Ktihg,Male,0,No,No,4,Yes,No,Dsl,No,No,No,Yes,Yes,No,Month-To-Month,Yes,Electronic Check,61.3,249.4,No
5320-Brkgk,Female,0,Yes,Yes,58,Yes,Yes,Dsl,Yes,No,Yes,Yes,Yes,No,Two Year,No,Mailed Check,75.8,4415.75,No
6284-Kmnuf,Female,0,Yes,No,56,Yes,Yes,Fiber Optic,Yes,No,No,No,Yes,Yes,One Year,Yes,Electronic Check,98.0,5270.6,No
9689-Ptnpg,Male,0,No,No,2,Yes,No,Fiber Optic,No,No,No,No,Yes,No,Month-To-Month,Yes,Electronic Check,80.25,144.55,Yes
9465-Rwmxl,Male,0,Yes,No,32,Yes,Yes,Fiber Optic,No,No,Yes,No,No,No,Month-To-Month,Yes,Electronic Check,78.9,2447.95,Yes
6229-Uolql,Male,0,Yes,Yes,56,No,No Phone Service,Dsl,Yes,Yes,No,Yes,Yes,No,One Year,Yes,Mailed Check,52.0,2884.9,No
2362-Ibooy,Male,0,No,No,36,Yes,Yes,Fiber Optic,No,No,No,No,No,Yes,Month-To-Month,Yes,Electronic Check,84.75,3050.15,Yes
3137-Lupix,Female,0,No,No,4,Yes,Yes,Dsl,No,No,No,Yes,Yes,No,Month-To-Month,Yes,Mailed Check,64.4,253,No
0843-Wtbxe,Male,0,No,No,53,Yes,Yes,Fiber Optic,No,No,No,No,Yes,No,Month-To-Month,No,Bank Transfer (Automatic),85.45,4517.25,Yes
6143-Jqkea,Male,0,No,No,10,Yes,No,Dsl,No,No,No,No,No,No,Month-To-Month,Yes,Credit Card (Automatic),45.8,436.2,No
8676-Ooqej,Male,0,No,No,4,No,No Phone Service,Dsl,No,No,No,Yes,No,No,Month-To-Month,No,Electronic Check,30.5,118.4,No
5515-Idejj,Male,0,Yes,Yes,1,Yes,No,No,No Internet Service,No Internet Service,No Internet Service,No Internet Service,No Internet Service,No Internet Service,Month-To-Month,No,Mailed Check,19.9,19.9,Yes
9701-Cdxhr,Female,0,Yes,No,51,Yes,No,Fiber Optic,No,No,No,No,No,No,Month-To-Month,No,Mailed Check,69.15,3649.6,No
7450-Nwrtr,Male,1,No,No,12,Yes,Yes,Fiber Optic,No,No,Yes,No,Yes,Yes,Month-To-Month,Yes,Electronic Check,99.45,1200.15,Yes
8124-Nzvgj,Female,0,No,No,6,No,No Phone Service,Dsl,No,No,No,Yes,Yes,Yes,One Year,Yes,Mailed Check,49.25,255.6,No
2162-Frzaa,Male,0,Yes,Yes,63,No,No Phone Service,Dsl,No,Yes,Yes,Yes,No,No,Two Year,No,Bank Transfer (Automatic),39.35,2395.05,No
5376-Deqcp,Female,0,No,No,1,Yes,No,Fiber Optic,No,No,No,No,No,No,Month-To-Month,Yes,Electronic Check,70.6,70.6,Yes
5118-Mueyh,Female,0,Yes,No,48,Yes,Yes,Fiber Optic,No,Yes,No,Yes,Yes,Yes,Month-To-Month,Yes,Credit Card (Automatic),105.1,5083.55,No
9095-Hfafx,Female,0,No,No,5,Yes,No,Fiber Optic,No,No,No,No,Yes,No,Month-To-Month,Yes,Credit Card (Automatic),81.0,389.6,Yes
5627-Tvbpp,Female,0,No,Yes,35,Yes,No,No,No Internet Service,No Internet Service,No Internet Service,No Internet Service,No Internet Service,No Internet Service,One Year,Yes,Credit Card (Automatic),20.1,644.5,No
2379-Enzgv,Male,0,No,No,6,Yes,No,Fiber Optic,No,Yes,No,No,Yes,No,Month-To-Month,Yes,Electronic Check,84.85,523.5,Yes
3936-Qqfll,Male,0,No,No,2,Yes,No,No,No Internet Service,No Internet Service,No Internet Service,No Internet Service,No Internet Service,No Internet Service,Month-To-Month,No,Mailed Check,19.75,39.3,No
2589-Aycrp,Female,0,No,No,50,Yes,No,No,No Internet Service,No Internet Service,No Internet Service,No Internet Service,No Internet Service,No Internet Service,One Year,No,Bank Transfer (Automatic),19.75,989.05,No
4067-Hlyqi,Female,0,No,No,33,Yes,No,Fiber Optic,No,No,No,No,No,No,Month-To-Month,Yes,Bank Transfer (Automatic),70.4,2406.1,No
5124-Eogye,Male,0,No,No,31,Yes,No,No,No Internet Service,No Internet Service,No Internet Service,No Internet Service,No Internet Service,No Internet Service,Two Year,No,Mailed Check,20.45,638.55,No
5057-Rkglh,Female,0,Yes,Yes,9,Yes,No,No,No Internet Service,No Internet Service,No Internet Service,No Internet Service,No Internet Service,No Internet Service,Two Year,No,Mailed Check,20.35,191.1,No
0292-Wegch,Female,0,Yes,Yes,54,Yes,Yes,Dsl,No,Yes,Yes,Yes,Yes,Yes,Month-To-Month,Yes,Electronic Check,86.2,4524.05,No
8910-Ichiu,Female,0,No,No,46,Yes,No,Fiber Optic,Yes,Yes,Yes,No,Yes,No,One Year,Yes,Credit Card (Automatic),95.65,4664.2,No
4097-Yodcf,Male,0,No,Yes,34,Yes,Yes,Fiber Optic,Yes,Yes,No,No,Yes,Yes,One Year,Yes,Electronic Check,103.8,3470.8,No
9715-Wzclw,Male,0,Yes,Yes,71,Yes,Yes,Fiber Optic,Yes,No,No,No,Yes,Yes,Two Year,Yes,Electronic Check,97.2,6910.3,No
9786-Ywnhu,Female,0,Yes,Yes,63,Yes,No,Dsl,Yes,Yes,Yes,Yes,No,No,Two Year,No,Mailed Check,63.55,4014.2,No
6407-Gsjnl,Female,0,No,No,51,Yes,Yes,No,No Internet Service,No Internet Service,No Internet Service,No Internet Service,No Internet Service,No Internet Service,Two Year,No,Bank Transfer (Automatic),24.95,1288,No
6005-Obzph,Female,1,No,No,26,Yes,Yes,Fiber Optic,No,Yes,No,No,Yes,No,Month-To-Month,Yes,Electronic Check,89.15,2277.65,Yes
4049-Zpald,Female,0,Yes,No,64,Yes,No,Fiber Optic,Yes,No,Yes,No,Yes,Yes,Two Year,Yes,Bank Transfer (Automatic),99.0,6375.8,No
7932-Wptds,Female,1,Yes,No,1,No,No Phone Service,Dsl,No,No,No,No,No,No,Month-To-Month,Yes,Electronic Check,24.8,24.8,Yes
3733-Uocwf,Male,1,Yes,No,61,Yes,Yes,Fiber Optic,No,Yes,No,Yes,No,No,One Year,Yes,Bank Transfer (Automatic),85.55,5251.75,No
6833-Jmzyp,Female,0,No,No,15,Yes,No,Fiber Optic,No,No,Yes,No,Yes,Yes,Month-To-Month,Yes,Credit Card (Automatic),94.0,1505.45,No
2722-Vojql,Male,0,No,No,64,Yes,Yes,Fiber Optic,No,Yes,No,Yes,Yes,Yes,One Year,Yes,Credit Card (Automatic),105.65,6903.1,Yes
1310-Qritu,Female,0,No,No,18,Yes,Yes,Dsl,No,No,No,No,No,No,Month-To-Month,Yes,Electronic Check,50.3,913.3,No
8961-Qdzzj,Female,0,Yes,Yes,57,Yes,No,Fiber Optic,No,Yes,No,No,Yes,Yes,One Year,Yes,Electronic Check,95.0,5535.8,No
9715-Sbvsu,Male,0,Yes,Yes,14,Yes,No,Dsl,Yes,Yes,No,No,No,Yes,Two Year,Yes,Bank Transfer (Automatic),61.4,815.55,No
8490-Bxheo,Male,1,No,No,18,Yes,Yes,Fiber Optic,No,Yes,No,No,No,No,Month-To-Month,Yes,Credit Card (Automatic),80.55,1411.65,No
7173-Tetgo,Female,1,Yes,No,72,Yes,Yes,Fiber Optic,Yes,No,No,No,No,No,Two Year,No,Bank Transfer (Automatic),78.5,5602.25,No
7929-Skfgk,Male,0,Yes,No,70,Yes,Yes,Fiber Optic,Yes,Yes,Yes,Yes,Yes,Yes,Two Year,No,Credit Card (Automatic),114.3,8244.3,No
2300-Rqgoi,Female,0,No,No,38,Yes,No,No,No Internet Service,No Internet Service,No Internet Service,No Internet Service,No Internet Service,No Internet Service,Two Year,No,Mailed Check,20.05,741.5,No
3563-Svylg,Male,0,Yes,Yes,68,Yes,No,Dsl,Yes,Yes,Yes,Yes,No,No,Two Year,No,Credit Card (Automatic),62.65,4375.8,No
5228-Excet,Male,0,No,No,13,Yes,No,Fiber Optic,No,No,No,No,No,Yes,Month-To-Month,Yes,Electronic Check,80.85,1008.7,Yes
6435-Vwccy,Male,1,Yes,No,65,Yes,Yes,Fiber Optic,Yes,Yes,No,No,Yes,No,Two Year,Yes,Credit Card (Automatic),92.7,5968.4,No
4998-Ikfse,Female,0,No,No,30,Yes,Yes,Fiber Optic,No,No,Yes,No,Yes,Yes,Month-To-Month,No,Electronic Check,100.45,3096.9,No
8630-Qsgxk,Male,0,Yes,No,51,Yes,Yes,Dsl,No,No,No,Yes,Yes,Yes,Two Year,Yes,Bank Transfer (Automatic),75.2,3901.25,No
2455-Uslmv,Female,0,No,No,31,Yes,Yes,Fiber Optic,Yes,No,Yes,No,No,No,Month-To-Month,Yes,Credit Card (Automatic),84.75,2613.4,No
7394-Fkdnk,Female,0,Yes,No,9,Yes,No,Fiber Optic,No,No,No,No,Yes,Yes,Month-To-Month,No,Electronic Check,89.45,853.1,Yes
9488-Fvzcc,Female,0,Yes,Yes,72,Yes,Yes,Dsl,Yes,Yes,Yes,Yes,No,Yes,Two Year,Yes,Bank Transfer (Automatic),79.5,5661.7,No
6331-Lwdtq,Male,0,No,No,10,Yes,Yes,Dsl,No,No,No,No,Yes,Yes,Month-To-Month,Yes,Credit Card (Automatic),72.15,794.25,Yes
5995-Wwkkg,Female,0,No,No,37,Yes,No,No,No Internet Service,No Internet Service,No Internet Service,No Internet Service,No Internet Service,No Internet Service,One Year,Yes,Electronic Check,19.8,695.05,No
1597-Fzreh,Female,0,No,No,2,Yes,No,Dsl,No,No,Yes,Yes,Yes,Yes,Month-To-Month,No,Electronic Check,76.4,160.8,Yes
7879-Cgsfv,Male,0,No,No,55,Yes,No,Fiber Optic,Yes,Yes,No,No,Yes,Yes,One Year,Yes,Mailed Check,100.9,5552.05,No
9921-Ezkby,Male,0,No,Yes,33,Yes,Yes,Fiber Optic,Yes,No,Yes,No,No,Yes,Month-To-Month,Yes,Bank Transfer (Automatic),95.3,3275.15,No
7432-Ffvar,Female,0,Yes,Yes,46,Yes,No,Fiber Optic,No,No,Yes,Yes,No,Yes,One Year,No,Bank Transfer (Automatic),90.95,4236.6,No
7246-Zgqdf,Female,0,No,Yes,1,Yes,No,Dsl,Yes,No,No,Yes,No,No,Month-To-Month,No,Electronic Check,54.5,54.5,No
7000-Wcevq,Female,1,No,No,20,Yes,Yes,Dsl,No,No,No,No,No,Yes,Month-To-Month,Yes,Mailed Check,61.6,1174.35,Yes
0727-Iwkvk,Male,0,Yes,No,9,Yes,No,Fiber Optic,No,Yes,Yes,No,No,No,Month-To-Month,Yes,Electronic Check,79.9,741.7,Yes
5959-Belxa,Male,1,No,No,32,Yes,Yes,Fiber Optic,No,No,No,No,Yes,Yes,Month-To-Month,Yes,Credit Card (Automatic),96.15,3019.25,Yes
4456-Rhsnb,Female,0,Yes,Yes,19,Yes,No,Dsl,No,No,Yes,No,No,No,Month-To-Month,Yes,Bank Transfer (Automatic),49.6,962.9,No
3512-Izikn,Female,0,Yes,No,70,Yes,Yes,Dsl,Yes,No,Yes,Yes,No,No,Two Year,No,Credit Card (Automatic),65.3,4759.75,Yes
2481-Sboyw,Female,0,No,Yes,61,Yes,Yes,No,No Internet Service,No Internet Service,No Internet Service,No Internet Service,No Internet Service,No Internet Service,Two Year,Yes,Credit Card (Automatic),25.0,1498.35,No
7109-Mfbyv,Male,0,No,No,26,Yes,No,Dsl,No,No,No,No,No,No,Month-To-Month,No,Electronic Check,45.45,1233.15,No
1833-Tcxkk,Male,0,Yes,No,45,Yes,Yes,Fiber Optic,No,Yes,Yes,No,Yes,Yes,Month-To-Month,Yes,Bank Transfer (Automatic),107.75,4882.8,No
1832-Peuts,Male,0,Yes,Yes,62,Yes,Yes,Fiber Optic,No,No,Yes,No,Yes,No,Two Year,Yes,Credit Card (Automatic),89.1,5411.65,No
6141-Ooxuq,Male,0,No,No,1,Yes,No,No,No Internet Service,No Internet Service,No Internet Service,No Internet Service,No Internet Service,No Internet Service,Month-To-Month,No,Mailed Check,19.65,19.65,Yes
8660-Buetv,Female,0,No,No,3,Yes,No,Dsl,No,No,No,No,No,No,Month-To-Month,No,Mailed Check,44.75,148.05,No
0580-Piqhm,Female,0,Yes,Yes,41,Yes,Yes,Fiber Optic,Yes,Yes,Yes,No,No,Yes,One Year,Yes,Bank Transfer (Automatic),101.6,3930.55,No
5696-Ceiqj,Male,0,Yes,Yes,67,Yes,No,Fiber Optic,No,Yes,Yes,Yes,Yes,Yes,Two Year,No,Bank Transfer (Automatic),103.15,6895.5,No
7503-Zguzj,Male,0,No,No,1,Yes,Yes,Fiber Optic,No,No,No,No,Yes,No,Month-To-Month,Yes,Mailed Check,84.65,84.65,Yes
1696-Hxowk,Female,0,Yes,No,71,Yes,Yes,Fiber Optic,Yes,Yes,No,No,Yes,No,One Year,No,Mailed Check,95.65,6856.95,No
3026-Atzyv,Female,0,Yes,Yes,37,Yes,No,Dsl,Yes,Yes,No,No,Yes,Yes,One Year,No,Bank Transfer (Automatic),75.1,2658.8,No
4012-Ycfai,Male,0,Yes,No,60,Yes,No,Dsl,Yes,Yes,No,Yes,No,No,Two Year,Yes,Mailed Check,61.35,3766.2,No
2506-Tnfco,Female,1,Yes,No,1,Yes,No,Fiber Optic,No,No,No,No,No,No,Month-To-Month,Yes,Electronic Check,69.55,69.55,Yes
9970-Qbcda,Female,0,No,No,6,Yes,No,No,No Internet Service,No Internet Service,No Internet Service,No Internet Service,No Internet Service,No Internet Service,Month-To-Month,No,Credit Card (Automatic),19.7,129.55,No
8718-Ptmez,Female,0,No,No,13,No,No Phone Service,Dsl,No,Yes,No,No,No,No,Month-To-Month,Yes,Electronic Check,31.05,347.25,Yes
9496-Ivvrp,Female,0,Yes,Yes,11,Yes,No,Dsl,Yes,No,No,No,No,No,Month-To-Month,No,Bank Transfer (Automatic),51.0,581.7,No
2207-Obznx,Male,0,No,No,7,Yes,No,Dsl,Yes,No,No,No,No,No,Month-To-Month,Yes,Mailed Check,51.0,354.05,Yes
2657-Vpxta,Female,0,Yes,Yes,10,Yes,No,Fiber Optic,No,No,No,No,Yes,Yes,Month-To-Month,Yes,Electronic Check,88.85,929.45,No
6551-Vljmv,Male,0,Yes,No,34,Yes,No,No,No Internet Service,No Internet Service,No Internet Service,No Internet Service,No Internet Service,No Internet Service,Two Year,No,Credit Card (Automatic),20.05,679,No
1221-Ghzep,Female,0,No,No,62,Yes,No,Dsl,Yes,No,No,Yes,No,Yes,Two Year,Yes,Mailed Check,65.1,3846.75,No
9289-Lbqvu,Male,0,Yes,No,64,Yes,Yes,Dsl,No,Yes,No,Yes,No,Yes,One Year,Yes,Mailed Check,70.15,4480.7,No
6142-Vsjqo,Female,0,Yes,Yes,1,Yes,No,Dsl,No,No,No,No,No,No,Month-To-Month,Yes,Bank Transfer (Automatic),44.35,44.35,Yes
3458-Idmfk,Male,0,No,No,25,Yes,No,No,No Internet Service,No Internet Service,No Internet Service,No Internet Service,No Internet Service,No Internet Service,Two Year,Yes,Mailed Check,20.75,499.4,No
6933-Fhbzc,Female,0,No,No,26,Yes,No,Dsl,No,Yes,Yes,No,No,No,One Year,Yes,Mailed Check,56.05,1553.2,No
0221-Nauxk,Male,0,No,Yes,10,Yes,No,No,No Internet Service,No Internet Service,No Internet Service,No Internet Service,No Internet Service,No Internet Service,One Year,Yes,Bank Transfer (Automatic),19.95,219.5,No
9770-Kxgqu,Female,0,No,No,53,Yes,Yes,Fiber Optic,Yes,Yes,Yes,No,Yes,No,One Year,No,Mailed Check,98.6,5311.85,No
6437-Ukhmv,Female,0,No,No,7,Yes,No,Fiber Optic,No,No,No,No,Yes,No,Month-To-Month,Yes,Electronic Check,79.7,586.05,Yes
6538-Pochl,Male,0,No,No,33,Yes,No,Fiber Optic,No,Yes,Yes,No,No,No,Month-To-Month,Yes,Credit Card (Automatic),79.0,2576.8,No
6726-Nnfwd,Female,1,Yes,No,71,Yes,No,Fiber Optic,No,Yes,Yes,No,No,Yes,Two Year,No,Credit Card (Automatic),89.45,6435.25,No
3002-Wqzwt,Female,0,No,No,29,Yes,Yes,Fiber Optic,No,No,No,No,No,No,Month-To-Month,Yes,Electronic Check,74.2,1993.25,No
4277-Udief,Male,0,Yes,Yes,24,Yes,Yes,Dsl,Yes,No,No,Yes,Yes,Yes,Month-To-Month,No,Bank Transfer (Automatic),81.0,1923.85,No
1208-Nbvfh,Male,0,Yes,Yes,20,Yes,No,Dsl,No,No,Yes,No,No,No,Month-To-Month,Yes,Electronic Check,49.6,939.8,No
4912-Piguy,Female,0,No,No,1,Yes,Yes,Fiber Optic,No,No,No,No,Yes,No,Month-To-Month,Yes,Electronic Check,84.6,84.6,No
1114-Cenim,Male,0,No,Yes,54,Yes,Yes,Dsl,No,Yes,No,No,No,No,Month-To-Month,Yes,Credit Card (Automatic),55.0,3092.65,Yes
6060-Drtnl,Female,1,No,No,5,Yes,No,Fiber Optic,No,No,Yes,No,Yes,No,Month-To-Month,Yes,Mailed Check,84.85,415.55,Yes
2725-Ttriq,Female,0,Yes,Yes,72,Yes,Yes,Dsl,Yes,No,Yes,Yes,Yes,Yes,Two Year,Yes,Bank Transfer (Automatic),84.2,5986.55,No
3374-Ttztk,Male,0,Yes,No,52,Yes,No,Fiber Optic,Yes,Yes,Yes,Yes,Yes,Yes,Two Year,Yes,Electronic Check,106.3,5487,No
8990-Zxlsu,Female,0,No,No,9,Yes,No,Fiber Optic,No,No,No,No,No,No,Month-To-Month,No,Electronic Check,69.05,651.5,No
2275-Rbyqs,Female,0,No,No,1,Yes,No,Dsl,No,No,No,No,No,No,Month-To-Month,Yes,Mailed Check,45.4,45.4,No
8473-Vuvjn,Male,1,No,No,1,Yes,Yes,Fiber Optic,No,No,No,No,No,No,Month-To-Month,Yes,Electronic Check,73.65,73.65,Yes
6289-Cpnld,Male,0,Yes,Yes,33,Yes,No,Dsl,No,No,Yes,Yes,Yes,Yes,One Year,Yes,Mailed Check,73.9,2405.05,Yes
5536-Slhpm,Female,0,Yes,No,55,Yes,Yes,Fiber Optic,No,No,Yes,No,No,No,Month-To-Month,Yes,Electronic Check,77.75,4458.15,Yes
4419-Ujmus,Male,0,Yes,Yes,69,Yes,Yes,Fiber Optic,No,No,No,Yes,Yes,Yes,Two Year,Yes,Electronic Check,99.35,6856.45,No
7794-Jasdg,Male,0,No,No,1,Yes,No,Dsl,Yes,No,No,No,No,No,Month-To-Month,Yes,Mailed Check,50.75,50.75,No
7609-Ybpxg,Male,0,No,No,54,Yes,Yes,Dsl,Yes,No,Yes,Yes,Yes,Yes,Two Year,No,Bank Transfer (Automatic),87.1,4735.2,No
5519-Teeuh,Male,0,No,Yes,33,Yes,No,No,No Internet Service,No Internet Service,No Internet Service,No Internet Service,No Internet Service,No Internet Service,One Year,Yes,Mailed Check,20.15,682.15,No
7856-Ganil,Male,1,Yes,No,45,Yes,Yes,Fiber Optic,No,Yes,Yes,Yes,Yes,No,One Year,Yes,Bank Transfer (Automatic),98.7,4525.8,No
0804-Xbfbv,Female,0,No,Yes,11,No,No Phone Service,Dsl,No,No,No,No,No,No,Month-To-Month,No,Electronic Check,25.2,321.05,No
2676-Oxppq,Male,0,No,No,6,Yes,No,Dsl,Yes,Yes,No,No,No,No,Month-To-Month,Yes,Bank Transfer (Automatic),55.7,335.65,No
3703-Ttepd,Male,0,No,No,21,Yes,No,Dsl,Yes,No,Yes,No,Yes,No,Month-To-Month,No,Bank Transfer (Automatic),65.35,1424.4,No
2799-Tslag,Female,0,Yes,Yes,65,Yes,Yes,No,No Internet Service,No Internet Service,No Internet Service,No Internet Service,No Internet Service,No Internet Service,Two Year,Yes,Bank Transfer (Automatic),25.3,1748.55,No
0196-Vulgz,Female,1,Yes,No,6,Yes,Yes,Fiber Optic,No,No,No,No,No,Yes,Month-To-Month,Yes,Electronic Check,84.35,474.9,Yes
8837-Vvwlq,Female,0,No,No,8,Yes,No,Fiber Optic,Yes,No,No,No,Yes,No,Month-To-Month,No,Electronic Check,84.95,668.4,Yes
2696-Nartr,Male,0,No,No,11,Yes,No,Fiber Optic,No,No,No,Yes,No,No,Month-To-Month,Yes,Electronic Check,73.85,926.25,Yes
2208-Nkvvh,Male,0,Yes,Yes,43,Yes,Yes,No,No Internet Service,No Internet Service,No Internet Service,No Internet Service,No Internet Service,No Internet Service,Two Year,No,Mailed Check,24.25,1077.95,No
7614-Qvwql,Male,0,Yes,Yes,49,No,No Phone Service,Dsl,No,Yes,No,No,Yes,Yes,One Year,Yes,Bank Transfer (Automatic),51.8,2541.25,Yes
1976-Cfocs,Female,1,Yes,No,1,Yes,No,Dsl,No,No,No,No,No,No,Month-To-Month,No,Electronic Check,46.0,46,Yes
4631-Oacrm,Male,1,No,No,15,Yes,No,Fiber Optic,No,No,No,No,No,Yes,Month-To-Month,Yes,Electronic Check,79.4,1156.1,Yes
7139-Jzfvg,Male,0,Yes,Yes,60,Yes,No,Dsl,Yes,Yes,Yes,No,No,No,Two Year,No,Bank Transfer (Automatic),60.5,3694.45,No
4987-Gqwpo,Male,0,No,No,17,No,No Phone Service,Dsl,No,No,No,No,No,No,Month-To-Month,No,Credit Card (Automatic),25.1,382.8,No
3755-Jbmnh,Male,1,Yes,No,16,Yes,No,Fiber Optic,No,No,No,No,No,No,Month-To-Month,Yes,Bank Transfer (Automatic),71.8,1167.8,Yes
1757-Tcatg,Male,0,Yes,Yes,35,Yes,No,No,No Internet Service,No Internet Service,No Internet Service,No Internet Service,No Internet Service,No Internet Service,One Year,No,Bank Transfer (Automatic),20.05,746.75,No
6345-Ulyrw,Male,1,Yes,No,44,Yes,Yes,Fiber Optic,No,Yes,No,No,No,Yes,One Year,No,Mailed Check,88.4,3912.9,Yes
4776-Xskyq,Female,0,Yes,Yes,12,No,No Phone Service,Dsl,No,No,No,Yes,No,No,One Year,No,Credit Card (Automatic),30.25,368.85,No
8048-Dsdfq,Male,0,No,No,1,Yes,No,No,No Internet Service,No Internet Service,No Internet Service,No Internet Service,No Internet Service,No Internet Service,Month-To-Month,No,Mailed Check,20.2,20.2,No
5753-Qqwpw,Female,0,No,No,28,Yes,No,Dsl,Yes,Yes,No,Yes,No,No,One Year,Yes,Electronic Check,59.9,1654.7,No
6010-Ddppw,Male,0,Yes,No,70,Yes,Yes,No,No Internet Service,No Internet Service,No Internet Service,No Internet Service,No Internet Service,No Internet Service,Two Year,No,Bank Transfer (Automatic),25.15,1940.85,No
1809-Dmjhq,Female,0,No,Yes,5,Yes,No,Dsl,No,No,No,No,No,No,Month-To-Month,No,Mailed Check,46.0,221.7,Yes
6693-Frirw,Male,0,No,No,18,Yes,No,Fiber Optic,No,Yes,Yes,No,Yes,Yes,Month-To-Month,No,Credit Card (Automatic),101.3,1794.65,No
6586-Mygkd,Male,0,Yes,No,70,Yes,Yes,Dsl,Yes,No,No,Yes,Yes,Yes,Two Year,Yes,Credit Card (Automatic),76.95,5289.8,No
3173-Nvmpx,Female,0,Yes,Yes,9,Yes,Yes,Dsl,No,Yes,No,No,No,No,Month-To-Month,Yes,Mailed Check,55.3,501.2,No
0248-Pghbz,Female,1,No,No,67,Yes,No,Fiber Optic,Yes,Yes,No,Yes,Yes,No,Two Year,Yes,Bank Transfer (Automatic),92.45,6140.85,No
0623-Gdisb,Female,0,No,No,1,Yes,No,Dsl,Yes,No,No,No,No,No,Month-To-Month,Yes,Bank Transfer (Automatic),48.45,48.45,No
2892-Gesul,Female,0,Yes,Yes,18,Yes,No,No,No Internet Service,No Internet Service,No Internet Service,No Internet Service,No Internet Service,No Internet Service,Two Year,No,Mailed Check,19.35,309.25,No
6923-Efpnl,Male,0,No,No,4,Yes,Yes,Dsl,No,No,No,No,No,No,Month-To-Month,No,Credit Card (Automatic),51.75,201.1,Yes
7472-Eqoav,Male,1,Yes,Yes,71,Yes,No,Fiber Optic,Yes,Yes,Yes,No,No,No,One Year,Yes,Bank Transfer (Automatic),86.7,6179.35,No
9574-Rkjif,Male,0,Yes,Yes,30,Yes,Yes,Fiber Optic,Yes,Yes,No,No,Yes,No,Month-To-Month,Yes,Electronic Check,94.4,2838.7,Yes
2043-Wvtqj,Male,0,Yes,No,1,Yes,No,Dsl,Yes,No,Yes,No,No,No,Month-To-Month,No,Mailed Check,55.7,55.7,No
8034-Rytvv,Female,0,No,No,55,Yes,Yes,Fiber Optic,Yes,No,Yes,No,No,No,One Year,Yes,Credit Card (Automatic),84.25,4589.85,No
3863-Qstyi,Male,0,No,No,59,Yes,No,Dsl,No,No,Yes,Yes,Yes,No,Month-To-Month,Yes,Electronic Check,64.65,3735.45,No
2619-Wfqwu,Female,0,No,No,1,Yes,No,Fiber Optic,No,No,No,No,No,No,Month-To-Month,Yes,Mailed Check,70.15,70.15,Yes
5044-Lrqaq,Female,0,Yes,No,7,Yes,No,Fiber Optic,No,No,No,No,No,No,Month-To-Month,Yes,Bank Transfer (Automatic),69.2,477.55,No
1716-Lsamb,Male,0,Yes,Yes,45,Yes,No,Dsl,Yes,No,No,Yes,No,No,Two Year,No,Bank Transfer (Automatic),54.65,2553.7,No
1333-Pbmxb,Female,0,Yes,Yes,54,Yes,Yes,No,No Internet Service,No Internet Service,No Internet Service,No Internet Service,No Internet Service,No Internet Service,One Year,Yes,Bank Transfer (Automatic),24.75,1342.15,No
6546-Opbbh,Male,0,Yes,Yes,51,Yes,Yes,No,No Internet Service,No Internet Service,No Internet Service,No Internet Service,No Internet Service,No Internet Service,One Year,Yes,Mailed Check,23.95,1216.35,No
5985-Behzk,Female,1,Yes,No,72,Yes,Yes,Fiber Optic,No,Yes,Yes,No,Yes,Yes,One Year,No,Credit Card (Automatic),105.0,7578.05,No
9127-Qrzmh,Male,0,Yes,No,44,Yes,No,Dsl,Yes,Yes,No,Yes,No,No,One Year,Yes,Bank Transfer (Automatic),59.85,2603.95,No
5919-Vczym,Male,0,No,No,2,Yes,No,No,No Internet Service,No Internet Service,No Internet Service,No Internet Service,No Internet Service,No Internet Service,Month-To-Month,No,Mailed Check,20.05,42.7,No
9644-Kvcnc,Female,0,No,No,66,Yes,Yes,Fiber Optic,No,No,Yes,No,Yes,No,One Year,Yes,Bank Transfer (Automatic),92.15,6056.9,No
2137-Dqmev,Male,0,Yes,Yes,68,No,No Phone Service,Dsl,Yes,Yes,No,No,Yes,No,One Year,No,Mailed Check,44.8,2983.65,No
8174-Lnwmw,Female,0,No,No,31,Yes,No,No,No Internet Service,No Internet Service,No Internet Service,No Internet Service,No Internet Service,No Internet Service,Two Year,No,Credit Card (Automatic),20.9,689.35,No
9279-Cjeoj,Female,1,No,No,21,Yes,Yes,Fiber Optic,No,No,No,No,Yes,Yes,Month-To-Month,Yes,Bank Transfer (Automatic),95.4,2025.1,No
7964-Vexdg,Male,0,No,Yes,21,Yes,Yes,Fiber Optic,Yes,No,No,No,No,No,Month-To-Month,No,Electronic Check,80.35,1747.2,No
2404-Jibfc,Female,0,Yes,Yes,55,Yes,Yes,Dsl,Yes,No,Yes,Yes,Yes,Yes,Two Year,Yes,Bank Transfer (Automatic),85.1,4657.95,No
0778-Nella,Male,0,No,No,9,No,No Phone Service,Dsl,No,No,No,No,Yes,No,Month-To-Month,Yes,Credit Card (Automatic),34.7,296.1,Yes
8029-Xypwt,Male,1,Yes,No,71,Yes,Yes,Fiber Optic,Yes,Yes,Yes,Yes,Yes,Yes,Two Year,Yes,Bank Transfer (Automatic),115.05,8016.6,No
4614-Nuvzd,Female,0,No,No,1,Yes,No,Fiber Optic,No,No,No,No,No,Yes,Month-To-Month,Yes,Electronic Check,81.1,81.1,Yes
4632-Paoyu,Male,0,Yes,Yes,22,Yes,No,No,No Internet Service,No Internet Service,No Internet Service,No Internet Service,No Internet Service,No Internet Service,One Year,No,Mailed Check,19.95,433.5,No
3803-Kmqfw,Female,0,Yes,Yes,1,Yes,No,No,No Internet Service,No Internet Service,No Internet Service,No Internet Service,No Internet Service,No Internet Service,Month-To-Month,No,Mailed Check,20.55,20.55,Yes
6804-Gdmoi,Female,0,No,No,61,Yes,Yes,Fiber Optic,No,No,Yes,Yes,Yes,Yes,Two Year,Yes,Electronic Check,106.6,6428.4,Yes
2990-Ogytd,Female,0,Yes,No,67,Yes,Yes,Dsl,No,Yes,Yes,Yes,Yes,Yes,Two Year,No,Bank Transfer (Automatic),86.15,5883.85,No
6646-Jppha,Female,1,No,No,14,Yes,No,Fiber Optic,Yes,Yes,No,No,No,No,Month-To-Month,No,Electronic Check,78.85,1043.8,No
9572-Mtilt,Male,0,Yes,No,59,Yes,Yes,Fiber Optic,Yes,Yes,Yes,Yes,Yes,No,Month-To-Month,Yes,Electronic Check,106.75,6252.9,Yes
7658-Uyuqs,Male,1,Yes,No,21,Yes,No,Fiber Optic,No,No,Yes,No,Yes,No,Month-To-Month,No,Bank Transfer (Automatic),86.55,1857.25,No
7880-Xsojx,Male,0,No,No,4,No,No Phone Service,Dsl,Yes,Yes,No,Yes,No,No,Month-To-Month,No,Mailed Check,42.4,146.4,No
9611-Ctwih,Female,0,No,No,3,Yes,No,Fiber Optic,No,No,No,No,Yes,Yes,Month-To-Month,Yes,Electronic Check,89.45,240.45,Yes
4589-Iuajb,Male,0,Yes,No,70,Yes,Yes,No,No Internet Service,No Internet Service,No Internet Service,No Internet Service,No Internet Service,No Internet Service,Two Year,No,Bank Transfer (Automatic),24.25,1724.15,No
0329-Gtiaj,Female,0,No,No,3,Yes,No,Fiber Optic,No,Yes,No,Yes,Yes,Yes,Month-To-Month,Yes,Electronic Check,97.9,315.3,Yes
8746-Bfoaj,Male,1,No,No,21,Yes,No,No,No Internet Service,No Internet Service,No Internet Service,No Internet Service,No Internet Service,No Internet Service,One Year,No,Bank Transfer (Automatic),20.5,429.55,No
8457-Xigkn,Male,0,No,No,20,Yes,No,No,No Internet Service,No Internet Service,No Internet Service,No Internet Service,No Internet Service,No Internet Service,Month-To-Month,Yes,Credit Card (Automatic),19.6,356.15,No
6072-Nuqcb,Male,0,Yes,Yes,22,Yes,No,No,No Internet Service,No Internet Service,No Internet Service,No Internet Service,No Internet Service,No Internet Service,One Year,No,Bank Transfer (Automatic),20.25,488.25,No
6629-Cztth,Male,0,No,No,1,Yes,No,Dsl,No,No,No,No,No,Yes,Month-To-Month,Yes,Mailed Check,55.7,55.7,Yes
8838-Gphzp,Female,0,No,No,63,Yes,No,No,No Internet Service,No Internet Service,No Internet Service,No Internet Service,No Internet Service,No Internet Service,Two Year,Yes,Mailed Check,20.6,1298.7,No
8750-Qwzaj,Female,0,Yes,Yes,70,Yes,No,No,No Internet Service,No Internet Service,No Internet Service,No Internet Service,No Internet Service,No Internet Service,Two Year,No,Bank Transfer (Automatic),19.8,1378.75,No
5364-Evnib,Male,0,No,No,13,Yes,No,Fiber Optic,No,Yes,Yes,No,No,No,Month-To-Month,Yes,Electronic Check,79.8,973.45,Yes
6918-Umqcg,Female,0,No,No,5,Yes,No,Fiber Optic,No,No,No,No,Yes,No,Month-To-Month,No,Electronic Check,80.2,384.25,No
0675-Ncdyu,Female,0,Yes,Yes,72,Yes,Yes,Fiber Optic,Yes,Yes,Yes,Yes,Yes,Yes,Two Year,Yes,Credit Card (Automatic),116.4,8543.25,No
6339-Dklmk,Female,0,No,No,13,No,No Phone Service,Dsl,No,Yes,No,No,No,No,Month-To-Month,Yes,Electronic Check,31.65,389.95,No
1346-Pjwtk,Male,0,Yes,No,61,Yes,No,Fiber Optic,No,Yes,Yes,Yes,No,Yes,Month-To-Month,No,Credit Card (Automatic),94.15,5731.85,No
5088-Qzlrl,Male,0,No,No,1,Yes,No,No,No Internet Service,No Internet Service,No Internet Service,No Internet Service,No Internet Service,No Internet Service,Month-To-Month,No,Electronic Check,20.65,20.65,No
8023-Qhaio,Female,1,Yes,No,56,Yes,Yes,Fiber Optic,No,No,No,Yes,No,No,Month-To-Month,Yes,Bank Transfer (Automatic),76.85,4275.75,No
4397-Frlta,Female,0,No,No,4,Yes,No,No,No Internet Service,No Internet Service,No Internet Service,No Internet Service,No Internet Service,No Internet Service,Month-To-Month,No,Mailed Check,20.15,84.5,No
3057-Vjjqe,Male,0,No,No,35,Yes,Yes,Dsl,Yes,No,No,No,No,No,Two Year,No,Mailed Check,55.25,1924.1,No
5087-Suurx,Female,0,Yes,No,18,No,No Phone Service,Dsl,No,No,Yes,No,Yes,No,Month-To-Month,Yes,Electronic Check,39.05,669.85,Yes
2302-Ouzxb,Male,0,Yes,No,72,Yes,Yes,Dsl,No,Yes,Yes,No,Yes,Yes,Two Year,No,Bank Transfer (Automatic),82.15,5784.3,No
8133-Anhhj,Female,1,No,No,49,Yes,Yes,Fiber Optic,Yes,Yes,Yes,Yes,No,Yes,One Year,No,Bank Transfer (Automatic),103.0,5166.2,No
2270-Chbfn,Female,0,Yes,No,44,Yes,Yes,Fiber Optic,Yes,Yes,Yes,Yes,No,No,Month-To-Month,Yes,Credit Card (Automatic),95.1,4060.55,No
0013-Exchz,Female,1,Yes,No,3,Yes,No,Fiber Optic,No,No,No,Yes,Yes,No,Month-To-Month,Yes,Mailed Check,83.9,267.4,Yes
5982-Fpvqn,Female,0,Yes,Yes,37,Yes,Yes,Fiber Optic,No,Yes,Yes,No,No,Yes,Month-To-Month,Yes,Electronic Check,95.15,3532.85,No
9107-Ukcky,Male,0,Yes,No,61,Yes,Yes,Dsl,No,Yes,Yes,No,Yes,Yes,One Year,Yes,Electronic Check,79.8,4914.8,No
4654-Ulttn,Male,0,Yes,No,70,Yes,Yes,Dsl,Yes,No,Yes,Yes,No,Yes,Two Year,Yes,Credit Card (Automatic),74.8,5315.8,No
5550-Vfrlc,Female,1,No,No,1,Yes,No,Fiber Optic,No,No,No,No,No,No,Month-To-Month,Yes,Electronic Check,69.85,69.85,Yes
5546-Byzsm,Female,0,No,No,41,Yes,No,No,No Internet Service,No Internet Service,No Internet Service,No Internet Service,No Internet Service,No Internet Service,Month-To-Month,No,Electronic Check,20.45,775.6,No
1492-Kgeth,Male,0,Yes,Yes,70,Yes,Yes,Dsl,Yes,Yes,Yes,Yes,No,Yes,One Year,No,Bank Transfer (Automatic),78.35,5445.95,No
4929-Bstrx,Female,0,No,No,1,Yes,No,Dsl,No,No,No,No,Yes,No,Month-To-Month,Yes,Mailed Check,53.55,53.55,Yes
4163-Hftuk,Male,0,No,No,51,Yes,No,No,No Internet Service,No Internet Service,No Internet Service,No Internet Service,No Internet Service,No Internet Service,One Year,No,Electronic Check,19.1,1007.8,No
8215-Ngspe,Female,0,Yes,Yes,42,Yes,No,No,No Internet Service,No Internet Service,No Internet Service,No Internet Service,No Internet Service,No Internet Service,Two Year,No,Mailed Check,20.0,833.55,No
2225-Zrgsg,Female,0,Yes,Yes,70,Yes,Yes,Fiber Optic,Yes,Yes,Yes,Yes,No,No,Two Year,No,Bank Transfer (Automatic),93.9,6579.05,Yes
8859-Ystws,Male,0,No,No,48,Yes,No,No,No Internet Service,No Internet Service,No Internet Service,No Internet Service,No Internet Service,No Internet Service,One Year,No,Bank Transfer (Automatic),19.95,1004.5,No
5271-Ynwvr,Male,0,Yes,Yes,68,Yes,Yes,Fiber Optic,Yes,Yes,Yes,Yes,Yes,Yes,Two Year,Yes,Electronic Check,113.15,7856,Yes
7601-Dhfwz,Female,0,No,No,48,Yes,Yes,No,No Internet Service,No Internet Service,No Internet Service,No Internet Service,No Internet Service,No Internet Service,Two Year,No,Credit Card (Automatic),24.0,1183.05,No
2657-Almwy,Female,1,Yes,No,26,Yes,No,Fiber Optic,No,Yes,No,No,No,Yes,Month-To-Month,No,Electronic Check,84.95,2169.75,Yes
6330-Jklpc,Male,0,Yes,No,11,Yes,Yes,Fiber Optic,No,Yes,No,No,No,No,Month-To-Month,Yes,Bank Transfer (Automatic),80.5,896.9,Yes
4667-Ohgkg,Male,0,No,No,1,Yes,No,No,No Internet Service,No Internet Service,No Internet Service,No Internet Service,No Internet Service,No Internet Service,Month-To-Month,Yes,Mailed Check,19.3,19.3,Yes
1998-Vhjhk,Female,0,No,No,27,Yes,No,No,No Internet Service,No Internet Service,No Internet Service,No Internet Service,No Internet Service,No Internet Service,One Year,No,Mailed Check,19.15,501.35,No
1707-Habpf,Female,1,No,No,46,Yes,No,Fiber Optic,No,Yes,Yes,No,Yes,No,One Year,Yes,Bank Transfer (Automatic),91.3,4126.35,No
1660-Hsooq,Male,0,No,No,1,Yes,No,Dsl,No,No,Yes,No,No,No,Month-To-Month,Yes,Mailed Check,49.65,49.65,Yes
7253-Uvndw,Female,0,No,No,46,Yes,No,Dsl,No,No,Yes,Yes,No,No,Two Year,No,Credit Card (Automatic),54.35,2460.15,Yes
0487-Vvuvk,Male,0,Yes,Yes,25,Yes,No,No,No Internet Service,No Internet Service,No Internet Service,No Internet Service,No Internet Service,No Internet Service,Month-To-Month,Yes,Mailed Check,19.15,477.6,No
7228-Omtpn,Male,0,No,No,4,Yes,No,Fiber Optic,No,No,No,No,Yes,Yes,Month-To-Month,Yes,Electronic Check,88.45,370.65,Yes
5063-Iuokk,Male,0,No,No,13,Yes,No,No,No Internet Service,No Internet Service,No Internet Service,No Internet Service,No Internet Service,No Internet Service,Two Year,No,Mailed Check,19.75,265.75,No
4508-Oebey,Male,0,Yes,No,31,Yes,No,Dsl,Yes,Yes,Yes,Yes,No,Yes,One Year,Yes,Credit Card (Automatic),75.5,2424.45,No
0027-Kwykw,Female,0,Yes,Yes,23,Yes,Yes,Fiber Optic,No,No,No,No,Yes,No,Month-To-Month,Yes,Electronic Check,83.75,1849.95,No
2308-Sterm,Female,0,No,No,2,Yes,No,No,No Internet Service,No Internet Service,No Internet Service,No Internet Service,No Internet Service,No Internet Service,Month-To-Month,No,Mailed Check,19.4,61.05,No
5982-Xmdex,Female,0,No,No,65,Yes,Yes,No,No Internet Service,No Internet Service,No Internet Service,No Internet Service,No Internet Service,No Internet Service,Two Year,No,Bank Transfer (Automatic),26.5,1698.55,No
6284-Ahooq,Male,1,No,No,22,Yes,Yes,Fiber Optic,No,No,No,Yes,Yes,No,Month-To-Month,Yes,Bank Transfer (Automatic),90.5,1910.6,Yes
6051-Ptvns,Female,0,Yes,Yes,55,Yes,No,No,No Internet Service,No Internet Service,No Internet Service,No Internet Service,No Internet Service,No Internet Service,One Year,No,Credit Card (Automatic),19.15,998.1,No
2344-Jmogn,Male,0,Yes,No,9,Yes,No,Fiber Optic,No,Yes,Yes,Yes,Yes,No,Month-To-Month,Yes,Mailed Check,94.85,890.6,Yes
3799-Isuzq,Male,0,Yes,Yes,7,Yes,No,Fiber Optic,No,No,No,No,No,No,Month-To-Month,Yes,Bank Transfer (Automatic),69.95,529.5,Yes
2877-Vduer,Female,0,Yes,Yes,35,No,No Phone Service,Dsl,No,No,No,Yes,Yes,No,One Year,No,Mailed Check,40.9,1383.6,No
9152-Amkak,Male,0,No,No,6,Yes,No,Dsl,Yes,No,Yes,Yes,Yes,Yes,Two Year,Yes,Mailed Check,80.25,493.4,No
1794-Hbqtj,Female,0,No,No,1,Yes,No,Dsl,Yes,No,No,No,No,No,Month-To-Month,Yes,Credit Card (Automatic),48.6,48.6,Yes
9432-Vofyx,Male,0,No,No,17,Yes,No,Fiber Optic,No,No,No,No,No,No,Month-To-Month,Yes,Electronic Check,70.8,1207,No
8049-Wjclq,Male,0,Yes,Yes,10,Yes,No,Dsl,No,No,Yes,No,Yes,No,Month-To-Month,No,Mailed Check,60.2,563.5,No
6586-Psjox,Male,0,No,Yes,15,Yes,No,Dsl,No,No,Yes,Yes,No,No,One Year,No,Credit Card (Automatic),55.2,864.55,No
2460-Fpsyh,Female,1,No,No,40,No,No Phone Service,Dsl,Yes,Yes,No,No,Yes,Yes,Month-To-Month,Yes,Electronic Check,55.8,2109.35,Yes
9705-Zjbcg,Female,0,Yes,Yes,13,Yes,No,Dsl,Yes,No,No,Yes,No,No,One Year,No,Bank Transfer (Automatic),54.15,701.05,No
4818-Drbqt,Male,0,Yes,No,29,Yes,Yes,Fiber Optic,No,Yes,No,No,No,No,Month-To-Month,Yes,Bank Transfer (Automatic),80.15,2265.25,Yes
1320-Htrdr,Female,0,No,No,3,Yes,Yes,Fiber Optic,No,No,No,No,No,No,Month-To-Month,Yes,Electronic Check,75.5,220.6,Yes
6847-Kjlts,Female,1,Yes,No,58,Yes,Yes,Fiber Optic,No,No,No,Yes,Yes,Yes,Month-To-Month,Yes,Bank Transfer (Automatic),100.4,5749.8,No
9670-Bpnxf,Female,0,No,No,45,Yes,No,Dsl,Yes,Yes,No,Yes,No,No,One Year,Yes,Credit Card (Automatic),62.55,2796.45,No
3913-Fcuuw,Female,0,Yes,Yes,72,Yes,Yes,Dsl,Yes,Yes,Yes,Yes,No,No,Two Year,Yes,Bank Transfer (Automatic),70.45,5165.7,No
3301-Vktgc,Male,0,Yes,Yes,68,Yes,Yes,Fiber Optic,Yes,Yes,No,No,No,No,One Year,Yes,Bank Transfer (Automatic),85.5,5696.6,No
1493-Amtie,Male,0,No,No,1,Yes,No,No,No Internet Service,No Internet Service,No Internet Service,No Internet Service,No Internet Service,No Internet Service,Month-To-Month,Yes,Bank Transfer (Automatic),20.2,20.2,Yes
9555-Sahuz,Female,0,Yes,Yes,38,Yes,No,Dsl,Yes,Yes,No,No,No,No,Month-To-Month,No,Electronic Check,54.5,2076.05,No
0816-Tsphq,Male,0,No,No,2,Yes,No,No,No Internet Service,No Internet Service,No Internet Service,No Internet Service,No Internet Service,No Internet Service,Month-To-Month,No,Mailed Check,20.75,44.2,No
9932-Wbwik,Male,0,No,No,11,Yes,No,No,No Internet Service,No Internet Service,No Internet Service,No Internet Service,No Internet Service,No Internet Service,Month-To-Month,No,Mailed Check,20.35,215.25,No
4619-Evphy,Female,1,Yes,No,20,Yes,No,Fiber Optic,No,No,No,No,Yes,Yes,One Year,Yes,Bank Transfer (Automatic),91.0,1859.5,No
5286-Yhcvc,Male,0,Yes,No,72,Yes,Yes,Fiber Optic,No,Yes,Yes,No,Yes,Yes,Two Year,Yes,Bank Transfer (Automatic),104.8,7470.1,No
6424-Eleyh,Female,0,Yes,No,3,Yes,Yes,Fiber Optic,No,No,No,No,No,No,Month-To-Month,Yes,Credit Card (Automatic),74.75,229.5,Yes
4391-Reshn,Male,0,No,No,23,Yes,Yes,Fiber Optic,No,No,Yes,Yes,Yes,Yes,Month-To-Month,Yes,Mailed Check,104.05,2470.1,Yes
9115-Yqhga,Male,0,No,No,40,Yes,No,Dsl,No,No,No,Yes,No,No,Month-To-Month,Yes,Electronic Check,51.1,2092.9,No
4462-Cywmh,Male,1,Yes,No,62,Yes,Yes,Fiber Optic,No,Yes,No,No,No,Yes,Month-To-Month,Yes,Bank Transfer (Automatic),89.8,5629.55,No
8963-Mqvyn,Female,0,No,Yes,22,Yes,No,No,No Internet Service,No Internet Service,No Internet Service,No Internet Service,No Internet Service,No Internet Service,Month-To-Month,Yes,Electronic Check,20.55,469.85,No
2458-Eomre,Female,0,No,No,11,Yes,No,Dsl,Yes,No,Yes,No,No,Yes,Month-To-Month,No,Bank Transfer (Automatic),64.05,733.95,No
9334-Gwgow,Male,1,Yes,No,7,Yes,Yes,Fiber Optic,No,No,No,No,No,No,Month-To-Month,Yes,Electronic Check,74.85,485.25,No
6821-Buxux,Female,0,No,No,13,Yes,Yes,Fiber Optic,Yes,Yes,No,No,Yes,No,Month-To-Month,Yes,Electronic Check,96.65,1244.5,Yes
5028-Htljb,Male,1,No,No,1,Yes,No,No,No Internet Service,No Internet Service,No Internet Service,No Internet Service,No Internet Service,No Internet Service,Month-To-Month,No,Mailed Check,20.05,20.05,Yes
9801-Gdwgv,Female,0,No,No,39,Yes,Yes,Fiber Optic,No,Yes,Yes,No,Yes,Yes,Month-To-Month,Yes,Electronic Check,103.45,3994.45,Yes
6542-Lwgxj,Male,0,Yes,No,3,No,No Phone Service,Dsl,No,No,No,No,No,No,Month-To-Month,No,Mailed Check,25.0,78.25,No
5567-Gzkqy,Male,0,No,No,58,Yes,No,No,No Internet Service,No Internet Service,No Internet Service,No Internet Service,No Internet Service,No Internet Service,Two Year,No,Credit Card (Automatic),20.3,1131.5,No
1222-Lryko,Male,0,No,Yes,6,Yes,Yes,No,No Internet Service,No Internet Service,No Internet Service,No Internet Service,No Internet Service,No Internet Service,Month-To-Month,No,Mailed Check,26.35,184.05,No
2320-Jrsde,Female,0,Yes,Yes,1,Yes,No,No,No Internet Service,No Internet Service,No Internet Service,No Internet Service,No Internet Service,No Internet Service,Month-To-Month,Yes,Electronic Check,19.9,19.9,Yes
2087-Qarey,Female,0,Yes,No,22,Yes,No,Dsl,No,Yes,Yes,No,No,No,Month-To-Month,Yes,Mailed Check,54.7,1178.75,No
0601-Wzhjf,Male,0,Yes,No,14,No,No Phone Service,Dsl,No,No,No,No,Yes,Yes,Month-To-Month,No,Electronic Check,46.35,667.7,Yes
4423-Jwzjn,Male,0,Yes,Yes,64,Yes,Yes,Fiber Optic,No,No,Yes,No,No,Yes,One Year,No,Credit Card (Automatic),90.25,5629.15,No
5143-Wmwog,Male,0,No,No,1,Yes,No,No,No Internet Service,No Internet Service,No Internet Service,No Internet Service,No Internet Service,No Internet Service,Month-To-Month,No,Electronic Check,19.95,19.95,Yes
6490-Fgzat,Male,0,No,No,6,Yes,No,No,No Internet Service,No Internet Service,No Internet Service,No Internet Service,No Internet Service,No Internet Service,Month-To-Month,No,Mailed Check,20.65,109.3,No
5393-Rxqsz,Male,0,No,No,1,Yes,No,Fiber Optic,No,No,No,No,No,Yes,Month-To-Month,No,Electronic Check,79.6,79.6,Yes
7452-Folon,Male,0,No,Yes,39,Yes,Yes,No,No Internet Service,No Internet Service,No Internet Service,No Internet Service,No Internet Service,No Internet Service,One Year,No,Bank Transfer (Automatic),25.45,958.45,No
2320-Tzrrh,Female,0,No,No,20,Yes,No,No,No Internet Service,No Internet Service,No Internet Service,No Internet Service,No Internet Service,No Internet Service,One Year,No,Mailed Check,19.5,403.15,No
0231-Lxvap,Male,0,No,No,1,Yes,No,Fiber Optic,No,No,No,Yes,No,No,Month-To-Month,Yes,Electronic Check,75.9,75.9,Yes
9444-Jtxhz,Male,0,Yes,No,1,Yes,No,Fiber Optic,No,No,Yes,No,No,No,Month-To-Month,No,Electronic Check,76.2,76.2,Yes
4942-Vzzom,Male,0,Yes,No,64,Yes,Yes,Dsl,Yes,No,No,No,Yes,No,One Year,Yes,Credit Card (Automatic),66.15,4392.5,No
5510-Boiuj,Male,0,No,Yes,1,Yes,No,No,No Internet Service,No Internet Service,No Internet Service,No Internet Service,No Internet Service,No Internet Service,Month-To-Month,No,Mailed Check,19.25,19.25,Yes
7502-Bnygs,Female,0,Yes,No,46,Yes,No,Dsl,No,Yes,No,No,Yes,Yes,Month-To-Month,Yes,Credit Card (Automatic),69.1,3168,No
4291-Hyebc,Female,1,Yes,Yes,28,No,No Phone Service,Dsl,No,Yes,No,No,No,Yes,One Year,Yes,Electronic Check,39.1,1096.6,No
6147-Cbcra,Female,0,Yes,No,33,Yes,No,No,No Internet Service,No Internet Service,No Internet Service,No Internet Service,No Internet Service,No Internet Service,Month-To-Month,No,Mailed Check,20.05,669.45,No
6047-Suhpr,Male,0,Yes,Yes,39,Yes,No,Dsl,Yes,Yes,Yes,No,No,No,One Year,No,Electronic Check,59.8,2343.85,No
4471-Kxauh,Female,0,Yes,No,42,Yes,Yes,Fiber Optic,No,No,Yes,Yes,No,No,Month-To-Month,Yes,Electronic Check,84.3,3588.4,Yes
9752-Znqut,Female,0,No,No,1,Yes,No,Dsl,No,Yes,No,No,No,No,Month-To-Month,Yes,Electronic Check,48.6,48.6,No
7638-Qvmvy,Female,0,No,No,7,Yes,No,Fiber Optic,No,No,No,No,Yes,No,Month-To-Month,Yes,Electronic Check,79.0,522.95,Yes
1576-Pfziw,Male,1,Yes,No,70,Yes,No,Fiber Optic,Yes,Yes,Yes,No,Yes,Yes,Two Year,No,Credit Card (Automatic),105.35,7511.9,No
5666-Mbjpt,Male,0,No,No,65,Yes,Yes,No,No Internet Service,No Internet Service,No Internet Service,No Internet Service,No Internet Service,No Internet Service,Two Year,Yes,Bank Transfer (Automatic),25.1,1725,No
7312-Xsbat,Male,0,No,No,1,Yes,No,Dsl,Yes,No,No,No,No,No,Month-To-Month,No,Electronic Check,49.75,49.75,No
3096-Gkweb,Male,0,Yes,No,18,Yes,Yes,Fiber Optic,No,No,No,No,Yes,Yes,Month-To-Month,Yes,Electronic Check,94.75,1691.9,No
2371-Jqhzz,Male,0,Yes,No,24,Yes,Yes,Fiber Optic,No,No,No,No,Yes,Yes,Month-To-Month,Yes,Electronic Check,93.0,2248.05,No
0674-Gcdxg,Male,0,No,No,63,Yes,Yes,Dsl,Yes,No,Yes,Yes,No,Yes,Two Year,Yes,Bank Transfer (Automatic),71.9,4479.2,No
1121-Qsivb,Female,0,No,Yes,44,Yes,Yes,Dsl,No,Yes,No,No,Yes,Yes,One Year,Yes,Mailed Check,77.55,3471.1,No
4396-Klseh,Male,0,No,No,4,Yes,No,No,No Internet Service,No Internet Service,No Internet Service,No Internet Service,No Internet Service,No Internet Service,Month-To-Month,Yes,Electronic Check,19.85,63,No
3244-Dcjwy,Female,0,No,No,1,Yes,No,Fiber Optic,No,No,No,No,No,No,Month-To-Month,Yes,Electronic Check,70.25,70.25,Yes
2824-Myybn,Female,0,Yes,Yes,37,Yes,Yes,Fiber Optic,No,No,No,No,Yes,Yes,Month-To-Month,Yes,Electronic Check,95.25,3314.15,No
0875-Cabnr,Female,1,No,No,10,Yes,No,Fiber Optic,No,No,Yes,No,No,Yes,Month-To-Month,Yes,Credit Card (Automatic),84.6,865.55,Yes
6345-Hoves,Male,0,No,No,34,No,No Phone Service,Dsl,No,No,No,No,No,No,Month-To-Month,Yes,Bank Transfer (Automatic),25.05,852.7,No
8318-Lcnbw,Male,0,Yes,No,35,No,No Phone Service,Dsl,Yes,No,Yes,No,Yes,Yes,One Year,No,Credit Card (Automatic),53.15,1930.9,No
6469-Qjkzw,Female,0,Yes,No,4,Yes,No,No,No Internet Service,No Internet Service,No Internet Service,No Internet Service,No Internet Service,No Internet Service,Month-To-Month,No,Electronic Check,20.15,91.4,No
0147-Eswwr,Female,1,Yes,No,39,Yes,Yes,Fiber Optic,No,No,No,Yes,Yes,Yes,Month-To-Month,Yes,Electronic Check,101.25,3949.15,No
1217-Vaswc,Male,1,Yes,No,43,Yes,No,Fiber Optic,No,Yes,Yes,No,Yes,Yes,One Year,Yes,Bank Transfer (Automatic),100.55,4304,No
7812-Fzhpe,Female,0,Yes,Yes,17,Yes,Yes,No,No Internet Service,No Internet Service,No Internet Service,No Internet Service,No Internet Service,No Internet Service,Month-To-Month,No,Mailed Check,24.1,409.9,Yes
6370-Zvhdv,Female,0,Yes,No,61,Yes,Yes,No,No Internet Service,No Internet Service,No Internet Service,No Internet Service,No Internet Service,No Internet Service,Two Year,No,Bank Transfer (Automatic),25.3,1554.9,No
5915-Dgnvc,Female,0,Yes,No,49,Yes,Yes,Dsl,Yes,Yes,Yes,No,No,Yes,One Year,No,Electronic Check,71.8,3472.05,No
6260-Xlacs,Male,0,No,No,4,Yes,No,No,No Internet Service,No Internet Service,No Internet Service,No Internet Service,No Internet Service,No Internet Service,One Year,No,Mailed Check,19.7,117.8,No
3566-Caayu,Female,0,Yes,Yes,64,No,No Phone Service,Dsl,No,Yes,Yes,Yes,No,Yes,Two Year,No,Electronic Check,49.85,3210.35,No
4983-Ccwmc,Male,0,No,No,3,Yes,No,Fiber Optic,No,No,No,No,No,No,Month-To-Month,Yes,Mailed Check,69.6,207.4,No
9103-Cxvok,Male,0,Yes,Yes,1,Yes,No,No,No Internet Service,No Internet Service,No Internet Service,No Internet Service,No Internet Service,No Internet Service,Month-To-Month,No,Electronic Check,19.75,19.75,No
2896-Tbnbe,Male,0,Yes,No,40,Yes,No,Fiber Optic,No,Yes,Yes,No,No,No,One Year,No,Electronic Check,80.8,3132.75,No
4797-Axpxk,Female,0,No,Yes,1,Yes,No,Dsl,Yes,Yes,No,Yes,No,No,Month-To-Month,Yes,Electronic Check,60.0,60,Yes
5229-Prwkt,Male,0,No,No,8,Yes,Yes,Fiber Optic,No,No,No,No,No,Yes,Month-To-Month,Yes,Electronic Check,86.55,649.65,Yes
6982-Uqzly,Female,1,Yes,No,1,Yes,No,No,No Internet Service,No Internet Service,No Internet Service,No Internet Service,No Internet Service,No Internet Service,Month-To-Month,Yes,Mailed Check,20.85,20.85,Yes
2522-Wlnsf,Female,1,Yes,No,34,Yes,No,Dsl,No,No,Yes,Yes,Yes,No,One Year,No,Bank Transfer (Automatic),64.2,2106.3,No
3841-Conlj,Female,0,Yes,No,1,No,No Phone Service,Dsl,No,No,No,No,No,Yes,Month-To-Month,No,Electronic Check,35.0,35,No
5057-Lcoui,Female,0,No,No,39,No,No Phone Service,Dsl,No,No,Yes,No,Yes,Yes,Month-To-Month,Yes,Electronic Check,50.75,2011.4,Yes
0193-Eszxp,Female,1,Yes,No,58,Yes,No,Fiber Optic,Yes,Yes,No,Yes,Yes,Yes,One Year,Yes,Credit Card (Automatic),105.5,6205.5,Yes
4475-Nvtlu,Male,0,Yes,Yes,45,Yes,No,No,No Internet Service,No Internet Service,No Internet Service,No Internet Service,No Internet Service,No Internet Service,Two Year,No,Electronic Check,19.2,903.7,No
4369-Htuif,Male,1,No,No,6,Yes,No,Fiber Optic,Yes,No,No,No,Yes,No,Month-To-Month,Yes,Bank Transfer (Automatic),85.15,503.6,Yes
9386-Ldczr,Male,0,No,No,43,Yes,No,Fiber Optic,Yes,Yes,Yes,Yes,No,No,One Year,Yes,Credit Card (Automatic),90.65,3882.3,No
9585-Kkmfd,Male,0,Yes,Yes,41,Yes,No,No,No Internet Service,No Internet Service,No Internet Service,No Internet Service,No Internet Service,No Internet Service,Two Year,Yes,Mailed Check,20.0,879.8,No
5399-Zimkf,Male,0,No,No,5,Yes,No,Fiber Optic,No,Yes,No,No,No,No,Month-To-Month,Yes,Electronic Check,74.65,383.65,No
0336-Kxkfk,Male,0,No,No,72,No,No Phone Service,Dsl,Yes,No,Yes,Yes,Yes,Yes,Two Year,Yes,Credit Card (Automatic),61.2,4390.25,No
5619-Xzzkr,Male,0,No,No,4,Yes,No,No,No Internet Service,No Internet Service,No Internet Service,No Internet Service,No Internet Service,No Internet Service,One Year,No,Mailed Check,19.95,68.2,No
3948-Fvvrp,Male,0,Yes,Yes,9,Yes,No,Dsl,No,Yes,No,Yes,No,No,Month-To-Month,No,Mailed Check,54.8,452.8,No
5327-Xokky,Male,1,Yes,No,72,Yes,Yes,Dsl,No,No,Yes,No,Yes,Yes,Two Year,Yes,Credit Card (Automatic),73.45,5329,No
0983-Tatyj,Female,0,Yes,No,33,Yes,No,Dsl,No,No,No,Yes,No,No,One Year,Yes,Mailed Check,51.45,1758.9,No
1813-Jywto,Female,0,Yes,No,72,Yes,Yes,Fiber Optic,Yes,No,No,No,No,No,Two Year,No,Bank Transfer (Automatic),80.45,5737.6,No
0156-Fvpta,Male,0,Yes,No,22,Yes,No,Dsl,Yes,No,No,Yes,No,No,Month-To-Month,Yes,Electronic Check,54.2,1152.7,Yes
1984-Fcowb,Female,0,Yes,No,70,Yes,Yes,Fiber Optic,No,Yes,Yes,Yes,Yes,Yes,One Year,Yes,Electronic Check,109.5,7674.55,Yes
0654-Hmshn,Male,0,Yes,Yes,21,Yes,Yes,Fiber Optic,No,Yes,Yes,No,Yes,Yes,Month-To-Month,No,Electronic Check,104.4,2157.95,Yes
6719-Oxybr,Male,0,No,No,15,Yes,No,Fiber Optic,No,No,Yes,No,Yes,No,Month-To-Month,No,Electronic Check,85.3,1219.85,No
3312-Zwlgf,Male,1,Yes,No,29,Yes,Yes,Fiber Optic,No,No,No,Yes,No,No,Month-To-Month,Yes,Electronic Check,79.3,2414.55,No
6476-Yhmga,Female,0,Yes,Yes,15,Yes,No,Dsl,No,Yes,Yes,Yes,Yes,Yes,Month-To-Month,No,Bank Transfer (Automatic),76.5,1155.6,No
5287-Qwlky,Male,1,Yes,Yes,71,Yes,Yes,Fiber Optic,Yes,Yes,No,No,Yes,Yes,Month-To-Month,Yes,Credit Card (Automatic),105.1,7548.1,Yes
0795-Xccte,Male,1,No,No,72,Yes,Yes,No,No Internet Service,No Internet Service,No Internet Service,No Internet Service,No Internet Service,No Internet Service,Two Year,No,Bank Transfer (Automatic),25.4,1809.35,No
0168-Xzkbb,Female,0,Yes,No,19,Yes,Yes,Fiber Optic,No,No,No,No,Yes,No,Month-To-Month,Yes,Electronic Check,86.85,1564.4,No
3785-Nrhyr,Male,0,No,No,1,Yes,No,No,No Internet Service,No Internet Service,No Internet Service,No Internet Service,No Internet Service,No Internet Service,Month-To-Month,No,Mailed Check,19.65,19.65,No
5196-Sgoak,Female,0,No,No,1,Yes,No,Fiber Optic,No,Yes,No,No,No,No,Month-To-Month,Yes,Electronic Check,75.7,75.7,Yes
4537-Dktal,Female,0,No,No,2,Yes,No,Dsl,No,No,No,No,No,No,Month-To-Month,No,Electronic Check,45.55,84.4,No
7072-Mbhev,Female,1,Yes,Yes,11,Yes,Yes,Fiber Optic,No,No,Yes,No,No,No,Month-To-Month,Yes,Credit Card (Automatic),78.1,864.85,No
5602-Bvfmk,Female,0,No,No,12,Yes,No,No,No Internet Service,No Internet Service,No Internet Service,No Internet Service,No Internet Service,No Internet Service,One Year,No,Mailed Check,19.3,228.75,No
6297-Noopg,Female,0,Yes,No,70,Yes,Yes,Fiber Optic,No,Yes,Yes,Yes,Yes,Yes,Two Year,Yes,Electronic Check,110.5,7752.05,No
1891-Uawwu,Female,1,Yes,No,20,Yes,Yes,Fiber Optic,No,No,Yes,No,Yes,No,Month-To-Month,No,Electronic Check,90.8,1951,Yes
8204-Tifgj,Female,0,No,No,23,Yes,No,No,No Internet Service,No Internet Service,No Internet Service,No Internet Service,No Internet Service,No Internet Service,Month-To-Month,Yes,Bank Transfer (Automatic),20.3,470.6,No
8050-Dvojx,Male,1,No,No,49,Yes,Yes,Dsl,Yes,Yes,Yes,Yes,No,Yes,Two Year,No,Credit Card (Automatic),81.35,4060.9,No
6108-Oqzdq,Female,0,Yes,Yes,4,Yes,Yes,Fiber Optic,No,Yes,No,No,Yes,Yes,Month-To-Month,Yes,Electronic Check,97.95,384.5,Yes
0363-Qjvfx,Male,0,No,No,32,Yes,Yes,Fiber Optic,Yes,Yes,No,Yes,Yes,Yes,Month-To-Month,Yes,Credit Card (Automatic),108.15,3432.9,Yes
8903-Xebgx,Male,0,No,Yes,2,Yes,No,Dsl,No,No,No,No,No,Yes,Month-To-Month,Yes,Electronic Check,55.3,108.65,No
8169-Saejd,Male,1,Yes,No,69,No,No Phone Service,Dsl,Yes,Yes,No,No,Yes,Yes,Two Year,No,Credit Card (Automatic),56.55,3952.65,No
9840-Dvndc,Male,0,No,No,6,Yes,No,Fiber Optic,No,No,No,No,Yes,No,Month-To-Month,Yes,Credit Card (Automatic),80.5,463.05,Yes
1089-Xzwhh,Female,0,Yes,Yes,24,Yes,No,No,No Internet Service,No Internet Service,No Internet Service,No Internet Service,No Internet Service,No Internet Service,Two Year,Yes,Mailed Check,19.7,494.05,No
2325-Wines,Female,0,No,No,32,Yes,Yes,Fiber Optic,No,Yes,Yes,No,Yes,Yes,One Year,Yes,Credit Card (Automatic),104.05,3416.85,No
6064-Zatlr,Female,0,No,No,27,Yes,No,Dsl,Yes,Yes,No,No,No,No,Two Year,No,Bank Transfer (Automatic),52.85,1498.65,No
3096-Jrdso,Female,1,Yes,No,27,Yes,Yes,Fiber Optic,Yes,No,No,Yes,Yes,Yes,Month-To-Month,Yes,Bank Transfer (Automatic),104.3,2867.75,Yes
7824-Pansq,Male,0,No,No,58,Yes,Yes,Fiber Optic,No,No,No,Yes,No,No,Month-To-Month,No,Bank Transfer (Automatic),80.65,4807.35,No
8042-Jvnfh,Male,0,No,No,1,Yes,No,Fiber Optic,No,No,No,No,No,No,Month-To-Month,Yes,Mailed Check,71.35,71.35,Yes
9648-Bchkm,Female,0,Yes,Yes,18,Yes,Yes,No,No Internet Service,No Internet Service,No Internet Service,No Internet Service,No Internet Service,No Internet Service,Two Year,Yes,Credit Card (Automatic),24.65,471.35,No
2888-Adfao,Female,0,Yes,Yes,47,Yes,No,No,No Internet Service,No Internet Service,No Internet Service,No Internet Service,No Internet Service,No Internet Service,Two Year,Yes,Bank Transfer (Automatic),21.3,1041.8,No
8707-Hoedg,Female,0,Yes,Yes,70,Yes,Yes,Fiber Optic,No,Yes,Yes,Yes,Yes,Yes,Two Year,Yes,Electronic Check,110.2,7689.8,No
3374-Lxdev,Female,0,No,No,13,Yes,Yes,Fiber Optic,No,Yes,Yes,Yes,No,No,Month-To-Month,No,Electronic Check,89.4,1132.35,Yes
4072-Ipylt,Female,0,Yes,Yes,36,Yes,No,Dsl,Yes,No,No,No,No,No,Month-To-Month,No,Credit Card (Automatic),51.05,1815,No
7167-Pceyd,Male,0,No,No,67,Yes,No,No,No Internet Service,No Internet Service,No Internet Service,No Internet Service,No Internet Service,No Internet Service,Two Year,Yes,Mailed Check,19.8,1311.3,No
4936-Ypjnk,Female,0,No,No,10,Yes,No,No,No Internet Service,No Internet Service,No Internet Service,No Internet Service,No Internet Service,No Internet Service,Month-To-Month,Yes,Mailed Check,19.9,199.45,No
1580-Bmcmr,Male,1,No,No,19,Yes,No,Fiber Optic,Yes,No,No,No,No,Yes,Month-To-Month,Yes,Electronic Check,87.3,1637.3,No
4817-Keqsp,Female,0,Yes,Yes,71,Yes,No,No,No Internet Service,No Internet Service,No Internet Service,No Internet Service,No Internet Service,No Internet Service,Two Year,No,Bank Transfer (Automatic),19.85,1326.35,No
6408-Whtef,Male,0,Yes,Yes,72,Yes,Yes,Dsl,Yes,Yes,Yes,Yes,Yes,Yes,Two Year,Yes,Mailed Check,89.4,6376.55,No
9251-Awqgt,Female,0,Yes,Yes,48,Yes,No,No,No Internet Service,No Internet Service,No Internet Service,No Internet Service,No Internet Service,No Internet Service,Two Year,No,Mailed Check,20.0,935.9,No
8749-Cljxc,Male,0,No,No,1,Yes,No,No,No Internet Service,No Internet Service,No Internet Service,No Internet Service,No Internet Service,No Internet Service,Month-To-Month,No,Mailed Check,20.05,20.05,No
7989-Vcqoh,Male,0,Yes,Yes,18,Yes,No,Dsl,Yes,No,Yes,Yes,Yes,Yes,Month-To-Month,No,Electronic Check,83.25,1611.15,No
5049-Glyvg,Male,0,No,No,1,Yes,No,No,No Internet Service,No Internet Service,No Internet Service,No Internet Service,No Internet Service,No Internet Service,Month-To-Month,No,Mailed Check,20.6,20.6,Yes
4199-Qhjnm,Male,1,Yes,No,67,Yes,Yes,Fiber Optic,No,Yes,No,Yes,Yes,Yes,Two Year,No,Bank Transfer (Automatic),102.9,6989.7,No
8882-Tlvrw,Male,0,Yes,Yes,69,No,No Phone Service,Dsl,Yes,No,Yes,Yes,No,No,Two Year,No,Mailed Check,39.1,2779.5,No
5883-Gtgvd,Male,0,No,No,19,Yes,Yes,Fiber Optic,No,Yes,No,No,Yes,Yes,Month-To-Month,Yes,Electronic Check,99.95,1931.75,Yes
5135-Grqjv,Male,1,Yes,No,72,Yes,Yes,Fiber Optic,Yes,Yes,Yes,Yes,Yes,Yes,Two Year,Yes,Mailed Check,114.5,8331.95,No
2384-Ovpsa,Female,1,No,No,38,Yes,No,No,No Internet Service,No Internet Service,No Internet Service,No Internet Service,No Internet Service,No Internet Service,Two Year,No,Mailed Check,20.2,735.9,No
1371-Wepds,Male,1,Yes,No,40,Yes,No,Dsl,No,No,No,No,No,Yes,One Year,No,Electronic Check,55.8,2283.3,No
3580-Gicbm,Female,0,Yes,Yes,61,Yes,Yes,No,No Internet Service,No Internet Service,No Internet Service,No Internet Service,No Internet Service,No Internet Service,Two Year,Yes,Mailed Check,24.2,1445.2,No
4817-Qrjsx,Female,0,No,No,10,Yes,Yes,Fiber Optic,No,Yes,No,No,No,No,Month-To-Month,Yes,Credit Card (Automatic),81.0,818.05,Yes
9730-Drtmj,Male,0,Yes,No,32,Yes,Yes,Dsl,Yes,No,No,Yes,Yes,No,One Year,Yes,Credit Card (Automatic),72.8,2333.05,No
4686-Uxdml,Female,0,No,No,21,Yes,Yes,Fiber Optic,No,Yes,No,No,Yes,Yes,Month-To-Month,Yes,Credit Card (Automatic),99.85,1992.55,No
3349-Anqnh,Female,1,No,No,59,Yes,Yes,Fiber Optic,No,No,Yes,No,Yes,Yes,One Year,Yes,Electronic Check,99.5,5890,No
2398-Ypmur,Female,1,Yes,No,13,Yes,No,Fiber Optic,No,No,No,No,No,No,Month-To-Month,Yes,Electronic Check,70.15,916.75,Yes
0932-Yixyu,Female,0,No,No,47,Yes,No,No,No Internet Service,No Internet Service,No Internet Service,No Internet Service,No Internet Service,No Internet Service,Two Year,No,Credit Card (Automatic),20.25,1029.8,No
7480-Splef,Male,0,Yes,Yes,69,Yes,Yes,No,No Internet Service,No Internet Service,No Internet Service,No Internet Service,No Internet Service,No Internet Service,Two Year,Yes,Bank Transfer (Automatic),26.0,1796.55,No
7636-Xuhww,Male,0,No,No,2,Yes,No,No,No Internet Service,No Internet Service,No Internet Service,No Internet Service,No Internet Service,No Internet Service,Month-To-Month,Yes,Credit Card (Automatic),19.9,33.7,No
1431-Cywmh,Female,0,Yes,Yes,22,Yes,No,No,No Internet Service,No Internet Service,No Internet Service,No Internet Service,No Internet Service,No Internet Service,Month-To-Month,No,Bank Transfer (Automatic),19.05,454.05,No
5937-Eorgb,Male,1,Yes,No,15,Yes,Yes,Fiber Optic,Yes,No,Yes,No,Yes,No,Month-To-Month,Yes,Electronic Check,96.5,1392.25,No
6349-Jdhqp,Female,0,No,No,53,Yes,No,No,No Internet Service,No Internet Service,No Internet Service,No Internet Service,No Internet Service,No Internet Service,Two Year,No,Credit Card (Automatic),19.85,1049.6,No
5539-Hivak,Female,1,Yes,No,28,Yes,Yes,No,No Internet Service,No Internet Service,No Internet Service,No Internet Service,No Internet Service,No Internet Service,Month-To-Month,No,Mailed Check,25.7,734.6,No
5847-Mxbeo,Male,0,No,No,22,Yes,No,No,No Internet Service,No Internet Service,No Internet Service,No Internet Service,No Internet Service,No Internet Service,One Year,No,Mailed Check,20.3,475.1,No
9985-Mwvix,Female,0,No,No,1,Yes,No,Fiber Optic,No,No,No,No,No,No,Month-To-Month,Yes,Mailed Check,70.15,70.15,Yes
4583-Parnh,Male,1,Yes,No,16,Yes,No,Fiber Optic,No,No,Yes,Yes,No,Yes,Month-To-Month,Yes,Electronic Check,91.55,1540.05,No
1116-Fryvh,Female,0,Yes,Yes,48,No,No Phone Service,Dsl,Yes,Yes,No,Yes,No,No,Two Year,No,Mailed Check,39.4,1978.65,No
1421-Hcerk,Male,1,Yes,No,30,Yes,Yes,Fiber Optic,Yes,Yes,Yes,Yes,Yes,No,Month-To-Month,Yes,Bank Transfer (Automatic),105.7,3181.8,No
9633-Xqabv,Female,0,No,No,3,Yes,No,Fiber Optic,No,No,No,No,No,No,Month-To-Month,Yes,Electronic Check,70.25,229.7,No
0716-Bqndx,Male,1,No,No,57,Yes,Yes,Fiber Optic,Yes,No,No,Yes,No,Yes,Two Year,No,Electronic Check,93.75,5625.55,No
1265-Xtecc,Female,1,Yes,No,68,Yes,Yes,Fiber Optic,Yes,Yes,No,No,No,Yes,One Year,Yes,Credit Card (Automatic),96.55,6581.9,Yes
1183-Canvh,Female,0,Yes,No,23,Yes,No,Dsl,No,No,No,Yes,Yes,No,One Year,No,Bank Transfer (Automatic),60.0,1347.15,No
1972-Xmuwv,Female,0,Yes,No,65,Yes,No,Dsl,No,No,No,Yes,Yes,No,Two Year,Yes,Credit Card (Automatic),59.8,3808.2,No
8679-Lzbmd,Male,0,Yes,No,44,Yes,No,Fiber Optic,No,No,No,No,Yes,Yes,One Year,Yes,Bank Transfer (Automatic),90.65,3974.15,No
3407-Jmjqq,Female,0,Yes,Yes,71,Yes,Yes,Fiber Optic,Yes,Yes,Yes,No,Yes,Yes,Two Year,Yes,Bank Transfer (Automatic),109.0,7661.8,No
6252-Dfgtk,Female,0,Yes,No,37,Yes,Yes,Dsl,Yes,No,Yes,Yes,No,No,One Year,No,Credit Card (Automatic),68.1,2479.25,No
1539-Lnkhm,Female,0,No,No,12,Yes,No,No,No Internet Service,No Internet Service,No Internet Service,No Internet Service,No Internet Service,No Internet Service,Month-To-Month,No,Mailed Check,20.4,266.6,No
8645-Komjq,Male,0,Yes,Yes,69,Yes,Yes,Dsl,No,Yes,Yes,Yes,Yes,Yes,Two Year,Yes,Bank Transfer (Automatic),81.95,5601.4,No
0289-Ivarm,Female,0,No,No,35,Yes,No,Dsl,Yes,Yes,Yes,No,No,No,Month-To-Month,No,Electronic Check,60.55,1982.6,No
9761-Xujwd,Male,0,No,No,5,Yes,No,Dsl,No,Yes,No,Yes,No,Yes,Month-To-Month,Yes,Bank Transfer (Automatic),65.6,339.9,No
4057-Fkczk,Male,0,Yes,Yes,58,Yes,Yes,Fiber Optic,No,No,No,No,Yes,No,Two Year,No,Bank Transfer (Automatic),82.5,4828.05,No
4291-Tpnfg,Male,0,Yes,No,72,Yes,Yes,Dsl,Yes,Yes,Yes,Yes,No,Yes,Two Year,Yes,Bank Transfer (Automatic),82.3,5980.55,No
6087-Ypwho,Male,0,Yes,No,72,Yes,Yes,Dsl,Yes,Yes,Yes,Yes,No,No,Two Year,No,Mailed Check,68.15,4808.7,No
3090-Qfuvd,Female,0,No,No,1,Yes,No,No,No Internet Service,No Internet Service,No Internet Service,No Internet Service,No Internet Service,No Internet Service,Month-To-Month,No,Credit Card (Automatic),20.3,20.3,No
2237-Zfsmy,Female,0,No,No,39,Yes,No,Fiber Optic,Yes,No,Yes,Yes,Yes,No,One Year,Yes,Electronic Check,95.55,3692.85,Yes
1722-Ldzjs,Male,0,Yes,Yes,53,Yes,No,No,No Internet Service,No Internet Service,No Internet Service,No Internet Service,No Internet Service,No Internet Service,One Year,No,Credit Card (Automatic),20.2,1068.15,No
1818-Esqmw,Female,0,No,No,27,Yes,No,Fiber Optic,No,No,Yes,Yes,No,Yes,Month-To-Month,Yes,Electronic Check,89.2,2383.6,No
4871-Jtkjf,Female,1,No,No,1,Yes,No,Fiber Optic,No,No,No,No,No,No,Month-To-Month,Yes,Electronic Check,69.65,69.65,Yes
1415-Yfwlt,Female,1,No,No,1,Yes,No,Fiber Optic,No,No,No,No,Yes,Yes,Month-To-Month,Yes,Electronic Check,89.3,89.3,Yes
7401-Rubnk,Female,0,Yes,No,18,Yes,No,Fiber Optic,Yes,No,No,No,No,No,Month-To-Month,No,Electronic Check,74.8,1438.05,No
0506-Ylvkj,Male,0,Yes,Yes,46,Yes,No,No,No Internet Service,No Internet Service,No Internet Service,No Internet Service,No Internet Service,No Internet Service,Two Year,Yes,Mailed Check,20.2,917.45,No
8661-Boynw,Female,0,Yes,No,72,Yes,Yes,Dsl,Yes,No,Yes,Yes,Yes,Yes,Two Year,Yes,Credit Card (Automatic),84.4,6096.45,No
6711-Vtnre,Female,0,No,No,36,Yes,No,Fiber Optic,No,No,Yes,Yes,No,Yes,Month-To-Month,Yes,Electronic Check,87.55,3078.1,Yes
4815-Gbtcd,Female,0,Yes,No,4,No,No Phone Service,Dsl,No,No,No,No,No,No,Month-To-Month,Yes,Electronic Check,25.15,99.95,No
2805-Aufqn,Female,0,No,No,25,Yes,No,No,No Internet Service,No Internet Service,No Internet Service,No Internet Service,No Internet Service,No Internet Service,Two Year,No,Credit Card (Automatic),19.8,475.2,No
0980-Pvmrc,Female,0,Yes,Yes,40,No,No Phone Service,Dsl,No,Yes,No,No,Yes,Yes,Month-To-Month,Yes,Electronic Check,50.85,2036.55,No
7233-Drtrf,Male,0,Yes,No,63,Yes,Yes,Fiber Optic,No,Yes,Yes,No,Yes,Yes,Month-To-Month,Yes,Electronic Check,102.4,6444.05,No
3500-Rmzlt,Female,1,No,No,15,Yes,No,Fiber Optic,Yes,No,Yes,Yes,No,Yes,Month-To-Month,Yes,Mailed Check,96.3,1426.75,Yes
3873-Nftgi,Male,0,No,No,14,Yes,Yes,Dsl,No,Yes,No,No,No,No,Month-To-Month,Yes,Credit Card (Automatic),55.5,767.55,No
1162-Ecvii,Male,1,Yes,No,72,Yes,Yes,Fiber Optic,No,Yes,Yes,Yes,Yes,Yes,Two Year,Yes,Bank Transfer (Automatic),109.75,7932.5,No
7048-Gxday,Male,0,No,No,39,Yes,Yes,Fiber Optic,Yes,Yes,No,No,Yes,Yes,Month-To-Month,Yes,Electronic Check,106.4,4040.65,No
8571-Zcmcx,Female,0,Yes,Yes,47,No,No Phone Service,Dsl,Yes,Yes,Yes,No,Yes,Yes,Two Year,Yes,Credit Card (Automatic),60.0,2768.65,No
1169-Wcvak,Male,0,Yes,No,19,Yes,Yes,Fiber Optic,Yes,Yes,No,Yes,No,No,Month-To-Month,Yes,Credit Card (Automatic),88.8,1672.35,No
4548-Sdbke,Female,0,No,No,5,Yes,Yes,Fiber Optic,No,No,No,No,Yes,No,Month-To-Month,Yes,Electronic Check,85.2,474.8,Yes
8066-Poxgx,Female,0,No,No,13,No,No Phone Service,Dsl,No,No,No,No,No,Yes,Month-To-Month,Yes,Electronic Check,35.1,446.1,Yes
7129-Cakjw,Female,0,No,No,17,Yes,Yes,Fiber Optic,No,No,Yes,No,No,No,Month-To-Month,No,Bank Transfer (Automatic),80.05,1345.65,No
8695-Argxz,Male,1,Yes,No,34,Yes,Yes,Fiber Optic,No,No,No,No,No,No,Month-To-Month,Yes,Electronic Check,75.55,2425.4,No
3570-Yuekj,Female,0,No,No,42,Yes,No,Dsl,No,Yes,No,No,No,No,Month-To-Month,Yes,Electronic Check,49.55,2077.95,No
4143-Oobwz,Male,0,Yes,No,5,Yes,Yes,Fiber Optic,No,Yes,No,No,No,No,Month-To-Month,Yes,Electronic Check,81.3,416.3,Yes
1555-Hapsu,Female,0,Yes,Yes,71,Yes,Yes,No,No Internet Service,No Internet Service,No Internet Service,No Internet Service,No Internet Service,No Internet Service,Two Year,No,Credit Card (Automatic),23.9,1663.5,No
1697-Nvvgy,Male,1,Yes,No,19,Yes,No,Dsl,Yes,No,Yes,No,Yes,No,Month-To-Month,No,Bank Transfer (Automatic),66.4,1286.05,No
7854-Ektjl,Female,0,No,Yes,2,Yes,No,No,No Internet Service,No Internet Service,No Internet Service,No Internet Service,No Internet Service,No Internet Service,Month-To-Month,Yes,Electronic Check,19.6,35.85,Yes
8464-Eetcq,Male,0,No,No,57,Yes,No,No,No Internet Service,No Internet Service,No Internet Service,No Internet Service,No Internet Service,No Internet Service,Two Year,No,Credit Card (Automatic),18.8,1094.35,No
2419-Fsors,Male,0,Yes,No,72,Yes,Yes,Fiber Optic,No,Yes,Yes,Yes,Yes,Yes,Two Year,Yes,Electronic Check,108.4,7719.5,No
8132-Ypvbx,Female,0,No,No,6,Yes,No,Fiber Optic,No,Yes,No,No,No,Yes,Month-To-Month,Yes,Mailed Check,85.95,514.6,No
9102-Iayht,Female,0,Yes,Yes,17,Yes,Yes,Fiber Optic,No,No,No,No,No,Yes,Month-To-Month,Yes,Electronic Check,85.45,1451.6,Yes
6754-Lzuka,Male,0,Yes,No,61,Yes,Yes,Dsl,No,Yes,Yes,No,Yes,Yes,Two Year,No,Bank Transfer (Automatic),80.9,4932.5,No
3422-Lyepq,Male,0,Yes,Yes,1,Yes,No,Fiber Optic,No,No,No,No,No,No,Month-To-Month,Yes,Electronic Check,71.0,71,Yes
8099-Mzpuj,Male,0,Yes,Yes,48,Yes,Yes,Fiber Optic,Yes,Yes,Yes,Yes,Yes,Yes,Two Year,No,Credit Card (Automatic),111.8,5443.65,No
0787-Lhdyt,Male,0,No,No,16,Yes,No,No,No Internet Service,No Internet Service,No Internet Service,No Internet Service,No Internet Service,No Internet Service,Month-To-Month,Yes,Credit Card (Automatic),20.6,330.25,No
2642-Dtvco,Male,1,No,No,9,Yes,Yes,Fiber Optic,No,No,No,No,No,Yes,Month-To-Month,Yes,Electronic Check,85.05,746.5,Yes
0374-Ioegq,Female,0,No,No,3,Yes,No,Dsl,No,No,No,No,No,No,Month-To-Month,No,Electronic Check,44.6,122.7,No
4361-Jeivl,Male,0,No,Yes,1,Yes,No,Dsl,No,No,No,No,No,No,Month-To-Month,Yes,Electronic Check,44.4,44.4,Yes
3197-Nnynb,Male,0,No,No,65,Yes,Yes,Fiber Optic,No,Yes,Yes,No,Yes,Yes,Two Year,No,Credit Card (Automatic),105.1,6631.85,No
3396-Dkdel,Female,0,Yes,Yes,70,Yes,Yes,Fiber Optic,Yes,Yes,Yes,Yes,Yes,Yes,Two Year,Yes,Credit Card (Automatic),115.15,8250,No
1752-Ozxfy,Male,0,Yes,No,60,Yes,No,Dsl,Yes,No,No,No,Yes,No,One Year,Yes,Mailed Check,59.8,3561.15,No
9066-Qrsdu,Female,0,Yes,No,69,Yes,Yes,No,No Internet Service,No Internet Service,No Internet Service,No Internet Service,No Internet Service,No Internet Service,One Year,Yes,Electronic Check,26.3,1763.55,No
9112-Wsnpu,Female,1,No,No,35,Yes,No,Fiber Optic,No,No,No,No,No,No,Month-To-Month,No,Electronic Check,70.55,2419,No
9867-Nnxlc,Female,0,No,No,22,Yes,No,No,No Internet Service,No Internet Service,No Internet Service,No Internet Service,No Internet Service,No Internet Service,Month-To-Month,Yes,Mailed Check,20.05,470.2,No
5321-Ntrkc,Male,0,Yes,Yes,66,Yes,Yes,Dsl,No,Yes,Yes,No,Yes,Yes,Two Year,No,Bank Transfer (Automatic),79.85,5234.95,No
1363-Txlsl,Male,1,Yes,No,1,Yes,No,Fiber Optic,No,No,No,No,No,No,Month-To-Month,Yes,Electronic Check,70.3,70.3,Yes
9507-Exltt,Female,0,Yes,No,1,Yes,No,Fiber Optic,No,No,No,No,Yes,No,Month-To-Month,Yes,Bank Transfer (Automatic),79.35,79.35,Yes
3161-Getrm,Male,0,Yes,Yes,34,Yes,Yes,Fiber Optic,No,No,Yes,No,No,Yes,Month-To-Month,Yes,Credit Card (Automatic),90.05,3097,No
0402-Oamen,Female,0,Yes,Yes,72,Yes,Yes,No,No Internet Service,No Internet Service,No Internet Service,No Internet Service,No Internet Service,No Internet Service,Two Year,No,Bank Transfer (Automatic),24.45,1709.1,No
6933-Vlyfx,Male,0,Yes,Yes,31,No,No Phone Service,Dsl,Yes,No,Yes,Yes,Yes,Yes,One Year,No,Electronic Check,59.95,1848.8,No
6754-Wkshp,Male,0,No,Yes,30,Yes,Yes,No,No Internet Service,No Internet Service,No Internet Service,No Internet Service,No Internet Service,No Internet Service,One Year,No,Bank Transfer (Automatic),25.35,723.3,No
9846-Gkxas,Female,0,No,No,9,Yes,No,Fiber Optic,No,No,No,No,Yes,Yes,Month-To-Month,Yes,Bank Transfer (Automatic),90.8,809.75,Yes
6017-Pplpx,Male,0,Yes,Yes,20,Yes,No,Fiber Optic,No,No,No,No,No,No,Month-To-Month,Yes,Electronic Check,70.45,1470.95,Yes
4976-Lnfvv,Male,1,Yes,No,19,No,No Phone Service,Dsl,No,Yes,Yes,No,No,No,Month-To-Month,Yes,Credit Card (Automatic),34.3,577.15,No
5055-Mgmgf,Female,0,Yes,No,65,Yes,Yes,Fiber Optic,Yes,No,Yes,No,Yes,Yes,Month-To-Month,Yes,Electronic Check,105.05,6914.95,No
4641-Frolu,Female,0,Yes,Yes,30,Yes,No,No,No Internet Service,No Internet Service,No Internet Service,No Internet Service,No Internet Service,No Internet Service,Two Year,No,Mailed Check,19.3,602.9,No
2862-Jveoy,Male,0,No,No,6,Yes,No,No,No Internet Service,No Internet Service,No Internet Service,No Internet Service,No Internet Service,No Internet Service,One Year,No,Mailed Check,19.15,124.4,No
2969-Qwubz,Female,0,No,No,2,No,No Phone Service,Dsl,No,Yes,No,No,Yes,Yes,Month-To-Month,No,Electronic Check,51.4,96.8,No
9822-Biign,Male,0,Yes,Yes,53,Yes,Yes,Dsl,Yes,No,No,Yes,No,Yes,Month-To-Month,No,Electronic Check,71.85,3827.9,No
2077-Mpjqo,Male,1,Yes,No,7,Yes,Yes,Fiber Optic,No,No,No,No,No,No,Month-To-Month,Yes,Electronic Check,75.4,533.05,No
1534-Oulxe,Female,0,Yes,Yes,61,Yes,No,Dsl,Yes,No,No,No,No,No,One Year,Yes,Bank Transfer (Automatic),49.7,2961.4,No
7136-Rvdtz,Male,1,No,No,70,No,No Phone Service,Dsl,No,No,No,No,Yes,Yes,One Year,Yes,Electronic Check,45.25,3264.45,Yes
2971-Sgafl,Female,0,No,No,13,Yes,Yes,Dsl,Yes,No,Yes,No,Yes,Yes,Month-To-Month,Yes,Electronic Check,78.75,995.35,No
1480-Ivevr,Male,1,Yes,No,35,Yes,Yes,Fiber Optic,No,No,Yes,No,No,No,One Year,Yes,Bank Transfer (Automatic),81.6,2815.25,No
2905-Kfquv,Female,0,Yes,No,2,Yes,No,Fiber Optic,No,No,No,No,No,No,Month-To-Month,Yes,Credit Card (Automatic),70.4,154.8,No
4581-Sspwd,Female,0,No,No,3,Yes,Yes,Fiber Optic,No,No,No,No,No,No,Month-To-Month,Yes,Electronic Check,75.8,246.3,Yes
3370-Hxoph,Female,0,No,No,3,Yes,Yes,Fiber Optic,No,No,No,No,No,No,Month-To-Month,No,Electronic Check,76.1,257.6,No
9391-Yzejw,Female,0,No,No,62,Yes,Yes,Fiber Optic,No,No,No,No,Yes,Yes,One Year,Yes,Bank Transfer (Automatic),94.0,5757.2,No
9958-Mekuc,Male,0,Yes,Yes,72,Yes,Yes,Fiber Optic,Yes,Yes,Yes,Yes,No,Yes,Two Year,No,Credit Card (Automatic),103.95,7517.7,No
0281-Cntzx,Male,0,Yes,No,63,Yes,No,No,No Internet Service,No Internet Service,No Internet Service,No Internet Service,No Internet Service,No Internet Service,Two Year,Yes,Bank Transfer (Automatic),19.95,1234.8,No
6927-Wtfiv,Male,1,No,No,20,Yes,No,Fiber Optic,No,No,No,No,No,No,Month-To-Month,No,Credit Card (Automatic),71.3,1389.2,Yes
4118-Cevpf,Female,1,No,No,35,Yes,Yes,Fiber Optic,Yes,Yes,Yes,Yes,Yes,Yes,One Year,Yes,Bank Transfer (Automatic),110.8,3836.3,No
3398-Zouaa,Male,1,Yes,No,21,Yes,No,Fiber Optic,No,No,No,No,No,No,Month-To-Month,Yes,Electronic Check,69.1,1474.75,Yes
9114-Vepuf,Male,0,Yes,No,62,Yes,Yes,Fiber Optic,Yes,Yes,No,No,No,Yes,One Year,No,Electronic Check,96.1,6001.45,No
7876-Beutg,Female,0,No,No,15,Yes,Yes,Dsl,No,No,No,No,No,No,Month-To-Month,Yes,Mailed Check,48.8,720.1,No
2338-Bqezt,Female,0,No,No,55,Yes,No,Dsl,Yes,No,No,No,No,No,Month-To-Month,Yes,Credit Card (Automatic),50.55,2832.75,No
9873-Mndkv,Female,0,No,No,11,Yes,No,Dsl,No,No,No,No,No,No,Month-To-Month,Yes,Mailed Check,44.65,472.25,No
0378-Nhqxu,Female,0,Yes,Yes,17,Yes,Yes,Fiber Optic,No,No,Yes,No,Yes,No,Month-To-Month,No,Electronic Check,88.25,1460.65,Yes
8241-Juiqo,Female,0,No,No,61,Yes,No,No,No Internet Service,No Internet Service,No Internet Service,No Internet Service,No Internet Service,No Internet Service,One Year,No,Bank Transfer (Automatic),19.45,1336.35,No
2194-Iiqof,Female,0,Yes,No,71,Yes,Yes,Dsl,Yes,Yes,Yes,Yes,Yes,Yes,Two Year,No,Credit Card (Automatic),89.3,6388.65,No
4512-Zuiyl,Female,0,No,No,2,Yes,No,Fiber Optic,No,No,No,No,No,No,Month-To-Month,No,Bank Transfer (Automatic),70.0,153.05,Yes
9631-Rxvjm,Male,0,No,No,35,Yes,No,No,No Internet Service,No Internet Service,No Internet Service,No Internet Service,No Internet Service,No Internet Service,Two Year,No,Mailed Check,19.25,677.9,No
9584-Excdz,Female,0,No,No,17,Yes,No,Fiber Optic,No,No,No,No,No,No,Month-To-Month,No,Bank Transfer (Automatic),70.5,1165.6,No
7969-Aulmz,Female,0,No,No,21,Yes,Yes,Fiber Optic,No,No,No,No,Yes,Yes,Month-To-Month,Yes,Electronic Check,97.35,2119.5,Yes
5093-Feglu,Female,0,Yes,No,47,Yes,No,No,No Internet Service,No Internet Service,No Internet Service,No Internet Service,No Internet Service,No Internet Service,Two Year,No,Bank Transfer (Automatic),19.65,921.55,No
2621-Udnlu,Female,0,Yes,No,3,Yes,No,No,No Internet Service,No Internet Service,No Internet Service,No Internet Service,No Internet Service,No Internet Service,Month-To-Month,No,Mailed Check,20.85,72,No
7526-Ivlyu,Male,0,No,No,3,Yes,No,No,No Internet Service,No Internet Service,No Internet Service,No Internet Service,No Internet Service,No Internet Service,Month-To-Month,Yes,Mailed Check,19.65,68.35,No
2428-Hyunx,Male,1,Yes,No,44,Yes,No,No,No Internet Service,No Internet Service,No Internet Service,No Internet Service,No Internet Service,No Internet Service,Two Year,Yes,Credit Card (Automatic),19.35,847.25,No
9214-Ekvxr,Female,0,No,No,1,Yes,No,Dsl,No,No,No,No,No,No,Month-To-Month,Yes,Mailed Check,44.0,44,No
3410-Mhhum,Female,0,Yes,Yes,44,Yes,Yes,Fiber Optic,No,Yes,Yes,No,No,Yes,One Year,No,Electronic Check,94.4,4295.35,No
0568-Onfpc,Male,0,Yes,Yes,5,Yes,Yes,No,No Internet Service,No Internet Service,No Internet Service,No Internet Service,No Internet Service,No Internet Service,Month-To-Month,Yes,Bank Transfer (Automatic),25.9,135,Yes
0733-Vunuw,Male,0,No,No,24,Yes,Yes,Dsl,Yes,No,No,No,No,No,Month-To-Month,Yes,Bank Transfer (Automatic),55.65,1400.55,Yes
4550-Evxny,Female,0,No,Yes,1,Yes,No,Fiber Optic,No,No,No,No,No,No,Month-To-Month,Yes,Electronic Check,69.65,69.65,Yes
2122-Ywvya,Female,0,No,No,18,Yes,No,Fiber Optic,Yes,No,No,No,No,No,Month-To-Month,Yes,Electronic Check,75.4,1380.4,No
2968-Ssgaa,Female,0,No,No,10,Yes,Yes,Fiber Optic,No,No,Yes,No,Yes,Yes,Month-To-Month,Yes,Electronic Check,100.6,1060.2,Yes
2296-Dkzfp,Female,0,Yes,No,65,Yes,No,Dsl,Yes,Yes,Yes,No,No,Yes,Two Year,No,Bank Transfer (Automatic),71.0,4386.2,No
4844-Jjwuy,Female,1,No,No,1,Yes,No,Fiber Optic,No,Yes,No,No,No,Yes,Month-To-Month,Yes,Electronic Check,86.0,86,Yes
6777-Tghtm,Female,0,No,No,53,Yes,Yes,Fiber Optic,Yes,No,Yes,No,Yes,Yes,One Year,Yes,Credit Card (Automatic),106.95,5785.5,Yes
8909-Bolnl,Male,0,No,No,3,Yes,No,No,No Internet Service,No Internet Service,No Internet Service,No Internet Service,No Internet Service,No Internet Service,One Year,No,Mailed Check,21.2,52.05,No
6603-Yrdcj,Male,0,Yes,No,33,Yes,No,Dsl,Yes,Yes,No,Yes,No,No,Two Year,Yes,Mailed Check,61.05,2018.4,No
3538-Wzphd,Male,0,No,No,3,No,No Phone Service,Dsl,No,Yes,No,No,No,No,Month-To-Month,Yes,Electronic Check,29.6,79.45,Yes
3229-Uswar,Female,0,No,No,34,Yes,No,Dsl,Yes,No,Yes,Yes,Yes,Yes,One Year,Yes,Bank Transfer (Automatic),79.95,2727.3,No
2138-Vfapz,Female,0,Yes,Yes,14,Yes,No,No,No Internet Service,No Internet Service,No Internet Service,No Internet Service,No Internet Service,No Internet Service,Two Year,Yes,Mailed Check,19.7,263.65,No
6131-Jlwzm,Female,0,No,No,13,Yes,No,No,No Internet Service,No Internet Service,No Internet Service,No Internet Service,No Internet Service,No Internet Service,Month-To-Month,Yes,Mailed Check,20.3,275.4,No
4785-Qrjhc,Male,1,Yes,No,46,No,No Phone Service,Dsl,No,Yes,Yes,Yes,Yes,Yes,One Year,Yes,Bank Transfer (Automatic),59.9,2816.65,Yes
0269-Xfesx,Male,0,Yes,Yes,23,Yes,Yes,No,No Internet Service,No Internet Service,No Internet Service,No Internet Service,No Internet Service,No Internet Service,One Year,No,Mailed Check,24.35,538.5,No
1709-Ejdox,Female,0,Yes,Yes,47,Yes,No,No,No Internet Service,No Internet Service,No Internet Service,No Internet Service,No Internet Service,No Internet Service,Two Year,No,Mailed Check,19.75,948.9,No
4316-Xcslj,Male,0,No,Yes,17,Yes,No,Dsl,Yes,No,No,No,No,No,Month-To-Month,Yes,Mailed Check,50.3,846.8,No
8610-Wfcjf,Female,0,Yes,Yes,49,Yes,Yes,Fiber Optic,No,No,No,No,Yes,Yes,Month-To-Month,Yes,Electronic Check,95.6,4783.5,Yes
9693-Xmuob,Male,1,Yes,No,59,No,No Phone Service,Dsl,No,Yes,No,No,Yes,Yes,Month-To-Month,Yes,Electronic Check,50.25,2997.45,No
0383-Cldda,Female,0,No,No,69,Yes,Yes,Dsl,Yes,No,Yes,Yes,Yes,Yes,Two Year,Yes,Credit Card (Automatic),85.35,5897.4,No
4905-Jefdw,Male,0,No,No,11,No,No Phone Service,Dsl,No,No,Yes,No,Yes,No,One Year,Yes,Electronic Check,41.6,470.6,Yes
2709-Uqgnp,Male,0,No,No,10,Yes,No,Dsl,Yes,No,No,No,No,No,Month-To-Month,Yes,Mailed Check,51.65,524.5,No
3549-Ztmnh,Male,0,Yes,Yes,12,Yes,Yes,No,No Internet Service,No Internet Service,No Internet Service,No Internet Service,No Internet Service,No Internet Service,Two Year,Yes,Bank Transfer (Automatic),24.0,269.65,No
7881-Inrlc,Male,0,No,No,45,Yes,Yes,Fiber Optic,No,Yes,No,No,Yes,Yes,Month-To-Month,Yes,Credit Card (Automatic),100.85,4740,Yes
8033-Atfas,Female,0,Yes,Yes,39,Yes,No,Dsl,No,No,Yes,No,Yes,No,Month-To-Month,Yes,Mailed Check,59.85,2341.5,No
1635-Nzatj,Male,1,Yes,No,71,Yes,Yes,No,No Internet Service,No Internet Service,No Internet Service,No Internet Service,No Internet Service,No Internet Service,Two Year,No,Credit Card (Automatic),25.45,1789.65,No
0562-Hkhml,Male,0,Yes,Yes,71,Yes,Yes,No,No Internet Service,No Internet Service,No Internet Service,No Internet Service,No Internet Service,No Internet Service,Two Year,No,Credit Card (Automatic),23.9,1626.4,No
8277-Rvrsv,Female,0,Yes,Yes,33,Yes,Yes,No,No Internet Service,No Internet Service,No Internet Service,No Internet Service,No Internet Service,No Internet Service,One Year,No,Credit Card (Automatic),24.15,800.3,No
9943-Vszuv,Male,1,No,No,67,Yes,Yes,Fiber Optic,No,No,No,No,No,No,Month-To-Month,Yes,Mailed Check,75.7,5060.85,No
0117-Lfrmw,Male,0,Yes,Yes,37,No,No Phone Service,Dsl,Yes,Yes,Yes,No,No,No,Month-To-Month,No,Bank Transfer (Automatic),40.2,1448.8,Yes
6172-Fecyy,Male,0,Yes,Yes,49,Yes,Yes,Fiber Optic,No,No,No,No,Yes,No,Month-To-Month,No,Electronic Check,84.5,4254.85,Yes
7054-Enngu,Female,0,Yes,No,9,Yes,No,Dsl,No,Yes,No,No,No,No,Month-To-Month,No,Mailed Check,50.85,466.6,No
1455-Hfbxa,Male,0,Yes,No,52,Yes,Yes,Fiber Optic,Yes,No,Yes,Yes,No,No,Two Year,Yes,Credit Card (Automatic),91.6,4627.8,No
9402-Cxwpl,Female,0,No,No,70,Yes,Yes,Fiber Optic,No,Yes,No,No,Yes,Yes,One Year,No,Electronic Check,98.9,6838.6,No
1628-Bizyp,Male,0,No,No,1,Yes,No,Fiber Optic,No,Yes,No,No,No,Yes,Month-To-Month,Yes,Electronic Check,85.0,85,No
1965-Aktsx,Female,1,No,No,14,Yes,Yes,Fiber Optic,No,Yes,No,No,No,No,Month-To-Month,Yes,Electronic Check,78.95,1101.85,Yes
0082-Ldzue,Male,0,No,No,1,Yes,No,Dsl,No,No,No,No,No,No,Month-To-Month,Yes,Mailed Check,44.3,44.3,No
4786-Uksnz,Male,0,No,No,1,Yes,No,No,No Internet Service,No Internet Service,No Internet Service,No Internet Service,No Internet Service,No Internet Service,Month-To-Month,No,Mailed Check,20.2,20.2,Yes
5343-Sgubi,Female,0,No,No,52,Yes,Yes,Fiber Optic,No,Yes,No,No,No,No,One Year,Yes,Mailed Check,80.2,4297.6,No
0856-Naoes,Male,0,No,No,6,Yes,No,Dsl,No,No,Yes,No,Yes,No,Month-To-Month,No,Mailed Check,60.9,414.1,No
1976-Azzpj,Male,0,Yes,No,7,No,No Phone Service,Dsl,Yes,Yes,No,No,No,No,Month-To-Month,No,Mailed Check,34.2,256.6,No
7248-Vzqlc,Female,1,No,No,47,Yes,Yes,Fiber Optic,No,Yes,Yes,No,No,No,Month-To-Month,Yes,Bank Transfer (Automatic),85.2,3969.35,Yes
6156-Uzdlf,Female,0,No,No,26,Yes,No,Fiber Optic,Yes,No,Yes,Yes,No,No,One Year,Yes,Credit Card (Automatic),87.15,2274.1,No
3099-Oonvs,Male,0,Yes,Yes,25,Yes,No,Dsl,Yes,No,No,Yes,No,No,Month-To-Month,No,Electronic Check,54.3,1296.8,No
9500-Wbgrp,Male,0,No,No,69,Yes,No,No,No Internet Service,No Internet Service,No Internet Service,No Internet Service,No Internet Service,No Internet Service,Two Year,Yes,Mailed Check,19.1,1268.85,No
5183-Klyem,Female,0,No,No,72,Yes,Yes,Fiber Optic,Yes,Yes,Yes,Yes,Yes,Yes,Two Year,Yes,Credit Card (Automatic),112.75,8192.6,No
5144-Pqcdz,Male,0,No,No,4,Yes,No,No,No Internet Service,No Internet Service,No Internet Service,No Internet Service,No Internet Service,No Internet Service,Month-To-Month,Yes,Mailed Check,19.95,59.25,No
8514-Vzheb,Male,0,Yes,Yes,59,Yes,No,No,No Internet Service,No Internet Service,No Internet Service,No Internet Service,No Internet Service,No Internet Service,Two Year,No,Mailed Check,19.5,1147.85,No
6625-Iuttt,Male,0,No,No,67,Yes,No,Dsl,Yes,No,Yes,No,No,Yes,Two Year,No,Bank Transfer (Automatic),65.55,4361.55,No
9355-Nppfs,Female,1,No,No,26,Yes,No,Fiber Optic,No,No,No,No,No,Yes,Month-To-Month,Yes,Electronic Check,78.8,2006.1,No
0068-Figtf,Female,0,No,No,27,Yes,No,Dsl,No,Yes,Yes,Yes,Yes,Yes,One Year,No,Mailed Check,78.2,2078.95,No
5965-Ggprw,Male,0,Yes,Yes,72,Yes,Yes,Fiber Optic,Yes,No,Yes,No,Yes,Yes,Two Year,No,Bank Transfer (Automatic),105.25,7609.75,No
8035-Pwsev,Female,0,No,No,6,Yes,No,Fiber Optic,No,No,Yes,Yes,No,Yes,Month-To-Month,Yes,Electronic Check,89.25,487.05,No
2236-Hilpa,Male,0,Yes,Yes,62,Yes,No,No,No Internet Service,No Internet Service,No Internet Service,No Internet Service,No Internet Service,No Internet Service,Two Year,No,Credit Card (Automatic),20.65,1218.45,No
1840-Biuog,Male,0,No,No,20,Yes,Yes,Dsl,No,Yes,No,Yes,Yes,No,One Year,Yes,Electronic Check,68.7,1416.2,No
1356-Mkysk,Male,0,No,No,6,Yes,No,Dsl,Yes,No,Yes,Yes,Yes,Yes,Month-To-Month,No,Credit Card (Automatic),78.65,483.3,No
6080-Lnesi,Male,0,No,No,51,Yes,Yes,No,No Internet Service,No Internet Service,No Internet Service,No Internet Service,No Internet Service,No Internet Service,Two Year,No,Mailed Check,24.75,1234.6,No
1830-Ipxvj,Female,0,Yes,Yes,61,Yes,No,No,No Internet Service,No Internet Service,No Internet Service,No Internet Service,No Internet Service,No Internet Service,Two Year,No,Credit Card (Automatic),19.75,1311.6,No
5828-Dwpil,Male,1,Yes,No,62,Yes,Yes,Fiber Optic,Yes,Yes,Yes,No,No,No,Month-To-Month,Yes,Electronic Check,89.1,5618.3,No
8398-Tbiyd,Female,0,No,No,72,Yes,Yes,Fiber Optic,Yes,No,No,Yes,No,No,Two Year,Yes,Bank Transfer (Automatic),84.7,6185.15,No
0011-Igkff,Male,1,Yes,No,13,Yes,No,Fiber Optic,No,Yes,Yes,No,Yes,Yes,Month-To-Month,Yes,Electronic Check,98.0,1237.85,Yes
4192-Gorjt,Male,0,Yes,No,5,Yes,No,Fiber Optic,No,No,Yes,No,Yes,Yes,Month-To-Month,Yes,Electronic Check,94.45,498.1,Yes
6496-Slwhq,Male,1,No,No,3,Yes,Yes,Fiber Optic,No,Yes,Yes,No,Yes,Yes,Month-To-Month,Yes,Electronic Check,105.0,294.45,Yes
9912-Gvseq,Female,1,Yes,No,26,Yes,Yes,Fiber Optic,No,Yes,Yes,No,No,Yes,Month-To-Month,Yes,Electronic Check,93.85,2381.55,Yes
2931-Fsohn,Male,1,No,No,13,Yes,No,Dsl,No,Yes,No,No,Yes,No,Month-To-Month,Yes,Electronic Check,59.9,788.35,No
9418-Rukph,Female,0,Yes,Yes,38,Yes,No,No,No Internet Service,No Internet Service,No Internet Service,No Internet Service,No Internet Service,No Internet Service,Two Year,Yes,Mailed Check,19.95,756.4,No
5383-Mmtwc,Female,1,Yes,No,8,Yes,Yes,Fiber Optic,No,No,No,No,No,Yes,Month-To-Month,Yes,Electronic Check,84.0,613.4,Yes
9971-Zwpbf,Male,1,Yes,Yes,34,Yes,Yes,Fiber Optic,No,Yes,Yes,Yes,Yes,Yes,Month-To-Month,Yes,Electronic Check,108.9,3625.2,No
4712-Auqzo,Male,0,No,No,18,No,No Phone Service,Dsl,Yes,No,Yes,No,No,No,Month-To-Month,No,Mailed Check,33.6,550.35,No
9711-Fjtbx,Male,0,Yes,Yes,56,Yes,No,Fiber Optic,No,Yes,Yes,Yes,No,No,One Year,Yes,Mailed Check,85.85,4793.8,No
2908-Ztpnf,Female,0,No,No,36,No,No Phone Service,Dsl,No,Yes,No,Yes,No,No,Month-To-Month,Yes,Bank Transfer (Automatic),34.85,1267.2,No
7240-Etptr,Female,0,Yes,No,9,No,No Phone Service,Dsl,No,No,Yes,No,Yes,Yes,Month-To-Month,Yes,Electronic Check,48.75,442.2,Yes
2202-Cuyxz,Male,0,No,No,1,Yes,No,Fiber Optic,No,No,Yes,No,Yes,No,Month-To-Month,Yes,Electronic Check,84.85,84.85,Yes
5995-Oiglp,Male,0,No,No,12,Yes,No,Dsl,Yes,No,No,Yes,No,No,Month-To-Month,No,Mailed Check,56.65,654.85,Yes
8421-Wzoow,Female,1,Yes,Yes,57,Yes,No,Fiber Optic,No,Yes,Yes,Yes,Yes,No,Month-To-Month,Yes,Credit Card (Automatic),95.3,5567.45,No
6261-Rcvns,Female,0,No,No,42,Yes,No,Dsl,Yes,Yes,Yes,Yes,No,Yes,One Year,No,Credit Card (Automatic),73.9,3160.55,Yes
7951-Qkzpl,Female,0,Yes,Yes,33,Yes,Yes,No,No Internet Service,No Internet Service,No Internet Service,No Internet Service,No Internet Service,No Internet Service,Two Year,Yes,Mailed Check,24.5,740.3,Yes
1414-Yadcw,Male,0,Yes,No,70,Yes,No,Fiber Optic,Yes,Yes,No,Yes,No,No,Two Year,No,Bank Transfer (Automatic),84.6,5706.2,No
8756-Rddlt,Female,0,No,No,68,No,No Phone Service,Dsl,No,Yes,No,Yes,No,Yes,Month-To-Month,No,Electronic Check,44.95,3085.35,No
2862-Pfnik,Male,0,No,Yes,1,No,No Phone Service,Dsl,No,No,No,No,No,No,Month-To-Month,Yes,Electronic Check,24.7,24.7,No
5816-Qvhrx,Female,0,No,No,37,Yes,Yes,Fiber Optic,No,No,No,Yes,Yes,Yes,Month-To-Month,No,Credit Card (Automatic),100.3,3541.4,No
4430-Yhxgg,Female,0,No,Yes,4,Yes,Yes,No,No Internet Service,No Internet Service,No Internet Service,No Internet Service,No Internet Service,No Internet Service,Month-To-Month,Yes,Mailed Check,25.45,84.2,No
6888-Sbyai,Male,0,No,No,1,Yes,No,Dsl,Yes,No,No,No,No,No,Month-To-Month,Yes,Mailed Check,50.7,50.7,No
7395-Xwzoy,Male,0,No,No,20,No,No Phone Service,Dsl,Yes,Yes,Yes,Yes,Yes,No,Month-To-Month,Yes,Credit Card (Automatic),55.0,1165.55,No
7169-Ywamk,Male,0,Yes,Yes,72,Yes,No,Dsl,Yes,Yes,No,Yes,Yes,No,Two Year,No,Bank Transfer (Automatic),68.4,4855.35,No
3640-Phqxk,Female,0,No,No,31,Yes,Yes,Fiber Optic,No,No,Yes,No,No,Yes,Month-To-Month,Yes,Electronic Check,89.9,2806.9,Yes
6877-Lgwxo,Male,1,Yes,No,18,Yes,No,Fiber Optic,No,No,No,No,No,Yes,Month-To-Month,No,Electronic Check,78.55,1422.65,Yes
6859-Rkmzj,Male,0,Yes,No,11,Yes,No,Dsl,No,No,No,No,Yes,No,Month-To-Month,Yes,Bank Transfer (Automatic),55.05,608.15,No
2729-Vnvap,Female,0,Yes,Yes,33,Yes,No,No,No Internet Service,No Internet Service,No Internet Service,No Internet Service,No Internet Service,No Internet Service,Two Year,No,Credit Card (Automatic),19.8,641.35,No
2957-Jirmn,Female,1,No,No,62,Yes,Yes,Fiber Optic,No,No,No,No,Yes,No,One Year,No,Electronic Check,84.45,4959.15,No
2049-Bafnw,Female,0,No,No,1,No,No Phone Service,Dsl,No,No,Yes,Yes,No,No,Month-To-Month,No,Mailed Check,35.9,35.9,No
3842-Qtgdl,Male,0,Yes,No,16,Yes,No,Fiber Optic,Yes,Yes,No,No,No,No,Month-To-Month,No,Bank Transfer (Automatic),80.75,1321.3,No
7163-Oceqi,Male,0,Yes,Yes,22,Yes,Yes,Dsl,No,No,Yes,Yes,Yes,Yes,One Year,Yes,Mailed Check,78.65,1663.75,No
9782-Lgxmc,Female,0,Yes,Yes,49,Yes,No,Dsl,Yes,No,Yes,Yes,No,No,Month-To-Month,No,Bank Transfer (Automatic),61.75,3024.15,No
5975-Baicr,Male,0,Yes,Yes,36,Yes,No,Dsl,Yes,No,Yes,No,No,Yes,One Year,Yes,Credit Card (Automatic),63.7,2188.5,No
8019-Enhxu,Male,0,Yes,No,42,Yes,Yes,Fiber Optic,No,Yes,Yes,Yes,No,Yes,Month-To-Month,Yes,Electronic Check,99.45,4138.05,Yes
5167-Gbfre,Male,1,No,No,4,No,No Phone Service,Dsl,No,No,No,No,No,No,Month-To-Month,Yes,Bank Transfer (Automatic),25.2,102.5,Yes
9033-Eoxwv,Female,0,No,No,12,Yes,Yes,Dsl,No,No,No,Yes,Yes,Yes,One Year,No,Mailed Check,74.05,872.65,Yes
4673-Kksls,Female,0,No,No,31,Yes,No,Fiber Optic,Yes,No,Yes,Yes,No,No,Month-To-Month,No,Electronic Check,87.6,2724.25,No
4853-Oitsn,Male,0,Yes,No,5,Yes,Yes,Fiber Optic,Yes,No,No,No,No,Yes,Month-To-Month,Yes,Electronic Check,89.15,413.25,No
9800-Ouigr,Male,0,Yes,Yes,66,Yes,No,No,No Internet Service,No Internet Service,No Internet Service,No Internet Service,No Internet Service,No Internet Service,Two Year,No,Credit Card (Automatic),20.0,1374.2,No
1324-Nltje,Female,1,No,No,15,Yes,Yes,Dsl,No,No,No,Yes,No,No,Month-To-Month,No,Credit Card (Automatic),55.0,757.1,Yes
2324-Efhvg,Male,0,No,No,64,Yes,Yes,Fiber Optic,No,Yes,Yes,No,Yes,Yes,Two Year,Yes,Bank Transfer (Automatic),104.4,6692.65,No
7094-Mszao,Male,0,Yes,Yes,10,Yes,No,No,No Internet Service,No Internet Service,No Internet Service,No Internet Service,No Internet Service,No Internet Service,Month-To-Month,Yes,Credit Card (Automatic),20.05,218.5,No
1522-Vvdmg,Male,0,Yes,Yes,7,Yes,No,Fiber Optic,No,Yes,No,Yes,Yes,No,Month-To-Month,Yes,Electronic Check,89.75,608.8,Yes
6907-Cqgpn,Male,0,No,No,29,No,No Phone Service,Dsl,No,Yes,No,Yes,No,No,Month-To-Month,No,Electronic Check,34.3,1004.75,No
0780-Xnzfn,Male,0,No,No,57,Yes,No,No,No Internet Service,No Internet Service,No Internet Service,No Internet Service,No Internet Service,No Internet Service,Two Year,No,Bank Transfer (Automatic),20.65,1125.6,No
0239-Oxexl,Female,0,No,No,46,Yes,Yes,Fiber Optic,Yes,Yes,No,No,No,No,Month-To-Month,No,Mailed Check,84.25,3847.6,No
2675-Ijrgj,Male,0,No,No,53,Yes,No,No,No Internet Service,No Internet Service,No Internet Service,No Internet Service,No Internet Service,No Internet Service,Two Year,No,Bank Transfer (Automatic),19.65,978,No
7049-Gkvzy,Female,0,No,No,17,Yes,No,Dsl,Yes,Yes,No,Yes,Yes,Yes,One Year,No,Credit Card (Automatic),79.85,1387.35,No
8577-Qsocg,Female,0,Yes,Yes,38,Yes,No,No,No Internet Service,No Internet Service,No Internet Service,No Internet Service,No Internet Service,No Internet Service,Two Year,Yes,Mailed Check,20.2,746.05,No
3721-Cnzhx,Male,0,No,No,15,Yes,No,No,No Internet Service,No Internet Service,No Internet Service,No Internet Service,No Internet Service,No Internet Service,One Year,No,Mailed Check,19.8,304.6,No
0212-Isbbf,Female,0,No,No,22,No,No Phone Service,Dsl,No,Yes,No,No,Yes,Yes,Month-To-Month,Yes,Electronic Check,50.35,1098.85,No
9185-Tqcvp,Male,0,Yes,No,14,Yes,Yes,Fiber Optic,No,No,No,No,No,Yes,Month-To-Month,Yes,Electronic Check,85.15,1139.2,Yes
3585-Ynadk,Female,0,Yes,No,57,Yes,Yes,Dsl,No,Yes,Yes,Yes,Yes,No,One Year,No,Bank Transfer (Automatic),74.6,4368.95,No
5271-Dbysj,Male,1,No,No,11,Yes,No,Fiber Optic,No,No,No,No,No,Yes,Month-To-Month,Yes,Credit Card (Automatic),79.15,827.7,No
1099-Godlo,Female,0,Yes,Yes,1,Yes,No,No,No Internet Service,No Internet Service,No Internet Service,No Internet Service,No Internet Service,No Internet Service,Two Year,No,Mailed Check,20.35,20.35,No
6828-Hmkwp,Male,0,Yes,Yes,12,Yes,No,No,No Internet Service,No Internet Service,No Internet Service,No Internet Service,No Internet Service,No Internet Service,Two Year,No,Bank Transfer (Automatic),21.05,262.05,No
5567-Wsele,Male,1,Yes,No,3,Yes,Yes,Fiber Optic,No,No,No,No,Yes,Yes,Month-To-Month,Yes,Electronic Check,94.6,279.55,Yes
1472-Tncwl,Male,0,No,Yes,36,Yes,No,Fiber Optic,No,Yes,No,No,Yes,Yes,Month-To-Month,Yes,Electronic Check,94.7,3512.5,No
8063-Rjynf,Male,0,No,No,16,Yes,No,Fiber Optic,Yes,No,No,No,Yes,Yes,Month-To-Month,Yes,Electronic Check,94.25,1483.25,Yes
0687-Zvthb,Male,0,Yes,Yes,65,Yes,Yes,Dsl,Yes,Yes,Yes,No,No,Yes,One Year,No,Credit Card (Automatic),72.45,4653.85,Yes
2080-Gkcwq,Male,0,No,No,2,Yes,No,Fiber Optic,No,Yes,No,No,No,No,Month-To-Month,No,Electronic Check,74.95,151.75,No
9661-Acxbs,Female,0,No,No,42,Yes,Yes,Fiber Optic,Yes,No,Yes,No,Yes,Yes,Month-To-Month,Yes,Electronic Check,105.2,4400.75,Yes
2193-Sfwqw,Male,0,Yes,Yes,72,Yes,No,Fiber Optic,Yes,Yes,Yes,Yes,Yes,Yes,Two Year,No,Bank Transfer (Automatic),111.95,8033.1,No
5656-Jamlx,Male,0,No,No,62,Yes,No,No,No Internet Service,No Internet Service,No Internet Service,No Internet Service,No Internet Service,No Internet Service,Two Year,No,Bank Transfer (Automatic),19.85,1253.65,No
3462-Bjqqa,Female,0,No,No,6,Yes,Yes,Fiber Optic,No,Yes,No,No,Yes,No,Month-To-Month,Yes,Electronic Check,89.75,552.65,No
0442-Tdyuo,Male,0,Yes,No,48,Yes,No,No,No Internet Service,No Internet Service,No Internet Service,No Internet Service,No Internet Service,No Internet Service,Two Year,Yes,Mailed Check,20.05,1036,No
6733-Lrizx,Male,0,No,No,35,Yes,Yes,Fiber Optic,Yes,No,Yes,Yes,Yes,Yes,Two Year,Yes,Electronic Check,108.95,4025.5,No
9503-Xjume,Male,0,No,Yes,52,Yes,No,No,No Internet Service,No Internet Service,No Internet Service,No Internet Service,No Internet Service,No Internet Service,One Year,No,Credit Card (Automatic),19.65,928.4,No
4367-Nhwmm,Female,0,No,No,1,No,No Phone Service,Dsl,No,No,No,No,No,No,Month-To-Month,Yes,Mailed Check,24.9,24.9,No
3727-Rjmeo,Male,0,Yes,No,6,Yes,Yes,Fiber Optic,No,No,No,No,Yes,No,Month-To-Month,Yes,Electronic Check,82.85,460.25,Yes
3779-Oswcf,Female,0,Yes,No,71,Yes,Yes,Dsl,Yes,Yes,Yes,Yes,Yes,Yes,Two Year,No,Credit Card (Automatic),93.2,6506.15,No
6736-Dhuqi,Female,0,Yes,Yes,67,Yes,No,Fiber Optic,Yes,Yes,Yes,No,No,No,One Year,No,Bank Transfer (Automatic),84.8,5598.3,No
3915-Odiyg,Male,1,No,No,60,Yes,Yes,Dsl,Yes,Yes,No,No,No,Yes,One Year,Yes,Electronic Check,71.75,4374.55,No
1360-Rcyrt,Male,0,Yes,Yes,23,No,No Phone Service,Dsl,No,No,No,Yes,No,No,Month-To-Month,Yes,Bank Transfer (Automatic),30.35,678.75,No
2724-Fjdyw,Male,0,No,Yes,39,No,No Phone Service,Dsl,No,No,Yes,Yes,Yes,Yes,One Year,No,Bank Transfer (Automatic),54.85,2191.7,No
4451-Rwasj,Male,0,Yes,Yes,15,Yes,No,No,No Internet Service,No Internet Service,No Internet Service,No Internet Service,No Internet Service,No Internet Service,One Year,Yes,Mailed Check,19.5,239.75,No
6646-Vrfol,Male,1,Yes,No,53,Yes,Yes,Fiber Optic,No,Yes,Yes,No,Yes,Yes,Month-To-Month,Yes,Electronic Check,103.85,5485.5,Yes
3460-Tjbwi,Male,0,Yes,Yes,24,Yes,Yes,No,No Internet Service,No Internet Service,No Internet Service,No Internet Service,No Internet Service,No Internet Service,Two Year,No,Mailed Check,24.2,609.05,No
5917-Hbsdw,Female,0,Yes,Yes,37,Yes,No,No,No Internet Service,No Internet Service,No Internet Service,No Internet Service,No Internet Service,No Internet Service,Month-To-Month,No,Electronic Check,19.35,683.75,No
5685-Iixly,Female,0,Yes,Yes,5,Yes,No,Fiber Optic,No,Yes,No,No,No,Yes,Month-To-Month,Yes,Electronic Check,83.6,404.2,Yes
5671-Uunxd,Female,1,Yes,No,50,Yes,Yes,Fiber Optic,No,No,No,Yes,Yes,Yes,One Year,Yes,Electronic Check,100.65,5189.75,No
0956-Acvzc,Female,0,No,No,54,Yes,No,Fiber Optic,No,No,Yes,No,Yes,Yes,One Year,Yes,Credit Card (Automatic),94.1,5060.9,No
2325-Nbpzg,Female,0,No,No,3,Yes,No,Fiber Optic,Yes,No,No,No,No,No,Month-To-Month,Yes,Electronic Check,74.55,233.65,No
4250-Zbwlv,Male,0,No,No,68,Yes,Yes,Fiber Optic,No,Yes,Yes,Yes,Yes,Yes,One Year,No,Electronic Check,108.45,7176.55,Yes
4482-Ftffx,Male,0,No,No,5,Yes,No,Dsl,No,No,Yes,Yes,No,No,Month-To-Month,No,Electronic Check,56.15,291.45,No
8859-Dztgq,Male,0,No,No,33,Yes,No,No,No Internet Service,No Internet Service,No Internet Service,No Internet Service,No Internet Service,No Internet Service,Two Year,No,Mailed Check,20.35,689.75,No
0440-Mogpm,Female,0,No,No,41,Yes,Yes,Dsl,No,Yes,Yes,No,Yes,Yes,One Year,Yes,Electronic Check,80.55,3263.9,No
0020-Jdnxp,Female,0,Yes,Yes,34,No,No Phone Service,Dsl,Yes,No,Yes,Yes,Yes,Yes,One Year,No,Mailed Check,61.25,1993.2,No
3752-Cqsji,Female,0,Yes,Yes,13,Yes,No,No,No Internet Service,No Internet Service,No Internet Service,No Internet Service,No Internet Service,No Internet Service,Month-To-Month,Yes,Mailed Check,20.45,254.5,No
5025-Gooki,Female,0,No,No,20,Yes,No,No,No Internet Service,No Internet Service,No Internet Service,No Internet Service,No Internet Service,No Internet Service,Month-To-Month,Yes,Credit Card (Automatic),18.9,347.65,No
4698-Kvllg,Female,1,No,No,51,Yes,No,No,No Internet Service,No Internet Service,No Internet Service,No Internet Service,No Internet Service,No Internet Service,Two Year,No,Credit Card (Automatic),19.6,967.9,No
5095-Aeskg,Female,0,Yes,No,3,Yes,Yes,Fiber Optic,No,Yes,No,No,No,Yes,Month-To-Month,Yes,Credit Card (Automatic),91.5,242.95,Yes
2887-Jpylu,Female,0,No,Yes,41,Yes,No,Dsl,No,No,No,No,No,No,Month-To-Month,No,Bank Transfer (Automatic),45.2,1841.9,No
4770-Qazxn,Female,0,No,No,13,Yes,No,No,No Internet Service,No Internet Service,No Internet Service,No Internet Service,No Internet Service,No Internet Service,Month-To-Month,No,Credit Card (Automatic),19.45,232.1,No
4896-Cprpf,Male,0,Yes,Yes,35,Yes,Yes,No,No Internet Service,No Internet Service,No Internet Service,No Internet Service,No Internet Service,No Internet Service,Two Year,No,Bank Transfer (Automatic),25.45,809.25,No
1871-Mowrm,Male,0,Yes,No,12,Yes,No,Fiber Optic,Yes,No,No,Yes,No,No,Month-To-Month,No,Bank Transfer (Automatic),80.85,866.45,Yes
9714-Edsuc,Male,0,No,No,4,Yes,No,Fiber Optic,Yes,Yes,No,Yes,No,Yes,Month-To-Month,Yes,Mailed Check,94.9,360.55,No
2027-Oaqqc,Female,0,No,No,43,No,No Phone Service,Dsl,No,No,Yes,No,Yes,Yes,Month-To-Month,Yes,Bank Transfer (Automatic),49.05,2076.2,Yes
0282-Nvsjs,Female,1,Yes,Yes,12,No,No Phone Service,Dsl,No,No,No,Yes,No,No,Month-To-Month,Yes,Mailed Check,29.3,355.9,No
9090-Sgqxl,Male,1,Yes,No,68,Yes,Yes,Fiber Optic,No,Yes,Yes,No,Yes,Yes,Month-To-Month,Yes,Electronic Check,105.3,7299.65,Yes
6595-Ygxit,Male,1,No,No,25,Yes,Yes,Fiber Optic,No,Yes,No,No,Yes,No,Month-To-Month,Yes,Electronic Check,88.95,2291.2,Yes
7353-Yowfp,Female,0,No,No,7,Yes,No,No,No Internet Service,No Internet Service,No Internet Service,No Internet Service,No Internet Service,No Internet Service,One Year,No,Mailed Check,20.25,129.15,No
9835-Ziitk,Male,1,Yes,No,66,Yes,Yes,Fiber Optic,No,Yes,Yes,Yes,Yes,Yes,One Year,Yes,Electronic Check,110.85,7491.75,Yes
8008-Esflk,Female,0,Yes,No,53,Yes,No,Fiber Optic,Yes,Yes,Yes,Yes,Yes,Yes,One Year,No,Electronic Check,110.5,5835.5,No
7537-Cbquz,Male,1,No,No,63,Yes,Yes,Fiber Optic,Yes,Yes,Yes,No,Yes,Yes,Month-To-Month,Yes,Bank Transfer (Automatic),109.4,7031.45,No
1555-Djeqw,Female,0,Yes,Yes,70,Yes,Yes,Fiber Optic,Yes,Yes,Yes,Yes,Yes,Yes,Two Year,Yes,Bank Transfer (Automatic),114.2,7723.9,Yes
5649-Tjhov,Male,1,Yes,No,27,No,No Phone Service,Dsl,No,No,No,No,No,Yes,Month-To-Month,No,Bank Transfer (Automatic),36.5,1032,Yes
0519-Xuzju,Female,0,No,No,1,Yes,No,Fiber Optic,No,No,No,No,No,No,Month-To-Month,No,Mailed Check,70.75,70.75,Yes
3363-Ewlgo,Female,0,No,No,5,Yes,No,No,No Internet Service,No Internet Service,No Internet Service,No Internet Service,No Internet Service,No Internet Service,Month-To-Month,No,Mailed Check,19.95,109.6,No
4750-Ukwjk,Female,1,Yes,No,37,Yes,No,No,No Internet Service,No Internet Service,No Internet Service,No Internet Service,No Internet Service,No Internet Service,One Year,No,Mailed Check,19.6,727.8,No
6338-Avwcy,Male,0,No,No,3,No,No Phone Service,Dsl,No,No,Yes,No,Yes,No,Month-To-Month,Yes,Mailed Check,40.15,130.75,Yes
1689-Yqbyy,Female,0,No,Yes,12,Yes,Yes,Fiber Optic,No,No,No,No,No,No,Month-To-Month,Yes,Electronic Check,76.6,893,No
4487-Zyjzk,Female,0,Yes,Yes,38,Yes,No,No,No Internet Service,No Internet Service,No Internet Service,No Internet Service,No Internet Service,No Internet Service,One Year,No,Credit Card (Automatic),19.6,763.1,No
2959-Fenlu,Female,0,No,No,9,Yes,No,Fiber Optic,No,No,Yes,No,No,Yes,Month-To-Month,Yes,Credit Card (Automatic),85.3,781.4,No
0708-Lgsmf,Male,0,Yes,No,13,Yes,Yes,Dsl,Yes,No,No,No,No,Yes,Month-To-Month,Yes,Electronic Check,65.85,902.25,No
9253-Qxkbe,Male,1,Yes,No,29,Yes,Yes,Fiber Optic,No,No,No,No,Yes,Yes,Month-To-Month,Yes,Electronic Check,94.45,2653.65,Yes
7634-Hlqjr,Female,0,Yes,Yes,47,Yes,No,No,No Internet Service,No Internet Service,No Internet Service,No Internet Service,No Internet Service,No Internet Service,Two Year,No,Credit Card (Automatic),20.05,1016.7,No
0487-Rpvum,Male,0,Yes,No,61,Yes,Yes,Fiber Optic,Yes,No,Yes,Yes,Yes,No,Month-To-Month,No,Bank Transfer (Automatic),99.4,5943.65,No
4079-Ulgfr,Male,0,No,No,16,Yes,No,No,No Internet Service,No Internet Service,No Internet Service,No Internet Service,No Internet Service,No Internet Service,Month-To-Month,No,Mailed Check,20.0,275.7,No
2516-Xsjkx,Female,0,Yes,Yes,41,Yes,No,Dsl,Yes,Yes,No,Yes,Yes,Yes,Two Year,No,Electronic Check,78.45,3126.45,No
0057-Qbuqh,Female,0,No,Yes,43,Yes,Yes,No,No Internet Service,No Internet Service,No Internet Service,No Internet Service,No Internet Service,No Internet Service,Two Year,Yes,Electronic Check,25.1,1070.15,No
9445-Szlch,Female,0,Yes,Yes,36,Yes,Yes,Fiber Optic,No,Yes,Yes,No,Yes,No,Month-To-Month,Yes,Bank Transfer (Automatic),97.35,3457.9,Yes
6599-Sfqve,Female,0,No,No,6,Yes,No,Dsl,No,No,No,No,No,Yes,Month-To-Month,Yes,Electronic Check,55.0,340.4,No
8331-Zxfoe,Female,0,No,No,58,Yes,Yes,Dsl,Yes,Yes,Yes,Yes,No,No,One Year,Yes,Credit Card (Automatic),71.1,4299.2,No
4003-Fushp,Male,0,No,No,19,Yes,No,Dsl,No,No,No,Yes,Yes,No,Month-To-Month,Yes,Credit Card (Automatic),61.55,1093.2,No
0356-Erhvt,Male,0,Yes,No,11,Yes,No,Dsl,No,No,No,No,No,No,Month-To-Month,Yes,Bank Transfer (Automatic),45.9,521.9,No
7325-Enzfi,Female,0,No,No,39,No,No Phone Service,Dsl,Yes,Yes,No,Yes,No,No,One Year,Yes,Bank Transfer (Automatic),40.3,1630.4,No
4884-Zthvf,Female,1,No,No,8,Yes,No,Fiber Optic,No,Yes,No,No,Yes,No,Month-To-Month,Yes,Electronic Check,87.1,713.6,No
3920-Hihmq,Female,0,No,Yes,26,Yes,Yes,Dsl,No,No,No,No,No,No,Month-To-Month,Yes,Mailed Check,49.5,1265.65,No
3055-Oymse,Female,1,No,No,53,Yes,No,Fiber Optic,No,Yes,No,No,No,No,Month-To-Month,Yes,Credit Card (Automatic),73.8,4003.85,No
0613-Wuxum,Female,0,Yes,Yes,70,Yes,No,No,No Internet Service,No Internet Service,No Internet Service,No Internet Service,No Internet Service,No Internet Service,Two Year,Yes,Mailed Check,19.2,1401.4,No
7568-Podml,Male,0,No,No,1,No,No Phone Service,Dsl,No,No,No,No,Yes,Yes,Month-To-Month,Yes,Mailed Check,45.3,45.3,Yes
4458-Kvrbj,Male,0,No,No,59,Yes,Yes,No,No Internet Service,No Internet Service,No Internet Service,No Internet Service,No Internet Service,No Internet Service,Two Year,No,Mailed Check,25.0,1510.5,No
5349-Iecld,Male,0,No,No,2,Yes,No,Fiber Optic,No,No,Yes,No,Yes,Yes,Month-To-Month,No,Electronic Check,94.95,178.1,Yes
1397-Xkkwr,Male,0,No,No,7,No,No Phone Service,Dsl,Yes,No,Yes,No,No,No,One Year,No,Mailed Check,35.3,264.8,No
3945-Gfwql,Female,0,No,Yes,12,Yes,No,Dsl,No,No,No,No,No,No,Month-To-Month,Yes,Electronic Check,44.55,480.6,Yes
8097-Omulg,Male,0,Yes,Yes,59,Yes,No,Dsl,No,Yes,Yes,Yes,Yes,Yes,One Year,No,Credit Card (Automatic),76.75,4541.9,No
6013-Bhcaw,Male,0,Yes,Yes,61,Yes,Yes,Dsl,No,No,Yes,Yes,Yes,Yes,Two Year,Yes,Bank Transfer (Automatic),81.0,4976.15,No
0401-Wdbxm,Male,0,Yes,Yes,72,Yes,Yes,Fiber Optic,Yes,No,Yes,No,Yes,Yes,Two Year,Yes,Bank Transfer (Automatic),105.55,7542.25,No
3387-Plkui,Female,0,Yes,Yes,13,Yes,No,No,No Internet Service,No Internet Service,No Internet Service,No Internet Service,No Internet Service,No Internet Service,Month-To-Month,No,Mailed Check,18.8,251.25,No
6096-Egvtu,Female,0,Yes,Yes,64,Yes,Yes,No,No Internet Service,No Internet Service,No Internet Service,No Internet Service,No Internet Service,No Internet Service,One Year,No,Mailed Check,24.9,1595.5,No
3797-Vtidr,Male,0,Yes,No,1,No,No Phone Service,Dsl,No,No,No,No,No,No,Month-To-Month,Yes,Electronic Check,23.45,23.45,Yes
5081-Nwsup,Female,0,No,No,10,Yes,No,Dsl,No,Yes,No,Yes,No,Yes,One Year,No,Mailed Check,64.9,685.55,No
2580-Atzsq,Female,0,Yes,Yes,65,Yes,No,Dsl,Yes,Yes,Yes,No,No,No,One Year,No,Bank Transfer (Automatic),61.35,3874.1,No
8085-Msnlk,Female,0,Yes,No,62,Yes,Yes,Fiber Optic,Yes,Yes,Yes,Yes,Yes,Yes,Two Year,No,Mailed Check,113.95,6891.4,No
9691-Hkovs,Female,0,Yes,No,55,Yes,Yes,Dsl,Yes,Yes,Yes,Yes,Yes,Yes,One Year,Yes,Electronic Check,90.15,4916.95,No
9881-Vczep,Female,0,Yes,No,25,Yes,Yes,Dsl,No,Yes,No,No,No,No,Month-To-Month,No,Electronic Check,54.1,1373,No
9526-Bihhd,Male,0,No,No,1,No,No Phone Service,Dsl,Yes,No,No,No,No,No,Month-To-Month,No,Mailed Check,29.7,29.7,Yes
8757-Tfhhj,Male,0,No,No,1,Yes,No,Dsl,Yes,No,No,No,No,No,Month-To-Month,Yes,Credit Card (Automatic),49.8,49.8,No
4523-Wxcef,Female,0,Yes,No,59,Yes,Yes,Fiber Optic,No,Yes,No,No,Yes,Yes,Month-To-Month,No,Electronic Check,101.1,6039.9,Yes
1468-Defnc,Male,1,Yes,Yes,64,Yes,Yes,No,No Internet Service,No Internet Service,No Internet Service,No Internet Service,No Internet Service,No Internet Service,Two Year,Yes,Bank Transfer (Automatic),24.4,1548.65,No
5119-Kepfy,Male,0,Yes,No,36,Yes,Yes,Fiber Optic,No,No,No,No,Yes,Yes,Month-To-Month,Yes,Bank Transfer (Automatic),95.0,3440.25,No
8364-Trmmk,Female,0,No,No,3,Yes,Yes,Dsl,No,No,No,No,No,No,Month-To-Month,Yes,Mailed Check,50.65,151.3,Yes
0916-Knfaj,Male,0,Yes,No,61,Yes,Yes,Dsl,Yes,No,Yes,No,No,Yes,Two Year,Yes,Mailed Check,69.9,4226.7,No
8319-Qbehw,Male,0,No,Yes,26,No,No Phone Service,Dsl,No,Yes,No,No,Yes,No,One Year,Yes,Bank Transfer (Automatic),39.95,1023.75,No
3063-Qfszl,Female,0,No,No,1,Yes,No,Dsl,No,No,No,No,No,Yes,Month-To-Month,Yes,Electronic Check,55.4,55.4,Yes
8775-Lhdjh,Female,1,Yes,No,1,Yes,Yes,Fiber Optic,No,Yes,No,No,Yes,No,Month-To-Month,Yes,Electronic Check,90.6,90.6,Yes
9625-Qnlux,Male,0,Yes,Yes,68,Yes,No,Fiber Optic,Yes,Yes,Yes,No,Yes,Yes,Two Year,Yes,Credit Card (Automatic),103.25,7074.4,No
3097-Nqysn,Male,1,Yes,No,2,Yes,Yes,Fiber Optic,No,No,No,No,Yes,No,Month-To-Month,Yes,Mailed Check,86.85,156.35,Yes
4024-Csnby,Female,0,Yes,No,72,Yes,Yes,Fiber Optic,Yes,Yes,Yes,Yes,No,No,Two Year,Yes,Bank Transfer (Automatic),94.25,6849.75,No
7110-Bdtwg,Female,0,Yes,No,71,No,No Phone Service,Dsl,No,No,Yes,Yes,No,Yes,Two Year,Yes,Electronic Check,47.05,3263.6,No
7493-Gvfio,Male,0,No,No,57,Yes,No,No,No Internet Service,No Internet Service,No Internet Service,No Internet Service,No Internet Service,No Internet Service,Two Year,No,Credit Card (Automatic),20.55,1252.85,No
0690-Srqid,Male,0,No,No,4,Yes,No,No,No Internet Service,No Internet Service,No Internet Service,No Internet Service,No Internet Service,No Internet Service,Month-To-Month,Yes,Mailed Check,19.65,67.55,No
9605-Wgjvw,Female,1,No,No,1,Yes,No,Fiber Optic,No,No,No,No,No,No,Month-To-Month,Yes,Electronic Check,70.2,70.2,No
9114-Dpsia,Male,0,Yes,Yes,72,Yes,Yes,Dsl,Yes,Yes,Yes,Yes,No,Yes,Two Year,No,Credit Card (Automatic),81.0,5750,No
4700-Ubqmv,Male,0,Yes,Yes,21,Yes,Yes,Dsl,Yes,No,No,No,Yes,Yes,One Year,Yes,Bank Transfer (Automatic),75.9,1549.75,No
7711-Gqbzc,Female,0,Yes,Yes,71,Yes,Yes,No,No Internet Service,No Internet Service,No Internet Service,No Internet Service,No Internet Service,No Internet Service,Two Year,No,Bank Transfer (Automatic),24.7,1810.55,No
3565-Unocc,Female,1,Yes,No,29,Yes,Yes,Fiber Optic,No,No,Yes,No,Yes,Yes,Month-To-Month,Yes,Bank Transfer (Automatic),99.05,2952.85,Yes
4627-Mihjh,Female,1,No,No,69,Yes,Yes,Fiber Optic,Yes,No,Yes,Yes,Yes,Yes,Two Year,No,Credit Card (Automatic),110.25,7467.55,No
9795-Nrexc,Female,0,Yes,No,64,Yes,Yes,Dsl,Yes,No,Yes,Yes,Yes,Yes,Two Year,Yes,Credit Card (Automatic),85.0,5484.4,No
8573-Cgocc,Male,0,No,No,16,Yes,No,No,No Internet Service,No Internet Service,No Internet Service,No Internet Service,No Internet Service,No Internet Service,Month-To-Month,No,Credit Card (Automatic),19.75,294.9,No
7356-Aynjp,Female,0,No,No,4,Yes,Yes,No,No Internet Service,No Internet Service,No Internet Service,No Internet Service,No Internet Service,No Internet Service,One Year,No,Electronic Check,23.9,97.5,No
9249-Fxsck,Female,0,No,No,52,Yes,Yes,Fiber Optic,Yes,Yes,No,Yes,Yes,Yes,One Year,Yes,Credit Card (Automatic),111.25,5916.45,Yes
5493-Sdrdq,Male,0,No,No,2,Yes,No,Dsl,Yes,No,Yes,No,No,No,Month-To-Month,Yes,Mailed Check,55.1,113.35,Yes
6286-Suuwt,Male,0,No,No,1,Yes,No,No,No Internet Service,No Internet Service,No Internet Service,No Internet Service,No Internet Service,No Internet Service,Month-To-Month,No,Mailed Check,19.95,19.95,No
4819-Hjpiw,Male,0,No,No,18,No,No Phone Service,Dsl,No,No,No,No,No,No,Month-To-Month,No,Mailed Check,25.15,476.8,No
8654-Dhaow,Female,0,No,No,2,Yes,Yes,Dsl,No,Yes,No,No,No,No,Month-To-Month,No,Mailed Check,54.15,101.65,No
5438-Qmddl,Female,0,Yes,No,19,Yes,No,Dsl,No,Yes,No,No,No,Yes,Month-To-Month,Yes,Mailed Check,59.8,1130.85,No
9812-Ghvri,Female,0,No,No,40,Yes,Yes,Fiber Optic,No,No,No,No,No,Yes,Month-To-Month,No,Bank Transfer (Automatic),83.85,3532.25,No
5553-Aoinx,Female,1,Yes,Yes,66,Yes,Yes,Fiber Optic,No,Yes,Yes,No,Yes,Yes,One Year,Yes,Electronic Check,104.9,6891.45,No
1228-Zlnbx,Male,0,No,No,21,Yes,Yes,Fiber Optic,No,No,No,No,No,No,Month-To-Month,No,Mailed Check,75.3,1570.7,No
4226-Kkdon,Male,0,No,No,8,Yes,No,Dsl,No,Yes,No,Yes,Yes,No,Month-To-Month,Yes,Electronic Check,66.65,520.95,No
3831-Ycpuo,Female,0,Yes,Yes,72,Yes,No,Fiber Optic,Yes,Yes,Yes,Yes,Yes,Yes,Two Year,Yes,Credit Card (Automatic),109.5,7854.9,No
7445-Wmrbw,Female,0,No,No,48,Yes,Yes,Dsl,No,Yes,Yes,Yes,Yes,No,One Year,Yes,Bank Transfer (Automatic),73.85,3581.4,No
3308-Dghkl,Male,0,No,No,69,Yes,No,No,No Internet Service,No Internet Service,No Internet Service,No Internet Service,No Internet Service,No Internet Service,Two Year,Yes,Bank Transfer (Automatic),19.3,1447.9,No
9924-Jprmc,Male,0,No,No,72,Yes,Yes,Fiber Optic,Yes,Yes,Yes,Yes,Yes,Yes,Two Year,Yes,Electronic Check,118.2,8547.15,No
0080-Emyvy,Female,0,No,No,14,Yes,No,Dsl,No,Yes,No,No,No,No,One Year,No,Credit Card (Automatic),51.45,727.85,No
6218-Knubd,Male,0,No,No,6,Yes,No,Dsl,No,Yes,No,No,Yes,No,Month-To-Month,No,Electronic Check,59.45,357.6,No
7337-Cinud,Female,0,Yes,Yes,8,Yes,No,No,No Internet Service,No Internet Service,No Internet Service,No Internet Service,No Internet Service,No Internet Service,Two Year,No,Bank Transfer (Automatic),19.5,159.35,No
7609-Nrnca,Female,0,No,No,17,Yes,No,No,No Internet Service,No Internet Service,No Internet Service,No Internet Service,No Internet Service,No Internet Service,One Year,No,Mailed Check,19.55,280.85,No
0623-Ejqeg,Male,0,No,No,65,Yes,Yes,Fiber Optic,Yes,No,No,Yes,No,Yes,One Year,No,Electronic Check,93.55,6069.25,No
7153-Chrbv,Female,0,Yes,Yes,57,Yes,No,Dsl,Yes,No,Yes,Yes,No,No,One Year,Yes,Mailed Check,59.3,3274.35,No
0871-Uruwo,Male,0,Yes,No,13,Yes,Yes,Fiber Optic,No,No,Yes,No,Yes,Yes,Month-To-Month,Yes,Credit Card (Automatic),102.25,1359,Yes
9190-Mfjln,Male,1,No,No,19,Yes,No,Fiber Optic,No,No,Yes,No,Yes,Yes,Month-To-Month,Yes,Credit Card (Automatic),95.9,1777.9,Yes
6198-Pnnsz,Female,0,Yes,No,56,Yes,Yes,Fiber Optic,Yes,Yes,Yes,No,Yes,Yes,One Year,No,Bank Transfer (Automatic),109.8,6109.65,No
3317-Vlgqt,Female,0,Yes,No,14,Yes,No,Fiber Optic,No,No,No,No,No,Yes,Month-To-Month,Yes,Electronic Check,78.1,1122.4,No
4132-Poczs,Male,0,Yes,No,52,No,No Phone Service,Dsl,Yes,No,No,No,No,Yes,Month-To-Month,Yes,Electronic Check,39.9,2020.9,No
5614-Dnzce,Female,0,No,No,58,Yes,No,Dsl,Yes,Yes,Yes,Yes,No,No,Two Year,Yes,Credit Card (Automatic),64.9,3795.45,No
1095-Judtc,Female,1,No,No,47,Yes,Yes,Fiber Optic,No,Yes,No,Yes,Yes,No,Month-To-Month,Yes,Electronic Check,95.05,4504.55,Yes
3896-Rcyye,Female,0,No,No,67,No,No Phone Service,Dsl,No,No,Yes,Yes,Yes,Yes,Month-To-Month,Yes,Credit Card (Automatic),53.4,3579.15,No
9638-Jiqya,Male,0,No,No,2,No,No Phone Service,Dsl,No,No,No,No,No,No,Month-To-Month,Yes,Credit Card (Automatic),24.9,49.7,No
3258-Sanfr,Male,1,No,No,6,Yes,No,Dsl,No,No,No,No,No,No,Month-To-Month,No,Credit Card (Automatic),44.7,276.5,No
3726-Tbhqt,Male,0,Yes,Yes,71,Yes,Yes,Fiber Optic,Yes,Yes,Yes,Yes,Yes,Yes,Two Year,Yes,Bank Transfer (Automatic),114.0,8175.9,No
3190-Itqxp,Female,0,Yes,Yes,46,Yes,No,No,No Internet Service,No Internet Service,No Internet Service,No Internet Service,No Internet Service,No Internet Service,Two Year,No,Bank Transfer (Automatic),20.25,890.35,No
0870-Vemyl,Female,0,No,No,5,Yes,No,Dsl,Yes,No,No,Yes,No,No,Month-To-Month,No,Credit Card (Automatic),53.85,259.8,Yes
4833-Qtjno,Male,1,Yes,No,67,Yes,Yes,Fiber Optic,Yes,Yes,No,No,No,No,Month-To-Month,No,Bank Transfer (Automatic),83.85,5588.8,No
3039-Mjsln,Male,0,No,Yes,3,Yes,No,No,No Internet Service,No Internet Service,No Internet Service,No Internet Service,No Internet Service,No Internet Service,Month-To-Month,No,Bank Transfer (Automatic),20.2,50.6,No
0178-Ciikr,Female,0,No,No,3,Yes,No,No,No Internet Service,No Internet Service,No Internet Service,No Internet Service,No Internet Service,No Internet Service,Month-To-Month,No,Mailed Check,19.95,58,No
5385-Suiri,Male,1,Yes,No,52,Yes,Yes,Fiber Optic,Yes,No,Yes,No,Yes,Yes,Month-To-Month,Yes,Electronic Check,104.2,5568.35,Yes
3982-Xwfzq,Female,0,Yes,No,42,Yes,Yes,Dsl,No,No,No,No,No,No,Month-To-Month,Yes,Electronic Check,50.25,2203.65,Yes
5774-Qpltf,Male,0,Yes,Yes,50,Yes,No,No,No Internet Service,No Internet Service,No Internet Service,No Internet Service,No Internet Service,No Internet Service,One Year,Yes,Mailed Check,20.35,938.95,No
2322-Vczhz,Male,1,Yes,No,23,Yes,No,Fiber Optic,Yes,Yes,No,No,No,Yes,Month-To-Month,Yes,Electronic Check,90.0,2024.1,No
5010-Ipeaq,Female,0,Yes,Yes,67,No,No Phone Service,Dsl,Yes,Yes,Yes,Yes,Yes,No,Two Year,No,Credit Card (Automatic),54.2,3623.95,No
4009-Alqfh,Female,0,No,No,25,Yes,No,Fiber Optic,No,Yes,Yes,No,Yes,Yes,Month-To-Month,Yes,Electronic Check,99.5,2369.05,Yes
6383-Ztsiw,Female,1,Yes,No,39,Yes,No,Fiber Optic,Yes,Yes,No,No,Yes,Yes,One Year,No,Mailed Check,99.1,3877.95,No
8990-Yozlv,Female,0,No,No,69,Yes,Yes,Dsl,Yes,Yes,No,Yes,No,No,Two Year,Yes,Mailed Check,66.9,4577.9,No
3069-Ssvsn,Female,0,No,No,1,No,No Phone Service,Dsl,No,No,No,No,No,No,One Year,No,Mailed Check,25.85,25.85,No
5222-Imukt,Male,0,No,No,32,Yes,No,Fiber Optic,No,No,No,No,Yes,Yes,Month-To-Month,No,Electronic Check,91.05,2871.5,No
3627-Fcrdw,Female,0,No,No,9,Yes,No,Fiber Optic,No,No,No,No,No,No,Month-To-Month,No,Electronic Check,71.0,672.55,Yes
7562-Gsuhk,Female,0,No,No,16,Yes,No,Fiber Optic,No,Yes,Yes,No,No,Yes,Month-To-Month,Yes,Credit Card (Automatic),93.2,1573.7,Yes
6685-Xshhu,Male,0,Yes,Yes,60,Yes,No,No,No Internet Service,No Internet Service,No Internet Service,No Internet Service,No Internet Service,No Internet Service,Two Year,Yes,Bank Transfer (Automatic),20.95,1270.55,No
8901-Uprhr,Female,0,Yes,Yes,72,Yes,Yes,Fiber Optic,No,Yes,Yes,Yes,Yes,Yes,Two Year,Yes,Bank Transfer (Automatic),109.2,7711.45,No
4903-Uyavb,Male,0,Yes,No,5,Yes,No,No,No Internet Service,No Internet Service,No Internet Service,No Internet Service,No Internet Service,No Internet Service,Month-To-Month,No,Mailed Check,19.35,126.05,Yes
0118-Jpnoy,Female,1,No,No,26,Yes,No,Fiber Optic,Yes,No,No,No,Yes,No,Month-To-Month,Yes,Credit Card (Automatic),85.8,2193.65,No
6776-Tlwoi,Male,0,No,No,3,Yes,No,No,No Internet Service,No Internet Service,No Internet Service,No Internet Service,No Internet Service,No Internet Service,Month-To-Month,No,Mailed Check,19.85,64.55,Yes
3845-Fxcys,Male,0,No,No,2,Yes,No,No,No Internet Service,No Internet Service,No Internet Service,No Internet Service,No Internet Service,No Internet Service,Month-To-Month,Yes,Electronic Check,19.65,31.2,No
5857-Xrecv,Female,0,No,Yes,2,Yes,No,No,No Internet Service,No Internet Service,No Internet Service,No Internet Service,No Internet Service,No Internet Service,One Year,No,Bank Transfer (Automatic),20.5,38.25,No
0725-Cxotm,Female,0,No,No,36,Yes,Yes,Dsl,Yes,No,Yes,Yes,Yes,Yes,One Year,Yes,Credit Card (Automatic),89.65,3348.1,No
4343-Ejvqb,Male,0,No,No,7,Yes,No,Fiber Optic,Yes,No,No,No,No,No,Month-To-Month,No,Mailed Check,74.35,533.6,No
9000-Plfuz,Female,1,Yes,No,60,No,No Phone Service,Dsl,No,Yes,No,No,Yes,Yes,Two Year,Yes,Credit Card (Automatic),49.45,2907.55,No
3427-Ggzzi,Female,0,Yes,No,19,Yes,Yes,Fiber Optic,No,Yes,No,No,No,Yes,Month-To-Month,Yes,Electronic Check,89.1,1620.8,No
7779-Orael,Male,1,Yes,No,45,Yes,Yes,Dsl,Yes,No,Yes,Yes,No,Yes,Two Year,No,Credit Card (Automatic),75.15,3480.35,No
0644-Oqmdk,Male,1,No,No,4,Yes,No,Fiber Optic,No,No,No,No,No,No,Month-To-Month,Yes,Electronic Check,70.65,293.85,No
4077-Cromm,Female,0,Yes,Yes,31,Yes,Yes,Fiber Optic,No,No,Yes,Yes,Yes,Yes,Month-To-Month,Yes,Electronic Check,104.2,3243.45,Yes
3154-Cfszg,Male,0,Yes,Yes,47,Yes,No,Fiber Optic,Yes,No,Yes,No,No,Yes,Month-To-Month,No,Electronic Check,90.05,4137.2,No
2868-Mzagq,Male,0,No,No,1,Yes,No,Fiber Optic,No,No,No,No,No,Yes,Month-To-Month,Yes,Electronic Check,79.25,79.25,Yes
4847-Qnoka,Female,0,No,No,1,Yes,No,Dsl,No,No,No,No,No,No,Month-To-Month,Yes,Bank Transfer (Automatic),44.9,44.9,Yes
2220-Iahls,Female,0,No,No,1,Yes,No,No,No Internet Service,No Internet Service,No Internet Service,No Internet Service,No Internet Service,No Internet Service,Month-To-Month,No,Credit Card (Automatic),19.4,19.4,No
1658-Xuhbx,Female,1,Yes,Yes,59,Yes,Yes,Fiber Optic,No,No,Yes,No,No,Yes,Month-To-Month,Yes,Credit Card (Automatic),88.75,5348.65,No
6379-Rxjrq,Male,0,Yes,No,10,Yes,No,Fiber Optic,No,No,No,No,No,No,Month-To-Month,Yes,Electronic Check,70.1,659.65,Yes
2378-Htwfw,Male,1,No,No,35,Yes,Yes,Fiber Optic,Yes,No,No,No,No,Yes,Month-To-Month,No,Credit Card (Automatic),91.0,3180.5,No
8650-Rhrke,Male,0,No,No,4,No,No Phone Service,Dsl,No,No,Yes,No,No,No,Month-To-Month,Yes,Electronic Check,29.65,118.5,Yes
4377-Vdhyi,Male,0,Yes,Yes,32,Yes,No,Fiber Optic,Yes,Yes,No,No,No,Yes,One Year,Yes,Electronic Check,90.8,3023.85,No
0475-Rijep,Male,0,No,No,43,Yes,Yes,Fiber Optic,No,Yes,No,No,No,No,Month-To-Month,Yes,Electronic Check,77.85,3365.85,Yes
1260-Ttrxi,Male,0,No,No,4,Yes,No,Dsl,No,No,No,No,No,Yes,Month-To-Month,No,Electronic Check,54.3,195.3,Yes
3719-Tdvqb,Female,1,Yes,No,54,Yes,No,No,No Internet Service,No Internet Service,No Internet Service,No Internet Service,No Internet Service,No Internet Service,Two Year,Yes,Mailed Check,18.95,1031.1,No
6328-Zpbgn,Female,1,No,No,11,Yes,Yes,Fiber Optic,No,No,No,No,Yes,Yes,Month-To-Month,Yes,Bank Transfer (Automatic),95.15,997.65,Yes
0201-Mibol,Female,1,No,No,66,Yes,Yes,Fiber Optic,Yes,No,No,No,Yes,Yes,Two Year,Yes,Bank Transfer (Automatic),102.4,6471.85,No
4937-Qpzpo,Male,0,Yes,Yes,61,Yes,Yes,Fiber Optic,No,No,Yes,No,Yes,Yes,One Year,Yes,Electronic Check,99.9,6241.35,No
2925-Vdzhy,Male,0,Yes,Yes,72,Yes,Yes,Dsl,Yes,Yes,Yes,Yes,Yes,Yes,Two Year,No,Credit Card (Automatic),88.7,6501.35,No
6981-Tdrft,Male,0,Yes,Yes,44,No,No Phone Service,Dsl,No,No,Yes,Yes,Yes,Yes,One Year,Yes,Electronic Check,54.3,2317.1,No
3413-Cssth,Male,0,No,No,41,Yes,Yes,Dsl,No,No,Yes,No,No,No,Month-To-Month,Yes,Bank Transfer (Automatic),55.7,2237.55,No
8033-Vczgh,Male,0,Yes,No,50,Yes,Yes,Fiber Optic,Yes,No,Yes,No,Yes,Yes,One Year,Yes,Electronic Check,103.95,5231.3,No
4789-Kwmxn,Male,0,Yes,No,47,Yes,Yes,Fiber Optic,Yes,No,Yes,Yes,Yes,Yes,One Year,Yes,Credit Card (Automatic),110.85,5275.8,Yes
0224-Nijlp,Male,0,Yes,Yes,8,Yes,No,No,No Internet Service,No Internet Service,No Internet Service,No Internet Service,No Internet Service,No Internet Service,Two Year,No,Mailed Check,20.15,165.5,No
7542-Cyddm,Male,0,No,No,18,Yes,No,No,No Internet Service,No Internet Service,No Internet Service,No Internet Service,No Internet Service,No Internet Service,Month-To-Month,No,Mailed Check,20.05,358.5,No
4718-Wxbgi,Male,0,Yes,Yes,72,Yes,Yes,Dsl,Yes,Yes,Yes,Yes,Yes,Yes,Two Year,Yes,Credit Card (Automatic),91.95,6614.9,No
2867-Uimss,Male,0,No,No,1,Yes,No,Fiber Optic,No,No,No,No,No,Yes,Month-To-Month,No,Electronic Check,80.5,80.5,Yes
8495-Prwfh,Female,1,No,No,42,Yes,Yes,Dsl,No,No,Yes,No,No,No,Month-To-Month,No,Electronic Check,55.65,2421.75,No
0439-Ifyun,Female,1,No,No,18,Yes,No,Fiber Optic,No,Yes,No,No,No,No,Month-To-Month,Yes,Electronic Check,74.7,1294.6,No
5716-Libjc,Female,0,No,Yes,13,Yes,Yes,Fiber Optic,No,Yes,Yes,No,Yes,Yes,One Year,Yes,Credit Card (Automatic),104.15,1299.1,No
2868-Llskm,Female,0,Yes,Yes,68,Yes,Yes,Fiber Optic,No,Yes,No,Yes,No,No,One Year,Yes,Bank Transfer (Automatic),83.65,5733.4,No
8111-Rkspx,Male,0,No,No,4,Yes,Yes,Fiber Optic,No,No,No,No,No,No,Month-To-Month,Yes,Bank Transfer (Automatic),72.2,305.55,Yes
2988-Qrajy,Male,0,No,No,69,Yes,Yes,Fiber Optic,Yes,Yes,Yes,No,Yes,Yes,Two Year,Yes,Credit Card (Automatic),110.05,7430.75,No
1585-Mqssu,Male,0,No,No,17,Yes,No,Dsl,No,No,No,Yes,No,No,Month-To-Month,No,Mailed Check,51.5,900.5,Yes
0071-Ndafp,Male,0,Yes,Yes,25,Yes,Yes,No,No Internet Service,No Internet Service,No Internet Service,No Internet Service,No Internet Service,No Internet Service,Two Year,No,Credit Card (Automatic),25.5,630.6,No
2856-Nnasm,Male,1,No,No,43,Yes,No,Fiber Optic,No,No,No,No,Yes,Yes,Month-To-Month,Yes,Mailed Check,89.55,3856.75,Yes
7328-Zjajo,Female,0,Yes,Yes,59,Yes,No,No,No Internet Service,No Internet Service,No Internet Service,No Internet Service,No Internet Service,No Internet Service,Two Year,No,Credit Card (Automatic),19.5,1222.65,No
6458-Cyidz,Female,1,No,No,5,Yes,No,Fiber Optic,Yes,Yes,No,No,No,No,Month-To-Month,No,Electronic Check,80.7,374.8,No
8559-Cizfv,Male,0,Yes,Yes,21,Yes,Yes,Dsl,Yes,Yes,No,Yes,Yes,No,One Year,No,Mailed Check,77.5,1625,Yes
1090-Pykci,Female,0,Yes,Yes,69,Yes,Yes,Fiber Optic,Yes,Yes,Yes,Yes,Yes,No,One Year,Yes,Credit Card (Automatic),105.1,7234.8,No
3058-Wqdre,Male,0,No,No,13,No,No Phone Service,Dsl,No,No,No,No,No,No,Month-To-Month,Yes,Bank Transfer (Automatic),25.15,331.85,No
7547-Eknfs,Male,0,Yes,No,42,Yes,Yes,Fiber Optic,No,Yes,Yes,No,Yes,No,Month-To-Month,Yes,Bank Transfer (Automatic),95.25,3959.35,Yes
2279-Axjjk,Male,0,Yes,No,52,Yes,Yes,Fiber Optic,No,Yes,No,Yes,No,Yes,Month-To-Month,Yes,Credit Card (Automatic),95.65,5088.4,No
6769-Dybqn,Male,1,No,No,46,Yes,No,Fiber Optic,Yes,No,No,No,No,Yes,Month-To-Month,No,Electronic Check,85.0,3969.4,Yes
0909-Selie,Male,0,Yes,No,61,Yes,Yes,Dsl,Yes,Yes,Yes,Yes,No,Yes,Two Year,Yes,Bank Transfer (Automatic),80.8,4860.85,No
3417-Tscic,Male,0,No,No,29,No,No Phone Service,Dsl,No,No,No,No,No,No,One Year,Yes,Mailed Check,24.85,788.05,No
1042-Hfucw,Female,0,No,Yes,25,Yes,No,Dsl,No,Yes,No,Yes,No,No,One Year,Yes,Credit Card (Automatic),54.75,1266.35,No
4439-Jmpmt,Female,0,Yes,Yes,5,Yes,No,Fiber Optic,No,No,No,Yes,Yes,No,Month-To-Month,Yes,Electronic Check,85.75,470.95,Yes
6537-Otkmy,Male,0,No,No,15,No,No Phone Service,Dsl,No,No,Yes,No,Yes,Yes,One Year,No,Electronic Check,50.75,688.2,No
8999-Exmno,Female,0,Yes,Yes,19,Yes,No,No,No Internet Service,No Internet Service,No Internet Service,No Internet Service,No Internet Service,No Internet Service,Two Year,No,Mailed Check,20.15,387.7,No
6725-Tpkjo,Male,0,No,No,44,Yes,No,No,No Internet Service,No Internet Service,No Internet Service,No Internet Service,No Internet Service,No Internet Service,Two Year,No,Mailed Check,20.05,845.25,No
2446-Beggb,Female,1,No,No,6,Yes,Yes,Fiber Optic,No,Yes,No,No,Yes,Yes,Month-To-Month,Yes,Electronic Check,98.25,560.6,Yes
7162-Wphpm,Male,0,Yes,Yes,58,Yes,Yes,Dsl,Yes,Yes,Yes,Yes,No,No,Two Year,No,Credit Card (Automatic),71.6,4230.25,No
1599-Mmyrq,Male,0,Yes,Yes,62,Yes,No,Fiber Optic,Yes,Yes,No,No,No,No,One Year,Yes,Credit Card (Automatic),81.45,4983.05,No
8821-Kvzkq,Female,0,Yes,Yes,70,No,No Phone Service,Dsl,No,Yes,Yes,Yes,Yes,Yes,One Year,Yes,Bank Transfer (Automatic),58.4,4113.15,No
1496-Ggsuk,Female,1,No,No,1,No,No Phone Service,Dsl,No,No,No,No,No,No,Month-To-Month,Yes,Mailed Check,25.7,25.7,Yes
6434-Ttgjp,Male,0,Yes,Yes,10,No,No Phone Service,Dsl,Yes,Yes,Yes,Yes,No,Yes,Two Year,No,Credit Card (Automatic),53.7,521,No
0042-Jvwoj,Male,0,No,No,26,Yes,No,No,No Internet Service,No Internet Service,No Internet Service,No Internet Service,No Internet Service,No Internet Service,One Year,Yes,Bank Transfer (Automatic),19.6,471.85,No
0130-Sxoun,Male,0,No,No,66,Yes,Yes,Fiber Optic,No,Yes,No,No,No,Yes,Month-To-Month,No,Credit Card (Automatic),89.4,5976.9,No
2575-Gfsoe,Female,0,Yes,Yes,7,Yes,No,Fiber Optic,No,No,No,No,No,No,Month-To-Month,Yes,Electronic Check,69.0,506.9,Yes
2330-Pqgdq,Male,0,Yes,Yes,51,Yes,Yes,Fiber Optic,No,Yes,No,Yes,No,No,One Year,No,Bank Transfer (Automatic),84.2,4299.75,No
1452-Uzosf,Male,0,Yes,Yes,72,Yes,Yes,Fiber Optic,Yes,Yes,Yes,Yes,Yes,No,Two Year,Yes,Credit Card (Automatic),106.1,7548.6,No
2097-Yvpkn,Male,0,No,No,65,Yes,Yes,No,No Internet Service,No Internet Service,No Internet Service,No Internet Service,No Internet Service,No Internet Service,Two Year,No,Mailed Check,25.75,1654.75,No
2842-Jtccu,Male,0,No,No,2,Yes,No,Dsl,No,No,No,No,No,No,Month-To-Month,No,Bank Transfer (Automatic),46.05,80.35,Yes
8597-Ctxvj,Male,0,No,Yes,70,Yes,Yes,Dsl,Yes,Yes,No,Yes,No,No,One Year,No,Bank Transfer (Automatic),64.95,4551.5,No
6631-Hmanx,Male,0,Yes,No,72,Yes,Yes,Dsl,No,Yes,Yes,Yes,Yes,Yes,Two Year,Yes,Credit Card (Automatic),85.45,6227.5,No
9962-Bfpdu,Female,0,Yes,Yes,1,Yes,No,No,No Internet Service,No Internet Service,No Internet Service,No Internet Service,No Internet Service,No Internet Service,Month-To-Month,No,Mailed Check,20.05,20.05,No
3296-Silra,Female,1,Yes,No,1,Yes,No,Fiber Optic,No,Yes,No,No,No,No,Month-To-Month,Yes,Mailed Check,76.4,76.4,Yes
9681-Oxgvc,Female,0,No,No,5,Yes,Yes,Fiber Optic,No,No,Yes,No,Yes,Yes,Month-To-Month,Yes,Electronic Check,100.5,514,Yes
6394-Hhhzm,Male,0,No,No,3,Yes,No,No,No Internet Service,No Internet Service,No Internet Service,No Internet Service,No Internet Service,No Internet Service,Month-To-Month,No,Mailed Check,20.7,57.5,No
5995-Lftle,Male,0,No,No,58,Yes,Yes,No,No Internet Service,No Internet Service,No Internet Service,No Internet Service,No Internet Service,No Internet Service,Two Year,Yes,Credit Card (Automatic),25.3,1474.35,No
5180-Uciiq,Male,1,Yes,Yes,22,No,No Phone Service,Dsl,Yes,No,No,No,No,Yes,Month-To-Month,No,Mailed Check,40.05,880.2,Yes
1932-Uedcx,Male,1,Yes,No,33,Yes,Yes,Fiber Optic,No,Yes,No,No,Yes,Yes,Month-To-Month,Yes,Bank Transfer (Automatic),100.6,3270.25,No
7153-Oanio,Male,0,No,No,1,Yes,No,Fiber Optic,No,No,No,No,No,No,Month-To-Month,No,Electronic Check,69.95,69.95,Yes
5188-Hgmlp,Male,1,Yes,No,54,Yes,Yes,Fiber Optic,No,No,No,No,No,No,Month-To-Month,No,Bank Transfer (Automatic),74.0,3919.15,No
0665-Xhdju,Male,0,Yes,No,72,Yes,Yes,Fiber Optic,No,Yes,No,No,Yes,Yes,Two Year,Yes,Electronic Check,99.4,7285.7,No
6521-Yytyi,Male,0,No,Yes,1,Yes,Yes,Fiber Optic,No,No,No,No,Yes,Yes,Month-To-Month,Yes,Electronic Check,93.3,93.3,Yes
8878-Hmwbv,Male,0,No,No,3,Yes,No,Dsl,No,No,Yes,No,No,No,Month-To-Month,Yes,Electronic Check,49.15,169.05,Yes
8265-Hksow,Female,0,Yes,Yes,72,Yes,Yes,Fiber Optic,Yes,Yes,Yes,Yes,No,Yes,Two Year,No,Credit Card (Automatic),107.45,7658.3,No
3544-Fbcas,Female,0,Yes,Yes,72,Yes,Yes,Dsl,Yes,Yes,Yes,No,Yes,Yes,Two Year,Yes,Credit Card (Automatic),83.6,5959.3,No
5331-Rgmtt,Male,1,Yes,No,54,Yes,Yes,Fiber Optic,No,No,Yes,No,Yes,Yes,Month-To-Month,Yes,Credit Card (Automatic),99.05,5295.7,No
4759-Pxtan,Female,0,Yes,No,59,Yes,Yes,Dsl,No,Yes,No,Yes,Yes,Yes,One Year,Yes,Electronic Check,80.1,4693.2,No
7054-Dmvas,Male,0,No,No,54,Yes,No,Dsl,Yes,Yes,No,No,Yes,No,Two Year,Yes,Bank Transfer (Automatic),65.3,3512.9,No
3428-Mmgub,Male,0,No,No,60,Yes,Yes,Fiber Optic,No,No,Yes,No,Yes,No,Two Year,Yes,Electronic Check,89.55,5231.2,No
6549-Btypg,Female,0,Yes,No,60,No,No Phone Service,Dsl,No,Yes,Yes,Yes,Yes,Yes,Two Year,No,Credit Card (Automatic),60.8,3603.45,No
7823-Jsoag,Male,0,No,No,3,Yes,Yes,Fiber Optic,No,No,No,No,No,No,Month-To-Month,No,Electronic Check,74.5,217.45,No
3705-Rhrfr,Female,0,Yes,No,69,Yes,Yes,Fiber Optic,Yes,No,No,No,Yes,Yes,Two Year,No,Bank Transfer (Automatic),99.15,6875.35,No
9374-Yolbj,Female,0,Yes,Yes,1,Yes,No,No,No Internet Service,No Internet Service,No Internet Service,No Internet Service,No Internet Service,No Internet Service,Month-To-Month,No,Electronic Check,19.25,19.25,No
9074-Kgvox,Male,0,Yes,Yes,50,No,No Phone Service,Dsl,Yes,No,No,No,Yes,No,Month-To-Month,Yes,Credit Card (Automatic),39.45,2021.35,No
6128-Dafvy,Female,0,No,No,56,No,No Phone Service,Dsl,No,No,No,No,Yes,Yes,Month-To-Month,Yes,Credit Card (Automatic),44.85,2564.95,No
9933-Qrgtx,Female,0,Yes,No,60,Yes,No,Fiber Optic,Yes,No,No,Yes,Yes,Yes,Two Year,Yes,Electronic Check,97.2,5611.75,No
4476-Oswtn,Male,1,Yes,No,69,Yes,Yes,Fiber Optic,Yes,No,Yes,Yes,Yes,Yes,One Year,Yes,Mailed Check,110.55,7610.1,No
3751-Ktzel,Female,0,No,No,1,No,No Phone Service,Dsl,No,No,No,No,No,Yes,Month-To-Month,No,Mailed Check,35.05,35.05,Yes
1977-Stdki,Female,1,No,No,1,Yes,No,Fiber Optic,No,Yes,No,No,No,No,Month-To-Month,Yes,Electronic Check,73.0,73,Yes
5066-Gfjmm,Female,0,Yes,No,3,Yes,No,No,No Internet Service,No Internet Service,No Internet Service,No Internet Service,No Internet Service,No Internet Service,Month-To-Month,Yes,Mailed Check,19.9,45.75,No
2661-Gkbtk,Male,0,Yes,Yes,60,Yes,No,Dsl,No,Yes,No,Yes,Yes,Yes,Two Year,No,Bank Transfer (Automatic),76.95,4543.95,No
0458-Heuzg,Female,0,No,No,13,No,No Phone Service,Dsl,No,No,Yes,Yes,No,No,Two Year,No,Mailed Check,35.4,450.4,No
7268-Wntcp,Male,0,Yes,Yes,62,Yes,No,No,No Internet Service,No Internet Service,No Internet Service,No Internet Service,No Internet Service,No Internet Service,Two Year,No,Bank Transfer (Automatic),20.45,1297.35,No
0824-Vwdpo,Female,0,No,No,45,Yes,Yes,Fiber Optic,Yes,Yes,No,No,No,Yes,One Year,No,Bank Transfer (Automatic),96.75,4442.75,No
8409-Wqjux,Female,0,No,No,25,No,No Phone Service,Dsl,No,No,Yes,Yes,Yes,Yes,One Year,No,Electronic Check,54.2,1423.15,No
2578-Jqphz,Male,0,No,No,44,Yes,No,Fiber Optic,No,No,Yes,Yes,Yes,Yes,Two Year,No,Bank Transfer (Automatic),100.1,4378.35,No
3278-Fsixx,Female,0,No,No,2,Yes,No,Dsl,No,No,No,No,No,No,Month-To-Month,Yes,Mailed Check,45.25,74.2,No
5813-Uecbu,Male,1,No,No,33,Yes,Yes,Fiber Optic,No,Yes,Yes,No,No,No,Month-To-Month,Yes,Credit Card (Automatic),83.85,2716.3,Yes
0328-Grpmv,Female,0,No,No,1,Yes,No,Fiber Optic,No,No,No,No,No,No,Month-To-Month,Yes,Electronic Check,70.1,70.1,Yes
9746-Ugfac,Female,0,No,No,22,Yes,No,No,No Internet Service,No Internet Service,No Internet Service,No Internet Service,No Internet Service,No Internet Service,One Year,No,Bank Transfer (Automatic),20.85,450.65,No
2946-Kiqsp,Female,0,No,No,35,No,No Phone Service,Dsl,No,No,Yes,Yes,No,No,Month-To-Month,Yes,Mailed Check,33.45,1175.85,No
0625-Afohs,Female,0,Yes,Yes,29,Yes,No,No,No Internet Service,No Internet Service,No Internet Service,No Internet Service,No Internet Service,No Internet Service,Two Year,No,Mailed Check,20.2,558.8,No
6726-Wexxk,Male,1,Yes,No,27,Yes,Yes,Fiber Optic,Yes,No,Yes,No,No,No,One Year,Yes,Electronic Check,85.9,2220.1,No
4636-Olwoe,Male,0,No,Yes,54,Yes,No,Dsl,No,Yes,Yes,Yes,No,No,One Year,Yes,Electronic Check,61.0,3283.05,No
4342-Hentk,Female,1,No,No,2,Yes,No,Fiber Optic,No,No,No,No,No,No,Month-To-Month,Yes,Electronic Check,70.65,142.35,Yes
4685-Erghk,Male,0,No,No,57,Yes,Yes,Fiber Optic,No,No,No,No,Yes,No,One Year,Yes,Electronic Check,86.9,4939.25,No
0885-Hmgpy,Male,0,No,No,62,Yes,Yes,Dsl,Yes,Yes,Yes,Yes,No,No,Two Year,No,Bank Transfer (Automatic),69.4,4237.5,No
5003-Oknnk,Female,0,Yes,Yes,15,Yes,No,No,No Internet Service,No Internet Service,No Internet Service,No Internet Service,No Internet Service,No Internet Service,One Year,No,Credit Card (Automatic),20.35,335.95,No
4195-Smmnx,Male,0,No,No,2,Yes,No,No,No Internet Service,No Internet Service,No Internet Service,No Internet Service,No Internet Service,No Internet Service,Month-To-Month,No,Mailed Check,20.35,33.2,Yes
7208-Psihr,Female,0,Yes,No,70,Yes,Yes,Fiber Optic,No,No,Yes,Yes,Yes,Yes,Two Year,Yes,Bank Transfer (Automatic),104.3,7188.5,No
4012-Zthbr,Female,0,Yes,Yes,21,Yes,No,Dsl,No,No,No,No,No,No,Month-To-Month,Yes,Electronic Check,44.95,926.25,No
0489-Wmemg,Female,0,No,Yes,23,Yes,No,Dsl,No,No,No,Yes,No,No,One Year,Yes,Electronic Check,49.45,1119.35,No
7435-Znuyy,Male,0,No,No,6,Yes,No,No,No Internet Service,No Internet Service,No Internet Service,No Internet Service,No Internet Service,No Internet Service,One Year,No,Mailed Check,20.6,116.6,No
1354-Yzfnb,Male,0,Yes,Yes,4,Yes,No,No,No Internet Service,No Internet Service,No Internet Service,No Internet Service,No Internet Service,No Internet Service,Two Year,No,Credit Card (Automatic),19.55,68.8,No
6956-Smucm,Female,0,No,No,3,Yes,No,Fiber Optic,Yes,No,Yes,No,Yes,Yes,Month-To-Month,Yes,Credit Card (Automatic),99.0,287.4,Yes
2985-Fmwyf,Female,0,No,No,23,Yes,Yes,Fiber Optic,No,No,No,No,Yes,Yes,Month-To-Month,Yes,Electronic Check,93.5,2341.55,No
2812-Enymo,Male,0,No,No,26,No,No Phone Service,Dsl,Yes,No,No,Yes,Yes,Yes,One Year,No,Credit Card (Automatic),54.55,1362.85,No
2717-Hvizy,Female,0,No,Yes,8,Yes,No,No,No Internet Service,No Internet Service,No Internet Service,No Internet Service,No Internet Service,No Internet Service,Month-To-Month,No,Mailed Check,20.05,163.6,No
3223-Wzwjm,Male,0,No,No,26,Yes,Yes,Fiber Optic,No,No,No,No,No,Yes,Month-To-Month,Yes,Electronic Check,83.95,2254.2,Yes
3422-Galyp,Male,0,No,No,2,Yes,Yes,Fiber Optic,No,Yes,No,No,No,No,Month-To-Month,Yes,Electronic Check,79.45,145.15,No
9053-Jzfkv,Male,0,No,No,67,Yes,Yes,Fiber Optic,Yes,Yes,Yes,Yes,Yes,Yes,Two Year,No,Credit Card (Automatic),116.2,7752.3,Yes
2530-Endwq,Female,0,Yes,No,71,Yes,Yes,Fiber Optic,No,No,No,No,Yes,Yes,Two Year,Yes,Bank Transfer (Automatic),93.7,6585.35,Yes
2890-Wfbhu,Female,0,No,No,59,Yes,Yes,Dsl,Yes,Yes,Yes,Yes,No,Yes,One Year,No,Credit Card (Automatic),79.85,4786.1,No
0327-Wfzsy,Male,0,Yes,Yes,39,Yes,Yes,Fiber Optic,No,No,Yes,No,Yes,Yes,One Year,No,Electronic Check,100.0,3835.55,No
7977-Hxjku,Male,0,No,Yes,21,Yes,No,No,No Internet Service,No Internet Service,No Internet Service,No Internet Service,No Internet Service,No Internet Service,Two Year,No,Mailed Check,19.6,397,No
6615-Zgedr,Male,0,No,No,1,Yes,No,No,No Internet Service,No Internet Service,No Internet Service,No Internet Service,No Internet Service,No Internet Service,Month-To-Month,No,Mailed Check,19.7,19.7,Yes
7033-Clamm,Female,0,Yes,Yes,48,Yes,No,No,No Internet Service,No Internet Service,No Internet Service,No Internet Service,No Internet Service,No Internet Service,Two Year,No,Bank Transfer (Automatic),20.2,1027.25,No
4023-Rtiqm,Female,1,Yes,No,31,No,No Phone Service,Dsl,Yes,Yes,Yes,No,No,Yes,One Year,Yes,Credit Card (Automatic),50.4,1580.1,No
0864-Fvjnj,Female,0,Yes,Yes,64,Yes,Yes,Fiber Optic,Yes,Yes,Yes,Yes,Yes,Yes,One Year,No,Electronic Check,113.35,7222.75,No
7356-Iwlfw,Male,0,Yes,Yes,46,Yes,Yes,Fiber Optic,No,Yes,No,No,No,No,Month-To-Month,Yes,Bank Transfer (Automatic),80.0,3769.7,No
9541-Pwtwo,Female,0,No,No,52,Yes,Yes,Dsl,No,No,Yes,Yes,Yes,Yes,Two Year,Yes,Bank Transfer (Automatic),80.95,4233.95,No
3967-Vqogc,Female,0,Yes,Yes,67,Yes,Yes,No,No Internet Service,No Internet Service,No Internet Service,No Internet Service,No Internet Service,No Internet Service,Two Year,Yes,Mailed Check,24.9,1680.25,No
7872-Rddlz,Female,1,No,No,67,Yes,Yes,Dsl,No,Yes,No,No,No,No,Month-To-Month,No,Electronic Check,54.9,3725.5,No
9250-Wypll,Female,0,No,No,5,Yes,Yes,Fiber Optic,No,No,No,No,No,No,Month-To-Month,No,Electronic Check,75.55,413.65,Yes
6308-Cqrbu,Female,0,Yes,No,71,Yes,Yes,Fiber Optic,No,Yes,Yes,Yes,Yes,Yes,Two Year,No,Electronic Check,109.25,7707.7,No
2754-Xbhtb,Female,0,No,No,9,Yes,No,Fiber Optic,No,No,No,No,Yes,No,Month-To-Month,Yes,Bank Transfer (Automatic),77.65,714.15,Yes
1597-Lhync,Female,1,No,No,26,Yes,Yes,Fiber Optic,Yes,Yes,No,No,No,Yes,Month-To-Month,Yes,Electronic Check,95.0,2497.2,Yes
0186-Caerr,Male,0,No,No,71,Yes,Yes,Fiber Optic,Yes,Yes,Yes,Yes,Yes,Yes,One Year,Yes,Bank Transfer (Automatic),116.3,8309.55,No
3043-Sudua,Female,0,No,No,32,Yes,No,No,No Internet Service,No Internet Service,No Internet Service,No Internet Service,No Internet Service,No Internet Service,Month-To-Month,No,Bank Transfer (Automatic),19.9,601.55,No
5442-Bhqng,Female,0,No,No,2,Yes,No,Fiber Optic,No,No,No,No,No,No,Month-To-Month,No,Electronic Check,70.35,139.25,No
2169-Rrlfw,Female,0,Yes,No,71,Yes,Yes,No,No Internet Service,No Internet Service,No Internet Service,No Internet Service,No Internet Service,No Internet Service,Two Year,No,Credit Card (Automatic),25.6,1888.25,No
5872-Oeqnh,Female,0,No,No,60,No,No Phone Service,Dsl,Yes,No,Yes,No,No,Yes,One Year,Yes,Electronic Check,44.45,2773.9,No
3162-Kkzxo,Female,1,No,No,55,Yes,Yes,Fiber Optic,No,No,Yes,No,Yes,Yes,One Year,Yes,Electronic Check,100.15,5409.75,No
7055-Vkgda,Male,0,No,No,54,Yes,No,Fiber Optic,Yes,Yes,No,Yes,Yes,Yes,One Year,Yes,Credit Card (Automatic),105.4,5643.4,Yes
0754-Ukwqp,Male,0,No,No,2,Yes,No,Fiber Optic,No,No,Yes,No,Yes,Yes,Month-To-Month,Yes,Electronic Check,95.85,197.7,Yes
8873-Gldmh,Female,0,No,No,6,Yes,Yes,Fiber Optic,No,No,No,No,No,No,Month-To-Month,Yes,Mailed Check,73.85,401.3,No
5696-Jvvqy,Female,0,Yes,Yes,48,Yes,No,Dsl,Yes,Yes,Yes,No,No,Yes,Two Year,Yes,Credit Card (Automatic),70.1,3238.4,No
8946-Bfwsg,Male,0,Yes,Yes,63,Yes,Yes,No,No Internet Service,No Internet Service,No Internet Service,No Internet Service,No Internet Service,No Internet Service,Two Year,No,Mailed Check,25.25,1573.05,No
7493-Tpuwz,Male,0,No,No,1,Yes,Yes,Fiber Optic,No,Yes,No,No,No,No,Month-To-Month,Yes,Electronic Check,79.15,79.15,Yes
0547-Hurjb,Male,0,No,Yes,12,Yes,No,No,No Internet Service,No Internet Service,No Internet Service,No Internet Service,No Internet Service,No Internet Service,Month-To-Month,No,Credit Card (Automatic),21.05,235.8,No
8904-Opdck,Male,1,Yes,No,54,No,No Phone Service,Dsl,No,No,No,No,No,No,Month-To-Month,Yes,Bank Transfer (Automatic),24.95,1364.75,No
8845-Lwkge,Female,0,Yes,Yes,30,Yes,No,Dsl,No,No,Yes,Yes,Yes,No,One Year,Yes,Electronic Check,64.5,1985.15,No
1577-Hktfg,Female,0,Yes,No,30,Yes,No,No,No Internet Service,No Internet Service,No Internet Service,No Internet Service,No Internet Service,No Internet Service,Month-To-Month,No,Bank Transfer (Automatic),19.65,655.85,Yes
8752-Stivr,Female,0,No,No,4,Yes,No,Fiber Optic,No,No,No,No,Yes,No,Month-To-Month,Yes,Electronic Check,79.0,303.15,Yes
0691-Nikri,Female,0,No,No,40,Yes,Yes,Fiber Optic,No,No,Yes,Yes,Yes,Yes,One Year,Yes,Credit Card (Automatic),105.95,4335.2,No
5022-Jnqeq,Female,0,Yes,Yes,9,Yes,No,Fiber Optic,No,No,No,Yes,No,No,Month-To-Month,Yes,Electronic Check,75.85,647.5,No
4558-Fantw,Female,0,Yes,Yes,17,Yes,No,Fiber Optic,Yes,No,No,Yes,Yes,No,Month-To-Month,No,Electronic Check,91.85,1574.45,Yes
3249-Vhrip,Female,0,No,No,62,No,No Phone Service,Dsl,No,Yes,Yes,No,No,Yes,Two Year,Yes,Credit Card (Automatic),43.6,2748.7,No
3736-Blepa,Male,0,No,No,28,Yes,No,Fiber Optic,No,Yes,No,Yes,Yes,No,One Year,Yes,Bank Transfer (Automatic),91.25,2483.65,No
4701-Lkozd,Female,0,No,No,70,Yes,Yes,Dsl,Yes,Yes,Yes,Yes,Yes,Yes,Two Year,No,Credit Card (Automatic),89.75,6367.2,No
6603-Qwspr,Female,0,No,No,46,Yes,No,Fiber Optic,No,Yes,Yes,Yes,Yes,Yes,Two Year,Yes,Bank Transfer (Automatic),104.4,4904.2,No
9921-Qfqul,Female,0,Yes,No,23,Yes,Yes,Fiber Optic,No,No,Yes,No,No,Yes,Month-To-Month,No,Mailed Check,90.15,2044.95,No
1929-Zcbhe,Male,0,Yes,Yes,47,No,No Phone Service,Dsl,Yes,No,Yes,Yes,No,No,One Year,No,Electronic Check,40.3,1794.8,No
4378-Mypgo,Male,0,Yes,Yes,68,Yes,No,Fiber Optic,Yes,Yes,Yes,No,Yes,Yes,Two Year,Yes,Bank Transfer (Automatic),105.25,7173.15,No
8651-Enbzx,Female,1,No,No,60,Yes,Yes,Fiber Optic,No,No,Yes,Yes,Yes,Yes,One Year,Yes,Electronic Check,106.0,6441.4,Yes
4129-Lycoi,Female,0,No,Yes,67,Yes,Yes,Fiber Optic,No,Yes,No,Yes,Yes,Yes,Two Year,Yes,Electronic Check,104.0,7039.05,No
7798-Jvxym,Female,0,No,No,14,Yes,No,Dsl,No,No,No,Yes,Yes,Yes,Month-To-Month,Yes,Electronic Check,69.65,921.4,No
8647-Sdtwq,Male,0,Yes,Yes,57,Yes,Yes,Fiber Optic,No,No,No,No,No,No,Month-To-Month,Yes,Electronic Check,74.3,4018.35,No
2696-Ecxkc,Female,0,Yes,Yes,55,Yes,Yes,Fiber Optic,Yes,No,No,No,Yes,Yes,One Year,No,Mailed Check,100.9,5448.6,No
2081-Kjsqf,Male,0,No,No,1,Yes,No,No,No Internet Service,No Internet Service,No Internet Service,No Internet Service,No Internet Service,No Internet Service,Month-To-Month,Yes,Mailed Check,20.25,20.25,No
7623-Trnqn,Male,0,No,Yes,1,Yes,No,Dsl,No,No,No,Yes,No,No,Month-To-Month,Yes,Mailed Check,49.9,49.9,Yes
3323-Cpbwr,Male,0,No,No,23,Yes,Yes,Fiber Optic,No,No,Yes,Yes,Yes,No,Month-To-Month,Yes,Credit Card (Automatic),96.9,2085.45,No
9330-Ijwio,Female,0,No,No,13,Yes,Yes,Fiber Optic,Yes,No,No,No,Yes,Yes,Month-To-Month,Yes,Electronic Check,100.35,1358.85,Yes
3384-Ctmsf,Male,0,Yes,No,47,Yes,Yes,Fiber Optic,No,Yes,Yes,No,Yes,Yes,Month-To-Month,Yes,Electronic Check,104.1,5135.15,No
0902-Rfhof,Male,0,No,No,38,Yes,No,No,No Internet Service,No Internet Service,No Internet Service,No Internet Service,No Internet Service,No Internet Service,One Year,No,Mailed Check,20.1,730.1,No
9286-Dojgf,Female,1,Yes,No,38,Yes,Yes,Fiber Optic,No,No,No,No,No,No,Month-To-Month,Yes,Bank Transfer (Automatic),74.95,2869.85,Yes
6048-Qbxkl,Female,1,No,No,2,Yes,Yes,Dsl,No,Yes,No,No,No,No,Month-To-Month,Yes,Credit Card (Automatic),56.55,118.25,No
9661-Mhumo,Male,1,Yes,Yes,1,Yes,No,Dsl,No,No,No,Yes,No,No,Month-To-Month,Yes,Credit Card (Automatic),49.25,49.25,Yes
7718-Rxdgg,Male,0,Yes,No,15,Yes,No,Fiber Optic,No,No,No,No,No,No,Month-To-Month,Yes,Bank Transfer (Automatic),68.6,1108.6,No
1025-Falix,Female,0,No,No,26,Yes,No,Fiber Optic,No,No,No,No,No,No,Month-To-Month,Yes,Credit Card (Automatic),69.05,1815.65,No
3451-Vawli,Female,0,Yes,Yes,35,Yes,No,No,No Internet Service,No Internet Service,No Internet Service,No Internet Service,No Internet Service,No Internet Service,Two Year,No,Credit Card (Automatic),19.7,730.4,No
3407-Qgwlg,Male,0,No,Yes,3,Yes,No,No,No Internet Service,No Internet Service,No Internet Service,No Internet Service,No Internet Service,No Internet Service,Month-To-Month,Yes,Mailed Check,20.05,75.45,No
1842-Ezjmk,Male,0,Yes,Yes,50,Yes,Yes,Fiber Optic,No,Yes,No,Yes,Yes,Yes,Month-To-Month,No,Electronic Check,103.7,5071.05,Yes
2347-Wkkae,Male,0,Yes,No,42,Yes,Yes,Fiber Optic,Yes,No,Yes,No,No,Yes,Month-To-Month,Yes,Electronic Check,94.4,4014.6,No
8735-Dcxnf,Male,0,Yes,No,10,Yes,No,Dsl,Yes,No,No,Yes,No,No,Month-To-Month,Yes,Credit Card (Automatic),54.95,568.85,No
3214-Iyuuq,Female,0,Yes,No,61,Yes,No,Fiber Optic,Yes,Yes,No,Yes,No,Yes,One Year,No,Bank Transfer (Automatic),93.7,5860.7,No
1936-Uafeh,Female,0,No,No,68,Yes,Yes,Fiber Optic,Yes,Yes,No,Yes,Yes,Yes,Two Year,No,Credit Card (Automatic),110.25,7279.35,No
3587-Pmcoy,Male,0,No,No,10,Yes,No,Fiber Optic,Yes,No,Yes,No,Yes,Yes,One Year,Yes,Electronic Check,98.9,1064.95,No
8079-Xrjrs,Male,0,Yes,No,65,Yes,Yes,Fiber Optic,Yes,Yes,Yes,No,No,No,One Year,No,Electronic Check,89.75,5769.6,Yes
1027-Lkkqq,Female,0,Yes,Yes,72,Yes,No,Dsl,Yes,No,Yes,Yes,Yes,Yes,Two Year,Yes,Bank Transfer (Automatic),80.45,5886.85,No
7148-Xzpha,Male,0,Yes,Yes,55,Yes,No,Fiber Optic,No,Yes,No,Yes,No,No,Month-To-Month,No,Electronic Check,79.4,4238.45,No
8073-Ijdcm,Female,0,No,No,1,Yes,No,No,No Internet Service,No Internet Service,No Internet Service,No Internet Service,No Internet Service,No Internet Service,Month-To-Month,Yes,Mailed Check,20.3,20.3,Yes
5309-Taikl,Female,0,No,No,7,Yes,No,Dsl,No,No,Yes,Yes,No,Yes,Month-To-Month,No,Bank Transfer (Automatic),62.8,418.3,No
6856-Raurs,Female,0,No,No,2,Yes,Yes,Fiber Optic,No,No,No,No,No,No,Month-To-Month,Yes,Mailed Check,74.9,136.05,No
8778-Lmwtj,Female,0,No,No,9,Yes,No,Fiber Optic,Yes,No,No,No,No,No,Month-To-Month,Yes,Electronic Check,74.85,708.2,No
9717-Ioaaf,Male,0,No,Yes,27,Yes,Yes,No,No Internet Service,No Internet Service,No Internet Service,No Internet Service,No Internet Service,No Internet Service,Two Year,Yes,Credit Card (Automatic),25.85,788.55,No
8884-Adfvn,Male,1,Yes,No,7,Yes,Yes,Fiber Optic,No,No,Yes,No,Yes,Yes,Month-To-Month,Yes,Electronic Check,101.95,700.85,Yes
2845-Kdhvx,Female,0,Yes,No,64,Yes,No,Dsl,No,Yes,Yes,Yes,No,Yes,Two Year,Yes,Mailed Check,68.3,4378.8,No
0848-Somko,Male,0,No,No,70,No,No Phone Service,Dsl,Yes,No,Yes,Yes,No,Yes,Two Year,No,Bank Transfer (Automatic),48.4,3442.8,No
2720-Wgkhp,Male,1,No,No,2,Yes,Yes,Fiber Optic,No,No,No,No,Yes,Yes,Month-To-Month,Yes,Electronic Check,94.0,181.7,Yes
6734-Fqajx,Male,1,No,No,67,Yes,No,Fiber Optic,Yes,Yes,No,Yes,Yes,Yes,Two Year,Yes,Electronic Check,105.05,7171.7,No
2869-Adawr,Female,0,No,No,45,Yes,Yes,Fiber Optic,No,Yes,No,No,Yes,No,Month-To-Month,Yes,Credit Card (Automatic),89.3,4016.85,Yes
1535-Vtjoq,Female,0,No,No,24,Yes,Yes,No,No Internet Service,No Internet Service,No Internet Service,No Internet Service,No Internet Service,No Internet Service,Two Year,No,Credit Card (Automatic),25.15,553,No
6368-Tzzdt,Male,0,Yes,Yes,4,Yes,No,No,No Internet Service,No Internet Service,No Internet Service,No Internet Service,No Internet Service,No Internet Service,Two Year,No,Credit Card (Automatic),19.5,96.85,No
0943-Zqpxh,Male,0,Yes,Yes,44,Yes,No,Fiber Optic,No,No,Yes,No,Yes,Yes,Month-To-Month,Yes,Bank Transfer (Automatic),92.95,4122.9,No
1293-Bseun,Female,0,Yes,Yes,72,Yes,No,No,No Internet Service,No Internet Service,No Internet Service,No Internet Service,No Internet Service,No Internet Service,Two Year,Yes,Mailed Check,20.7,1482.3,No
9894-Ezewg,Female,0,No,No,1,Yes,No,Fiber Optic,No,Yes,No,No,No,No,Month-To-Month,Yes,Credit Card (Automatic),74.3,74.3,Yes
1302-Tpubn,Male,0,No,No,66,Yes,No,No,No Internet Service,No Internet Service,No Internet Service,No Internet Service,No Internet Service,No Internet Service,Two Year,No,Bank Transfer (Automatic),19.35,1240.8,No
7851-Flggq,Male,0,No,No,1,No,No Phone Service,Dsl,No,Yes,No,Yes,No,Yes,Month-To-Month,Yes,Mailed Check,44.65,44.65,Yes
0637-Ubjrp,Male,0,Yes,Yes,13,Yes,No,Fiber Optic,Yes,No,No,No,No,Yes,Month-To-Month,No,Electronic Check,84.05,1095.3,Yes
0940-Ouqec,Male,0,No,No,10,Yes,Yes,Fiber Optic,No,Yes,No,No,No,No,Month-To-Month,Yes,Bank Transfer (Automatic),80.7,788.8,Yes
2378-Vtkdh,Male,1,Yes,No,65,Yes,Yes,Fiber Optic,No,Yes,Yes,No,Yes,Yes,Month-To-Month,Yes,Electronic Check,104.35,6578.55,No
0927-Cngrh,Male,0,No,Yes,1,Yes,No,No,No Internet Service,No Internet Service,No Internet Service,No Internet Service,No Internet Service,No Internet Service,Month-To-Month,No,Mailed Check,19.55,19.55,No
8608-Oztlb,Male,0,Yes,Yes,38,Yes,No,Dsl,Yes,Yes,Yes,Yes,Yes,No,One Year,No,Electronic Check,74.05,2802.3,No
2335-Gsoda,Male,0,No,Yes,23,No,No Phone Service,Dsl,Yes,No,Yes,Yes,No,No,Two Year,No,Mailed Check,40.1,857.75,No
1952-Dvvsw,Female,0,Yes,No,10,Yes,No,No,No Internet Service,No Internet Service,No Internet Service,No Internet Service,No Internet Service,No Internet Service,One Year,No,Mailed Check,20.1,184.4,No
0702-Pgibz,Male,0,No,Yes,4,Yes,Yes,Fiber Optic,No,Yes,No,No,Yes,Yes,Month-To-Month,Yes,Electronic Check,101.7,364.55,Yes
6656-Guljq,Male,0,Yes,Yes,72,Yes,Yes,Dsl,Yes,No,Yes,Yes,Yes,Yes,Two Year,Yes,Credit Card (Automatic),83.55,6093.3,No
9853-Jfzdu,Female,0,Yes,No,35,Yes,No,Dsl,No,Yes,No,Yes,No,No,Month-To-Month,No,Electronic Check,56.85,1861.1,No
1963-Vaukv,Female,0,No,No,1,Yes,No,No,No Internet Service,No Internet Service,No Internet Service,No Internet Service,No Internet Service,No Internet Service,Month-To-Month,No,Mailed Check,20.4,20.4,Yes
3777-Xrobg,Female,0,Yes,Yes,58,Yes,No,No,No Internet Service,No Internet Service,No Internet Service,No Internet Service,No Internet Service,No Internet Service,Two Year,No,Credit Card (Automatic),19.55,1079.65,No
6994-Fgrhh,Male,0,Yes,Yes,70,Yes,No,Fiber Optic,No,Yes,Yes,Yes,Yes,Yes,One Year,Yes,Electronic Check,106.15,7475.1,No
4000-Vgmqp,Male,0,Yes,Yes,38,Yes,Yes,Dsl,No,Yes,Yes,No,Yes,Yes,One Year,No,Credit Card (Automatic),78.95,2862.55,No
3999-Wrngr,Female,0,Yes,Yes,60,No,No Phone Service,Dsl,No,Yes,No,No,Yes,Yes,Month-To-Month,Yes,Electronic Check,49.75,3069.45,No
3466-Ritxd,Male,0,No,No,26,Yes,Yes,Fiber Optic,Yes,Yes,No,No,Yes,No,Month-To-Month,Yes,Credit Card (Automatic),92.4,2349.8,No
2680-Xkknj,Female,0,No,No,8,Yes,No,Dsl,Yes,Yes,No,Yes,No,No,One Year,No,Bank Transfer (Automatic),58.2,469.25,No
3058-Hjcuy,Male,0,Yes,Yes,41,Yes,Yes,Fiber Optic,No,No,Yes,Yes,Yes,Yes,One Year,Yes,Electronic Check,102.6,4213.35,Yes
2974-Gguxs,Female,1,Yes,No,36,Yes,Yes,Fiber Optic,No,Yes,No,No,Yes,No,Month-To-Month,Yes,Credit Card (Automatic),91.95,3301.05,No
7994-Xirtr,Male,1,No,No,54,Yes,No,Dsl,No,No,Yes,Yes,No,Yes,One Year,No,Bank Transfer (Automatic),65.25,3529.95,No
3259-Fdwoy,Male,0,Yes,Yes,71,Yes,Yes,Fiber Optic,No,Yes,Yes,No,Yes,Yes,Two Year,Yes,Bank Transfer (Automatic),106.0,7723.7,Yes
2101-Rancd,Female,0,No,No,55,Yes,Yes,Fiber Optic,No,No,No,No,No,No,Month-To-Month,Yes,Electronic Check,73.1,4144.9,No
7921-Bepci,Female,0,No,No,72,Yes,Yes,Dsl,Yes,Yes,No,No,No,No,Two Year,No,Bank Transfer (Automatic),59.75,4265,No
0807-Zabdg,Female,0,No,Yes,3,Yes,No,Dsl,Yes,No,No,Yes,No,No,Month-To-Month,Yes,Mailed Check,55.1,154.65,Yes
8510-Tmwyb,Female,0,Yes,Yes,54,Yes,Yes,Dsl,No,Yes,Yes,No,No,No,Two Year,Yes,Bank Transfer (Automatic),59.8,3246.45,No
3258-Zkpai,Male,0,Yes,Yes,72,Yes,Yes,Fiber Optic,Yes,Yes,Yes,Yes,Yes,Yes,Two Year,Yes,Bank Transfer (Automatic),116.6,8337.45,No
1428-Iedpr,Male,0,No,No,52,Yes,Yes,Fiber Optic,Yes,No,Yes,Yes,Yes,Yes,Two Year,Yes,Electronic Check,109.3,5731.4,No
5298-Gstlm,Female,1,No,No,60,Yes,Yes,Fiber Optic,Yes,No,No,No,Yes,Yes,One Year,Yes,Bank Transfer (Automatic),101.4,6176.6,No
4450-Yoohp,Female,0,No,No,39,No,No Phone Service,Dsl,No,No,Yes,No,Yes,Yes,Month-To-Month,Yes,Credit Card (Automatic),50.65,1905.4,No
6728-Czfei,Female,0,No,No,15,Yes,No,Dsl,No,No,No,No,Yes,No,One Year,No,Mailed Check,56.15,931.9,No
5748-Rncjt,Male,0,No,No,69,Yes,Yes,Fiber Optic,No,No,Yes,Yes,Yes,Yes,Two Year,Yes,Bank Transfer (Automatic),106.5,7348.8,Yes
3653-Ncrdj,Male,0,Yes,Yes,43,Yes,No,No,No Internet Service,No Internet Service,No Internet Service,No Internet Service,No Internet Service,No Internet Service,One Year,Yes,Mailed Check,19.2,776.25,No
6121-Tnhbo,Female,1,No,No,63,Yes,Yes,Dsl,Yes,Yes,Yes,Yes,Yes,No,One Year,No,Bank Transfer (Automatic),83.0,5243.05,No
5119-Nzptv,Male,1,Yes,No,2,Yes,No,Fiber Optic,No,No,No,No,No,No,Month-To-Month,No,Electronic Check,70.1,141.65,No
6519-Zhpxp,Female,0,Yes,Yes,72,Yes,No,Fiber Optic,Yes,Yes,Yes,Yes,Yes,Yes,Two Year,Yes,Bank Transfer (Automatic),108.3,7679.65,No
7739-Laxog,Female,0,Yes,Yes,32,Yes,Yes,Fiber Optic,No,No,Yes,No,No,Yes,Month-To-Month,Yes,Bank Transfer (Automatic),91.05,2954.5,Yes
3472-Qprch,Male,0,Yes,Yes,40,Yes,Yes,No,No Internet Service,No Internet Service,No Internet Service,No Internet Service,No Internet Service,No Internet Service,Two Year,No,Credit Card (Automatic),25.25,1006.9,No
8224-Uaxbz,Female,0,Yes,No,58,No,No Phone Service,Dsl,Yes,Yes,No,No,Yes,No,One Year,Yes,Electronic Check,45.35,2540.1,No
9610-Wcesf,Male,0,No,No,67,No,No Phone Service,Dsl,Yes,No,No,Yes,Yes,No,Two Year,No,Electronic Check,43.9,3097.2,No
9776-Cluja,Female,1,Yes,No,51,Yes,Yes,Fiber Optic,Yes,No,No,No,No,No,Month-To-Month,Yes,Electronic Check,77.5,3807.35,Yes
2486-Wyvve,Male,0,Yes,No,31,Yes,Yes,Dsl,No,No,Yes,Yes,Yes,Yes,One Year,Yes,Mailed Check,79.3,2484,No
3865-Zykad,Male,1,Yes,No,69,Yes,Yes,Fiber Optic,Yes,Yes,No,No,No,No,Month-To-Month,Yes,Credit Card (Automatic),84.9,5785.65,No
1422-Dgubx,Male,0,Yes,No,32,Yes,Yes,Fiber Optic,No,No,No,Yes,No,No,One Year,Yes,Electronic Check,79.25,2619.15,No
2999-Aanrq,Female,0,No,No,21,Yes,No,Dsl,Yes,Yes,No,Yes,Yes,No,Two Year,No,Credit Card (Automatic),71.05,1524.85,No
8668-Knzti,Male,0,No,No,52,Yes,No,Dsl,Yes,No,Yes,No,No,No,One Year,No,Electronic Check,53.75,2790.65,No
0480-Kyjva,Female,0,Yes,Yes,72,Yes,Yes,No,No Internet Service,No Internet Service,No Internet Service,No Internet Service,No Internet Service,No Internet Service,Two Year,No,Credit Card (Automatic),24.25,1784.5,No
6034-Zrycv,Female,0,Yes,No,72,No,No Phone Service,Dsl,No,Yes,Yes,No,Yes,Yes,Two Year,Yes,Electronic Check,54.2,3937.45,Yes
9746-Ykgxb,Male,0,Yes,Yes,52,No,No Phone Service,Dsl,Yes,No,Yes,No,No,Yes,One Year,No,Bank Transfer (Automatic),44.25,2276.1,No
3926-Yzvvx,Female,0,No,No,41,Yes,No,Dsl,No,No,No,Yes,No,No,One Year,No,Bank Transfer (Automatic),50.05,2029.05,No
6000-Uklwi,Male,0,No,No,41,Yes,No,No,No Internet Service,No Internet Service,No Internet Service,No Internet Service,No Internet Service,No Internet Service,Two Year,No,Mailed Check,20.15,802.35,No
2079-Fbmzk,Female,0,No,No,6,Yes,No,Fiber Optic,No,No,No,No,No,No,Month-To-Month,Yes,Mailed Check,69.25,418.4,Yes
6332-Fbzri,Male,0,Yes,Yes,67,Yes,Yes,Dsl,Yes,Yes,Yes,Yes,No,No,One Year,Yes,Credit Card (Automatic),69.35,4653.25,No
2096-Xotmo,Female,0,Yes,Yes,16,Yes,No,No,No Internet Service,No Internet Service,No Internet Service,No Internet Service,No Internet Service,No Internet Service,Month-To-Month,No,Mailed Check,19.35,275.9,No
3266-Ftkhb,Male,0,No,No,17,Yes,No,No,No Internet Service,No Internet Service,No Internet Service,No Internet Service,No Internet Service,No Internet Service,Two Year,No,Mailed Check,19.15,343.45,No
8221-Eqdgl,Male,0,Yes,No,35,Yes,No,Dsl,Yes,Yes,Yes,No,No,No,Month-To-Month,No,Mailed Check,61.0,2130.45,No
2346-Locwc,Female,0,Yes,Yes,58,Yes,No,No,No Internet Service,No Internet Service,No Internet Service,No Internet Service,No Internet Service,No Internet Service,Two Year,No,Credit Card (Automatic),20.5,1191.4,No
6608-Qqlvk,Male,0,No,No,1,Yes,No,Dsl,No,No,Yes,No,No,No,Month-To-Month,Yes,Electronic Check,50.5,50.5,Yes
0298-Xacet,Male,0,Yes,Yes,52,No,No Phone Service,Dsl,No,Yes,Yes,Yes,Yes,No,Two Year,No,Mailed Check,50.2,2554,No
7560-Qjavj,Female,0,No,No,70,Yes,No,Dsl,Yes,No,Yes,Yes,Yes,Yes,Two Year,No,Bank Transfer (Automatic),79.6,5589.45,No
2995-Ywtcd,Female,0,Yes,Yes,19,Yes,Yes,No,No Internet Service,No Internet Service,No Internet Service,No Internet Service,No Internet Service,No Internet Service,Two Year,Yes,Bank Transfer (Automatic),24.9,467.7,No
3551-Huazh,Male,1,No,No,1,Yes,Yes,Fiber Optic,No,No,No,No,No,No,Month-To-Month,Yes,Electronic Check,74.4,74.4,Yes
9137-Uiypg,Female,0,Yes,Yes,35,Yes,No,Fiber Optic,Yes,No,Yes,Yes,Yes,Yes,Month-To-Month,Yes,Electronic Check,106.9,3756.45,No
2809-Zmyoq,Female,0,No,No,32,Yes,Yes,Fiber Optic,No,No,Yes,No,Yes,Yes,Month-To-Month,Yes,Electronic Check,101.35,3334.9,No
5084-Oovcj,Female,0,Yes,Yes,17,Yes,No,Dsl,Yes,No,No,Yes,No,No,Month-To-Month,Yes,Credit Card (Automatic),55.35,920.5,No
0254-Wwrkd,Female,0,Yes,Yes,67,Yes,No,Dsl,No,Yes,No,No,No,No,One Year,No,Credit Card (Automatic),50.55,3431.75,No
7727-Shvzv,Female,0,No,No,9,Yes,No,No,No Internet Service,No Internet Service,No Internet Service,No Internet Service,No Internet Service,No Internet Service,Month-To-Month,No,Bank Transfer (Automatic),19.5,150.35,No
6302-Jgyrj,Male,0,No,Yes,31,Yes,Yes,Dsl,No,Yes,No,Yes,Yes,Yes,One Year,Yes,Mailed Check,79.45,2587.7,Yes
5339-Pxdvh,Male,0,No,No,4,Yes,Yes,Fiber Optic,Yes,No,No,No,Yes,No,Month-To-Month,No,Electronic Check,90.65,367.95,No
2205-Lpvgl,Male,1,Yes,Yes,58,Yes,Yes,Fiber Optic,Yes,Yes,No,Yes,No,No,One Year,Yes,Bank Transfer (Automatic),89.85,5125.75,No
8782-Nuuol,Male,0,No,No,60,Yes,No,Dsl,Yes,No,Yes,Yes,Yes,Yes,One Year,No,Mailed Check,79.0,4801.1,No
3685-Ylcmq,Male,0,No,No,58,Yes,Yes,Fiber Optic,No,No,Yes,Yes,Yes,Yes,One Year,Yes,Electronic Check,104.65,6219.6,Yes
7601-Wfvzv,Male,0,No,No,1,Yes,No,No,No Internet Service,No Internet Service,No Internet Service,No Internet Service,No Internet Service,No Internet Service,Month-To-Month,No,Mailed Check,19.55,19.55,No
4609-Knnwg,Female,0,Yes,Yes,27,Yes,No,No,No Internet Service,No Internet Service,No Internet Service,No Internet Service,No Internet Service,No Internet Service,Two Year,No,Mailed Check,19.9,550.1,No
4868-Aadlv,Male,1,Yes,Yes,66,Yes,Yes,Fiber Optic,Yes,Yes,Yes,Yes,Yes,Yes,One Year,Yes,Electronic Check,116.25,7862.25,No
9529-Ofxhy,Male,0,No,No,15,Yes,Yes,Fiber Optic,Yes,No,No,No,Yes,No,Month-To-Month,Yes,Bank Transfer (Automatic),87.75,1242.2,No
8634-Mphtr,Male,1,Yes,No,47,Yes,Yes,Fiber Optic,No,No,Yes,No,Yes,Yes,Month-To-Month,Yes,Electronic Check,100.05,4871.05,Yes
2669-Qvcrg,Female,0,No,No,41,Yes,Yes,Fiber Optic,Yes,No,No,No,No,No,Month-To-Month,Yes,Credit Card (Automatic),81.3,3190.65,No
2478-Eewwm,Male,0,Yes,No,59,No,No Phone Service,Dsl,No,No,No,No,Yes,Yes,Month-To-Month,Yes,Electronic Check,44.3,2666.75,No
9174-Ihetn,Female,0,No,Yes,50,Yes,No,Fiber Optic,No,No,No,No,No,No,Two Year,No,Credit Card (Automatic),70.35,3533.6,No
2233-Txsiu,Male,0,Yes,Yes,17,No,No Phone Service,Dsl,Yes,No,Yes,No,Yes,No,One Year,No,Credit Card (Automatic),44.45,792.15,No
9644-Umgqa,Male,0,Yes,Yes,6,Yes,No,Dsl,Yes,No,No,No,No,No,Month-To-Month,Yes,Electronic Check,49.15,295.65,No
3256-Ezdbi,Male,1,Yes,No,51,No,No Phone Service,Dsl,No,Yes,No,No,No,No,Month-To-Month,Yes,Credit Card (Automatic),29.45,1459.35,No
8761-Nsobc,Male,0,No,No,44,Yes,No,Fiber Optic,No,Yes,No,Yes,Yes,Yes,Month-To-Month,No,Electronic Check,100.55,4398.15,Yes
0419-Yaapx,Male,0,Yes,No,49,Yes,No,Fiber Optic,No,Yes,No,No,Yes,No,Month-To-Month,Yes,Credit Card (Automatic),85.3,4297.95,No
8413-Vonuo,Male,0,No,No,2,Yes,No,Fiber Optic,No,Yes,No,No,Yes,Yes,Month-To-Month,No,Electronic Check,95.65,167.3,Yes
0872-Caszj,Male,0,Yes,No,59,Yes,Yes,Dsl,Yes,No,No,Yes,No,Yes,One Year,Yes,Mailed Check,69.1,4096.9,No
4726-Dlwqn,Male,1,No,No,50,Yes,Yes,Dsl,Yes,Yes,No,No,Yes,No,Month-To-Month,Yes,Bank Transfer (Automatic),70.35,3454.6,No
8164-Ockuj,Female,0,Yes,Yes,59,Yes,No,No,No Internet Service,No Internet Service,No Internet Service,No Internet Service,No Internet Service,No Internet Service,Two Year,No,Mailed Check,20.6,1286,No
3094-Jojai,Male,0,No,No,18,Yes,Yes,Fiber Optic,No,No,No,No,No,No,Month-To-Month,No,Mailed Check,74.15,1387,No
9494-Mrnyx,Male,0,No,No,10,Yes,Yes,Fiber Optic,No,No,No,No,No,No,Month-To-Month,No,Electronic Check,75.05,786.3,No
2599-Czabp,Male,0,Yes,No,14,Yes,No,Dsl,No,No,No,No,No,No,One Year,No,Electronic Check,44.6,641.25,No
7945-Prbvf,Male,0,No,No,35,Yes,No,No,No Internet Service,No Internet Service,No Internet Service,No Internet Service,No Internet Service,No Internet Service,Two Year,No,Bank Transfer (Automatic),21.45,705.45,No
4544-Rxfmg,Male,0,Yes,Yes,8,Yes,No,Dsl,No,No,No,No,No,No,One Year,Yes,Mailed Check,43.45,345.5,No
0859-Ygkfw,Male,0,Yes,Yes,18,Yes,No,No,No Internet Service,No Internet Service,No Internet Service,No Internet Service,No Internet Service,No Internet Service,One Year,No,Bank Transfer (Automatic),20.05,345.9,No
1150-Ftqgn,Female,0,Yes,Yes,60,Yes,Yes,Fiber Optic,Yes,Yes,No,No,Yes,No,One Year,No,Bank Transfer (Automatic),94.15,5811.8,No
9223-Ucpvt,Female,0,No,No,1,Yes,No,Fiber Optic,No,No,Yes,No,Yes,Yes,Month-To-Month,No,Electronic Check,94.4,94.4,Yes
7196-Liwrh,Female,0,No,No,6,Yes,No,No,No Internet Service,No Internet Service,No Internet Service,No Internet Service,No Internet Service,No Internet Service,Two Year,No,Mailed Check,19.55,124.45,No
5448-Vwnam,Female,0,No,Yes,19,Yes,Yes,Dsl,Yes,Yes,No,Yes,Yes,No,Month-To-Month,Yes,Mailed Check,75.9,1375.6,No
1177-Xzbjl,Male,0,Yes,Yes,53,Yes,Yes,Dsl,Yes,Yes,No,Yes,No,No,One Year,No,Bank Transfer (Automatic),64.15,3491.55,No
3518-Fstwg,Male,1,Yes,No,72,Yes,Yes,Fiber Optic,Yes,Yes,Yes,No,Yes,Yes,Two Year,Yes,Bank Transfer (Automatic),109.55,7920.7,No
9330-Vofsz,Female,0,Yes,No,60,Yes,Yes,Fiber Optic,No,Yes,Yes,Yes,Yes,Yes,Two Year,Yes,Credit Card (Automatic),110.8,6640.7,No
4351-Qlcsu,Female,0,No,No,1,Yes,No,Dsl,No,No,No,No,Yes,No,Month-To-Month,Yes,Credit Card (Automatic),55.0,55,Yes
0939-Eremr,Female,0,No,Yes,13,Yes,No,Dsl,No,No,Yes,Yes,No,No,Month-To-Month,No,Mailed Check,53.45,718.1,No
9389-Acwbi,Female,0,Yes,Yes,5,Yes,No,Fiber Optic,No,No,No,No,No,No,Month-To-Month,No,Credit Card (Automatic),69.95,320.4,No
5419-Jprrn,Male,0,No,No,1,Yes,Yes,Fiber Optic,No,No,Yes,No,Yes,Yes,Month-To-Month,Yes,Electronic Check,101.45,101.45,Yes
3644-Qxehn,Male,0,Yes,Yes,13,Yes,No,Fiber Optic,No,No,Yes,No,Yes,Yes,Month-To-Month,No,Electronic Check,97.0,1334.45,No
2911-Ijorq,Male,0,No,No,37,Yes,Yes,Dsl,Yes,Yes,Yes,Yes,Yes,Yes,One Year,Yes,Bank Transfer (Automatic),90.6,3358.65,No
5921-Ngyrh,Male,0,Yes,No,64,Yes,No,Fiber Optic,Yes,No,No,No,No,No,Month-To-Month,Yes,Mailed Check,73.55,4764,No
2100-Bdnsn,Female,0,Yes,No,5,Yes,Yes,Dsl,No,No,Yes,Yes,Yes,No,Month-To-Month,No,Bank Transfer (Automatic),67.95,350.3,Yes
5998-Dzlyr,Female,0,Yes,No,61,Yes,Yes,Fiber Optic,No,Yes,No,Yes,No,Yes,Two Year,Yes,Bank Transfer (Automatic),94.35,5703,No
0488-Gslfr,Female,0,No,No,1,Yes,No,Fiber Optic,No,No,No,No,No,No,Month-To-Month,Yes,Electronic Check,69.5,69.5,Yes
9318-Nknfc,Male,0,No,No,1,Yes,No,No,No Internet Service,No Internet Service,No Internet Service,No Internet Service,No Internet Service,No Internet Service,Month-To-Month,Yes,Mailed Check,18.85,18.85,Yes
3985-Hoypm,Male,0,No,No,26,Yes,No,No,No Internet Service,No Internet Service,No Internet Service,No Internet Service,No Internet Service,No Internet Service,One Year,No,Mailed Check,19.4,525.55,No
9728-Fttvz,Female,0,No,No,1,Yes,No,Fiber Optic,No,No,No,No,No,No,Month-To-Month,Yes,Electronic Check,69.2,69.2,Yes
9548-Lerkt,Male,0,Yes,No,24,Yes,No,No,No Internet Service,No Internet Service,No Internet Service,No Internet Service,No Internet Service,No Internet Service,Two Year,No,Mailed Check,19.75,483.15,No
6576-Fbxoj,Male,0,Yes,No,17,No,No Phone Service,Dsl,No,No,Yes,Yes,Yes,Yes,One Year,No,Electronic Check,54.6,934.8,No
4310-Kedtb,Female,0,No,Yes,26,No,No Phone Service,Dsl,No,No,Yes,No,No,No,Month-To-Month,Yes,Mailed Check,29.8,786.5,No
7254-Iqwoz,Male,0,No,No,1,Yes,No,Fiber Optic,No,No,No,No,No,No,Month-To-Month,Yes,Electronic Check,69.65,69.65,Yes
2474-Brucm,Male,1,Yes,No,40,Yes,Yes,Fiber Optic,Yes,No,No,No,Yes,Yes,Month-To-Month,No,Electronic Check,101.85,4086.3,Yes
4062-Hbmos,Male,0,No,No,52,Yes,Yes,Fiber Optic,No,Yes,Yes,No,Yes,Yes,Month-To-Month,Yes,Electronic Check,103.05,5364.8,No
0742-Nxbgr,Female,0,No,No,1,Yes,No,Fiber Optic,No,Yes,Yes,No,No,No,Month-To-Month,Yes,Electronic Check,82.3,82.3,Yes
2676-Ishsf,Male,0,No,No,1,Yes,No,No,No Internet Service,No Internet Service,No Internet Service,No Internet Service,No Internet Service,No Internet Service,Month-To-Month,No,Mailed Check,20.3,20.3,No
9236-Nducw,Female,0,No,No,21,No,No Phone Service,Dsl,Yes,No,No,Yes,No,No,Two Year,No,Mailed Check,35.1,770.4,No
4753-Padas,Female,0,Yes,No,67,Yes,Yes,Fiber Optic,No,Yes,Yes,No,Yes,Yes,One Year,Yes,Bank Transfer (Automatic),105.7,6816.95,No
6103-Qckfx,Female,0,Yes,Yes,44,Yes,No,Dsl,Yes,No,No,Yes,No,No,Month-To-Month,No,Bank Transfer (Automatic),56.25,2419.55,No
7781-Ewara,Male,0,Yes,Yes,70,No,No Phone Service,Dsl,No,Yes,Yes,Yes,Yes,Yes,One Year,No,Electronic Check,60.35,4138.7,No
6110-Ohihy,Male,0,No,No,3,Yes,No,Fiber Optic,No,No,No,No,Yes,No,Month-To-Month,No,Electronic Check,79.25,267.6,Yes
7018-Fpxhh,Male,0,Yes,Yes,56,Yes,No,Dsl,Yes,Yes,Yes,No,No,No,Two Year,Yes,Bank Transfer (Automatic),59.8,3457.45,No
5889-Lfoll,Female,0,No,No,13,Yes,Yes,Fiber Optic,No,No,No,No,No,Yes,Month-To-Month,Yes,Electronic Check,84.6,1115.2,Yes
5708-Evonk,Female,0,Yes,Yes,58,Yes,Yes,Fiber Optic,Yes,Yes,No,No,No,Yes,Month-To-Month,Yes,Bank Transfer (Automatic),93.4,5435.6,Yes
8708-Xpxhz,Female,0,Yes,Yes,42,Yes,Yes,Fiber Optic,No,No,No,No,Yes,Yes,Month-To-Month,Yes,Electronic Check,94.2,4186.3,Yes
0616-Atfgb,Male,1,Yes,No,1,No,No Phone Service,Dsl,No,No,No,No,No,No,Month-To-Month,No,Electronic Check,25.05,25.05,Yes
0572-Zjklt,Female,0,Yes,Yes,46,Yes,Yes,Fiber Optic,Yes,No,Yes,Yes,No,Yes,Two Year,No,Mailed Check,99.65,4630.2,No
5135-Rddql,Female,0,Yes,Yes,63,Yes,No,Dsl,Yes,No,No,No,No,No,Two Year,Yes,Bank Transfer (Automatic),50.65,3221.25,No
1353-Ljwem,Male,0,No,No,11,Yes,No,Dsl,No,Yes,Yes,Yes,No,No,Month-To-Month,Yes,Electronic Check,60.9,688.5,No
1794-Swwkl,Male,0,Yes,Yes,15,Yes,Yes,Dsl,No,No,Yes,Yes,No,No,Month-To-Month,Yes,Bank Transfer (Automatic),59.65,867.1,No
6166-Yipfo,Male,0,Yes,No,72,No,No Phone Service,Dsl,Yes,Yes,Yes,Yes,Yes,Yes,Two Year,Yes,Electronic Check,64.7,4746.05,No
7016-Bpgeu,Female,0,No,No,29,No,No Phone Service,Dsl,No,No,No,No,No,No,Month-To-Month,Yes,Credit Card (Automatic),25.1,712.85,Yes
6876-Adesb,Male,0,No,Yes,1,Yes,No,Dsl,No,No,Yes,No,No,No,Month-To-Month,No,Electronic Check,48.95,48.95,Yes
9332-Gywlo,Female,0,Yes,Yes,6,Yes,No,Dsl,No,No,No,No,Yes,No,Month-To-Month,No,Electronic Check,54.85,355.1,No
1963-Svucv,Male,0,No,No,1,Yes,No,Dsl,No,No,No,No,No,No,Month-To-Month,No,Electronic Check,45.3,45.3,Yes
4184-Vodjz,Male,0,Yes,Yes,63,Yes,Yes,Fiber Optic,No,Yes,No,No,No,Yes,One Year,Yes,Electronic Check,91.35,5764.7,No
0220-Ebgce,Male,0,No,No,2,Yes,No,Fiber Optic,No,No,Yes,No,No,Yes,Month-To-Month,Yes,Electronic Check,85.85,167.3,Yes
1092-Wpivq,Female,0,Yes,Yes,18,Yes,Yes,No,No Internet Service,No Internet Service,No Internet Service,No Internet Service,No Internet Service,No Internet Service,Two Year,No,Mailed Check,25.1,428.45,No
7233-Ioqnp,Female,0,Yes,No,43,No,No Phone Service,Dsl,Yes,No,No,Yes,No,No,Month-To-Month,No,Bank Transfer (Automatic),34.0,1505.35,No
2834-Jkoow,Female,0,No,No,15,No,No Phone Service,Dsl,Yes,Yes,Yes,Yes,No,No,One Year,No,Mailed Check,45.9,693.45,No
2754-Vdltr,Male,0,No,Yes,10,Yes,Yes,Fiber Optic,No,No,No,No,Yes,Yes,Month-To-Month,No,Electronic Check,95.2,930.4,Yes
2400-Feqme,Male,0,Yes,Yes,55,Yes,No,No,No Internet Service,No Internet Service,No Internet Service,No Internet Service,No Internet Service,No Internet Service,Two Year,No,Mailed Check,20.5,1177.95,No
3190-Xfani,Male,0,No,Yes,49,Yes,Yes,Fiber Optic,No,No,No,Yes,Yes,Yes,One Year,Yes,Bank Transfer (Automatic),100.6,5069.65,Yes
7551-Dacsp,Male,0,Yes,Yes,6,Yes,No,Dsl,No,Yes,Yes,No,No,No,Month-To-Month,Yes,Mailed Check,55.3,324.25,Yes
4957-Sreec,Male,0,Yes,Yes,70,Yes,No,No,No Internet Service,No Internet Service,No Internet Service,No Internet Service,No Internet Service,No Internet Service,Two Year,No,Credit Card (Automatic),20.35,1458.1,No
7235-Nxzcp,Male,1,No,No,2,Yes,Yes,Fiber Optic,No,No,No,No,No,No,Month-To-Month,Yes,Mailed Check,74.85,156.4,Yes
0230-Ubypq,Male,1,Yes,No,63,No,No Phone Service,Dsl,Yes,No,No,Yes,No,No,One Year,No,Bank Transfer (Automatic),36.1,2298.9,No
4923-Adwxj,Female,0,No,No,25,Yes,No,Dsl,No,Yes,No,Yes,No,Yes,Month-To-Month,Yes,Bank Transfer (Automatic),65.8,1679.65,No
1763-Kuaaw,Female,1,No,No,18,Yes,No,No,No Internet Service,No Internet Service,No Internet Service,No Internet Service,No Internet Service,No Internet Service,One Year,No,Bank Transfer (Automatic),20.35,369.6,No
1104-Tnlza,Male,1,Yes,No,28,Yes,Yes,Fiber Optic,No,Yes,No,Yes,Yes,Yes,Month-To-Month,Yes,Electronic Check,105.8,2998,No
5195-Kpunq,Female,1,No,No,53,Yes,No,Fiber Optic,Yes,Yes,No,Yes,No,Yes,One Year,Yes,Mailed Check,96.75,5206.55,No
0520-Fdvvt,Male,0,No,No,35,Yes,No,Fiber Optic,No,Yes,Yes,No,Yes,Yes,One Year,Yes,Bank Transfer (Automatic),102.35,3626.1,Yes
3439-Gvusx,Male,0,No,No,1,No,No Phone Service,Dsl,No,No,No,No,No,No,Month-To-Month,No,Mailed Check,24.4,24.4,No
1444-Vvsgw,Male,0,Yes,No,70,Yes,Yes,Fiber Optic,Yes,Yes,Yes,Yes,Yes,Yes,One Year,No,Credit Card (Automatic),115.65,7968.85,Yes
5712-Ptiww,Male,0,No,No,2,Yes,No,Fiber Optic,No,No,Yes,Yes,No,No,Month-To-Month,Yes,Electronic Check,79.85,152.45,Yes
5949-Hgvjl,Female,0,Yes,No,26,Yes,No,Dsl,No,Yes,No,Yes,Yes,Yes,Month-To-Month,Yes,Electronic Check,73.05,1959.5,No
5203-Xehax,Female,0,No,No,34,Yes,No,Dsl,Yes,Yes,No,No,No,Yes,One Year,No,Electronic Check,64.35,2053.05,No
1635-Hdgft,Female,0,No,Yes,19,Yes,No,No,No Internet Service,No Internet Service,No Internet Service,No Internet Service,No Internet Service,No Internet Service,Two Year,No,Mailed Check,20.5,398.55,No
3315-Totbp,Male,0,No,No,15,Yes,Yes,Fiber Optic,No,No,No,No,No,No,Month-To-Month,Yes,Mailed Check,76.0,1130.85,Yes
8050-Xgrvl,Female,0,Yes,Yes,62,Yes,No,Dsl,Yes,No,Yes,No,No,No,One Year,No,Credit Card (Automatic),54.75,3425.35,No
6661-Hbgwl,Female,1,No,No,42,Yes,Yes,Fiber Optic,No,Yes,Yes,No,Yes,Yes,Month-To-Month,Yes,Bank Transfer (Automatic),104.75,4323.45,Yes
1518-Vowav,Female,0,No,No,9,Yes,No,Dsl,Yes,Yes,No,No,Yes,Yes,Month-To-Month,Yes,Electronic Check,74.65,703.55,Yes
9828-Qhfbk,Male,0,No,No,24,Yes,No,Dsl,Yes,No,No,No,No,No,Month-To-Month,Yes,Electronic Check,51.15,1275.7,No
3908-Mkimj,Male,1,Yes,No,68,No,No Phone Service,Dsl,Yes,Yes,Yes,No,No,No,Two Year,Yes,Electronic Check,41.95,2965.75,No
5012-Yspjj,Male,0,Yes,Yes,31,Yes,No,Dsl,No,No,Yes,Yes,No,No,Month-To-Month,No,Mailed Check,54.35,1647,No
5909-Echui,Female,0,No,No,1,Yes,No,Dsl,No,No,No,No,No,Yes,Month-To-Month,Yes,Electronic Check,56.25,56.25,Yes
1309-Bxvoq,Male,0,Yes,No,21,Yes,Yes,Fiber Optic,No,No,Yes,Yes,Yes,Yes,Month-To-Month,Yes,Electronic Check,106.1,2249.95,Yes
6728-Voify,Female,0,Yes,No,63,Yes,No,Fiber Optic,No,Yes,No,No,Yes,Yes,One Year,Yes,Electronic Check,96.0,6109.75,No
9317-Wzpgv,Female,1,No,No,2,Yes,No,Fiber Optic,No,No,No,No,No,Yes,Month-To-Month,Yes,Bank Transfer (Automatic),79.75,159.4,Yes
4891-Nluba,Female,0,Yes,Yes,61,No,No Phone Service,Dsl,No,Yes,Yes,Yes,Yes,Yes,Two Year,Yes,Bank Transfer (Automatic),61.45,3751.15,No
2856-Hyapg,Female,0,No,No,1,Yes,No,Fiber Optic,No,No,No,No,No,No,Month-To-Month,No,Electronic Check,68.65,68.65,Yes
8969-Prhfk,Male,0,No,No,18,Yes,No,No,No Internet Service,No Internet Service,No Internet Service,No Internet Service,No Internet Service,No Internet Service,One Year,No,Mailed Check,19.65,411.25,No
0661-Kqhnk,Female,0,Yes,Yes,6,Yes,No,No,No Internet Service,No Internet Service,No Internet Service,No Internet Service,No Internet Service,No Internet Service,One Year,No,Credit Card (Automatic),19.0,105.5,No
8709-Krdvl,Female,0,No,No,33,Yes,Yes,Fiber Optic,No,Yes,No,No,Yes,Yes,Month-To-Month,Yes,Electronic Check,100.0,3320.6,No
4488-Psycg,Male,0,No,No,16,Yes,No,No,No Internet Service,No Internet Service,No Internet Service,No Internet Service,No Internet Service,No Internet Service,Month-To-Month,No,Bank Transfer (Automatic),20.25,327.45,Yes
1427-Versm,Female,0,Yes,No,56,Yes,No,Fiber Optic,No,No,Yes,Yes,Yes,Yes,Month-To-Month,Yes,Electronic Check,98.7,5669.5,No
9801-Noshq,Male,0,No,Yes,23,Yes,No,No,No Internet Service,No Internet Service,No Internet Service,No Internet Service,No Internet Service,No Internet Service,One Year,No,Mailed Check,19.8,465.45,No
6339-Ypsah,Male,0,No,No,9,Yes,No,Fiber Optic,No,No,Yes,No,No,No,Month-To-Month,Yes,Electronic Check,73.8,704.3,No
3621-Ceovk,Female,1,Yes,No,14,Yes,Yes,Fiber Optic,No,Yes,No,No,Yes,Yes,Month-To-Month,Yes,Electronic Check,100.2,1369.8,Yes
6906-Andwj,Male,0,Yes,Yes,15,Yes,Yes,Fiber Optic,No,No,No,No,No,No,Month-To-Month,Yes,Bank Transfer (Automatic),74.9,1107.25,Yes
2159-Turxx,Male,0,No,No,5,Yes,No,No,No Internet Service,No Internet Service,No Internet Service,No Internet Service,No Internet Service,No Internet Service,Month-To-Month,No,Credit Card (Automatic),20.05,95.55,No
1548-Fehvl,Male,0,Yes,No,61,Yes,Yes,Fiber Optic,Yes,Yes,No,No,Yes,Yes,Month-To-Month,Yes,Electronic Check,106.2,6375.2,No
3795-Cawex,Male,0,Yes,Yes,70,Yes,Yes,Fiber Optic,Yes,Yes,Yes,Yes,Yes,Yes,Two Year,Yes,Credit Card (Automatic),116.55,8152.3,No
6215-Nqcpy,Male,0,No,No,15,Yes,Yes,Fiber Optic,Yes,No,No,No,Yes,Yes,Month-To-Month,Yes,Electronic Check,99.7,1566.75,No
5647-Urdka,Male,0,Yes,Yes,8,Yes,No,No,No Internet Service,No Internet Service,No Internet Service,No Internet Service,No Internet Service,No Internet Service,Two Year,No,Mailed Check,19.7,130.25,No
2229-Dpmbi,Female,0,Yes,Yes,8,Yes,No,No,No Internet Service,No Internet Service,No Internet Service,No Internet Service,No Internet Service,No Internet Service,Two Year,No,Mailed Check,19.5,162.15,No
9626-Weqrm,Female,0,No,No,4,No,No Phone Service,Dsl,Yes,No,No,No,No,No,Month-To-Month,Yes,Mailed Check,29.15,110.05,No
2188-Sxwvt,Female,0,No,No,34,Yes,No,Dsl,Yes,Yes,No,No,No,No,One Year,No,Mailed Check,55.0,1885.15,No
6258-Pvzwj,Male,0,Yes,No,68,Yes,Yes,Dsl,Yes,Yes,Yes,Yes,Yes,Yes,Two Year,Yes,Credit Card (Automatic),90.8,6302.85,No
1094-Bkosx,Female,0,Yes,Yes,45,No,No Phone Service,Dsl,No,Yes,Yes,Yes,No,Yes,One Year,No,Bank Transfer (Automatic),51.0,2264.5,No
6969-Mvbai,Female,1,No,No,9,Yes,Yes,Fiber Optic,No,No,Yes,No,Yes,No,Month-To-Month,Yes,Electronic Check,90.1,816.8,No
2978-Xxsog,Female,0,No,No,22,Yes,Yes,Dsl,Yes,No,No,Yes,No,No,Month-To-Month,Yes,Mailed Check,59.05,1253.5,No
2342-Ckiao,Female,0,No,No,2,Yes,No,No,No Internet Service,No Internet Service,No Internet Service,No Internet Service,No Internet Service,No Internet Service,Month-To-Month,No,Mailed Check,20.3,41.2,No
6953-Pbdin,Male,0,Yes,No,70,Yes,Yes,Dsl,No,Yes,Yes,Yes,Yes,No,Two Year,No,Bank Transfer (Automatic),72.95,5265.55,No
3898-Bsjyf,Female,0,No,Yes,10,Yes,Yes,Dsl,Yes,No,Yes,Yes,No,Yes,One Year,No,Credit Card (Automatic),73.55,693.3,No
3938-Yfpxd,Male,0,No,No,72,Yes,Yes,Dsl,Yes,No,Yes,Yes,Yes,Yes,Two Year,No,Credit Card (Automatic),84.3,5997.1,No
7696-Amhod,Female,0,Yes,Yes,49,Yes,No,Dsl,No,Yes,Yes,No,Yes,Yes,One Year,No,Credit Card (Automatic),78.0,3824.2,No
2453-Safns,Female,1,No,No,54,Yes,Yes,Dsl,No,Yes,No,Yes,Yes,No,One Year,No,Mailed Check,72.1,3886.05,No
9558-Ihezx,Female,0,No,No,71,Yes,Yes,Fiber Optic,Yes,Yes,Yes,No,Yes,Yes,Two Year,Yes,Credit Card (Automatic),106.75,7283.25,No
9617-Udpeu,Female,0,No,No,22,Yes,No,No,No Internet Service,No Internet Service,No Internet Service,No Internet Service,No Internet Service,No Internet Service,One Year,Yes,Mailed Check,19.25,412.55,No
6340-Dacft,Female,0,Yes,Yes,50,Yes,No,No,No Internet Service,No Internet Service,No Internet Service,No Internet Service,No Internet Service,No Internet Service,Two Year,No,Credit Card (Automatic),20.55,1070.25,No
4955-Vcwbi,Female,0,Yes,Yes,43,Yes,No,No,No Internet Service,No Internet Service,No Internet Service,No Internet Service,No Internet Service,No Internet Service,One Year,No,Mailed Check,20.0,817.95,No
6813-Gzqcg,Female,0,Yes,Yes,45,Yes,Yes,No,No Internet Service,No Internet Service,No Internet Service,No Internet Service,No Internet Service,No Internet Service,Two Year,Yes,Credit Card (Automatic),24.65,1171.3,No
7426-Gswpo,Male,1,No,No,64,Yes,Yes,Fiber Optic,Yes,Yes,No,No,Yes,Yes,Month-To-Month,Yes,Bank Transfer (Automatic),103.5,6548.65,No
3389-Ktrxv,Female,0,Yes,Yes,23,Yes,Yes,No,No Internet Service,No Internet Service,No Internet Service,No Internet Service,No Internet Service,No Internet Service,Two Year,No,Mailed Check,23.85,625.65,No
3118-Uhvvq,Female,0,Yes,No,68,Yes,Yes,No,No Internet Service,No Internet Service,No Internet Service,No Internet Service,No Internet Service,No Internet Service,Two Year,No,Credit Card (Automatic),25.8,1911.5,No
1031-Iideo,Female,0,No,No,1,Yes,No,Fiber Optic,No,No,No,No,No,No,Month-To-Month,Yes,Electronic Check,70.85,70.85,Yes
5832-Xkaes,Male,0,No,No,2,Yes,No,Fiber Optic,No,No,No,No,No,No,Month-To-Month,Yes,Credit Card (Automatic),69.8,134.7,Yes
3205-Mxzra,Male,0,No,No,26,Yes,No,Dsl,No,No,No,Yes,Yes,No,One Year,No,Credit Card (Automatic),59.45,1507,No
4701-Ahwmw,Male,0,Yes,No,55,No,No Phone Service,Dsl,No,No,Yes,Yes,Yes,Yes,Month-To-Month,Yes,Bank Transfer (Automatic),54.55,2978.3,Yes
8317-Bvkso,Male,0,No,No,14,Yes,No,No,No Internet Service,No Internet Service,No Internet Service,No Internet Service,No Internet Service,No Internet Service,Month-To-Month,Yes,Electronic Check,20.05,299.3,No
5702-Kvqrd,Male,0,Yes,No,71,Yes,No,Dsl,Yes,No,Yes,Yes,Yes,Yes,Two Year,Yes,Electronic Check,82.55,5832.65,No
0083-Pivik,Male,0,No,No,64,Yes,Yes,Dsl,Yes,Yes,Yes,Yes,Yes,No,One Year,No,Electronic Check,81.25,5567.55,No
9210-Iahgh,Female,0,No,No,7,Yes,No,Dsl,No,No,No,Yes,Yes,Yes,Month-To-Month,Yes,Credit Card (Automatic),70.75,450.8,Yes
6169-Pgncd,Female,0,No,No,57,Yes,No,Dsl,Yes,Yes,Yes,Yes,Yes,No,Two Year,Yes,Credit Card (Automatic),74.3,4166.35,No
0023-Xuopt,Female,0,Yes,No,13,Yes,Yes,Fiber Optic,No,Yes,Yes,No,Yes,No,Month-To-Month,No,Electronic Check,94.1,1215.6,Yes
4592-Iwtji,Female,0,Yes,Yes,3,No,No Phone Service,Dsl,Yes,No,No,No,No,No,Month-To-Month,No,Credit Card (Automatic),29.7,91.7,Yes
4909-Joupp,Male,1,Yes,No,72,Yes,Yes,Fiber Optic,No,Yes,Yes,Yes,Yes,Yes,Two Year,No,Credit Card (Automatic),109.7,7898.45,No
4657-Fwvfy,Female,0,Yes,Yes,40,Yes,Yes,Fiber Optic,No,Yes,Yes,No,Yes,No,Month-To-Month,Yes,Credit Card (Automatic),96.35,3915.4,No
2257-Bovxd,Male,0,Yes,No,14,Yes,Yes,Dsl,No,No,No,Yes,Yes,No,Month-To-Month,Yes,Credit Card (Automatic),66.6,979.5,No
7729-Jteec,Male,0,Yes,Yes,2,Yes,No,Dsl,No,No,No,No,No,No,Month-To-Month,Yes,Electronic Check,44.5,90.05,No
7632-Mnyoy,Male,1,No,No,66,Yes,Yes,Fiber Optic,No,Yes,Yes,Yes,Yes,Yes,One Year,No,Credit Card (Automatic),110.9,7432.05,Yes
6518-Lgaov,Female,0,Yes,No,38,Yes,Yes,Fiber Optic,No,No,Yes,Yes,Yes,Yes,Month-To-Month,Yes,Electronic Check,105.0,4026.4,Yes
7242-Qzlxf,Male,0,No,Yes,1,No,No Phone Service,Dsl,No,No,No,No,No,No,Month-To-Month,Yes,Electronic Check,25.3,25.3,Yes
4576-Csajh,Male,0,No,No,22,Yes,No,Dsl,No,Yes,No,Yes,No,No,One Year,Yes,Credit Card (Automatic),55.15,1193.05,Yes
1000-Ajsld,Male,0,No,No,1,Yes,No,No,No Internet Service,No Internet Service,No Internet Service,No Internet Service,No Internet Service,No Internet Service,Month-To-Month,Yes,Mailed Check,20.1,20.1,Yes
9696-Rmyba,Male,0,No,No,5,Yes,No,Fiber Optic,No,No,No,No,Yes,No,Month-To-Month,Yes,Mailed Check,80.1,398.55,No
8690-Upczi,Male,0,Yes,Yes,29,Yes,Yes,Dsl,Yes,No,No,Yes,Yes,No,One Year,No,Bank Transfer (Automatic),69.05,1958.45,No
1062-Lhzod,Male,0,Yes,Yes,1,Yes,No,Fiber Optic,No,No,No,No,No,No,Month-To-Month,Yes,Mailed Check,69.9,69.9,Yes
9770-Lxdbk,Female,0,No,No,3,Yes,No,No,No Internet Service,No Internet Service,No Internet Service,No Internet Service,No Internet Service,No Internet Service,Month-To-Month,No,Mailed Check,20.4,63.15,No
4086-Witjg,Male,0,Yes,Yes,71,Yes,No,No,No Internet Service,No Internet Service,No Internet Service,No Internet Service,No Internet Service,No Internet Service,Two Year,No,Credit Card (Automatic),19.7,1301.1,No
8344-Wfmfh,Male,0,No,Yes,9,Yes,No,Dsl,No,Yes,No,No,No,No,Month-To-Month,Yes,Electronic Check,50.1,484.05,No
9600-Naxzn,Male,0,No,No,43,Yes,Yes,Fiber Optic,No,Yes,No,No,Yes,Yes,Month-To-Month,Yes,Electronic Check,101.4,4528,Yes
8822-Knbhv,Female,0,No,No,48,Yes,Yes,Dsl,Yes,Yes,Yes,No,Yes,Yes,One Year,Yes,Credit Card (Automatic),83.45,3887.85,No
8404-Fydib,Male,0,No,No,26,Yes,Yes,Fiber Optic,Yes,Yes,No,No,No,No,Month-To-Month,Yes,Credit Card (Automatic),86.65,2208.75,No
2791-Sfvew,Female,0,No,No,9,Yes,No,No,No Internet Service,No Internet Service,No Internet Service,No Internet Service,No Internet Service,No Internet Service,Month-To-Month,No,Bank Transfer (Automatic),20.15,238.15,No
6457-Usber,Male,0,No,No,1,Yes,No,Fiber Optic,No,No,No,No,No,Yes,Month-To-Month,Yes,Electronic Check,80.8,80.8,Yes
6762-Nsodu,Female,0,Yes,Yes,46,Yes,No,No,No Internet Service,No Internet Service,No Internet Service,No Internet Service,No Internet Service,No Internet Service,Two Year,No,Credit Card (Automatic),19.4,958.15,No
4662-Ekdpq,Male,0,No,No,2,Yes,Yes,Dsl,No,No,No,No,No,Yes,Month-To-Month,No,Bank Transfer (Automatic),62.05,118.3,Yes
9248-Ojykk,Male,1,No,No,1,Yes,Yes,Fiber Optic,No,No,No,No,No,No,Month-To-Month,Yes,Electronic Check,76.45,76.45,Yes
9888-Zcumm,Male,0,Yes,Yes,64,No,No Phone Service,Dsl,Yes,No,Yes,Yes,Yes,Yes,Two Year,Yes,Bank Transfer (Automatic),60.05,3845.45,No
3398-Fshon,Female,1,No,No,12,Yes,Yes,Fiber Optic,No,Yes,No,No,Yes,No,Month-To-Month,Yes,Electronic Check,91.3,1094.5,Yes
3319-Dwoep,Male,1,Yes,No,6,Yes,No,Fiber Optic,No,No,Yes,No,Yes,Yes,Month-To-Month,Yes,Electronic Check,95.75,573.75,Yes
1074-Wvevg,Female,0,Yes,No,59,Yes,No,No,No Internet Service,No Internet Service,No Internet Service,No Internet Service,No Internet Service,No Internet Service,One Year,No,Mailed Check,20.35,1267,No
9979-Rgmzt,Female,0,No,No,7,Yes,No,Fiber Optic,No,Yes,No,No,Yes,Yes,One Year,Yes,Mailed Check,94.05,633.45,No
6437-Udqjm,Female,1,Yes,No,72,Yes,Yes,Dsl,Yes,Yes,Yes,No,Yes,Yes,Two Year,Yes,Credit Card (Automatic),84.1,6129.65,No
1226-Ienzn,Male,1,No,No,16,Yes,No,Fiber Optic,No,No,No,No,No,Yes,Month-To-Month,Yes,Electronic Check,78.75,1218.25,No
2108-Glpqb,Male,0,Yes,No,25,Yes,Yes,Dsl,No,No,Yes,No,No,No,Month-To-Month,No,Credit Card (Automatic),55.55,1405.3,No
9259-Pacgq,Female,0,Yes,No,34,Yes,Yes,Dsl,Yes,Yes,No,Yes,No,No,Month-To-Month,No,Electronic Check,62.65,2274.9,Yes
4415-Ijztp,Female,0,No,No,1,Yes,Yes,Fiber Optic,No,No,No,No,No,No,Month-To-Month,Yes,Electronic Check,74.5,74.5,Yes
1465-Vindh,Female,0,Yes,Yes,10,Yes,Yes,Fiber Optic,No,Yes,Yes,No,Yes,Yes,Month-To-Month,Yes,Credit Card (Automatic),102.1,1068.85,Yes
5474-Lamuq,Male,0,Yes,No,24,Yes,No,No,No Internet Service,No Internet Service,No Internet Service,No Internet Service,No Internet Service,No Internet Service,One Year,No,Mailed Check,20.1,533.9,No
3468-Drvqj,Female,0,Yes,Yes,10,Yes,Yes,Dsl,Yes,Yes,No,No,Yes,No,One Year,No,Electronic Check,70.3,676.15,No
1122-Yjbcs,Male,0,Yes,No,69,Yes,No,Dsl,Yes,Yes,No,No,No,No,One Year,Yes,Credit Card (Automatic),53.65,3804.4,No
4990-Aldgw,Male,0,No,No,57,Yes,No,No,No Internet Service,No Internet Service,No Internet Service,No Internet Service,No Internet Service,No Internet Service,Two Year,No,Mailed Check,20.75,1118.8,No
4816-Okwnx,Male,0,Yes,Yes,50,Yes,No,Fiber Optic,No,Yes,Yes,Yes,Yes,Yes,One Year,Yes,Bank Transfer (Automatic),103.4,5236.4,No
3315-Ikyzq,Male,0,Yes,Yes,28,No,No Phone Service,Dsl,Yes,No,Yes,Yes,Yes,No,One Year,No,Mailed Check,50.8,1386.8,No
2810-Ftlem,Female,0,No,No,16,Yes,No,Dsl,Yes,No,No,No,No,No,Month-To-Month,Yes,Electronic Check,50.15,762.25,Yes
4747-Lcaql,Male,0,No,No,25,Yes,No,Dsl,Yes,Yes,No,Yes,Yes,Yes,Month-To-Month,Yes,Mailed Check,79.0,1902,No
3411-Wlrsq,Female,1,Yes,No,3,Yes,No,Fiber Optic,No,Yes,No,No,No,No,Month-To-Month,Yes,Bank Transfer (Automatic),74.6,239.05,No
0898-Xcgtf,Male,0,Yes,No,61,Yes,Yes,Fiber Optic,No,No,No,No,Yes,Yes,One Year,Yes,Bank Transfer (Automatic),96.5,5673.7,No
8006-Pycsw,Female,0,No,No,2,Yes,No,No,No Internet Service,No Internet Service,No Internet Service,No Internet Service,No Internet Service,No Internet Service,Month-To-Month,No,Mailed Check,20.1,39.8,No
8249-Thvec,Male,0,Yes,Yes,51,Yes,No,No,No Internet Service,No Internet Service,No Internet Service,No Internet Service,No Internet Service,No Internet Service,One Year,No,Mailed Check,19.4,997.75,No
8722-Prfdv,Female,0,Yes,Yes,71,Yes,No,Dsl,Yes,No,Yes,No,Yes,Yes,Two Year,No,Credit Card (Automatic),77.55,5574.35,No
2164-Soqxl,Female,0,Yes,Yes,20,Yes,No,No,No Internet Service,No Internet Service,No Internet Service,No Internet Service,No Internet Service,No Internet Service,Month-To-Month,No,Mailed Check,20.05,406.05,No
4020-Kiudi,Male,0,Yes,Yes,6,Yes,No,No,No Internet Service,No Internet Service,No Internet Service,No Internet Service,No Internet Service,No Internet Service,Month-To-Month,No,Credit Card (Automatic),19.85,138.85,No
5850-Bdwcy,Female,0,No,No,6,Yes,No,No,No Internet Service,No Internet Service,No Internet Service,No Internet Service,No Internet Service,No Internet Service,Month-To-Month,No,Mailed Check,20.2,123.65,No
2038-Yseze,Female,0,No,No,29,Yes,Yes,Dsl,Yes,Yes,No,Yes,No,No,Month-To-Month,No,Mailed Check,67.45,1801.1,No
0827-Itjph,Male,0,No,No,36,Yes,No,No,No Internet Service,No Internet Service,No Internet Service,No Internet Service,No Internet Service,No Internet Service,Two Year,Yes,Credit Card (Automatic),18.55,689,No
8799-Oxzmd,Female,0,No,No,28,No,No Phone Service,Dsl,No,No,Yes,No,No,No,Month-To-Month,Yes,Mailed Check,29.75,790.7,No
1925-Tible,Female,0,Yes,No,7,Yes,Yes,Fiber Optic,No,No,No,No,Yes,No,Month-To-Month,Yes,Electronic Check,86.5,582.5,Yes
1705-Guhpv,Female,0,No,No,63,Yes,Yes,No,No Internet Service,No Internet Service,No Internet Service,No Internet Service,No Internet Service,No Internet Service,Two Year,No,Mailed Check,24.2,1618.2,No
4779-Zgick,Male,0,Yes,Yes,48,Yes,Yes,No,No Internet Service,No Internet Service,No Internet Service,No Internet Service,No Internet Service,No Internet Service,Two Year,No,Mailed Check,23.55,1173.35,No
0048-Pihnl,Female,0,Yes,No,49,Yes,No,No,No Internet Service,No Internet Service,No Internet Service,No Internet Service,No Internet Service,No Internet Service,One Year,No,Bank Transfer (Automatic),20.45,900.9,No
0818-Ocpzo,Male,1,No,No,27,Yes,Yes,Fiber Optic,No,Yes,No,No,No,No,Month-To-Month,Yes,Electronic Check,81.45,2122.05,Yes
3967-Kxaps,Male,0,Yes,No,72,Yes,Yes,Dsl,Yes,Yes,Yes,Yes,Yes,Yes,Two Year,No,Credit Card (Automatic),92.3,6719.9,No
1447-Giqmr,Male,0,Yes,No,1,Yes,No,Fiber Optic,No,No,No,No,No,No,Month-To-Month,Yes,Electronic Check,69.15,69.15,Yes
3704-Ieaxf,Female,0,Yes,Yes,72,No,No Phone Service,Dsl,No,Yes,No,Yes,Yes,Yes,Two Year,No,Credit Card (Automatic),53.65,3784,No
6810-Vcaex,Female,0,No,No,47,No,No Phone Service,Dsl,Yes,Yes,No,Yes,No,No,One Year,No,Credit Card (Automatic),39.65,1798.65,No
0674-Eyyzv,Female,0,No,No,1,Yes,No,Dsl,No,No,No,No,Yes,No,Month-To-Month,Yes,Electronic Check,54.65,54.65,No
4480-Mbmlb,Female,0,No,No,36,Yes,Yes,Fiber Optic,No,Yes,Yes,No,Yes,Yes,One Year,Yes,Bank Transfer (Automatic),104.8,3886.45,No
1395-Ofuwc,Male,0,Yes,Yes,43,No,No Phone Service,Dsl,No,Yes,No,No,No,No,Month-To-Month,No,Credit Card (Automatic),29.3,1224.05,No
0822-Qgcxa,Female,1,Yes,No,27,Yes,Yes,Dsl,No,Yes,Yes,Yes,Yes,Yes,Month-To-Month,No,Electronic Check,83.85,2310.2,No
0872-Nxjys,Female,0,No,No,9,Yes,No,Fiber Optic,No,No,No,No,No,Yes,Month-To-Month,Yes,Electronic Check,79.55,723.4,Yes
2832-Kjcrd,Female,0,No,No,38,Yes,Yes,Fiber Optic,No,No,Yes,Yes,Yes,Yes,Month-To-Month,Yes,Electronic Check,103.65,3988.5,No
3588-Wsttj,Female,1,No,No,35,Yes,Yes,Fiber Optic,Yes,No,No,No,Yes,Yes,Month-To-Month,Yes,Electronic Check,99.05,3554.6,No
4075-Wkniu,Female,0,Yes,Yes,0,Yes,Yes,Dsl,No,Yes,Yes,Yes,Yes,No,Two Year,No,Mailed Check,73.35,,No
5090-Emgtc,Female,0,Yes,No,59,Yes,No,Fiber Optic,No,Yes,No,Yes,Yes,Yes,Two Year,Yes,Mailed Check,100.05,6034.85,No
2346-Czyil,Male,0,No,No,27,Yes,No,No,No Internet Service,No Internet Service,No Internet Service,No Internet Service,No Internet Service,No Internet Service,Two Year,No,Credit Card (Automatic),20.35,531.6,No
3798-Epwrr,Female,1,No,No,2,Yes,No,Dsl,No,No,No,No,No,No,Month-To-Month,No,Electronic Check,43.95,85.1,No
6258-Ngcng,Male,0,No,No,7,Yes,Yes,No,No Internet Service,No Internet Service,No Internet Service,No Internet Service,No Internet Service,No Internet Service,Month-To-Month,No,Mailed Check,23.5,173,No
4186-Zbuew,Female,0,No,No,36,Yes,Yes,Dsl,No,Yes,No,Yes,No,Yes,One Year,Yes,Mailed Check,70.7,2511.95,No
5274-Xhaky,Female,0,Yes,Yes,41,Yes,Yes,Fiber Optic,Yes,Yes,No,No,Yes,No,Month-To-Month,Yes,Bank Transfer (Automatic),94.3,3893.6,No
1442-Bqpvu,Female,0,No,No,13,No,No Phone Service,Dsl,No,Yes,No,No,No,No,Month-To-Month,No,Electronic Check,29.15,357.15,No
3978-Ynkdd,Male,0,No,Yes,19,Yes,No,No,No Internet Service,No Internet Service,No Internet Service,No Internet Service,No Internet Service,No Internet Service,Two Year,No,Credit Card (Automatic),20.85,467.5,No
4940-Khcwd,Female,0,Yes,No,60,No,No Phone Service,Dsl,Yes,Yes,No,Yes,No,No,Two Year,No,Bank Transfer (Automatic),37.7,2288.7,No
9412-Argbx,Female,0,No,Yes,48,Yes,No,Fiber Optic,No,Yes,Yes,Yes,Yes,No,Two Year,Yes,Mailed Check,95.5,4627.85,Yes
1389-Cxmlu,Male,1,No,No,3,Yes,Yes,Fiber Optic,No,No,Yes,No,Yes,No,Month-To-Month,No,Electronic Check,91.05,289.1,Yes
9589-Abept,Male,0,Yes,No,69,Yes,Yes,Fiber Optic,No,Yes,No,Yes,Yes,No,Two Year,Yes,Mailed Check,92.45,6460.55,No
9388-Zeyvt,Male,0,No,No,43,No,No Phone Service,Dsl,No,No,Yes,Yes,No,Yes,One Year,No,Electronic Check,44.15,1931.3,No
0305-Sqecb,Female,0,No,Yes,11,No,No Phone Service,Dsl,Yes,No,No,Yes,No,No,One Year,Yes,Mailed Check,36.05,402.6,No
7605-Snlqg,Female,0,Yes,No,45,Yes,No,Dsl,No,No,Yes,No,No,No,Month-To-Month,Yes,Credit Card (Automatic),50.25,2221.55,No
4670-Tabxh,Male,0,Yes,No,72,Yes,Yes,Fiber Optic,No,Yes,Yes,Yes,Yes,Yes,Two Year,Yes,Credit Card (Automatic),109.75,7758.9,No
5561-Nwevx,Female,1,Yes,No,2,Yes,Yes,Fiber Optic,No,No,Yes,No,No,No,Month-To-Month,No,Electronic Check,79.2,172.85,Yes
0064-Sudog,Female,0,Yes,Yes,12,Yes,No,No,No Internet Service,No Internet Service,No Internet Service,No Internet Service,No Internet Service,No Internet Service,Two Year,No,Bank Transfer (Automatic),20.3,224.5,No
8561-Nmtbd,Female,0,Yes,Yes,67,Yes,Yes,Fiber Optic,No,Yes,Yes,Yes,Yes,Yes,One Year,Yes,Credit Card (Automatic),112.35,7388.45,No
5161-Xeuvx,Male,0,Yes,No,37,Yes,Yes,Fiber Optic,No,No,Yes,Yes,Yes,No,Two Year,No,Mailed Check,94.3,3460.95,No
8292-Frfzq,Female,0,No,No,39,No,No Phone Service,Dsl,Yes,Yes,No,Yes,No,No,One Year,No,Bank Transfer (Automatic),41.15,1700.9,No
8591-Nxrcv,Female,0,No,No,41,Yes,Yes,Dsl,Yes,No,Yes,Yes,No,Yes,Month-To-Month,Yes,Bank Transfer (Automatic),74.65,3090.65,No
7895-Vonwt,Female,0,No,No,25,No,No Phone Service,Dsl,No,No,Yes,No,Yes,Yes,Month-To-Month,Yes,Electronic Check,48.25,1293.8,No
4526-Rmtll,Male,0,Yes,Yes,8,Yes,Yes,Dsl,Yes,Yes,No,Yes,No,Yes,Two Year,Yes,Credit Card (Automatic),76.15,645.8,No
6253-Gnhwh,Female,0,Yes,Yes,71,Yes,Yes,Dsl,Yes,Yes,Yes,Yes,No,No,Two Year,No,Mailed Check,71.1,5224.95,No
4566-Necev,Male,0,No,No,5,Yes,Yes,Fiber Optic,No,Yes,Yes,No,No,Yes,Month-To-Month,No,Electronic Check,96.55,500.1,No
8080-Potjr,Female,0,No,No,30,Yes,Yes,Dsl,Yes,No,Yes,No,Yes,Yes,One Year,Yes,Credit Card (Automatic),79.3,2427.1,No
6906-Mpary,Male,0,No,No,40,Yes,No,Fiber Optic,No,Yes,No,Yes,No,Yes,One Year,Yes,Credit Card (Automatic),89.6,3488.15,No
3662-Fxjfo,Female,0,No,No,54,Yes,No,No,No Internet Service,No Internet Service,No Internet Service,No Internet Service,No Internet Service,No Internet Service,Two Year,Yes,Mailed Check,20.5,1035.7,No
8107-Rzlnv,Male,0,Yes,No,72,Yes,Yes,Fiber Optic,No,Yes,Yes,No,Yes,Yes,Two Year,Yes,Bank Transfer (Automatic),106.3,7565.35,No
0516-Oohar,Male,0,Yes,Yes,28,Yes,No,Fiber Optic,No,Yes,Yes,No,Yes,Yes,One Year,No,Bank Transfer (Automatic),100.35,2799,No
2027-Cwdnu,Male,0,Yes,Yes,18,Yes,No,Fiber Optic,No,No,No,Yes,No,Yes,Month-To-Month,Yes,Electronic Check,85.6,1601.5,No
2737-Wfvyw,Female,0,No,No,2,No,No Phone Service,Dsl,No,No,No,No,Yes,Yes,Month-To-Month,Yes,Electronic Check,45.25,85.5,Yes
9912-Omzds,Female,0,Yes,Yes,59,Yes,Yes,Fiber Optic,No,Yes,Yes,No,Yes,Yes,One Year,Yes,Electronic Check,106.15,6256.2,No
3733-Zeecp,Male,0,Yes,Yes,22,Yes,No,Dsl,No,No,No,Yes,No,No,Month-To-Month,Yes,Electronic Check,51.1,1232.9,No
7878-Rtczg,Female,0,No,No,1,Yes,No,No,No Internet Service,No Internet Service,No Internet Service,No Internet Service,No Internet Service,No Internet Service,Month-To-Month,No,Mailed Check,19.9,19.9,No
2452-Mrmzf,Female,1,Yes,No,72,Yes,Yes,No,No Internet Service,No Internet Service,No Internet Service,No Internet Service,No Internet Service,No Internet Service,Two Year,Yes,Credit Card (Automatic),25.7,1937.4,No
2272-Qagfo,Female,1,No,No,14,Yes,Yes,Fiber Optic,No,No,No,No,No,No,Month-To-Month,Yes,Electronic Check,74.3,1096.25,Yes
7103-Ipxpj,Male,0,Yes,No,50,Yes,Yes,Fiber Optic,No,No,No,Yes,Yes,Yes,One Year,No,Electronic Check,99.4,5059.75,No
4342-Hfxws,Female,0,Yes,Yes,48,Yes,No,Dsl,Yes,No,Yes,Yes,Yes,No,One Year,No,Bank Transfer (Automatic),69.7,3023.65,No
3545-Cnwrg,Female,0,Yes,Yes,49,Yes,Yes,Fiber Optic,No,Yes,No,No,Yes,Yes,Month-To-Month,Yes,Electronic Check,98.35,4889.2,No
1785-Bphtp,Male,0,Yes,Yes,28,Yes,No,Fiber Optic,No,No,Yes,No,Yes,No,Month-To-Month,No,Electronic Check,85.45,2289.9,No
4989-Lixvt,Male,1,No,No,68,Yes,Yes,Fiber Optic,No,Yes,Yes,No,No,Yes,Month-To-Month,Yes,Electronic Check,95.9,6503.2,No
7315-Wyoaw,Male,0,No,No,13,Yes,Yes,Fiber Optic,No,No,No,Yes,Yes,Yes,Month-To-Month,No,Electronic Check,100.75,1313.25,No
1173-Xzpyf,Female,0,No,No,11,Yes,Yes,Fiber Optic,No,No,Yes,No,Yes,No,Month-To-Month,Yes,Electronic Check,89.2,990.3,No
9850-Owrhq,Female,0,Yes,No,3,Yes,Yes,Fiber Optic,No,No,No,No,No,No,Month-To-Month,Yes,Credit Card (Automatic),74.1,228,Yes
3768-Nlubh,Male,1,Yes,No,57,Yes,Yes,Fiber Optic,No,No,Yes,No,Yes,Yes,Month-To-Month,No,Electronic Check,100.6,5746.15,Yes
8676-Trmjs,Male,0,No,No,3,Yes,Yes,Fiber Optic,No,No,No,No,No,No,Month-To-Month,No,Mailed Check,75.0,209.1,Yes
2509-Tfpju,Male,0,Yes,No,72,Yes,Yes,No,No Internet Service,No Internet Service,No Internet Service,No Internet Service,No Internet Service,No Internet Service,Two Year,No,Credit Card (Automatic),25.75,1864.2,No
9530-Grmjg,Male,0,Yes,Yes,70,Yes,Yes,Dsl,No,Yes,Yes,Yes,Yes,Yes,Two Year,Yes,Electronic Check,84.1,5979.7,No
6898-Rbtlu,Female,0,Yes,Yes,49,Yes,Yes,Dsl,No,Yes,No,Yes,Yes,Yes,Two Year,No,Bank Transfer (Automatic),79.3,3902.45,No
5481-Ntdoh,Female,1,Yes,No,67,Yes,Yes,Fiber Optic,Yes,No,Yes,No,Yes,Yes,One Year,Yes,Credit Card (Automatic),107.05,7142.5,No
2068-Wwxqz,Male,0,No,No,46,Yes,No,No,No Internet Service,No Internet Service,No Internet Service,No Internet Service,No Internet Service,No Internet Service,Two Year,No,Bank Transfer (Automatic),20.05,902,No
7359-Ssbjk,Female,1,No,No,64,Yes,No,Dsl,Yes,Yes,No,Yes,Yes,No,Two Year,Yes,Credit Card (Automatic),70.2,4481,Yes
2061-Vvfst,Female,0,Yes,No,37,Yes,No,No,No Internet Service,No Internet Service,No Internet Service,No Internet Service,No Internet Service,No Internet Service,Month-To-Month,No,Bank Transfer (Automatic),19.5,805.2,No
0685-Mlyym,Female,1,No,No,2,Yes,No,Fiber Optic,No,No,No,No,No,No,Month-To-Month,No,Electronic Check,70.75,154.85,Yes
0749-Irgqe,Female,1,Yes,No,13,No,No Phone Service,Dsl,No,No,No,No,Yes,Yes,Month-To-Month,No,Electronic Check,45.3,528.45,No
2380-Damqp,Female,0,Yes,No,72,Yes,Yes,Fiber Optic,Yes,Yes,Yes,Yes,Yes,Yes,Two Year,No,Electronic Check,115.15,8349.7,No
2256-Ylylp,Male,0,Yes,Yes,68,Yes,No,Dsl,No,No,Yes,Yes,Yes,Yes,Two Year,Yes,Bank Transfer (Automatic),72.95,4953.25,No
1272-Ilhfg,Male,0,Yes,Yes,15,Yes,No,No,No Internet Service,No Internet Service,No Internet Service,No Internet Service,No Internet Service,No Internet Service,One Year,No,Mailed Check,19.65,332.65,No
0164-Xairp,Female,0,No,No,24,Yes,No,No,No Internet Service,No Internet Service,No Internet Service,No Internet Service,No Internet Service,No Internet Service,Two Year,Yes,Bank Transfer (Automatic),19.55,470.2,No
5666-Cycyz,Female,0,No,No,24,Yes,Yes,Fiber Optic,No,No,No,Yes,No,Yes,Month-To-Month,Yes,Electronic Check,89.55,2259.35,No
4011-Arphk,Male,0,No,No,27,Yes,No,Dsl,Yes,No,No,No,No,No,Month-To-Month,No,Mailed Check,50.35,1411.35,No
8182-Pnagi,Male,0,No,No,12,Yes,No,Dsl,No,No,No,Yes,No,No,Month-To-Month,No,Bank Transfer (Automatic),50.25,593.75,Yes
6365-Hitvu,Female,0,Yes,Yes,71,Yes,No,Dsl,Yes,Yes,Yes,Yes,Yes,Yes,Two Year,No,Credit Card (Automatic),87.25,6328.7,No
7558-Imlmt,Male,0,Yes,Yes,67,Yes,No,No,No Internet Service,No Internet Service,No Internet Service,No Internet Service,No Internet Service,No Internet Service,Two Year,Yes,Mailed Check,20.8,1411.9,No
9488-Fyqau,Female,0,Yes,No,63,Yes,Yes,Fiber Optic,No,Yes,Yes,Yes,Yes,Yes,Two Year,Yes,Bank Transfer (Automatic),109.25,6841.4,No
3590-Tcxtb,Male,0,No,No,1,Yes,No,No,No Internet Service,No Internet Service,No Internet Service,No Internet Service,No Internet Service,No Internet Service,Month-To-Month,No,Mailed Check,20.35,20.35,No
6994-Kerxl,Male,0,No,No,4,Yes,No,Dsl,No,No,No,No,No,Yes,Month-To-Month,Yes,Electronic Check,55.9,238.5,No
7957-Ryhqd,Female,1,No,No,40,Yes,No,Fiber Optic,Yes,Yes,No,No,No,No,Month-To-Month,Yes,Credit Card (Automatic),79.2,3233.85,Yes
2180-Dxneg,Female,0,No,No,12,Yes,No,Fiber Optic,No,No,Yes,No,Yes,Yes,Month-To-Month,Yes,Electronic Check,96.0,1062.1,Yes
1960-Uotym,Male,0,Yes,Yes,52,Yes,No,Dsl,Yes,Yes,Yes,No,Yes,Yes,Two Year,No,Electronic Check,79.2,4016.3,No
2740-Jfbok,Male,0,No,No,10,Yes,Yes,No,No Internet Service,No Internet Service,No Internet Service,No Internet Service,No Internet Service,No Internet Service,Month-To-Month,Yes,Electronic Check,24.0,226.55,No
6500-Jvegc,Male,0,No,No,68,Yes,Yes,Fiber Optic,Yes,Yes,Yes,No,Yes,No,One Year,No,Bank Transfer (Automatic),101.35,7110.75,No
5515-Akoaj,Female,0,No,No,54,Yes,Yes,Fiber Optic,No,No,No,Yes,Yes,Yes,Month-To-Month,Yes,Electronic Check,100.1,5440.9,Yes
8976-Oqhgt,Female,0,Yes,Yes,4,Yes,No,Dsl,No,Yes,No,Yes,No,No,Month-To-Month,No,Mailed Check,56.5,235.1,Yes
5245-Vdbur,Female,0,Yes,No,52,No,No Phone Service,Dsl,Yes,No,Yes,No,No,No,One Year,No,Mailed Check,35.45,1958.95,No
6230-Bsuxy,Female,1,No,No,1,Yes,No,Fiber Optic,No,No,Yes,No,No,Yes,Month-To-Month,Yes,Electronic Check,85.0,85,Yes
8469-Snffh,Male,0,Yes,No,70,Yes,Yes,Dsl,Yes,Yes,Yes,Yes,Yes,No,One Year,No,Bank Transfer (Automatic),79.4,5528.9,No
2144-Eswko,Male,0,No,No,43,No,No Phone Service,Dsl,Yes,No,Yes,No,No,No,One Year,Yes,Credit Card (Automatic),35.2,1463.7,No
1241-Fpmof,Male,0,No,No,52,Yes,No,No,No Internet Service,No Internet Service,No Internet Service,No Internet Service,No Internet Service,No Internet Service,Two Year,No,Mailed Check,19.65,1025.05,No
9928-Bzvlz,Female,0,No,No,12,No,No Phone Service,Dsl,Yes,No,Yes,Yes,No,Yes,Two Year,No,Mailed Check,49.85,552.1,No
4114-Qmkvn,Female,0,Yes,Yes,56,Yes,Yes,Dsl,Yes,Yes,No,No,No,Yes,One Year,No,Bank Transfer (Automatic),68.75,3815.4,No
2775-Sefee,Male,0,No,Yes,0,Yes,Yes,Dsl,Yes,Yes,No,Yes,No,No,Two Year,Yes,Bank Transfer (Automatic),61.9,,No
9003-Cpath,Male,0,No,No,42,Yes,Yes,Fiber Optic,No,No,Yes,No,No,No,Month-To-Month,No,Electronic Check,79.9,3313.4,No
1754-Gkypy,Male,1,Yes,No,22,Yes,No,Fiber Optic,No,No,No,No,Yes,Yes,Month-To-Month,Yes,Bank Transfer (Automatic),89.75,1938.9,No
5294-Cdgwy,Male,0,Yes,Yes,51,No,No Phone Service,Dsl,Yes,Yes,Yes,No,Yes,Yes,One Year,No,Electronic Check,59.3,3014.65,Yes
7956-Xqwgu,Male,0,No,No,27,Yes,No,No,No Internet Service,No Internet Service,No Internet Service,No Internet Service,No Internet Service,No Internet Service,Month-To-Month,Yes,Credit Card (Automatic),19.4,460.25,No
1591-Mqjtp,Male,1,Yes,No,51,Yes,Yes,Fiber Optic,Yes,No,Yes,No,No,Yes,One Year,Yes,Bank Transfer (Automatic),93.65,4839.15,No
5295-Pcjoo,Male,0,No,Yes,4,Yes,No,Dsl,Yes,No,No,No,No,No,Month-To-Month,Yes,Electronic Check,49.4,184.4,Yes
2369-Fevno,Male,0,No,No,1,Yes,No,No,No Internet Service,No Internet Service,No Internet Service,No Internet Service,No Internet Service,No Internet Service,Month-To-Month,Yes,Mailed Check,19.9,19.9,No
9863-Jzaic,Male,0,No,No,35,Yes,No,Dsl,No,No,No,No,Yes,No,Month-To-Month,No,Mailed Check,55.0,2010.55,Yes
7471-Mqpos,Male,1,Yes,Yes,71,Yes,Yes,Dsl,No,Yes,Yes,Yes,No,Yes,One Year,Yes,Bank Transfer (Automatic),72.9,5139.65,No
7660-Hdpjv,Female,0,No,No,1,Yes,No,Fiber Optic,No,No,No,No,No,No,Month-To-Month,Yes,Electronic Check,69.2,69.2,Yes
5115-Sqaau,Female,0,Yes,Yes,69,Yes,Yes,No,No Internet Service,No Internet Service,No Internet Service,No Internet Service,No Internet Service,No Internet Service,Two Year,Yes,Bank Transfer (Automatic),25.6,1673.4,No
9845-Qomad,Male,0,Yes,Yes,14,Yes,No,No,No Internet Service,No Internet Service,No Internet Service,No Internet Service,No Internet Service,No Internet Service,One Year,No,Mailed Check,19.75,309.35,No
7672-Vfmxz,Male,0,Yes,No,57,Yes,No,Dsl,Yes,No,No,Yes,No,No,Month-To-Month,No,Electronic Check,55.7,3171.6,No
9739-Jlpqj,Female,0,Yes,Yes,72,Yes,Yes,Fiber Optic,Yes,Yes,Yes,Yes,Yes,Yes,Two Year,No,Credit Card (Automatic),117.5,8670.1,No
9916-Ayhtc,Male,0,No,No,48,Yes,No,No,No Internet Service,No Internet Service,No Internet Service,No Internet Service,No Internet Service,No Internet Service,Two Year,No,Credit Card (Automatic),19.85,916,No
3855-Oncar,Female,0,Yes,Yes,4,Yes,No,Fiber Optic,No,No,No,No,Yes,No,Month-To-Month,Yes,Mailed Check,78.9,299.75,No
1488-Sysfc,Male,0,Yes,Yes,31,Yes,No,No,No Internet Service,No Internet Service,No Internet Service,No Internet Service,No Internet Service,No Internet Service,Month-To-Month,Yes,Electronic Check,20.65,702.05,No
7931-Pxhfc,Male,0,No,No,38,Yes,No,Dsl,No,No,Yes,Yes,No,Yes,One Year,Yes,Mailed Check,62.3,2354.8,Yes
3990-Qykbe,Male,1,Yes,No,37,Yes,Yes,Fiber Optic,No,No,No,No,Yes,Yes,Month-To-Month,Yes,Electronic Check,92.5,3473.4,Yes
0970-Qxpxw,Female,0,No,No,1,Yes,No,No,No Internet Service,No Internet Service,No Internet Service,No Internet Service,No Internet Service,No Internet Service,Month-To-Month,No,Mailed Check,19.65,19.65,No
3259-Knmrr,Male,1,No,No,57,Yes,Yes,Dsl,No,Yes,Yes,No,Yes,Yes,Two Year,Yes,Bank Transfer (Automatic),79.75,4438.2,No
6120-Rjklu,Female,1,Yes,No,62,Yes,No,Dsl,Yes,No,Yes,Yes,Yes,Yes,Two Year,Yes,Credit Card (Automatic),79.95,4819.75,No
9572-Wuksb,Male,0,Yes,No,3,No,No Phone Service,Dsl,No,No,No,Yes,No,No,Month-To-Month,Yes,Electronic Check,29.9,92.25,No
5893-Kclgt,Female,0,No,Yes,72,Yes,No,No,No Internet Service,No Internet Service,No Internet Service,No Internet Service,No Internet Service,No Internet Service,Two Year,Yes,Mailed Check,19.75,1567,No
0076-Lveps,Male,0,No,Yes,29,No,No Phone Service,Dsl,Yes,Yes,Yes,Yes,No,No,Month-To-Month,Yes,Mailed Check,45.0,1242.45,No
3640-Jqgjg,Male,0,Yes,Yes,13,Yes,No,Dsl,No,No,No,No,No,No,Month-To-Month,No,Bank Transfer (Automatic),44.8,559.2,No
4919-Moavt,Male,0,No,Yes,3,Yes,No,Fiber Optic,No,No,No,No,No,No,Month-To-Month,No,Electronic Check,69.65,220.1,Yes
1596-Oqsps,Female,0,No,No,11,Yes,No,Dsl,No,Yes,No,No,No,No,Month-To-Month,No,Electronic Check,51.1,531.15,No
9867-Xobqa,Female,0,No,Yes,21,No,No Phone Service,Dsl,Yes,Yes,Yes,Yes,Yes,No,Two Year,No,Mailed Check,53.15,1183.2,No
9546-Kdtrb,Female,0,No,No,19,Yes,Yes,No,No Internet Service,No Internet Service,No Internet Service,No Internet Service,No Internet Service,No Internet Service,Month-To-Month,No,Bank Transfer (Automatic),24.7,465.85,No
3090-Hawsu,Male,0,No,No,61,Yes,Yes,Fiber Optic,Yes,No,Yes,Yes,Yes,Yes,Two Year,Yes,Credit Card (Automatic),111.6,6876.05,Yes
9820-Rmcqv,Female,0,No,No,11,Yes,No,Dsl,Yes,No,No,No,No,No,Month-To-Month,No,Credit Card (Automatic),48.55,501,Yes
3174-Rkmow,Male,0,Yes,Yes,35,Yes,Yes,Fiber Optic,No,Yes,Yes,Yes,Yes,Yes,Month-To-Month,Yes,Electronic Check,109.95,3782.4,No
1760-Cazht,Male,0,No,Yes,25,Yes,No,No,No Internet Service,No Internet Service,No Internet Service,No Internet Service,No Internet Service,No Internet Service,Month-To-Month,No,Mailed Check,20.8,460.2,No
7839-Qrkxn,Female,0,No,No,1,Yes,No,No,No Internet Service,No Internet Service,No Internet Service,No Internet Service,No Internet Service,No Internet Service,Month-To-Month,Yes,Mailed Check,20.2,20.2,Yes
8441-Shipe,Female,0,No,No,67,Yes,Yes,No,No Internet Service,No Internet Service,No Internet Service,No Internet Service,No Internet Service,No Internet Service,Two Year,Yes,Bank Transfer (Automatic),25.6,1790.35,No
5204-Qzxpu,Male,0,No,No,19,No,No Phone Service,Dsl,No,No,Yes,No,Yes,No,Month-To-Month,Yes,Electronic Check,39.65,733.35,Yes
4597-Elfts,Male,0,No,No,56,Yes,Yes,No,No Internet Service,No Internet Service,No Internet Service,No Internet Service,No Internet Service,No Internet Service,One Year,No,Electronic Check,24.9,1334,Yes
1320-Gvnht,Male,0,Yes,Yes,72,Yes,Yes,Fiber Optic,Yes,Yes,Yes,No,Yes,Yes,Two Year,Yes,Credit Card (Automatic),108.4,7767.25,No
1047-Rnxzv,Male,0,No,No,43,Yes,No,No,No Internet Service,No Internet Service,No Internet Service,No Internet Service,No Internet Service,No Internet Service,Two Year,No,Mailed Check,19.55,876.15,No
3541-Znuhk,Female,0,Yes,Yes,55,Yes,Yes,Fiber Optic,Yes,Yes,No,No,No,No,Month-To-Month,Yes,Electronic Check,85.1,4600.95,No
8450-Jovah,Male,0,Yes,Yes,2,Yes,Yes,Dsl,Yes,No,No,No,No,No,Month-To-Month,No,Mailed Check,56.7,113.55,Yes
8725-Jedfd,Male,0,No,No,27,Yes,No,Fiber Optic,No,No,No,No,No,No,Month-To-Month,Yes,Mailed Check,69.05,1793.25,No
7562-Uxtpg,Female,0,No,No,13,Yes,No,Fiber Optic,No,No,No,No,No,No,Month-To-Month,Yes,Mailed Check,70.15,886.7,No
8071-Sbtrn,Female,0,No,No,70,Yes,Yes,Fiber Optic,Yes,Yes,Yes,No,Yes,Yes,Two Year,Yes,Mailed Check,111.15,7737.55,No
1113-Iujyx,Female,0,Yes,No,14,Yes,No,Fiber Optic,Yes,Yes,No,Yes,Yes,Yes,One Year,No,Mailed Check,105.95,1348.9,Yes
6668-Cnmfp,Female,0,Yes,Yes,19,Yes,Yes,Fiber Optic,No,No,No,Yes,No,Yes,One Year,Yes,Bank Transfer (Automatic),89.35,1686.85,No
5626-Mgtuk,Female,0,No,No,20,Yes,Yes,Fiber Optic,Yes,No,No,No,Yes,No,Month-To-Month,Yes,Bank Transfer (Automatic),89.1,1879.25,No
5681-Lloei,Male,0,Yes,Yes,43,Yes,Yes,Fiber Optic,Yes,No,Yes,Yes,No,No,One Year,Yes,Credit Card (Automatic),91.25,4013.8,No
8212-Djrch,Male,0,Yes,Yes,5,Yes,No,Fiber Optic,Yes,No,Yes,No,No,Yes,Month-To-Month,Yes,Mailed Check,90.35,434.5,No
4323-Ohfow,Female,1,Yes,No,70,Yes,Yes,Fiber Optic,No,Yes,No,Yes,Yes,Yes,One Year,Yes,Bank Transfer (Automatic),105.55,7195.35,No
4933-Bsaip,Female,0,Yes,No,40,Yes,No,No,No Internet Service,No Internet Service,No Internet Service,No Internet Service,No Internet Service,No Internet Service,Two Year,No,Mailed Check,19.1,780.1,No
2030-Btzro,Male,0,Yes,Yes,6,Yes,No,No,No Internet Service,No Internet Service,No Internet Service,No Internet Service,No Internet Service,No Internet Service,Two Year,Yes,Credit Card (Automatic),20.4,107.6,No
1116-Dxxdf,Male,0,No,No,39,Yes,No,Fiber Optic,Yes,No,Yes,No,Yes,Yes,Two Year,Yes,Electronic Check,100.45,3801.7,No
9274-Cnfmo,Male,1,Yes,No,4,Yes,Yes,Fiber Optic,No,No,No,No,No,No,Month-To-Month,No,Electronic Check,74.95,308.7,Yes
7758-Xkcbs,Male,0,No,No,15,No,No Phone Service,Dsl,No,No,No,Yes,No,No,Month-To-Month,Yes,Electronic Check,29.7,438.25,Yes
8992-Jqyun,Male,0,Yes,No,1,No,No Phone Service,Dsl,No,No,Yes,No,Yes,Yes,Month-To-Month,Yes,Electronic Check,50.35,50.35,Yes
6563-Vnpmn,Female,1,No,No,45,Yes,No,Fiber Optic,Yes,Yes,No,Yes,No,No,Month-To-Month,Yes,Bank Transfer (Automatic),85.7,3778.1,No
0617-Aqnwt,Female,0,Yes,No,64,No,No Phone Service,Dsl,Yes,No,Yes,Yes,No,Yes,Two Year,No,Electronic Check,47.85,3147.5,Yes
2267-Wtpyd,Female,1,Yes,No,57,Yes,Yes,Fiber Optic,No,Yes,Yes,No,No,Yes,Month-To-Month,No,Credit Card (Automatic),94.0,5438.95,No
0270-Thenm,Male,0,Yes,Yes,72,Yes,Yes,Dsl,Yes,Yes,Yes,Yes,No,No,Two Year,No,Bank Transfer (Automatic),69.85,5102.35,No
2446-Plqvo,Male,0,No,No,1,Yes,No,Fiber Optic,No,No,No,No,No,No,Month-To-Month,Yes,Electronic Check,70.3,70.3,Yes
4707-Maxgu,Male,0,Yes,No,72,Yes,Yes,No,No Internet Service,No Internet Service,No Internet Service,No Internet Service,No Internet Service,No Internet Service,Two Year,No,Credit Card (Automatic),25.85,1872.2,No
2710-Wyvxg,Female,0,No,No,3,Yes,No,Dsl,Yes,Yes,No,Yes,No,Yes,Two Year,No,Mailed Check,71.1,213.35,No
3005-Nfmta,Male,1,No,No,55,Yes,Yes,Fiber Optic,Yes,No,No,No,Yes,Yes,Month-To-Month,Yes,Electronic Check,98.8,5617.75,Yes
6300-Bwmjx,Female,0,Yes,No,59,Yes,Yes,Fiber Optic,No,No,Yes,Yes,Yes,No,Month-To-Month,No,Electronic Check,93.35,5386.5,No
8784-Cgiln,Female,0,No,No,18,Yes,Yes,Fiber Optic,No,No,No,Yes,Yes,Yes,Month-To-Month,Yes,Bank Transfer (Automatic),99.85,1776.95,Yes
5389-Ffvkb,Male,1,Yes,No,32,Yes,No,Fiber Optic,No,No,No,No,No,Yes,Month-To-Month,Yes,Credit Card (Automatic),80.3,2483.05,Yes
7009-Lgeci,Female,0,No,No,4,Yes,No,Dsl,Yes,No,No,No,No,No,Month-To-Month,Yes,Bank Transfer (Automatic),50.55,235.65,No
8444-Wridw,Female,1,No,No,66,Yes,Yes,Fiber Optic,No,Yes,No,No,No,No,Month-To-Month,Yes,Credit Card (Automatic),80.45,5224.35,Yes
5022-Kvdqt,Male,0,No,No,27,Yes,Yes,Fiber Optic,No,No,Yes,No,No,No,Month-To-Month,Yes,Electronic Check,81.3,2272.8,No
7976-Cicys,Male,0,No,No,4,Yes,No,No,No Internet Service,No Internet Service,No Internet Service,No Internet Service,No Internet Service,No Internet Service,Month-To-Month,Yes,Credit Card (Automatic),20.7,83.75,No
1036-Gudcl,Male,0,Yes,Yes,60,Yes,No,Dsl,Yes,Yes,No,Yes,Yes,Yes,Month-To-Month,Yes,Credit Card (Automatic),79.05,4663.4,No
2005-Dwqzj,Female,0,Yes,Yes,8,Yes,No,No,No Internet Service,No Internet Service,No Internet Service,No Internet Service,No Internet Service,No Internet Service,Two Year,No,Mailed Check,19.05,201.7,No
8148-Wocmk,Male,0,Yes,Yes,8,Yes,No,No,No Internet Service,No Internet Service,No Internet Service,No Internet Service,No Internet Service,No Internet Service,Two Year,No,Credit Card (Automatic),19.6,125,No
7815-Pdthl,Male,0,No,No,35,Yes,No,No,No Internet Service,No Internet Service,No Internet Service,No Internet Service,No Internet Service,No Internet Service,Two Year,Yes,Mailed Check,20.2,684.4,No
9451-Lpgoo,Male,0,No,No,7,Yes,Yes,Fiber Optic,No,No,No,No,No,Yes,Month-To-Month,Yes,Electronic Check,86.8,620.35,Yes
9173-Ivzvp,Female,0,Yes,Yes,53,Yes,No,No,No Internet Service,No Internet Service,No Internet Service,No Internet Service,No Internet Service,No Internet Service,Two Year,No,Mailed Check,20.9,1146.05,No
9129-Uxerg,Female,1,No,No,18,Yes,Yes,Fiber Optic,No,Yes,No,Yes,Yes,Yes,Month-To-Month,Yes,Credit Card (Automatic),103.6,1806.35,No
3635-Jbpsg,Female,0,No,No,15,No,No Phone Service,Dsl,No,Yes,No,No,No,Yes,Two Year,Yes,Mailed Check,38.8,603,No
7964-Zrkkg,Male,0,Yes,No,67,Yes,Yes,Fiber Optic,No,Yes,No,No,Yes,No,One Year,Yes,Bank Transfer (Automatic),88.4,5798.3,No
5868-Ywpdw,Male,1,Yes,No,6,Yes,No,Fiber Optic,No,Yes,No,No,No,Yes,Month-To-Month,Yes,Electronic Check,84.2,519.15,Yes
6229-Lsckb,Male,1,No,No,6,Yes,No,Fiber Optic,No,No,No,No,Yes,No,Month-To-Month,Yes,Electronic Check,79.7,497.6,No
2025-Jkfwi,Male,0,No,No,13,Yes,Yes,Fiber Optic,No,No,No,Yes,Yes,Yes,Month-To-Month,Yes,Mailed Check,99.0,1301.7,Yes
4078-Sayyn,Female,0,No,No,11,Yes,Yes,Fiber Optic,No,No,Yes,No,Yes,Yes,Month-To-Month,Yes,Electronic Check,100.75,1129.75,Yes
1724-Iqwnm,Male,0,No,Yes,1,Yes,No,No,No Internet Service,No Internet Service,No Internet Service,No Internet Service,No Internet Service,No Internet Service,Month-To-Month,Yes,Mailed Check,19.3,19.3,No
8217-Qyohv,Male,0,No,No,5,Yes,No,Dsl,Yes,No,No,Yes,No,No,Month-To-Month,Yes,Mailed Check,55.75,266.95,No
5546-Queru,Male,0,No,No,13,Yes,No,No,No Internet Service,No Internet Service,No Internet Service,No Internet Service,No Internet Service,No Internet Service,One Year,Yes,Mailed Check,19.95,257,No
9940-Hpqpg,Female,0,Yes,No,9,Yes,Yes,Fiber Optic,Yes,Yes,Yes,No,No,No,Month-To-Month,No,Bank Transfer (Automatic),91.75,865.8,Yes
6897-Uubnu,Male,0,No,No,29,Yes,No,Fiber Optic,No,Yes,No,Yes,Yes,No,Month-To-Month,No,Mailed Check,89.65,2623.65,No
6127-Iyjoz,Male,1,No,No,1,Yes,No,Dsl,No,No,No,No,No,No,Month-To-Month,Yes,Mailed Check,45.85,45.85,No
6618-Ryatb,Female,0,No,No,1,Yes,Yes,Fiber Optic,No,No,Yes,No,No,No,Month-To-Month,Yes,Mailed Check,79.55,79.55,Yes
8930-Xotdp,Female,0,Yes,Yes,18,Yes,No,Dsl,No,No,No,No,Yes,No,Month-To-Month,No,Mailed Check,55.95,1082.8,No
5916-Qewpt,Female,0,Yes,No,2,Yes,No,Dsl,No,No,Yes,No,Yes,Yes,Month-To-Month,No,Credit Card (Automatic),69.0,147.8,No
5060-Tquqn,Male,0,Yes,Yes,30,Yes,Yes,Fiber Optic,No,Yes,No,Yes,No,No,Month-To-Month,Yes,Bank Transfer (Automatic),83.55,2570.2,No
0531-Xbkmm,Male,0,No,Yes,66,Yes,Yes,Dsl,Yes,Yes,No,Yes,No,No,Two Year,No,Bank Transfer (Automatic),65.7,4378.9,No
8465-Sbrxp,Male,0,Yes,Yes,38,Yes,Yes,Fiber Optic,No,No,Yes,Yes,Yes,No,Two Year,Yes,Bank Transfer (Automatic),94.9,3616.25,No
2408-Psjve,Male,0,Yes,Yes,44,Yes,No,Dsl,No,Yes,Yes,Yes,No,No,Month-To-Month,Yes,Mailed Check,61.9,2924.05,No
9079-Yexqj,Female,0,No,No,54,Yes,Yes,Fiber Optic,No,Yes,Yes,Yes,Yes,Yes,Month-To-Month,No,Electronic Check,111.1,6014.85,Yes
9700-Zclot,Male,0,No,No,2,Yes,No,No,No Internet Service,No Internet Service,No Internet Service,No Internet Service,No Internet Service,No Internet Service,Month-To-Month,No,Mailed Check,20.0,32.7,No
8738-Jokar,Female,0,No,No,42,Yes,No,Dsl,Yes,Yes,No,Yes,No,Yes,One Year,Yes,Mailed Check,67.7,2882.25,No
4534-Wgcir,Female,0,Yes,Yes,58,Yes,Yes,No,No Internet Service,No Internet Service,No Internet Service,No Internet Service,No Internet Service,No Internet Service,Two Year,No,Credit Card (Automatic),25.15,1509.9,No
1930-Wnxsb,Male,0,Yes,Yes,58,Yes,No,Fiber Optic,No,Yes,No,No,Yes,Yes,Month-To-Month,Yes,Electronic Check,92.85,5305.05,No
2685-Sreom,Female,0,Yes,Yes,25,Yes,Yes,Fiber Optic,No,No,Yes,No,No,Yes,Month-To-Month,Yes,Electronic Check,89.1,2368.4,Yes
3508-Cfvzl,Female,0,No,No,71,Yes,Yes,Fiber Optic,Yes,Yes,Yes,Yes,Yes,Yes,Two Year,No,Mailed Check,111.3,7985.9,No
0402-Cqajn,Female,0,No,No,37,Yes,Yes,Fiber Optic,No,Yes,Yes,No,Yes,Yes,Month-To-Month,Yes,Bank Transfer (Automatic),101.9,3545.35,Yes
6692-Udpjc,Female,0,Yes,Yes,14,Yes,Yes,Fiber Optic,No,No,No,Yes,Yes,No,Month-To-Month,Yes,Electronic Check,91.65,1301,Yes
1273-Mteti,Female,1,No,No,4,Yes,Yes,Fiber Optic,No,No,Yes,No,No,Yes,Month-To-Month,Yes,Electronic Check,88.85,372.45,Yes
0657-Dogum,Female,0,Yes,No,48,Yes,Yes,Dsl,Yes,No,No,Yes,No,No,One Year,Yes,Bank Transfer (Automatic),60.6,2985.25,No
5480-Hprrx,Female,1,No,No,3,No,No Phone Service,Dsl,No,No,No,No,No,No,Month-To-Month,No,Electronic Check,25.3,77.75,Yes
8792-Aoroi,Female,0,Yes,No,8,Yes,No,Dsl,Yes,No,No,Yes,No,Yes,Two Year,No,Mailed Check,65.5,564.35,No
0295-Pphdo,Male,0,No,No,1,Yes,Yes,Fiber Optic,No,No,No,No,Yes,Yes,Month-To-Month,Yes,Electronic Check,95.45,95.45,Yes
5146-Yyfrz,Male,0,No,No,67,Yes,No,No,No Internet Service,No Internet Service,No Internet Service,No Internet Service,No Internet Service,No Internet Service,Two Year,No,Bank Transfer (Automatic),19.95,1311.75,No
1195-Oiyej,Male,0,No,No,13,Yes,No,Fiber Optic,No,No,No,No,Yes,Yes,Month-To-Month,Yes,Electronic Check,91.1,1135.7,Yes
5906-Cvlhp,Female,0,Yes,Yes,45,Yes,No,Dsl,No,Yes,No,Yes,No,No,One Year,Yes,Credit Card (Automatic),54.15,2319.8,Yes
3452-Srfeg,Male,0,No,No,49,Yes,Yes,Fiber Optic,No,No,No,No,No,No,Month-To-Month,Yes,Bank Transfer (Automatic),74.6,3720.35,No
4070-Okwvh,Female,0,Yes,No,52,Yes,Yes,Fiber Optic,No,Yes,Yes,No,Yes,No,Month-To-Month,No,Bank Transfer (Automatic),94.6,5025.8,No
5297-Mdoir,Female,0,Yes,No,63,Yes,No,Fiber Optic,Yes,No,Yes,No,No,No,One Year,Yes,Credit Card (Automatic),81.15,5224.5,No
6369-Mcako,Female,0,Yes,Yes,68,Yes,Yes,Dsl,Yes,Yes,Yes,Yes,Yes,Yes,Two Year,Yes,Bank Transfer (Automatic),89.05,6185.8,No
4926-Umjzd,Female,0,Yes,No,31,Yes,No,Dsl,No,No,No,Yes,No,No,Month-To-Month,Yes,Mailed Check,49.2,1498.55,No
6848-Hjtxy,Female,0,Yes,No,64,Yes,No,No,No Internet Service,No Internet Service,No Internet Service,No Internet Service,No Internet Service,No Internet Service,Two Year,No,Credit Card (Automatic),19.45,1208.6,No
6341-Aevkx,Female,0,Yes,No,62,Yes,No,Fiber Optic,Yes,No,Yes,Yes,Yes,Yes,One Year,Yes,Electronic Check,104.3,6613.65,No
4501-Eqdrn,Female,0,No,No,1,Yes,No,Fiber Optic,No,No,No,No,No,No,Month-To-Month,No,Bank Transfer (Automatic),69.7,69.7,Yes
2990-Hwiml,Female,0,No,No,6,Yes,No,Fiber Optic,No,No,No,No,Yes,Yes,Month-To-Month,Yes,Electronic Check,89.5,573.3,Yes
0682-Usixd,Female,0,Yes,No,21,Yes,No,Fiber Optic,No,No,No,Yes,Yes,No,Month-To-Month,Yes,Electronic Check,86.05,1818.9,No
6976-Bwglq,Female,0,Yes,Yes,72,Yes,Yes,No,No Internet Service,No Internet Service,No Internet Service,No Internet Service,No Internet Service,No Internet Service,Two Year,No,Bank Transfer (Automatic),25.2,1787.35,No
7078-Nvfam,Female,0,Yes,Yes,32,No,No Phone Service,Dsl,Yes,Yes,No,No,No,No,Month-To-Month,Yes,Electronic Check,35.15,1051.05,No
8065-Qbyto,Female,1,No,No,71,Yes,Yes,Fiber Optic,Yes,Yes,No,Yes,Yes,No,One Year,Yes,Credit Card (Automatic),99.65,7181.25,No
2133-Tsrrm,Female,0,No,Yes,34,Yes,No,Fiber Optic,Yes,Yes,Yes,No,Yes,Yes,Month-To-Month,Yes,Bank Transfer (Automatic),105.35,3688.6,No
7384-Ghbpi,Male,0,Yes,No,3,No,No Phone Service,Dsl,No,No,No,No,No,Yes,Month-To-Month,Yes,Electronic Check,35.15,99.75,Yes
7603-Ushjs,Male,0,No,Yes,12,Yes,Yes,Fiber Optic,No,No,No,No,No,No,Month-To-Month,Yes,Credit Card (Automatic),73.75,871.4,Yes
7234-Fecyn,Female,1,No,No,8,Yes,Yes,Fiber Optic,No,No,Yes,No,Yes,Yes,Month-To-Month,No,Electronic Check,101.35,780.5,Yes
2511-Allcs,Female,0,Yes,Yes,35,Yes,Yes,No,No Internet Service,No Internet Service,No Internet Service,No Internet Service,No Internet Service,No Internet Service,Two Year,No,Bank Transfer (Automatic),24.3,821.6,No
3191-Csnmg,Female,0,Yes,Yes,3,Yes,No,Fiber Optic,No,No,No,No,Yes,No,Month-To-Month,Yes,Electronic Check,80.7,239.45,No
7952-Oboyl,Male,0,No,No,3,Yes,No,Fiber Optic,No,No,Yes,Yes,Yes,No,Month-To-Month,Yes,Mailed Check,89.85,244.45,No
7470-Dynoe,Male,0,No,No,53,Yes,No,Dsl,No,No,Yes,No,No,Yes,One Year,Yes,Electronic Check,61.1,3357.9,No
7853-Oetyl,Female,0,Yes,No,4,No,No Phone Service,Dsl,Yes,No,No,No,No,No,Month-To-Month,Yes,Electronic Check,29.05,129.6,No
1545-Actas,Female,0,Yes,Yes,48,Yes,No,Fiber Optic,Yes,No,Yes,No,Yes,Yes,One Year,Yes,Bank Transfer (Automatic),99.7,4977.2,No
5876-Hzvzm,Female,0,Yes,Yes,6,Yes,No,Dsl,Yes,Yes,No,No,No,No,Month-To-Month,No,Credit Card (Automatic),55.9,365.35,Yes
1400-Mmyxy,Male,1,Yes,No,3,Yes,Yes,Fiber Optic,No,Yes,Yes,No,Yes,Yes,Month-To-Month,Yes,Electronic Check,105.9,334.65,Yes
5126-Rcxyw,Male,0,Yes,Yes,54,No,No Phone Service,Dsl,No,No,Yes,Yes,No,Yes,Two Year,No,Credit Card (Automatic),46.0,2424.05,No
3085-Quozk,Female,0,No,No,1,Yes,No,Dsl,No,No,No,No,No,No,Month-To-Month,No,Mailed Check,43.95,43.95,Yes
2363-Bjlsl,Male,0,No,No,62,Yes,No,Dsl,No,Yes,Yes,Yes,Yes,Yes,Month-To-Month,Yes,Bank Transfer (Automatic),80.4,4981.15,No
1956-Yifge,Male,0,Yes,Yes,22,Yes,No,Fiber Optic,No,Yes,Yes,No,Yes,Yes,One Year,Yes,Mailed Check,100.05,2090.25,No
3926-Cuqzx,Male,0,No,No,1,Yes,No,Dsl,No,No,No,No,No,No,Month-To-Month,Yes,Bank Transfer (Automatic),45.1,45.1,Yes
7921-Lmdfq,Male,1,No,No,51,Yes,No,Fiber Optic,No,No,Yes,No,Yes,Yes,One Year,Yes,Bank Transfer (Automatic),94.0,4905.75,No
2925-Mxlsx,Female,0,No,No,30,Yes,Yes,Dsl,No,Yes,Yes,No,Yes,No,One Year,Yes,Credit Card (Automatic),68.95,2038.7,No
5820-Ptrym,Female,1,Yes,No,56,Yes,Yes,Dsl,Yes,Yes,Yes,Yes,No,No,One Year,Yes,Credit Card (Automatic),68.45,4014,No
9609-Benea,Male,0,Yes,No,35,Yes,Yes,Dsl,No,Yes,No,Yes,Yes,No,One Year,Yes,Electronic Check,69.0,2441.7,No
6211-Whmya,Female,1,No,No,64,No,No Phone Service,Dsl,No,Yes,No,Yes,Yes,No,Month-To-Month,Yes,Electronic Check,43.85,2751,No
4459-Bbghe,Male,0,No,Yes,30,No,No Phone Service,Dsl,No,No,No,No,Yes,Yes,Month-To-Month,Yes,Electronic Check,44.5,1307.8,No
9945-Psvip,Female,0,Yes,Yes,25,Yes,No,No,No Internet Service,No Internet Service,No Internet Service,No Internet Service,No Internet Service,No Internet Service,Two Year,Yes,Mailed Check,18.7,383.65,No
1041-Rxhra,Female,0,No,No,41,Yes,No,Fiber Optic,No,No,No,No,No,No,Month-To-Month,No,Bank Transfer (Automatic),70.25,2868.05,Yes
1750-Cskkm,Male,0,No,Yes,9,Yes,No,Dsl,No,No,No,No,Yes,No,Month-To-Month,No,Electronic Check,55.35,449.75,Yes
9108-Ejfjp,Female,0,Yes,No,1,Yes,No,Dsl,Yes,Yes,No,No,No,No,Month-To-Month,Yes,Mailed Check,53.55,53.55,No
0530-Ijvdb,Male,0,No,Yes,70,Yes,Yes,Fiber Optic,Yes,Yes,Yes,Yes,Yes,Yes,Two Year,Yes,Electronic Check,114.6,7882.5,No
0508-Sqwpl,Female,0,Yes,Yes,57,Yes,No,No,No Internet Service,No Internet Service,No Internet Service,No Internet Service,No Internet Service,No Internet Service,Two Year,Yes,Bank Transfer (Automatic),20.1,1087.7,No
2215-Zafgx,Male,0,No,No,9,Yes,Yes,Fiber Optic,No,No,No,No,Yes,No,Month-To-Month,Yes,Electronic Check,85.5,791.7,No
8213-Tazpm,Female,0,Yes,Yes,69,Yes,Yes,Fiber Optic,No,Yes,Yes,Yes,Yes,Yes,One Year,Yes,Bank Transfer (Automatic),108.75,7493.05,No
7142-Hvgbg,Male,1,Yes,No,43,Yes,Yes,Fiber Optic,No,Yes,Yes,No,Yes,Yes,Month-To-Month,Yes,Electronic Check,103.0,4414.3,Yes
1304-Segfy,Female,0,Yes,No,72,Yes,Yes,Fiber Optic,No,No,Yes,No,Yes,Yes,Two Year,Yes,Electronic Check,97.85,6841.3,No
7242-Edtyc,Male,0,No,Yes,44,Yes,No,No,No Internet Service,No Internet Service,No Internet Service,No Internet Service,No Internet Service,No Internet Service,Two Year,No,Bank Transfer (Automatic),19.55,819.95,No
2904-Gguaz,Female,0,Yes,No,72,Yes,Yes,Fiber Optic,Yes,Yes,No,No,No,No,Two Year,Yes,Bank Transfer (Automatic),84.05,6052.25,No
8267-Znyvz,Female,0,Yes,No,33,Yes,No,Fiber Optic,Yes,No,Yes,Yes,Yes,Yes,One Year,Yes,Electronic Check,103.75,3361.05,Yes
5136-Gfpmb,Male,0,No,No,54,Yes,Yes,Fiber Optic,No,No,Yes,No,No,Yes,Month-To-Month,No,Credit Card (Automatic),89.4,4869.5,No
2595-Kiwpv,Male,0,No,Yes,27,Yes,No,No,No Internet Service,No Internet Service,No Internet Service,No Internet Service,No Internet Service,No Internet Service,Two Year,No,Credit Card (Automatic),19.7,509.3,No
5243-Saotc,Male,0,No,No,54,Yes,Yes,Fiber Optic,No,Yes,No,No,No,No,Month-To-Month,Yes,Bank Transfer (Automatic),79.85,4308.25,No
9398-Mmqto,Male,0,No,No,3,Yes,No,Fiber Optic,No,Yes,No,No,No,No,Month-To-Month,No,Credit Card (Automatic),74.45,221.1,No
7619-Plrlp,Female,0,Yes,No,53,Yes,Yes,Dsl,Yes,Yes,Yes,No,No,Yes,One Year,No,Bank Transfer (Automatic),74.1,3833.95,No
6457-Girwb,Male,0,No,No,1,Yes,No,Fiber Optic,No,No,No,No,No,No,Month-To-Month,Yes,Electronic Check,69.35,69.35,Yes
6508-Njyro,Male,0,Yes,No,15,Yes,No,No,No Internet Service,No Internet Service,No Internet Service,No Internet Service,No Internet Service,No Internet Service,One Year,No,Mailed Check,18.8,294.95,No
1450-Skcvi,Female,0,No,No,56,Yes,No,Fiber Optic,No,Yes,No,No,No,No,Month-To-Month,Yes,Electronic Check,73.85,4092.85,Yes
4710-Nkcaw,Male,0,Yes,Yes,5,Yes,Yes,Dsl,Yes,Yes,No,Yes,No,No,Month-To-Month,No,Credit Card (Automatic),64.4,316.9,No
5306-Bvtkj,Male,0,Yes,Yes,48,Yes,No,Dsl,No,Yes,Yes,No,No,No,One Year,Yes,Credit Card (Automatic),55.8,2651.2,No
0357-Nvcri,Female,0,No,Yes,25,Yes,No,No,No Internet Service,No Internet Service,No Internet Service,No Internet Service,No Internet Service,No Internet Service,Month-To-Month,No,Credit Card (Automatic),20.05,471.7,No
5570-Ptweh,Female,0,Yes,No,3,Yes,Yes,Fiber Optic,No,No,No,No,No,No,Month-To-Month,Yes,Credit Card (Automatic),75.15,216.75,Yes
2371-Kfuog,Male,0,No,No,58,Yes,No,Fiber Optic,Yes,Yes,No,No,Yes,Yes,One Year,No,Bank Transfer (Automatic),99.15,5720.95,No
0463-Zsdnt,Male,0,No,No,10,Yes,No,Dsl,No,No,No,No,No,Yes,Month-To-Month,Yes,Bank Transfer (Automatic),56.75,503.25,No
6502-Mjqae,Male,0,No,No,1,Yes,No,Fiber Optic,No,No,No,No,No,No,Month-To-Month,Yes,Electronic Check,69.6,69.6,Yes
6257-Dtayd,Male,0,Yes,No,71,Yes,Yes,Fiber Optic,No,Yes,No,Yes,Yes,Yes,Two Year,Yes,Credit Card (Automatic),104.15,7365.3,No
4616-Ulaoa,Female,0,Yes,Yes,65,Yes,Yes,Fiber Optic,No,Yes,Yes,Yes,Yes,Yes,Two Year,Yes,Credit Card (Automatic),110.8,7245.9,No
7693-Lckzl,Male,0,Yes,Yes,5,Yes,Yes,Fiber Optic,No,Yes,No,No,No,No,Month-To-Month,Yes,Electronic Check,80.15,385,Yes
7746-Awnqw,Female,0,No,No,28,No,No Phone Service,Dsl,No,No,Yes,Yes,No,No,Month-To-Month,Yes,Mailed Check,35.75,961.4,No
5996-Ebtkm,Female,0,Yes,Yes,67,Yes,Yes,Dsl,No,No,Yes,Yes,No,Yes,Two Year,Yes,Bank Transfer (Automatic),69.9,4615.9,No
2758-Rnwxs,Male,0,No,No,35,Yes,No,Fiber Optic,Yes,No,No,Yes,No,Yes,One Year,Yes,Electronic Check,89.2,3251.3,No
2314-Tndjq,Female,0,Yes,Yes,72,No,No Phone Service,Dsl,Yes,Yes,Yes,Yes,No,Yes,Two Year,No,Credit Card (Automatic),55.65,3880.05,No
2405-Lbmuw,Female,0,Yes,Yes,61,No,No Phone Service,Dsl,Yes,Yes,No,Yes,No,Yes,One Year,Yes,Bank Transfer (Automatic),50.7,3088.75,No
3454-Jfubc,Male,1,No,No,68,Yes,No,No,No Internet Service,No Internet Service,No Internet Service,No Internet Service,No Internet Service,No Internet Service,Two Year,Yes,Credit Card (Automatic),20.0,1396,No
0032-Pgels,Female,0,Yes,Yes,1,No,No Phone Service,Dsl,Yes,No,No,No,No,No,Month-To-Month,No,Bank Transfer (Automatic),30.5,30.5,Yes
9039-Zvjdc,Male,0,No,No,3,Yes,No,No,No Internet Service,No Internet Service,No Internet Service,No Internet Service,No Internet Service,No Internet Service,Month-To-Month,Yes,Mailed Check,19.1,53.05,No
6797-Lnaqx,Male,0,Yes,Yes,70,Yes,Yes,Fiber Optic,No,Yes,No,No,Yes,Yes,Two Year,No,Bank Transfer (Automatic),98.3,6859.5,Yes
9013-Aqorl,Female,0,No,Yes,48,No,No Phone Service,Dsl,No,Yes,Yes,No,No,Yes,Month-To-Month,No,Credit Card (Automatic),45.55,2108.35,No
2898-Mrkpi,Male,0,Yes,Yes,68,Yes,Yes,Fiber Optic,No,Yes,No,No,Yes,Yes,One Year,Yes,Credit Card (Automatic),101.05,6770.5,No
2750-Bjlsb,Female,0,No,No,47,Yes,No,Fiber Optic,Yes,No,Yes,Yes,Yes,Yes,One Year,Yes,Electronic Check,103.7,4730.6,No
3648-Gzphf,Male,0,Yes,Yes,32,No,No Phone Service,Dsl,No,No,Yes,Yes,No,No,One Year,Yes,Mailed Check,36.25,1151.05,No
2075-Rmjik,Female,0,Yes,Yes,5,Yes,No,Dsl,Yes,No,No,No,No,No,Month-To-Month,Yes,Mailed Check,49.4,232.55,No
9588-Yrfhy,Male,0,No,No,49,Yes,No,No,No Internet Service,No Internet Service,No Internet Service,No Internet Service,No Internet Service,No Internet Service,Two Year,Yes,Credit Card (Automatic),19.9,1022.6,No
6394-Mfyng,Female,0,No,No,48,Yes,Yes,Fiber Optic,No,Yes,Yes,No,Yes,Yes,Month-To-Month,Yes,Bank Transfer (Automatic),107.4,5121.3,Yes
1564-Ntyxf,Female,1,No,No,13,Yes,Yes,Fiber Optic,No,No,No,No,No,Yes,Month-To-Month,Yes,Electronic Check,82.0,1127.2,Yes
9364-Ykuvw,Male,0,No,No,15,Yes,No,No,No Internet Service,No Internet Service,No Internet Service,No Internet Service,No Internet Service,No Internet Service,Month-To-Month,Yes,Mailed Check,19.8,309.4,No
5392-Akemh,Female,0,No,No,12,Yes,No,Dsl,No,No,No,No,No,No,Month-To-Month,Yes,Electronic Check,45.05,523.1,No
2451-Ymuxs,Male,1,No,No,67,Yes,Yes,Dsl,Yes,Yes,No,Yes,No,No,Two Year,Yes,Bank Transfer (Automatic),64.55,4250.1,No
3914-Fdrhp,Male,0,No,No,9,Yes,No,Fiber Optic,No,No,No,Yes,Yes,No,Month-To-Month,No,Electronic Check,86.25,770.5,No
3078-Zknts,Female,0,Yes,Yes,13,Yes,No,No,No Internet Service,No Internet Service,No Internet Service,No Internet Service,No Internet Service,No Internet Service,Two Year,Yes,Bank Transfer (Automatic),19.75,246.7,No
1024-Kprbb,Female,0,No,No,38,Yes,No,Fiber Optic,No,No,No,No,Yes,Yes,One Year,Yes,Mailed Check,89.1,3342,No
4690-Pkdqg,Female,1,Yes,No,42,Yes,Yes,Fiber Optic,No,Yes,Yes,No,Yes,No,Month-To-Month,Yes,Electronic Check,95.55,3930.6,No
8155-Ibnhg,Female,0,Yes,No,24,Yes,Yes,Fiber Optic,No,No,No,No,No,No,Month-To-Month,Yes,Credit Card (Automatic),75.4,1747.85,Yes
0886-Qgenl,Female,1,Yes,No,27,Yes,No,Fiber Optic,Yes,No,Yes,No,Yes,Yes,Month-To-Month,Yes,Electronic Check,101.25,2754.45,Yes
9547-Itefg,Male,0,Yes,Yes,9,Yes,Yes,Fiber Optic,No,Yes,Yes,No,Yes,Yes,Month-To-Month,Yes,Credit Card (Automatic),102.6,897.75,No
1264-Fuhcx,Female,0,Yes,No,49,No,No Phone Service,Dsl,No,Yes,No,Yes,Yes,Yes,One Year,Yes,Credit Card (Automatic),56.3,2780.6,No
7789-Cruvc,Female,1,Yes,No,61,Yes,Yes,Fiber Optic,Yes,Yes,Yes,Yes,No,No,Month-To-Month,Yes,Credit Card (Automatic),94.2,5895.45,No
6598-Kelss,Male,0,No,Yes,50,No,No Phone Service,Dsl,Yes,Yes,No,No,Yes,No,One Year,Yes,Bank Transfer (Automatic),43.05,2208.05,No
8739-Wwkdu,Male,1,No,No,25,Yes,Yes,Fiber Optic,No,Yes,No,No,Yes,No,Month-To-Month,Yes,Electronic Check,89.5,2196.15,Yes
8685-Whqpw,Female,1,No,No,22,Yes,Yes,Fiber Optic,No,No,No,No,No,No,Month-To-Month,Yes,Bank Transfer (Automatic),74.4,1692.6,Yes
4745-Lsplo,Male,0,No,No,1,Yes,No,No,No Internet Service,No Internet Service,No Internet Service,No Internet Service,No Internet Service,No Internet Service,Month-To-Month,No,Mailed Check,20.5,20.5,Yes
8083-Ytzes,Male,0,No,No,4,Yes,Yes,Fiber Optic,No,No,No,No,No,No,Month-To-Month,Yes,Electronic Check,74.35,265.35,Yes
7240-Fqlhe,Female,1,Yes,No,18,Yes,Yes,Fiber Optic,No,No,No,Yes,Yes,Yes,Month-To-Month,No,Bank Transfer (Automatic),99.75,1836.25,Yes
6664-Fpdac,Female,1,No,No,56,Yes,Yes,Fiber Optic,No,Yes,Yes,Yes,Yes,Yes,One Year,Yes,Electronic Check,111.95,6418.9,Yes
9972-Vafjj,Female,1,Yes,No,53,Yes,No,Fiber Optic,No,Yes,Yes,Yes,Yes,No,One Year,Yes,Electronic Check,94.0,4871.45,No
0422-Uxfap,Female,0,Yes,No,51,Yes,Yes,Fiber Optic,No,No,Yes,No,Yes,Yes,One Year,Yes,Electronic Check,98.85,4947.55,No
1904-Wajaa,Female,0,Yes,Yes,24,Yes,Yes,Dsl,Yes,Yes,Yes,No,No,No,Two Year,No,Electronic Check,64.35,1558.65,No
5130-Ypirv,Female,0,Yes,No,62,Yes,No,Dsl,Yes,Yes,Yes,No,Yes,No,Two Year,Yes,Credit Card (Automatic),72.0,4284.2,No
2843-Cqmeg,Male,0,No,No,24,Yes,No,Dsl,No,Yes,No,No,No,No,Month-To-Month,Yes,Mailed Check,49.7,1218.25,No
6439-Pktrr,Female,0,Yes,Yes,70,Yes,Yes,Dsl,Yes,Yes,Yes,Yes,Yes,No,Two Year,No,Electronic Check,80.7,5617.95,No
5351-Qesio,Male,0,No,Yes,1,No,No Phone Service,Dsl,No,No,No,No,No,No,Month-To-Month,No,Mailed Check,24.2,24.2,No
0786-Vssud,Male,1,No,No,16,No,No Phone Service,Dsl,No,Yes,No,No,Yes,No,Month-To-Month,Yes,Mailed Check,39.0,679.85,Yes
5568-Dmxzs,Female,0,No,No,8,Yes,No,Dsl,No,Yes,No,Yes,Yes,No,Month-To-Month,Yes,Electronic Check,65.45,554.45,No
8468-Fztoe,Female,0,Yes,Yes,72,Yes,No,Dsl,Yes,Yes,Yes,Yes,No,Yes,Two Year,Yes,Electronic Check,74.35,5237.4,No
6633-Syeus,Female,0,No,No,23,Yes,No,Fiber Optic,No,Yes,Yes,Yes,No,No,Month-To-Month,No,Bank Transfer (Automatic),83.2,2032.3,No
6447-Gorxk,Male,0,No,Yes,31,No,No Phone Service,Dsl,No,No,No,No,No,No,Month-To-Month,No,Credit Card (Automatic),25.0,789.2,No
6967-Pejll,Male,0,Yes,Yes,37,No,No Phone Service,Dsl,Yes,No,Yes,Yes,No,No,One Year,Yes,Electronic Check,40.2,1525.35,No
3976-Bwuck,Female,0,Yes,No,30,Yes,Yes,Fiber Optic,No,Yes,No,Yes,Yes,No,Month-To-Month,Yes,Credit Card (Automatic),94.1,2804.45,Yes
5981-Zvxot,Female,1,No,No,35,Yes,Yes,Fiber Optic,Yes,Yes,Yes,No,Yes,Yes,One Year,Yes,Electronic Check,108.35,3726.15,No
1684-Flbgs,Female,0,Yes,Yes,23,Yes,Yes,Dsl,No,Yes,No,Yes,Yes,No,Month-To-Month,Yes,Credit Card (Automatic),69.5,1652.1,No
1389-Wnuib,Female,0,Yes,Yes,20,Yes,Yes,Dsl,Yes,No,No,No,Yes,Yes,One Year,No,Bank Transfer (Automatic),76.0,1588.75,No
0376-Oiwme,Male,0,Yes,No,36,Yes,No,Fiber Optic,Yes,No,No,No,Yes,Yes,Month-To-Month,Yes,Electronic Check,93.6,3366.05,No
3585-Isxzp,Female,0,No,No,8,Yes,Yes,Fiber Optic,No,No,No,No,Yes,Yes,Month-To-Month,No,Bank Transfer (Automatic),95.65,778.1,Yes
0218-Qnvas,Male,0,Yes,Yes,71,Yes,Yes,Fiber Optic,No,Yes,No,No,Yes,Yes,One Year,No,Bank Transfer (Automatic),100.55,7113.75,No
6583-Qgcsi,Female,1,Yes,No,50,Yes,Yes,Fiber Optic,No,Yes,No,No,Yes,No,Month-To-Month,Yes,Electronic Check,88.05,4367.35,Yes
0804-Ygeqv,Female,0,Yes,Yes,43,Yes,Yes,No,No Internet Service,No Internet Service,No Internet Service,No Internet Service,No Internet Service,No Internet Service,One Year,Yes,Bank Transfer (Automatic),24.45,993.15,No
7164-Bptut,Male,0,No,Yes,57,Yes,Yes,Dsl,Yes,Yes,Yes,Yes,Yes,Yes,Two Year,No,Mailed Check,89.55,5012.35,No
4174-Lpgti,Female,0,Yes,Yes,41,Yes,No,Dsl,No,Yes,No,Yes,No,Yes,One Year,Yes,Bank Transfer (Automatic),66.5,2728.6,Yes
2523-Ewwzl,Female,0,Yes,No,27,Yes,No,Fiber Optic,No,Yes,No,No,No,No,Month-To-Month,Yes,Electronic Check,76.1,2093.4,No
0928-Xutsn,Female,0,No,No,13,Yes,No,Fiber Optic,No,No,No,No,No,Yes,Month-To-Month,Yes,Electronic Check,80.5,1011.8,No
2108-Xwmpy,Male,0,No,No,3,No,No Phone Service,Dsl,Yes,Yes,No,No,No,No,Month-To-Month,Yes,Mailed Check,35.45,106.85,Yes
0052-Ynyot,Female,0,No,No,67,Yes,No,No,No Internet Service,No Internet Service,No Internet Service,No Internet Service,No Internet Service,No Internet Service,One Year,No,Electronic Check,20.55,1343.4,No
6304-Ijfsq,Male,0,No,No,3,Yes,No,Dsl,No,Yes,No,No,No,No,Month-To-Month,Yes,Mailed Check,49.9,130.1,Yes
9586-Jgqkh,Female,0,Yes,No,64,Yes,Yes,Fiber Optic,No,Yes,No,Yes,Yes,Yes,Two Year,Yes,Bank Transfer (Automatic),105.4,6794.75,No
4501-Vcpfk,Male,0,No,No,26,No,No Phone Service,Dsl,No,No,Yes,Yes,No,No,Month-To-Month,No,Electronic Check,35.75,1022.5,No
6075-Slnil,Male,0,No,No,38,Yes,Yes,Fiber Optic,No,Yes,Yes,No,No,Yes,Month-To-Month,Yes,Credit Card (Automatic),95.1,3691.2,No
9347-Aerrl,Male,0,Yes,No,23,Yes,No,No,No Internet Service,No Internet Service,No Internet Service,No Internet Service,No Internet Service,No Internet Service,One Year,No,Credit Card (Automatic),19.3,486.2,No
0093-Xwzfy,Male,0,No,No,40,Yes,Yes,Fiber Optic,No,Yes,Yes,No,Yes,Yes,Month-To-Month,Yes,Credit Card (Automatic),104.5,4036.85,Yes
2274-Xuata,Male,1,Yes,No,72,No,No Phone Service,Dsl,Yes,Yes,Yes,Yes,Yes,Yes,Two Year,Yes,Bank Transfer (Automatic),63.1,4685.55,No
1980-Kxvpm,Female,1,No,No,3,Yes,Yes,Fiber Optic,No,No,No,No,No,No,Month-To-Month,Yes,Credit Card (Automatic),75.05,256.25,Yes
7703-Zekef,Male,0,No,No,23,Yes,Yes,Fiber Optic,No,No,Yes,No,No,No,Month-To-Month,Yes,Electronic Check,81.0,1917.1,Yes
0723-Drclg,Female,1,Yes,No,1,Yes,Yes,Fiber Optic,No,No,No,No,No,No,Month-To-Month,Yes,Electronic Check,74.45,74.45,Yes
5482-Nupna,Female,0,No,No,4,Yes,No,Dsl,Yes,Yes,No,Yes,No,No,Month-To-Month,Yes,Mailed Check,60.4,272.15,Yes
6691-Cciha,Female,0,Yes,No,62,Yes,Yes,Dsl,Yes,Yes,No,Yes,Yes,Yes,Two Year,Yes,Electronic Check,84.95,5150.55,No
1685-Bqula,Female,0,No,No,40,Yes,Yes,Fiber Optic,No,Yes,Yes,No,Yes,No,Month-To-Month,Yes,Bank Transfer (Automatic),93.4,3756.4,No
9053-Ejunl,Male,0,No,No,41,Yes,Yes,Fiber Optic,No,Yes,No,No,Yes,No,Month-To-Month,Yes,Electronic Check,89.2,3645.75,No
0666-Uxtjo,Male,1,Yes,No,34,Yes,No,Fiber Optic,No,No,Yes,No,Yes,No,Month-To-Month,Yes,Credit Card (Automatic),85.2,2874.45,No
1471-Giqkq,Female,0,No,No,1,Yes,No,Dsl,No,Yes,No,No,No,No,Month-To-Month,No,Electronic Check,49.95,49.95,No
4807-Izyoz,Female,0,No,No,51,Yes,No,No,No Internet Service,No Internet Service,No Internet Service,No Internet Service,No Internet Service,No Internet Service,Two Year,No,Bank Transfer (Automatic),20.65,1020.75,No
1122-Jwtjw,Male,0,Yes,Yes,1,Yes,No,Fiber Optic,No,No,No,No,No,No,Month-To-Month,Yes,Mailed Check,70.65,70.65,Yes
9710-Njern,Female,0,No,No,39,Yes,No,No,No Internet Service,No Internet Service,No Internet Service,No Internet Service,No Internet Service,No Internet Service,Two Year,No,Mailed Check,20.15,826,No
9837-Fwlch,Male,0,Yes,Yes,12,Yes,No,No,No Internet Service,No Internet Service,No Internet Service,No Internet Service,No Internet Service,No Internet Service,Month-To-Month,Yes,Electronic Check,19.2,239,No
1699-Hpsbg,Male,0,No,No,12,Yes,No,Dsl,No,No,No,Yes,Yes,No,One Year,Yes,Electronic Check,59.8,727.8,Yes
7203-Oykct,Male,0,No,No,72,Yes,Yes,Fiber Optic,No,Yes,Yes,No,Yes,Yes,One Year,Yes,Electronic Check,104.95,7544.3,No
1035-Ipqpu,Female,1,Yes,No,63,Yes,Yes,Fiber Optic,No,Yes,Yes,No,Yes,Yes,Month-To-Month,Yes,Electronic Check,103.5,6479.4,No
7398-Lxgyx,Male,0,Yes,No,44,Yes,Yes,Fiber Optic,Yes,No,Yes,No,No,No,Month-To-Month,Yes,Credit Card (Automatic),84.8,3626.35,No
2823-Lkabh,Female,0,No,No,18,Yes,Yes,Fiber Optic,No,No,Yes,Yes,No,Yes,Month-To-Month,Yes,Bank Transfer (Automatic),95.05,1679.4,No
8775-Cebbj,Female,0,No,No,9,Yes,No,Dsl,No,No,No,No,No,No,Month-To-Month,Yes,Bank Transfer (Automatic),44.2,403.35,Yes
0550-Dcxlh,Male,0,No,No,13,Yes,No,Dsl,No,Yes,No,Yes,Yes,Yes,Month-To-Month,No,Mailed Check,73.35,931.55,No
9281-Cedru,Female,0,Yes,No,68,Yes,No,Dsl,No,Yes,No,Yes,Yes,No,Two Year,No,Bank Transfer (Automatic),64.1,4326.25,No
2235-Dwlju,Female,1,No,No,6,No,No Phone Service,Dsl,No,No,No,No,Yes,Yes,Month-To-Month,Yes,Electronic Check,44.4,263.05,No
0871-Opbxw,Female,0,No,No,2,Yes,No,No,No Internet Service,No Internet Service,No Internet Service,No Internet Service,No Internet Service,No Internet Service,Month-To-Month,Yes,Mailed Check,20.05,39.25,No
3605-Jiskb,Male,1,Yes,No,55,Yes,Yes,Dsl,Yes,Yes,No,No,No,No,One Year,No,Credit Card (Automatic),60.0,3316.1,No
6894-Lfhly,Male,1,No,No,1,Yes,Yes,Fiber Optic,No,No,No,No,No,No,Month-To-Month,Yes,Electronic Check,75.75,75.75,Yes
9767-Fflem,Male,0,No,No,38,Yes,No,Fiber Optic,No,No,No,No,No,No,Month-To-Month,Yes,Credit Card (Automatic),69.5,2625.25,No
0639-Tsiqw,Female,0,No,No,67,Yes,Yes,Fiber Optic,Yes,Yes,Yes,No,Yes,No,Month-To-Month,Yes,Credit Card (Automatic),102.95,6886.25,Yes
8456-Qdavc,Male,0,No,No,19,Yes,No,Fiber Optic,No,No,No,No,Yes,No,Month-To-Month,Yes,Bank Transfer (Automatic),78.7,1495.1,No
7750-Eyxwz,Female,0,No,No,12,No,No Phone Service,Dsl,No,Yes,Yes,Yes,Yes,Yes,One Year,No,Electronic Check,60.65,743.3,No
2569-Wgero,Female,0,No,No,72,Yes,No,No,No Internet Service,No Internet Service,No Internet Service,No Internet Service,No Internet Service,No Internet Service,Two Year,Yes,Bank Transfer (Automatic),21.15,1419.4,No
6840-Resvb,Male,0,Yes,Yes,24,Yes,Yes,Dsl,Yes,No,Yes,Yes,Yes,Yes,One Year,Yes,Mailed Check,84.8,1990.5,No
2234-Xaduh,Female,0,Yes,Yes,72,Yes,Yes,Fiber Optic,No,Yes,Yes,No,Yes,Yes,One Year,Yes,Credit Card (Automatic),103.2,7362.9,No
4801-Jzazl,Female,0,Yes,Yes,11,No,No Phone Service,Dsl,Yes,No,No,No,No,No,Month-To-Month,Yes,Electronic Check,29.6,346.45,No
8361-Ltmkd,Male,1,Yes,No,4,Yes,Yes,Fiber Optic,No,No,No,No,No,No,Month-To-Month,Yes,Mailed Check,74.4,306.6,Yes
3186-Ajiek,Male,0,No,No,66,Yes,No,Fiber Optic,Yes,No,Yes,Yes,Yes,Yes,Two Year,Yes,Bank Transfer (Automatic),105.65,6844.5,No
