age,job,marital,education,default,balance,housing,loan,contact,day,month,duration,campaign,pdays,previous,poutcome,y
30,Unemployed,Married,Primary,No,1787,No,No,Cellular,19,1900-10-01,79,1,-1,0,Unknown,No
33,Services,Married,Secondary,No,4789,Yes,Yes,Cellular,11,1900-05-01,220,1,339,4,Failure,No
35,Management,Single,Tertiary,No,1350,Yes,No,Cellular,16,1900-04-01,185,1,330,1,Failure,No
30,Management,Married,Tertiary,No,1476,Yes,Yes,Unknown,3,1900-06-01,199,4,-1,0,Unknown,No
59,Blue-Collar,Married,Secondary,No,0,Yes,No,Unknown,5,1900-05-01,226,1,-1,0,Unknown,No
35,Management,Single,Tertiary,No,747,No,No,Cellular,23,1900-02-01,141,2,176,3,Failure,No
36,Self-Employed,Married,Tertiary,No,307,Yes,No,Cellular,14,1900-05-01,341,1,330,2,Other,No
39,Technician,Married,Secondary,No,147,Yes,No,Cellular,6,1900-05-01,151,2,-1,0,Unknown,No
41,Entrepreneur,Married,Tertiary,No,221,Yes,No,Unknown,14,1900-05-01,57,2,-1,0,Unknown,No
43,Services,Married,Primary,No,-88,Yes,Yes,Cellular,17,1900-04-01,313,1,147,2,Failure,No
39,Services,Married,Secondary,No,9374,Yes,No,Unknown,20,1900-05-01,273,1,-1,0,Unknown,No
43,Admin.,Married,Secondary,No,264,Yes,No,Cellular,17,1900-04-01,113,2,-1,0,Unknown,No
36,Technician,Married,Tertiary,No,1109,No,No,Cellular,13,1900-08-01,328,2,-1,0,Unknown,No
20,Student,Single,Secondary,No,502,No,No,Cellular,30,1900-04-01,261,1,-1,0,Unknown,Yes
31,Blue-Collar,Married,Secondary,No,360,Yes,Yes,Cellular,29,1900-01-01,89,1,241,1,Failure,No
40,Management,Married,Tertiary,No,194,No,Yes,Cellular,29,1900-08-01,189,2,-1,0,Unknown,No
56,Technician,Married,Secondary,No,4073,No,No,Cellular,27,1900-08-01,239,5,-1,0,Unknown,No
37,Admin.,Single,Tertiary,No,2317,Yes,No,Cellular,20,1900-04-01,114,1,152,2,Failure,No
25,Blue-Collar,Single,Primary,No,-221,Yes,No,Unknown,23,1900-05-01,250,1,-1,0,Unknown,No
31,Services,Married,Secondary,No,132,No,No,Cellular,7,1900-07-01,148,1,152,1,Other,No
38,Management,Divorced,Unknown,No,0,Yes,No,Cellular,18,1900-11-01,96,2,-1,0,Unknown,No
42,Management,Divorced,Tertiary,No,16,No,No,Cellular,19,1900-11-01,140,3,-1,0,Unknown,No
44,Services,Single,Secondary,No,106,No,No,Unknown,12,1900-06-01,109,2,-1,0,Unknown,No
44,Entrepreneur,Married,Secondary,No,93,No,No,Cellular,7,1900-07-01,125,2,-1,0,Unknown,No
26,Housemaid,Married,Tertiary,No,543,No,No,Cellular,30,1900-01-01,169,3,-1,0,Unknown,No
41,Management,Married,Tertiary,No,5883,No,No,Cellular,20,1900-11-01,182,2,-1,0,Unknown,No
55,Blue-Collar,Married,Primary,No,627,Yes,No,Unknown,5,1900-05-01,247,1,-1,0,Unknown,No
67,Retired,Married,Unknown,No,696,No,No,Telephone,17,1900-08-01,119,1,105,2,Failure,No
56,Self-Employed,Married,Secondary,No,784,No,Yes,Cellular,30,1900-07-01,149,2,-1,0,Unknown,No
53,Admin.,Married,Secondary,No,105,No,Yes,Cellular,21,1900-08-01,74,2,-1,0,Unknown,No
68,Retired,Divorced,Secondary,No,4189,No,No,Telephone,14,1900-07-01,897,2,-1,0,Unknown,Yes
31,Technician,Married,Secondary,No,171,No,No,Cellular,27,1900-08-01,81,3,-1,0,Unknown,No
59,Management,Married,Secondary,No,42,No,No,Cellular,21,1900-11-01,40,1,-1,0,Unknown,No
32,Management,Single,Tertiary,No,2536,Yes,No,Cellular,26,1900-08-01,958,6,-1,0,Unknown,Yes
49,Technician,Married,Tertiary,No,1235,No,No,Cellular,13,1900-08-01,354,3,-1,0,Unknown,Yes
42,Admin.,Divorced,Secondary,No,1811,Yes,No,Unknown,14,1900-05-01,150,1,-1,0,Unknown,No
78,Retired,Divorced,Primary,No,229,No,No,Telephone,22,1900-10-01,97,1,-1,0,Unknown,Yes
32,Blue-Collar,Married,Secondary,No,2089,Yes,No,Cellular,14,1900-11-01,132,1,-1,0,Unknown,Yes
33,Management,Married,Secondary,No,3935,Yes,No,Cellular,6,1900-05-01,765,1,342,2,Failure,Yes
23,Services,Single,Tertiary,No,363,Yes,No,Unknown,30,1900-05-01,16,18,-1,0,Unknown,No
38,Management,Single,Tertiary,No,11971,Yes,No,Unknown,17,1900-11-01,609,2,101,3,Failure,No
36,Management,Single,Tertiary,No,553,No,No,Cellular,11,1900-08-01,106,2,-1,0,Unknown,No
52,Blue-Collar,Married,Secondary,No,1117,Yes,No,Cellular,13,1900-05-01,365,1,-1,0,Unknown,No
32,Technician,Married,Tertiary,No,396,Yes,No,Cellular,13,1900-05-01,205,3,-1,0,Unknown,No
32,Technician,Single,Tertiary,No,2204,Yes,No,Cellular,21,1900-11-01,11,4,-1,0,Unknown,No
34,Management,Single,Tertiary,No,872,Yes,No,Unknown,7,1900-05-01,105,2,-1,0,Unknown,No
55,Blue-Collar,Married,Primary,No,145,No,No,Telephone,2,1900-02-01,59,3,5,2,Other,No
26,Blue-Collar,Married,Primary,No,0,Yes,No,Unknown,21,1900-05-01,425,1,-1,0,Unknown,No
32,Entrepreneur,Single,Primary,Yes,-849,Yes,Yes,Cellular,4,1900-02-01,204,1,-1,0,Unknown,No
61,Admin.,Married,Unknown,No,4629,Yes,No,Cellular,27,1900-01-01,181,1,92,1,Success,Yes
45,Blue-Collar,Divorced,Primary,No,844,No,No,Unknown,5,1900-06-01,1018,3,-1,0,Unknown,Yes
37,Technician,Single,Secondary,No,228,Yes,No,Cellular,20,1900-08-01,1740,2,-1,0,Unknown,No
38,Technician,Single,Secondary,No,50,No,No,Cellular,29,1900-08-01,98,2,-1,0,Unknown,No
34,Technician,Married,Tertiary,No,1539,Yes,No,Cellular,15,1900-06-01,441,1,56,1,Other,Yes
53,Blue-Collar,Married,Secondary,No,2231,Yes,No,Cellular,14,1900-07-01,272,3,-1,0,Unknown,No
48,Admin.,Married,Secondary,No,3064,Yes,No,Telephone,15,1900-07-01,159,2,-1,0,Unknown,No
57,Management,Married,Secondary,No,82,No,Yes,Telephone,4,1900-02-01,140,1,-1,0,Unknown,No
33,Self-Employed,Single,Tertiary,No,2155,No,No,Cellular,17,1900-11-01,295,1,-1,0,Unknown,No
36,Retired,Single,Secondary,No,101,Yes,Yes,Unknown,26,1900-05-01,314,1,-1,0,Unknown,No
54,Technician,Divorced,Secondary,No,784,Yes,Yes,Unknown,15,1900-05-01,579,1,-1,0,Unknown,No
41,Blue-Collar,Married,Primary,No,-516,No,Yes,Telephone,8,1900-07-01,554,3,-1,0,Unknown,No
63,Retired,Married,Secondary,No,415,Yes,No,Cellular,7,1900-10-01,323,1,-1,0,Unknown,No
48,Management,Married,Tertiary,No,5887,No,No,Cellular,13,1900-08-01,227,2,-1,0,Unknown,No
48,Services,Married,Secondary,No,1355,No,No,Cellular,4,1900-07-01,134,2,-1,0,Unknown,No
56,Admin.,Married,Secondary,No,16873,No,No,Cellular,7,1900-10-01,223,1,-1,0,Unknown,No
51,Blue-Collar,Divorced,Secondary,No,203,Yes,No,Cellular,8,1900-05-01,134,1,170,5,Failure,No
31,Services,Married,Secondary,No,338,Yes,No,Cellular,28,1900-01-01,155,1,-1,0,Unknown,No
29,Technician,Married,Secondary,No,444,Yes,No,Cellular,21,1900-07-01,130,4,-1,0,Unknown,No
41,Management,Married,Secondary,No,0,No,Yes,Cellular,7,1900-07-01,630,3,-1,0,Unknown,No
32,Technician,Single,Tertiary,No,360,No,No,Cellular,19,1900-11-01,164,2,-1,0,Unknown,No
37,Management,Married,Tertiary,No,0,No,No,Cellular,16,1900-07-01,268,2,182,3,Success,Yes
42,Entrepreneur,Divorced,Tertiary,Yes,2,Yes,No,Unknown,5,1900-05-01,380,1,-1,0,Unknown,No
31,Management,Single,Tertiary,No,6248,Yes,No,Unknown,9,1900-05-01,154,2,-1,0,Unknown,No
41,Services,Married,Tertiary,No,412,Yes,No,Unknown,3,1900-06-01,154,5,-1,0,Unknown,No
56,Retired,Married,Secondary,No,344,Yes,No,Unknown,15,1900-05-01,221,1,-1,0,Unknown,No
54,Management,Divorced,Tertiary,No,3222,No,No,Cellular,14,1900-08-01,67,2,-1,0,Unknown,No
41,Blue-Collar,Divorced,Secondary,No,174,Yes,No,Cellular,14,1900-05-01,367,2,297,1,Other,No
40,Technician,Single,Secondary,No,591,No,Yes,Cellular,14,1900-08-01,87,6,-1,0,Unknown,No
50,Blue-Collar,Divorced,Primary,No,388,No,No,Cellular,5,1900-02-01,701,1,-1,0,Unknown,No
40,Unemployed,Married,Secondary,No,219,Yes,No,Cellular,17,1900-11-01,204,2,196,1,Failure,No
27,Admin.,Divorced,Secondary,No,451,Yes,No,Cellular,16,1900-07-01,652,1,-1,0,Unknown,Yes
60,Retired,Married,Primary,No,5,No,No,Cellular,26,1900-08-01,63,2,-1,0,Unknown,No
28,Admin.,Single,Secondary,No,177,Yes,Yes,Cellular,6,1900-05-01,150,1,-1,0,Unknown,No
52,Services,Married,Secondary,No,657,No,No,Telephone,7,1900-07-01,398,2,460,2,Failure,Yes
37,Management,Married,Tertiary,No,1315,No,No,Cellular,30,1900-06-01,224,1,-1,0,Unknown,Yes
51,Blue-Collar,Married,Primary,No,1466,Yes,No,Unknown,7,1900-05-01,406,2,-1,0,Unknown,No
41,Technician,Single,Secondary,No,879,No,Yes,Cellular,7,1900-07-01,60,4,-1,0,Unknown,No
35,Blue-Collar,Single,Primary,No,293,Yes,No,Unknown,30,1900-05-01,521,2,-1,0,Unknown,No
38,Admin.,Married,Secondary,No,424,Yes,No,Cellular,17,1900-04-01,279,1,-1,0,Unknown,No
34,Blue-Collar,Married,Secondary,No,1831,Yes,No,Unknown,20,1900-05-01,203,2,-1,0,Unknown,No
39,Blue-Collar,Married,Primary,No,111,No,No,Cellular,18,1900-11-01,201,2,-1,0,Unknown,No
34,Blue-Collar,Married,Primary,No,455,Yes,No,Unknown,20,1900-06-01,372,3,-1,0,Unknown,No
27,Services,Single,Secondary,No,-195,Yes,No,Cellular,18,1900-05-01,391,1,-1,0,Unknown,Yes
32,Management,Single,Tertiary,No,3616,No,No,Cellular,14,1900-08-01,165,2,-1,0,Unknown,No
57,Blue-Collar,Married,Secondary,No,14093,No,No,Cellular,11,1900-08-01,231,5,-1,0,Unknown,No
41,Unknown,Single,Tertiary,No,1567,No,No,Cellular,1,1900-07-01,291,2,-1,0,Unknown,No
41,Admin.,Married,Tertiary,No,5426,Yes,No,Unknown,14,1900-05-01,149,2,-1,0,Unknown,No
30,Admin.,Single,Tertiary,No,261,No,No,Cellular,19,1900-10-01,233,1,137,20,Failure,No
36,Blue-Collar,Divorced,Secondary,No,2843,No,No,Cellular,12,1900-02-01,473,1,182,1,Success,No
31,Unemployed,Single,Primary,No,406,No,No,Cellular,4,1900-02-01,736,1,-1,0,Unknown,Yes
36,Blue-Collar,Married,Secondary,No,0,Yes,No,Unknown,6,1900-05-01,337,1,-1,0,Unknown,No
38,Management,Single,Tertiary,No,493,Yes,No,Cellular,11,1900-05-01,553,1,367,7,Failure,No
49,Technician,Married,Secondary,No,5996,No,No,Telephone,21,1900-11-01,345,2,-1,0,Unknown,No
57,Services,Single,Primary,No,3777,Yes,No,Telephone,13,1900-05-01,65,2,-1,0,Unknown,No
34,Management,Single,Secondary,No,524,No,No,Unknown,13,1900-08-01,9,1,-1,0,Unknown,No
32,Management,Single,Tertiary,No,574,Yes,No,Cellular,14,1900-04-01,259,2,145,3,Failure,No
37,Blue-Collar,Married,Secondary,No,427,Yes,Yes,Unknown,9,1900-06-01,371,3,-1,0,Unknown,No
33,Self-Employed,Married,Tertiary,No,483,Yes,No,Cellular,3,1900-02-01,280,2,-1,0,Unknown,No
56,Unemployed,Married,Primary,No,3391,No,No,Cellular,21,1900-04-01,243,1,-1,0,Unknown,Yes
27,Housemaid,Married,Primary,No,0,Yes,No,Cellular,23,1900-07-01,435,3,-1,0,Unknown,No
21,Student,Single,Secondary,No,2488,No,No,Cellular,30,1900-06-01,258,6,169,3,Success,Yes
58,Management,Married,Tertiary,No,1517,Yes,No,Telephone,29,1900-07-01,7,5,-1,0,Unknown,No
32,Self-Employed,Married,Secondary,No,217,Yes,Yes,Cellular,15,1900-07-01,317,5,-1,0,Unknown,No
33,Blue-Collar,Single,Secondary,No,22,No,No,Cellular,30,1900-01-01,76,2,207,1,Failure,No
25,Student,Single,Secondary,No,331,No,No,Telephone,26,1900-08-01,170,4,-1,0,Unknown,Yes
25,Technician,Single,Secondary,No,505,No,Yes,Cellular,17,1900-11-01,386,2,-1,0,Unknown,Yes
30,Services,Married,Secondary,No,1808,Yes,No,Cellular,18,1900-05-01,83,2,-1,0,Unknown,No
22,Admin.,Single,Secondary,No,4111,No,Yes,Cellular,19,1900-08-01,65,1,-1,0,Unknown,No
39,Blue-Collar,Married,Primary,No,52,No,No,Cellular,13,1900-08-01,69,1,-1,0,Unknown,No
46,Management,Divorced,Tertiary,No,25,No,No,Unknown,17,1900-06-01,564,2,-1,0,Unknown,No
31,Admin.,Divorced,Secondary,No,1890,Yes,No,Cellular,21,1900-07-01,588,1,-1,0,Unknown,No
45,Blue-Collar,Married,Primary,No,419,No,No,Cellular,18,1900-08-01,113,4,-1,0,Unknown,No
32,Technician,Married,Secondary,No,2693,Yes,No,Unknown,21,1900-05-01,16,1,-1,0,Unknown,No
36,Blue-Collar,Married,Secondary,No,-231,No,Yes,Cellular,15,1900-07-01,779,2,-1,0,Unknown,No
51,Management,Single,Tertiary,Yes,-55,Yes,No,Cellular,11,1900-05-01,281,2,266,6,Failure,No
34,Self-Employed,Single,Tertiary,No,462,No,No,Cellular,21,1900-08-01,1877,3,-1,0,Unknown,Yes
24,Unemployed,Single,Secondary,No,119,No,No,Unknown,15,1900-09-01,51,1,-1,0,Unknown,No
45,Technician,Single,Secondary,No,586,No,Yes,Cellular,28,1900-07-01,32,3,-1,0,Unknown,No
32,Blue-Collar,Single,Secondary,No,228,No,No,Telephone,5,1900-02-01,176,1,288,3,Failure,No
77,Retired,Divorced,Tertiary,No,4659,No,No,Cellular,14,1900-04-01,161,1,-1,0,Unknown,Yes
41,Blue-Collar,Married,Primary,No,168,Yes,No,Cellular,18,1900-11-01,187,3,-1,0,Unknown,No
37,Blue-Collar,Married,Primary,No,0,Yes,No,Unknown,26,1900-05-01,24,1,-1,0,Unknown,No
43,Blue-Collar,Married,Unknown,Yes,-715,Yes,No,Unknown,30,1900-05-01,67,3,-1,0,Unknown,No
48,Admin.,Married,Unknown,No,0,Yes,No,Cellular,8,1900-05-01,85,1,168,2,Failure,No
27,Technician,Single,Secondary,No,769,Yes,No,Unknown,9,1900-05-01,317,2,-1,0,Unknown,No
33,Management,Single,Tertiary,No,0,No,No,Cellular,28,1900-08-01,236,10,-1,0,Unknown,No
29,Admin.,Single,Secondary,No,428,Yes,Yes,Cellular,7,1900-05-01,54,1,345,2,Failure,No
34,Management,Single,Tertiary,No,0,No,No,Cellular,5,1900-02-01,71,1,-1,0,Unknown,No
52,Management,Married,Tertiary,No,-970,Yes,No,Cellular,4,1900-02-01,489,1,-1,0,Unknown,Yes
60,Management,Married,Unknown,No,6313,No,No,Unknown,19,1900-06-01,39,2,-1,0,Unknown,No
32,Management,Divorced,Tertiary,No,948,No,No,Cellular,12,1900-08-01,204,2,-1,0,Unknown,No
32,Management,Single,Tertiary,No,0,Yes,No,Cellular,22,1900-07-01,455,2,-1,0,Unknown,No
56,Services,Divorced,Unknown,No,1877,Yes,No,Unknown,30,1900-05-01,86,1,-1,0,Unknown,No
31,Management,Single,Tertiary,No,874,Yes,No,Cellular,18,1900-11-01,190,2,-1,0,Unknown,No
42,Admin.,Married,Secondary,No,323,Yes,Yes,Unknown,8,1900-05-01,280,2,-1,0,Unknown,No
35,Management,Married,Tertiary,No,106,No,Yes,Cellular,11,1900-08-01,588,2,-1,0,Unknown,No
56,Retired,Married,Primary,No,1906,No,Yes,Unknown,19,1900-06-01,45,9,-1,0,Unknown,No
48,Technician,Married,Secondary,No,1152,Yes,No,Cellular,21,1900-07-01,168,5,-1,0,Unknown,No
46,Admin.,Married,Secondary,No,179,Yes,No,Cellular,29,1900-01-01,194,4,436,1,Other,No
37,Technician,Single,Unknown,No,391,Yes,No,Unknown,8,1900-05-01,103,3,-1,0,Unknown,No
41,Entrepreneur,Married,Unknown,No,89,Yes,No,Unknown,6,1900-05-01,333,2,-1,0,Unknown,No
36,Management,Single,Tertiary,No,442,Yes,Yes,Cellular,29,1900-07-01,102,3,-1,0,Unknown,No
45,Unemployed,Divorced,Primary,Yes,-249,Yes,Yes,Unknown,1,1900-07-01,92,1,-1,0,Unknown,No
55,Entrepreneur,Married,Secondary,No,8104,No,No,Cellular,6,1900-02-01,213,2,-1,0,Unknown,No
39,Technician,Married,Secondary,No,501,No,No,Unknown,26,1900-05-01,289,1,-1,0,Unknown,No
35,Technician,Divorced,Secondary,No,308,No,No,Cellular,22,1900-08-01,77,2,-1,0,Unknown,No
55,Admin.,Married,Secondary,No,602,No,No,Cellular,1,1900-06-01,324,3,90,2,Success,Yes
55,Technician,Married,Secondary,No,273,Yes,No,Cellular,29,1900-01-01,84,3,183,3,Failure,No
27,Self-Employed,Single,Secondary,No,50,No,No,Cellular,29,1900-01-01,168,1,-1,0,Unknown,No
34,Technician,Married,Secondary,No,1641,Yes,No,Cellular,17,1900-04-01,380,1,-1,0,Unknown,No
34,Blue-Collar,Married,Tertiary,No,20,No,No,Unknown,4,1900-10-01,10,1,-1,0,Unknown,No
25,Admin.,Single,Secondary,No,4590,Yes,No,Unknown,28,1900-05-01,199,2,-1,0,Unknown,No
41,Admin.,Single,Secondary,No,-256,No,Yes,Unknown,9,1900-05-01,35,3,-1,0,Unknown,No
43,Services,Married,Secondary,No,978,Yes,Yes,Unknown,26,1900-05-01,82,2,-1,0,Unknown,No
28,Management,Single,Tertiary,No,80,No,No,Cellular,20,1900-10-01,676,2,146,2,Failure,Yes
31,Admin.,Single,Secondary,No,2104,Yes,No,Unknown,3,1900-06-01,455,1,-1,0,Unknown,No
78,Housemaid,Married,Secondary,No,499,No,No,Telephone,16,1900-03-01,80,4,-1,0,Unknown,No
45,Blue-Collar,Divorced,Secondary,No,1269,Yes,No,Cellular,29,1900-01-01,549,2,-1,0,Unknown,No
48,Technician,Married,Tertiary,No,310,No,No,Unknown,6,1900-05-01,135,1,-1,0,Unknown,No
32,Blue-Collar,Single,Secondary,No,1143,Yes,Yes,Cellular,10,1900-07-01,412,1,-1,0,Unknown,No
42,Technician,Married,Secondary,No,2980,No,No,Unknown,20,1900-06-01,101,3,-1,0,Unknown,No
37,Management,Single,Tertiary,No,37,No,No,Cellular,28,1900-01-01,253,2,-1,0,Unknown,No
40,Admin.,Single,Secondary,No,462,Yes,Yes,Cellular,6,1900-04-01,272,1,335,4,Other,No
32,Admin.,Married,Secondary,No,1031,Yes,No,Cellular,17,1900-07-01,84,1,-1,0,Unknown,No
42,Management,Married,Tertiary,No,9009,No,No,Cellular,20,1900-11-01,135,2,-1,0,Unknown,No
43,Admin.,Married,Secondary,No,-465,Yes,Yes,Cellular,23,1900-07-01,166,1,-1,0,Unknown,No
44,Admin.,Married,Secondary,No,5181,Yes,Yes,Cellular,31,1900-07-01,18,7,-1,0,Unknown,No
37,Admin.,Married,Secondary,No,176,Yes,No,Cellular,5,1900-05-01,147,2,347,1,Failure,No
37,Unknown,Married,Unknown,No,1699,No,No,Unknown,9,1900-06-01,63,1,-1,0,Unknown,No
37,Admin.,Married,Tertiary,No,0,Yes,No,Cellular,17,1900-11-01,65,2,119,1,Failure,No
28,Technician,Single,Tertiary,No,172,Yes,Yes,Cellular,2,1900-02-01,194,2,-1,0,Unknown,No
32,Services,Single,Secondary,No,0,No,Yes,Cellular,11,1900-07-01,333,2,-1,0,Unknown,No
34,Admin.,Single,Secondary,No,6979,Yes,No,Cellular,15,1900-05-01,14,5,-1,0,Unknown,No
40,Admin.,Divorced,Secondary,No,6,No,No,Unknown,11,1900-06-01,140,1,-1,0,Unknown,No
34,Services,Married,Secondary,No,-62,Yes,No,Unknown,16,1900-06-01,109,3,-1,0,Unknown,No
34,Self-Employed,Married,Tertiary,No,1972,Yes,No,Cellular,23,1900-07-01,61,2,-1,0,Unknown,No
34,Admin.,Married,Tertiary,No,899,Yes,No,Telephone,19,1900-11-01,377,3,7,4,Success,No
37,Services,Single,Secondary,No,21,Yes,No,Cellular,2,1900-02-01,96,1,271,2,Other,No
36,Technician,Married,Secondary,No,23,Yes,No,Cellular,8,1900-05-01,152,2,347,1,Failure,No
56,Retired,Married,Secondary,No,-1206,Yes,No,Cellular,15,1900-06-01,382,2,-1,0,Unknown,Yes
49,Blue-Collar,Married,Primary,No,0,Yes,Yes,Telephone,23,1900-07-01,97,6,-1,0,Unknown,No
33,Self-Employed,Married,Secondary,No,215,Yes,No,Cellular,29,1900-07-01,543,12,-1,0,Unknown,No
30,Management,Single,Tertiary,No,1372,No,No,Cellular,20,1900-11-01,240,2,-1,0,Unknown,No
36,Services,Married,Secondary,No,1981,No,No,Unknown,17,1900-06-01,48,2,-1,0,Unknown,No
23,Student,Single,Secondary,No,9216,No,No,Cellular,5,1900-06-01,471,2,-1,0,Unknown,No
57,Retired,Divorced,Secondary,No,39,Yes,No,Cellular,30,1900-07-01,354,3,-1,0,Unknown,No
27,Blue-Collar,Single,Secondary,No,5563,Yes,No,Unknown,30,1900-05-01,435,2,-1,0,Unknown,No
38,Services,Married,Secondary,No,1,No,Yes,Cellular,21,1900-11-01,152,2,-1,0,Unknown,No
42,Technician,Married,Tertiary,No,782,No,No,Cellular,3,1900-04-01,285,1,-1,0,Unknown,No
75,Retired,Married,Secondary,No,3771,No,No,Telephone,15,1900-04-01,185,1,181,2,Success,Yes
34,Technician,Single,Tertiary,No,992,Yes,No,Cellular,4,1900-05-01,301,1,88,2,Success,No
48,Technician,Married,Secondary,No,1526,No,No,Cellular,6,1900-08-01,273,2,-1,0,Unknown,No
35,Technician,Single,Tertiary,No,2658,Yes,No,Cellular,19,1900-08-01,768,2,141,3,Failure,Yes
39,Management,Divorced,Tertiary,No,1315,Yes,No,Cellular,19,1900-11-01,1337,4,126,1,Failure,No
29,Blue-Collar,Single,Tertiary,No,455,No,No,Telephone,21,1900-04-01,403,1,-1,0,Unknown,Yes
45,Technician,Single,Tertiary,No,0,Yes,No,Cellular,18,1900-11-01,139,2,-1,0,Unknown,No
42,Technician,Married,Secondary,No,2030,Yes,Yes,Cellular,9,1900-07-01,196,1,-1,0,Unknown,No
29,Technician,Married,Secondary,No,1599,Yes,No,Cellular,8,1900-07-01,115,1,61,1,Failure,No
38,Services,Single,Secondary,No,-196,Yes,No,Cellular,2,1900-02-01,60,1,271,1,Failure,No
56,Retired,Married,Secondary,No,1333,No,No,Cellular,28,1900-08-01,17,14,-1,0,Unknown,No
36,Technician,Single,Secondary,No,9149,Yes,No,Cellular,13,1900-08-01,141,3,-1,0,Unknown,No
25,Blue-Collar,Single,Secondary,No,-350,Yes,No,Unknown,23,1900-06-01,95,3,-1,0,Unknown,No
38,Technician,Married,Tertiary,No,432,Yes,No,Cellular,15,1900-05-01,10,2,373,1,Other,No
57,Self-Employed,Married,Secondary,No,11494,No,No,Cellular,19,1900-11-01,198,1,-1,0,Unknown,No
31,Management,Married,Tertiary,Yes,-253,No,No,Cellular,12,1900-08-01,220,4,-1,0,Unknown,No
42,Management,Married,Tertiary,No,372,Yes,No,Cellular,3,1900-08-01,654,2,-1,0,Unknown,Yes
45,Technician,Married,Secondary,No,1410,No,No,Cellular,11,1900-08-01,71,2,-1,0,Unknown,No
30,Blue-Collar,Married,Secondary,No,975,Yes,No,Cellular,13,1900-05-01,256,2,351,2,Failure,No
49,Blue-Collar,Married,Primary,No,305,Yes,Yes,Telephone,10,1900-07-01,834,10,-1,0,Unknown,No
49,Services,Married,Secondary,No,400,No,No,Cellular,21,1900-08-01,151,3,-1,0,Unknown,No
53,Retired,Married,Tertiary,No,-22,Yes,No,Cellular,31,1900-07-01,20,3,-1,0,Unknown,No
37,Technician,Married,Secondary,No,4030,Yes,No,Unknown,26,1900-05-01,178,5,-1,0,Unknown,No
49,Blue-Collar,Married,Primary,No,365,No,No,Unknown,26,1900-05-01,59,2,-1,0,Unknown,No
41,Self-Employed,Married,Primary,No,204,No,No,Cellular,13,1900-08-01,111,7,-1,0,Unknown,No
54,Management,Married,Primary,No,1691,Yes,No,Cellular,20,1900-11-01,186,1,-1,0,Unknown,No
32,Services,Single,Secondary,No,406,Yes,No,Unknown,6,1900-05-01,227,1,-1,0,Unknown,No
33,Technician,Married,Secondary,No,-204,No,No,Cellular,15,1900-05-01,297,3,-1,0,Unknown,No
33,Technician,Married,Secondary,No,359,Yes,No,Cellular,20,1900-04-01,210,1,242,1,Other,No
36,Blue-Collar,Married,Primary,No,123,Yes,No,Cellular,18,1900-05-01,9,1,-1,0,Unknown,No
35,Technician,Married,Tertiary,No,0,Yes,Yes,Cellular,23,1900-09-01,112,1,62,6,Other,No
52,Unknown,Married,Secondary,No,142,No,No,Cellular,25,1900-08-01,112,6,-1,0,Unknown,No
40,Entrepreneur,Married,Tertiary,No,3571,No,No,Unknown,9,1900-06-01,222,3,-1,0,Unknown,No
44,Technician,Single,Secondary,No,33,Yes,No,Cellular,13,1900-05-01,195,3,351,10,Failure,No
45,Blue-Collar,Single,Secondary,No,0,Yes,No,Cellular,26,1900-07-01,768,2,91,5,Success,No
30,Student,Single,Secondary,No,3096,No,No,Cellular,26,1900-01-01,123,1,-1,0,Unknown,No
48,Technician,Divorced,Secondary,Yes,20,No,No,Cellular,27,1900-08-01,145,3,-1,0,Unknown,No
33,Blue-Collar,Married,Secondary,No,3576,Yes,No,Cellular,2,1900-04-01,124,1,308,2,Other,No
57,Technician,Married,Unknown,No,206,Yes,No,Unknown,5,1900-05-01,216,3,-1,0,Unknown,No
57,Housemaid,Married,Primary,No,7082,No,No,Unknown,6,1900-06-01,69,3,-1,0,Unknown,No
51,Unemployed,Married,Tertiary,No,1634,Yes,No,Cellular,22,1900-07-01,168,4,-1,0,Unknown,No
34,Admin.,Single,Secondary,No,1,Yes,No,Cellular,22,1900-07-01,483,7,-1,0,Unknown,No
50,Self-Employed,Married,Tertiary,No,4012,No,No,Cellular,19,1900-11-01,690,3,-1,0,Unknown,No
44,Management,Married,Tertiary,No,3762,No,No,Cellular,28,1900-08-01,125,12,-1,0,Unknown,No
27,Admin.,Married,Secondary,No,-247,Yes,Yes,Unknown,4,1900-06-01,344,2,-1,0,Unknown,No
50,Blue-Collar,Married,Secondary,No,606,Yes,No,Unknown,14,1900-05-01,673,2,-1,0,Unknown,No
36,Management,Married,Tertiary,No,0,Yes,No,Cellular,28,1900-01-01,60,1,250,1,Other,No
42,Management,Married,Secondary,No,-189,Yes,No,Unknown,12,1900-05-01,247,2,-1,0,Unknown,No
32,Unemployed,Single,Secondary,No,0,No,No,Cellular,27,1900-05-01,123,2,-1,0,Unknown,No
42,Management,Married,Tertiary,No,484,Yes,No,Cellular,11,1900-07-01,144,2,-1,0,Unknown,No
43,Technician,Married,Secondary,No,0,No,Yes,Cellular,8,1900-05-01,9,2,172,5,Failure,No
31,Management,Married,Tertiary,No,395,Yes,No,Cellular,9,1900-02-01,155,3,-1,0,Unknown,No
32,Management,Married,Tertiary,No,2349,No,No,Cellular,14,1900-08-01,134,5,-1,0,Unknown,No
55,Blue-Collar,Divorced,Primary,No,410,No,Yes,Cellular,11,1900-07-01,221,2,-1,0,Unknown,No
58,Retired,Married,Primary,No,3401,Yes,No,Cellular,3,1900-02-01,84,3,265,2,Failure,No
46,Blue-Collar,Married,Primary,No,222,No,No,Cellular,8,1900-08-01,71,2,-1,0,Unknown,No
55,Blue-Collar,Married,Secondary,No,989,Yes,Yes,Unknown,23,1900-05-01,246,4,-1,0,Unknown,No
34,Management,Married,Tertiary,No,415,No,Yes,Cellular,23,1900-07-01,361,2,-1,0,Unknown,No
28,Unemployed,Single,Secondary,No,16,No,No,Cellular,12,1900-08-01,119,4,-1,0,Unknown,No
42,Technician,Divorced,Tertiary,No,7190,Yes,No,Cellular,29,1900-07-01,375,2,-1,0,Unknown,No
29,Blue-Collar,Single,Secondary,No,482,No,Yes,Cellular,10,1900-07-01,1097,3,-1,0,Unknown,Yes
54,Housemaid,Married,Secondary,No,209,Yes,Yes,Cellular,25,1900-07-01,97,1,-1,0,Unknown,No
32,Technician,Single,Secondary,No,0,No,No,Cellular,26,1900-08-01,181,2,-1,0,Unknown,No
39,Technician,Single,Tertiary,No,5803,No,No,Cellular,2,1900-02-01,83,3,-1,0,Unknown,No
53,Entrepreneur,Married,Tertiary,No,624,No,Yes,Cellular,21,1900-07-01,180,4,-1,0,Unknown,No
58,Technician,Married,Tertiary,No,883,No,No,Cellular,18,1900-08-01,543,1,78,2,Failure,No
40,Self-Employed,Married,Secondary,No,1516,Yes,Yes,Unknown,23,1900-05-01,373,1,-1,0,Unknown,No
29,Student,Single,Secondary,No,872,Yes,No,Unknown,7,1900-05-01,230,1,-1,0,Unknown,No
33,Technician,Married,Tertiary,No,-988,Yes,Yes,Cellular,15,1900-07-01,83,3,-1,0,Unknown,No
38,Admin.,Single,Secondary,No,902,Yes,No,Telephone,31,1900-07-01,58,13,-1,0,Unknown,No
56,Services,Divorced,Secondary,No,1007,No,No,Cellular,29,1900-07-01,88,6,-1,0,Unknown,No
40,Services,Married,Secondary,No,0,Yes,No,Cellular,2,1900-06-01,297,1,28,3,Failure,No
24,Blue-Collar,Single,Secondary,No,174,Yes,Yes,Cellular,18,1900-05-01,487,1,-1,0,Unknown,Yes
46,Management,Married,Secondary,No,12186,No,No,Unknown,20,1900-06-01,29,3,-1,0,Unknown,No
35,Self-Employed,Married,Secondary,No,524,Yes,No,Cellular,21,1900-11-01,484,4,-1,0,Unknown,No
35,Blue-Collar,Single,Tertiary,No,0,Yes,No,Cellular,21,1900-07-01,262,4,-1,0,Unknown,No
34,Technician,Married,Secondary,No,4,Yes,No,Unknown,15,1900-05-01,644,1,-1,0,Unknown,No
35,Housemaid,Married,Tertiary,No,11219,No,No,Cellular,12,1900-08-01,699,2,79,1,Failure,No
38,Technician,Single,Tertiary,No,0,No,No,Cellular,28,1900-08-01,247,2,-1,0,Unknown,No
50,Blue-Collar,Married,Primary,No,5776,No,No,Cellular,18,1900-11-01,49,3,-1,0,Unknown,No
51,Blue-Collar,Divorced,Primary,No,37,Yes,No,Cellular,13,1900-05-01,341,1,-1,0,Unknown,No
59,Self-Employed,Married,Tertiary,No,593,No,No,Unknown,13,1900-05-01,64,2,-1,0,Unknown,No
32,Blue-Collar,Married,Secondary,No,1148,Yes,No,Cellular,20,1900-04-01,121,1,-1,0,Unknown,No
37,Blue-Collar,Single,Secondary,No,3561,Yes,No,Unknown,2,1900-06-01,98,1,-1,0,Unknown,No
42,Admin.,Divorced,Secondary,No,63,No,No,Unknown,16,1900-05-01,88,6,-1,0,Unknown,No
40,Student,Married,Secondary,No,260,No,No,Unknown,20,1900-06-01,197,6,-1,0,Unknown,No
28,Technician,Single,Tertiary,No,2269,Yes,No,Unknown,9,1900-05-01,331,1,-1,0,Unknown,No
47,Admin.,Married,Secondary,No,1060,Yes,No,Unknown,6,1900-06-01,83,3,-1,0,Unknown,No
27,Self-Employed,Married,Secondary,No,-220,Yes,No,Unknown,26,1900-05-01,138,2,-1,0,Unknown,No
41,Management,Married,Tertiary,No,49,Yes,No,Cellular,17,1900-07-01,312,5,-1,0,Unknown,No
34,Admin.,Married,Tertiary,No,69,No,Yes,Cellular,4,1900-08-01,120,3,1,6,Success,Yes
50,Blue-Collar,Married,Primary,No,4108,Yes,No,Cellular,7,1900-08-01,526,2,-1,0,Unknown,Yes
47,Blue-Collar,Married,Secondary,No,480,Yes,No,Unknown,28,1900-05-01,211,2,-1,0,Unknown,No
53,Services,Married,Secondary,No,4994,No,No,Cellular,18,1900-08-01,62,6,-1,0,Unknown,No
53,Technician,Divorced,Secondary,No,0,Yes,Yes,Cellular,15,1900-07-01,135,5,-1,0,Unknown,No
47,Management,Married,Tertiary,No,3681,No,No,Cellular,14,1900-08-01,101,2,-1,0,Unknown,No
49,Entrepreneur,Divorced,Unknown,Yes,-701,Yes,No,Cellular,30,1900-07-01,988,2,-1,0,Unknown,Yes
29,Management,Married,Tertiary,No,451,No,No,Cellular,28,1900-01-01,451,1,-1,0,Unknown,No
45,Blue-Collar,Divorced,Primary,No,-311,Yes,No,Unknown,23,1900-05-01,1030,1,-1,0,Unknown,Yes
38,Entrepreneur,Married,Secondary,No,593,Yes,Yes,Cellular,24,1900-07-01,1484,24,-1,0,Unknown,Yes
32,Blue-Collar,Married,Secondary,No,759,Yes,No,Cellular,9,1900-04-01,317,5,-1,0,Unknown,Yes
70,Retired,Divorced,Primary,No,4531,No,No,Cellular,18,1900-05-01,445,1,-1,0,Unknown,No
65,Retired,Divorced,Primary,No,1840,No,No,Cellular,1,1900-06-01,383,2,188,5,Failure,No
56,Blue-Collar,Married,Secondary,No,345,Yes,No,Telephone,22,1900-07-01,605,1,-1,0,Unknown,No
35,Blue-Collar,Married,Secondary,No,1287,Yes,No,Cellular,14,1900-07-01,330,2,-1,0,Unknown,No
56,Management,Married,Unknown,No,353,No,Yes,Cellular,25,1900-07-01,171,2,-1,0,Unknown,No
56,Technician,Married,Secondary,No,205,No,Yes,Cellular,23,1900-07-01,442,2,-1,0,Unknown,No
49,Entrepreneur,Married,Secondary,No,687,Yes,No,Cellular,17,1900-04-01,772,1,-1,0,Unknown,Yes
38,Unemployed,Married,Primary,No,1147,Yes,Yes,Unknown,8,1900-05-01,249,5,-1,0,Unknown,No
35,Management,Married,Tertiary,No,4286,Yes,No,Unknown,9,1900-05-01,357,1,-1,0,Unknown,No
38,Admin.,Married,Tertiary,No,605,No,No,Cellular,18,1900-11-01,147,2,-1,0,Unknown,No
49,Blue-Collar,Married,Secondary,No,8545,Yes,Yes,Cellular,6,1900-05-01,199,7,167,1,Failure,No
55,Management,Married,Unknown,No,559,No,No,Cellular,28,1900-01-01,271,2,-1,0,Unknown,No
43,Blue-Collar,Single,Primary,No,2,Yes,No,Cellular,30,1900-07-01,783,3,-1,0,Unknown,No
43,Management,Married,Tertiary,No,2,No,Yes,Cellular,20,1900-08-01,472,2,-1,0,Unknown,No
25,Admin.,Single,Tertiary,No,760,Yes,No,Cellular,27,1900-05-01,223,3,89,2,Failure,Yes
30,Blue-Collar,Married,Primary,No,1317,Yes,No,Unknown,21,1900-05-01,395,2,-1,0,Unknown,No
46,Blue-Collar,Married,Secondary,No,182,No,No,Cellular,4,1900-02-01,56,1,-1,0,Unknown,No
50,Admin.,Married,Primary,No,276,No,Yes,Unknown,17,1900-06-01,641,6,-1,0,Unknown,No
35,Entrepreneur,Married,Secondary,No,2971,No,No,Cellular,4,1900-05-01,429,4,164,2,Failure,Yes
26,Unemployed,Single,Secondary,No,1064,No,No,Unknown,31,1900-05-01,113,1,-1,0,Unknown,No
45,Admin.,Married,Unknown,No,1783,No,No,Unknown,20,1900-06-01,11,11,-1,0,Unknown,No
37,Blue-Collar,Married,Secondary,No,-67,No,No,Cellular,2,1900-02-01,157,1,-1,0,Unknown,No
60,Self-Employed,Single,Tertiary,No,179,No,Yes,Cellular,29,1900-07-01,79,4,-1,0,Unknown,No
38,Management,Married,Tertiary,No,1199,No,No,Cellular,4,1900-08-01,178,1,1,1,Success,Yes
47,Blue-Collar,Married,Primary,No,214,Yes,Yes,Unknown,9,1900-06-01,168,1,-1,0,Unknown,No
33,Technician,Married,Secondary,No,6699,No,No,Cellular,9,1900-11-01,425,1,462,1,Failure,No
51,Unemployed,Married,Secondary,No,1760,No,Yes,Cellular,19,1900-11-01,162,1,-1,0,Unknown,No
35,Entrepreneur,Single,Tertiary,No,145,Yes,No,Cellular,18,1900-07-01,799,2,-1,0,Unknown,Yes
35,Unemployed,Married,Secondary,No,978,No,No,Cellular,29,1900-12-01,1370,3,209,3,Success,Yes
48,Admin.,Single,Secondary,No,1150,Yes,No,Unknown,28,1900-05-01,357,1,-1,0,Unknown,No
37,Admin.,Married,Secondary,No,121,No,No,Cellular,22,1900-07-01,22,6,-1,0,Unknown,No
29,Technician,Single,Tertiary,No,828,Yes,No,Cellular,16,1900-04-01,215,3,321,3,Other,No
34,Admin.,Married,Secondary,No,244,Yes,No,Cellular,31,1900-07-01,56,4,-1,0,Unknown,No
32,Services,Married,Primary,No,228,Yes,No,Cellular,21,1900-07-01,1017,6,-1,0,Unknown,Yes
30,Management,Single,Tertiary,No,424,No,No,Cellular,16,1900-04-01,298,4,-1,0,Unknown,Yes
47,Management,Divorced,Tertiary,No,447,No,Yes,Unknown,7,1900-05-01,126,1,-1,0,Unknown,No
33,Blue-Collar,Married,Primary,No,-195,No,No,Unknown,20,1900-09-01,9,1,-1,0,Unknown,No
33,Management,Single,Tertiary,No,1410,Yes,No,Cellular,5,1900-02-01,8,1,254,5,Failure,No
63,Retired,Married,Primary,No,1084,No,No,Cellular,14,1900-10-01,201,1,183,1,Success,No
51,Self-Employed,Divorced,Primary,No,10924,No,No,Cellular,6,1900-05-01,106,2,-1,0,Unknown,No
41,Management,Married,Tertiary,No,832,Yes,Yes,Cellular,21,1900-11-01,164,1,176,1,Failure,No
56,Retired,Married,Tertiary,No,478,No,No,Cellular,5,1900-02-01,97,1,-1,0,Unknown,No
60,Management,Single,Tertiary,No,0,No,Yes,Cellular,23,1900-07-01,151,1,-1,0,Unknown,No
41,Self-Employed,Single,Tertiary,No,3950,Yes,No,Unknown,30,1900-05-01,96,2,-1,0,Unknown,No
37,Management,Single,Unknown,No,504,Yes,No,Cellular,16,1900-04-01,555,1,-1,0,Unknown,No
36,Blue-Collar,Single,Secondary,No,219,Yes,Yes,Cellular,11,1900-05-01,270,2,347,1,Failure,No
57,Management,Married,Tertiary,No,1602,No,No,Cellular,29,1900-07-01,339,3,-1,0,Unknown,No
55,Management,Married,Primary,No,2587,No,No,Cellular,4,1900-09-01,328,2,94,2,Success,Yes
44,Admin.,Married,Secondary,No,0,Yes,Yes,Unknown,16,1900-05-01,159,1,-1,0,Unknown,No
47,Self-Employed,Married,Tertiary,No,2303,Yes,No,Cellular,6,1900-05-01,323,2,364,1,Failure,No
31,Blue-Collar,Married,Secondary,No,1660,Yes,No,Cellular,20,1900-04-01,342,1,-1,0,Unknown,No
35,Management,Married,Tertiary,Yes,32,Yes,No,Cellular,21,1900-11-01,180,1,-1,0,Unknown,No
39,Management,Married,Tertiary,No,278,No,Yes,Cellular,28,1900-07-01,60,3,-1,0,Unknown,No
50,Management,Married,Tertiary,No,4,No,No,Cellular,17,1900-11-01,223,1,96,2,Failure,No
29,Management,Married,Tertiary,No,318,Yes,No,Cellular,18,1900-05-01,1434,2,356,4,Failure,No
30,Services,Single,Secondary,No,209,Yes,No,Unknown,6,1900-05-01,30,2,-1,0,Unknown,No
46,Services,Married,Secondary,No,271,Yes,No,Unknown,16,1900-05-01,134,4,-1,0,Unknown,No
27,Management,Single,Unknown,No,3196,No,No,Cellular,9,1900-02-01,10,2,-1,0,Unknown,No
48,Admin.,Divorced,Secondary,No,4099,No,No,Cellular,2,1900-04-01,397,2,-1,0,Unknown,Yes
26,Student,Single,Secondary,No,2572,Yes,No,Cellular,5,1900-05-01,620,1,-1,0,Unknown,No
36,Management,Single,Tertiary,No,339,No,No,Cellular,21,1900-11-01,6,6,-1,0,Unknown,No
42,Blue-Collar,Married,Primary,No,0,Yes,Yes,Cellular,7,1900-05-01,209,2,-1,0,Unknown,No
50,Housemaid,Married,Primary,No,395,Yes,No,Unknown,15,1900-05-01,419,2,-1,0,Unknown,No
49,Blue-Collar,Married,Secondary,No,2039,Yes,No,Cellular,18,1900-11-01,283,2,-1,0,Unknown,No
45,Management,Married,Tertiary,No,5450,No,No,Cellular,8,1900-08-01,188,2,-1,0,Unknown,No
23,Student,Single,Secondary,No,780,No,No,Cellular,16,1900-09-01,267,1,-1,0,Unknown,No
38,Technician,Single,Secondary,No,0,Yes,No,Cellular,7,1900-04-01,196,2,-1,0,Unknown,No
32,Management,Single,Tertiary,No,8436,Yes,No,Cellular,17,1900-04-01,245,1,149,2,Failure,No
60,Technician,Single,Primary,No,11262,No,No,Cellular,26,1900-08-01,323,1,-1,0,Unknown,Yes
30,Entrepreneur,Married,Secondary,No,946,Yes,No,Cellular,19,1900-11-01,1065,1,183,1,Other,No
58,Housemaid,Married,Tertiary,No,497,No,No,Unknown,11,1900-06-01,138,5,-1,0,Unknown,No
60,Retired,Married,Primary,No,55,No,No,Cellular,4,1900-06-01,207,1,-1,0,Unknown,No
38,Services,Married,Secondary,No,-140,No,No,Unknown,25,1900-06-01,456,3,-1,0,Unknown,No
51,Technician,Married,Secondary,No,-379,Yes,No,Cellular,5,1900-08-01,261,1,-1,0,Unknown,No
42,Admin.,Married,Secondary,No,-396,Yes,No,Cellular,11,1900-05-01,80,1,308,4,Failure,No
30,Services,Single,Secondary,No,0,Yes,No,Cellular,18,1900-05-01,131,6,363,9,Failure,No
40,Management,Married,Primary,No,733,Yes,No,Unknown,6,1900-06-01,94,7,-1,0,Unknown,No
37,Management,Married,Tertiary,No,393,Yes,No,Cellular,14,1900-05-01,567,3,275,4,Failure,Yes
53,Technician,Divorced,Primary,No,7290,Yes,No,Unknown,30,1900-05-01,153,1,-1,0,Unknown,No
27,Services,Single,Secondary,No,468,Yes,No,Cellular,13,1900-05-01,109,1,-1,0,Unknown,No
39,Blue-Collar,Married,Secondary,No,0,Yes,No,Cellular,30,1900-04-01,53,1,325,1,Failure,No
39,Blue-Collar,Married,Primary,No,3705,Yes,No,Unknown,16,1900-06-01,77,1,-1,0,Unknown,No
59,Retired,Married,Tertiary,No,9676,No,No,Telephone,27,1900-03-01,234,2,-1,0,Unknown,Yes
37,Services,Married,Secondary,No,1328,Yes,No,Telephone,13,1900-05-01,121,2,341,4,Failure,No
41,Blue-Collar,Married,Primary,No,8,Yes,No,Cellular,15,1900-07-01,155,2,-1,0,Unknown,No
45,Blue-Collar,Married,Primary,No,61,No,No,Cellular,17,1900-04-01,108,1,-1,0,Unknown,No
48,Management,Married,Tertiary,No,6613,No,No,Unknown,17,1900-06-01,159,3,-1,0,Unknown,No
48,Technician,Married,Secondary,No,302,Yes,No,Unknown,26,1900-05-01,208,3,-1,0,Unknown,No
32,Blue-Collar,Married,Secondary,No,1005,No,No,Cellular,12,1900-05-01,215,1,-1,0,Unknown,No
35,Services,Married,Secondary,No,109,Yes,No,Unknown,6,1900-05-01,597,3,-1,0,Unknown,No
33,Management,Single,Tertiary,No,1240,Yes,No,Cellular,4,1900-02-01,505,2,260,1,Other,No
28,Blue-Collar,Single,Primary,No,0,Yes,Yes,Unknown,3,1900-06-01,380,4,-1,0,Unknown,No
64,Retired,Married,Unknown,No,2923,No,No,Cellular,12,1900-03-01,120,1,-1,0,Unknown,No
35,Technician,Married,Secondary,No,0,No,No,Cellular,27,1900-08-01,106,4,-1,0,Unknown,No
33,Blue-Collar,Married,Secondary,No,43,Yes,No,Cellular,14,1900-05-01,332,2,358,2,Failure,No
41,Technician,Married,Secondary,No,288,Yes,No,Unknown,15,1900-05-01,221,4,-1,0,Unknown,No
34,Admin.,Married,Secondary,No,613,Yes,No,Cellular,4,1900-06-01,80,1,-1,0,Unknown,No
37,Technician,Single,Tertiary,No,6101,No,No,Cellular,4,1900-05-01,60,5,87,1,Success,No
38,Blue-Collar,Married,Primary,No,168,Yes,Yes,Telephone,13,1900-05-01,212,3,-1,0,Unknown,No
39,Blue-Collar,Married,Primary,No,7685,Yes,No,Cellular,14,1900-04-01,493,3,-1,0,Unknown,No
35,Technician,Divorced,Tertiary,No,4515,Yes,No,Cellular,19,1900-11-01,98,2,-1,0,Unknown,No
28,Blue-Collar,Single,Secondary,No,517,No,Yes,Cellular,8,1900-07-01,681,1,-1,0,Unknown,Yes
27,Blue-Collar,Single,Secondary,No,148,No,No,Cellular,22,1900-07-01,203,1,-1,0,Unknown,No
48,Retired,Married,Primary,Yes,-285,No,Yes,Cellular,19,1900-11-01,157,1,-1,0,Unknown,No
50,Blue-Collar,Married,Secondary,No,887,No,No,Unknown,16,1900-06-01,287,1,-1,0,Unknown,No
45,Self-Employed,Married,Secondary,No,3098,Yes,No,Cellular,7,1900-08-01,159,2,-1,0,Unknown,No
41,Technician,Married,Tertiary,No,744,Yes,No,Unknown,14,1900-05-01,125,1,-1,0,Unknown,No
39,Technician,Married,Secondary,No,130,No,No,Cellular,8,1900-07-01,202,2,-1,0,Unknown,No
44,Management,Married,Secondary,No,438,Yes,No,Telephone,8,1900-05-01,37,3,303,1,Failure,No
54,Admin.,Married,Secondary,No,0,No,No,Cellular,28,1900-01-01,161,1,98,2,Failure,Yes
49,Management,Married,Tertiary,No,322,No,No,Cellular,6,1900-08-01,72,4,-1,0,Unknown,No
34,Blue-Collar,Single,Secondary,No,186,No,No,Cellular,2,1900-02-01,342,1,-1,0,Unknown,No
75,Retired,Divorced,Tertiary,No,3810,Yes,No,Cellular,16,1900-11-01,262,1,183,1,Failure,Yes
42,Management,Married,Tertiary,No,0,No,No,Cellular,13,1900-08-01,325,2,-1,0,Unknown,No
53,Blue-Collar,Married,Secondary,No,4380,No,No,Telephone,19,1900-08-01,223,7,-1,0,Unknown,No
49,Management,Divorced,Tertiary,No,755,No,No,Cellular,31,1900-07-01,1212,4,-1,0,Unknown,Yes
31,Services,Single,Secondary,No,2070,No,No,Cellular,29,1900-08-01,319,2,-1,0,Unknown,No
45,Blue-Collar,Single,Primary,No,999,No,No,Cellular,29,1900-01-01,182,2,-1,0,Unknown,No
39,Self-Employed,Married,Secondary,No,167,Yes,Yes,Cellular,17,1900-07-01,330,1,-1,0,Unknown,No
46,Technician,Married,Secondary,No,1322,Yes,Yes,Cellular,19,1900-11-01,514,1,-1,0,Unknown,No
42,Admin.,Divorced,Secondary,No,1076,Yes,No,Unknown,14,1900-05-01,213,1,-1,0,Unknown,No
37,Management,Married,Tertiary,No,502,Yes,No,Cellular,7,1900-05-01,551,1,351,1,Failure,No
26,Technician,Single,Tertiary,No,1216,Yes,No,Cellular,16,1900-04-01,472,2,-1,0,Unknown,No
37,Management,Single,Tertiary,No,876,Yes,No,Cellular,15,1900-04-01,140,4,327,2,Failure,No
36,Services,Single,Secondary,No,342,Yes,No,Unknown,7,1900-05-01,142,1,-1,0,Unknown,No
29,Blue-Collar,Single,Primary,No,950,Yes,No,Unknown,4,1900-06-01,135,3,-1,0,Unknown,No
36,Blue-Collar,Married,Primary,No,973,Yes,Yes,Unknown,23,1900-05-01,293,1,-1,0,Unknown,No
26,Technician,Married,Tertiary,No,3825,Yes,No,Unknown,13,1900-05-01,107,1,-1,0,Unknown,No
32,Blue-Collar,Married,Secondary,No,2366,Yes,No,Unknown,20,1900-05-01,127,2,-1,0,Unknown,No
40,Management,Married,Tertiary,No,542,Yes,No,Cellular,20,1900-11-01,1816,1,-1,0,Unknown,No
53,Management,Married,Primary,No,995,No,No,Cellular,4,1900-02-01,200,3,-1,0,Unknown,No
29,Management,Married,Tertiary,No,20,Yes,No,Cellular,12,1900-05-01,418,1,-1,0,Unknown,No
34,Technician,Single,Tertiary,No,228,Yes,No,Cellular,22,1900-07-01,387,4,-1,0,Unknown,No
43,Blue-Collar,Married,Secondary,No,130,No,No,Cellular,5,1900-05-01,156,1,337,3,Failure,No
56,Management,Married,Tertiary,No,217,No,Yes,Cellular,21,1900-07-01,121,2,-1,0,Unknown,No
55,Entrepreneur,Divorced,Tertiary,No,0,No,No,Unknown,6,1900-06-01,108,2,-1,0,Unknown,No
31,Self-Employed,Married,Tertiary,No,259,Yes,No,Cellular,7,1900-05-01,47,1,-1,0,Unknown,No
27,Admin.,Single,Secondary,No,619,Yes,No,Cellular,20,1900-04-01,16,5,322,4,Other,No
36,Management,Married,Secondary,No,644,Yes,No,Cellular,18,1900-11-01,54,2,-1,0,Unknown,No
44,Management,Married,Tertiary,No,22,Yes,No,Cellular,6,1900-08-01,265,2,-1,0,Unknown,No
37,Admin.,Divorced,Tertiary,No,4303,Yes,No,Unknown,23,1900-05-01,168,1,-1,0,Unknown,No
30,Admin.,Single,Secondary,No,239,Yes,No,Cellular,7,1900-05-01,115,3,-1,0,Unknown,No
42,Technician,Single,Secondary,No,275,No,No,Cellular,26,1900-08-01,31,8,-1,0,Unknown,No
30,Management,Married,Tertiary,No,1221,Yes,No,Telephone,25,1900-07-01,279,4,-1,0,Unknown,Yes
62,Retired,Married,Secondary,No,816,No,No,Cellular,1,1900-09-01,28,2,-1,0,Unknown,No
24,Blue-Collar,Married,Secondary,No,1222,Yes,No,Cellular,20,1900-04-01,369,1,-1,0,Unknown,No
31,Technician,Married,Secondary,No,2363,Yes,No,Unknown,13,1900-05-01,247,1,-1,0,Unknown,No
66,Retired,Married,Tertiary,No,2262,No,No,Cellular,22,1900-04-01,155,1,-1,0,Unknown,No
47,Admin.,Married,Secondary,No,2,No,No,Cellular,10,1900-07-01,89,1,-1,0,Unknown,No
39,Entrepreneur,Married,Tertiary,No,2,Yes,No,Cellular,17,1900-11-01,180,1,-1,0,Unknown,No
35,Technician,Married,Secondary,No,4508,Yes,No,Cellular,18,1900-11-01,854,1,-1,0,Unknown,Yes
35,Admin.,Divorced,Secondary,No,-402,Yes,No,Cellular,17,1900-04-01,46,1,-1,0,Unknown,No
27,Technician,Married,Secondary,No,1577,Yes,Yes,Unknown,28,1900-05-01,266,2,-1,0,Unknown,No
32,Blue-Collar,Married,Secondary,No,34,Yes,No,Cellular,5,1900-05-01,321,2,-1,0,Unknown,No
44,Management,Married,Tertiary,No,795,No,No,Cellular,28,1900-08-01,99,24,-1,0,Unknown,No
42,Blue-Collar,Married,Secondary,No,117,Yes,No,Unknown,9,1900-05-01,147,1,-1,0,Unknown,No
34,Self-Employed,Single,Tertiary,No,5462,No,No,Cellular,30,1900-04-01,430,1,-1,0,Unknown,Yes
25,Services,Single,Secondary,No,402,No,Yes,Cellular,7,1900-07-01,264,1,-1,0,Unknown,No
40,Technician,Single,Secondary,No,641,No,No,Cellular,16,1900-07-01,156,6,-1,0,Unknown,No
43,Management,Divorced,Tertiary,No,36,No,No,Cellular,26,1900-05-01,118,1,102,2,Failure,No
55,Unemployed,Married,Tertiary,No,383,No,No,Unknown,6,1900-05-01,343,3,-1,0,Unknown,No
50,Blue-Collar,Married,Secondary,No,283,Yes,No,Cellular,7,1900-08-01,226,3,-1,0,Unknown,No
45,Management,Divorced,Tertiary,No,0,No,No,Unknown,1,1900-06-01,5,1,-1,0,Unknown,No
35,Blue-Collar,Divorced,Secondary,No,3102,Yes,No,Cellular,20,1900-11-01,138,1,-1,0,Unknown,No
32,Blue-Collar,Married,Secondary,No,889,Yes,No,Cellular,10,1900-09-01,185,1,99,5,Success,Yes
59,Housemaid,Married,Secondary,No,0,No,No,Telephone,3,1900-02-01,722,1,99,4,Failure,No
34,Self-Employed,Married,Secondary,No,-370,Yes,No,Unknown,21,1900-05-01,748,1,-1,0,Unknown,No
39,Management,Married,Tertiary,No,-606,Yes,No,Unknown,26,1900-05-01,142,1,-1,0,Unknown,No
40,Management,Single,Secondary,No,10378,Yes,No,Cellular,17,1900-11-01,523,3,-1,0,Unknown,No
36,Blue-Collar,Single,Primary,No,1313,Yes,No,Unknown,20,1900-06-01,8,10,-1,0,Unknown,No
40,Management,Married,Tertiary,No,8969,Yes,No,Cellular,17,1900-11-01,153,1,-1,0,Unknown,No
55,Self-Employed,Married,Secondary,No,-196,Yes,No,Unknown,20,1900-05-01,210,2,-1,0,Unknown,No
38,Entrepreneur,Married,Secondary,Yes,15,Yes,No,Cellular,10,1900-07-01,121,1,-1,0,Unknown,No
61,Admin.,Married,Secondary,No,4608,No,No,Cellular,12,1900-03-01,212,1,-1,0,Unknown,Yes
41,Management,Married,Tertiary,No,666,Yes,No,Unknown,21,1900-05-01,253,3,-1,0,Unknown,No
57,Blue-Collar,Married,Primary,No,452,Yes,No,Unknown,13,1900-05-01,139,4,-1,0,Unknown,No
48,Blue-Collar,Married,Secondary,No,149,Yes,No,Unknown,9,1900-05-01,71,1,-1,0,Unknown,No
77,Retired,Married,Tertiary,No,7802,No,No,Telephone,4,1900-05-01,421,1,92,2,Success,Yes
35,Services,Married,Secondary,No,1453,Yes,No,Unknown,28,1900-05-01,199,1,-1,0,Unknown,No
54,Blue-Collar,Married,Secondary,No,1480,Yes,No,Unknown,14,1900-05-01,108,1,-1,0,Unknown,No
37,Management,Single,Unknown,No,715,Yes,No,Unknown,20,1900-05-01,247,2,-1,0,Unknown,No
56,Management,Single,Secondary,No,237,Yes,No,Telephone,9,1900-07-01,236,4,-1,0,Unknown,No
40,Technician,Married,Secondary,No,694,Yes,No,Cellular,4,1900-02-01,97,4,196,5,Failure,No
40,Management,Married,Tertiary,No,0,No,No,Cellular,14,1900-07-01,109,8,-1,0,Unknown,No
54,Management,Married,Tertiary,No,55,Yes,No,Cellular,2,1900-06-01,112,2,-1,0,Unknown,No
55,Housemaid,Married,Primary,No,136,Yes,No,Unknown,19,1900-06-01,15,10,-1,0,Unknown,No
55,Services,Divorced,Secondary,Yes,-404,Yes,No,Cellular,22,1900-07-01,502,3,-1,0,Unknown,No
52,Blue-Collar,Married,Primary,No,779,Yes,No,Unknown,16,1900-05-01,30,3,-1,0,Unknown,No
55,Blue-Collar,Single,Primary,No,1187,Yes,No,Unknown,2,1900-06-01,193,2,-1,0,Unknown,No
33,Management,Married,Tertiary,No,641,Yes,No,Cellular,13,1900-08-01,347,2,-1,0,Unknown,No
52,Blue-Collar,Married,Unknown,No,826,Yes,No,Unknown,15,1900-05-01,468,2,-1,0,Unknown,No
33,Services,Divorced,Secondary,No,991,Yes,No,Unknown,27,1900-05-01,148,1,-1,0,Unknown,No
53,Admin.,Married,Secondary,No,1796,No,No,Telephone,16,1900-03-01,295,1,91,2,Success,Yes
46,Admin.,Married,Secondary,No,22,No,No,Cellular,26,1900-08-01,388,6,-1,0,Unknown,Yes
44,Technician,Single,Secondary,No,244,Yes,No,Cellular,12,1900-08-01,1735,4,-1,0,Unknown,Yes
48,Management,Divorced,Tertiary,No,1328,Yes,No,Unknown,6,1900-05-01,339,1,-1,0,Unknown,No
50,Housemaid,Married,Secondary,No,7317,Yes,No,Cellular,13,1900-05-01,172,1,370,1,Failure,No
34,Technician,Single,Secondary,No,4943,Yes,Yes,Cellular,19,1900-11-01,117,2,-1,0,Unknown,No
38,Technician,Single,Secondary,No,258,No,Yes,Unknown,20,1900-06-01,587,2,-1,0,Unknown,No
42,Management,Single,Tertiary,No,515,Yes,No,Cellular,19,1900-11-01,501,2,-1,0,Unknown,No
32,Management,Single,Tertiary,No,12607,No,No,Cellular,14,1900-08-01,203,5,84,1,Failure,No
58,Admin.,Married,Secondary,No,2,Yes,Yes,Telephone,25,1900-07-01,282,9,-1,0,Unknown,No
31,Management,Married,Tertiary,No,13,No,No,Cellular,28,1900-08-01,110,5,-1,0,Unknown,No
19,Student,Single,Primary,No,103,No,No,Cellular,10,1900-07-01,104,2,-1,0,Unknown,Yes
41,Management,Married,Tertiary,No,3872,No,No,Cellular,15,1900-10-01,231,1,-1,0,Unknown,No
31,Unemployed,Married,Secondary,No,296,Yes,No,Unknown,20,1900-05-01,378,3,-1,0,Unknown,No
52,Self-Employed,Single,Primary,No,217,No,Yes,Cellular,15,1900-07-01,193,6,-1,0,Unknown,No
42,Self-Employed,Divorced,Tertiary,No,360,Yes,No,Unknown,24,1900-06-01,110,5,-1,0,Unknown,No
41,Blue-Collar,Single,Secondary,No,428,Yes,No,Cellular,12,1900-05-01,92,1,-1,0,Unknown,No
30,Blue-Collar,Single,Secondary,No,315,No,No,Cellular,23,1900-06-01,1407,1,-1,0,Unknown,Yes
38,Blue-Collar,Married,Secondary,No,121,Yes,Yes,Cellular,6,1900-02-01,168,1,212,2,Failure,No
32,Management,Married,Tertiary,No,820,Yes,No,Cellular,17,1900-07-01,738,3,-1,0,Unknown,No
52,Technician,Married,Secondary,No,195,Yes,No,Cellular,18,1900-02-01,220,1,63,5,Failure,Yes
48,Management,Divorced,Tertiary,No,108,Yes,No,Unknown,27,1900-05-01,89,2,-1,0,Unknown,No
36,Management,Married,Tertiary,No,-381,Yes,No,Cellular,31,1900-07-01,30,29,-1,0,Unknown,No
45,Unemployed,Divorced,Primary,No,757,No,No,Cellular,20,1900-04-01,103,1,325,4,Failure,No
34,Technician,Married,Tertiary,No,691,Yes,Yes,Unknown,2,1900-06-01,70,1,-1,0,Unknown,No
36,Blue-Collar,Married,Primary,No,1925,Yes,No,Cellular,20,1900-04-01,904,2,-1,0,Unknown,Yes
34,Management,Married,Tertiary,No,902,Yes,No,Cellular,14,1900-05-01,159,1,367,2,Other,No
61,Retired,Married,Secondary,No,5207,No,No,Cellular,11,1900-09-01,336,1,81,2,Other,No
54,Services,Married,Secondary,No,0,No,No,Unknown,19,1900-06-01,220,1,-1,0,Unknown,No
50,Entrepreneur,Married,Secondary,No,665,No,No,Telephone,17,1900-11-01,238,1,-1,0,Unknown,No
43,Admin.,Divorced,Secondary,No,738,Yes,No,Cellular,21,1900-11-01,585,4,191,4,Failure,No
47,Blue-Collar,Married,Primary,No,233,No,No,Cellular,8,1900-08-01,293,3,-1,0,Unknown,No
45,Services,Married,Secondary,No,-839,Yes,No,Unknown,28,1900-05-01,68,1,-1,0,Unknown,No
57,Retired,Married,Primary,No,5799,No,No,Unknown,17,1900-06-01,97,1,-1,0,Unknown,No
27,Admin.,Married,Secondary,No,1033,Yes,No,Unknown,9,1900-05-01,1713,1,-1,0,Unknown,No
49,Unemployed,Divorced,Secondary,No,66,No,No,Cellular,9,1900-07-01,218,3,-1,0,Unknown,No
43,Services,Married,Primary,No,2567,Yes,No,Cellular,14,1900-05-01,109,1,360,2,Failure,No
40,Management,Married,Tertiary,No,1584,Yes,No,Telephone,21,1900-11-01,661,1,-1,0,Unknown,No
32,Services,Single,Secondary,No,182,Yes,No,Cellular,6,1900-05-01,145,1,-1,0,Unknown,No
58,Management,Married,Primary,No,76,Yes,No,Telephone,18,1900-05-01,54,4,-1,0,Unknown,No
34,Admin.,Single,Secondary,No,663,Yes,No,Cellular,20,1900-04-01,111,1,-1,0,Unknown,No
46,Technician,Divorced,Secondary,No,3455,Yes,No,Unknown,14,1900-05-01,566,2,-1,0,Unknown,No
29,Blue-Collar,Married,Secondary,No,15,No,No,Cellular,3,1900-06-01,136,1,-1,0,Unknown,No
52,Blue-Collar,Married,Primary,No,1054,No,No,Cellular,4,1900-08-01,273,1,-1,0,Unknown,No
45,Management,Married,Tertiary,No,1529,No,No,Cellular,30,1900-06-01,160,1,-1,0,Unknown,No
26,Management,Single,Secondary,No,63,No,No,Cellular,28,1900-07-01,76,4,-1,0,Unknown,No
40,Technician,Married,Tertiary,No,0,No,No,Cellular,19,1900-08-01,44,1,-1,0,Unknown,No
41,Admin.,Married,Secondary,No,920,Yes,Yes,Unknown,27,1900-05-01,239,1,-1,0,Unknown,No
47,Admin.,Single,Secondary,No,3696,No,No,Cellular,12,1900-07-01,250,2,181,4,Success,Yes
27,Technician,Single,Unknown,No,59,No,No,Cellular,15,1900-07-01,792,4,-1,0,Unknown,No
27,Services,Married,Secondary,No,0,Yes,No,Cellular,23,1900-07-01,198,13,-1,0,Unknown,No
48,Blue-Collar,Married,Secondary,No,157,Yes,No,Unknown,6,1900-05-01,73,1,-1,0,Unknown,No
49,Admin.,Married,Secondary,No,2465,No,No,Cellular,20,1900-08-01,157,3,-1,0,Unknown,No
35,Blue-Collar,Married,Primary,No,0,Yes,No,Cellular,24,1900-07-01,90,6,-1,0,Unknown,No
47,Self-Employed,Married,Secondary,Yes,2,No,No,Cellular,5,1900-02-01,236,2,-1,0,Unknown,No
54,Management,Married,Tertiary,No,0,No,No,Cellular,16,1900-07-01,118,5,-1,0,Unknown,No
39,Management,Single,Tertiary,No,12437,No,No,Telephone,18,1900-11-01,40,1,-1,0,Unknown,No
28,Student,Single,Secondary,No,378,Yes,No,Cellular,17,1900-04-01,346,1,-1,0,Unknown,No
54,Blue-Collar,Married,Primary,No,211,No,No,Unknown,19,1900-06-01,200,2,-1,0,Unknown,No
34,Technician,Married,Secondary,No,-228,Yes,No,Cellular,20,1900-04-01,187,3,332,3,Other,No
63,Retired,Married,Secondary,No,2747,No,No,Cellular,11,1900-09-01,113,1,80,1,Failure,No
42,Self-Employed,Married,Tertiary,No,1932,Yes,No,Unknown,16,1900-05-01,192,32,-1,0,Unknown,No
43,Technician,Single,Secondary,No,11269,No,No,Unknown,29,1900-05-01,92,1,-1,0,Unknown,No
37,Admin.,Married,Secondary,No,1314,Yes,No,Cellular,8,1900-05-01,682,2,85,7,Success,No
55,Blue-Collar,Married,Primary,No,2275,No,No,Cellular,25,1900-08-01,139,9,-1,0,Unknown,No
43,Management,Single,Tertiary,No,1304,No,No,Cellular,6,1900-08-01,501,2,-1,0,Unknown,Yes
41,Blue-Collar,Married,Secondary,Yes,720,No,Yes,Cellular,24,1900-07-01,651,1,-1,0,Unknown,Yes
47,Technician,Divorced,Secondary,No,2914,Yes,No,Cellular,18,1900-08-01,405,13,-1,0,Unknown,No
34,Technician,Married,Secondary,No,1464,Yes,No,Unknown,23,1900-05-01,350,1,-1,0,Unknown,No
28,Student,Single,Secondary,No,11555,No,No,Cellular,8,1900-04-01,125,2,-1,0,Unknown,No
36,Services,Married,Secondary,No,-302,Yes,No,Cellular,13,1900-05-01,36,2,-1,0,Unknown,No
50,Technician,Married,Secondary,No,2497,Yes,No,Cellular,21,1900-11-01,35,1,176,1,Failure,No
35,Blue-Collar,Married,Secondary,No,-339,Yes,No,Unknown,8,1900-05-01,389,2,-1,0,Unknown,No
40,Technician,Married,Secondary,No,56,Yes,Yes,Cellular,29,1900-01-01,194,1,247,1,Failure,No
26,Self-Employed,Single,Tertiary,No,211,No,No,Cellular,29,1900-01-01,168,3,-1,0,Unknown,No
36,Management,Divorced,Tertiary,No,3611,Yes,No,Unknown,4,1900-06-01,347,3,-1,0,Unknown,No
59,Unemployed,Married,Primary,No,0,No,No,Cellular,30,1900-01-01,3025,2,-1,0,Unknown,No
28,Student,Single,Secondary,No,459,No,No,Cellular,16,1900-03-01,83,13,-1,0,Unknown,No
46,Entrepreneur,Married,Unknown,No,242,Yes,No,Unknown,9,1900-05-01,332,2,-1,0,Unknown,No
50,Self-Employed,Married,Secondary,No,1138,No,No,Cellular,14,1900-08-01,219,10,-1,0,Unknown,No
53,Management,Married,Tertiary,No,1319,Yes,No,Cellular,16,1900-04-01,427,1,150,1,Failure,No
81,Retired,Married,Secondary,No,1,No,No,Cellular,19,1900-08-01,65,5,-1,0,Unknown,No
35,Services,Divorced,Secondary,No,67,Yes,No,Cellular,5,1900-05-01,192,2,-1,0,Unknown,No
58,Retired,Married,Unknown,No,937,No,No,Cellular,5,1900-08-01,155,1,-1,0,Unknown,No
44,Services,Married,Secondary,No,0,Yes,Yes,Cellular,11,1900-05-01,161,1,-1,0,Unknown,No
38,Management,Married,Tertiary,No,-558,Yes,No,Cellular,21,1900-07-01,533,1,-1,0,Unknown,No
49,Blue-Collar,Married,Secondary,No,171,No,No,Cellular,4,1900-02-01,19,3,175,2,Other,No
33,Technician,Single,Tertiary,No,696,No,Yes,Cellular,5,1900-02-01,193,1,176,8,Failure,No
29,Management,Married,Tertiary,No,361,Yes,Yes,Cellular,28,1900-07-01,819,3,-1,0,Unknown,No
28,Technician,Single,Secondary,No,227,No,No,Cellular,30,1900-04-01,278,1,-1,0,Unknown,Yes
31,Admin.,Married,Secondary,No,236,Yes,Yes,Telephone,4,1900-05-01,211,3,-1,0,Unknown,No
33,Management,Single,Tertiary,No,-53,No,No,Cellular,29,1900-01-01,617,2,-1,0,Unknown,No
52,Technician,Married,Secondary,No,192,Yes,No,Cellular,23,1900-07-01,61,2,-1,0,Unknown,No
43,Management,Divorced,Tertiary,No,38,Yes,No,Cellular,25,1900-07-01,197,6,-1,0,Unknown,No
32,Self-Employed,Single,Secondary,No,518,Yes,No,Cellular,18,1900-05-01,34,7,-1,0,Unknown,No
36,Self-Employed,Married,Tertiary,No,16,Yes,Yes,Cellular,18,1900-07-01,95,4,-1,0,Unknown,No
41,Blue-Collar,Married,Secondary,No,-256,Yes,No,Unknown,3,1900-06-01,147,2,-1,0,Unknown,No
43,Blue-Collar,Married,Secondary,No,105,No,Yes,Cellular,4,1900-07-01,668,2,-1,0,Unknown,No
45,Self-Employed,Married,Tertiary,No,334,No,No,Unknown,5,1900-06-01,87,2,-1,0,Unknown,No
39,Technician,Married,Secondary,No,1048,No,Yes,Cellular,21,1900-07-01,405,1,-1,0,Unknown,No
41,Services,Married,Secondary,No,108,Yes,Yes,Unknown,13,1900-05-01,83,7,-1,0,Unknown,No
31,Technician,Married,Secondary,No,660,No,No,Cellular,22,1900-06-01,115,1,-1,0,Unknown,No
37,Unemployed,Single,Tertiary,Yes,0,Yes,No,Cellular,10,1900-07-01,108,1,-1,0,Unknown,No
28,Entrepreneur,Married,Unknown,No,1034,No,No,Cellular,29,1900-01-01,113,1,-1,0,Unknown,No
47,Housemaid,Married,Primary,No,201,Yes,No,Cellular,7,1900-08-01,58,2,382,1,Failure,No
37,Housemaid,Married,Primary,No,189,No,No,Cellular,8,1900-08-01,148,4,-1,0,Unknown,No
60,Retired,Divorced,Unknown,No,-49,Yes,No,Cellular,29,1900-01-01,188,1,261,2,Failure,No
43,Technician,Divorced,Secondary,No,1413,Yes,No,Telephone,28,1900-07-01,75,3,-1,0,Unknown,No
58,Retired,Divorced,Tertiary,No,264,Yes,Yes,Cellular,8,1900-07-01,523,3,-1,0,Unknown,No
52,Entrepreneur,Married,Tertiary,No,54,Yes,Yes,Telephone,18,1900-11-01,103,1,-1,0,Unknown,No
50,Blue-Collar,Married,Primary,No,12519,Yes,No,Cellular,17,1900-04-01,146,2,147,4,Success,No
32,Services,Single,Secondary,No,2881,No,No,Cellular,2,1900-07-01,356,1,-1,0,Unknown,Yes
42,Blue-Collar,Married,Primary,No,0,Yes,No,Cellular,17,1900-07-01,71,1,-1,0,Unknown,No
31,Admin.,Married,Secondary,No,88,Yes,Yes,Cellular,8,1900-08-01,189,2,-1,0,Unknown,No
28,Blue-Collar,Married,Secondary,No,1020,Yes,No,Unknown,28,1900-05-01,251,1,-1,0,Unknown,No
36,Technician,Divorced,Tertiary,No,119,No,No,Cellular,23,1900-07-01,127,8,-1,0,Unknown,No
51,Unemployed,Single,Tertiary,No,1594,No,No,Telephone,4,1900-02-01,197,1,-1,0,Unknown,No
46,Technician,Married,Tertiary,No,342,Yes,Yes,Cellular,5,1900-05-01,84,1,-1,0,Unknown,No
50,Services,Single,Secondary,No,72,No,No,Unknown,8,1900-05-01,141,2,-1,0,Unknown,No
32,Blue-Collar,Married,Secondary,No,14,Yes,No,Unknown,2,1900-06-01,171,1,-1,0,Unknown,No
26,Entrepreneur,Single,Tertiary,No,81,No,No,Cellular,21,1900-07-01,262,3,-1,0,Unknown,No
41,Self-Employed,Married,Tertiary,No,231,No,No,Cellular,7,1900-08-01,352,2,-1,0,Unknown,Yes
39,Technician,Married,Tertiary,No,1161,Yes,No,Cellular,9,1900-04-01,236,1,336,1,Failure,No
31,Blue-Collar,Married,Secondary,No,-45,Yes,No,Unknown,2,1900-06-01,184,1,-1,0,Unknown,No
28,Management,Single,Tertiary,No,231,Yes,Yes,Cellular,25,1900-07-01,568,2,-1,0,Unknown,No
31,Management,Single,Secondary,No,36,No,No,Cellular,27,1900-08-01,105,2,-1,0,Unknown,No
30,Technician,Married,Tertiary,No,1570,Yes,No,Cellular,26,1900-05-01,260,1,-1,0,Unknown,No
35,Technician,Married,Tertiary,No,7050,No,No,Cellular,11,1900-08-01,222,3,182,4,Success,Yes
33,Blue-Collar,Married,Primary,No,3704,Yes,No,Unknown,6,1900-06-01,447,2,-1,0,Unknown,No
30,Technician,Single,Tertiary,No,6619,Yes,No,Cellular,21,1900-08-01,239,8,-1,0,Unknown,No
32,Blue-Collar,Single,Secondary,No,-84,Yes,No,Cellular,11,1900-05-01,426,1,-1,0,Unknown,No
40,Management,Single,Tertiary,No,1509,No,No,Cellular,12,1900-05-01,333,1,58,3,Failure,No
31,Self-Employed,Married,Tertiary,No,1134,No,No,Cellular,6,1900-02-01,174,2,-1,0,Unknown,No
36,Technician,Married,Secondary,No,146,Yes,Yes,Unknown,15,1900-05-01,284,2,-1,0,Unknown,No
33,Management,Single,Tertiary,No,9449,Yes,No,Cellular,8,1900-05-01,428,1,-1,0,Unknown,No
57,Retired,Married,Secondary,No,374,Yes,Yes,Cellular,16,1900-07-01,236,1,-1,0,Unknown,No
45,Technician,Married,Secondary,No,88,No,No,Cellular,29,1900-08-01,150,2,-1,0,Unknown,No
59,Management,Married,Tertiary,No,2764,No,No,Cellular,24,1900-12-01,237,1,206,2,Failure,No
30,Management,Single,Tertiary,No,2,Yes,Yes,Cellular,25,1900-07-01,1031,8,-1,0,Unknown,Yes
33,Technician,Married,Tertiary,No,8023,No,No,Cellular,30,1900-11-01,107,1,105,3,Failure,No
52,Blue-Collar,Married,Secondary,No,289,Yes,No,Unknown,21,1900-05-01,45,13,-1,0,Unknown,No
83,Retired,Married,Secondary,No,0,No,No,Cellular,18,1900-03-01,140,10,-1,0,Unknown,No
58,Self-Employed,Divorced,Tertiary,No,1382,No,No,Unknown,9,1900-06-01,700,1,-1,0,Unknown,Yes
33,Management,Divorced,Tertiary,Yes,280,No,Yes,Cellular,18,1900-11-01,155,1,-1,0,Unknown,No
41,Blue-Collar,Divorced,Primary,No,2195,Yes,No,Unknown,3,1900-06-01,211,5,-1,0,Unknown,No
31,Self-Employed,Married,Secondary,No,33,No,No,Cellular,6,1900-08-01,165,4,-1,0,Unknown,No
35,Blue-Collar,Divorced,Secondary,No,275,No,Yes,Cellular,10,1900-07-01,144,5,-1,0,Unknown,No
27,Management,Single,Tertiary,No,703,Yes,No,Unknown,5,1900-06-01,590,3,-1,0,Unknown,Yes
57,Admin.,Divorced,Unknown,No,887,No,No,Unknown,20,1900-06-01,43,8,-1,0,Unknown,No
56,Unknown,Married,Unknown,No,0,No,No,Unknown,20,1900-06-01,471,2,-1,0,Unknown,No
53,Admin.,Single,Secondary,No,1178,Yes,No,Unknown,15,1900-05-01,295,2,-1,0,Unknown,No
39,Management,Married,Tertiary,No,2763,Yes,No,Unknown,2,1900-06-01,526,2,-1,0,Unknown,Yes
32,Entrepreneur,Single,Tertiary,No,890,Yes,Yes,Cellular,28,1900-08-01,27,10,-1,0,Unknown,No
46,Self-Employed,Married,Secondary,No,548,No,No,Cellular,12,1900-08-01,1181,4,-1,0,Unknown,Yes
56,Technician,Married,Tertiary,No,272,No,No,Cellular,26,1900-08-01,103,2,-1,0,Unknown,No
46,Management,Divorced,Tertiary,No,6269,Yes,No,Telephone,18,1900-11-01,249,3,112,2,Failure,No
29,Entrepreneur,Married,Secondary,No,178,Yes,No,Cellular,5,1900-05-01,231,4,-1,0,Unknown,No
60,Management,Married,Primary,No,252,Yes,Yes,Cellular,13,1900-04-01,123,2,147,3,Failure,No
33,Housemaid,Single,Tertiary,No,23663,Yes,No,Cellular,16,1900-04-01,199,2,146,2,Failure,No
27,Entrepreneur,Single,Tertiary,No,81,No,No,Cellular,5,1900-02-01,197,1,199,3,Failure,No
50,Self-Employed,Divorced,Tertiary,No,59,Yes,No,Unknown,28,1900-05-01,67,2,-1,0,Unknown,No
45,Services,Married,Secondary,No,1343,No,Yes,Cellular,8,1900-07-01,220,1,-1,0,Unknown,No
58,Retired,Married,Secondary,No,225,No,No,Cellular,7,1900-08-01,122,6,-1,0,Unknown,No
59,Retired,Married,Primary,No,0,Yes,No,Unknown,26,1900-05-01,104,7,-1,0,Unknown,No
58,Retired,Divorced,Primary,No,2538,Yes,No,Cellular,31,1900-07-01,307,6,-1,0,Unknown,No
64,Retired,Married,Primary,No,43,No,No,Cellular,11,1900-03-01,117,1,91,1,Success,No
47,Technician,Married,Secondary,No,57,No,No,Cellular,5,1900-05-01,253,1,342,1,Success,No
40,Management,Married,Tertiary,No,-117,Yes,No,Cellular,17,1900-07-01,770,2,-1,0,Unknown,No
36,Technician,Divorced,Secondary,No,666,Yes,Yes,Cellular,3,1900-04-01,190,1,133,1,Other,No
28,Management,Single,Tertiary,No,0,Yes,No,Cellular,16,1900-07-01,767,5,-1,0,Unknown,Yes
38,Technician,Single,Tertiary,No,25,Yes,No,Cellular,1,1900-06-01,232,2,-1,0,Unknown,Yes
53,Entrepreneur,Married,Primary,No,1034,Yes,No,Cellular,19,1900-11-01,854,2,170,3,Other,No
46,Blue-Collar,Single,Secondary,No,324,Yes,No,Unknown,30,1900-05-01,293,6,-1,0,Unknown,No
54,Technician,Married,Secondary,No,0,No,No,Telephone,16,1900-11-01,986,1,94,8,Failure,No
32,Management,Married,Tertiary,No,0,No,No,Cellular,19,1900-11-01,66,1,-1,0,Unknown,No
55,Management,Married,Primary,No,621,No,Yes,Cellular,2,1900-02-01,114,1,208,1,Failure,No
55,Retired,Divorced,Secondary,No,138,No,No,Cellular,17,1900-07-01,205,1,-1,0,Unknown,No
56,Technician,Married,Secondary,No,4063,No,Yes,Telephone,28,1900-07-01,31,4,-1,0,Unknown,No
40,Blue-Collar,Married,Secondary,No,11084,No,No,Unknown,11,1900-06-01,113,1,-1,0,Unknown,No
44,Technician,Married,Secondary,No,310,Yes,No,Cellular,6,1900-02-01,200,1,253,1,Failure,No
32,Entrepreneur,Married,Unknown,No,73,Yes,No,Cellular,21,1900-11-01,158,1,135,1,Failure,No
33,Management,Married,Tertiary,No,1808,Yes,No,Unknown,4,1900-06-01,99,4,-1,0,Unknown,No
41,Unemployed,Divorced,Secondary,No,1281,No,No,Cellular,31,1900-07-01,45,3,-1,0,Unknown,No
37,Technician,Married,Secondary,No,64,Yes,No,Cellular,12,1900-05-01,239,4,278,2,Other,No
58,Management,Single,Tertiary,No,2,Yes,No,Telephone,11,1900-05-01,168,3,-1,0,Unknown,No
52,Blue-Collar,Married,Secondary,No,60,No,Yes,Cellular,26,1900-08-01,196,2,-1,0,Unknown,No
49,Services,Single,Secondary,No,133,No,No,Unknown,11,1900-06-01,319,6,-1,0,Unknown,No
44,Housemaid,Married,Primary,No,3706,No,No,Unknown,17,1900-06-01,209,3,-1,0,Unknown,No
28,Admin.,Single,Unknown,No,174,No,No,Cellular,28,1900-09-01,184,1,-1,0,Unknown,No
31,Technician,Married,Secondary,No,251,No,Yes,Cellular,29,1900-08-01,156,2,-1,0,Unknown,No
37,Self-Employed,Married,Secondary,No,4153,Yes,No,Cellular,31,1900-07-01,35,16,-1,0,Unknown,No
30,Technician,Single,Tertiary,No,985,Yes,No,Cellular,19,1900-02-01,88,2,-1,0,Unknown,No
28,Services,Single,Secondary,No,168,No,No,Cellular,1,1900-06-01,347,3,140,2,Success,Yes
46,Services,Married,Secondary,No,1550,Yes,No,Cellular,16,1900-04-01,126,2,149,8,Failure,No
47,Management,Married,Tertiary,No,7708,Yes,No,Cellular,21,1900-11-01,157,5,-1,0,Unknown,No
35,Blue-Collar,Married,Primary,No,-12,Yes,No,Unknown,12,1900-05-01,212,5,-1,0,Unknown,No
80,Management,Married,Primary,No,6483,No,No,Telephone,19,1900-10-01,123,1,-1,0,Unknown,No
30,Technician,Single,Tertiary,No,60,Yes,Yes,Unknown,7,1900-05-01,306,5,-1,0,Unknown,No
55,Technician,Single,Secondary,No,3339,Yes,No,Unknown,2,1900-06-01,63,1,-1,0,Unknown,No
22,Student,Single,Tertiary,No,1161,No,Yes,Cellular,16,1900-06-01,119,1,-1,0,Unknown,No
33,Blue-Collar,Single,Primary,No,599,Yes,No,Unknown,21,1900-05-01,29,1,-1,0,Unknown,No
53,Entrepreneur,Married,Unknown,No,28,No,No,Cellular,31,1900-07-01,117,2,-1,0,Unknown,No
49,Management,Married,Tertiary,No,1430,No,No,Cellular,18,1900-11-01,231,2,-1,0,Unknown,No
51,Retired,Married,Secondary,No,35,No,Yes,Cellular,8,1900-07-01,123,4,-1,0,Unknown,No
41,Self-Employed,Married,Tertiary,No,6000,Yes,No,Cellular,18,1900-11-01,265,1,-1,0,Unknown,No
34,Technician,Married,Secondary,No,0,Yes,No,Cellular,15,1900-07-01,144,1,-1,0,Unknown,No
36,Blue-Collar,Single,Secondary,No,340,No,Yes,Unknown,16,1900-06-01,559,3,-1,0,Unknown,No
35,Entrepreneur,Married,Tertiary,No,0,No,No,Cellular,5,1900-05-01,74,1,168,4,Failure,No
29,Services,Married,Secondary,No,3,Yes,No,Cellular,10,1900-07-01,183,1,-1,0,Unknown,No
40,Technician,Single,Tertiary,No,445,Yes,No,Cellular,24,1900-07-01,631,1,-1,0,Unknown,No
32,Management,Divorced,Tertiary,No,874,No,No,Cellular,12,1900-08-01,1282,6,-1,0,Unknown,Yes
48,Blue-Collar,Married,Secondary,No,705,No,No,Unknown,13,1900-05-01,108,2,-1,0,Unknown,No
59,Retired,Married,Unknown,No,1033,No,No,Unknown,11,1900-06-01,1199,1,-1,0,Unknown,Yes
35,Self-Employed,Divorced,Tertiary,No,1354,Yes,No,Unknown,23,1900-05-01,736,2,-1,0,Unknown,Yes
33,Technician,Single,Tertiary,No,123,No,No,Cellular,19,1900-08-01,264,1,-1,0,Unknown,No
55,Retired,Married,Primary,No,8894,No,No,Unknown,11,1900-06-01,262,1,-1,0,Unknown,No
41,Blue-Collar,Married,Secondary,No,429,Yes,No,Unknown,13,1900-05-01,244,1,-1,0,Unknown,No
42,Housemaid,Married,Primary,No,14752,No,No,Unknown,19,1900-05-01,107,2,-1,0,Unknown,No
46,Blue-Collar,Married,Primary,No,67,No,No,Unknown,24,1900-06-01,9,1,-1,0,Unknown,No
35,Housemaid,Divorced,Secondary,No,39,No,No,Cellular,31,1900-07-01,149,2,-1,0,Unknown,No
28,Technician,Single,Tertiary,No,102,No,No,Cellular,28,1900-01-01,321,2,-1,0,Unknown,No
25,Student,Single,Secondary,No,1790,No,No,Cellular,17,1900-04-01,224,1,322,3,Failure,No
56,Management,Single,Tertiary,No,15311,No,No,Cellular,29,1900-04-01,157,6,-1,0,Unknown,No
30,Admin.,Single,Secondary,No,-635,No,No,Cellular,25,1900-07-01,250,1,-1,0,Unknown,No
45,Blue-Collar,Married,Secondary,No,115,No,No,Cellular,11,1900-08-01,209,4,-1,0,Unknown,No
40,Management,Married,Tertiary,No,10786,No,No,Unknown,20,1900-06-01,111,3,-1,0,Unknown,No
40,Blue-Collar,Married,Secondary,No,498,Yes,No,Cellular,8,1900-05-01,55,2,298,4,Failure,No
39,Blue-Collar,Married,Secondary,No,1045,Yes,Yes,Cellular,9,1900-07-01,290,13,-1,0,Unknown,No
48,Entrepreneur,Married,Tertiary,No,810,No,No,Unknown,6,1900-06-01,383,1,-1,0,Unknown,No
31,Technician,Single,Tertiary,No,-162,Yes,No,Cellular,18,1900-05-01,380,1,-1,0,Unknown,No
32,Management,Married,Tertiary,No,55,No,No,Cellular,2,1900-02-01,124,3,-1,0,Unknown,No
34,Services,Married,Secondary,No,586,Yes,Yes,Unknown,8,1900-05-01,224,2,-1,0,Unknown,No
26,Technician,Single,Secondary,No,455,No,No,Cellular,29,1900-01-01,240,1,182,8,Other,No
31,Management,Married,Tertiary,No,1010,Yes,No,Cellular,15,1900-05-01,385,3,364,9,Other,No
37,Management,Single,Tertiary,No,509,Yes,No,Cellular,6,1900-05-01,133,1,-1,0,Unknown,No
29,Student,Single,Unknown,No,2929,No,No,Cellular,11,1900-08-01,91,1,-1,0,Unknown,No
57,Technician,Married,Secondary,No,3071,Yes,Yes,Cellular,7,1900-05-01,63,3,-1,0,Unknown,No
47,Management,Single,Tertiary,No,153,Yes,No,Cellular,18,1900-11-01,192,2,-1,0,Unknown,No
38,Self-Employed,Single,Secondary,No,1146,Yes,No,Unknown,21,1900-05-01,91,2,-1,0,Unknown,No
48,Blue-Collar,Married,Primary,No,1092,No,Yes,Cellular,18,1900-11-01,79,1,172,8,Failure,No
50,Management,Married,Tertiary,No,3463,No,Yes,Cellular,28,1900-10-01,96,1,-1,0,Unknown,Yes
33,Admin.,Married,Secondary,No,1158,Yes,No,Cellular,20,1900-04-01,25,2,-1,0,Unknown,No
28,Admin.,Single,Secondary,No,26,Yes,No,Cellular,7,1900-05-01,227,2,-1,0,Unknown,No
30,Services,Single,Secondary,No,566,No,No,Cellular,5,1900-02-01,110,1,-1,0,Unknown,No
52,Technician,Divorced,Secondary,No,204,No,No,Cellular,7,1900-08-01,134,2,-1,0,Unknown,No
36,Technician,Married,Secondary,No,480,No,No,Cellular,20,1900-10-01,213,1,-1,0,Unknown,Yes
36,Technician,Single,Secondary,No,1855,Yes,No,Cellular,4,1900-02-01,75,1,273,1,Failure,No
46,Services,Married,Secondary,No,1034,No,No,Cellular,8,1900-08-01,109,2,-1,0,Unknown,No
57,Management,Married,Tertiary,No,3250,No,No,Cellular,20,1900-08-01,162,3,-1,0,Unknown,No
28,Management,Single,Secondary,No,1633,No,No,Cellular,5,1900-06-01,275,1,-1,0,Unknown,Yes
46,Services,Married,Secondary,No,0,Yes,No,Cellular,22,1900-06-01,154,1,124,1,Other,No
55,Retired,Married,Primary,No,3334,No,No,Cellular,14,1900-08-01,632,4,-1,0,Unknown,Yes
33,Management,Married,Tertiary,No,4020,Yes,Yes,Cellular,15,1900-04-01,251,1,-1,0,Unknown,No
53,Management,Married,Secondary,No,66,No,Yes,Telephone,8,1900-07-01,141,1,-1,0,Unknown,No
41,Technician,Single,Secondary,No,-41,Yes,Yes,Cellular,3,1900-04-01,154,1,-1,0,Unknown,No
60,Blue-Collar,Married,Secondary,No,322,Yes,No,Cellular,7,1900-05-01,63,1,-1,0,Unknown,No
35,Entrepreneur,Married,Primary,No,2643,No,Yes,Cellular,8,1900-07-01,259,1,-1,0,Unknown,No
43,Blue-Collar,Divorced,Primary,No,49,Yes,No,Unknown,9,1900-05-01,100,1,-1,0,Unknown,No
57,Admin.,Divorced,Primary,No,1,No,No,Unknown,15,1900-05-01,17,10,-1,0,Unknown,No
46,Admin.,Married,Secondary,No,3098,Yes,No,Telephone,21,1900-11-01,192,9,-1,0,Unknown,No
31,Blue-Collar,Married,Primary,No,352,Yes,No,Unknown,19,1900-05-01,97,9,-1,0,Unknown,No
53,Technician,Married,Secondary,No,65,No,No,Cellular,25,1900-08-01,41,2,-1,0,Unknown,No
35,Blue-Collar,Married,Secondary,No,1949,Yes,No,Unknown,2,1900-06-01,200,3,-1,0,Unknown,No
32,Admin.,Single,Secondary,No,739,Yes,No,Cellular,20,1900-11-01,91,3,-1,0,Unknown,No
48,Management,Married,Tertiary,No,1167,Yes,Yes,Cellular,1,1900-06-01,264,1,-1,0,Unknown,Yes
50,Admin.,Married,Secondary,No,231,Yes,No,Cellular,21,1900-11-01,397,2,-1,0,Unknown,No
40,Blue-Collar,Married,Primary,No,1136,Yes,No,Unknown,21,1900-05-01,86,1,-1,0,Unknown,No
42,Entrepreneur,Married,Tertiary,No,233,No,No,Cellular,5,1900-02-01,446,1,-1,0,Unknown,No
59,Admin.,Married,Secondary,No,817,No,No,Cellular,9,1900-04-01,304,1,-1,0,Unknown,No
27,Blue-Collar,Single,Primary,No,1128,Yes,No,Unknown,30,1900-06-01,88,4,-1,0,Unknown,No
32,Management,Single,Tertiary,No,1831,Yes,No,Cellular,20,1900-04-01,86,2,-1,0,Unknown,No
35,Technician,Single,Secondary,No,450,Yes,No,Cellular,13,1900-05-01,63,1,-1,0,Unknown,No
28,Services,Married,Secondary,No,0,Yes,No,Cellular,5,1900-05-01,335,2,281,8,Failure,No
37,Management,Divorced,Secondary,No,414,No,No,Cellular,29,1900-01-01,293,2,162,4,Failure,No
57,Management,Married,Primary,No,1052,Yes,No,Unknown,13,1900-05-01,227,4,-1,0,Unknown,No
42,Admin.,Single,Secondary,No,1022,Yes,No,Unknown,5,1900-05-01,146,2,-1,0,Unknown,No
55,Admin.,Married,Primary,No,343,Yes,No,Cellular,14,1900-07-01,276,3,-1,0,Unknown,No
52,Management,Married,Tertiary,No,1944,Yes,No,Cellular,15,1900-04-01,238,3,323,2,Failure,No
26,Blue-Collar,Single,Secondary,No,-32,Yes,Yes,Cellular,31,1900-07-01,14,6,-1,0,Unknown,No
52,Technician,Married,Secondary,No,1781,Yes,No,Unknown,19,1900-05-01,144,2,-1,0,Unknown,No
26,Management,Single,Tertiary,No,350,No,No,Cellular,8,1900-07-01,367,1,-1,0,Unknown,No
33,Unemployed,Married,Secondary,No,2,Yes,No,Cellular,16,1900-07-01,132,1,-1,0,Unknown,No
24,Blue-Collar,Single,Primary,No,111,Yes,Yes,Unknown,27,1900-05-01,42,4,-1,0,Unknown,No
37,Management,Divorced,Tertiary,No,168,Yes,No,Unknown,5,1900-06-01,227,1,-1,0,Unknown,No
28,Technician,Single,Secondary,No,3,No,No,Telephone,18,1900-05-01,40,8,349,6,Failure,No
30,Technician,Single,Secondary,No,102,Yes,No,Unknown,7,1900-05-01,614,2,-1,0,Unknown,No
33,Blue-Collar,Married,Primary,No,0,Yes,No,Unknown,15,1900-05-01,270,1,-1,0,Unknown,No
55,Unknown,Married,Primary,No,159,No,No,Unknown,4,1900-09-01,15,1,-1,0,Unknown,No
33,Blue-Collar,Married,Secondary,No,1134,Yes,No,Unknown,23,1900-05-01,304,2,-1,0,Unknown,No
42,Blue-Collar,Married,Secondary,No,352,Yes,No,Cellular,11,1900-05-01,79,3,-1,0,Unknown,No
37,Management,Married,Tertiary,No,865,Yes,No,Cellular,3,1900-06-01,101,1,-1,0,Unknown,No
59,Blue-Collar,Married,Primary,No,179,Yes,No,Unknown,5,1900-05-01,55,3,-1,0,Unknown,No
27,Blue-Collar,Single,Secondary,No,5,Yes,No,Unknown,19,1900-05-01,205,3,-1,0,Unknown,No
23,Student,Married,Tertiary,Yes,-230,Yes,No,Cellular,18,1900-05-01,259,2,-1,0,Unknown,No
51,Management,Divorced,Tertiary,No,0,No,No,Cellular,13,1900-08-01,60,2,-1,0,Unknown,No
50,Blue-Collar,Married,Primary,No,3924,Yes,No,Cellular,20,1900-04-01,122,2,-1,0,Unknown,No
43,Technician,Married,Secondary,No,764,Yes,No,Cellular,14,1900-07-01,557,5,-1,0,Unknown,No
37,Blue-Collar,Divorced,Primary,No,511,Yes,No,Telephone,11,1900-05-01,42,1,-1,0,Unknown,No
34,Management,Single,Tertiary,No,4348,Yes,No,Cellular,28,1900-08-01,373,8,-1,0,Unknown,No
41,Management,Married,Tertiary,No,3016,Yes,No,Cellular,14,1900-07-01,80,3,-1,0,Unknown,No
26,Student,Single,Secondary,No,279,No,No,Cellular,7,1900-05-01,239,3,-1,0,Unknown,No
49,Management,Divorced,Tertiary,No,1405,No,No,Unknown,8,1900-06-01,29,1,-1,0,Unknown,No
29,Blue-Collar,Single,Secondary,No,908,Yes,No,Unknown,20,1900-06-01,1663,1,-1,0,Unknown,Yes
30,Management,Single,Tertiary,No,162,Yes,No,Unknown,20,1900-05-01,186,4,-1,0,Unknown,No
38,Services,Divorced,Secondary,No,792,No,No,Unknown,6,1900-06-01,430,1,-1,0,Unknown,No
58,Management,Married,Secondary,No,111,No,No,Telephone,24,1900-03-01,58,2,-1,0,Unknown,No
34,Student,Single,Unknown,No,1281,No,No,Cellular,25,1900-08-01,279,1,117,1,Failure,No
53,Services,Divorced,Unknown,No,1012,Yes,No,Cellular,28,1900-07-01,332,2,-1,0,Unknown,No
50,Management,Married,Tertiary,No,2881,No,No,Cellular,5,1900-08-01,510,2,2,5,Other,No
30,Blue-Collar,Single,Secondary,No,445,Yes,No,Cellular,16,1900-04-01,218,1,330,2,Failure,No
40,Management,Married,Secondary,No,643,Yes,No,Cellular,17,1900-04-01,74,2,256,1,Failure,No
57,Housemaid,Single,Secondary,No,254,No,No,Cellular,8,1900-10-01,676,1,-1,0,Unknown,No
40,Management,Married,Tertiary,No,-1212,Yes,No,Cellular,15,1900-05-01,1259,2,333,18,Failure,No
41,Technician,Married,Secondary,No,2125,Yes,Yes,Cellular,21,1900-11-01,285,3,116,4,Failure,No
53,Technician,Divorced,Unknown,No,629,Yes,No,Cellular,8,1900-05-01,298,1,-1,0,Unknown,No
48,Blue-Collar,Married,Secondary,No,-202,Yes,Yes,Cellular,30,1900-07-01,225,4,-1,0,Unknown,No
32,Technician,Single,Secondary,No,271,Yes,No,Cellular,13,1900-05-01,80,2,268,2,Other,No
34,Management,Married,Tertiary,No,703,Yes,No,Cellular,14,1900-04-01,342,1,-1,0,Unknown,Yes
46,Blue-Collar,Married,Secondary,No,-216,Yes,No,Cellular,28,1900-07-01,404,3,-1,0,Unknown,No
45,Services,Divorced,Secondary,No,88,No,Yes,Cellular,7,1900-07-01,332,1,-1,0,Unknown,No
51,Admin.,Single,Tertiary,No,16,Yes,No,Cellular,30,1900-01-01,158,1,-1,0,Unknown,No
31,Management,Married,Secondary,No,466,Yes,No,Cellular,14,1900-05-01,164,1,-1,0,Unknown,No
47,Technician,Married,Secondary,No,-75,Yes,No,Cellular,4,1900-02-01,57,1,247,1,Other,No
32,Blue-Collar,Married,Secondary,No,456,No,No,Cellular,12,1900-05-01,121,1,-1,0,Unknown,No
41,Technician,Married,Secondary,No,77,Yes,No,Cellular,7,1900-05-01,56,1,-1,0,Unknown,No
37,Services,Single,Secondary,No,-244,No,No,Unknown,3,1900-07-01,178,1,-1,0,Unknown,No
27,Blue-Collar,Single,Primary,No,1209,No,No,Cellular,29,1900-01-01,283,1,-1,0,Unknown,No
27,Services,Married,Secondary,No,58,Yes,No,Cellular,7,1900-05-01,113,1,337,2,Other,No
50,Management,Married,Secondary,Yes,421,No,No,Cellular,20,1900-11-01,22,5,-1,0,Unknown,No
31,Management,Single,Tertiary,No,112,Yes,No,Cellular,2,1900-02-01,159,2,271,1,Failure,No
40,Self-Employed,Married,Tertiary,No,13669,No,No,Cellular,15,1900-10-01,138,1,136,8,Other,No
43,Management,Married,Tertiary,No,1429,Yes,No,Cellular,19,1900-11-01,1015,1,198,2,Other,Yes
39,Technician,Married,Tertiary,No,794,No,No,Telephone,2,1900-02-01,182,1,-1,0,Unknown,No
31,Entrepreneur,Single,Tertiary,No,1957,No,No,Cellular,4,1900-02-01,112,3,-1,0,Unknown,No
48,Technician,Married,Secondary,No,454,Yes,No,Cellular,10,1900-07-01,114,1,-1,0,Unknown,No
32,Blue-Collar,Single,Primary,No,882,No,Yes,Cellular,29,1900-07-01,80,8,-1,0,Unknown,No
47,Unemployed,Married,Primary,No,168,Yes,No,Telephone,30,1900-01-01,66,1,241,1,Other,No
35,Management,Single,Tertiary,No,714,Yes,No,Cellular,26,1900-08-01,135,22,-1,0,Unknown,No
42,Management,Single,Tertiary,No,0,No,No,Cellular,7,1900-09-01,99,1,-1,0,Unknown,No
47,Blue-Collar,Married,Secondary,No,1996,No,No,Unknown,5,1900-06-01,761,2,-1,0,Unknown,Yes
59,Retired,Married,Secondary,No,163,No,No,Cellular,24,1900-07-01,464,1,-1,0,Unknown,No
38,Admin.,Married,Secondary,No,3190,Yes,No,Unknown,20,1900-06-01,20,2,-1,0,Unknown,No
50,Unemployed,Married,Secondary,No,1772,No,No,Cellular,29,1900-07-01,206,4,-1,0,Unknown,No
27,Services,Single,Secondary,No,-151,No,No,Cellular,8,1900-07-01,283,2,-1,0,Unknown,No
55,Housemaid,Married,Primary,No,16,No,No,Unknown,20,1900-06-01,64,1,-1,0,Unknown,No
39,Services,Single,Secondary,No,7066,Yes,No,Cellular,15,1900-05-01,667,3,357,3,Other,Yes
31,Technician,Single,Tertiary,No,454,No,No,Cellular,4,1900-02-01,73,3,-1,0,Unknown,No
37,Entrepreneur,Married,Tertiary,No,4798,Yes,No,Unknown,20,1900-05-01,156,2,-1,0,Unknown,No
28,Technician,Single,Secondary,Yes,-298,Yes,No,Unknown,3,1900-06-01,559,7,-1,0,Unknown,No
42,Technician,Married,Secondary,No,439,No,No,Cellular,20,1900-08-01,143,2,-1,0,Unknown,No
40,Services,Divorced,Secondary,No,1927,Yes,No,Unknown,15,1900-05-01,62,1,-1,0,Unknown,No
59,Management,Single,Secondary,No,671,Yes,Yes,Cellular,29,1900-01-01,219,2,259,5,Failure,No
40,Services,Single,Secondary,No,65,Yes,No,Cellular,15,1900-05-01,15,3,-1,0,Unknown,No
43,Technician,Married,Secondary,No,-932,Yes,No,Cellular,16,1900-04-01,567,1,-1,0,Unknown,No
38,Technician,Single,Secondary,No,4366,Yes,No,Cellular,29,1900-07-01,188,2,-1,0,Unknown,No
54,Retired,Married,Primary,No,0,Yes,No,Cellular,11,1900-07-01,159,2,-1,0,Unknown,No
41,Blue-Collar,Married,Secondary,No,4900,Yes,No,Telephone,31,1900-07-01,121,2,-1,0,Unknown,No
55,Housemaid,Divorced,Primary,No,976,No,No,Cellular,28,1900-06-01,345,1,94,3,Other,Yes
33,Management,Married,Tertiary,No,148,No,No,Unknown,20,1900-05-01,717,1,-1,0,Unknown,No
46,Blue-Collar,Married,Secondary,No,5,No,No,Cellular,18,1900-08-01,71,3,-1,0,Unknown,No
36,Management,Married,Secondary,No,-148,No,No,Cellular,18,1900-11-01,144,2,-1,0,Unknown,No
48,Technician,Divorced,Tertiary,No,113,No,Yes,Cellular,22,1900-07-01,38,1,-1,0,Unknown,No
42,Management,Married,Secondary,No,-105,Yes,No,Cellular,28,1900-08-01,60,2,-1,0,Unknown,No
46,Management,Divorced,Tertiary,No,624,No,No,Cellular,17,1900-09-01,336,2,183,2,Success,Yes
49,Technician,Married,Secondary,Yes,-1680,Yes,Yes,Unknown,27,1900-06-01,92,4,-1,0,Unknown,No
36,Blue-Collar,Married,Secondary,No,-461,No,No,Cellular,11,1900-05-01,254,2,353,1,Failure,No
34,Technician,Single,Tertiary,No,144,Yes,Yes,Cellular,14,1900-10-01,104,1,85,19,Failure,No
51,Entrepreneur,Divorced,Tertiary,No,4,Yes,Yes,Cellular,20,1900-04-01,74,5,-1,0,Unknown,No
58,Blue-Collar,Married,Primary,No,309,No,No,Cellular,19,1900-08-01,156,2,-1,0,Unknown,No
48,Management,Married,Tertiary,No,866,No,No,Cellular,29,1900-01-01,146,2,-1,0,Unknown,No
41,Admin.,Single,Secondary,No,1020,Yes,No,Unknown,19,1900-05-01,882,1,-1,0,Unknown,Yes
49,Self-Employed,Married,Primary,No,489,Yes,No,Unknown,27,1900-05-01,84,4,-1,0,Unknown,No
43,Management,Married,Primary,No,8167,Yes,No,Unknown,19,1900-05-01,114,2,-1,0,Unknown,No
32,Blue-Collar,Single,Secondary,No,-255,No,Yes,Unknown,2,1900-07-01,957,3,-1,0,Unknown,No
54,Retired,Married,Secondary,No,3671,No,No,Unknown,11,1900-06-01,67,3,-1,0,Unknown,No
33,Blue-Collar,Divorced,Primary,No,636,Yes,No,Cellular,9,1900-07-01,211,11,-1,0,Unknown,No
35,Technician,Married,Secondary,No,141,Yes,No,Cellular,19,1900-08-01,299,2,-1,0,Unknown,No
56,Technician,Married,Secondary,No,150,Yes,Yes,Cellular,11,1900-05-01,102,6,349,1,Failure,No
57,Technician,Married,Secondary,No,839,No,Yes,Unknown,5,1900-05-01,225,1,-1,0,Unknown,No
31,Housemaid,Single,Primary,No,26965,No,No,Cellular,21,1900-04-01,654,2,-1,0,Unknown,Yes
33,Technician,Single,Secondary,No,716,Yes,No,Cellular,14,1900-05-01,234,2,-1,0,Unknown,No
29,Technician,Single,Tertiary,No,2485,No,No,Telephone,24,1900-07-01,48,6,-1,0,Unknown,No
38,Management,Single,Tertiary,No,15030,Yes,No,Cellular,13,1900-05-01,167,1,174,7,Other,No
37,Admin.,Married,Secondary,No,11303,No,No,Cellular,26,1900-05-01,500,2,-1,0,Unknown,No
33,Entrepreneur,Married,Tertiary,No,595,No,No,Cellular,7,1900-08-01,22,2,-1,0,Unknown,No
30,Management,Single,Tertiary,No,19358,No,No,Cellular,19,1900-11-01,258,2,-1,0,Unknown,No
31,Self-Employed,Single,Secondary,No,203,No,Yes,Cellular,19,1900-11-01,177,1,-1,0,Unknown,No
28,Technician,Single,Tertiary,No,183,Yes,Yes,Unknown,28,1900-05-01,62,2,-1,0,Unknown,No
26,Admin.,Single,Secondary,No,255,No,No,Cellular,30,1900-04-01,457,1,80,1,Success,Yes
31,Technician,Single,Secondary,No,102,Yes,No,Telephone,17,1900-04-01,460,2,345,2,Failure,No
50,Housemaid,Divorced,Primary,No,94,Yes,No,Cellular,22,1900-07-01,184,4,-1,0,Unknown,No
45,Entrepreneur,Married,Primary,No,58,Yes,No,Telephone,13,1900-05-01,119,3,371,3,Failure,No
48,Management,Married,Primary,No,606,No,No,Cellular,5,1900-03-01,77,6,-1,0,Unknown,No
41,Technician,Married,Secondary,No,0,No,Yes,Cellular,23,1900-07-01,107,1,-1,0,Unknown,No
60,Technician,Married,Primary,No,65,Yes,No,Unknown,9,1900-05-01,1028,2,-1,0,Unknown,Yes
41,Blue-Collar,Married,Secondary,No,338,Yes,No,Unknown,14,1900-05-01,87,1,-1,0,Unknown,No
43,Blue-Collar,Married,Primary,No,757,Yes,No,Unknown,9,1900-05-01,315,4,-1,0,Unknown,No
36,Management,Married,Tertiary,No,9269,Yes,Yes,Cellular,19,1900-11-01,107,2,-1,0,Unknown,No
40,Blue-Collar,Married,Primary,No,1206,No,Yes,Telephone,16,1900-07-01,201,5,-1,0,Unknown,No
28,Management,Single,Tertiary,No,882,No,Yes,Cellular,29,1900-01-01,94,1,205,2,Failure,No
27,Student,Single,Tertiary,No,5291,No,No,Cellular,12,1900-11-01,192,2,92,2,Failure,Yes
49,Management,Single,Secondary,No,61,Yes,No,Cellular,29,1900-01-01,185,2,246,1,Failure,No
37,Technician,Married,Tertiary,No,0,Yes,No,Cellular,17,1900-11-01,77,1,-1,0,Unknown,No
31,Blue-Collar,Married,Secondary,No,1407,Yes,No,Cellular,6,1900-05-01,142,3,-1,0,Unknown,No
31,Technician,Single,Secondary,Yes,25,No,No,Cellular,2,1900-02-01,381,1,-1,0,Unknown,No
31,Blue-Collar,Married,Secondary,No,1354,Yes,Yes,Cellular,17,1900-11-01,222,2,-1,0,Unknown,No
35,Blue-Collar,Married,Primary,No,793,Yes,No,Cellular,17,1900-04-01,106,1,-1,0,Unknown,No
51,Blue-Collar,Divorced,Unknown,No,10287,Yes,No,Unknown,29,1900-05-01,117,1,-1,0,Unknown,No
33,Technician,Single,Secondary,No,5235,No,No,Cellular,7,1900-08-01,67,3,-1,0,Unknown,No
30,Technician,Single,Tertiary,No,3,Yes,No,Cellular,6,1900-05-01,45,2,169,2,Failure,No
58,Technician,Single,Secondary,No,409,No,Yes,Cellular,14,1900-07-01,643,2,-1,0,Unknown,No
34,Admin.,Married,Tertiary,No,35,Yes,No,Cellular,15,1900-10-01,76,1,69,2,Failure,No
45,Management,Married,Tertiary,No,-459,No,No,Cellular,21,1900-08-01,508,6,-1,0,Unknown,No
28,Services,Single,Secondary,No,198,No,No,Cellular,5,1900-07-01,128,2,-1,0,Unknown,Yes
31,Blue-Collar,Married,Primary,No,99,Yes,No,Cellular,17,1900-04-01,193,2,322,1,Other,No
40,Management,Married,Tertiary,No,60,No,No,Unknown,16,1900-06-01,172,6,-1,0,Unknown,No
30,Services,Single,Secondary,No,3485,No,No,Cellular,2,1900-02-01,142,2,-1,0,Unknown,No
34,Entrepreneur,Married,Secondary,No,-139,Yes,Yes,Unknown,27,1900-05-01,492,2,-1,0,Unknown,No
40,Blue-Collar,Married,Secondary,No,952,No,Yes,Unknown,12,1900-06-01,140,1,-1,0,Unknown,No
59,Retired,Married,Primary,No,1427,No,No,Unknown,18,1900-06-01,140,2,-1,0,Unknown,No
43,Technician,Single,Tertiary,No,1017,Yes,No,Unknown,19,1900-05-01,257,2,-1,0,Unknown,No
41,Management,Married,Tertiary,No,-29,No,No,Cellular,29,1900-01-01,41,2,266,2,Failure,No
33,Technician,Divorced,Secondary,No,9,No,No,Cellular,21,1900-08-01,91,2,-1,0,Unknown,No
33,Management,Married,Secondary,No,4040,Yes,No,Cellular,20,1900-04-01,132,2,-1,0,Unknown,No
36,Blue-Collar,Married,Secondary,No,13,No,No,Unknown,3,1900-06-01,284,1,-1,0,Unknown,No
32,Self-Employed,Single,Secondary,No,1259,No,No,Cellular,25,1900-07-01,184,2,-1,0,Unknown,No
25,Admin.,Married,Secondary,No,18,Yes,No,Cellular,18,1900-07-01,225,1,-1,0,Unknown,No
25,Blue-Collar,Married,Secondary,No,-76,Yes,No,Unknown,12,1900-05-01,241,3,-1,0,Unknown,No
38,Technician,Single,Tertiary,No,221,No,No,Cellular,20,1900-08-01,79,3,-1,0,Unknown,No
34,Management,Married,Tertiary,No,136,Yes,No,Cellular,22,1900-04-01,156,1,-1,0,Unknown,No
67,Blue-Collar,Married,Secondary,No,16353,No,No,Cellular,27,1900-10-01,223,2,-1,0,Unknown,No
32,Blue-Collar,Married,Secondary,No,-63,Yes,No,Unknown,30,1900-05-01,198,1,-1,0,Unknown,No
45,Housemaid,Married,Primary,No,7353,No,No,Cellular,13,1900-08-01,536,2,-1,0,Unknown,No
33,Blue-Collar,Married,Primary,No,511,Yes,No,Unknown,21,1900-05-01,304,2,-1,0,Unknown,No
38,Admin.,Married,Primary,No,3913,Yes,No,Cellular,20,1900-04-01,196,2,315,2,Failure,No
32,Technician,Divorced,Secondary,No,1097,Yes,No,Unknown,12,1900-05-01,298,2,-1,0,Unknown,No
54,Retired,Divorced,Tertiary,No,6102,Yes,Yes,Unknown,21,1900-05-01,86,6,-1,0,Unknown,No
51,Admin.,Divorced,Secondary,No,340,Yes,No,Unknown,8,1900-05-01,186,1,-1,0,Unknown,No
42,Blue-Collar,Married,Primary,No,-119,Yes,No,Cellular,22,1900-07-01,167,3,-1,0,Unknown,No
41,Admin.,Married,Secondary,No,2993,Yes,No,Cellular,22,1900-07-01,24,12,-1,0,Unknown,No
39,Management,Divorced,Tertiary,No,3575,No,Yes,Cellular,18,1900-08-01,74,3,-1,0,Unknown,No
38,Blue-Collar,Married,Secondary,No,361,Yes,No,Unknown,11,1900-06-01,601,1,-1,0,Unknown,No
39,Management,Married,Secondary,No,1072,Yes,No,Unknown,27,1900-05-01,1168,2,-1,0,Unknown,No
46,Blue-Collar,Married,Primary,No,2904,No,No,Cellular,20,1900-04-01,277,2,-1,0,Unknown,No
50,Entrepreneur,Divorced,Tertiary,No,1790,No,Yes,Cellular,6,1900-02-01,748,3,-1,0,Unknown,No
33,Blue-Collar,Married,Secondary,No,86,Yes,No,Unknown,19,1900-05-01,364,1,-1,0,Unknown,No
37,Technician,Married,Secondary,No,1633,Yes,No,Unknown,19,1900-05-01,229,3,-1,0,Unknown,No
31,Management,Married,Tertiary,No,8312,No,No,Cellular,29,1900-08-01,43,13,-1,0,Unknown,No
34,Blue-Collar,Divorced,Unknown,No,172,No,No,Cellular,15,1900-06-01,177,1,-1,0,Unknown,Yes
34,Management,Married,Tertiary,No,0,Yes,No,Cellular,7,1900-08-01,262,1,99,2,Success,Yes
36,Management,Married,Tertiary,No,222,Yes,No,Cellular,6,1900-05-01,317,1,169,2,Failure,No
40,Technician,Married,Secondary,No,109,No,No,Unknown,20,1900-06-01,402,22,-1,0,Unknown,No
40,Blue-Collar,Married,Secondary,No,1451,No,No,Cellular,1,1900-06-01,314,1,-1,0,Unknown,Yes
41,Technician,Married,Secondary,No,1066,No,No,Cellular,11,1900-02-01,109,3,-1,0,Unknown,Yes
52,Management,Married,Tertiary,No,3163,No,No,Cellular,25,1900-08-01,56,6,-1,0,Unknown,No
40,Services,Single,Secondary,No,888,Yes,No,Unknown,12,1900-05-01,169,2,-1,0,Unknown,No
48,Blue-Collar,Single,Unknown,No,428,Yes,No,Cellular,18,1900-05-01,127,1,-1,0,Unknown,No
33,Management,Divorced,Secondary,No,106,No,No,Cellular,20,1900-08-01,175,3,-1,0,Unknown,No
44,Technician,Divorced,Secondary,No,0,No,No,Cellular,12,1900-08-01,56,2,-1,0,Unknown,No
55,Management,Married,Tertiary,No,979,No,Yes,Cellular,8,1900-07-01,123,1,-1,0,Unknown,No
51,Admin.,Married,Secondary,No,2662,No,No,Telephone,28,1900-01-01,148,2,-1,0,Unknown,No
34,Management,Single,Tertiary,No,84,No,No,Cellular,5,1900-02-01,231,1,-1,0,Unknown,No
58,Retired,Divorced,Unknown,No,5920,Yes,No,Cellular,23,1900-07-01,255,1,-1,0,Unknown,No
39,Management,Single,Tertiary,No,816,Yes,No,Cellular,27,1900-08-01,37,3,-1,0,Unknown,No
27,Unemployed,Single,Secondary,No,3276,No,No,Cellular,5,1900-08-01,106,1,110,2,Other,No
55,Management,Divorced,Unknown,No,2,Yes,No,Unknown,19,1900-05-01,95,1,-1,0,Unknown,No
35,Technician,Single,Secondary,No,-51,No,No,Unknown,2,1900-07-01,134,2,-1,0,Unknown,No
37,Technician,Single,Tertiary,No,3315,Yes,No,Cellular,9,1900-04-01,820,2,-1,0,Unknown,No
52,Technician,Married,Secondary,No,196,Yes,Yes,Cellular,24,1900-02-01,116,1,273,3,Failure,No
41,Blue-Collar,Married,Secondary,No,552,Yes,No,Cellular,12,1900-05-01,463,1,-1,0,Unknown,No
52,Admin.,Married,Secondary,No,2347,No,Yes,Cellular,12,1900-08-01,603,3,-1,0,Unknown,No
34,Blue-Collar,Single,Secondary,No,3723,Yes,No,Unknown,27,1900-05-01,47,5,-1,0,Unknown,No
53,Management,Divorced,Primary,No,255,No,No,Cellular,19,1900-11-01,126,1,-1,0,Unknown,No
33,Management,Single,Tertiary,No,3143,No,No,Cellular,29,1900-06-01,421,2,-1,0,Unknown,Yes
47,Self-Employed,Married,Secondary,No,0,No,No,Unknown,26,1900-06-01,174,8,-1,0,Unknown,No
35,Blue-Collar,Married,Secondary,No,6411,Yes,Yes,Cellular,30,1900-01-01,144,1,266,2,Failure,No
33,Management,Single,Tertiary,No,1909,No,No,Cellular,8,1900-08-01,191,2,-1,0,Unknown,No
55,Blue-Collar,Married,Primary,No,3873,No,No,Telephone,21,1900-04-01,222,1,-1,0,Unknown,No
58,Self-Employed,Married,Primary,No,1013,Yes,No,Cellular,11,1900-08-01,206,1,461,1,Failure,Yes
44,Admin.,Married,Secondary,No,262,Yes,No,Cellular,9,1900-07-01,74,1,-1,0,Unknown,No
25,Services,Single,Secondary,No,3217,Yes,No,Unknown,28,1900-05-01,24,1,-1,0,Unknown,No
37,Technician,Single,Secondary,No,5436,Yes,No,Cellular,6,1900-05-01,7,11,351,1,Failure,No
41,Blue-Collar,Married,Primary,No,2067,Yes,No,Cellular,15,1900-05-01,493,7,-1,0,Unknown,No
34,Blue-Collar,Single,Secondary,No,215,No,No,Cellular,3,1900-03-01,350,3,-1,0,Unknown,Yes
36,Services,Divorced,Secondary,No,1594,No,No,Unknown,6,1900-06-01,250,3,-1,0,Unknown,No
44,Self-Employed,Married,Tertiary,No,134,No,No,Cellular,28,1900-08-01,86,4,-1,0,Unknown,No
34,Entrepreneur,Divorced,Tertiary,No,262,No,No,Cellular,20,1900-11-01,371,1,-1,0,Unknown,No
56,Blue-Collar,Divorced,Primary,No,3021,No,No,Unknown,9,1900-06-01,419,2,-1,0,Unknown,No
43,Management,Divorced,Tertiary,No,388,Yes,No,Unknown,8,1900-05-01,2087,2,-1,0,Unknown,Yes
28,Blue-Collar,Single,Secondary,No,3412,Yes,No,Cellular,15,1900-05-01,22,4,-1,0,Unknown,No
54,Blue-Collar,Married,Secondary,No,1291,Yes,No,Unknown,5,1900-05-01,266,1,-1,0,Unknown,No
37,Technician,Divorced,Secondary,No,79,No,No,Cellular,21,1900-07-01,191,1,-1,0,Unknown,No
59,Self-Employed,Married,Tertiary,No,2013,No,No,Cellular,19,1900-02-01,222,4,94,2,Success,Yes
58,Blue-Collar,Divorced,Secondary,No,543,No,Yes,Telephone,17,1900-07-01,264,3,-1,0,Unknown,No
56,Management,Divorced,Tertiary,No,1016,Yes,No,Unknown,9,1900-06-01,184,5,-1,0,Unknown,No
32,Blue-Collar,Single,Secondary,No,604,No,Yes,Cellular,28,1900-05-01,95,3,-1,0,Unknown,No
42,Management,Single,Tertiary,No,525,No,No,Cellular,13,1900-08-01,127,2,-1,0,Unknown,No
52,Retired,Divorced,Primary,No,353,No,No,Cellular,31,1900-07-01,395,4,-1,0,Unknown,No
46,Management,Married,Tertiary,No,964,Yes,No,Cellular,8,1900-04-01,174,1,-1,0,Unknown,No
37,Admin.,Married,Tertiary,No,3913,Yes,No,Cellular,27,1900-04-01,124,1,-1,0,Unknown,Yes
39,Blue-Collar,Married,Primary,No,879,Yes,No,Unknown,26,1900-05-01,102,2,-1,0,Unknown,No
31,Admin.,Married,Secondary,No,314,Yes,No,Cellular,17,1900-04-01,279,1,-1,0,Unknown,No
59,Housemaid,Married,Primary,No,0,No,No,Cellular,27,1900-08-01,76,11,-1,0,Unknown,No
38,Blue-Collar,Married,Secondary,No,1370,Yes,No,Cellular,11,1900-05-01,472,2,-1,0,Unknown,No
58,Management,Married,Secondary,No,37,No,No,Cellular,18,1900-08-01,84,11,-1,0,Unknown,No
34,Management,Single,Tertiary,No,673,Yes,Yes,Cellular,20,1900-11-01,271,1,184,1,Failure,No
40,Services,Married,Secondary,No,-342,Yes,No,Unknown,26,1900-05-01,754,1,-1,0,Unknown,No
20,Student,Single,Secondary,No,291,No,No,Telephone,11,1900-05-01,172,5,371,5,Failure,No
34,Technician,Married,Secondary,No,209,Yes,Yes,Cellular,8,1900-04-01,375,2,-1,0,Unknown,No
31,Technician,Single,Tertiary,No,438,Yes,No,Cellular,12,1900-08-01,130,2,-1,0,Unknown,No
39,Admin.,Single,Secondary,No,1242,Yes,No,Unknown,12,1900-05-01,303,3,-1,0,Unknown,No
34,Entrepreneur,Married,Tertiary,No,355,Yes,No,Unknown,16,1900-05-01,261,1,-1,0,Unknown,No
24,Blue-Collar,Married,Secondary,No,204,Yes,Yes,Cellular,17,1900-04-01,229,3,-1,0,Unknown,No
41,Management,Married,Tertiary,No,10758,Yes,No,Cellular,1,1900-06-01,288,1,-1,0,Unknown,No
40,Management,Married,Tertiary,No,5,Yes,No,Cellular,18,1900-11-01,219,3,-1,0,Unknown,No
45,Technician,Single,Secondary,No,410,Yes,No,Unknown,30,1900-05-01,891,4,-1,0,Unknown,Yes
36,Management,Married,Tertiary,No,605,Yes,No,Unknown,26,1900-05-01,204,1,-1,0,Unknown,No
53,Management,Married,Tertiary,No,4,No,No,Unknown,20,1900-06-01,19,6,-1,0,Unknown,No
23,Student,Single,Secondary,No,8494,No,No,Cellular,25,1900-08-01,158,2,-1,0,Unknown,No
42,Entrepreneur,Married,Primary,No,198,Yes,No,Unknown,8,1900-05-01,314,1,-1,0,Unknown,No
48,Blue-Collar,Married,Secondary,No,841,Yes,No,Unknown,19,1900-05-01,215,1,-1,0,Unknown,No
34,Management,Married,Tertiary,No,8,No,No,Cellular,25,1900-08-01,169,4,-1,0,Unknown,No
36,Admin.,Married,Secondary,No,470,Yes,No,Cellular,31,1900-07-01,101,4,-1,0,Unknown,No
43,Retired,Married,Secondary,No,520,Yes,No,Unknown,20,1900-05-01,15,13,-1,0,Unknown,No
36,Blue-Collar,Married,Secondary,No,439,Yes,No,Unknown,21,1900-05-01,260,5,-1,0,Unknown,No
49,Blue-Collar,Married,Secondary,No,-454,Yes,No,Cellular,14,1900-05-01,558,1,-1,0,Unknown,Yes
55,Retired,Married,Secondary,No,466,No,No,Unknown,17,1900-06-01,287,4,-1,0,Unknown,No
53,Retired,Married,Secondary,No,665,Yes,No,Cellular,22,1900-04-01,371,2,-1,0,Unknown,Yes
42,Technician,Married,Secondary,No,994,Yes,No,Cellular,11,1900-08-01,149,1,78,5,Failure,Yes
45,Admin.,Married,Secondary,No,5346,Yes,Yes,Unknown,21,1900-10-01,187,1,-1,0,Unknown,Yes
31,Blue-Collar,Married,Secondary,No,1243,Yes,No,Unknown,21,1900-05-01,32,1,-1,0,Unknown,No
32,Admin.,Married,Tertiary,No,0,Yes,No,Unknown,5,1900-05-01,138,1,-1,0,Unknown,No
36,Blue-Collar,Married,Secondary,No,2357,Yes,No,Unknown,17,1900-06-01,228,2,-1,0,Unknown,No
56,Retired,Married,Secondary,No,1044,No,No,Telephone,3,1900-07-01,353,2,-1,0,Unknown,Yes
46,Admin.,Married,Secondary,No,1069,Yes,No,Unknown,8,1900-05-01,45,2,-1,0,Unknown,No
41,Housemaid,Single,Secondary,No,231,No,No,Cellular,9,1900-07-01,76,2,-1,0,Unknown,No
31,Admin.,Married,Secondary,No,0,Yes,Yes,Unknown,6,1900-05-01,144,2,-1,0,Unknown,No
32,Technician,Married,Secondary,No,266,Yes,No,Cellular,19,1900-08-01,168,2,-1,0,Unknown,No
38,Management,Married,Tertiary,No,-70,Yes,No,Cellular,30,1900-01-01,140,1,2,3,Other,No
49,Retired,Single,Primary,No,25824,No,No,Unknown,17,1900-06-01,94,1,-1,0,Unknown,No
46,Management,Single,Primary,No,538,No,No,Unknown,17,1900-06-01,118,3,-1,0,Unknown,No
29,Technician,Single,Secondary,No,534,Yes,No,Cellular,18,1900-05-01,382,1,-1,0,Unknown,No
36,Admin.,Married,Unknown,No,2323,No,No,Cellular,19,1900-11-01,111,1,-1,0,Unknown,No
38,Admin.,Married,Secondary,No,1852,Yes,No,Cellular,15,1900-05-01,298,2,-1,0,Unknown,No
53,Technician,Married,Secondary,No,2647,Yes,No,Unknown,30,1900-05-01,121,1,-1,0,Unknown,No
43,Management,Married,Tertiary,No,2767,Yes,No,Unknown,15,1900-05-01,317,7,-1,0,Unknown,No
41,Management,Married,Tertiary,No,176,Yes,Yes,Unknown,5,1900-05-01,42,1,-1,0,Unknown,No
42,Management,Single,Secondary,No,9720,No,No,Cellular,5,1900-08-01,81,2,-1,0,Unknown,No
55,Blue-Collar,Divorced,Secondary,No,1613,Yes,No,Cellular,3,1900-04-01,296,1,270,3,Failure,Yes
39,Admin.,Divorced,Secondary,No,2903,Yes,Yes,Telephone,25,1900-07-01,259,2,-1,0,Unknown,No
30,Admin.,Single,Secondary,No,81,Yes,No,Cellular,6,1900-08-01,121,6,112,3,Other,No
41,Blue-Collar,Married,Secondary,No,780,Yes,No,Cellular,15,1900-05-01,432,3,-1,0,Unknown,No
44,Unemployed,Married,Tertiary,No,178,No,No,Cellular,8,1900-08-01,126,2,-1,0,Unknown,No
58,Management,Married,Tertiary,No,299,No,No,Cellular,16,1900-07-01,120,4,-1,0,Unknown,No
35,Retired,Married,Primary,No,285,Yes,No,Cellular,29,1900-01-01,136,1,-1,0,Unknown,No
27,Blue-Collar,Married,Secondary,No,872,Yes,No,Cellular,17,1900-04-01,1130,3,-1,0,Unknown,No
34,Services,Married,Secondary,No,1337,No,No,Cellular,17,1900-12-01,330,2,127,3,Success,Yes
25,Services,Married,Secondary,No,72,Yes,No,Cellular,23,1900-07-01,305,2,-1,0,Unknown,No
36,Blue-Collar,Married,Secondary,No,0,No,No,Unknown,20,1900-06-01,332,3,-1,0,Unknown,No
38,Blue-Collar,Married,Secondary,No,-388,Yes,No,Unknown,9,1900-05-01,412,1,-1,0,Unknown,No
30,Admin.,Married,Secondary,No,11,Yes,No,Cellular,11,1900-05-01,157,1,-1,0,Unknown,No
47,Blue-Collar,Divorced,Secondary,Yes,-535,Yes,No,Cellular,30,1900-07-01,71,2,-1,0,Unknown,No
41,Services,Divorced,Secondary,No,787,Yes,No,Cellular,8,1900-05-01,297,2,-1,0,Unknown,No
36,Management,Single,Tertiary,No,3343,No,No,Cellular,18,1900-11-01,307,1,-1,0,Unknown,No
63,Entrepreneur,Married,Secondary,No,3904,No,No,Telephone,4,1900-08-01,250,2,187,2,Success,Yes
23,Management,Single,Tertiary,No,736,Yes,No,Cellular,30,1900-04-01,119,1,-1,0,Unknown,No
32,Management,Married,Tertiary,No,1390,No,No,Cellular,7,1900-08-01,116,2,-1,0,Unknown,No
57,Retired,Married,Primary,No,808,No,No,Telephone,7,1900-07-01,274,1,-1,0,Unknown,No
48,Management,Married,Tertiary,No,1147,No,No,Cellular,5,1900-08-01,389,1,64,2,Success,Yes
49,Services,Married,Secondary,No,1122,No,No,Cellular,4,1900-08-01,143,1,-1,0,Unknown,No
50,Technician,Married,Secondary,No,-568,Yes,Yes,Unknown,28,1900-05-01,860,2,-1,0,Unknown,No
33,Blue-Collar,Married,Primary,No,1165,Yes,No,Unknown,21,1900-05-01,420,2,-1,0,Unknown,No
53,Services,Divorced,Secondary,No,-905,Yes,No,Unknown,28,1900-05-01,213,1,-1,0,Unknown,No
30,Unemployed,Married,Tertiary,No,0,Yes,No,Cellular,18,1900-11-01,756,1,-1,0,Unknown,No
38,Technician,Married,Secondary,No,740,No,No,Cellular,7,1900-08-01,259,3,-1,0,Unknown,No
44,Management,Married,Secondary,No,8262,Yes,No,Cellular,23,1900-07-01,201,16,-1,0,Unknown,No
39,Admin.,Single,Secondary,No,14,Yes,Yes,Unknown,13,1900-05-01,19,9,-1,0,Unknown,No
45,Technician,Single,Unknown,No,7108,Yes,Yes,Cellular,18,1900-11-01,53,1,172,3,Failure,No
36,Blue-Collar,Married,Secondary,No,1049,Yes,No,Cellular,14,1900-05-01,224,4,-1,0,Unknown,Yes
38,Blue-Collar,Married,Secondary,No,0,Yes,No,Cellular,13,1900-05-01,57,5,349,1,Other,No
36,Housemaid,Married,Secondary,No,419,Yes,No,Unknown,30,1900-05-01,251,1,-1,0,Unknown,No
30,Management,Single,Tertiary,No,726,Yes,No,Cellular,16,1900-04-01,39,1,342,3,Failure,No
28,Technician,Divorced,Tertiary,No,594,Yes,Yes,Unknown,18,1900-06-01,54,3,-1,0,Unknown,No
26,Unemployed,Married,Tertiary,No,454,Yes,Yes,Unknown,23,1900-05-01,28,18,-1,0,Unknown,No
54,Unknown,Married,Secondary,No,2206,No,No,Cellular,12,1900-11-01,104,1,99,2,Other,Yes
38,Admin.,Married,Tertiary,No,1988,No,No,Cellular,27,1900-03-01,164,2,130,2,Failure,Yes
32,Technician,Single,Tertiary,No,0,No,No,Cellular,7,1900-08-01,268,2,-1,0,Unknown,No
50,Admin.,Divorced,Secondary,No,202,No,Yes,Cellular,17,1900-11-01,148,1,-1,0,Unknown,No
43,Blue-Collar,Married,Secondary,No,667,Yes,No,Unknown,7,1900-05-01,228,3,-1,0,Unknown,No
48,Admin.,Married,Secondary,No,112,No,No,Cellular,18,1900-08-01,139,5,-1,0,Unknown,No
57,Housemaid,Married,Primary,No,50,No,No,Cellular,18,1900-08-01,89,3,-1,0,Unknown,No
64,Housemaid,Married,Primary,No,768,No,No,Cellular,15,1900-07-01,250,2,182,1,Success,No
26,Services,Divorced,Secondary,No,74,Yes,No,Unknown,23,1900-05-01,106,6,-1,0,Unknown,No
33,Blue-Collar,Married,Secondary,No,661,Yes,No,Cellular,18,1900-07-01,968,1,-1,0,Unknown,Yes
50,Self-Employed,Married,Secondary,No,3025,No,Yes,Cellular,6,1900-08-01,168,3,-1,0,Unknown,No
47,Self-Employed,Married,Tertiary,No,751,No,No,Cellular,24,1900-07-01,408,14,-1,0,Unknown,No
39,Management,Single,Tertiary,No,416,No,No,Cellular,23,1900-10-01,56,4,-1,0,Unknown,No
52,Services,Married,Primary,No,14,No,Yes,Cellular,28,1900-07-01,55,5,-1,0,Unknown,No
31,Blue-Collar,Single,Primary,No,-502,Yes,No,Unknown,29,1900-05-01,76,4,-1,0,Unknown,No
50,Blue-Collar,Married,Primary,No,0,No,No,Cellular,11,1900-08-01,72,5,-1,0,Unknown,No
47,Technician,Married,Secondary,No,599,Yes,No,Cellular,13,1900-08-01,99,3,-1,0,Unknown,No
30,Management,Single,Tertiary,No,-218,Yes,No,Cellular,27,1900-08-01,13,15,-1,0,Unknown,No
32,Technician,Single,Tertiary,No,1012,No,No,Cellular,14,1900-04-01,178,1,-1,0,Unknown,No
36,Technician,Married,Secondary,No,300,No,No,Unknown,9,1900-06-01,287,1,-1,0,Unknown,No
46,Technician,Married,Tertiary,No,217,Yes,No,Cellular,14,1900-05-01,141,1,346,2,Other,No
45,Management,Divorced,Tertiary,No,2096,No,No,Cellular,21,1900-11-01,127,1,100,2,Failure,No
37,Technician,Single,Secondary,No,0,No,No,Cellular,4,1900-08-01,69,2,-1,0,Unknown,No
58,Housemaid,Married,Primary,No,5278,Yes,No,Unknown,4,1900-06-01,763,4,-1,0,Unknown,No
59,Management,Married,Tertiary,No,1831,No,No,Cellular,17,1900-02-01,122,1,92,1,Failure,No
28,Management,Married,Tertiary,No,1480,Yes,No,Cellular,18,1900-05-01,143,1,-1,0,Unknown,No
48,Management,Married,Tertiary,No,7289,Yes,No,Cellular,2,1900-02-01,316,3,-1,0,Unknown,No
55,Blue-Collar,Married,Unknown,No,1665,No,No,Telephone,30,1900-07-01,89,2,-1,0,Unknown,No
37,Blue-Collar,Single,Primary,No,851,Yes,No,Cellular,15,1900-05-01,151,1,352,1,Failure,No
41,Management,Married,Tertiary,No,2885,No,No,Cellular,19,1900-11-01,40,1,-1,0,Unknown,No
35,Blue-Collar,Married,Secondary,No,137,No,Yes,Unknown,4,1900-10-01,5,1,808,12,Failure,No
34,Blue-Collar,Single,Secondary,No,1239,Yes,No,Cellular,18,1900-07-01,90,1,-1,0,Unknown,No
43,Management,Single,Tertiary,No,146,No,No,Cellular,21,1900-11-01,50,1,113,5,Other,No
59,Technician,Married,Secondary,No,1,No,No,Cellular,15,1900-04-01,159,2,378,3,Failure,Yes
50,Blue-Collar,Divorced,Primary,No,-10,No,Yes,Cellular,10,1900-07-01,369,6,-1,0,Unknown,No
37,Technician,Married,Secondary,No,480,No,No,Cellular,22,1900-10-01,344,2,182,8,Other,Yes
35,Technician,Married,Secondary,No,2789,Yes,No,Cellular,4,1900-09-01,256,2,94,1,Failure,No
50,Technician,Single,Secondary,No,3897,No,No,Cellular,26,1900-10-01,298,1,-1,0,Unknown,No
36,Technician,Divorced,Secondary,No,487,No,Yes,Cellular,11,1900-08-01,268,3,-1,0,Unknown,No
41,Admin.,Married,Secondary,No,5110,Yes,No,Cellular,13,1900-04-01,231,1,-1,0,Unknown,No
28,Management,Married,Tertiary,No,318,Yes,No,Unknown,27,1900-05-01,4,4,-1,0,Unknown,No
42,Technician,Single,Tertiary,No,-411,Yes,No,Cellular,12,1900-05-01,78,5,292,3,Failure,No
60,Retired,Married,Secondary,No,4820,No,No,Unknown,5,1900-06-01,419,1,-1,0,Unknown,No
28,Management,Single,Tertiary,No,4937,Yes,No,Telephone,13,1900-05-01,421,3,-1,0,Unknown,No
48,Entrepreneur,Married,Secondary,No,725,No,Yes,Cellular,10,1900-07-01,105,1,-1,0,Unknown,No
51,Entrepreneur,Married,Tertiary,No,5403,No,No,Unknown,6,1900-06-01,42,1,-1,0,Unknown,No
32,Technician,Married,Tertiary,No,4089,No,No,Cellular,26,1900-05-01,114,7,287,3,Failure,No
35,Technician,Married,Tertiary,No,188,No,No,Cellular,26,1900-08-01,286,2,-1,0,Unknown,No
37,Technician,Married,Unknown,No,189,No,No,Cellular,1,1900-10-01,238,1,107,2,Success,Yes
38,Blue-Collar,Divorced,Secondary,No,2998,Yes,No,Unknown,11,1900-06-01,91,1,-1,0,Unknown,No
77,Retired,Married,Secondary,No,610,No,No,Cellular,13,1900-08-01,766,3,-1,0,Unknown,No
32,Management,Single,Unknown,No,787,No,No,Cellular,28,1900-01-01,92,1,-1,0,Unknown,No
43,Technician,Divorced,Secondary,No,167,No,No,Cellular,4,1900-08-01,211,3,-1,0,Unknown,No
36,Management,Single,Tertiary,No,243,Yes,No,Cellular,7,1900-05-01,160,2,360,3,Failure,No
29,Management,Married,Tertiary,No,877,No,No,Cellular,3,1900-02-01,166,3,-1,0,Unknown,No
32,Admin.,Single,Secondary,No,2817,Yes,No,Cellular,21,1900-11-01,195,1,-1,0,Unknown,No
41,Management,Divorced,Tertiary,No,4567,Yes,Yes,Cellular,16,1900-07-01,106,1,-1,0,Unknown,No
26,Services,Single,Secondary,No,127,Yes,Yes,Cellular,23,1900-07-01,85,3,-1,0,Unknown,No
34,Blue-Collar,Married,Primary,No,176,No,No,Cellular,24,1900-07-01,78,1,-1,0,Unknown,No
57,Retired,Married,Tertiary,No,0,Yes,Yes,Unknown,28,1900-05-01,648,1,-1,0,Unknown,Yes
36,Services,Single,Secondary,No,1482,Yes,No,Cellular,18,1900-11-01,177,2,174,1,Other,No
42,Blue-Collar,Married,Secondary,No,3052,Yes,No,Unknown,27,1900-05-01,32,1,-1,0,Unknown,No
35,Technician,Divorced,Secondary,No,56,No,No,Cellular,29,1900-08-01,24,12,-1,0,Unknown,No
52,Entrepreneur,Divorced,Primary,No,278,Yes,No,Unknown,7,1900-05-01,688,2,-1,0,Unknown,No
36,Management,Single,Tertiary,No,3875,Yes,No,Unknown,27,1900-05-01,21,5,-1,0,Unknown,No
46,Technician,Married,Secondary,No,-337,Yes,No,Unknown,27,1900-05-01,112,1,-1,0,Unknown,No
60,Management,Divorced,Tertiary,No,366,No,No,Cellular,3,1900-06-01,593,1,-1,0,Unknown,Yes
57,Housemaid,Married,Primary,No,501,Yes,Yes,Cellular,7,1900-08-01,59,2,-1,0,Unknown,No
48,Management,Married,Tertiary,No,998,Yes,No,Cellular,29,1900-01-01,121,3,-1,0,Unknown,No
59,Self-Employed,Married,Primary,No,0,Yes,No,Telephone,28,1900-07-01,97,2,-1,0,Unknown,No
39,Management,Married,Tertiary,No,246,No,No,Cellular,11,1900-08-01,86,2,-1,0,Unknown,No
44,Blue-Collar,Married,Secondary,No,-182,Yes,Yes,Cellular,14,1900-05-01,10,10,-1,0,Unknown,No
27,Management,Single,Tertiary,No,446,No,No,Cellular,23,1900-06-01,205,3,-1,0,Unknown,No
59,Retired,Married,Secondary,No,1173,No,No,Unknown,9,1900-06-01,77,2,-1,0,Unknown,No
36,Technician,Divorced,Secondary,No,5957,Yes,No,Cellular,18,1900-11-01,138,2,-1,0,Unknown,No
44,Admin.,Married,Secondary,No,205,No,No,Cellular,3,1900-11-01,289,1,-1,0,Unknown,Yes
50,Admin.,Married,Secondary,No,0,No,No,Cellular,4,1900-08-01,86,4,-1,0,Unknown,No
41,Management,Divorced,Tertiary,No,369,Yes,No,Telephone,22,1900-08-01,9,3,-1,0,Unknown,No
47,Admin.,Married,Secondary,No,1934,No,Yes,Cellular,14,1900-05-01,225,1,364,1,Failure,No
32,Technician,Single,Tertiary,No,259,No,No,Cellular,22,1900-07-01,407,4,-1,0,Unknown,No
38,Blue-Collar,Married,Secondary,No,284,Yes,Yes,Unknown,3,1900-06-01,1030,6,-1,0,Unknown,No
55,Blue-Collar,Married,Unknown,No,23,No,No,Cellular,13,1900-08-01,123,2,-1,0,Unknown,No
38,Management,Single,Tertiary,No,1373,No,No,Cellular,22,1900-10-01,119,4,-1,0,Unknown,No
31,Management,Single,Tertiary,No,62,Yes,No,Cellular,18,1900-05-01,175,1,293,5,Failure,No
38,Blue-Collar,Divorced,Secondary,No,157,No,No,Unknown,9,1900-06-01,299,5,-1,0,Unknown,No
29,Unemployed,Single,Tertiary,No,991,No,No,Cellular,5,1900-02-01,563,1,-1,0,Unknown,No
55,Services,Married,Secondary,No,186,Yes,Yes,Unknown,9,1900-05-01,241,1,-1,0,Unknown,No
35,Unemployed,Married,Secondary,No,977,Yes,No,Cellular,4,1900-05-01,52,4,91,1,Other,No
40,Self-Employed,Single,Tertiary,No,2893,No,No,Cellular,2,1900-06-01,76,3,-1,0,Unknown,No
34,Blue-Collar,Married,Secondary,No,1897,Yes,Yes,Cellular,19,1900-11-01,441,1,-1,0,Unknown,No
32,Technician,Single,Tertiary,No,5514,No,No,Cellular,22,1900-04-01,319,1,182,1,Success,Yes
33,Blue-Collar,Married,Secondary,No,889,Yes,No,Unknown,18,1900-09-01,13,1,373,6,Success,No
33,Management,Married,Tertiary,No,273,Yes,No,Unknown,16,1900-05-01,803,1,-1,0,Unknown,Yes
37,Admin.,Married,Secondary,No,1193,No,No,Cellular,12,1900-05-01,396,2,-1,0,Unknown,No
58,Management,Married,Tertiary,No,2729,No,No,Unknown,18,1900-06-01,188,1,-1,0,Unknown,No
36,Admin.,Single,Secondary,No,0,No,No,Cellular,20,1900-04-01,637,1,-1,0,Unknown,No
42,Blue-Collar,Married,Secondary,No,230,Yes,No,Unknown,5,1900-06-01,175,7,-1,0,Unknown,No
34,Technician,Single,Secondary,No,2729,Yes,No,Cellular,6,1900-04-01,945,1,139,1,Success,No
35,Management,Married,Tertiary,No,317,Yes,No,Unknown,23,1900-05-01,162,3,-1,0,Unknown,No
60,Housemaid,Married,Primary,No,517,No,No,Unknown,12,1900-06-01,1178,3,-1,0,Unknown,No
50,Management,Married,Tertiary,No,-470,Yes,No,Cellular,8,1900-05-01,506,2,170,3,Failure,No
28,Self-Employed,Single,Tertiary,No,4579,No,No,Cellular,12,1900-01-01,409,2,-1,0,Unknown,Yes
27,Blue-Collar,Divorced,Secondary,No,1,Yes,No,Cellular,14,1900-07-01,116,3,-1,0,Unknown,No
37,Management,Married,Tertiary,No,5106,No,No,Cellular,30,1900-04-01,244,1,-1,0,Unknown,Yes
31,Technician,Married,Tertiary,No,636,Yes,No,Cellular,4,1900-05-01,352,4,-1,0,Unknown,Yes
34,Services,Married,Secondary,No,1076,No,No,Cellular,12,1900-05-01,152,1,182,6,Success,Yes
38,Management,Married,Tertiary,No,126,Yes,No,Unknown,21,1900-05-01,164,2,-1,0,Unknown,No
32,Self-Employed,Married,Secondary,No,-33,Yes,No,Unknown,28,1900-05-01,234,3,-1,0,Unknown,No
37,Technician,Married,Secondary,No,430,No,No,Cellular,27,1900-08-01,154,4,-1,0,Unknown,No
33,Admin.,Married,Secondary,No,-6,Yes,No,Unknown,7,1900-05-01,566,2,-1,0,Unknown,No
71,Technician,Married,Tertiary,No,383,No,No,Cellular,27,1900-10-01,327,2,183,3,Success,No
27,Technician,Married,Secondary,No,130,Yes,No,Cellular,7,1900-05-01,265,3,-1,0,Unknown,No
38,Blue-Collar,Married,Primary,No,2569,No,No,Unknown,9,1900-06-01,172,1,-1,0,Unknown,No
34,Technician,Single,Secondary,No,201,No,No,Cellular,22,1900-07-01,257,2,-1,0,Unknown,No
54,Retired,Divorced,Tertiary,No,0,No,No,Unknown,13,1900-05-01,618,1,-1,0,Unknown,Yes
30,Blue-Collar,Married,Secondary,No,6,Yes,No,Cellular,28,1900-01-01,241,3,-1,0,Unknown,No
35,Entrepreneur,Single,Secondary,No,475,No,Yes,Cellular,21,1900-07-01,936,4,-1,0,Unknown,No
33,Blue-Collar,Single,Secondary,No,706,Yes,No,Cellular,7,1900-04-01,329,1,322,1,Failure,No
36,Management,Married,Secondary,No,1825,Yes,No,Cellular,14,1900-05-01,24,1,346,1,Failure,No
59,Self-Employed,Married,Tertiary,No,185,No,No,Cellular,22,1900-06-01,177,5,138,1,Failure,No
72,Blue-Collar,Married,Primary,No,4415,No,No,Telephone,13,1900-10-01,120,1,-1,0,Unknown,No
64,Management,Married,Tertiary,No,679,No,No,Telephone,22,1900-04-01,135,3,-1,0,Unknown,No
53,Technician,Divorced,Secondary,No,320,No,No,Cellular,9,1900-07-01,175,1,-1,0,Unknown,No
35,Management,Single,Tertiary,No,2988,Yes,No,Cellular,25,1900-05-01,179,1,-1,0,Unknown,No
58,Self-Employed,Married,Secondary,No,1407,Yes,No,Unknown,30,1900-05-01,58,1,-1,0,Unknown,No
40,Technician,Married,Secondary,No,1270,No,No,Cellular,17,1900-04-01,342,2,-1,0,Unknown,No
41,Services,Divorced,Secondary,No,654,Yes,No,Cellular,13,1900-05-01,139,2,-1,0,Unknown,No
48,Retired,Married,Primary,No,5173,Yes,No,Unknown,18,1900-06-01,88,8,-1,0,Unknown,No
44,Entrepreneur,Married,Tertiary,No,3463,Yes,Yes,Cellular,28,1900-08-01,210,3,-1,0,Unknown,No
39,Blue-Collar,Married,Unknown,No,0,No,No,Cellular,2,1900-02-01,731,1,193,3,Failure,No
61,Management,Married,Tertiary,No,6016,No,No,Cellular,2,1900-02-01,670,3,-1,0,Unknown,Yes
36,Entrepreneur,Married,Primary,No,177,Yes,No,Unknown,12,1900-05-01,63,5,-1,0,Unknown,No
28,Management,Married,Tertiary,No,3694,No,Yes,Cellular,8,1900-07-01,70,2,-1,0,Unknown,No
58,Retired,Single,Secondary,No,1640,No,Yes,Cellular,4,1900-02-01,72,6,274,4,Failure,No
60,Admin.,Divorced,Secondary,No,174,Yes,No,Cellular,15,1900-05-01,241,1,364,1,Failure,No
66,Admin.,Single,Secondary,No,10177,No,No,Cellular,5,1900-05-01,272,4,-1,0,Unknown,No
36,Management,Single,Tertiary,No,490,No,No,Cellular,28,1900-08-01,207,8,98,1,Failure,Yes
49,Self-Employed,Married,Secondary,No,2576,Yes,No,Cellular,15,1900-05-01,64,6,-1,0,Unknown,No
40,Services,Married,Secondary,No,0,No,No,Unknown,12,1900-06-01,543,2,-1,0,Unknown,No
23,Technician,Single,Secondary,No,598,No,No,Cellular,30,1900-04-01,166,1,-1,0,Unknown,No
29,Management,Single,Tertiary,No,15459,No,No,Cellular,26,1900-05-01,245,3,97,7,Success,No
44,Blue-Collar,Married,Primary,No,271,Yes,Yes,Unknown,9,1900-05-01,94,1,-1,0,Unknown,No
54,Unknown,Married,Unknown,No,2508,No,No,Unknown,20,1900-06-01,34,8,-1,0,Unknown,No
47,Blue-Collar,Married,Primary,No,320,No,No,Telephone,30,1900-07-01,203,2,-1,0,Unknown,No
33,Admin.,Married,Tertiary,No,640,No,No,Cellular,24,1900-07-01,318,1,-1,0,Unknown,No
30,Self-Employed,Married,Secondary,No,1772,Yes,No,Cellular,13,1900-04-01,158,4,-1,0,Unknown,No
27,Admin.,Single,Secondary,No,15,No,Yes,Cellular,21,1900-07-01,177,1,-1,0,Unknown,No
49,Management,Divorced,Tertiary,No,2370,Yes,Yes,Unknown,17,1900-11-01,56,1,103,2,Other,No
27,Services,Single,Secondary,No,201,Yes,No,Unknown,4,1900-06-01,172,2,-1,0,Unknown,No
51,Blue-Collar,Married,Secondary,No,160,Yes,No,Cellular,7,1900-05-01,136,1,359,1,Failure,No
32,Admin.,Divorced,Secondary,Yes,5,Yes,Yes,Cellular,18,1900-05-01,82,3,363,2,Other,No
30,Blue-Collar,Single,Secondary,No,75,Yes,No,Unknown,16,1900-05-01,123,1,-1,0,Unknown,No
33,Admin.,Married,Secondary,No,4902,Yes,No,Cellular,20,1900-11-01,110,1,-1,0,Unknown,No
27,Blue-Collar,Single,Primary,No,-79,Yes,No,Unknown,30,1900-05-01,385,5,-1,0,Unknown,No
75,Retired,Divorced,Secondary,No,1341,No,No,Cellular,18,1900-12-01,415,7,-1,0,Unknown,Yes
37,Services,Divorced,Secondary,No,490,Yes,No,Cellular,2,1900-02-01,73,1,-1,0,Unknown,No
36,Technician,Single,Secondary,No,1521,Yes,No,Unknown,16,1900-06-01,243,2,-1,0,Unknown,No
37,Blue-Collar,Married,Secondary,No,131,Yes,No,Unknown,9,1900-05-01,137,2,-1,0,Unknown,No
35,Management,Married,Tertiary,No,8,Yes,No,Unknown,23,1900-05-01,55,4,-1,0,Unknown,No
32,Services,Married,Secondary,No,-632,Yes,Yes,Cellular,20,1900-04-01,18,5,-1,0,Unknown,No
32,Admin.,Single,Secondary,No,116,No,Yes,Cellular,16,1900-07-01,255,2,-1,0,Unknown,No
35,Admin.,Married,Primary,No,189,Yes,No,Cellular,11,1900-05-01,95,1,-1,0,Unknown,No
31,Blue-Collar,Married,Primary,No,2,Yes,Yes,Cellular,10,1900-07-01,112,1,-1,0,Unknown,No
28,Blue-Collar,Single,Secondary,No,4229,Yes,Yes,Cellular,5,1900-05-01,205,2,-1,0,Unknown,No
27,Services,Married,Secondary,No,54,Yes,No,Cellular,18,1900-05-01,97,1,370,1,Failure,No
22,Student,Single,Unknown,No,549,No,No,Cellular,2,1900-09-01,154,1,-1,0,Unknown,No
35,Blue-Collar,Married,Primary,No,298,Yes,No,Cellular,13,1900-05-01,135,2,370,2,Failure,No
69,Retired,Married,Primary,No,579,No,No,Cellular,14,1900-08-01,230,1,-1,0,Unknown,No
37,Entrepreneur,Single,Tertiary,No,1467,Yes,Yes,Cellular,17,1900-11-01,349,1,-1,0,Unknown,No
45,Admin.,Single,Secondary,No,0,Yes,No,Cellular,8,1900-05-01,38,1,-1,0,Unknown,No
47,Management,Married,Tertiary,No,109,Yes,No,Cellular,22,1900-07-01,268,1,-1,0,Unknown,No
52,Management,Married,Tertiary,No,-11,Yes,No,Cellular,11,1900-05-01,94,4,-1,0,Unknown,No
33,Services,Married,Secondary,No,90,Yes,No,Cellular,28,1900-07-01,263,2,-1,0,Unknown,No
60,Blue-Collar,Married,Primary,No,493,No,No,Cellular,18,1900-08-01,671,4,-1,0,Unknown,Yes
33,Management,Divorced,Secondary,No,1897,Yes,Yes,Unknown,2,1900-06-01,197,1,-1,0,Unknown,No
44,Admin.,Married,Secondary,No,2403,Yes,No,Cellular,28,1900-01-01,180,2,-1,0,Unknown,No
38,Entrepreneur,Married,Secondary,No,868,No,No,Cellular,20,1900-11-01,452,2,-1,0,Unknown,No
54,Entrepreneur,Married,Secondary,No,653,Yes,No,Unknown,15,1900-05-01,352,1,-1,0,Unknown,No
32,Unemployed,Divorced,Primary,No,0,No,No,Cellular,15,1900-07-01,175,4,-1,0,Unknown,No
33,Technician,Married,Secondary,No,0,Yes,Yes,Cellular,19,1900-11-01,163,2,-1,0,Unknown,No
55,Services,Divorced,Secondary,No,218,Yes,No,Unknown,29,1900-05-01,200,2,-1,0,Unknown,No
51,Blue-Collar,Married,Primary,No,5050,No,Yes,Unknown,16,1900-06-01,75,7,-1,0,Unknown,No
48,Blue-Collar,Married,Secondary,No,741,Yes,No,Cellular,16,1900-04-01,227,1,-1,0,Unknown,No
37,Services,Single,Secondary,No,1050,Yes,No,Cellular,3,1900-02-01,586,3,-1,0,Unknown,No
33,Services,Single,Secondary,No,-56,No,Yes,Cellular,10,1900-07-01,119,5,-1,0,Unknown,No
30,Blue-Collar,Married,Primary,No,1,Yes,Yes,Telephone,22,1900-07-01,80,2,-1,0,Unknown,No
43,Blue-Collar,Married,Primary,No,-98,Yes,Yes,Cellular,12,1900-05-01,112,2,330,3,Other,No
49,Technician,Married,Secondary,No,4667,Yes,No,Unknown,19,1900-05-01,130,2,-1,0,Unknown,No
54,Unemployed,Married,Primary,No,541,Yes,No,Cellular,3,1900-02-01,237,3,-1,0,Unknown,No
31,Unemployed,Married,Tertiary,No,7744,No,No,Cellular,26,1900-08-01,377,8,-1,0,Unknown,No
54,Unknown,Married,Unknown,No,895,No,No,Cellular,7,1900-10-01,335,1,-1,0,Unknown,Yes
36,Unemployed,Married,Secondary,No,-129,Yes,No,Cellular,29,1900-07-01,121,3,-1,0,Unknown,No
30,Admin.,Married,Secondary,No,0,No,No,Cellular,15,1900-07-01,127,5,-1,0,Unknown,No
27,Technician,Single,Secondary,No,158,No,No,Unknown,1,1900-07-01,650,2,-1,0,Unknown,Yes
30,Admin.,Married,Secondary,No,122,Yes,No,Unknown,16,1900-05-01,107,1,-1,0,Unknown,No
30,Blue-Collar,Married,Secondary,No,673,Yes,No,Unknown,20,1900-05-01,610,2,-1,0,Unknown,No
35,Technician,Divorced,Secondary,No,0,No,No,Cellular,25,1900-08-01,124,4,-1,0,Unknown,No
33,Services,Divorced,Secondary,No,411,Yes,No,Unknown,8,1900-05-01,216,1,-1,0,Unknown,No
43,Blue-Collar,Divorced,Primary,No,-97,Yes,Yes,Cellular,31,1900-07-01,747,4,-1,0,Unknown,No
41,Blue-Collar,Married,Secondary,No,-217,Yes,No,Cellular,11,1900-05-01,313,1,349,3,Other,No
41,Management,Divorced,Tertiary,No,5037,No,No,Cellular,23,1900-04-01,252,9,185,5,Other,Yes
46,Admin.,Divorced,Secondary,No,2232,No,No,Cellular,13,1900-02-01,121,1,-1,0,Unknown,Yes
54,Blue-Collar,Married,Secondary,No,-932,Yes,No,Unknown,7,1900-05-01,799,1,-1,0,Unknown,No
32,Management,Married,Tertiary,No,913,Yes,No,Cellular,23,1900-06-01,883,1,674,4,Failure,No
30,Technician,Single,Tertiary,No,236,Yes,No,Unknown,16,1900-05-01,197,1,-1,0,Unknown,No
40,Entrepreneur,Married,Primary,No,0,Yes,No,Cellular,11,1900-07-01,271,2,-1,0,Unknown,No
30,Blue-Collar,Married,Primary,No,2581,No,No,Unknown,12,1900-05-01,221,2,-1,0,Unknown,No
27,Admin.,Married,Secondary,No,639,No,Yes,Cellular,14,1900-07-01,243,3,-1,0,Unknown,No
41,Blue-Collar,Married,Primary,No,849,Yes,No,Unknown,15,1900-05-01,72,1,-1,0,Unknown,No
54,Services,Married,Secondary,No,386,Yes,No,Cellular,2,1900-08-01,155,2,-1,0,Unknown,No
32,Management,Single,Tertiary,No,1218,Yes,No,Telephone,28,1900-01-01,70,2,-1,0,Unknown,No
31,Management,Married,Tertiary,No,2603,Yes,No,Cellular,11,1900-02-01,280,4,-1,0,Unknown,Yes
42,Blue-Collar,Married,Secondary,No,-921,Yes,No,Unknown,26,1900-05-01,115,2,-1,0,Unknown,No
48,Admin.,Married,Primary,No,607,No,No,Unknown,20,1900-06-01,29,2,-1,0,Unknown,No
34,Blue-Collar,Married,Primary,No,79,Yes,No,Cellular,14,1900-05-01,406,2,-1,0,Unknown,No
55,Technician,Divorced,Secondary,No,61,Yes,Yes,Cellular,25,1900-08-01,113,3,-1,0,Unknown,No
49,Technician,Married,Secondary,No,1091,No,No,Telephone,30,1900-07-01,47,2,-1,0,Unknown,No
46,Management,Divorced,Tertiary,No,743,No,No,Unknown,5,1900-06-01,36,2,-1,0,Unknown,No
47,Entrepreneur,Married,Unknown,No,209,Yes,No,Unknown,6,1900-05-01,135,2,-1,0,Unknown,No
24,Management,Single,Tertiary,No,172,No,No,Cellular,3,1900-07-01,67,2,-1,0,Unknown,No
58,Entrepreneur,Married,Secondary,No,2,No,No,Unknown,16,1900-06-01,684,1,-1,0,Unknown,No
32,Management,Single,Tertiary,No,41,No,No,Cellular,21,1900-08-01,686,5,-1,0,Unknown,Yes
25,Student,Single,Secondary,No,1116,Yes,No,Cellular,2,1900-03-01,170,3,-1,0,Unknown,No
49,Blue-Collar,Married,Secondary,No,-55,No,No,Unknown,17,1900-06-01,150,3,-1,0,Unknown,No
59,Retired,Divorced,Secondary,No,5845,No,No,Cellular,14,1900-05-01,1060,2,-1,0,Unknown,Yes
30,Management,Single,Tertiary,No,329,Yes,No,Unknown,6,1900-06-01,122,16,-1,0,Unknown,No
46,Blue-Collar,Married,Secondary,No,494,Yes,No,Unknown,26,1900-05-01,724,1,-1,0,Unknown,No
42,Management,Married,Unknown,No,1519,No,No,Cellular,19,1900-10-01,230,1,92,1,Success,Yes
37,Entrepreneur,Married,Tertiary,No,2685,No,No,Unknown,20,1900-06-01,187,2,-1,0,Unknown,No
44,Blue-Collar,Married,Primary,No,-14,Yes,Yes,Unknown,19,1900-05-01,179,4,-1,0,Unknown,No
49,Services,Married,Secondary,No,5673,No,Yes,Cellular,4,1900-08-01,357,3,-1,0,Unknown,No
41,Blue-Collar,Married,Secondary,No,1459,No,No,Unknown,5,1900-06-01,82,1,-1,0,Unknown,No
48,Technician,Married,Tertiary,No,0,No,No,Telephone,26,1900-08-01,176,15,-1,0,Unknown,No
31,Management,Married,Secondary,No,625,Yes,No,Cellular,7,1900-04-01,424,1,138,1,Failure,No
37,Student,Married,Unknown,No,0,No,No,Unknown,18,1900-06-01,115,1,-1,0,Unknown,No
51,Services,Married,Secondary,No,867,Yes,No,Cellular,3,1900-02-01,177,2,211,3,Failure,No
80,Retired,Married,Secondary,No,8304,No,No,Telephone,9,1900-06-01,712,1,64,12,Failure,Yes
32,Management,Single,Tertiary,No,151,Yes,No,Unknown,6,1900-05-01,118,1,-1,0,Unknown,No
48,Services,Married,Primary,Yes,-583,Yes,No,Unknown,2,1900-06-01,25,7,-1,0,Unknown,No
49,Blue-Collar,Married,Tertiary,No,1784,No,No,Unknown,12,1900-06-01,753,1,-1,0,Unknown,No
30,Management,Married,Tertiary,No,3134,Yes,No,Cellular,17,1900-07-01,124,1,-1,0,Unknown,No
27,Self-Employed,Single,Secondary,No,49,Yes,No,Cellular,30,1900-01-01,208,2,-1,0,Unknown,No
34,Technician,Married,Secondary,No,-346,No,No,Cellular,13,1900-08-01,136,4,-1,0,Unknown,No
49,Management,Married,Secondary,No,1623,Yes,No,Cellular,19,1900-11-01,1081,2,-1,0,Unknown,Yes
48,Management,Married,Tertiary,No,60,No,No,Telephone,7,1900-05-01,376,2,339,7,Failure,No
40,Services,Married,Secondary,No,17,No,No,Cellular,4,1900-06-01,78,1,-1,0,Unknown,No
38,Blue-Collar,Married,Secondary,No,2008,Yes,No,Cellular,18,1900-11-01,354,1,-1,0,Unknown,No
46,Blue-Collar,Married,Primary,No,91,Yes,No,Cellular,6,1900-05-01,29,1,356,2,Failure,No
41,Entrepreneur,Married,Tertiary,No,171,Yes,No,Cellular,19,1900-11-01,209,1,191,4,Failure,No
28,Management,Single,Tertiary,No,1027,Yes,No,Cellular,14,1900-05-01,433,1,-1,0,Unknown,No
51,Services,Married,Unknown,No,5801,Yes,No,Unknown,29,1900-05-01,147,2,-1,0,Unknown,No
33,Blue-Collar,Divorced,Primary,No,142,Yes,No,Telephone,11,1900-05-01,41,2,300,5,Failure,No
26,Management,Single,Tertiary,No,205,No,No,Unknown,26,1900-05-01,111,1,-1,0,Unknown,No
34,Admin.,Single,Secondary,No,852,No,No,Cellular,14,1900-04-01,108,2,-1,0,Unknown,No
27,Blue-Collar,Married,Secondary,Yes,-584,Yes,No,Cellular,7,1900-05-01,411,2,-1,0,Unknown,No
42,Self-Employed,Married,Secondary,No,97,No,No,Cellular,10,1900-07-01,108,2,-1,0,Unknown,No
45,Admin.,Married,Secondary,No,204,Yes,No,Cellular,3,1900-06-01,224,2,-1,0,Unknown,Yes
31,Technician,Single,Secondary,No,628,Yes,No,Unknown,12,1900-05-01,1083,2,-1,0,Unknown,No
32,Management,Single,Tertiary,No,311,No,No,Unknown,12,1900-05-01,757,2,-1,0,Unknown,Yes
39,Blue-Collar,Married,Primary,No,1564,No,No,Unknown,17,1900-06-01,57,1,-1,0,Unknown,No
26,Blue-Collar,Single,Secondary,No,856,Yes,Yes,Cellular,30,1900-07-01,95,5,-1,0,Unknown,No
40,Management,Single,Tertiary,No,1509,No,No,Cellular,15,1900-03-01,144,2,124,1,Failure,No
52,Services,Married,Secondary,No,-888,No,No,Cellular,16,1900-07-01,135,1,-1,0,Unknown,No
40,Technician,Single,Tertiary,No,226,No,No,Cellular,15,1900-01-01,176,2,-1,0,Unknown,No
48,Technician,Married,Secondary,No,127,No,Yes,Cellular,7,1900-08-01,524,5,-1,0,Unknown,No
31,Services,Married,Secondary,No,413,Yes,No,Unknown,13,1900-05-01,65,1,-1,0,Unknown,No
27,Admin.,Married,Secondary,No,710,Yes,Yes,Cellular,6,1900-05-01,653,1,334,2,Success,Yes
47,Technician,Married,Secondary,No,1233,Yes,No,Unknown,11,1900-09-01,91,1,100,2,Other,Yes
28,Management,Single,Secondary,No,171,No,No,Cellular,10,1900-03-01,93,1,-1,0,Unknown,Yes
40,Management,Divorced,Tertiary,No,69,Yes,No,Cellular,6,1900-05-01,503,2,280,2,Failure,No
34,Admin.,Married,Secondary,No,1499,Yes,No,Cellular,13,1900-04-01,186,1,327,2,Failure,No
29,Self-Employed,Married,Tertiary,No,751,Yes,No,Unknown,23,1900-05-01,121,2,-1,0,Unknown,No
36,Management,Married,Tertiary,No,61,No,Yes,Cellular,19,1900-08-01,452,2,-1,0,Unknown,No
83,Retired,Married,Primary,No,425,No,No,Telephone,22,1900-06-01,883,1,140,1,Failure,Yes
55,Services,Divorced,Primary,No,2923,Yes,No,Unknown,15,1900-05-01,104,2,-1,0,Unknown,No
43,Management,Divorced,Tertiary,No,99,No,No,Cellular,29,1900-01-01,24,3,-1,0,Unknown,No
23,Student,Single,Secondary,No,1021,No,No,Telephone,19,1900-06-01,79,9,-1,0,Unknown,No
44,Technician,Married,Tertiary,No,1146,No,No,Cellular,4,1900-07-01,178,2,-1,0,Unknown,No
58,Blue-Collar,Married,Primary,No,781,Yes,No,Cellular,15,1900-05-01,74,2,-1,0,Unknown,No
29,Admin.,Single,Secondary,No,1448,No,No,Cellular,10,1900-03-01,217,1,184,7,Other,No
30,Management,Single,Tertiary,No,604,No,Yes,Cellular,2,1900-02-01,475,1,-1,0,Unknown,No
29,Admin.,Single,Secondary,No,-194,Yes,No,Cellular,7,1900-05-01,127,1,-1,0,Unknown,No
41,Technician,Married,Secondary,No,0,No,No,Cellular,11,1900-03-01,101,1,-1,0,Unknown,No
35,Housemaid,Married,Primary,No,0,Yes,No,Cellular,14,1900-07-01,340,3,-1,0,Unknown,No
31,Technician,Single,Secondary,No,1014,Yes,No,Cellular,23,1900-07-01,158,4,-1,0,Unknown,No
27,Admin.,Single,Tertiary,No,73,No,No,Cellular,29,1900-01-01,242,1,-1,0,Unknown,No
47,Services,Married,Secondary,No,2597,Yes,No,Unknown,16,1900-05-01,323,1,-1,0,Unknown,No
53,Self-Employed,Married,Tertiary,No,2627,Yes,Yes,Unknown,16,1900-06-01,18,30,-1,0,Unknown,No
34,Management,Married,Tertiary,No,1906,Yes,No,Cellular,14,1900-07-01,68,3,-1,0,Unknown,No
34,Blue-Collar,Married,Primary,No,-319,Yes,Yes,Cellular,9,1900-07-01,134,4,-1,0,Unknown,No
36,Management,Married,Tertiary,No,-296,Yes,No,Cellular,14,1900-05-01,113,3,-1,0,Unknown,No
40,Technician,Married,Secondary,No,169,Yes,No,Cellular,18,1900-08-01,43,4,-1,0,Unknown,No
37,Self-Employed,Single,Tertiary,No,556,No,No,Unknown,17,1900-06-01,200,2,-1,0,Unknown,No
65,Retired,Divorced,Unknown,No,300,No,No,Cellular,2,1900-08-01,245,2,-1,0,Unknown,No
53,Technician,Divorced,Secondary,No,751,Yes,No,Unknown,16,1900-05-01,343,4,-1,0,Unknown,No
28,Technician,Single,Secondary,No,126,No,No,Cellular,3,1900-03-01,229,1,-1,0,Unknown,No
33,Technician,Divorced,Tertiary,No,-386,Yes,No,Unknown,23,1900-05-01,530,1,-1,0,Unknown,No
56,Blue-Collar,Married,Primary,No,379,No,No,Cellular,13,1900-08-01,58,5,-1,0,Unknown,No
45,Self-Employed,Married,Secondary,No,706,No,No,Cellular,30,1900-04-01,78,2,176,1,Success,No
39,Technician,Married,Secondary,No,9121,No,No,Unknown,5,1900-06-01,147,1,-1,0,Unknown,No
28,Management,Single,Tertiary,No,1466,Yes,No,Cellular,25,1900-07-01,40,1,-1,0,Unknown,No
36,Blue-Collar,Married,Primary,No,0,Yes,No,Cellular,18,1900-11-01,618,2,-1,0,Unknown,No
41,Blue-Collar,Married,Primary,No,951,Yes,No,Cellular,20,1900-04-01,23,4,-1,0,Unknown,No
46,Admin.,Married,Secondary,No,368,No,No,Cellular,20,1900-08-01,293,1,90,4,Other,Yes
41,Blue-Collar,Married,Secondary,No,121,Yes,No,Cellular,13,1900-05-01,16,6,176,5,Other,No
59,Services,Married,Secondary,No,204,No,No,Cellular,23,1900-07-01,286,2,-1,0,Unknown,No
24,Admin.,Married,Secondary,No,299,Yes,No,Cellular,6,1900-05-01,209,1,321,1,Failure,No
34,Management,Married,Tertiary,No,4170,Yes,No,Unknown,21,1900-05-01,935,1,-1,0,Unknown,No
40,Blue-Collar,Married,Primary,No,-335,Yes,No,Unknown,27,1900-05-01,260,1,-1,0,Unknown,No
42,Admin.,Married,Secondary,No,3165,Yes,No,Unknown,16,1900-06-01,298,4,-1,0,Unknown,No
50,Services,Married,Secondary,No,254,Yes,No,Cellular,15,1900-04-01,397,2,337,1,Failure,No
25,Management,Single,Tertiary,No,553,Yes,No,Cellular,17,1900-09-01,113,4,479,1,Failure,No
51,Services,Divorced,Secondary,No,518,Yes,No,Telephone,17,1900-11-01,76,1,-1,0,Unknown,No
50,Management,Married,Tertiary,No,85,No,Yes,Cellular,1,1900-06-01,141,1,-1,0,Unknown,No
37,Blue-Collar,Married,Unknown,No,603,Yes,No,Unknown,23,1900-05-01,773,2,-1,0,Unknown,No
21,Services,Single,Secondary,No,361,No,No,Telephone,5,1900-06-01,329,1,95,1,Other,No
52,Blue-Collar,Married,Secondary,No,-98,Yes,No,Unknown,7,1900-05-01,423,1,-1,0,Unknown,No
55,Retired,Married,Primary,No,4424,No,No,Cellular,5,1900-08-01,67,4,-1,0,Unknown,No
26,Technician,Single,Secondary,No,2610,Yes,Yes,Unknown,2,1900-06-01,626,1,-1,0,Unknown,No
38,Technician,Married,Tertiary,No,3234,No,No,Cellular,18,1900-11-01,578,2,-1,0,Unknown,Yes
32,Blue-Collar,Married,Secondary,No,687,Yes,No,Unknown,9,1900-05-01,61,1,-1,0,Unknown,No
31,Blue-Collar,Married,Secondary,No,631,Yes,No,Unknown,23,1900-05-01,248,4,-1,0,Unknown,No
34,Technician,Single,Secondary,No,341,No,Yes,Cellular,29,1900-01-01,136,1,262,3,Failure,No
33,Technician,Single,Tertiary,No,316,No,No,Cellular,21,1900-08-01,126,3,-1,0,Unknown,No
35,Technician,Married,Secondary,No,2,No,No,Telephone,28,1900-01-01,653,3,-1,0,Unknown,No
44,Management,Married,Unknown,No,415,Yes,No,Telephone,14,1900-05-01,7,7,-1,0,Unknown,No
48,Management,Divorced,Tertiary,No,507,Yes,No,Cellular,9,1900-04-01,528,1,-1,0,Unknown,No
29,Blue-Collar,Married,Secondary,No,912,Yes,No,Cellular,13,1900-05-01,785,1,-1,0,Unknown,No
50,Management,Married,Tertiary,No,0,No,No,Cellular,9,1900-07-01,243,5,-1,0,Unknown,No
37,Blue-Collar,Married,Primary,No,37,Yes,No,Cellular,13,1900-05-01,24,2,362,1,Other,No
44,Admin.,Single,Secondary,No,2524,No,No,Unknown,19,1900-06-01,82,1,-1,0,Unknown,No
36,Unemployed,Single,Tertiary,No,9019,Yes,No,Unknown,11,1900-06-01,952,3,-1,0,Unknown,No
49,Blue-Collar,Divorced,Unknown,No,39,Yes,No,Cellular,13,1900-05-01,27,5,-1,0,Unknown,No
31,Blue-Collar,Married,Secondary,No,0,Yes,No,Unknown,5,1900-05-01,143,1,-1,0,Unknown,No
49,Technician,Divorced,Secondary,No,265,Yes,No,Unknown,12,1900-05-01,274,6,-1,0,Unknown,No
35,Blue-Collar,Single,Secondary,No,0,Yes,No,Cellular,16,1900-04-01,1174,1,345,4,Other,Yes
57,Admin.,Divorced,Unknown,No,4012,No,No,Cellular,20,1900-11-01,915,1,-1,0,Unknown,No
42,Blue-Collar,Married,Primary,No,1520,Yes,No,Cellular,5,1900-02-01,115,1,-1,0,Unknown,No
36,Blue-Collar,Divorced,Secondary,No,-140,Yes,No,Unknown,26,1900-05-01,222,2,-1,0,Unknown,No
75,Retired,Divorced,Primary,No,852,No,No,Cellular,15,1900-03-01,341,1,-1,0,Unknown,No
38,Blue-Collar,Single,Secondary,No,578,Yes,No,Unknown,21,1900-05-01,112,2,-1,0,Unknown,No
40,Blue-Collar,Married,Primary,Yes,0,Yes,No,Unknown,6,1900-05-01,64,2,-1,0,Unknown,No
38,Services,Single,Secondary,No,2253,Yes,No,Cellular,13,1900-05-01,937,3,-1,0,Unknown,Yes
34,Management,Single,Tertiary,No,1171,Yes,No,Cellular,10,1900-07-01,129,1,-1,0,Unknown,No
29,Technician,Single,Tertiary,No,452,Yes,No,Cellular,11,1900-05-01,59,1,-1,0,Unknown,No
28,Admin.,Married,Secondary,No,-97,Yes,No,Cellular,29,1900-01-01,79,1,225,2,Success,No
79,Retired,Married,Secondary,No,4738,No,No,Telephone,9,1900-07-01,151,5,-1,0,Unknown,No
51,Admin.,Divorced,Secondary,No,467,Yes,No,Unknown,19,1900-05-01,83,1,-1,0,Unknown,No
32,Student,Single,Tertiary,No,0,No,No,Cellular,6,1900-08-01,101,5,3,6,Other,No
36,Management,Married,Tertiary,No,495,No,No,Cellular,5,1900-08-01,157,3,97,2,Success,Yes
38,Entrepreneur,Married,Secondary,No,157,No,Yes,Cellular,15,1900-05-01,57,11,366,1,Other,No
49,Self-Employed,Married,Secondary,No,358,Yes,Yes,Unknown,13,1900-05-01,176,3,-1,0,Unknown,No
42,Services,Married,Secondary,No,292,Yes,No,Cellular,11,1900-05-01,222,3,-1,0,Unknown,No
43,Blue-Collar,Married,Primary,No,7343,Yes,No,Unknown,2,1900-06-01,217,4,-1,0,Unknown,No
34,Blue-Collar,Married,Secondary,No,-563,Yes,No,Unknown,26,1900-05-01,252,1,-1,0,Unknown,No
59,Retired,Single,Secondary,No,351,Yes,No,Unknown,27,1900-05-01,1063,5,-1,0,Unknown,Yes
35,Unknown,Married,Primary,No,365,No,No,Cellular,29,1900-08-01,41,2,-1,0,Unknown,No
33,Blue-Collar,Single,Secondary,No,13494,Yes,No,Unknown,20,1900-06-01,27,25,-1,0,Unknown,No
34,Admin.,Single,Secondary,No,846,Yes,No,Cellular,17,1900-04-01,758,2,-1,0,Unknown,No
64,Retired,Married,Secondary,No,1574,No,No,Telephone,29,1900-07-01,301,3,-1,0,Unknown,Yes
34,Entrepreneur,Married,Tertiary,No,-28,Yes,No,Cellular,16,1900-07-01,574,1,-1,0,Unknown,No
77,Retired,Married,Tertiary,No,0,No,No,Cellular,16,1900-10-01,847,1,60,1,Success,Yes
57,Retired,Married,Primary,No,2927,No,Yes,Telephone,30,1900-07-01,78,5,-1,0,Unknown,No
30,Blue-Collar,Married,Secondary,No,501,Yes,Yes,Unknown,27,1900-05-01,514,1,-1,0,Unknown,No
56,Housemaid,Divorced,Primary,Yes,1238,No,No,Unknown,5,1900-06-01,1558,1,-1,0,Unknown,Yes
49,Unknown,Married,Unknown,No,301,No,No,Cellular,14,1900-08-01,789,2,-1,0,Unknown,No
73,Retired,Married,Primary,No,1388,No,No,Cellular,20,1900-07-01,146,3,190,3,Success,No
39,Technician,Single,Secondary,No,102,Yes,No,Cellular,14,1900-08-01,272,2,-1,0,Unknown,No
57,Technician,Divorced,Primary,No,13,Yes,No,Cellular,8,1900-05-01,323,2,368,2,Failure,No
32,Self-Employed,Married,Secondary,No,413,Yes,No,Cellular,11,1900-07-01,712,2,-1,0,Unknown,No
32,Technician,Single,Tertiary,No,4665,Yes,No,Unknown,21,1900-05-01,860,2,-1,0,Unknown,Yes
45,Admin.,Married,Secondary,No,638,Yes,No,Cellular,20,1900-08-01,75,9,-1,0,Unknown,No
32,Blue-Collar,Married,Secondary,No,101,Yes,No,Unknown,19,1900-05-01,191,4,-1,0,Unknown,No
31,Management,Married,Tertiary,No,1224,Yes,Yes,Cellular,24,1900-07-01,1441,2,-1,0,Unknown,Yes
49,Self-Employed,Married,Secondary,No,1103,No,No,Cellular,12,1900-08-01,428,2,-1,0,Unknown,No
29,Services,Married,Secondary,No,3748,No,No,Cellular,28,1900-05-01,322,3,-1,0,Unknown,No
55,Technician,Married,Secondary,No,955,Yes,No,Cellular,29,1900-01-01,104,1,-1,0,Unknown,No
30,Admin.,Married,Secondary,No,518,Yes,No,Cellular,8,1900-05-01,127,1,-1,0,Unknown,No
45,Services,Single,Primary,No,1893,Yes,No,Unknown,3,1900-06-01,1259,6,-1,0,Unknown,Yes
39,Technician,Married,Tertiary,No,14,No,No,Cellular,28,1900-01-01,114,2,-1,0,Unknown,No
36,Admin.,Married,Secondary,No,-423,Yes,Yes,Unknown,13,1900-05-01,106,1,-1,0,Unknown,No
33,Management,Married,Tertiary,No,3696,No,No,Cellular,19,1900-11-01,305,1,182,3,Failure,No
36,Management,Married,Tertiary,No,2987,Yes,No,Cellular,12,1900-08-01,307,1,-1,0,Unknown,Yes
31,Technician,Single,Secondary,No,433,No,No,Cellular,11,1900-08-01,1504,2,-1,0,Unknown,No
36,Technician,Married,Unknown,No,756,No,No,Cellular,11,1900-07-01,396,3,-1,0,Unknown,No
38,Technician,Single,Tertiary,No,0,Yes,No,Cellular,1,1900-06-01,71,1,-1,0,Unknown,No
33,Unknown,Married,Secondary,No,2727,No,No,Cellular,6,1900-08-01,205,3,-1,0,Unknown,No
40,Technician,Married,Secondary,No,93,Yes,No,Unknown,13,1900-05-01,134,2,-1,0,Unknown,No
31,Blue-Collar,Married,Secondary,No,1766,No,Yes,Cellular,5,1900-06-01,166,2,-1,0,Unknown,Yes
39,Services,Married,Secondary,No,124,Yes,No,Cellular,31,1900-07-01,81,5,-1,0,Unknown,No
33,Admin.,Married,Tertiary,No,69,No,Yes,Cellular,4,1900-05-01,77,2,-1,0,Unknown,No
53,Services,Divorced,Secondary,No,0,No,No,Cellular,12,1900-03-01,80,2,-1,0,Unknown,Yes
38,Management,Married,Tertiary,No,0,Yes,No,Cellular,13,1900-05-01,537,5,303,2,Failure,No
59,Technician,Married,Secondary,No,259,No,No,Cellular,15,1900-06-01,415,1,89,1,Success,Yes
55,Blue-Collar,Married,Primary,No,4103,No,No,Cellular,19,1900-11-01,291,1,-1,0,Unknown,No
38,Technician,Single,Tertiary,No,744,Yes,No,Cellular,14,1900-05-01,283,1,288,12,Other,No
48,Services,Married,Secondary,No,116,Yes,No,Telephone,20,1900-04-01,70,4,-1,0,Unknown,No
53,Blue-Collar,Married,Secondary,No,70,Yes,No,Unknown,5,1900-05-01,611,2,-1,0,Unknown,No
44,Admin.,Divorced,Secondary,No,432,No,No,Cellular,9,1900-02-01,132,3,-1,0,Unknown,No
57,Management,Married,Tertiary,No,1172,No,No,Unknown,18,1900-06-01,26,1,-1,0,Unknown,No
29,Blue-Collar,Single,Secondary,No,9,Yes,No,Cellular,11,1900-05-01,262,3,-1,0,Unknown,No
31,Services,Married,Secondary,No,428,Yes,No,Unknown,21,1900-05-01,272,1,-1,0,Unknown,No
35,Technician,Single,Tertiary,No,7546,Yes,No,Cellular,28,1900-12-01,137,1,122,3,Failure,No
31,Blue-Collar,Married,Primary,No,620,No,No,Cellular,30,1900-03-01,95,1,-1,0,Unknown,No
35,Self-Employed,Married,Tertiary,No,8647,No,No,Cellular,19,1900-11-01,140,2,-1,0,Unknown,No
40,Management,Single,Secondary,No,192,Yes,No,Unknown,16,1900-05-01,71,11,-1,0,Unknown,No
39,Blue-Collar,Married,Secondary,No,0,Yes,No,Cellular,7,1900-05-01,502,1,7,2,Failure,No
43,Technician,Single,Tertiary,No,27733,Yes,No,Unknown,3,1900-06-01,164,7,-1,0,Unknown,No
44,Entrepreneur,Married,Primary,No,276,Yes,Yes,Unknown,15,1900-05-01,219,1,-1,0,Unknown,No
29,Technician,Single,Secondary,No,113,No,No,Cellular,12,1900-02-01,328,2,183,4,Success,Yes
40,Technician,Married,Secondary,No,782,Yes,No,Unknown,14,1900-05-01,224,2,-1,0,Unknown,No
33,Entrepreneur,Married,Primary,No,82,Yes,No,Cellular,18,1900-11-01,63,2,-1,0,Unknown,No
46,Management,Married,Tertiary,No,1008,No,No,Cellular,29,1900-08-01,24,13,-1,0,Unknown,No
27,Unknown,Single,Tertiary,No,6421,No,No,Telephone,28,1900-01-01,147,4,-1,0,Unknown,No
26,Admin.,Single,Secondary,No,443,No,No,Cellular,30,1900-07-01,84,3,-1,0,Unknown,No
41,Technician,Married,Secondary,No,351,Yes,No,Cellular,9,1900-07-01,175,1,-1,0,Unknown,No
34,Technician,Married,Tertiary,No,5060,Yes,No,Cellular,21,1900-08-01,12,21,-1,0,Unknown,No
39,Technician,Single,Tertiary,No,-41,No,Yes,Cellular,25,1900-08-01,40,15,-1,0,Unknown,No
27,Services,Single,Secondary,No,-124,No,No,Cellular,18,1900-07-01,217,1,-1,0,Unknown,No
31,Blue-Collar,Married,Secondary,No,79,Yes,Yes,Cellular,23,1900-07-01,235,11,-1,0,Unknown,No
44,Unemployed,Single,Secondary,No,3945,No,No,Cellular,28,1900-01-01,255,1,-1,0,Unknown,No
55,Retired,Married,Tertiary,No,197,No,Yes,Cellular,8,1900-07-01,256,1,-1,0,Unknown,No
51,Blue-Collar,Divorced,Primary,No,837,No,No,Telephone,30,1900-07-01,41,2,-1,0,Unknown,No
50,Management,Married,Tertiary,No,-94,No,Yes,Unknown,25,1900-06-01,75,1,-1,0,Unknown,No
30,Services,Married,Secondary,No,1743,Yes,No,Cellular,5,1900-02-01,192,4,-1,0,Unknown,No
46,Technician,Married,Secondary,No,57,No,No,Unknown,28,1900-05-01,796,1,-1,0,Unknown,Yes
49,Admin.,Married,Secondary,No,635,No,No,Cellular,25,1900-08-01,220,3,-1,0,Unknown,No
56,Retired,Married,Secondary,No,-113,Yes,Yes,Cellular,12,1900-08-01,614,2,-1,0,Unknown,No
47,Admin.,Divorced,Secondary,No,225,No,No,Cellular,28,1900-08-01,1126,4,-1,0,Unknown,Yes
30,Admin.,Married,Secondary,No,124,No,No,Telephone,16,1900-06-01,161,2,-1,0,Unknown,No
36,Entrepreneur,Single,Secondary,No,475,No,No,Cellular,25,1900-07-01,141,3,-1,0,Unknown,No
40,Management,Married,Tertiary,No,-7,No,Yes,Telephone,25,1900-07-01,697,1,-1,0,Unknown,No
37,Technician,Single,Secondary,Yes,375,No,No,Unknown,9,1900-06-01,223,2,-1,0,Unknown,No
42,Admin.,Divorced,Secondary,No,936,No,No,Cellular,30,1900-01-01,931,1,-1,0,Unknown,Yes
45,Technician,Married,Secondary,No,1415,Yes,No,Cellular,17,1900-11-01,483,1,116,1,Failure,No
34,Unemployed,Single,Secondary,No,0,No,No,Cellular,17,1900-11-01,63,2,-1,0,Unknown,No
27,Admin.,Single,Secondary,No,3638,No,No,Cellular,11,1900-07-01,271,5,-1,0,Unknown,No
30,Blue-Collar,Married,Secondary,No,-99,Yes,No,Cellular,15,1900-05-01,144,5,-1,0,Unknown,No
32,Technician,Married,Secondary,No,167,Yes,Yes,Cellular,8,1900-08-01,79,3,-1,0,Unknown,No
46,Housemaid,Married,Primary,No,19,Yes,No,Telephone,21,1900-07-01,171,1,-1,0,Unknown,No
29,Self-Employed,Married,Tertiary,No,242,Yes,No,Cellular,18,1900-07-01,73,4,-1,0,Unknown,No
53,Unknown,Married,Unknown,No,13,No,No,Telephone,28,1900-01-01,69,1,-1,0,Unknown,No
32,Technician,Married,Secondary,No,286,No,No,Cellular,20,1900-04-01,60,1,343,4,Failure,No
49,Unemployed,Married,Secondary,No,769,Yes,No,Unknown,14,1900-05-01,257,1,-1,0,Unknown,No
35,Management,Married,Tertiary,No,93,No,No,Cellular,4,1900-05-01,198,2,88,1,Other,No
38,Blue-Collar,Married,Secondary,No,1663,Yes,No,Cellular,13,1900-04-01,217,3,327,1,Failure,No
39,Entrepreneur,Married,Primary,No,238,Yes,Yes,Cellular,19,1900-11-01,134,1,-1,0,Unknown,No
34,Technician,Single,Secondary,No,2178,Yes,No,Cellular,26,1900-05-01,41,1,-1,0,Unknown,No
42,Blue-Collar,Married,Primary,No,792,Yes,Yes,Cellular,19,1900-11-01,611,2,175,12,Other,No
35,Blue-Collar,Single,Unknown,No,871,Yes,No,Unknown,6,1900-06-01,216,3,-1,0,Unknown,No
60,Admin.,Married,Secondary,No,1025,No,No,Cellular,6,1900-08-01,388,8,-1,0,Unknown,No
57,Technician,Divorced,Secondary,No,63,Yes,No,Unknown,5,1900-05-01,242,1,-1,0,Unknown,No
31,Blue-Collar,Single,Secondary,No,16,No,No,Cellular,7,1900-07-01,387,1,-1,0,Unknown,No
29,Management,Single,Secondary,No,417,No,No,Cellular,7,1900-10-01,90,1,-1,0,Unknown,No
41,Services,Married,Secondary,No,3992,Yes,No,Telephone,20,1900-11-01,281,2,-1,0,Unknown,No
46,Blue-Collar,Married,Primary,No,2749,Yes,No,Cellular,17,1900-11-01,332,1,-1,0,Unknown,No
33,Technician,Married,Secondary,No,133,No,No,Cellular,4,1900-05-01,218,1,-1,0,Unknown,Yes
32,Blue-Collar,Single,Secondary,No,1721,Yes,No,Unknown,21,1900-05-01,650,2,-1,0,Unknown,No
54,Management,Divorced,Tertiary,No,2171,Yes,Yes,Telephone,18,1900-11-01,1034,1,-1,0,Unknown,Yes
37,Services,Married,Secondary,No,4760,Yes,No,Cellular,8,1900-05-01,182,2,169,2,Failure,No
32,Technician,Single,Secondary,No,2979,No,No,Cellular,25,1900-05-01,156,1,-1,0,Unknown,No
43,Management,Married,Tertiary,No,690,Yes,No,Cellular,6,1900-08-01,171,3,-1,0,Unknown,No
50,Blue-Collar,Divorced,Secondary,No,203,Yes,No,Telephone,19,1900-11-01,265,1,127,4,Other,No
34,Blue-Collar,Married,Secondary,No,322,Yes,No,Cellular,20,1900-04-01,10,3,-1,0,Unknown,No
31,Admin.,Divorced,Secondary,No,1210,No,No,Cellular,16,1900-07-01,350,1,-1,0,Unknown,No
43,Self-Employed,Married,Secondary,No,634,Yes,No,Cellular,17,1900-11-01,65,1,131,1,Failure,No
49,Entrepreneur,Married,Secondary,No,273,No,No,Cellular,23,1900-07-01,58,1,-1,0,Unknown,No
22,Student,Single,Unknown,No,47,No,No,Cellular,3,1900-07-01,69,3,-1,0,Unknown,No
35,Management,Married,Tertiary,No,1100,No,Yes,Cellular,29,1900-01-01,127,2,-1,0,Unknown,No
56,Admin.,Married,Secondary,No,0,Yes,No,Telephone,19,1900-11-01,154,2,-1,0,Unknown,No
53,Blue-Collar,Married,Secondary,No,0,No,No,Telephone,31,1900-07-01,36,4,-1,0,Unknown,No
54,Entrepreneur,Married,Tertiary,No,1544,No,Yes,Cellular,5,1900-02-01,85,7,196,3,Failure,No
32,Services,Single,Unknown,No,6145,Yes,No,Cellular,14,1900-05-01,362,1,287,13,Failure,No
41,Self-Employed,Married,Secondary,No,28,Yes,No,Cellular,11,1900-05-01,49,1,-1,0,Unknown,No
40,Blue-Collar,Married,Secondary,No,1012,Yes,No,Cellular,6,1900-05-01,410,1,-1,0,Unknown,No
33,Blue-Collar,Married,Primary,No,245,Yes,Yes,Cellular,8,1900-05-01,253,3,-1,0,Unknown,No
33,Management,Single,Tertiary,No,1998,No,No,Cellular,19,1900-11-01,570,1,-1,0,Unknown,No
34,Blue-Collar,Married,Secondary,No,3990,Yes,No,Cellular,24,1900-07-01,633,7,-1,0,Unknown,No
36,Services,Married,Secondary,No,1328,Yes,No,Unknown,6,1900-06-01,82,4,-1,0,Unknown,No
34,Entrepreneur,Married,Tertiary,No,412,Yes,Yes,Cellular,8,1900-07-01,164,1,-1,0,Unknown,No
55,Management,Married,Primary,No,229,No,Yes,Unknown,9,1900-06-01,175,3,-1,0,Unknown,No
28,Student,Single,Tertiary,No,1562,No,No,Cellular,15,1900-02-01,659,4,-1,0,Unknown,Yes
29,Admin.,Single,Secondary,No,3432,Yes,No,Cellular,17,1900-04-01,139,2,-1,0,Unknown,No
31,Admin.,Single,Secondary,No,144,Yes,No,Unknown,4,1900-07-01,43,11,-1,0,Unknown,No
52,Management,Married,Tertiary,No,1339,Yes,No,Cellular,22,1900-08-01,343,5,-1,0,Unknown,No
54,Services,Married,Unknown,No,386,No,Yes,Cellular,19,1900-11-01,74,1,152,1,Success,No
43,Blue-Collar,Married,Primary,No,7727,Yes,No,Unknown,15,1900-05-01,302,8,-1,0,Unknown,No
55,Entrepreneur,Married,Secondary,No,204,No,No,Cellular,14,1900-07-01,455,13,-1,0,Unknown,No
28,Blue-Collar,Divorced,Unknown,No,101,Yes,No,Unknown,28,1900-05-01,126,4,-1,0,Unknown,No
45,Unemployed,Divorced,Secondary,No,728,Yes,Yes,Cellular,18,1900-11-01,107,1,-1,0,Unknown,No
45,Entrepreneur,Married,Primary,No,2418,Yes,No,Unknown,14,1900-05-01,120,1,-1,0,Unknown,No
51,Management,Married,Tertiary,No,2934,Yes,No,Cellular,18,1900-11-01,727,4,-1,0,Unknown,No
42,Technician,Single,Secondary,No,0,Yes,No,Unknown,7,1900-05-01,275,4,-1,0,Unknown,No
43,Unknown,Single,Unknown,No,181,No,No,Telephone,28,1900-01-01,41,1,-1,0,Unknown,No
34,Management,Married,Tertiary,No,176,No,No,Cellular,18,1900-08-01,61,4,-1,0,Unknown,No
36,Blue-Collar,Married,Primary,No,49,Yes,No,Cellular,15,1900-05-01,232,2,365,5,Other,No
37,Blue-Collar,Married,Secondary,No,2023,Yes,No,Cellular,10,1900-07-01,214,1,-1,0,Unknown,No
50,Blue-Collar,Married,Secondary,No,372,Yes,No,Telephone,11,1900-05-01,21,1,-1,0,Unknown,No
42,Management,Divorced,Unknown,No,7702,No,No,Cellular,16,1900-02-01,138,2,-1,0,Unknown,Yes
34,Blue-Collar,Single,Primary,No,464,Yes,No,Cellular,18,1900-05-01,173,1,299,2,Other,No
48,Management,Married,Secondary,No,117,Yes,No,Cellular,16,1900-04-01,635,1,-1,0,Unknown,No
47,Admin.,Married,Secondary,No,104,Yes,Yes,Cellular,14,1900-07-01,77,2,-1,0,Unknown,No
40,Management,Married,Tertiary,No,1041,Yes,No,Unknown,12,1900-06-01,73,1,-1,0,Unknown,No
37,Management,Married,Tertiary,No,539,No,No,Cellular,18,1900-01-01,540,2,115,3,Failure,No
38,Blue-Collar,Married,Primary,No,0,Yes,No,Unknown,3,1900-06-01,179,2,-1,0,Unknown,No
29,Technician,Single,Tertiary,No,406,Yes,No,Cellular,17,1900-07-01,119,1,-1,0,Unknown,No
46,Blue-Collar,Married,Primary,No,2558,Yes,No,Telephone,20,1900-11-01,107,1,167,1,Other,No
26,Blue-Collar,Married,Secondary,No,484,Yes,No,Unknown,19,1900-05-01,48,2,-1,0,Unknown,No
30,Services,Single,Tertiary,No,3516,Yes,No,Unknown,29,1900-05-01,447,4,-1,0,Unknown,No
42,Blue-Collar,Married,Secondary,No,5639,Yes,No,Cellular,17,1900-07-01,430,2,-1,0,Unknown,No
42,Management,Single,Tertiary,No,100,No,No,Cellular,7,1900-08-01,64,2,-1,0,Unknown,No
31,Admin.,Single,Secondary,No,1306,Yes,No,Unknown,28,1900-05-01,217,5,-1,0,Unknown,No
37,Management,Single,Tertiary,No,815,Yes,No,Cellular,7,1900-05-01,77,1,-1,0,Unknown,No
26,Blue-Collar,Married,Secondary,No,245,Yes,No,Unknown,26,1900-05-01,16,11,-1,0,Unknown,No
54,Blue-Collar,Married,Unknown,No,191,No,No,Cellular,4,1900-08-01,753,2,-1,0,Unknown,No
70,Retired,Married,Secondary,No,2815,No,No,Cellular,26,1900-04-01,125,2,182,1,Failure,No
29,Self-Employed,Single,Secondary,No,3672,Yes,Yes,Unknown,28,1900-05-01,1210,1,-1,0,Unknown,No
50,Services,Married,Secondary,No,1572,Yes,No,Cellular,9,1900-07-01,185,1,-1,0,Unknown,No
60,Unemployed,Divorced,Secondary,No,385,Yes,No,Cellular,4,1900-02-01,80,1,-1,0,Unknown,No
32,Technician,Single,Secondary,No,29,No,No,Cellular,19,1900-08-01,156,2,-1,0,Unknown,No
32,Technician,Married,Secondary,No,84,No,Yes,Cellular,29,1900-07-01,403,3,-1,0,Unknown,No
34,Self-Employed,Single,Tertiary,No,876,Yes,No,Cellular,17,1900-11-01,145,2,-1,0,Unknown,No
48,Services,Single,Primary,No,1499,Yes,No,Cellular,12,1900-05-01,17,7,-1,0,Unknown,No
25,Student,Married,Tertiary,No,0,Yes,No,Cellular,9,1900-07-01,160,1,-1,0,Unknown,No
32,Management,Married,Secondary,No,6217,Yes,Yes,Cellular,18,1900-11-01,486,2,181,2,Failure,No
32,Blue-Collar,Married,Primary,No,329,Yes,No,Cellular,3,1900-02-01,321,1,-1,0,Unknown,No
47,Admin.,Divorced,Secondary,No,162,Yes,No,Unknown,9,1900-05-01,203,4,-1,0,Unknown,No
32,Technician,Married,Unknown,No,14533,No,No,Cellular,31,1900-12-01,646,3,198,2,Success,No
49,Management,Single,Tertiary,No,151,Yes,No,Cellular,8,1900-07-01,97,3,-1,0,Unknown,Yes
53,Services,Married,Secondary,No,-2,Yes,Yes,Cellular,16,1900-04-01,144,2,-1,0,Unknown,No
41,Blue-Collar,Single,Unknown,No,4684,No,No,Unknown,20,1900-06-01,30,6,-1,0,Unknown,No
47,Management,Divorced,Tertiary,No,1149,No,Yes,Cellular,15,1900-07-01,82,2,-1,0,Unknown,No
35,Blue-Collar,Married,Primary,No,11,Yes,No,Unknown,13,1900-05-01,326,4,-1,0,Unknown,No
33,Management,Single,Secondary,No,8004,No,No,Cellular,19,1900-11-01,414,3,-1,0,Unknown,No
49,Blue-Collar,Married,Primary,No,1019,Yes,No,Cellular,16,1900-04-01,285,5,-1,0,Unknown,No
46,Management,Divorced,Tertiary,No,1297,No,No,Cellular,11,1900-08-01,716,3,-1,0,Unknown,Yes
29,Management,Divorced,Tertiary,No,415,Yes,Yes,Unknown,28,1900-05-01,449,4,-1,0,Unknown,No
58,Self-Employed,Married,Primary,No,671,Yes,No,Unknown,17,1900-06-01,16,3,-1,0,Unknown,No
40,Admin.,Single,Secondary,No,2378,Yes,No,Unknown,2,1900-06-01,65,1,-1,0,Unknown,No
34,Management,Married,Tertiary,No,417,Yes,No,Cellular,18,1900-11-01,138,1,-1,0,Unknown,No
60,Retired,Married,Primary,No,71,No,No,Cellular,10,1900-07-01,121,3,-1,0,Unknown,No
43,Management,Married,Tertiary,No,1188,No,No,Cellular,27,1900-05-01,140,2,-1,0,Unknown,No
50,Blue-Collar,Married,Primary,No,8139,Yes,No,Cellular,18,1900-08-01,256,6,-1,0,Unknown,No
33,Blue-Collar,Married,Secondary,No,249,Yes,No,Cellular,31,1900-07-01,61,4,-1,0,Unknown,No
37,Blue-Collar,Married,Primary,No,689,Yes,No,Cellular,14,1900-07-01,367,2,-1,0,Unknown,No
55,Self-Employed,Married,Secondary,No,203,Yes,No,Telephone,14,1900-05-01,9,5,174,12,Other,No
45,Blue-Collar,Single,Primary,Yes,-183,No,Yes,Cellular,15,1900-07-01,395,4,-1,0,Unknown,No
47,Blue-Collar,Married,Primary,No,3451,No,Yes,Cellular,21,1900-11-01,125,2,-1,0,Unknown,No
58,Technician,Married,Secondary,No,116,No,No,Unknown,16,1900-06-01,580,3,-1,0,Unknown,No
36,Services,Married,Secondary,No,1746,Yes,No,Cellular,7,1900-04-01,15,1,316,1,Failure,No
55,Technician,Married,Secondary,No,0,Yes,No,Unknown,30,1900-05-01,119,2,-1,0,Unknown,No
31,Blue-Collar,Married,Secondary,No,897,Yes,No,Unknown,20,1900-05-01,26,2,-1,0,Unknown,No
38,Technician,Married,Secondary,No,821,Yes,Yes,Cellular,17,1900-11-01,224,2,180,1,Failure,No
42,Blue-Collar,Married,Secondary,No,130,Yes,No,Unknown,29,1900-05-01,285,1,-1,0,Unknown,No
32,Management,Divorced,Tertiary,No,1,Yes,No,Unknown,8,1900-05-01,399,4,-1,0,Unknown,No
39,Blue-Collar,Married,Secondary,No,8,No,No,Cellular,30,1900-07-01,88,3,-1,0,Unknown,No
41,Technician,Married,Secondary,No,55,Yes,No,Cellular,6,1900-08-01,185,4,-1,0,Unknown,No
59,Blue-Collar,Married,Primary,No,699,No,No,Cellular,28,1900-01-01,98,1,154,6,Failure,No
42,Unemployed,Divorced,Secondary,No,759,No,No,Cellular,28,1900-01-01,97,1,169,3,Failure,No
33,Blue-Collar,Married,Secondary,No,687,Yes,No,Cellular,14,1900-05-01,72,2,370,1,Failure,No
53,Retired,Married,Secondary,No,4968,No,No,Cellular,6,1900-05-01,109,1,87,2,Failure,No
43,Blue-Collar,Married,Primary,No,1211,Yes,No,Unknown,6,1900-05-01,208,3,-1,0,Unknown,No
39,Self-Employed,Single,Tertiary,No,426,No,No,Unknown,18,1900-06-01,1029,1,-1,0,Unknown,Yes
27,Entrepreneur,Single,Secondary,No,376,Yes,Yes,Cellular,5,1900-05-01,273,1,-1,0,Unknown,No
39,Management,Married,Tertiary,No,12,Yes,No,Unknown,23,1900-05-01,130,1,-1,0,Unknown,No
27,Blue-Collar,Single,Secondary,No,23,No,No,Cellular,26,1900-02-01,590,2,-1,0,Unknown,No
33,Admin.,Married,Secondary,No,353,Yes,No,Cellular,19,1900-11-01,107,2,-1,0,Unknown,No
29,Services,Divorced,Secondary,No,330,Yes,No,Unknown,12,1900-05-01,88,2,-1,0,Unknown,No
33,Management,Divorced,Tertiary,No,0,No,No,Cellular,13,1900-08-01,305,2,-1,0,Unknown,No
41,Entrepreneur,Married,Secondary,No,353,No,No,Cellular,19,1900-11-01,90,2,-1,0,Unknown,No
38,Technician,Single,Tertiary,No,2273,Yes,No,Cellular,17,1900-04-01,222,1,-1,0,Unknown,No
30,Management,Married,Tertiary,No,0,Yes,No,Cellular,9,1900-07-01,127,1,-1,0,Unknown,No
58,Unemployed,Married,Tertiary,No,744,No,No,Telephone,28,1900-01-01,38,1,-1,0,Unknown,No
37,Services,Single,Secondary,No,608,No,No,Cellular,14,1900-05-01,380,3,-1,0,Unknown,No
36,Admin.,Divorced,Secondary,No,356,Yes,No,Cellular,7,1900-04-01,244,3,313,1,Failure,No
45,Blue-Collar,Married,Primary,No,1291,Yes,No,Cellular,28,1900-08-01,189,17,-1,0,Unknown,No
23,Technician,Single,Secondary,No,-306,Yes,No,Unknown,4,1900-06-01,217,2,-1,0,Unknown,No
53,Blue-Collar,Married,Primary,No,306,No,No,Cellular,28,1900-07-01,388,3,181,1,Success,Yes
44,Blue-Collar,Married,Primary,No,-312,Yes,No,Unknown,20,1900-06-01,22,3,-1,0,Unknown,No
32,Technician,Single,Secondary,No,493,No,No,Cellular,13,1900-08-01,289,2,-1,0,Unknown,No
32,Management,Married,Tertiary,No,71,Yes,No,Cellular,21,1900-07-01,221,8,-1,0,Unknown,No
38,Admin.,Married,Tertiary,No,669,Yes,Yes,Cellular,31,1900-07-01,129,2,-1,0,Unknown,No
47,Blue-Collar,Married,Primary,No,556,Yes,No,Cellular,4,1900-02-01,147,2,264,4,Other,No
34,Services,Single,Secondary,No,84,Yes,No,Unknown,23,1900-05-01,299,1,-1,0,Unknown,No
52,Services,Married,Secondary,No,108,Yes,No,Unknown,15,1900-05-01,543,12,-1,0,Unknown,No
45,Admin.,Single,Secondary,No,-11,Yes,No,Cellular,5,1900-05-01,247,1,-1,0,Unknown,No
50,Blue-Collar,Married,Primary,No,1164,Yes,No,Unknown,8,1900-05-01,166,2,-1,0,Unknown,No
52,Blue-Collar,Divorced,Primary,No,-191,Yes,No,Unknown,15,1900-05-01,755,1,-1,0,Unknown,Yes
37,Blue-Collar,Married,Secondary,No,132,No,No,Unknown,27,1900-05-01,336,2,-1,0,Unknown,No
51,Blue-Collar,Married,Secondary,No,2237,Yes,No,Unknown,29,1900-05-01,619,1,-1,0,Unknown,No
32,Management,Married,Tertiary,No,4761,Yes,No,Cellular,5,1900-05-01,159,2,350,2,Failure,No
33,Blue-Collar,Married,Secondary,No,-346,Yes,Yes,Unknown,23,1900-05-01,29,3,-1,0,Unknown,No
28,Unemployed,Married,Secondary,No,655,Yes,No,Unknown,4,1900-06-01,606,2,-1,0,Unknown,No
66,Management,Married,Tertiary,No,1048,Yes,No,Cellular,23,1900-06-01,971,2,-1,0,Unknown,No
31,Services,Single,Secondary,No,0,Yes,No,Unknown,28,1900-05-01,231,2,-1,0,Unknown,No
35,Blue-Collar,Married,Primary,No,624,Yes,No,Unknown,7,1900-05-01,163,1,-1,0,Unknown,No
47,Services,Single,Unknown,No,1784,No,No,Cellular,19,1900-10-01,385,2,-1,0,Unknown,Yes
36,Admin.,Single,Secondary,No,1281,No,No,Telephone,24,1900-07-01,119,2,-1,0,Unknown,No
32,Technician,Single,Tertiary,No,569,No,Yes,Cellular,29,1900-01-01,348,1,-1,0,Unknown,No
34,Blue-Collar,Married,Primary,No,1666,Yes,No,Unknown,31,1900-03-01,30,1,-1,0,Unknown,No
40,Admin.,Married,Secondary,No,168,Yes,No,Cellular,7,1900-05-01,249,2,169,1,Failure,No
33,Self-Employed,Married,Tertiary,No,263,No,No,Cellular,4,1900-05-01,119,2,-1,0,Unknown,No
39,Blue-Collar,Married,Secondary,No,-405,Yes,No,Cellular,8,1900-05-01,177,1,-1,0,Unknown,No
38,Self-Employed,Married,Secondary,No,279,Yes,No,Unknown,28,1900-05-01,110,5,-1,0,Unknown,No
32,Technician,Single,Secondary,No,0,No,No,Cellular,18,1900-08-01,594,4,-1,0,Unknown,Yes
65,Unknown,Married,Unknown,No,300,No,No,Cellular,12,1900-01-01,105,1,-1,0,Unknown,No
34,Unemployed,Single,Tertiary,No,415,No,No,Cellular,12,1900-08-01,123,1,-1,0,Unknown,No
34,Admin.,Single,Primary,No,0,Yes,Yes,Cellular,6,1900-05-01,172,4,-1,0,Unknown,No
42,Blue-Collar,Single,Primary,No,1322,Yes,Yes,Cellular,8,1900-07-01,178,1,-1,0,Unknown,No
31,Services,Married,Secondary,No,1062,Yes,Yes,Cellular,6,1900-04-01,230,1,-1,0,Unknown,No
47,Technician,Married,Secondary,No,302,Yes,No,Unknown,20,1900-06-01,89,3,-1,0,Unknown,No
44,Technician,Divorced,Secondary,No,809,Yes,No,Unknown,15,1900-05-01,118,4,-1,0,Unknown,No
38,Housemaid,Married,Secondary,No,-278,Yes,No,Cellular,28,1900-07-01,143,2,-1,0,Unknown,No
28,Management,Single,Tertiary,No,3238,Yes,No,Unknown,19,1900-05-01,7,1,-1,0,Unknown,No
46,Admin.,Single,Secondary,No,751,Yes,No,Unknown,13,1900-05-01,104,2,-1,0,Unknown,No
51,Blue-Collar,Divorced,Primary,No,-28,No,Yes,Unknown,2,1900-07-01,220,2,-1,0,Unknown,No
42,Management,Divorced,Tertiary,No,0,No,No,Unknown,20,1900-06-01,85,2,-1,0,Unknown,No
37,Technician,Single,Secondary,No,2442,No,No,Cellular,16,1900-02-01,91,3,-1,0,Unknown,Yes
58,Unemployed,Married,Tertiary,No,1798,Yes,No,Cellular,5,1900-02-01,19,8,-1,0,Unknown,No
43,Admin.,Married,Secondary,No,132,No,No,Cellular,19,1900-08-01,574,1,84,3,Success,Yes
36,Management,Single,Tertiary,No,260,Yes,No,Cellular,7,1900-05-01,49,1,-1,0,Unknown,No
34,Blue-Collar,Married,Secondary,No,7,Yes,Yes,Cellular,2,1900-02-01,171,2,193,2,Other,No
31,Management,Single,Tertiary,No,3283,No,No,Cellular,2,1900-02-01,258,1,73,1,Failure,Yes
49,Technician,Married,Unknown,No,323,Yes,No,Cellular,18,1900-11-01,41,2,-1,0,Unknown,No
54,Management,Married,Tertiary,No,2960,Yes,No,Cellular,20,1900-11-01,83,1,-1,0,Unknown,No
29,Unemployed,Single,Secondary,No,486,No,No,Telephone,30,1900-04-01,95,1,-1,0,Unknown,No
51,Retired,Divorced,Secondary,No,343,Yes,No,Unknown,30,1900-05-01,78,2,-1,0,Unknown,No
40,Unemployed,Divorced,Secondary,No,507,Yes,No,Cellular,2,1900-02-01,134,1,266,7,Failure,No
35,Management,Single,Tertiary,No,5958,Yes,No,Cellular,22,1900-03-01,215,1,-1,0,Unknown,Yes
25,Student,Single,Secondary,No,304,No,No,Cellular,26,1900-05-01,226,2,-1,0,Unknown,Yes
32,Blue-Collar,Single,Secondary,No,118,Yes,No,Cellular,17,1900-07-01,1275,1,-1,0,Unknown,Yes
30,Self-Employed,Married,Secondary,No,123,No,Yes,Unknown,17,1900-07-01,66,1,85,5,Other,No
38,Management,Married,Tertiary,No,76,Yes,No,Cellular,7,1900-07-01,196,3,-1,0,Unknown,No
46,Admin.,Married,Secondary,No,70,Yes,No,Cellular,27,1900-03-01,229,2,-1,0,Unknown,Yes
43,Unemployed,Married,Primary,No,960,Yes,Yes,Unknown,15,1900-05-01,241,2,-1,0,Unknown,No
32,Technician,Single,Tertiary,No,2185,No,No,Cellular,20,1900-11-01,354,2,-1,0,Unknown,No
29,Blue-Collar,Single,Secondary,No,309,Yes,No,Cellular,11,1900-05-01,471,3,-1,0,Unknown,No
56,Blue-Collar,Married,Secondary,No,2190,No,Yes,Cellular,30,1900-01-01,90,2,232,1,Failure,No
57,Technician,Married,Primary,No,0,No,No,Unknown,5,1900-06-01,58,8,-1,0,Unknown,No
38,Admin.,Married,Secondary,No,3732,Yes,No,Unknown,21,1900-05-01,379,2,-1,0,Unknown,No
51,Technician,Married,Primary,No,1550,No,No,Unknown,20,1900-06-01,12,5,-1,0,Unknown,No
35,Admin.,Single,Tertiary,No,62,No,Yes,Cellular,30,1900-04-01,67,1,-1,0,Unknown,No
37,Blue-Collar,Married,Primary,No,704,No,No,Unknown,18,1900-06-01,165,7,-1,0,Unknown,No
48,Management,Married,Secondary,No,4415,Yes,No,Cellular,8,1900-04-01,1032,3,141,7,Failure,Yes
30,Blue-Collar,Single,Secondary,Yes,4,Yes,No,Unknown,23,1900-05-01,84,3,-1,0,Unknown,No
60,Retired,Married,Secondary,No,262,No,No,Cellular,18,1900-08-01,393,4,-1,0,Unknown,No
56,Management,Married,Secondary,No,238,Yes,No,Cellular,19,1900-11-01,808,1,-1,0,Unknown,No
45,Blue-Collar,Married,Primary,No,97,Yes,No,Unknown,7,1900-05-01,923,3,-1,0,Unknown,No
38,Technician,Divorced,Secondary,No,410,No,No,Cellular,11,1900-08-01,63,6,-1,0,Unknown,No
20,Student,Single,Secondary,No,1191,No,No,Cellular,12,1900-02-01,274,1,-1,0,Unknown,No
59,Retired,Married,Primary,No,-47,Yes,No,Cellular,27,1900-08-01,84,4,-1,0,Unknown,No
34,Technician,Married,Tertiary,No,197,No,No,Cellular,20,1900-08-01,78,3,-1,0,Unknown,Yes
36,Blue-Collar,Married,Unknown,No,6,No,No,Unknown,20,1900-06-01,41,7,-1,0,Unknown,No
53,Admin.,Single,Secondary,No,2398,Yes,No,Cellular,2,1900-08-01,317,1,180,2,Failure,Yes
51,Management,Married,Tertiary,No,630,Yes,No,Cellular,5,1900-05-01,138,1,-1,0,Unknown,No
58,Retired,Married,Secondary,No,235,No,No,Cellular,27,1900-08-01,88,4,-1,0,Unknown,No
48,Management,Married,Primary,No,1910,Yes,No,Unknown,29,1900-05-01,413,2,-1,0,Unknown,No
56,Management,Married,Tertiary,No,3172,Yes,No,Cellular,5,1900-02-01,139,1,-1,0,Unknown,No
51,Blue-Collar,Married,Primary,No,872,No,No,Cellular,8,1900-08-01,82,2,-1,0,Unknown,No
35,Blue-Collar,Married,Secondary,No,407,Yes,No,Cellular,20,1900-04-01,12,6,-1,0,Unknown,No
40,Admin.,Single,Secondary,No,100,Yes,No,Cellular,11,1900-08-01,221,1,461,1,Success,Yes
59,Housemaid,Married,Secondary,No,345,No,No,Unknown,9,1900-06-01,38,1,-1,0,Unknown,No
44,Management,Divorced,Tertiary,No,2058,No,Yes,Cellular,21,1900-11-01,661,1,-1,0,Unknown,No
49,Housemaid,Married,Primary,No,889,No,No,Telephone,7,1900-07-01,388,1,-1,0,Unknown,Yes
35,Admin.,Married,Tertiary,No,0,Yes,No,Cellular,28,1900-07-01,151,7,-1,0,Unknown,No
41,Management,Married,Tertiary,No,51,No,No,Cellular,25,1900-08-01,140,8,-1,0,Unknown,No
55,Retired,Married,Primary,No,150,No,No,Cellular,8,1900-07-01,124,1,-1,0,Unknown,No
51,Self-Employed,Married,Secondary,Yes,34,No,Yes,Cellular,7,1900-07-01,200,1,-1,0,Unknown,No
27,Services,Single,Secondary,No,795,No,No,Cellular,6,1900-02-01,101,3,-1,0,Unknown,No
57,Blue-Collar,Married,Primary,No,282,No,Yes,Cellular,7,1900-07-01,261,12,-1,0,Unknown,No
51,Management,Single,Tertiary,No,2139,No,No,Cellular,17,1900-11-01,176,2,-1,0,Unknown,No
38,Management,Married,Tertiary,No,-469,Yes,No,Unknown,16,1900-06-01,209,12,-1,0,Unknown,No
49,Admin.,Married,Secondary,No,197,Yes,No,Cellular,13,1900-04-01,223,1,182,2,Failure,Yes
40,Technician,Single,Tertiary,No,825,Yes,No,Cellular,20,1900-04-01,38,1,335,1,Other,No
47,Housemaid,Single,Tertiary,No,3232,No,No,Telephone,6,1900-10-01,541,1,204,3,Failure,No
48,Management,Divorced,Secondary,No,1598,Yes,No,Unknown,29,1900-05-01,84,1,-1,0,Unknown,No
47,Services,Married,Tertiary,No,871,No,No,Cellular,22,1900-08-01,602,9,-1,0,Unknown,No
56,Services,Married,Secondary,No,83,No,No,Cellular,27,1900-08-01,26,11,-1,0,Unknown,No
29,Management,Single,Tertiary,No,1445,No,No,Cellular,26,1900-04-01,328,2,143,2,Success,Yes
38,Technician,Married,Secondary,No,226,Yes,No,Unknown,30,1900-05-01,762,3,-1,0,Unknown,Yes
32,Management,Married,Tertiary,No,-55,Yes,No,Cellular,26,1900-08-01,107,4,-1,0,Unknown,No
42,Admin.,Single,Secondary,No,243,Yes,No,Unknown,14,1900-05-01,46,5,-1,0,Unknown,No
30,Blue-Collar,Married,Primary,No,-336,No,No,Cellular,10,1900-07-01,128,6,-1,0,Unknown,No
26,Admin.,Single,Tertiary,No,3672,Yes,No,Unknown,29,1900-05-01,360,5,-1,0,Unknown,No
35,Technician,Married,Secondary,No,0,Yes,No,Cellular,9,1900-11-01,524,1,96,5,Success,Yes
35,Technician,Married,Secondary,No,251,Yes,Yes,Unknown,1,1900-07-01,128,3,-1,0,Unknown,No
35,Self-Employed,Single,Tertiary,No,44,No,No,Cellular,7,1900-09-01,310,2,96,2,Other,No
57,Blue-Collar,Married,Secondary,No,2887,No,No,Cellular,21,1900-08-01,819,10,-1,0,Unknown,Yes
29,Admin.,Single,Secondary,No,1992,No,No,Cellular,8,1900-07-01,202,1,87,2,Failure,No
32,Blue-Collar,Single,Secondary,No,2,No,No,Unknown,9,1900-05-01,144,2,-1,0,Unknown,No
45,Technician,Married,Secondary,No,1415,Yes,No,Cellular,24,1900-07-01,311,1,-1,0,Unknown,No
51,Management,Single,Tertiary,No,297,Yes,No,Cellular,15,1900-05-01,415,4,375,1,Failure,Yes
31,Technician,Single,Secondary,No,1094,Yes,No,Unknown,12,1900-06-01,93,8,-1,0,Unknown,No
50,Self-Employed,Married,Unknown,No,-84,Yes,No,Unknown,6,1900-05-01,101,1,-1,0,Unknown,No
38,Blue-Collar,Single,Secondary,No,-1,Yes,No,Unknown,7,1900-05-01,72,1,-1,0,Unknown,No
37,Management,Married,Tertiary,No,347,Yes,No,Cellular,22,1900-07-01,282,1,-1,0,Unknown,No
35,Management,Married,Tertiary,No,1253,Yes,No,Unknown,19,1900-05-01,210,2,-1,0,Unknown,No
37,Unemployed,Married,Unknown,No,4565,No,No,Cellular,4,1900-09-01,369,1,-1,0,Unknown,No
28,Management,Single,Tertiary,No,781,No,No,Cellular,9,1900-04-01,125,6,-1,0,Unknown,No
38,Management,Married,Tertiary,No,7124,No,No,Unknown,16,1900-06-01,301,6,-1,0,Unknown,No
43,Management,Married,Secondary,No,17555,No,No,Cellular,26,1900-08-01,14,14,-1,0,Unknown,No
43,Management,Married,Unknown,No,5172,Yes,No,Unknown,29,1900-05-01,57,3,-1,0,Unknown,No
56,Management,Married,Tertiary,No,15520,No,No,Cellular,18,1900-11-01,420,1,-1,0,Unknown,No
32,Technician,Single,Tertiary,No,13711,Yes,No,Cellular,14,1900-05-01,638,1,175,3,Success,No
58,Management,Divorced,Tertiary,No,1533,No,No,Unknown,15,1900-05-01,137,2,-1,0,Unknown,No
47,Management,Married,Tertiary,No,286,No,No,Cellular,22,1900-08-01,557,7,-1,0,Unknown,No
31,Blue-Collar,Single,Secondary,No,-219,Yes,No,Unknown,30,1900-05-01,66,2,-1,0,Unknown,No
38,Management,Married,Tertiary,No,0,Yes,No,Unknown,20,1900-05-01,206,1,-1,0,Unknown,No
50,Blue-Collar,Married,Secondary,No,810,Yes,No,Unknown,14,1900-05-01,19,14,-1,0,Unknown,No
32,Blue-Collar,Married,Secondary,No,300,No,No,Cellular,6,1900-02-01,166,2,-1,0,Unknown,No
37,Services,Single,Secondary,No,1175,Yes,No,Cellular,15,1900-05-01,102,1,333,2,Failure,No
39,Management,Married,Tertiary,No,0,Yes,No,Unknown,2,1900-06-01,46,2,-1,0,Unknown,No
40,Services,Married,Secondary,No,113,Yes,No,Unknown,4,1900-06-01,126,1,-1,0,Unknown,No
41,Blue-Collar,Married,Secondary,No,641,Yes,No,Unknown,13,1900-05-01,161,1,-1,0,Unknown,No
45,Technician,Married,Secondary,No,1477,Yes,No,Cellular,8,1900-07-01,355,1,-1,0,Unknown,No
31,Admin.,Married,Secondary,No,0,Yes,No,Unknown,14,1900-05-01,40,2,-1,0,Unknown,No
54,Services,Married,Primary,No,8,Yes,No,Cellular,14,1900-05-01,143,1,-1,0,Unknown,No
39,Admin.,Divorced,Secondary,No,399,Yes,Yes,Cellular,14,1900-08-01,133,2,-1,0,Unknown,No
56,Admin.,Divorced,Secondary,Yes,-435,Yes,Yes,Unknown,9,1900-05-01,185,2,-1,0,Unknown,No
35,Admin.,Single,Secondary,No,2830,No,No,Unknown,20,1900-06-01,22,12,-1,0,Unknown,No
34,Management,Married,Secondary,No,15,No,No,Cellular,25,1900-08-01,184,7,-1,0,Unknown,No
31,Technician,Single,Secondary,No,125,No,No,Cellular,22,1900-08-01,78,2,-1,0,Unknown,No
38,Technician,Married,Tertiary,No,45,No,No,Cellular,22,1900-07-01,125,4,-1,0,Unknown,No
41,Technician,Married,Tertiary,No,13,No,No,Unknown,5,1900-06-01,189,2,-1,0,Unknown,No
44,Entrepreneur,Married,Tertiary,No,0,Yes,No,Unknown,9,1900-07-01,300,1,-1,0,Unknown,No
49,Blue-Collar,Married,Secondary,No,579,Yes,No,Unknown,28,1900-05-01,396,1,-1,0,Unknown,No
30,Services,Single,Secondary,No,432,Yes,No,Unknown,20,1900-05-01,340,3,-1,0,Unknown,No
31,Services,Single,Secondary,No,1987,Yes,No,Telephone,20,1900-11-01,55,2,-1,0,Unknown,No
34,Management,Married,Secondary,No,857,Yes,No,Cellular,22,1900-08-01,238,6,-1,0,Unknown,No
70,Retired,Married,Tertiary,No,15834,No,No,Cellular,5,1900-04-01,172,3,186,1,Failure,No
45,Management,Married,Tertiary,No,3370,No,No,Unknown,12,1900-06-01,36,3,-1,0,Unknown,No
31,Management,Married,Tertiary,No,6290,No,No,Cellular,20,1900-11-01,303,2,-1,0,Unknown,No
57,Admin.,Married,Secondary,No,808,No,No,Cellular,14,1900-07-01,417,3,-1,0,Unknown,No
40,Services,Married,Unknown,No,4075,Yes,No,Unknown,16,1900-06-01,162,3,-1,0,Unknown,No
28,Blue-Collar,Married,Secondary,No,373,Yes,No,Cellular,14,1900-05-01,10,9,344,1,Failure,No
44,Admin.,Single,Secondary,No,-101,Yes,No,Cellular,10,1900-07-01,99,1,-1,0,Unknown,No
49,Services,Divorced,Secondary,No,3250,No,No,Unknown,16,1900-06-01,32,3,-1,0,Unknown,No
46,Management,Married,Tertiary,No,1375,Yes,No,Cellular,17,1900-11-01,308,3,-1,0,Unknown,No
34,Management,Married,Tertiary,No,180,No,No,Cellular,16,1900-06-01,298,3,-1,0,Unknown,No
58,Technician,Married,Secondary,No,175,No,No,Cellular,12,1900-08-01,92,4,-1,0,Unknown,No
52,Services,Married,Secondary,No,381,No,Yes,Cellular,25,1900-08-01,288,12,-1,0,Unknown,No
27,Blue-Collar,Married,Secondary,No,2171,Yes,No,Cellular,16,1900-04-01,130,1,323,1,Other,No
48,Technician,Married,Secondary,No,340,Yes,No,Cellular,28,1900-01-01,255,2,-1,0,Unknown,No
33,Technician,Divorced,Secondary,Yes,10,Yes,Yes,Cellular,18,1900-11-01,167,5,-1,0,Unknown,No
46,Admin.,Married,Secondary,No,4958,Yes,No,Cellular,17,1900-11-01,64,3,150,5,Other,No
51,Housemaid,Married,Unknown,No,21244,No,Yes,Cellular,4,1900-08-01,166,2,-1,0,Unknown,No
31,Management,Married,Tertiary,No,156,No,No,Cellular,13,1900-08-01,657,7,-1,0,Unknown,Yes
35,Technician,Divorced,Secondary,No,473,Yes,Yes,Unknown,26,1900-05-01,434,4,-1,0,Unknown,No
37,Admin.,Single,Secondary,No,781,No,No,Cellular,20,1900-08-01,75,1,-1,0,Unknown,No
60,Entrepreneur,Married,Primary,No,0,No,No,Telephone,23,1900-07-01,40,1,-1,0,Unknown,No
40,Technician,Married,Secondary,No,1819,No,No,Cellular,5,1900-06-01,398,2,-1,0,Unknown,No
50,Management,Married,Tertiary,No,4374,Yes,No,Cellular,21,1900-11-01,163,2,113,3,Failure,No
34,Entrepreneur,Married,Secondary,No,456,Yes,Yes,Cellular,28,1900-08-01,137,8,-1,0,Unknown,No
32,Technician,Married,Secondary,No,253,Yes,No,Unknown,4,1900-06-01,257,3,-1,0,Unknown,No
36,Services,Single,Secondary,No,774,Yes,No,Cellular,3,1900-02-01,231,2,259,1,Failure,No
32,Admin.,Single,Tertiary,No,-59,No,Yes,Unknown,4,1900-07-01,192,1,-1,0,Unknown,No
40,Services,Divorced,Secondary,No,-81,No,Yes,Cellular,23,1900-07-01,186,1,-1,0,Unknown,No
37,Blue-Collar,Married,Primary,No,0,Yes,No,Cellular,6,1900-05-01,226,1,363,3,Other,No
57,Management,Married,Tertiary,No,0,Yes,No,Cellular,21,1900-11-01,67,1,-1,0,Unknown,No
46,Management,Married,Tertiary,No,-3,No,No,Cellular,28,1900-08-01,205,2,-1,0,Unknown,No
31,Blue-Collar,Single,Primary,No,2488,Yes,No,Cellular,20,1900-04-01,14,1,-1,0,Unknown,No
39,Technician,Divorced,Tertiary,Yes,3,No,No,Cellular,6,1900-05-01,488,1,-1,0,Unknown,Yes
35,Management,Married,Secondary,No,839,Yes,No,Unknown,23,1900-05-01,50,3,-1,0,Unknown,No
32,Blue-Collar,Married,Primary,No,103,No,No,Cellular,23,1900-07-01,312,1,-1,0,Unknown,No
44,Technician,Divorced,Secondary,No,316,Yes,No,Cellular,21,1900-07-01,163,3,-1,0,Unknown,No
41,Technician,Single,Secondary,No,1680,Yes,No,Unknown,2,1900-06-01,76,2,-1,0,Unknown,No
59,Retired,Divorced,Primary,No,7179,No,No,Cellular,5,1900-02-01,150,1,-1,0,Unknown,No
39,Services,Married,Secondary,No,247,Yes,No,Cellular,17,1900-04-01,244,2,-1,0,Unknown,No
54,Management,Married,Tertiary,No,8295,No,No,Cellular,5,1900-06-01,207,1,-1,0,Unknown,Yes
27,Services,Single,Secondary,No,261,Yes,Yes,Cellular,18,1900-05-01,113,1,-1,0,Unknown,No
51,Self-Employed,Married,Secondary,No,95,Yes,No,Cellular,23,1900-07-01,1309,4,-1,0,Unknown,Yes
33,Technician,Single,Secondary,No,291,No,No,Cellular,25,1900-08-01,72,6,-1,0,Unknown,No
38,Blue-Collar,Married,Primary,No,2240,Yes,No,Cellular,19,1900-11-01,551,1,183,1,Failure,No
52,Entrepreneur,Married,Tertiary,No,0,No,No,Unknown,19,1900-06-01,163,3,-1,0,Unknown,No
54,Management,Divorced,Tertiary,No,1295,Yes,No,Cellular,21,1900-07-01,179,10,-1,0,Unknown,No
33,Blue-Collar,Married,Primary,No,324,Yes,No,Cellular,13,1900-05-01,217,2,-1,0,Unknown,No
50,Technician,Married,Secondary,No,669,Yes,No,Unknown,2,1900-06-01,88,1,-1,0,Unknown,No
39,Blue-Collar,Single,Secondary,No,4143,Yes,Yes,Unknown,2,1900-06-01,21,1,-1,0,Unknown,No
34,Management,Single,Tertiary,No,2646,No,No,Cellular,14,1900-04-01,142,1,-1,0,Unknown,Yes
41,Technician,Single,Secondary,No,618,No,No,Cellular,5,1900-02-01,1056,1,-1,0,Unknown,No
48,Management,Divorced,Tertiary,No,541,Yes,No,Cellular,14,1900-05-01,72,1,363,2,Other,No
38,Services,Married,Secondary,No,434,Yes,No,Unknown,20,1900-05-01,411,1,-1,0,Unknown,No
34,Blue-Collar,Married,Secondary,No,622,Yes,No,Unknown,21,1900-05-01,145,1,-1,0,Unknown,No
32,Blue-Collar,Married,Secondary,No,0,Yes,No,Cellular,8,1900-05-01,80,2,-1,0,Unknown,No
48,Management,Married,Secondary,No,99,Yes,No,Unknown,28,1900-05-01,344,1,-1,0,Unknown,No
28,Services,Single,Secondary,No,290,Yes,No,Cellular,18,1900-05-01,128,1,-1,0,Unknown,No
47,Blue-Collar,Married,Secondary,No,1230,Yes,No,Cellular,30,1900-04-01,412,1,169,1,Success,Yes
32,Admin.,Single,Secondary,No,45,Yes,Yes,Cellular,14,1900-05-01,908,3,344,7,Other,No
32,Admin.,Married,Secondary,No,923,Yes,No,Cellular,17,1900-04-01,819,4,-1,0,Unknown,No
38,Management,Married,Tertiary,No,950,No,No,Cellular,5,1900-08-01,210,2,-1,0,Unknown,No
86,Retired,Married,Secondary,No,1503,No,No,Telephone,18,1900-03-01,165,3,101,1,Other,No
47,Technician,Married,Secondary,No,65,No,No,Cellular,28,1900-08-01,118,8,-1,0,Unknown,No
42,Management,Married,Primary,No,-679,Yes,Yes,Cellular,6,1900-05-01,159,1,343,2,Failure,No
44,Management,Married,Tertiary,No,773,No,Yes,Cellular,9,1900-07-01,618,1,-1,0,Unknown,No
25,Student,Single,Unknown,No,10788,No,No,Cellular,23,1900-12-01,102,2,210,2,Other,No
34,Services,Divorced,Secondary,No,991,Yes,No,Cellular,6,1900-05-01,89,1,344,1,Failure,No
34,Admin.,Married,Secondary,No,247,No,No,Cellular,8,1900-10-01,401,2,-1,0,Unknown,Yes
53,Blue-Collar,Married,Primary,No,4143,No,No,Cellular,15,1900-07-01,200,3,-1,0,Unknown,No
42,Blue-Collar,Married,Unknown,No,-406,Yes,No,Cellular,30,1900-07-01,152,5,-1,0,Unknown,No
30,Blue-Collar,Single,Secondary,No,180,No,No,Cellular,14,1900-07-01,203,1,183,2,Failure,No
26,Blue-Collar,Single,Primary,No,-887,Yes,No,Cellular,18,1900-05-01,827,2,-1,0,Unknown,Yes
40,Services,Married,Secondary,No,4157,Yes,No,Unknown,15,1900-05-01,735,1,-1,0,Unknown,No
34,Technician,Single,Secondary,No,1386,Yes,Yes,Unknown,28,1900-05-01,185,6,-1,0,Unknown,No
34,Services,Married,Secondary,No,2211,No,No,Unknown,8,1900-05-01,149,1,-1,0,Unknown,No
40,Management,Married,Tertiary,No,-495,No,Yes,Cellular,29,1900-07-01,303,2,-1,0,Unknown,No
36,Management,Married,Tertiary,No,27359,Yes,No,Unknown,3,1900-06-01,71,2,-1,0,Unknown,No
34,Technician,Single,Secondary,No,440,Yes,No,Cellular,6,1900-05-01,445,2,345,2,Failure,No
32,Blue-Collar,Single,Secondary,No,135,Yes,No,Cellular,18,1900-05-01,232,2,-1,0,Unknown,No
39,Technician,Married,Secondary,No,-735,Yes,No,Cellular,30,1900-01-01,144,5,248,2,Failure,No
36,Technician,Married,Tertiary,No,60,No,No,Cellular,19,1900-08-01,209,2,-1,0,Unknown,No
39,Technician,Divorced,Secondary,No,902,Yes,No,Cellular,10,1900-02-01,691,2,180,5,Failure,Yes
33,Management,Married,Unknown,No,18347,Yes,No,Unknown,23,1900-05-01,415,1,-1,0,Unknown,No
34,Blue-Collar,Single,Secondary,No,-72,Yes,No,Cellular,7,1900-07-01,273,5,-1,0,Unknown,No
42,Management,Married,Tertiary,No,1205,No,No,Telephone,8,1900-09-01,376,2,-1,0,Unknown,Yes
46,Technician,Married,Secondary,No,499,Yes,No,Cellular,31,1900-07-01,37,10,-1,0,Unknown,No
32,Management,Single,Tertiary,No,656,Yes,Yes,Cellular,20,1900-04-01,148,2,-1,0,Unknown,No
27,Services,Married,Secondary,No,100,No,No,Cellular,16,1900-07-01,57,2,-1,0,Unknown,No
35,Technician,Divorced,Secondary,No,69,Yes,No,Unknown,8,1900-05-01,461,3,-1,0,Unknown,No
53,Technician,Married,Unknown,No,619,No,No,Unknown,17,1900-06-01,198,6,-1,0,Unknown,No
29,Services,Single,Secondary,No,192,No,No,Cellular,30,1900-01-01,327,4,-1,0,Unknown,No
35,Management,Single,Tertiary,No,0,No,No,Cellular,29,1900-08-01,669,6,-1,0,Unknown,No
49,Management,Married,Tertiary,No,87,No,No,Cellular,29,1900-01-01,165,1,-1,0,Unknown,No
58,Management,Married,Tertiary,No,3228,No,No,Cellular,19,1900-08-01,58,2,-1,0,Unknown,No
40,Management,Single,Tertiary,No,1361,No,No,Cellular,29,1900-01-01,1473,1,-1,0,Unknown,Yes
19,Student,Single,Unknown,No,0,No,No,Cellular,11,1900-02-01,123,3,-1,0,Unknown,No
30,Student,Single,Tertiary,No,34,Yes,No,Unknown,6,1900-05-01,289,1,-1,0,Unknown,No
34,Technician,Single,Secondary,No,318,No,Yes,Cellular,25,1900-07-01,239,5,-1,0,Unknown,No
60,Retired,Married,Secondary,No,197,No,No,Cellular,7,1900-10-01,1386,1,-1,0,Unknown,No
28,Student,Single,Tertiary,No,0,No,No,Cellular,28,1900-09-01,294,2,105,7,Other,Yes
46,Management,Married,Tertiary,No,273,Yes,No,Cellular,18,1900-03-01,910,2,184,4,Success,Yes
49,Blue-Collar,Divorced,Primary,No,15,Yes,No,Unknown,27,1900-05-01,550,7,-1,0,Unknown,No
59,Management,Divorced,Tertiary,No,7813,Yes,No,Cellular,21,1900-11-01,75,1,-1,0,Unknown,No
44,Technician,Single,Secondary,No,-27,Yes,Yes,Unknown,14,1900-05-01,100,3,-1,0,Unknown,No
33,Technician,Married,Tertiary,No,75,No,No,Cellular,21,1900-07-01,204,4,-1,0,Unknown,No
54,Retired,Married,Secondary,No,1139,Yes,No,Cellular,14,1900-05-01,155,1,177,7,Failure,No
26,Blue-Collar,Married,Secondary,No,115,Yes,No,Unknown,4,1900-07-01,46,3,-1,0,Unknown,No
54,Blue-Collar,Married,Secondary,No,0,No,No,Telephone,16,1900-04-01,1366,1,150,1,Failure,No
48,Housemaid,Married,Primary,No,7195,No,No,Cellular,21,1900-11-01,609,2,-1,0,Unknown,Yes
30,Services,Single,Tertiary,No,-477,No,Yes,Cellular,21,1900-08-01,1532,2,-1,0,Unknown,Yes
29,Management,Single,Tertiary,No,1026,No,No,Cellular,12,1900-11-01,226,1,92,1,Other,Yes
51,Entrepreneur,Married,Tertiary,No,3921,Yes,No,Cellular,5,1900-05-01,168,1,-1,0,Unknown,No
53,Unemployed,Married,Primary,No,980,Yes,No,Cellular,3,1900-12-01,352,1,-1,0,Unknown,Yes
43,Blue-Collar,Married,Secondary,No,-179,Yes,No,Cellular,30,1900-07-01,335,6,-1,0,Unknown,No
34,Admin.,Married,Tertiary,No,2552,Yes,Yes,Cellular,25,1900-09-01,74,1,-1,0,Unknown,No
40,Entrepreneur,Married,Tertiary,No,1729,Yes,No,Cellular,12,1900-05-01,85,1,-1,0,Unknown,No
43,Technician,Married,Secondary,No,434,Yes,No,Unknown,5,1900-05-01,117,1,-1,0,Unknown,No
33,Admin.,Single,Secondary,No,-300,Yes,Yes,Cellular,25,1900-07-01,184,1,-1,0,Unknown,No
66,Retired,Married,Secondary,No,4785,No,No,Cellular,13,1900-08-01,72,3,-1,0,Unknown,No
44,Technician,Divorced,Secondary,No,-329,Yes,No,Unknown,7,1900-05-01,171,1,-1,0,Unknown,No
33,Services,Married,Secondary,No,0,Yes,No,Telephone,22,1900-07-01,44,8,-1,0,Unknown,No
31,Technician,Single,Secondary,No,391,No,No,Cellular,13,1900-08-01,336,2,-1,0,Unknown,No
71,Retired,Married,Primary,No,4657,No,No,Cellular,16,1900-02-01,93,5,-1,0,Unknown,Yes
22,Student,Single,Primary,No,3472,No,No,Cellular,20,1900-10-01,332,1,183,3,Failure,Yes
46,Unemployed,Single,Tertiary,No,705,No,No,Cellular,4,1900-02-01,398,1,-1,0,Unknown,No
32,Services,Married,Secondary,No,255,Yes,Yes,Unknown,21,1900-05-01,86,2,-1,0,Unknown,No
45,Blue-Collar,Married,Secondary,No,4365,No,Yes,Cellular,9,1900-02-01,45,2,-1,0,Unknown,No
32,Management,Married,Secondary,No,350,Yes,No,Unknown,28,1900-05-01,110,2,-1,0,Unknown,No
49,Blue-Collar,Married,Primary,No,474,Yes,Yes,Telephone,9,1900-02-01,152,3,221,1,Failure,No
27,Technician,Single,Secondary,No,489,Yes,No,Cellular,30,1900-07-01,356,4,-1,0,Unknown,Yes
46,Entrepreneur,Married,Secondary,No,757,No,No,Unknown,16,1900-06-01,382,3,-1,0,Unknown,No
37,Management,Single,Tertiary,No,695,No,No,Cellular,28,1900-01-01,233,1,-1,0,Unknown,No
30,Unemployed,Single,Secondary,Yes,-770,Yes,No,Unknown,28,1900-05-01,87,1,-1,0,Unknown,No
44,Self-Employed,Divorced,Secondary,No,80,Yes,Yes,Unknown,14,1900-05-01,387,2,-1,0,Unknown,No
45,Technician,Married,Secondary,No,315,Yes,No,Cellular,30,1900-06-01,103,1,-1,0,Unknown,No
27,Student,Single,Secondary,No,213,No,No,Cellular,27,1900-03-01,378,1,-1,0,Unknown,Yes
57,Housemaid,Married,Primary,No,0,No,No,Unknown,9,1900-06-01,257,2,-1,0,Unknown,No
66,Management,Married,Tertiary,No,2169,No,No,Cellular,7,1900-07-01,282,1,-1,0,Unknown,No
40,Admin.,Divorced,Secondary,No,212,No,No,Unknown,7,1900-01-01,176,1,-1,0,Unknown,No
48,Blue-Collar,Married,Secondary,No,333,Yes,No,Cellular,14,1900-05-01,24,6,-1,0,Unknown,No
33,Blue-Collar,Single,Secondary,No,4404,Yes,No,Cellular,20,1900-11-01,766,3,-1,0,Unknown,No
42,Services,Divorced,Secondary,No,257,Yes,No,Cellular,12,1900-05-01,955,2,-1,0,Unknown,Yes
47,Unemployed,Married,Secondary,No,3188,Yes,No,Cellular,3,1900-02-01,426,3,-1,0,Unknown,No
27,Technician,Single,Tertiary,No,3083,Yes,No,Unknown,29,1900-05-01,244,2,-1,0,Unknown,No
78,Retired,Married,Tertiary,No,226,No,No,Telephone,6,1900-11-01,136,1,-1,0,Unknown,No
50,Services,Married,Primary,No,1260,No,No,Cellular,18,1900-11-01,172,1,-1,0,Unknown,No
46,Entrepreneur,Single,Tertiary,No,1410,Yes,No,Cellular,19,1900-11-01,93,1,189,8,Failure,No
41,Admin.,Divorced,Secondary,No,6046,Yes,Yes,Telephone,15,1900-03-01,300,6,182,2,Success,Yes
36,Admin.,Single,Tertiary,No,980,No,No,Cellular,11,1900-11-01,118,4,104,7,Failure,No
49,Retired,Married,Primary,No,-37,No,No,Unknown,4,1900-07-01,191,2,-1,0,Unknown,No
46,Management,Divorced,Tertiary,No,-154,Yes,Yes,Unknown,27,1900-05-01,107,2,-1,0,Unknown,No
77,Retired,Married,Primary,No,680,No,No,Telephone,24,1900-02-01,513,2,89,7,Failure,No
30,Technician,Single,Tertiary,No,799,Yes,Yes,Unknown,6,1900-06-01,91,18,-1,0,Unknown,No
43,Management,Single,Secondary,Yes,-1164,Yes,Yes,Cellular,18,1900-07-01,76,4,-1,0,Unknown,No
44,Blue-Collar,Married,Secondary,No,2523,Yes,No,Unknown,29,1900-05-01,1236,2,-1,0,Unknown,No
40,Blue-Collar,Married,Primary,No,98,Yes,No,Unknown,2,1900-06-01,193,5,-1,0,Unknown,No
38,Blue-Collar,Married,Primary,No,3419,Yes,No,Unknown,20,1900-06-01,324,5,-1,0,Unknown,No
25,Unemployed,Single,Tertiary,No,343,No,No,Cellular,1,1900-06-01,377,1,-1,0,Unknown,Yes
49,Management,Married,Tertiary,No,852,Yes,No,Cellular,20,1900-11-01,408,1,-1,0,Unknown,No
33,Blue-Collar,Married,Primary,No,50,Yes,No,Cellular,7,1900-05-01,246,2,-1,0,Unknown,No
40,Management,Single,Tertiary,No,0,No,No,Cellular,26,1900-08-01,58,7,-1,0,Unknown,No
44,Blue-Collar,Married,Primary,No,10,Yes,No,Cellular,17,1900-07-01,196,1,-1,0,Unknown,No
32,Blue-Collar,Married,Secondary,No,950,Yes,Yes,Cellular,20,1900-04-01,219,4,-1,0,Unknown,No
52,Management,Married,Tertiary,No,0,Yes,No,Cellular,9,1900-07-01,197,1,-1,0,Unknown,No
35,Management,Married,Tertiary,No,175,Yes,No,Cellular,7,1900-08-01,257,2,-1,0,Unknown,No
35,Technician,Married,Secondary,No,-259,Yes,No,Cellular,29,1900-01-01,381,1,247,2,Failure,No
32,Management,Married,Secondary,No,6217,Yes,Yes,Unknown,21,1900-05-01,486,2,-1,0,Unknown,No
42,Technician,Married,Secondary,No,-1310,Yes,Yes,Unknown,28,1900-05-01,162,1,-1,0,Unknown,No
59,Blue-Collar,Married,Unknown,No,139,No,No,Unknown,5,1900-06-01,153,1,-1,0,Unknown,No
44,Technician,Single,Secondary,No,7138,No,No,Cellular,8,1900-08-01,809,2,-1,0,Unknown,Yes
50,Admin.,Divorced,Secondary,No,1111,Yes,No,Cellular,17,1900-04-01,50,1,-1,0,Unknown,No
27,Blue-Collar,Single,Secondary,No,113,No,No,Cellular,22,1900-07-01,39,17,-1,0,Unknown,No
55,Management,Divorced,Tertiary,No,-612,No,No,Cellular,26,1900-08-01,131,2,-1,0,Unknown,No
54,Blue-Collar,Married,Unknown,No,310,Yes,No,Telephone,28,1900-01-01,526,4,258,3,Other,No
31,Unemployed,Single,Secondary,No,-186,Yes,No,Unknown,26,1900-05-01,172,3,-1,0,Unknown,No
56,Admin.,Married,Unknown,No,2038,No,No,Cellular,8,1900-02-01,405,1,305,1,Success,No
51,Self-Employed,Married,Tertiary,No,833,No,No,Cellular,31,1900-07-01,77,3,-1,0,Unknown,No
61,Blue-Collar,Married,Primary,No,625,Yes,No,Unknown,19,1900-05-01,158,2,-1,0,Unknown,No
34,Technician,Single,Secondary,No,105,Yes,No,Cellular,7,1900-05-01,146,2,171,3,Failure,No
56,Blue-Collar,Married,Primary,No,551,No,No,Unknown,29,1900-05-01,27,1,-1,0,Unknown,No
29,Student,Single,Unknown,No,145,No,No,Cellular,14,1900-08-01,105,1,-1,0,Unknown,No
34,Management,Single,Tertiary,No,618,Yes,No,Unknown,3,1900-06-01,119,4,-1,0,Unknown,No
35,Services,Single,Secondary,No,1063,Yes,Yes,Cellular,16,1900-04-01,327,1,-1,0,Unknown,No
56,Admin.,Divorced,Secondary,No,985,No,Yes,Cellular,18,1900-08-01,150,2,-1,0,Unknown,No
45,Blue-Collar,Married,Secondary,No,2926,Yes,Yes,Cellular,19,1900-11-01,482,3,120,2,Failure,No
31,Admin.,Single,Secondary,No,-449,Yes,No,Unknown,28,1900-05-01,81,2,-1,0,Unknown,No
37,Entrepreneur,Divorced,Tertiary,No,66,No,No,Cellular,18,1900-11-01,1164,2,-1,0,Unknown,Yes
43,Admin.,Married,Secondary,No,0,Yes,No,Cellular,17,1900-07-01,674,3,-1,0,Unknown,No
40,Management,Married,Unknown,No,419,Yes,No,Cellular,10,1900-07-01,347,1,-1,0,Unknown,No
44,Management,Married,Primary,No,4758,Yes,No,Cellular,22,1900-07-01,712,6,-1,0,Unknown,Yes
38,Admin.,Single,Secondary,No,-23,No,No,Cellular,20,1900-11-01,48,2,-1,0,Unknown,No
58,Management,Divorced,Tertiary,No,1573,Yes,Yes,Cellular,17,1900-11-01,279,1,-1,0,Unknown,No
24,Blue-Collar,Single,Secondary,No,77,Yes,No,Unknown,16,1900-05-01,236,2,-1,0,Unknown,No
53,Services,Married,Secondary,No,1378,Yes,No,Cellular,18,1900-07-01,91,2,-1,0,Unknown,No
36,Blue-Collar,Married,Secondary,No,-73,Yes,Yes,Cellular,18,1900-05-01,15,8,-1,0,Unknown,No
28,Blue-Collar,Married,Primary,No,60,Yes,No,Cellular,6,1900-05-01,161,1,337,1,Failure,No
45,Blue-Collar,Married,Primary,No,137,Yes,Yes,Unknown,16,1900-05-01,187,19,-1,0,Unknown,No
32,Admin.,Single,Tertiary,No,1583,Yes,No,Cellular,19,1900-11-01,100,1,182,1,Failure,No
46,Admin.,Married,Secondary,No,-121,Yes,Yes,Cellular,8,1900-07-01,214,4,-1,0,Unknown,No
28,Blue-Collar,Single,Secondary,No,1065,Yes,Yes,Cellular,17,1900-04-01,406,1,317,1,Failure,No
51,Unemployed,Married,Secondary,No,-13,Yes,No,Cellular,13,1900-05-01,361,1,364,1,Failure,No
51,Blue-Collar,Married,Primary,No,1869,No,No,Unknown,17,1900-06-01,30,3,-1,0,Unknown,No
30,Technician,Single,Secondary,No,4787,Yes,No,Unknown,4,1900-06-01,99,2,-1,0,Unknown,No
39,Technician,Married,Secondary,Yes,-183,Yes,No,Unknown,14,1900-05-01,202,2,-1,0,Unknown,No
28,Blue-Collar,Married,Primary,No,702,Yes,No,Unknown,26,1900-06-01,318,2,-1,0,Unknown,No
31,Management,Single,Tertiary,No,1494,No,No,Cellular,13,1900-08-01,275,12,-1,0,Unknown,No
31,Blue-Collar,Married,Primary,No,0,Yes,Yes,Unknown,12,1900-05-01,59,4,-1,0,Unknown,No
38,Management,Married,Tertiary,No,46,No,No,Cellular,29,1900-08-01,70,4,-1,0,Unknown,No
31,Blue-Collar,Single,Secondary,No,609,Yes,No,Cellular,14,1900-04-01,1126,1,335,1,Failure,No
74,Retired,Divorced,Secondary,No,4079,No,No,Cellular,19,1900-10-01,343,3,-1,0,Unknown,Yes
40,Management,Single,Tertiary,No,0,Yes,No,Cellular,23,1900-02-01,228,2,182,6,Failure,Yes
43,Technician,Married,Secondary,No,7876,Yes,No,Cellular,11,1900-08-01,209,2,-1,0,Unknown,No
34,Technician,Single,Tertiary,No,925,Yes,No,Cellular,13,1900-04-01,709,1,-1,0,Unknown,Yes
54,Management,Divorced,Tertiary,No,7010,No,No,Cellular,11,1900-03-01,275,2,-1,0,Unknown,No
51,Blue-Collar,Married,Primary,No,42,Yes,No,Cellular,12,1900-05-01,51,2,342,3,Failure,No
33,Blue-Collar,Married,Secondary,No,285,No,Yes,Unknown,3,1900-07-01,267,1,-1,0,Unknown,No
41,Technician,Married,Tertiary,No,0,No,No,Unknown,20,1900-06-01,95,1,-1,0,Unknown,No
33,Management,Single,Tertiary,No,3170,No,No,Cellular,28,1900-10-01,246,2,-1,0,Unknown,No
48,Admin.,Married,Secondary,No,8,No,Yes,Cellular,7,1900-07-01,46,1,-1,0,Unknown,No
42,Self-Employed,Divorced,Tertiary,No,216,Yes,No,Cellular,8,1900-05-01,144,3,-1,0,Unknown,No
35,Management,Single,Tertiary,No,2975,No,No,Cellular,8,1900-08-01,249,2,-1,0,Unknown,No
25,Admin.,Married,Secondary,No,894,Yes,No,Unknown,28,1900-05-01,328,1,-1,0,Unknown,No
38,Blue-Collar,Single,Primary,No,490,Yes,Yes,Unknown,25,1900-08-01,17,1,-1,0,Unknown,No
45,Entrepreneur,Married,Secondary,No,245,Yes,No,Unknown,14,1900-05-01,126,3,-1,0,Unknown,No
59,Management,Divorced,Tertiary,No,0,Yes,No,Cellular,31,1900-07-01,52,8,-1,0,Unknown,No
47,Management,Married,Unknown,No,150,No,No,Unknown,9,1900-06-01,52,1,-1,0,Unknown,No
33,Management,Married,Tertiary,No,4,Yes,No,Cellular,16,1900-07-01,285,5,-1,0,Unknown,No
59,Management,Married,Primary,No,1727,No,No,Telephone,25,1900-05-01,500,4,358,2,Failure,Yes
41,Blue-Collar,Divorced,Primary,No,664,No,Yes,Cellular,15,1900-07-01,955,5,-1,0,Unknown,Yes
42,Technician,Married,Secondary,No,473,Yes,No,Cellular,7,1900-07-01,216,5,-1,0,Unknown,No
51,Technician,Divorced,Tertiary,No,0,No,No,Cellular,28,1900-08-01,84,7,-1,0,Unknown,No
45,Management,Married,Tertiary,No,-192,Yes,No,Cellular,6,1900-05-01,138,3,-1,0,Unknown,No
30,Management,Married,Tertiary,No,1942,Yes,Yes,Cellular,21,1900-11-01,436,2,178,3,Other,Yes
33,Blue-Collar,Single,Secondary,No,5137,Yes,No,Cellular,6,1900-05-01,123,1,-1,0,Unknown,No
43,Management,Married,Tertiary,No,13044,No,No,Cellular,18,1900-08-01,36,4,-1,0,Unknown,No
37,Blue-Collar,Married,Secondary,No,1053,No,No,Unknown,16,1900-06-01,405,3,-1,0,Unknown,No
73,Retired,Married,Primary,No,154,No,No,Cellular,15,1900-10-01,103,1,-1,0,Unknown,No
43,Blue-Collar,Married,Secondary,No,625,Yes,No,Unknown,30,1900-09-01,175,1,-1,0,Unknown,No
52,Unemployed,Married,Primary,No,255,No,Yes,Cellular,10,1900-07-01,374,3,-1,0,Unknown,No
44,Management,Married,Tertiary,No,529,Yes,No,Unknown,4,1900-06-01,129,4,-1,0,Unknown,No
56,Management,Married,Tertiary,No,318,No,Yes,Telephone,9,1900-07-01,246,3,-1,0,Unknown,No
21,Services,Single,Secondary,No,1903,Yes,No,Unknown,29,1900-05-01,107,2,-1,0,Unknown,No
43,Unknown,Married,Tertiary,No,1937,No,No,Unknown,19,1900-06-01,385,1,-1,0,Unknown,No
54,Management,Married,Primary,No,3859,No,Yes,Cellular,20,1900-11-01,104,3,-1,0,Unknown,No
59,Technician,Married,Primary,No,4198,No,No,Cellular,14,1900-01-01,309,1,91,10,Success,Yes
52,Blue-Collar,Married,Primary,No,230,Yes,No,Cellular,6,1900-05-01,198,2,170,2,Failure,No
31,Admin.,Single,Secondary,No,747,Yes,No,Unknown,26,1900-05-01,543,2,-1,0,Unknown,Yes
53,Admin.,Married,Secondary,No,263,No,Yes,Cellular,18,1900-07-01,143,7,-1,0,Unknown,No
24,Technician,Single,Secondary,No,-46,Yes,No,Unknown,19,1900-05-01,23,1,-1,0,Unknown,No
57,Retired,Married,Secondary,No,0,No,Yes,Unknown,30,1900-06-01,104,2,-1,0,Unknown,No
48,Technician,Married,Secondary,No,568,Yes,No,Cellular,2,1900-09-01,378,2,386,1,Success,Yes
57,Technician,Married,Secondary,No,1469,Yes,No,Cellular,17,1900-11-01,364,1,-1,0,Unknown,No
51,Technician,Married,Secondary,No,18,No,Yes,Cellular,25,1900-07-01,363,6,-1,0,Unknown,No
50,Management,Divorced,Tertiary,No,201,Yes,No,Cellular,24,1900-07-01,248,1,-1,0,Unknown,No
34,Blue-Collar,Married,Secondary,No,1412,Yes,Yes,Unknown,27,1900-05-01,157,2,-1,0,Unknown,No
43,Blue-Collar,Married,Primary,No,-93,Yes,No,Unknown,26,1900-05-01,402,2,-1,0,Unknown,No
31,Services,Married,Secondary,No,-331,Yes,No,Unknown,23,1900-05-01,203,5,-1,0,Unknown,No
29,Blue-Collar,Married,Unknown,No,486,Yes,No,Cellular,6,1900-05-01,422,1,363,1,Failure,No
39,Blue-Collar,Married,Primary,No,694,Yes,No,Cellular,21,1900-11-01,44,1,-1,0,Unknown,No
36,Management,Single,Tertiary,No,2806,Yes,No,Unknown,30,1900-05-01,358,4,-1,0,Unknown,No
38,Unemployed,Single,Tertiary,No,0,No,No,Cellular,6,1900-02-01,39,2,-1,0,Unknown,No
56,Management,Divorced,Tertiary,No,2959,Yes,No,Telephone,18,1900-05-01,325,1,-1,0,Unknown,No
41,Housemaid,Divorced,Primary,No,22,Yes,No,Cellular,18,1900-11-01,238,3,126,4,Other,No
47,Technician,Married,Secondary,No,1167,Yes,No,Cellular,30,1900-04-01,968,1,87,5,Failure,Yes
38,Management,Single,Tertiary,No,35,Yes,No,Cellular,17,1900-04-01,156,1,273,3,Failure,No
80,Retired,Married,Secondary,No,8304,No,No,Telephone,6,1900-04-01,681,1,118,11,Success,No
37,Services,Married,Secondary,No,4760,Yes,No,Cellular,20,1900-11-01,187,2,-1,0,Unknown,No
44,Management,Single,Tertiary,No,-1313,Yes,Yes,Cellular,15,1900-05-01,104,10,-1,0,Unknown,No
33,Blue-Collar,Single,Secondary,No,697,No,No,Cellular,6,1900-02-01,860,2,-1,0,Unknown,Yes
53,Technician,Married,Secondary,No,230,No,Yes,Cellular,13,1900-08-01,112,2,-1,0,Unknown,No
69,Retired,Married,Tertiary,No,473,No,No,Cellular,7,1900-07-01,112,1,78,1,Failure,No
46,Technician,Married,Secondary,No,1427,Yes,No,Unknown,14,1900-05-01,32,3,-1,0,Unknown,No
30,Management,Single,Tertiary,No,201,Yes,No,Cellular,17,1900-03-01,325,2,-1,0,Unknown,Yes
31,Self-Employed,Single,Secondary,No,1086,No,No,Cellular,20,1900-11-01,410,1,-1,0,Unknown,No
38,Management,Divorced,Tertiary,No,4335,Yes,No,Cellular,20,1900-11-01,640,1,-1,0,Unknown,No
34,Services,Divorced,Secondary,No,44,No,No,Unknown,9,1900-06-01,118,1,-1,0,Unknown,No
48,Unknown,Married,Unknown,No,286,No,No,Cellular,30,1900-07-01,166,2,-1,0,Unknown,No
46,Blue-Collar,Divorced,Primary,No,216,No,No,Cellular,2,1900-02-01,173,1,-1,0,Unknown,No
42,Admin.,Married,Secondary,No,214,Yes,No,Unknown,28,1900-05-01,21,24,-1,0,Unknown,No
41,Blue-Collar,Married,Secondary,No,343,Yes,No,Unknown,14,1900-05-01,89,7,-1,0,Unknown,No
33,Blue-Collar,Married,Secondary,No,-77,Yes,No,Cellular,28,1900-07-01,151,3,-1,0,Unknown,No
39,Blue-Collar,Married,Primary,No,1046,No,No,Unknown,19,1900-06-01,112,4,-1,0,Unknown,No
27,Student,Single,Secondary,No,1566,No,No,Cellular,30,1900-01-01,164,5,-1,0,Unknown,No
26,Management,Single,Tertiary,No,592,No,No,Telephone,29,1900-01-01,145,2,164,1,Other,No
38,Management,Single,Tertiary,No,104,Yes,No,Cellular,6,1900-05-01,606,3,-1,0,Unknown,Yes
48,Blue-Collar,Married,Secondary,No,0,Yes,No,Unknown,26,1900-05-01,105,1,-1,0,Unknown,No
54,Services,Married,Secondary,No,-22,No,Yes,Cellular,9,1900-07-01,85,1,-1,0,Unknown,No
51,Services,Married,Secondary,No,0,No,No,Cellular,18,1900-07-01,439,3,-1,0,Unknown,No
47,Technician,Married,Secondary,No,72,No,No,Unknown,29,1900-05-01,278,1,-1,0,Unknown,No
53,Technician,Married,Secondary,No,100,No,No,Cellular,13,1900-08-01,205,4,-1,0,Unknown,No
35,Blue-Collar,Married,Primary,No,319,Yes,No,Cellular,16,1900-07-01,221,1,-1,0,Unknown,No
58,Management,Married,Tertiary,No,9339,Yes,No,Telephone,18,1900-11-01,52,3,172,3,Other,No
52,Management,Divorced,Tertiary,No,50,Yes,No,Unknown,12,1900-06-01,84,3,-1,0,Unknown,No
57,Retired,Married,Secondary,Yes,32,Yes,No,Cellular,15,1900-05-01,476,3,-1,0,Unknown,No
52,Management,Married,Tertiary,No,6922,No,No,Cellular,20,1900-11-01,371,1,-1,0,Unknown,No
35,Management,Single,Tertiary,No,633,Yes,No,Cellular,17,1900-04-01,128,3,-1,0,Unknown,No
48,Technician,Married,Secondary,No,4265,Yes,No,Unknown,13,1900-05-01,220,2,-1,0,Unknown,No
46,Entrepreneur,Married,Tertiary,No,2262,No,No,Telephone,14,1900-07-01,44,14,-1,0,Unknown,No
39,Services,Married,Secondary,No,1970,Yes,No,Unknown,8,1900-06-01,30,1,404,2,Success,No
38,Self-Employed,Divorced,Tertiary,No,1513,No,No,Cellular,7,1900-05-01,330,1,342,1,Failure,No
34,Entrepreneur,Married,Secondary,No,4659,Yes,No,Unknown,30,1900-08-01,28,1,-1,0,Unknown,No
47,Entrepreneur,Married,Primary,No,668,No,No,Cellular,12,1900-05-01,908,1,-1,0,Unknown,No
35,Management,Divorced,Tertiary,No,649,No,No,Cellular,16,1900-04-01,177,1,-1,0,Unknown,No
46,Blue-Collar,Divorced,Primary,No,452,Yes,No,Unknown,9,1900-05-01,113,4,-1,0,Unknown,No
27,Admin.,Single,Secondary,No,-145,Yes,No,Telephone,15,1900-05-01,289,8,-1,0,Unknown,No
31,Blue-Collar,Married,Secondary,No,-498,Yes,No,Cellular,21,1900-07-01,357,1,-1,0,Unknown,No
31,Management,Single,Tertiary,No,0,No,No,Cellular,28,1900-08-01,38,16,-1,0,Unknown,No
46,Admin.,Married,Secondary,No,22,Yes,No,Cellular,7,1900-08-01,414,4,-1,0,Unknown,No
31,Admin.,Married,Secondary,No,2304,Yes,No,Cellular,20,1900-11-01,257,2,-1,0,Unknown,No
33,Management,Married,Tertiary,No,1412,Yes,No,Unknown,19,1900-08-01,480,1,-1,0,Unknown,Yes
42,Housemaid,Married,Primary,No,145,No,No,Cellular,20,1900-08-01,252,2,-1,0,Unknown,No
33,Management,Single,Primary,No,4897,Yes,No,Unknown,20,1900-05-01,151,1,-1,0,Unknown,No
40,Housemaid,Married,Primary,No,1832,No,No,Cellular,6,1900-02-01,213,4,-1,0,Unknown,No
51,Blue-Collar,Married,Primary,No,3726,No,Yes,Cellular,27,1900-08-01,119,12,-1,0,Unknown,No
31,Unemployed,Married,Tertiary,No,591,No,No,Cellular,21,1900-11-01,161,2,-1,0,Unknown,No
62,Retired,Divorced,Tertiary,No,0,No,No,Cellular,13,1900-11-01,227,2,-1,0,Unknown,Yes
24,Student,Single,Secondary,No,508,Yes,No,Telephone,18,1900-05-01,12,3,374,1,Other,No
48,Unemployed,Married,Secondary,No,817,No,No,Cellular,14,1900-01-01,517,1,282,4,Success,Yes
41,Technician,Divorced,Secondary,No,348,Yes,No,Cellular,7,1900-05-01,225,2,275,2,Failure,No
43,Management,Married,Tertiary,No,291,Yes,No,Unknown,9,1900-05-01,150,2,-1,0,Unknown,No
52,Technician,Married,Secondary,No,3554,No,Yes,Cellular,8,1900-07-01,89,1,-1,0,Unknown,No
54,Blue-Collar,Married,Primary,No,781,Yes,No,Unknown,9,1900-05-01,103,2,-1,0,Unknown,No
32,Technician,Divorced,Tertiary,No,267,No,No,Cellular,26,1900-05-01,128,1,-1,0,Unknown,No
38,Blue-Collar,Married,Primary,No,1327,Yes,No,Cellular,20,1900-11-01,277,1,-1,0,Unknown,No
41,Admin.,Married,Primary,No,-306,Yes,No,Unknown,15,1900-05-01,500,1,-1,0,Unknown,Yes
31,Blue-Collar,Single,Primary,No,864,Yes,No,Telephone,14,1900-05-01,113,2,-1,0,Unknown,No
35,Housemaid,Married,Tertiary,No,1265,Yes,No,Cellular,15,1900-05-01,326,5,179,4,Failure,Yes
26,Admin.,Married,Secondary,No,0,No,No,Unknown,27,1900-05-01,755,1,-1,0,Unknown,No
52,Technician,Married,Tertiary,No,214,No,No,Cellular,29,1900-08-01,161,3,-1,0,Unknown,No
58,Retired,Married,Secondary,No,425,Yes,Yes,Cellular,17,1900-11-01,100,1,-1,0,Unknown,No
57,Housemaid,Married,Tertiary,No,3,No,No,Cellular,4,1900-08-01,142,2,-1,0,Unknown,No
34,Management,Married,Tertiary,No,0,Yes,No,Unknown,8,1900-05-01,214,2,-1,0,Unknown,No
59,Blue-Collar,Married,Primary,No,0,No,No,Cellular,18,1900-11-01,167,2,-1,0,Unknown,No
27,Technician,Single,Secondary,No,282,No,Yes,Cellular,9,1900-07-01,676,5,-1,0,Unknown,No
42,Entrepreneur,Married,Tertiary,No,0,No,No,Cellular,9,1900-07-01,236,1,-1,0,Unknown,No
47,Housemaid,Single,Tertiary,No,3727,No,No,Unknown,12,1900-06-01,993,6,-1,0,Unknown,Yes
33,Blue-Collar,Married,Secondary,No,0,Yes,Yes,Cellular,28,1900-07-01,83,12,-1,0,Unknown,No
31,Services,Single,Secondary,No,864,Yes,No,Cellular,6,1900-05-01,100,1,-1,0,Unknown,No
37,Management,Married,Tertiary,No,4089,Yes,No,Cellular,2,1900-02-01,289,2,174,4,Other,Yes
29,Blue-Collar,Married,Secondary,No,-478,No,Yes,Cellular,8,1900-07-01,528,2,-1,0,Unknown,No
38,Unemployed,Married,Primary,No,-363,No,No,Unknown,12,1900-06-01,340,2,-1,0,Unknown,No
35,Self-Employed,Married,Secondary,No,8883,No,No,Cellular,21,1900-11-01,33,3,-1,0,Unknown,No
31,Technician,Single,Secondary,No,1970,No,No,Telephone,17,1900-04-01,284,3,-1,0,Unknown,No
62,Management,Married,Tertiary,No,1859,No,No,Telephone,6,1900-08-01,245,3,-1,0,Unknown,Yes
32,Technician,Single,Tertiary,No,1059,Yes,No,Cellular,17,1900-04-01,115,1,-1,0,Unknown,No
31,Services,Married,Secondary,No,388,Yes,No,Unknown,5,1900-05-01,730,2,-1,0,Unknown,No
51,Blue-Collar,Divorced,Primary,No,602,Yes,No,Cellular,11,1900-05-01,347,1,284,2,Failure,No
29,Services,Single,Secondary,No,0,No,No,Cellular,17,1900-07-01,58,1,-1,0,Unknown,No
43,Blue-Collar,Married,Primary,No,255,Yes,No,Cellular,17,1900-07-01,180,1,-1,0,Unknown,No
36,Blue-Collar,Married,Secondary,No,63,Yes,No,Unknown,2,1900-06-01,56,8,-1,0,Unknown,No
34,Self-Employed,Married,Primary,No,712,Yes,No,Unknown,2,1900-06-01,326,3,-1,0,Unknown,No
29,Services,Married,Secondary,No,57,Yes,No,Telephone,21,1900-07-01,342,9,-1,0,Unknown,No
57,Retired,Married,Secondary,No,523,No,Yes,Cellular,2,1900-02-01,49,6,-1,0,Unknown,No
43,Management,Married,Tertiary,No,422,No,No,Cellular,12,1900-08-01,110,1,-1,0,Unknown,No
33,Services,Married,Secondary,No,386,No,No,Cellular,12,1900-11-01,253,1,92,4,Failure,Yes
60,Management,Married,Tertiary,No,3387,No,No,Cellular,14,1900-08-01,636,2,-1,0,Unknown,No
51,Technician,Married,Primary,No,260,No,No,Cellular,19,1900-08-01,137,2,-1,0,Unknown,No
40,Admin.,Single,Secondary,No,-1,No,No,Cellular,7,1900-07-01,173,1,-1,0,Unknown,No
51,Technician,Married,Secondary,No,1490,Yes,No,Cellular,18,1900-07-01,227,2,-1,0,Unknown,No
38,Services,Married,Secondary,No,497,Yes,Yes,Unknown,19,1900-05-01,88,5,-1,0,Unknown,No
35,Technician,Married,Secondary,No,1707,Yes,No,Unknown,2,1900-06-01,426,3,-1,0,Unknown,No
47,Technician,Married,Secondary,No,826,Yes,No,Telephone,18,1900-11-01,195,3,112,8,Other,No
45,Blue-Collar,Married,Primary,No,907,No,No,Cellular,18,1900-08-01,230,8,-1,0,Unknown,No
40,Services,Married,Secondary,No,1836,Yes,No,Cellular,12,1900-05-01,750,2,-1,0,Unknown,Yes
29,Entrepreneur,Single,Secondary,No,404,No,No,Cellular,30,1900-01-01,413,3,-1,0,Unknown,No
52,Management,Divorced,Tertiary,No,907,Yes,No,Unknown,4,1900-06-01,104,2,-1,0,Unknown,No
26,Technician,Married,Secondary,No,18,Yes,Yes,Cellular,5,1900-05-01,138,1,-1,0,Unknown,No
31,Blue-Collar,Single,Primary,No,-495,Yes,No,Unknown,29,1900-05-01,334,2,-1,0,Unknown,No
55,Services,Married,Unknown,No,1210,Yes,No,Unknown,30,1900-05-01,868,1,-1,0,Unknown,No
35,Services,Married,Secondary,No,819,Yes,No,Telephone,14,1900-07-01,102,14,-1,0,Unknown,No
56,Management,Divorced,Tertiary,No,442,No,No,Unknown,28,1900-05-01,77,3,-1,0,Unknown,No
28,Blue-Collar,Single,Secondary,No,-46,Yes,No,Cellular,1,1900-09-01,199,1,92,14,Success,Yes
27,Student,Single,Secondary,No,671,Yes,No,Unknown,7,1900-05-01,332,2,-1,0,Unknown,No
30,Technician,Married,Secondary,No,371,No,No,Cellular,7,1900-08-01,124,2,-1,0,Unknown,No
51,Technician,Married,Tertiary,No,-3,No,No,Cellular,25,1900-08-01,91,9,-1,0,Unknown,No
33,Management,Married,Secondary,No,11,Yes,No,Cellular,4,1900-05-01,104,3,-1,0,Unknown,No
32,Blue-Collar,Single,Secondary,No,33,Yes,No,Cellular,18,1900-05-01,125,1,368,4,Failure,No
43,Entrepreneur,Married,Secondary,No,104,Yes,No,Cellular,18,1900-07-01,635,3,-1,0,Unknown,Yes
46,Blue-Collar,Married,Primary,No,174,No,Yes,Cellular,15,1900-07-01,90,1,-1,0,Unknown,No
32,Management,Married,Tertiary,No,3107,Yes,Yes,Cellular,25,1900-07-01,310,1,-1,0,Unknown,No
40,Services,Married,Secondary,No,1438,Yes,No,Cellular,6,1900-05-01,207,1,351,2,Failure,No
39,Blue-Collar,Married,Secondary,No,1367,No,No,Unknown,12,1900-06-01,43,1,-1,0,Unknown,No
51,Blue-Collar,Married,Primary,No,-11,No,No,Telephone,16,1900-07-01,126,4,-1,0,Unknown,No
46,Admin.,Single,Secondary,No,1693,Yes,No,Cellular,25,1900-01-01,137,1,97,1,Success,No
43,Blue-Collar,Married,Primary,No,778,Yes,Yes,Unknown,15,1900-05-01,284,5,-1,0,Unknown,No
36,Technician,Married,Tertiary,No,837,No,No,Cellular,28,1900-08-01,68,6,-1,0,Unknown,No
48,Management,Married,Tertiary,No,363,No,No,Cellular,18,1900-11-01,67,1,-1,0,Unknown,No
26,Admin.,Single,Secondary,No,236,Yes,Yes,Cellular,18,1900-05-01,8,2,-1,0,Unknown,No
39,Admin.,Single,Unknown,No,0,Yes,No,Cellular,11,1900-05-01,62,1,-1,0,Unknown,No
47,Management,Married,Tertiary,No,-50,No,Yes,Cellular,7,1900-07-01,175,1,-1,0,Unknown,No
23,Entrepreneur,Single,Primary,No,4,Yes,No,Unknown,13,1900-05-01,395,2,-1,0,Unknown,Yes
54,Management,Divorced,Tertiary,No,26306,Yes,No,Cellular,11,1900-02-01,27,1,84,3,Failure,No
38,Admin.,Married,Secondary,No,46,Yes,Yes,Unknown,6,1900-05-01,195,1,-1,0,Unknown,No
33,Technician,Married,Secondary,No,575,No,Yes,Cellular,4,1900-02-01,254,2,-1,0,Unknown,No
35,Admin.,Divorced,Secondary,No,148,No,Yes,Cellular,8,1900-07-01,199,1,-1,0,Unknown,No
52,Services,Married,Secondary,No,431,No,No,Cellular,26,1900-08-01,73,17,-1,0,Unknown,No
25,Technician,Single,Tertiary,No,777,Yes,No,Unknown,14,1900-05-01,351,1,-1,0,Unknown,No
29,Management,Married,Tertiary,No,199,Yes,Yes,Unknown,7,1900-05-01,1689,4,-1,0,Unknown,Yes
35,Technician,Single,Tertiary,No,3552,No,No,Cellular,21,1900-11-01,267,1,-1,0,Unknown,No
49,Services,Married,Secondary,No,47,No,No,Unknown,5,1900-05-01,234,2,-1,0,Unknown,No
41,Admin.,Divorced,Secondary,No,3823,No,No,Cellular,26,1900-04-01,234,10,-1,0,Unknown,No
32,Management,Married,Tertiary,No,138,No,No,Cellular,20,1900-08-01,94,4,-1,0,Unknown,No
29,Admin.,Single,Secondary,No,1117,Yes,No,Unknown,8,1900-05-01,77,2,-1,0,Unknown,No
28,Blue-Collar,Married,Secondary,No,1325,Yes,No,Cellular,15,1900-05-01,242,1,-1,0,Unknown,No
59,Retired,Married,Secondary,No,0,No,No,Cellular,18,1900-07-01,247,4,-1,0,Unknown,No
34,Entrepreneur,Married,Tertiary,No,4343,No,No,Unknown,9,1900-06-01,85,4,-1,0,Unknown,No
55,Management,Divorced,Tertiary,No,1598,No,No,Cellular,22,1900-08-01,607,4,-1,0,Unknown,No
34,Management,Married,Tertiary,No,3301,Yes,No,Cellular,17,1900-06-01,485,2,227,4,Failure,Yes
24,Student,Single,Secondary,No,822,No,No,Cellular,27,1900-10-01,184,1,91,2,Failure,Yes
42,Technician,Divorced,Secondary,No,-280,Yes,No,Unknown,26,1900-05-01,258,1,-1,0,Unknown,No
34,Management,Single,Unknown,No,1534,Yes,No,Cellular,16,1900-04-01,156,1,147,7,Other,No
34,Admin.,Married,Secondary,No,1671,No,No,Unknown,21,1900-05-01,160,1,-1,0,Unknown,No
51,Self-Employed,Married,Tertiary,No,2007,No,No,Unknown,16,1900-06-01,1021,1,-1,0,Unknown,No
58,Blue-Collar,Married,Primary,No,0,Yes,No,Cellular,31,1900-07-01,5,25,-1,0,Unknown,No
44,Technician,Married,Secondary,No,2776,Yes,No,Cellular,27,1900-01-01,701,1,-1,0,Unknown,Yes
33,Blue-Collar,Married,Secondary,No,139,Yes,Yes,Cellular,18,1900-05-01,732,2,291,5,Failure,Yes
34,Management,Married,Tertiary,No,573,No,No,Cellular,10,1900-08-01,122,1,-1,0,Unknown,No
34,Admin.,Married,Secondary,No,475,Yes,No,Unknown,7,1900-05-01,559,1,-1,0,Unknown,No
42,Blue-Collar,Divorced,Secondary,No,47,Yes,Yes,Unknown,8,1900-05-01,141,1,-1,0,Unknown,No
46,Management,Single,Tertiary,No,2154,Yes,No,Cellular,21,1900-07-01,87,4,-1,0,Unknown,No
31,Self-Employed,Single,Tertiary,No,96,No,No,Cellular,5,1900-02-01,577,1,-1,0,Unknown,No
39,Entrepreneur,Married,Tertiary,No,83,Yes,No,Cellular,11,1900-07-01,193,2,-1,0,Unknown,No
34,Management,Single,Tertiary,No,6766,No,No,Cellular,28,1900-08-01,210,5,-1,0,Unknown,No
47,Technician,Married,Secondary,No,3973,No,No,Cellular,6,1900-08-01,732,2,-1,0,Unknown,No
42,Services,Divorced,Secondary,No,372,Yes,Yes,Unknown,6,1900-05-01,121,2,-1,0,Unknown,No
48,Blue-Collar,Single,Secondary,No,-552,No,Yes,Cellular,21,1900-11-01,150,2,-1,0,Unknown,No
30,Self-Employed,Single,Tertiary,No,48,No,No,Cellular,21,1900-11-01,140,1,-1,0,Unknown,No
38,Technician,Married,Secondary,No,7696,Yes,No,Cellular,20,1900-11-01,386,2,-1,0,Unknown,No
24,Services,Married,Secondary,No,4500,Yes,No,Cellular,11,1900-05-01,733,2,-1,0,Unknown,Yes
34,Technician,Married,Secondary,No,1,Yes,No,Cellular,19,1900-11-01,108,1,-1,0,Unknown,No
46,Management,Single,Tertiary,No,46,No,Yes,Cellular,17,1900-11-01,80,1,152,1,Failure,No
32,Admin.,Divorced,Secondary,Yes,-18,Yes,No,Unknown,12,1900-05-01,155,3,-1,0,Unknown,No
46,Services,Married,Secondary,No,451,Yes,Yes,Cellular,13,1900-05-01,389,4,-1,0,Unknown,No
26,Self-Employed,Married,Tertiary,No,479,Yes,No,Cellular,9,1900-02-01,133,3,-1,0,Unknown,No
42,Blue-Collar,Married,Secondary,No,0,Yes,No,Cellular,21,1900-11-01,328,6,-1,0,Unknown,No
50,Technician,Married,Secondary,No,1130,Yes,No,Cellular,23,1900-07-01,119,2,-1,0,Unknown,No
41,Blue-Collar,Married,Primary,No,389,Yes,No,Unknown,16,1900-06-01,87,6,-1,0,Unknown,No
34,Admin.,Single,Secondary,No,10,No,Yes,Cellular,18,1900-11-01,162,1,173,3,Failure,No
32,Services,Married,Secondary,No,401,Yes,No,Unknown,15,1900-05-01,294,2,-1,0,Unknown,No
58,Housemaid,Single,Tertiary,No,145,Yes,Yes,Cellular,16,1900-07-01,128,2,-1,0,Unknown,No
45,Technician,Married,Secondary,No,115,Yes,No,Cellular,6,1900-05-01,108,1,-1,0,Unknown,No
28,Admin.,Single,Secondary,No,89,Yes,Yes,Cellular,6,1900-02-01,172,2,-1,0,Unknown,No
35,Technician,Married,Secondary,No,94,Yes,Yes,Unknown,14,1900-05-01,208,5,-1,0,Unknown,No
39,Services,Married,Secondary,No,1438,Yes,No,Unknown,20,1900-05-01,212,2,-1,0,Unknown,No
49,Unemployed,Divorced,Tertiary,No,780,No,No,Cellular,8,1900-11-01,148,1,871,2,Failure,No
50,Management,Married,Tertiary,No,207,Yes,No,Cellular,4,1900-02-01,99,1,-1,0,Unknown,No
37,Management,Married,Tertiary,No,238,No,No,Cellular,3,1900-02-01,185,1,92,1,Success,Yes
45,Blue-Collar,Married,Primary,No,2433,No,No,Cellular,6,1900-08-01,133,2,-1,0,Unknown,No
30,Housemaid,Single,Secondary,No,1924,No,No,Cellular,6,1900-02-01,170,1,-1,0,Unknown,No
48,Unemployed,Married,Tertiary,No,-471,Yes,No,Unknown,19,1900-05-01,668,7,-1,0,Unknown,No
36,Management,Single,Tertiary,No,1531,Yes,No,Cellular,8,1900-05-01,81,3,170,1,Failure,No
41,Management,Single,Secondary,No,764,No,No,Cellular,12,1900-06-01,230,2,-1,0,Unknown,No
55,Blue-Collar,Married,Secondary,No,383,No,No,Unknown,5,1900-05-01,287,1,-1,0,Unknown,No
70,Retired,Married,Primary,No,3782,No,No,Cellular,16,1900-03-01,618,1,-1,0,Unknown,No
41,Management,Married,Tertiary,No,326,Yes,No,Cellular,5,1900-05-01,788,1,-1,0,Unknown,Yes
47,Services,Divorced,Secondary,No,691,No,No,Cellular,6,1900-02-01,285,6,-1,0,Unknown,No
34,Technician,Single,Secondary,No,0,No,No,Cellular,21,1900-08-01,163,2,-1,0,Unknown,No
33,Management,Single,Tertiary,No,99,No,No,Cellular,8,1900-07-01,159,1,-1,0,Unknown,No
58,Retired,Married,Secondary,No,502,Yes,No,Cellular,12,1900-05-01,197,2,370,3,Failure,No
51,Management,Married,Tertiary,No,-15,No,No,Cellular,25,1900-07-01,212,2,-1,0,Unknown,No
45,Management,Married,Tertiary,No,1929,Yes,No,Unknown,29,1900-05-01,44,15,-1,0,Unknown,No
55,Admin.,Married,Secondary,No,0,No,No,Cellular,23,1900-09-01,180,2,238,3,Success,No
30,Blue-Collar,Single,Primary,No,185,No,No,Unknown,26,1900-06-01,11,1,-1,0,Unknown,No
33,Management,Single,Secondary,No,-424,Yes,No,Unknown,26,1900-05-01,863,1,-1,0,Unknown,No
27,Services,Single,Secondary,No,0,Yes,No,Unknown,7,1900-05-01,388,7,-1,0,Unknown,No
59,Retired,Married,Secondary,No,319,Yes,No,Unknown,5,1900-05-01,143,3,-1,0,Unknown,No
34,Management,Single,Tertiary,No,171,Yes,No,Cellular,7,1900-05-01,191,1,294,1,Failure,No
47,Technician,Divorced,Tertiary,No,-1148,Yes,Yes,Unknown,27,1900-05-01,62,2,-1,0,Unknown,No
44,Blue-Collar,Married,Primary,No,-11,Yes,No,Unknown,9,1900-05-01,13,1,-1,0,Unknown,No
35,Admin.,Single,Secondary,No,0,Yes,No,Cellular,13,1900-05-01,1073,1,-1,0,Unknown,Yes
45,Management,Married,Tertiary,No,-206,Yes,No,Cellular,6,1900-05-01,337,2,-1,0,Unknown,No
42,Blue-Collar,Married,Primary,No,704,Yes,Yes,Telephone,31,1900-07-01,88,10,-1,0,Unknown,No
38,Technician,Married,Secondary,No,1931,No,No,Cellular,2,1900-06-01,167,1,298,10,Other,No
34,Technician,Single,Secondary,No,943,No,No,Cellular,29,1900-08-01,96,4,-1,0,Unknown,No
35,Technician,Married,Secondary,No,327,Yes,No,Cellular,13,1900-04-01,537,3,-1,0,Unknown,No
29,Management,Single,Secondary,No,-105,Yes,No,Unknown,27,1900-05-01,5,3,-1,0,Unknown,No
58,Retired,Married,Secondary,No,983,No,No,Cellular,5,1900-08-01,139,1,-1,0,Unknown,No
44,Blue-Collar,Single,Primary,No,787,Yes,No,Unknown,30,1900-05-01,570,2,-1,0,Unknown,No
45,Entrepreneur,Married,Tertiary,No,0,Yes,No,Cellular,29,1900-07-01,100,3,-1,0,Unknown,No
43,Blue-Collar,Married,Secondary,No,3060,Yes,No,Unknown,15,1900-05-01,253,2,-1,0,Unknown,No
44,Services,Married,Secondary,No,5780,Yes,No,Cellular,1,1900-04-01,525,2,-1,0,Unknown,No
30,Technician,Single,Secondary,No,790,No,No,Cellular,20,1900-08-01,696,3,-1,0,Unknown,No
38,Unemployed,Married,Tertiary,No,1449,No,No,Unknown,26,1900-05-01,535,6,-1,0,Unknown,No
50,Technician,Married,Secondary,No,1412,No,No,Cellular,6,1900-08-01,131,3,-1,0,Unknown,No
21,Student,Single,Secondary,No,681,No,No,Unknown,20,1900-08-01,6,1,-1,0,Unknown,No
38,Entrepreneur,Married,Tertiary,No,228,Yes,No,Cellular,5,1900-02-01,105,1,-1,0,Unknown,No
42,Admin.,Married,Secondary,No,0,No,No,Unknown,19,1900-06-01,370,1,-1,0,Unknown,No
45,Technician,Single,Tertiary,No,2087,No,No,Cellular,29,1900-08-01,29,14,-1,0,Unknown,No
34,Entrepreneur,Married,Secondary,No,2,Yes,Yes,Cellular,5,1900-05-01,184,1,167,6,Failure,No
48,Technician,Married,Secondary,No,197,No,Yes,Cellular,3,1900-02-01,47,2,222,3,Other,No
34,Services,Married,Secondary,No,0,No,Yes,Unknown,2,1900-07-01,193,4,-1,0,Unknown,No
32,Blue-Collar,Married,Secondary,No,1905,Yes,No,Cellular,16,1900-07-01,709,2,-1,0,Unknown,Yes
35,Technician,Married,Tertiary,No,118,No,No,Cellular,6,1900-08-01,358,2,-1,0,Unknown,No
39,Entrepreneur,Married,Tertiary,No,2644,Yes,No,Unknown,20,1900-05-01,253,1,-1,0,Unknown,No
36,Self-Employed,Married,Tertiary,No,16430,Yes,No,Unknown,6,1900-06-01,197,3,-1,0,Unknown,No
35,Technician,Married,Secondary,No,13,No,No,Cellular,22,1900-08-01,94,2,-1,0,Unknown,No
57,Services,Divorced,Secondary,No,14,No,Yes,Cellular,22,1900-07-01,445,2,-1,0,Unknown,No
28,Technician,Single,Secondary,No,769,Yes,No,Cellular,15,1900-05-01,153,1,371,2,Failure,No
43,Admin.,Married,Unknown,No,3485,No,No,Unknown,18,1900-06-01,113,1,-1,0,Unknown,No
57,Management,Married,Secondary,No,139,No,No,Cellular,17,1900-08-01,80,1,-1,0,Unknown,No
34,Services,Divorced,Secondary,No,202,Yes,No,Unknown,15,1900-05-01,318,1,-1,0,Unknown,No
36,Technician,Married,Tertiary,No,6,Yes,No,Cellular,27,1900-01-01,100,1,435,1,Failure,No
47,Management,Divorced,Tertiary,No,2515,No,No,Unknown,20,1900-06-01,40,3,-1,0,Unknown,No
36,Management,Divorced,Tertiary,No,5195,Yes,No,Unknown,2,1900-06-01,55,25,-1,0,Unknown,No
33,Management,Married,Tertiary,No,2098,No,No,Cellular,20,1900-11-01,67,1,-1,0,Unknown,No
57,Management,Married,Tertiary,No,320,No,No,Cellular,7,1900-08-01,76,2,-1,0,Unknown,No
57,Management,Married,Tertiary,No,3431,Yes,No,Unknown,16,1900-05-01,73,1,-1,0,Unknown,No
34,Admin.,Married,Secondary,No,50,Yes,No,Unknown,20,1900-05-01,89,2,-1,0,Unknown,No
51,Housemaid,Divorced,Tertiary,No,370,Yes,No,Cellular,19,1900-08-01,109,3,-1,0,Unknown,No
54,Blue-Collar,Divorced,Primary,No,-182,No,No,Cellular,9,1900-07-01,98,1,-1,0,Unknown,No
52,Self-Employed,Single,Tertiary,No,1623,Yes,No,Unknown,5,1900-06-01,21,17,-1,0,Unknown,No
43,Entrepreneur,Married,Tertiary,No,13342,Yes,No,Cellular,18,1900-11-01,465,1,-1,0,Unknown,No
58,Retired,Single,Primary,No,6570,No,No,Cellular,21,1900-07-01,106,3,-1,0,Unknown,No
53,Admin.,Married,Secondary,No,225,Yes,No,Cellular,20,1900-04-01,304,1,340,1,Failure,No
44,Management,Married,Secondary,No,-665,No,No,Cellular,30,1900-07-01,342,3,-1,0,Unknown,No
29,Management,Single,Tertiary,No,0,No,No,Unknown,16,1900-05-01,16,25,-1,0,Unknown,No
27,Services,Single,Secondary,No,54,Yes,No,Unknown,28,1900-05-01,543,2,-1,0,Unknown,Yes
35,Blue-Collar,Married,Primary,No,46,No,No,Cellular,8,1900-07-01,338,3,-1,0,Unknown,No
40,Self-Employed,Married,Secondary,No,2,No,No,Cellular,22,1900-08-01,197,5,-1,0,Unknown,No
34,Blue-Collar,Married,Secondary,No,103,Yes,Yes,Unknown,8,1900-05-01,956,2,-1,0,Unknown,No
38,Admin.,Single,Secondary,No,883,Yes,No,Cellular,12,1900-05-01,95,1,327,9,Other,No
32,Services,Married,Secondary,No,55,Yes,No,Unknown,15,1900-05-01,546,9,-1,0,Unknown,No
41,Admin.,Married,Secondary,No,8238,Yes,Yes,Unknown,30,1900-05-01,124,4,-1,0,Unknown,No
25,Blue-Collar,Single,Secondary,No,913,Yes,No,Cellular,7,1900-07-01,113,4,-1,0,Unknown,No
38,Blue-Collar,Divorced,Secondary,No,595,Yes,No,Cellular,7,1900-05-01,245,3,-1,0,Unknown,No
26,Technician,Single,Secondary,No,7,Yes,No,Cellular,22,1900-07-01,188,2,-1,0,Unknown,No
37,Technician,Single,Tertiary,No,1661,No,No,Cellular,19,1900-08-01,199,5,-1,0,Unknown,No
30,Management,Married,Tertiary,No,102,Yes,No,Cellular,5,1900-04-01,470,7,426,3,Other,Yes
36,Services,Married,Secondary,No,338,No,No,Unknown,14,1900-05-01,90,1,-1,0,Unknown,No
33,Management,Married,Secondary,No,3132,Yes,No,Unknown,23,1900-05-01,350,5,-1,0,Unknown,No
33,Admin.,Single,Tertiary,No,490,Yes,No,Cellular,7,1900-05-01,31,1,363,2,Failure,No
35,Management,Married,Tertiary,No,2682,Yes,No,Cellular,9,1900-07-01,156,1,-1,0,Unknown,No
24,Services,Married,Tertiary,No,0,Yes,No,Unknown,27,1900-05-01,299,1,-1,0,Unknown,No
29,Unemployed,Married,Secondary,No,596,No,No,Cellular,30,1900-01-01,510,2,-1,0,Unknown,No
54,Blue-Collar,Married,Secondary,No,2059,Yes,No,Cellular,25,1900-08-01,177,4,-1,0,Unknown,No
27,Admin.,Married,Secondary,No,132,No,No,Cellular,13,1900-10-01,123,2,-1,0,Unknown,No
34,Management,Married,Secondary,No,0,No,No,Cellular,2,1900-02-01,270,1,-1,0,Unknown,No
39,Blue-Collar,Married,Primary,No,385,Yes,No,Unknown,16,1900-05-01,225,4,-1,0,Unknown,No
38,Management,Married,Tertiary,No,223,No,No,Cellular,28,1900-01-01,63,1,-1,0,Unknown,No
37,Management,Married,Tertiary,No,0,Yes,No,Unknown,3,1900-06-01,247,13,-1,0,Unknown,No
26,Services,Single,Secondary,No,512,Yes,Yes,Cellular,30,1900-01-01,206,5,239,3,Failure,No
36,Entrepreneur,Married,Tertiary,No,1169,Yes,No,Unknown,6,1900-05-01,168,2,-1,0,Unknown,No
35,Management,Single,Tertiary,No,71,Yes,No,Unknown,21,1900-05-01,836,12,-1,0,Unknown,No
30,Management,Single,Tertiary,No,940,No,No,Cellular,8,1900-08-01,131,2,-1,0,Unknown,No
25,Technician,Single,Secondary,No,-80,Yes,Yes,Unknown,3,1900-06-01,89,1,-1,0,Unknown,No
34,Technician,Married,Secondary,No,0,Yes,No,Cellular,29,1900-08-01,116,4,-1,0,Unknown,No
52,Unknown,Married,Unknown,No,1317,No,No,Unknown,12,1900-06-01,58,1,-1,0,Unknown,No
39,Admin.,Married,Secondary,No,179,No,No,Unknown,6,1900-09-01,36,1,-1,0,Unknown,No
34,Management,Married,Secondary,No,1007,Yes,No,Cellular,21,1900-07-01,240,2,-1,0,Unknown,No
34,Management,Single,Secondary,No,0,No,No,Cellular,22,1900-08-01,132,4,-1,0,Unknown,No
30,Services,Married,Secondary,No,1286,Yes,Yes,Cellular,17,1900-07-01,544,1,-1,0,Unknown,No
33,Services,Married,Secondary,No,804,Yes,Yes,Unknown,8,1900-05-01,266,1,-1,0,Unknown,No
30,Student,Single,Secondary,No,4,No,No,Cellular,4,1900-02-01,443,2,-1,0,Unknown,No
51,Blue-Collar,Married,Primary,No,0,Yes,No,Cellular,10,1900-07-01,324,1,-1,0,Unknown,No
36,Services,Single,Secondary,No,417,Yes,No,Cellular,6,1900-02-01,15,10,207,3,Failure,No
48,Blue-Collar,Married,Primary,No,1678,No,No,Cellular,28,1900-01-01,263,2,-1,0,Unknown,No
37,Services,Divorced,Secondary,No,532,Yes,No,Unknown,11,1900-06-01,199,1,-1,0,Unknown,No
58,Management,Married,Secondary,No,407,Yes,No,Cellular,29,1900-07-01,145,2,-1,0,Unknown,No
56,Management,Divorced,Tertiary,No,659,No,Yes,Cellular,2,1900-06-01,56,1,-1,0,Unknown,No
34,Blue-Collar,Married,Secondary,No,393,Yes,No,Cellular,5,1900-05-01,11,9,-1,0,Unknown,No
33,Admin.,Divorced,Secondary,No,661,Yes,No,Cellular,18,1900-11-01,411,1,173,2,Other,No
26,Services,Single,Secondary,No,0,No,No,Cellular,29,1900-07-01,165,23,-1,0,Unknown,No
40,Management,Single,Unknown,No,838,Yes,No,Unknown,12,1900-05-01,619,3,-1,0,Unknown,No
35,Services,Married,Secondary,No,195,Yes,No,Cellular,17,1900-04-01,203,1,-1,0,Unknown,No
45,Entrepreneur,Married,Secondary,No,68,Yes,No,Unknown,7,1900-05-01,254,1,-1,0,Unknown,No
37,Technician,Single,Secondary,No,-242,Yes,No,Cellular,13,1900-08-01,1149,6,-1,0,Unknown,Yes
35,Management,Divorced,Tertiary,No,321,Yes,No,Unknown,9,1900-05-01,189,1,-1,0,Unknown,No
43,Services,Single,Secondary,No,3403,Yes,No,Cellular,12,1900-11-01,707,2,97,2,Success,Yes
28,Blue-Collar,Married,Secondary,No,8,Yes,No,Cellular,15,1900-05-01,196,1,-1,0,Unknown,No
32,Blue-Collar,Divorced,Secondary,No,739,Yes,No,Unknown,9,1900-05-01,171,1,-1,0,Unknown,No
26,Unemployed,Single,Secondary,No,622,No,No,Cellular,28,1900-01-01,1451,2,-1,0,Unknown,Yes
35,Services,Married,Secondary,No,152,Yes,No,Unknown,2,1900-06-01,563,1,-1,0,Unknown,Yes
35,Technician,Single,Secondary,No,2,No,No,Cellular,11,1900-08-01,239,4,-1,0,Unknown,No
39,Blue-Collar,Married,Secondary,No,1439,Yes,No,Telephone,28,1900-07-01,73,6,-1,0,Unknown,No
42,Blue-Collar,Divorced,Secondary,No,1491,Yes,No,Cellular,6,1900-05-01,203,2,334,2,Failure,No
32,Technician,Single,Secondary,No,6402,Yes,No,Cellular,6,1900-05-01,158,1,167,1,Success,No
30,Unemployed,Married,Secondary,No,1210,No,No,Cellular,9,1900-07-01,100,4,-1,0,Unknown,No
26,Management,Single,Tertiary,No,122,No,Yes,Cellular,8,1900-07-01,160,1,-1,0,Unknown,No
30,Student,Single,Secondary,No,0,Yes,No,Cellular,19,1900-11-01,661,1,-1,0,Unknown,No
32,Management,Married,Tertiary,No,62,Yes,No,Cellular,14,1900-05-01,166,1,-1,0,Unknown,No
47,Services,Married,Secondary,No,3333,Yes,Yes,Cellular,29,1900-07-01,114,2,-1,0,Unknown,No
33,Technician,Married,Tertiary,No,16992,Yes,No,Unknown,29,1900-05-01,58,1,-1,0,Unknown,No
57,Blue-Collar,Married,Primary,No,23,Yes,No,Telephone,31,1900-07-01,25,8,-1,0,Unknown,No
35,Admin.,Married,Secondary,No,0,Yes,No,Cellular,7,1900-05-01,121,2,-1,0,Unknown,No
53,Technician,Married,Tertiary,No,6072,No,Yes,Unknown,16,1900-06-01,226,4,-1,0,Unknown,No
24,Retired,Single,Secondary,No,366,No,Yes,Unknown,16,1900-05-01,234,2,-1,0,Unknown,No
54,Management,Divorced,Tertiary,No,0,No,Yes,Cellular,10,1900-07-01,88,1,-1,0,Unknown,No
31,Management,Married,Tertiary,No,1343,Yes,Yes,Unknown,21,1900-05-01,85,1,-1,0,Unknown,No
41,Entrepreneur,Married,Secondary,No,2105,Yes,No,Cellular,18,1900-11-01,134,1,-1,0,Unknown,No
44,Unknown,Married,Secondary,No,2319,No,No,Cellular,4,1900-08-01,251,3,-1,0,Unknown,No
35,Services,Single,Secondary,No,35,Yes,No,Cellular,14,1900-05-01,152,1,-1,0,Unknown,No
30,Management,Married,Tertiary,No,877,No,No,Cellular,13,1900-08-01,202,1,83,5,Failure,No
43,Blue-Collar,Single,Primary,No,30,Yes,No,Unknown,30,1900-05-01,379,17,-1,0,Unknown,No
51,Entrepreneur,Married,Secondary,Yes,-2082,No,Yes,Cellular,28,1900-07-01,123,6,-1,0,Unknown,No
60,Retired,Married,Secondary,No,89,No,No,Cellular,30,1900-04-01,156,2,-1,0,Unknown,No
43,Self-Employed,Married,Secondary,No,104,No,No,Unknown,17,1900-06-01,332,1,-1,0,Unknown,No
31,Management,Married,Tertiary,No,1750,Yes,No,Telephone,14,1900-05-01,90,3,-1,0,Unknown,No
56,Management,Married,Primary,No,772,Yes,No,Telephone,20,1900-11-01,291,1,-1,0,Unknown,No
42,Technician,Married,Secondary,No,1048,Yes,No,Telephone,6,1900-02-01,23,2,-1,0,Unknown,No
52,Entrepreneur,Married,Primary,No,592,No,No,Cellular,21,1900-07-01,122,2,-1,0,Unknown,No
40,Technician,Married,Secondary,No,0,Yes,Yes,Cellular,26,1900-07-01,105,2,172,1,Failure,No
36,Services,Married,Secondary,No,3064,Yes,No,Telephone,11,1900-05-01,1143,4,-1,0,Unknown,No
40,Services,Married,Primary,No,33,No,No,Unknown,26,1900-05-01,70,3,-1,0,Unknown,No
46,Blue-Collar,Married,Secondary,No,0,Yes,No,Cellular,8,1900-05-01,264,2,-1,0,Unknown,No
32,Admin.,Single,Secondary,No,1649,No,No,Cellular,27,1900-05-01,204,2,-1,0,Unknown,No
31,Housemaid,Single,Tertiary,No,287,Yes,No,Cellular,19,1900-11-01,182,1,-1,0,Unknown,No
41,Technician,Divorced,Secondary,No,0,Yes,No,Cellular,17,1900-11-01,386,2,-1,0,Unknown,No
58,Housemaid,Married,Primary,No,419,No,Yes,Unknown,5,1900-06-01,295,3,-1,0,Unknown,No
36,Services,Married,Secondary,No,257,Yes,No,Cellular,12,1900-05-01,86,2,-1,0,Unknown,No
52,Technician,Married,Secondary,No,118,No,No,Cellular,28,1900-08-01,16,20,-1,0,Unknown,No
42,Management,Married,Tertiary,No,251,No,No,Cellular,20,1900-08-01,413,2,-1,0,Unknown,No
32,Management,Single,Tertiary,No,1731,Yes,Yes,Unknown,29,1900-05-01,323,3,-1,0,Unknown,No
62,Management,Married,Tertiary,No,0,No,No,Cellular,13,1900-10-01,78,3,-1,0,Unknown,No
31,Technician,Single,Tertiary,No,23,No,No,Cellular,25,1900-08-01,121,3,-1,0,Unknown,No
41,Blue-Collar,Single,Secondary,Yes,-386,No,Yes,Cellular,20,1900-11-01,477,1,-1,0,Unknown,Yes
34,Self-Employed,Married,Tertiary,No,5498,No,No,Cellular,19,1900-11-01,265,1,-1,0,Unknown,No
44,Management,Single,Tertiary,No,5063,No,No,Cellular,27,1900-10-01,418,2,-1,0,Unknown,Yes
42,Blue-Collar,Married,Primary,No,7041,Yes,No,Cellular,28,1900-07-01,386,4,-1,0,Unknown,No
37,Entrepreneur,Single,Secondary,No,654,No,No,Unknown,19,1900-05-01,594,2,-1,0,Unknown,No
47,Management,Married,Tertiary,No,1890,No,No,Cellular,8,1900-07-01,161,1,-1,0,Unknown,No
32,Unemployed,Married,Secondary,No,2400,Yes,Yes,Cellular,5,1900-02-01,450,3,-1,0,Unknown,No
46,Blue-Collar,Married,Secondary,No,519,Yes,No,Cellular,25,1900-08-01,217,6,-1,0,Unknown,No
39,Technician,Single,Tertiary,No,1190,No,No,Cellular,8,1900-08-01,136,1,-1,0,Unknown,No
28,Services,Single,Secondary,No,229,Yes,No,Unknown,9,1900-05-01,322,1,-1,0,Unknown,No
26,Student,Single,Secondary,No,203,No,No,Cellular,16,1900-11-01,104,1,196,1,Failure,No
52,Technician,Married,Secondary,No,1818,No,Yes,Cellular,17,1900-11-01,189,2,111,4,Failure,No
42,Unemployed,Married,Secondary,No,1289,No,No,Cellular,15,1900-07-01,250,4,415,2,Failure,Yes
33,Technician,Divorced,Tertiary,No,39,No,No,Cellular,19,1900-08-01,123,5,-1,0,Unknown,No
73,Retired,Married,Primary,No,796,No,No,Cellular,23,1900-10-01,427,1,182,2,Failure,Yes
35,Admin.,Single,Secondary,No,57,No,Yes,Cellular,8,1900-07-01,632,2,-1,0,Unknown,No
40,Management,Married,Tertiary,No,1548,Yes,No,Cellular,13,1900-04-01,101,3,-1,0,Unknown,No
51,Technician,Married,Secondary,No,117,No,No,Cellular,24,1900-08-01,467,2,88,4,Other,Yes
37,Admin.,Single,Secondary,No,0,Yes,No,Cellular,16,1900-04-01,640,2,-1,0,Unknown,No
39,Management,Married,Tertiary,No,691,Yes,Yes,Cellular,16,1900-04-01,517,1,255,1,Failure,No
28,Blue-Collar,Married,Secondary,No,64,Yes,No,Unknown,13,1900-05-01,160,3,-1,0,Unknown,No
49,Technician,Divorced,Tertiary,No,0,Yes,No,Cellular,12,1900-06-01,177,3,-1,0,Unknown,No
36,Admin.,Married,Secondary,No,957,Yes,No,Unknown,21,1900-05-01,206,1,-1,0,Unknown,No
45,Technician,Married,Secondary,No,118,Yes,No,Unknown,7,1900-05-01,208,2,-1,0,Unknown,No
29,Technician,Single,Tertiary,No,218,Yes,No,Cellular,12,1900-04-01,169,1,-1,0,Unknown,No
35,Management,Married,Secondary,No,724,Yes,No,Cellular,14,1900-07-01,287,2,415,1,Failure,Yes
35,Housemaid,Married,Tertiary,No,20,Yes,Yes,Cellular,17,1900-07-01,505,3,-1,0,Unknown,No
30,Blue-Collar,Married,Secondary,No,-28,Yes,No,Cellular,18,1900-05-01,284,2,371,1,Failure,No
46,Blue-Collar,Married,Primary,No,665,No,No,Cellular,30,1900-01-01,89,4,235,2,Failure,No
25,Student,Single,Tertiary,No,5,No,No,Cellular,29,1900-09-01,138,1,-1,0,Unknown,No
36,Management,Married,Tertiary,No,925,No,No,Cellular,14,1900-12-01,321,3,189,4,Success,Yes
42,Blue-Collar,Married,Primary,No,2519,Yes,No,Unknown,15,1900-05-01,262,4,-1,0,Unknown,No
57,Admin.,Married,Secondary,No,3927,No,No,Cellular,13,1900-10-01,61,1,-1,0,Unknown,No
42,Management,Divorced,Tertiary,No,401,Yes,No,Cellular,24,1900-07-01,217,9,-1,0,Unknown,No
29,Management,Married,Tertiary,No,581,Yes,Yes,Cellular,14,1900-07-01,192,2,-1,0,Unknown,No
36,Technician,Married,Tertiary,No,1327,No,No,Cellular,29,1900-10-01,174,2,-1,0,Unknown,No
31,Unemployed,Married,Secondary,No,3242,No,No,Unknown,25,1900-06-01,292,2,-1,0,Unknown,No
59,Technician,Married,Primary,No,3163,Yes,No,Unknown,29,1900-05-01,240,2,-1,0,Unknown,No
50,Unemployed,Divorced,Secondary,No,32,No,No,Cellular,4,1900-08-01,282,2,-1,0,Unknown,No
47,Admin.,Married,Secondary,No,310,Yes,Yes,Telephone,14,1900-08-01,128,6,-1,0,Unknown,No
46,Housemaid,Married,Primary,No,0,No,No,Telephone,2,1900-02-01,161,1,-1,0,Unknown,No
26,Blue-Collar,Single,Primary,No,155,Yes,No,Cellular,29,1900-01-01,291,1,244,4,Failure,No
31,Services,Single,Secondary,No,11386,Yes,No,Cellular,20,1900-11-01,356,1,-1,0,Unknown,No
30,Services,Married,Tertiary,No,1380,Yes,No,Unknown,21,1900-05-01,294,2,-1,0,Unknown,No
47,Blue-Collar,Single,Unknown,No,2443,No,No,Unknown,18,1900-06-01,422,1,-1,0,Unknown,No
23,Technician,Single,Tertiary,No,1129,Yes,No,Unknown,28,1900-05-01,806,1,-1,0,Unknown,Yes
44,Unemployed,Single,Primary,No,4232,No,No,Unknown,16,1900-06-01,227,1,-1,0,Unknown,No
42,Self-Employed,Married,Secondary,No,5564,No,No,Cellular,17,1900-11-01,560,2,-1,0,Unknown,No
32,Services,Single,Secondary,No,-402,Yes,No,Cellular,17,1900-04-01,135,1,-1,0,Unknown,No
28,Admin.,Single,Secondary,No,1323,Yes,No,Unknown,3,1900-06-01,361,1,-1,0,Unknown,No
57,Retired,Married,Primary,No,1623,Yes,Yes,Cellular,18,1900-07-01,246,1,-1,0,Unknown,No
38,Technician,Married,Tertiary,No,1042,Yes,No,Cellular,4,1900-02-01,419,2,-1,0,Unknown,No
22,Student,Single,Secondary,No,2488,No,No,Cellular,8,1900-11-01,449,2,38,10,Other,Yes
54,Admin.,Married,Secondary,No,865,Yes,No,Cellular,17,1900-11-01,71,1,-1,0,Unknown,No
32,Technician,Married,Tertiary,No,-1053,Yes,No,Cellular,21,1900-07-01,357,3,-1,0,Unknown,No
32,Management,Married,Tertiary,No,1667,Yes,No,Cellular,18,1900-11-01,164,2,179,3,Failure,No
59,Admin.,Divorced,Secondary,No,975,Yes,No,Unknown,15,1900-05-01,263,4,-1,0,Unknown,No
45,Technician,Married,Secondary,No,2571,No,No,Unknown,18,1900-06-01,146,2,-1,0,Unknown,No
53,Unknown,Married,Primary,No,732,No,No,Cellular,27,1900-10-01,759,2,-1,0,Unknown,Yes
50,Admin.,Divorced,Secondary,No,769,No,No,Cellular,28,1900-07-01,72,2,363,4,Failure,No
34,Technician,Married,Secondary,No,-136,Yes,Yes,Cellular,12,1900-08-01,131,2,-1,0,Unknown,No
35,Admin.,Divorced,Secondary,No,3636,No,Yes,Cellular,21,1900-11-01,808,2,-1,0,Unknown,Yes
30,Management,Married,Tertiary,No,931,No,No,Cellular,17,1900-07-01,1183,1,-1,0,Unknown,No
62,Housemaid,Married,Secondary,No,565,No,No,Cellular,4,1900-09-01,123,3,-1,0,Unknown,No
40,Blue-Collar,Married,Secondary,No,271,Yes,No,Unknown,29,1900-05-01,483,2,-1,0,Unknown,No
26,Self-Employed,Single,Tertiary,No,1153,No,No,Cellular,4,1900-05-01,238,3,-1,0,Unknown,No
34,Management,Married,Tertiary,No,-73,Yes,No,Cellular,11,1900-07-01,90,1,-1,0,Unknown,No
50,Unknown,Married,Unknown,No,558,No,No,Cellular,9,1900-07-01,464,1,683,6,Failure,Yes
31,Unknown,Divorced,Tertiary,No,137,No,No,Cellular,22,1900-08-01,385,9,-1,0,Unknown,No
35,Technician,Married,Secondary,No,700,Yes,No,Unknown,23,1900-05-01,240,2,-1,0,Unknown,No
55,Retired,Married,Primary,No,-966,No,Yes,Cellular,14,1900-05-01,104,1,-1,0,Unknown,No
34,Admin.,Married,Secondary,No,96,No,No,Cellular,29,1900-08-01,109,2,-1,0,Unknown,No
58,Retired,Married,Primary,No,4007,No,No,Cellular,30,1900-11-01,598,4,-1,0,Unknown,No
50,Management,Single,Tertiary,No,567,Yes,No,Unknown,16,1900-05-01,274,8,-1,0,Unknown,No
31,Technician,Single,Secondary,No,40,No,No,Cellular,7,1900-08-01,123,2,-1,0,Unknown,No
47,Admin.,Divorced,Secondary,No,136,No,Yes,Cellular,23,1900-07-01,70,1,-1,0,Unknown,No
38,Self-Employed,Single,Tertiary,No,917,Yes,No,Unknown,23,1900-05-01,260,1,-1,0,Unknown,No
46,Management,Single,Tertiary,No,593,Yes,No,Cellular,29,1900-01-01,190,3,-1,0,Unknown,No
42,Blue-Collar,Married,Primary,No,505,Yes,No,Unknown,14,1900-05-01,521,2,-1,0,Unknown,No
34,Blue-Collar,Married,Secondary,No,2542,Yes,No,Cellular,14,1900-05-01,228,1,-1,0,Unknown,No
37,Management,Married,Tertiary,No,5355,No,No,Telephone,17,1900-02-01,466,4,-1,0,Unknown,Yes
38,Student,Single,Tertiary,No,807,No,No,Cellular,27,1900-02-01,74,2,-1,0,Unknown,No
59,Retired,Married,Secondary,No,9976,Yes,No,Unknown,29,1900-05-01,57,2,-1,0,Unknown,No
32,Admin.,Married,Secondary,No,0,No,No,Cellular,30,1900-01-01,119,3,-1,0,Unknown,No
55,Management,Married,Tertiary,No,540,No,No,Cellular,19,1900-11-01,124,2,-1,0,Unknown,No
35,Blue-Collar,Married,Secondary,No,280,Yes,Yes,Cellular,31,1900-07-01,65,50,-1,0,Unknown,No
56,Management,Divorced,Tertiary,No,-59,No,Yes,Cellular,28,1900-07-01,127,6,-1,0,Unknown,No
27,Admin.,Married,Secondary,Yes,-517,Yes,No,Cellular,14,1900-07-01,172,3,-1,0,Unknown,No
42,Unemployed,Single,Secondary,No,2613,Yes,No,Cellular,30,1900-07-01,174,6,-1,0,Unknown,No
42,Student,Married,Unknown,No,-7,No,No,Telephone,31,1900-07-01,41,6,-1,0,Unknown,No
41,Blue-Collar,Married,Primary,No,0,Yes,No,Unknown,30,1900-05-01,232,3,-1,0,Unknown,No
53,Retired,Divorced,Secondary,Yes,-200,No,Yes,Unknown,6,1900-06-01,161,1,-1,0,Unknown,No
67,Retired,Married,Primary,No,2301,No,No,Cellular,16,1900-04-01,124,1,-1,0,Unknown,No
53,Housemaid,Married,Primary,No,104,No,Yes,Unknown,5,1900-06-01,701,1,-1,0,Unknown,Yes
33,Blue-Collar,Married,Primary,No,191,Yes,No,Unknown,9,1900-05-01,162,2,-1,0,Unknown,No
31,Technician,Single,Unknown,No,694,Yes,No,Unknown,6,1900-06-01,431,2,-1,0,Unknown,No
31,Admin.,Married,Secondary,No,212,Yes,No,Cellular,18,1900-07-01,191,3,-1,0,Unknown,No
30,Management,Married,Tertiary,No,1882,Yes,No,Cellular,11,1900-08-01,249,5,-1,0,Unknown,No
48,Blue-Collar,Married,Unknown,No,131,Yes,No,Unknown,6,1900-05-01,189,1,-1,0,Unknown,No
30,Technician,Single,Secondary,No,175,No,No,Cellular,25,1900-08-01,167,4,-1,0,Unknown,No
43,Technician,Single,Tertiary,Yes,0,No,No,Cellular,29,1900-08-01,73,4,-1,0,Unknown,No
38,Management,Divorced,Tertiary,No,4425,Yes,No,Unknown,30,1900-05-01,162,1,-1,0,Unknown,No
46,Unemployed,Married,Secondary,No,3533,Yes,No,Cellular,12,1900-08-01,235,2,-1,0,Unknown,No
59,Blue-Collar,Divorced,Secondary,No,3573,No,No,Cellular,15,1900-05-01,44,1,-1,0,Unknown,No
44,Management,Divorced,Tertiary,No,476,Yes,Yes,Unknown,26,1900-05-01,127,2,-1,0,Unknown,No
35,Blue-Collar,Married,Secondary,No,1257,Yes,No,Cellular,20,1900-04-01,93,3,329,7,Failure,No
55,Blue-Collar,Married,Unknown,No,23,No,No,Cellular,30,1900-01-01,143,1,2,3,Other,No
39,Management,Single,Tertiary,No,0,Yes,No,Cellular,16,1900-04-01,81,2,-1,0,Unknown,No
36,Services,Single,Secondary,No,398,Yes,Yes,Unknown,17,1900-06-01,77,2,-1,0,Unknown,No
33,Blue-Collar,Married,Secondary,No,745,Yes,No,Unknown,23,1900-05-01,115,4,-1,0,Unknown,No
48,Management,Single,Tertiary,No,8106,No,No,Unknown,17,1900-11-01,125,1,111,3,Failure,No
33,Management,Single,Tertiary,No,0,No,No,Cellular,19,1900-08-01,53,4,-1,0,Unknown,No
67,Retired,Married,Unknown,No,696,No,No,Telephone,4,1900-05-01,77,2,-1,0,Unknown,No
48,Unemployed,Divorced,Secondary,No,1266,Yes,No,Telephone,3,1900-02-01,45,1,-1,0,Unknown,No
57,Management,Married,Tertiary,No,2416,No,No,Cellular,11,1900-08-01,74,2,-1,0,Unknown,No
31,Housemaid,Married,Primary,No,25,No,No,Cellular,21,1900-08-01,169,5,-1,0,Unknown,No
30,Student,Single,Tertiary,No,7513,No,No,Cellular,11,1900-08-01,269,2,-1,0,Unknown,No
56,Entrepreneur,Divorced,Primary,No,29,No,No,Cellular,29,1900-01-01,52,2,227,1,Failure,No
26,Blue-Collar,Married,Primary,No,5116,Yes,No,Cellular,22,1900-07-01,246,3,-1,0,Unknown,No
44,Management,Married,Secondary,No,-1746,Yes,No,Unknown,20,1900-06-01,218,1,-1,0,Unknown,No
44,Technician,Divorced,Secondary,No,14,No,No,Cellular,13,1900-11-01,167,1,92,1,Success,Yes
31,Management,Married,Tertiary,No,4148,Yes,No,Cellular,21,1900-11-01,316,3,99,9,Other,Yes
47,Self-Employed,Married,Unknown,No,14,Yes,No,Cellular,15,1900-05-01,142,1,-1,0,Unknown,No
30,Admin.,Single,Secondary,No,105,Yes,No,Cellular,21,1900-11-01,75,1,-1,0,Unknown,No
37,Management,Married,Tertiary,No,767,No,Yes,Cellular,2,1900-02-01,204,1,-1,0,Unknown,No
56,Admin.,Divorced,Primary,No,0,No,Yes,Cellular,10,1900-07-01,542,1,-1,0,Unknown,No
43,Management,Single,Secondary,No,-228,Yes,Yes,Unknown,16,1900-05-01,122,2,-1,0,Unknown,No
42,Services,Married,Secondary,No,508,Yes,No,Unknown,30,1900-05-01,70,1,-1,0,Unknown,No
60,Management,Married,Secondary,No,725,Yes,No,Cellular,8,1900-07-01,266,1,-1,0,Unknown,No
34,Blue-Collar,Married,Unknown,No,41,Yes,No,Cellular,6,1900-05-01,34,9,-1,0,Unknown,No
34,Management,Single,Tertiary,No,184,No,No,Cellular,22,1900-07-01,203,4,-1,0,Unknown,No
41,Management,Married,Tertiary,No,251,No,Yes,Unknown,6,1900-06-01,85,3,-1,0,Unknown,No
38,Management,Divorced,Secondary,No,-17,No,No,Cellular,21,1900-11-01,11,4,-1,0,Unknown,No
23,Services,Married,Secondary,No,-19,Yes,No,Unknown,20,1900-06-01,13,10,-1,0,Unknown,No
33,Management,Married,Tertiary,No,1064,Yes,No,Cellular,13,1900-05-01,562,1,-1,0,Unknown,Yes
36,Blue-Collar,Married,Secondary,No,777,Yes,No,Cellular,6,1900-05-01,185,3,-1,0,Unknown,No
49,Unemployed,Married,Tertiary,No,377,No,No,Cellular,22,1900-05-01,158,1,59,2,Failure,No
34,Admin.,Divorced,Secondary,No,479,Yes,No,Cellular,12,1900-05-01,515,1,350,5,Failure,Yes
40,Technician,Divorced,Secondary,No,-375,Yes,No,Cellular,13,1900-05-01,60,5,-1,0,Unknown,No
72,Retired,Married,Primary,No,796,No,No,Cellular,24,1900-04-01,173,2,-1,0,Unknown,No
43,Technician,Married,Secondary,No,17,Yes,No,Unknown,16,1900-05-01,353,4,-1,0,Unknown,No
44,Blue-Collar,Married,Secondary,No,1071,Yes,No,Cellular,11,1900-05-01,143,3,357,1,Failure,No
35,Admin.,Married,Secondary,No,0,Yes,No,Cellular,20,1900-04-01,18,5,-1,0,Unknown,No
46,Admin.,Divorced,Secondary,No,7378,No,No,Cellular,18,1900-11-01,466,1,-1,0,Unknown,No
55,Admin.,Married,Secondary,No,865,Yes,No,Cellular,17,1900-04-01,85,1,151,1,Failure,No
50,Technician,Divorced,Secondary,No,-701,Yes,Yes,Cellular,24,1900-07-01,148,1,-1,0,Unknown,No
23,Blue-Collar,Single,Unknown,No,817,Yes,No,Cellular,18,1900-05-01,123,1,-1,0,Unknown,No
34,Student,Married,Unknown,No,1387,No,No,Cellular,30,1900-04-01,121,1,-1,0,Unknown,No
40,Blue-Collar,Married,Secondary,No,0,Yes,Yes,Unknown,29,1900-05-01,245,3,-1,0,Unknown,No
61,Retired,Married,Secondary,No,2917,No,No,Cellular,6,1900-10-01,215,1,-1,0,Unknown,Yes
53,Technician,Married,Secondary,No,4541,Yes,No,Unknown,15,1900-05-01,190,6,-1,0,Unknown,No
57,Technician,Married,Secondary,No,0,No,No,Unknown,13,1900-05-01,44,1,-1,0,Unknown,No
28,Blue-Collar,Married,Secondary,No,4287,No,No,Cellular,30,1900-04-01,171,1,-1,0,Unknown,No
25,Admin.,Married,Secondary,No,242,Yes,No,Cellular,30,1900-07-01,62,12,-1,0,Unknown,No
38,Blue-Collar,Married,Secondary,No,171,Yes,Yes,Unknown,20,1900-05-01,172,1,-1,0,Unknown,No
27,Services,Single,Secondary,No,259,Yes,No,Unknown,23,1900-05-01,78,10,-1,0,Unknown,No
45,Blue-Collar,Married,Secondary,No,827,Yes,No,Unknown,15,1900-05-01,319,5,-1,0,Unknown,No
31,Services,Single,Secondary,No,469,No,Yes,Cellular,2,1900-02-01,111,1,-1,0,Unknown,No
39,Blue-Collar,Married,Primary,No,2226,Yes,No,Unknown,6,1900-05-01,158,1,-1,0,Unknown,No
42,Technician,Married,Secondary,No,0,No,No,Cellular,29,1900-08-01,82,12,-1,0,Unknown,No
46,Management,Married,Tertiary,No,477,Yes,No,Unknown,20,1900-05-01,128,6,-1,0,Unknown,No
36,Services,Married,Secondary,No,42,Yes,No,Unknown,8,1900-05-01,102,4,-1,0,Unknown,No
30,Management,Single,Tertiary,No,775,Yes,No,Unknown,16,1900-06-01,124,2,-1,0,Unknown,No
32,Blue-Collar,Married,Secondary,No,9,Yes,No,Cellular,17,1900-04-01,334,2,-1,0,Unknown,No
52,Technician,Married,Tertiary,No,2557,No,No,Cellular,28,1900-01-01,134,5,204,2,Success,Yes
31,Management,Married,Tertiary,No,2395,No,No,Cellular,27,1900-04-01,218,1,-1,0,Unknown,No
60,Management,Married,Primary,No,4895,No,No,Unknown,9,1900-06-01,313,1,-1,0,Unknown,No
35,Blue-Collar,Single,Secondary,No,376,Yes,Yes,Unknown,6,1900-05-01,207,3,-1,0,Unknown,No
38,Management,Married,Tertiary,No,389,Yes,No,Unknown,6,1900-05-01,262,1,-1,0,Unknown,No
46,Management,Divorced,Tertiary,No,134,No,No,Cellular,19,1900-08-01,134,2,-1,0,Unknown,No
45,Entrepreneur,Divorced,Tertiary,No,1273,Yes,Yes,Unknown,11,1900-06-01,197,3,-1,0,Unknown,No
59,Services,Married,Secondary,No,0,Yes,No,Cellular,12,1900-05-01,214,3,-1,0,Unknown,No
34,Management,Married,Tertiary,No,2892,Yes,Yes,Cellular,30,1900-07-01,1165,7,-1,0,Unknown,No
33,Technician,Divorced,Secondary,No,0,Yes,No,Cellular,7,1900-05-01,177,2,-1,0,Unknown,No
46,Management,Single,Secondary,No,295,Yes,No,Unknown,23,1900-05-01,141,6,-1,0,Unknown,No
48,Admin.,Married,Secondary,No,292,Yes,Yes,Cellular,29,1900-07-01,164,6,-1,0,Unknown,No
31,Services,Single,Secondary,No,85,No,No,Cellular,16,1900-07-01,151,1,-1,0,Unknown,No
32,Technician,Married,Secondary,No,4,No,No,Cellular,4,1900-02-01,145,2,260,4,Failure,No
35,Blue-Collar,Divorced,Primary,No,-587,Yes,No,Unknown,26,1900-05-01,111,1,-1,0,Unknown,No
36,Blue-Collar,Single,Primary,No,367,No,No,Cellular,2,1900-02-01,217,1,221,1,Failure,No
52,Management,Married,Tertiary,No,-1224,Yes,No,Cellular,7,1900-05-01,253,4,-1,0,Unknown,No
45,Management,Divorced,Tertiary,No,959,No,No,Unknown,18,1900-06-01,74,1,-1,0,Unknown,No
34,Management,Married,Tertiary,No,0,No,No,Cellular,20,1900-08-01,263,2,-1,0,Unknown,No
25,Blue-Collar,Married,Primary,Yes,-589,Yes,No,Unknown,3,1900-06-01,233,1,-1,0,Unknown,No
26,Management,Single,Tertiary,No,-8,No,No,Cellular,13,1900-08-01,402,2,-1,0,Unknown,No
57,Management,Married,Unknown,No,0,No,No,Cellular,30,1900-09-01,585,1,-1,0,Unknown,No
48,Management,Married,Primary,No,247,Yes,Yes,Unknown,14,1900-05-01,145,1,-1,0,Unknown,No
48,Technician,Married,Unknown,No,5543,No,No,Unknown,16,1900-06-01,143,5,-1,0,Unknown,No
32,Blue-Collar,Married,Primary,No,642,No,Yes,Cellular,8,1900-07-01,524,1,-1,0,Unknown,No
58,Retired,Married,Secondary,No,11,No,No,Cellular,11,1900-08-01,270,1,-1,0,Unknown,No
57,Management,Married,Primary,No,-226,Yes,No,Unknown,4,1900-06-01,272,1,-1,0,Unknown,No
31,Entrepreneur,Married,Tertiary,No,5191,No,No,Cellular,20,1900-11-01,187,2,-1,0,Unknown,No
33,Blue-Collar,Single,Secondary,No,-320,No,No,Cellular,18,1900-05-01,268,2,-1,0,Unknown,No
53,Entrepreneur,Married,Tertiary,No,2289,Yes,Yes,Cellular,17,1900-11-01,183,1,-1,0,Unknown,No
36,Admin.,Married,Secondary,No,725,Yes,No,Cellular,27,1900-02-01,123,3,99,8,Failure,No
32,Technician,Single,Tertiary,No,705,Yes,No,Cellular,20,1900-04-01,20,4,-1,0,Unknown,No
45,Blue-Collar,Married,Secondary,No,776,Yes,No,Cellular,6,1900-02-01,232,4,253,1,Failure,No
35,Unemployed,Married,Tertiary,No,816,Yes,No,Cellular,19,1900-11-01,547,7,-1,0,Unknown,No
41,Services,Married,Secondary,No,171,No,No,Cellular,21,1900-07-01,71,9,-1,0,Unknown,No
54,Services,Married,Secondary,No,812,No,No,Cellular,31,1900-07-01,113,6,-1,0,Unknown,No
49,Services,Married,Secondary,No,823,No,No,Cellular,8,1900-08-01,780,4,-1,0,Unknown,Yes
28,Technician,Single,Secondary,No,1453,Yes,No,Cellular,12,1900-05-01,246,1,343,1,Other,No
24,Blue-Collar,Single,Unknown,No,431,Yes,No,Unknown,3,1900-06-01,108,12,-1,0,Unknown,No
30,Admin.,Single,Secondary,No,1009,Yes,No,Cellular,29,1900-01-01,253,1,-1,0,Unknown,No
32,Self-Employed,Married,Primary,No,286,Yes,No,Cellular,6,1900-08-01,175,1,-1,0,Unknown,No
53,Entrepreneur,Married,Tertiary,No,22370,Yes,No,Unknown,15,1900-05-01,106,1,-1,0,Unknown,No
42,Blue-Collar,Married,Primary,No,2111,Yes,No,Cellular,7,1900-05-01,86,2,-1,0,Unknown,No
48,Blue-Collar,Married,Primary,No,5366,Yes,No,Unknown,21,1900-05-01,248,3,-1,0,Unknown,No
33,Technician,Married,Secondary,No,181,Yes,Yes,Telephone,28,1900-07-01,265,2,-1,0,Unknown,No
31,Blue-Collar,Divorced,Secondary,No,-452,Yes,No,Unknown,26,1900-05-01,182,5,-1,0,Unknown,No
56,Unemployed,Divorced,Primary,No,1770,No,No,Cellular,5,1900-02-01,916,3,-1,0,Unknown,No
58,Retired,Married,Primary,No,0,No,No,Cellular,4,1900-08-01,506,1,-1,0,Unknown,No
37,Admin.,Single,Secondary,No,-296,Yes,No,Cellular,20,1900-04-01,81,1,-1,0,Unknown,No
59,Management,Married,Primary,No,2358,Yes,No,Cellular,17,1900-04-01,30,1,-1,0,Unknown,No
50,Management,Single,Tertiary,No,1200,No,No,Cellular,14,1900-08-01,904,3,-1,0,Unknown,Yes
39,Housemaid,Single,Primary,No,109,Yes,No,Unknown,6,1900-05-01,699,3,-1,0,Unknown,No
30,Technician,Married,Secondary,No,616,Yes,No,Cellular,6,1900-05-01,19,1,-1,0,Unknown,No
47,Services,Divorced,Secondary,No,4906,Yes,No,Unknown,14,1900-05-01,389,1,-1,0,Unknown,No
44,Self-Employed,Married,Secondary,No,313,No,No,Cellular,6,1900-08-01,211,4,-1,0,Unknown,No
38,Blue-Collar,Married,Primary,No,290,Yes,No,Cellular,16,1900-04-01,283,1,-1,0,Unknown,No
50,Management,Married,Tertiary,No,1240,No,No,Cellular,12,1900-08-01,474,2,-1,0,Unknown,No
27,Admin.,Single,Tertiary,No,3672,Yes,No,Cellular,15,1900-05-01,157,2,351,5,Failure,No
73,Retired,Married,Secondary,No,19,No,No,Cellular,5,1900-11-01,509,2,-1,0,Unknown,No
46,Blue-Collar,Married,Primary,No,143,Yes,No,Unknown,7,1900-05-01,279,1,-1,0,Unknown,No
56,Retired,Divorced,Secondary,No,212,No,Yes,Telephone,17,1900-07-01,27,1,-1,0,Unknown,No
36,Management,Married,Tertiary,No,9,No,No,Cellular,11,1900-08-01,386,4,-1,0,Unknown,Yes
33,Blue-Collar,Married,Primary,No,3074,No,No,Cellular,18,1900-11-01,679,1,-1,0,Unknown,No
40,Management,Married,Tertiary,No,1734,Yes,No,Unknown,2,1900-06-01,169,1,-1,0,Unknown,No
52,Management,Married,Tertiary,No,575,No,No,Unknown,3,1900-06-01,315,1,-1,0,Unknown,No
51,Blue-Collar,Married,Secondary,No,397,Yes,No,Cellular,20,1900-08-01,293,2,-1,0,Unknown,No
33,Blue-Collar,Married,Secondary,No,640,Yes,No,Cellular,3,1900-02-01,439,3,-1,0,Unknown,No
54,Services,Married,Secondary,No,158,Yes,No,Unknown,19,1900-05-01,198,1,-1,0,Unknown,No
44,Management,Married,Secondary,No,2984,Yes,No,Unknown,15,1900-05-01,770,2,-1,0,Unknown,No
50,Entrepreneur,Married,Secondary,No,1011,Yes,No,Telephone,30,1900-07-01,340,2,-1,0,Unknown,No
45,Blue-Collar,Single,Secondary,No,0,Yes,No,Cellular,26,1900-04-01,1472,1,192,4,Failure,Yes
36,Management,Married,Tertiary,No,1133,Yes,No,Cellular,4,1900-08-01,293,1,181,2,Other,Yes
42,Technician,Married,Secondary,No,4945,Yes,No,Cellular,2,1900-03-01,311,2,-1,0,Unknown,Yes
37,Technician,Married,Secondary,No,712,Yes,No,Cellular,18,1900-11-01,291,2,-1,0,Unknown,No
28,Services,Single,Secondary,No,-427,Yes,Yes,Unknown,21,1900-05-01,965,2,-1,0,Unknown,No
56,Admin.,Married,Secondary,No,2146,No,Yes,Unknown,9,1900-06-01,594,1,-1,0,Unknown,No
59,Admin.,Married,Secondary,No,92,Yes,No,Cellular,12,1900-05-01,139,2,350,1,Failure,No
32,Unemployed,Married,Secondary,No,10,Yes,No,Unknown,6,1900-05-01,501,4,-1,0,Unknown,No
57,Retired,Married,Primary,No,1238,Yes,No,Cellular,15,1900-07-01,274,1,-1,0,Unknown,No
49,Admin.,Single,Secondary,No,981,Yes,No,Telephone,21,1900-11-01,10,3,-1,0,Unknown,No
56,Entrepreneur,Married,Unknown,No,575,No,No,Unknown,20,1900-06-01,18,2,-1,0,Unknown,No
48,Admin.,Divorced,Unknown,No,-70,No,No,Cellular,14,1900-05-01,243,1,-1,0,Unknown,No
27,Student,Single,Tertiary,No,3733,Yes,No,Cellular,22,1900-05-01,198,1,98,6,Success,Yes
31,Management,Single,Tertiary,No,574,Yes,No,Cellular,16,1900-07-01,410,2,-1,0,Unknown,No
28,Blue-Collar,Single,Secondary,No,43,No,No,Unknown,19,1900-05-01,190,1,-1,0,Unknown,No
36,Management,Married,Tertiary,No,428,No,No,Unknown,28,1900-05-01,121,1,-1,0,Unknown,No
58,Housemaid,Married,Primary,No,0,Yes,No,Telephone,9,1900-07-01,148,1,-1,0,Unknown,No
46,Admin.,Married,Secondary,No,0,Yes,Yes,Cellular,20,1900-04-01,239,2,259,2,Failure,No
32,Management,Single,Tertiary,No,474,Yes,No,Cellular,7,1900-08-01,90,3,-1,0,Unknown,No
39,Services,Married,Secondary,No,-540,No,No,Unknown,6,1900-06-01,29,1,-1,0,Unknown,No
35,Self-Employed,Married,Tertiary,No,560,Yes,No,Cellular,2,1900-04-01,58,1,136,1,Failure,No
31,Management,Married,Tertiary,No,325,Yes,No,Cellular,18,1900-07-01,1139,2,-1,0,Unknown,Yes
29,Management,Single,Tertiary,No,437,No,No,Cellular,5,1900-08-01,504,1,92,1,Success,Yes
48,Blue-Collar,Married,Primary,No,574,No,No,Cellular,5,1900-08-01,348,1,-1,0,Unknown,No
60,Retired,Married,Primary,No,0,No,No,Telephone,30,1900-07-01,130,3,-1,0,Unknown,No
74,Retired,Married,Secondary,No,935,No,No,Cellular,26,1900-01-01,100,1,104,1,Other,No
30,Services,Married,Secondary,No,699,Yes,No,Unknown,29,1900-05-01,544,1,-1,0,Unknown,No
52,Admin.,Single,Primary,No,0,No,No,Unknown,19,1900-05-01,182,11,-1,0,Unknown,No
24,Blue-Collar,Married,Secondary,No,-220,Yes,No,Cellular,2,1900-04-01,90,1,-1,0,Unknown,No
29,Services,Married,Secondary,No,11417,Yes,No,Unknown,28,1900-05-01,272,2,-1,0,Unknown,No
33,Housemaid,Married,Primary,No,212,Yes,No,Cellular,11,1900-07-01,260,2,-1,0,Unknown,No
34,Blue-Collar,Married,Secondary,No,67,Yes,Yes,Unknown,8,1900-05-01,672,3,-1,0,Unknown,No
45,Admin.,Divorced,Secondary,No,0,No,No,Cellular,29,1900-10-01,264,1,-1,0,Unknown,Yes
31,Blue-Collar,Married,Secondary,No,0,No,Yes,Telephone,15,1900-07-01,275,2,-1,0,Unknown,No
45,Technician,Married,Secondary,No,1673,No,No,Cellular,23,1900-10-01,76,1,-1,0,Unknown,No
27,Services,Married,Secondary,No,-1202,Yes,No,Unknown,4,1900-06-01,749,2,-1,0,Unknown,No
30,Management,Single,Tertiary,No,4213,No,No,Cellular,25,1900-08-01,142,4,-1,0,Unknown,No
45,Blue-Collar,Married,Primary,No,0,No,No,Cellular,26,1900-08-01,454,2,-1,0,Unknown,No
57,Blue-Collar,Married,Secondary,No,1521,Yes,Yes,Cellular,18,1900-05-01,102,2,178,5,Failure,No
34,Management,Married,Tertiary,No,1310,No,No,Telephone,30,1900-01-01,521,3,158,7,Other,No
40,Admin.,Married,Secondary,No,0,Yes,Yes,Cellular,17,1900-11-01,57,1,-1,0,Unknown,No
39,Management,Married,Tertiary,No,399,No,No,Cellular,9,1900-04-01,504,1,-1,0,Unknown,No
46,Technician,Married,Tertiary,No,405,No,No,Cellular,11,1900-08-01,138,3,-1,0,Unknown,No
55,Management,Divorced,Tertiary,No,9756,Yes,No,Cellular,5,1900-06-01,103,2,95,1,Other,Yes
25,Management,Single,Tertiary,No,2506,No,No,Cellular,17,1900-02-01,485,1,-1,0,Unknown,Yes
34,Management,Married,Tertiary,No,697,No,No,Cellular,5,1900-08-01,166,1,-1,0,Unknown,No
37,Blue-Collar,Married,Primary,No,403,Yes,No,Cellular,8,1900-05-01,318,2,338,1,Success,No
64,Retired,Divorced,Tertiary,No,890,No,No,Cellular,3,1900-07-01,531,3,-1,0,Unknown,No
45,Technician,Divorced,Secondary,No,809,Yes,No,Cellular,13,1900-05-01,155,2,363,4,Failure,No
57,Housemaid,Married,Secondary,No,158,Yes,No,Telephone,10,1900-07-01,73,1,-1,0,Unknown,No
21,Student,Single,Unknown,No,137,Yes,No,Unknown,12,1900-05-01,198,3,-1,0,Unknown,No
58,Housemaid,Married,Secondary,No,2705,No,No,Telephone,14,1900-08-01,137,1,-1,0,Unknown,No
41,Blue-Collar,Single,Secondary,No,75,Yes,No,Unknown,1,1900-07-01,479,9,-1,0,Unknown,Yes
41,Management,Married,Unknown,No,2457,Yes,No,Unknown,9,1900-05-01,285,1,-1,0,Unknown,No
58,Management,Married,Tertiary,No,541,Yes,No,Cellular,8,1900-05-01,98,1,-1,0,Unknown,No
33,Management,Married,Tertiary,No,287,Yes,No,Cellular,15,1900-05-01,199,2,274,3,Other,No
32,Management,Married,Tertiary,No,273,Yes,Yes,Cellular,18,1900-07-01,97,3,-1,0,Unknown,No
44,Services,Divorced,Secondary,No,0,Yes,No,Unknown,4,1900-06-01,389,5,-1,0,Unknown,No
47,Unknown,Married,Unknown,No,677,No,No,Cellular,7,1900-08-01,384,1,99,4,Success,No
41,Self-Employed,Married,Primary,No,340,No,No,Unknown,6,1900-06-01,37,3,-1,0,Unknown,No
54,Technician,Married,Tertiary,No,98,No,No,Cellular,8,1900-08-01,420,4,-1,0,Unknown,No
47,Technician,Divorced,Tertiary,No,477,Yes,No,Telephone,7,1900-05-01,973,1,366,1,Failure,No
32,Management,Single,Tertiary,No,2629,No,No,Cellular,28,1900-08-01,77,4,-1,0,Unknown,No
59,Housemaid,Married,Tertiary,No,0,No,Yes,Cellular,29,1900-07-01,376,2,-1,0,Unknown,No
29,Technician,Single,Tertiary,No,2325,No,No,Cellular,2,1900-02-01,125,1,-1,0,Unknown,Yes
48,Services,Married,Secondary,Yes,-20,No,No,Cellular,20,1900-08-01,142,2,-1,0,Unknown,No
32,Technician,Single,Secondary,No,230,Yes,No,Cellular,18,1900-05-01,442,1,266,8,Failure,Yes
46,Management,Divorced,Secondary,No,-852,No,Yes,Cellular,29,1900-08-01,728,2,-1,0,Unknown,No
31,Blue-Collar,Single,Primary,No,-280,No,No,Unknown,21,1900-05-01,281,3,-1,0,Unknown,No
53,Blue-Collar,Married,Secondary,No,25,No,No,Cellular,22,1900-08-01,528,2,-1,0,Unknown,Yes
34,Technician,Single,Tertiary,No,9851,Yes,No,Cellular,20,1900-11-01,128,5,-1,0,Unknown,No
48,Services,Single,Unknown,No,5095,Yes,No,Unknown,16,1900-06-01,71,1,-1,0,Unknown,No
32,Technician,Married,Secondary,No,687,No,No,Cellular,20,1900-08-01,161,4,-1,0,Unknown,No
31,Management,Married,Secondary,No,1368,Yes,No,Cellular,12,1900-08-01,129,4,-1,0,Unknown,No
27,Blue-Collar,Single,Primary,No,-179,Yes,No,Cellular,15,1900-05-01,54,2,-1,0,Unknown,No
60,Admin.,Married,Secondary,No,-396,Yes,No,Cellular,11,1900-05-01,443,1,350,1,Failure,No
34,Blue-Collar,Single,Tertiary,No,1011,Yes,No,Unknown,6,1900-05-01,136,1,-1,0,Unknown,No
52,Self-Employed,Married,Secondary,No,9,No,Yes,Unknown,6,1900-06-01,44,1,-1,0,Unknown,No
48,Blue-Collar,Married,Secondary,No,1159,Yes,Yes,Cellular,15,1900-05-01,1181,9,-1,0,Unknown,No
45,Technician,Married,Primary,No,-322,No,No,Unknown,9,1900-06-01,225,2,-1,0,Unknown,No
54,Technician,Divorced,Secondary,No,1114,Yes,No,Cellular,30,1900-01-01,81,1,-1,0,Unknown,No
52,Services,Married,Secondary,No,2072,No,No,Cellular,10,1900-07-01,224,1,-1,0,Unknown,No
47,Entrepreneur,Married,Tertiary,No,459,Yes,No,Cellular,29,1900-07-01,189,4,-1,0,Unknown,No
54,Unknown,Married,Secondary,No,1157,No,No,Cellular,26,1900-05-01,98,2,-1,0,Unknown,No
34,Blue-Collar,Married,Secondary,No,8309,Yes,Yes,Cellular,19,1900-11-01,50,1,-1,0,Unknown,No
39,Technician,Single,Tertiary,No,1043,No,No,Cellular,18,1900-08-01,195,10,-1,0,Unknown,No
46,Technician,Married,Secondary,No,2098,No,No,Cellular,7,1900-08-01,110,2,-1,0,Unknown,No
26,Unemployed,Single,Secondary,No,461,No,No,Cellular,28,1900-01-01,214,1,-1,0,Unknown,No
37,Technician,Single,Secondary,No,61,Yes,No,Unknown,19,1900-05-01,182,8,-1,0,Unknown,No
47,Blue-Collar,Married,Secondary,No,1203,Yes,No,Cellular,17,1900-04-01,239,2,-1,0,Unknown,No
35,Technician,Married,Secondary,No,1067,No,Yes,Cellular,12,1900-08-01,179,6,-1,0,Unknown,No
57,Unemployed,Married,Primary,No,0,No,No,Unknown,9,1900-06-01,540,1,-1,0,Unknown,No
34,Management,Married,Tertiary,No,1657,Yes,No,Cellular,18,1900-05-01,566,2,356,4,Failure,No
47,Technician,Married,Secondary,No,1219,No,No,Cellular,18,1900-08-01,697,4,-1,0,Unknown,Yes
27,Technician,Married,Secondary,No,7,Yes,No,Unknown,15,1900-05-01,98,2,-1,0,Unknown,No
40,Blue-Collar,Married,Secondary,No,-839,Yes,Yes,Cellular,16,1900-07-01,1018,2,-1,0,Unknown,Yes
39,Technician,Married,Secondary,No,994,No,No,Cellular,5,1900-02-01,221,1,241,1,Failure,No
36,Entrepreneur,Married,Tertiary,No,6,No,No,Telephone,30,1900-10-01,246,1,-1,0,Unknown,No
42,Technician,Single,Secondary,No,0,No,No,Cellular,21,1900-08-01,656,2,-1,0,Unknown,No
23,Blue-Collar,Single,Primary,No,8627,Yes,No,Unknown,3,1900-06-01,281,1,-1,0,Unknown,No
34,Management,Married,Tertiary,No,133,Yes,No,Unknown,8,1900-05-01,65,1,-1,0,Unknown,No
34,Blue-Collar,Married,Secondary,No,247,Yes,Yes,Unknown,26,1900-05-01,193,5,-1,0,Unknown,No
49,Services,Married,Secondary,No,1114,No,No,Cellular,17,1900-11-01,283,1,-1,0,Unknown,No
57,Blue-Collar,Married,Primary,No,1592,No,Yes,Unknown,20,1900-06-01,78,4,-1,0,Unknown,No
59,Retired,Married,Unknown,No,0,No,No,Unknown,8,1900-05-01,425,6,-1,0,Unknown,No
57,Admin.,Married,Tertiary,No,46,No,No,Cellular,7,1900-08-01,238,2,-1,0,Unknown,No
34,Blue-Collar,Married,Secondary,No,1221,Yes,No,Cellular,6,1900-05-01,182,1,90,8,Failure,No
61,Management,Married,Secondary,No,985,No,No,Cellular,18,1900-08-01,998,6,-1,0,Unknown,Yes
35,Blue-Collar,Divorced,Secondary,No,0,Yes,No,Unknown,8,1900-05-01,477,1,-1,0,Unknown,No
42,Management,Married,Tertiary,No,520,No,No,Cellular,4,1900-11-01,158,1,-1,0,Unknown,No
57,Services,Married,Tertiary,No,10,No,No,Telephone,8,1900-07-01,320,3,-1,0,Unknown,No
42,Blue-Collar,Married,Secondary,No,2157,Yes,No,Cellular,13,1900-05-01,149,1,364,2,Failure,No
53,Retired,Married,Secondary,No,6095,Yes,Yes,Cellular,14,1900-05-01,410,5,-1,0,Unknown,No
63,Retired,Married,Tertiary,No,133,Yes,No,Cellular,13,1900-02-01,104,2,-1,0,Unknown,No
47,Self-Employed,Married,Secondary,No,1121,No,No,Unknown,20,1900-06-01,454,6,-1,0,Unknown,No
54,Services,Married,Secondary,No,88,Yes,No,Unknown,13,1900-05-01,190,1,-1,0,Unknown,No
45,Admin.,Married,Secondary,No,0,No,No,Cellular,19,1900-08-01,145,10,-1,0,Unknown,No
28,Management,Single,Tertiary,No,-328,Yes,No,Telephone,2,1900-02-01,318,2,-1,0,Unknown,No
58,Unemployed,Married,Secondary,No,610,Yes,No,Telephone,29,1900-07-01,246,2,-1,0,Unknown,No
48,Management,Single,Tertiary,No,414,No,No,Cellular,21,1900-07-01,761,2,-1,0,Unknown,No
35,Management,Divorced,Tertiary,No,0,Yes,No,Telephone,29,1900-10-01,171,1,-1,0,Unknown,Yes
37,Self-Employed,Married,Tertiary,No,0,No,No,Unknown,6,1900-06-01,143,1,-1,0,Unknown,No
37,Blue-Collar,Married,Secondary,No,685,Yes,No,Unknown,6,1900-06-01,968,1,-1,0,Unknown,No
37,Management,Married,Primary,No,22856,No,No,Cellular,2,1900-07-01,154,1,388,1,Failure,No
25,Services,Single,Secondary,No,-352,No,No,Cellular,15,1900-07-01,246,1,-1,0,Unknown,No
58,Blue-Collar,Married,Secondary,No,602,Yes,No,Cellular,13,1900-05-01,201,1,-1,0,Unknown,No
52,Management,Married,Secondary,No,-588,Yes,No,Cellular,22,1900-07-01,81,4,-1,0,Unknown,No
19,Student,Single,Secondary,No,302,No,No,Cellular,16,1900-07-01,205,1,-1,0,Unknown,Yes
59,Blue-Collar,Married,Secondary,No,5314,Yes,No,Cellular,5,1900-05-01,200,3,-1,0,Unknown,No
41,Technician,Married,Secondary,No,64,Yes,Yes,Unknown,8,1900-05-01,210,2,-1,0,Unknown,No
34,Technician,Single,Tertiary,No,632,No,No,Cellular,22,1900-08-01,215,10,-1,0,Unknown,No
35,Technician,Single,Secondary,No,5731,Yes,No,Cellular,4,1900-05-01,164,2,167,4,Other,No
41,Technician,Married,Secondary,No,902,No,No,Unknown,16,1900-06-01,35,6,-1,0,Unknown,No
28,Blue-Collar,Single,Secondary,No,6307,Yes,No,Unknown,28,1900-05-01,615,1,-1,0,Unknown,No
53,Management,Divorced,Secondary,No,112,No,Yes,Cellular,11,1900-08-01,246,3,-1,0,Unknown,No
35,Services,Married,Secondary,No,0,No,Yes,Telephone,9,1900-07-01,42,1,-1,0,Unknown,No
33,Admin.,Single,Tertiary,No,621,No,No,Cellular,8,1900-07-01,217,1,-1,0,Unknown,No
37,Technician,Single,Secondary,No,435,Yes,No,Unknown,26,1900-05-01,210,1,-1,0,Unknown,No
32,Technician,Married,Secondary,No,782,Yes,No,Unknown,26,1900-05-01,116,4,-1,0,Unknown,No
32,Blue-Collar,Married,Secondary,No,478,Yes,No,Unknown,3,1900-06-01,200,1,-1,0,Unknown,No
54,Services,Married,Unknown,No,7864,Yes,No,Unknown,15,1900-05-01,145,4,-1,0,Unknown,No
44,Blue-Collar,Married,Secondary,No,1910,Yes,No,Unknown,5,1900-06-01,41,1,-1,0,Unknown,No
36,Technician,Divorced,Tertiary,No,1174,Yes,No,Cellular,18,1900-11-01,192,2,-1,0,Unknown,No
56,Admin.,Married,Secondary,No,1270,Yes,No,Cellular,17,1900-11-01,80,2,165,2,Other,No
30,Management,Single,Tertiary,No,18,No,No,Unknown,20,1900-05-01,121,11,-1,0,Unknown,No
36,Blue-Collar,Married,Secondary,No,141,Yes,No,Unknown,23,1900-05-01,106,3,-1,0,Unknown,No
43,Management,Married,Tertiary,No,2886,No,No,Cellular,20,1900-11-01,230,1,-1,0,Unknown,No
40,Technician,Married,Secondary,No,2715,Yes,No,Unknown,29,1900-05-01,125,2,-1,0,Unknown,No
32,Technician,Single,Tertiary,No,1100,Yes,Yes,Cellular,11,1900-08-01,67,1,-1,0,Unknown,No
34,Blue-Collar,Married,Secondary,No,516,Yes,Yes,Unknown,2,1900-06-01,26,1,-1,0,Unknown,No
37,Services,Married,Secondary,No,1,No,No,Unknown,15,1900-05-01,395,2,-1,0,Unknown,No
28,Admin.,Single,Secondary,No,775,No,No,Cellular,29,1900-01-01,603,2,-1,0,Unknown,No
35,Unknown,Married,Primary,No,634,No,No,Cellular,7,1900-07-01,185,2,-1,0,Unknown,No
53,Blue-Collar,Single,Secondary,No,5715,No,No,Cellular,28,1900-01-01,287,2,-1,0,Unknown,No
60,Admin.,Married,Unknown,No,1088,Yes,No,Cellular,26,1900-05-01,149,1,-1,0,Unknown,No
40,Entrepreneur,Married,Secondary,No,1532,Yes,Yes,Cellular,18,1900-11-01,173,7,-1,0,Unknown,No
57,Retired,Married,Primary,No,75,No,No,Cellular,28,1900-08-01,118,2,-1,0,Unknown,No
29,Technician,Single,Secondary,No,103,No,No,Unknown,19,1900-05-01,314,1,-1,0,Unknown,No
44,Blue-Collar,Married,Primary,No,134,Yes,No,Cellular,7,1900-05-01,378,1,-1,0,Unknown,No
41,Admin.,Single,Secondary,No,748,No,No,Telephone,21,1900-11-01,94,7,130,3,Other,No
47,Technician,Married,Secondary,No,1990,Yes,Yes,Cellular,25,1900-08-01,108,4,-1,0,Unknown,No
43,Technician,Married,Tertiary,No,192,No,No,Cellular,5,1900-08-01,203,2,-1,0,Unknown,No
37,Technician,Single,Secondary,No,267,No,No,Cellular,13,1900-05-01,121,1,-1,0,Unknown,No
34,Technician,Single,Tertiary,No,586,Yes,No,Unknown,16,1900-05-01,489,2,-1,0,Unknown,No
30,Blue-Collar,Single,Secondary,No,648,Yes,Yes,Unknown,8,1900-05-01,287,1,-1,0,Unknown,No
57,Entrepreneur,Divorced,Secondary,Yes,25,Yes,No,Cellular,11,1900-05-01,652,1,370,4,Other,No
26,Admin.,Single,Secondary,No,96,Yes,No,Cellular,13,1900-05-01,612,2,348,3,Other,No
34,Management,Married,Tertiary,No,1116,Yes,No,Cellular,25,1900-07-01,53,5,-1,0,Unknown,No
46,Technician,Divorced,Secondary,No,-90,No,Yes,Telephone,17,1900-10-01,270,1,-1,0,Unknown,Yes
38,Entrepreneur,Married,Tertiary,No,170,Yes,No,Cellular,18,1900-05-01,442,1,-1,0,Unknown,Yes
37,Technician,Single,Secondary,No,3665,No,No,Cellular,12,1900-08-01,664,3,-1,0,Unknown,Yes
28,Management,Single,Tertiary,No,2380,No,No,Cellular,14,1900-09-01,394,2,-1,0,Unknown,No
57,Blue-Collar,Married,Primary,No,179,No,No,Unknown,9,1900-06-01,230,3,-1,0,Unknown,No
39,Management,Married,Tertiary,No,763,Yes,No,Cellular,11,1900-05-01,877,7,300,2,Other,Yes
49,Services,Married,Secondary,No,320,No,No,Telephone,9,1900-02-01,1971,4,-1,0,Unknown,Yes
38,Technician,Married,Secondary,No,1960,Yes,No,Cellular,21,1900-08-01,161,2,-1,0,Unknown,No
27,Blue-Collar,Married,Secondary,No,818,Yes,No,Unknown,3,1900-06-01,188,5,-1,0,Unknown,No
30,Admin.,Married,Secondary,No,2678,Yes,No,Cellular,18,1900-05-01,23,5,-1,0,Unknown,No
38,Admin.,Married,Tertiary,No,1980,No,No,Cellular,5,1900-08-01,176,2,-1,0,Unknown,No
36,Management,Married,Tertiary,No,1582,No,No,Telephone,3,1900-02-01,26,2,197,1,Failure,No
38,Retired,Single,Unknown,No,62,No,No,Unknown,19,1900-06-01,212,1,-1,0,Unknown,No
59,Housemaid,Married,Primary,No,235,No,No,Cellular,13,1900-08-01,119,2,-1,0,Unknown,No
37,Management,Married,Tertiary,No,489,Yes,No,Cellular,7,1900-08-01,205,5,-1,0,Unknown,No
29,Self-Employed,Married,Tertiary,No,3931,Yes,No,Unknown,3,1900-06-01,73,4,-1,0,Unknown,No
43,Blue-Collar,Married,Secondary,No,699,Yes,Yes,Cellular,20,1900-11-01,1258,2,122,2,Other,Yes
33,Technician,Married,Secondary,No,58,Yes,No,Telephone,29,1900-08-01,57,2,-1,0,Unknown,No
54,Housemaid,Divorced,Secondary,No,1327,No,No,Unknown,5,1900-06-01,115,2,-1,0,Unknown,No
55,Services,Married,Secondary,No,557,No,No,Unknown,19,1900-06-01,58,1,-1,0,Unknown,No
32,Technician,Single,Tertiary,No,741,Yes,No,Cellular,11,1900-08-01,238,1,-1,0,Unknown,No
48,Management,Married,Primary,No,3230,Yes,No,Telephone,20,1900-11-01,207,3,-1,0,Unknown,No
33,Management,Single,Tertiary,No,1439,Yes,No,Cellular,3,1900-06-01,178,2,-1,0,Unknown,No
46,Admin.,Married,Secondary,No,120,Yes,No,Unknown,14,1900-05-01,20,11,-1,0,Unknown,No
44,Management,Married,Tertiary,No,1058,No,No,Cellular,11,1900-03-01,188,3,-1,0,Unknown,Yes
47,Blue-Collar,Married,Primary,No,881,Yes,No,Cellular,14,1900-05-01,143,1,370,2,Failure,No
38,Technician,Married,Secondary,No,6728,No,No,Cellular,25,1900-11-01,232,1,96,4,Success,Yes
80,Retired,Married,Secondary,No,462,No,No,Cellular,7,1900-12-01,127,2,-1,0,Unknown,No
40,Self-Employed,Married,Secondary,No,167,Yes,Yes,Cellular,8,1900-05-01,380,4,295,1,Failure,No
43,Entrepreneur,Married,Tertiary,No,1574,Yes,No,Cellular,19,1900-11-01,167,3,-1,0,Unknown,No
32,Technician,Single,Tertiary,No,1625,No,No,Cellular,22,1900-05-01,796,1,109,1,Failure,Yes
39,Management,Married,Tertiary,No,562,No,No,Cellular,13,1900-09-01,303,2,-1,0,Unknown,No
33,Technician,Married,Secondary,No,9305,Yes,No,Cellular,17,1900-04-01,407,2,-1,0,Unknown,No
31,Technician,Single,Secondary,No,35,No,Yes,Cellular,16,1900-07-01,229,1,-1,0,Unknown,No
36,Management,Single,Tertiary,No,0,No,No,Cellular,11,1900-08-01,108,2,-1,0,Unknown,No
35,Management,Single,Tertiary,No,2486,Yes,No,Cellular,25,1900-05-01,265,1,-1,0,Unknown,No
25,Services,Single,Secondary,No,368,No,No,Telephone,25,1900-07-01,168,1,-1,0,Unknown,No
33,Management,Single,Secondary,No,1558,Yes,No,Cellular,17,1900-04-01,97,1,-1,0,Unknown,No
23,Blue-Collar,Single,Primary,No,8627,Yes,No,Cellular,15,1900-05-01,169,1,346,1,Failure,No
31,Management,Single,Tertiary,No,2590,No,No,Cellular,23,1900-09-01,103,2,484,2,Other,No
36,Management,Married,Tertiary,No,0,Yes,Yes,Unknown,3,1900-06-01,599,3,-1,0,Unknown,No
44,Technician,Single,Tertiary,No,900,Yes,No,Cellular,29,1900-01-01,322,2,-1,0,Unknown,No
31,Management,Single,Tertiary,No,385,Yes,No,Unknown,21,1900-05-01,304,1,-1,0,Unknown,No
55,Blue-Collar,Married,Primary,No,1649,Yes,No,Cellular,12,1900-05-01,52,3,-1,0,Unknown,No
51,Housemaid,Divorced,Secondary,No,9228,No,No,Cellular,18,1900-07-01,655,4,-1,0,Unknown,Yes
36,Admin.,Married,Secondary,No,0,Yes,Yes,Cellular,9,1900-02-01,101,2,-1,0,Unknown,No
27,Unemployed,Single,Tertiary,No,1,No,No,Cellular,3,1900-02-01,65,2,-1,0,Unknown,No
40,Services,Married,Secondary,No,771,Yes,No,Cellular,15,1900-05-01,173,4,-1,0,Unknown,No
49,Services,Married,Secondary,No,280,Yes,No,Telephone,14,1900-07-01,162,3,-1,0,Unknown,No
59,Retired,Married,Primary,No,46,No,No,Cellular,14,1900-08-01,78,2,-1,0,Unknown,No
32,Management,Married,Tertiary,No,2431,Yes,No,Cellular,14,1900-05-01,646,5,-1,0,Unknown,Yes
42,Retired,Single,Tertiary,No,308,No,No,Cellular,30,1900-01-01,114,2,-1,0,Unknown,No
35,Management,Divorced,Tertiary,No,160,Yes,No,Unknown,4,1900-06-01,141,6,-1,0,Unknown,No
29,Blue-Collar,Single,Secondary,No,555,Yes,No,Cellular,15,1900-05-01,133,4,-1,0,Unknown,No
29,Technician,Single,Secondary,No,778,Yes,No,Unknown,6,1900-06-01,1994,2,-1,0,Unknown,No
37,Blue-Collar,Single,Secondary,No,48,No,No,Cellular,6,1900-05-01,140,2,-1,0,Unknown,No
49,Admin.,Married,Primary,No,169,Yes,No,Cellular,15,1900-05-01,82,3,-1,0,Unknown,No
51,Services,Divorced,Secondary,No,12,Yes,No,Cellular,17,1900-11-01,150,1,-1,0,Unknown,No
61,Housemaid,Married,Primary,No,848,No,No,Cellular,27,1900-04-01,605,1,187,1,Other,No
43,Management,Married,Secondary,No,481,Yes,No,Telephone,18,1900-11-01,164,1,110,2,Other,No
42,Services,Married,Tertiary,No,12223,Yes,No,Cellular,19,1900-11-01,36,1,-1,0,Unknown,No
24,Blue-Collar,Married,Secondary,No,-254,Yes,Yes,Unknown,27,1900-05-01,290,2,-1,0,Unknown,No
46,Self-Employed,Married,Tertiary,No,1148,No,No,Telephone,29,1900-07-01,104,2,-1,0,Unknown,No
23,Admin.,Single,Secondary,No,5,No,No,Unknown,12,1900-05-01,413,1,-1,0,Unknown,No
26,Services,Single,Secondary,No,50,Yes,No,Cellular,12,1900-08-01,153,1,-1,0,Unknown,No
43,Blue-Collar,Divorced,Primary,No,92,Yes,No,Unknown,15,1900-05-01,237,2,-1,0,Unknown,No
35,Technician,Single,Tertiary,No,470,Yes,No,Cellular,25,1900-07-01,743,13,-1,0,Unknown,Yes
38,Technician,Married,Secondary,No,0,No,No,Cellular,28,1900-08-01,82,4,-1,0,Unknown,No
56,Unemployed,Divorced,Primary,No,109,No,No,Cellular,15,1900-07-01,924,4,-1,0,Unknown,No
31,Services,Married,Secondary,No,440,Yes,No,Unknown,17,1900-06-01,117,3,-1,0,Unknown,No
32,Management,Single,Tertiary,No,0,No,No,Cellular,5,1900-02-01,550,4,-1,0,Unknown,Yes
28,Services,Single,Secondary,No,2685,No,Yes,Unknown,24,1900-08-01,5,1,-1,0,Unknown,No
26,Admin.,Divorced,Secondary,Yes,-3,Yes,No,Unknown,13,1900-05-01,181,5,-1,0,Unknown,No
49,Management,Married,Tertiary,No,7007,No,No,Cellular,17,1900-11-01,325,2,-1,0,Unknown,No
33,Admin.,Married,Secondary,No,220,Yes,No,Unknown,27,1900-05-01,345,1,-1,0,Unknown,No
80,Retired,Married,Primary,No,1548,No,No,Cellular,6,1900-08-01,331,2,-1,0,Unknown,No
40,Blue-Collar,Married,Secondary,No,326,Yes,Yes,Cellular,7,1900-07-01,112,1,-1,0,Unknown,No
42,Technician,Divorced,Secondary,No,0,Yes,No,Unknown,30,1900-05-01,115,6,-1,0,Unknown,No
46,Blue-Collar,Married,Secondary,No,123,No,No,Cellular,20,1900-08-01,381,3,-1,0,Unknown,No
32,Management,Single,Tertiary,No,697,No,No,Cellular,7,1900-08-01,119,1,99,3,Failure,No
37,Services,Single,Tertiary,No,223,Yes,No,Unknown,28,1900-05-01,25,1,-1,0,Unknown,No
32,Student,Married,Secondary,No,1694,Yes,No,Cellular,28,1900-01-01,929,1,-1,0,Unknown,No
53,Management,Married,Tertiary,No,4446,Yes,No,Unknown,14,1900-05-01,429,1,-1,0,Unknown,No
39,Management,Married,Tertiary,No,894,Yes,No,Cellular,20,1900-04-01,491,1,326,1,Other,No
31,Technician,Divorced,Secondary,No,202,Yes,No,Cellular,18,1900-07-01,146,1,-1,0,Unknown,No
34,Management,Single,Tertiary,No,0,No,No,Cellular,21,1900-08-01,191,2,-1,0,Unknown,No
44,Technician,Married,Tertiary,No,1707,No,No,Cellular,8,1900-08-01,406,3,-1,0,Unknown,No
35,Technician,Married,Secondary,No,13658,Yes,No,Telephone,9,1900-12-01,220,2,-1,0,Unknown,No
39,Admin.,Married,Secondary,No,406,No,No,Cellular,30,1900-07-01,253,5,-1,0,Unknown,No
55,Services,Married,Secondary,No,96,No,No,Telephone,30,1900-07-01,340,2,-1,0,Unknown,No
34,Housemaid,Married,Secondary,No,0,Yes,No,Unknown,30,1900-10-01,154,1,-1,0,Unknown,Yes
39,Technician,Married,Tertiary,No,-276,No,Yes,Cellular,11,1900-08-01,121,4,-1,0,Unknown,No
58,Retired,Married,Secondary,No,413,No,No,Cellular,27,1900-08-01,104,5,-1,0,Unknown,No
37,Blue-Collar,Married,Primary,No,655,Yes,No,Cellular,5,1900-02-01,127,2,258,4,Failure,No
56,Retired,Divorced,Primary,No,694,No,No,Cellular,29,1900-01-01,144,1,102,1,Other,Yes
32,Admin.,Single,Secondary,No,10218,Yes,No,Cellular,19,1900-11-01,149,2,-1,0,Unknown,No
41,Technician,Single,Tertiary,No,1646,Yes,No,Cellular,4,1900-02-01,261,1,184,6,Success,Yes
29,Admin.,Single,Tertiary,No,14,No,No,Cellular,29,1900-09-01,87,1,120,1,Failure,No
44,Management,Married,Tertiary,No,7635,No,No,Cellular,21,1900-08-01,719,5,-1,0,Unknown,No
24,Blue-Collar,Married,Secondary,No,9,Yes,No,Unknown,27,1900-05-01,292,7,-1,0,Unknown,No
43,Management,Single,Secondary,No,1029,Yes,No,Unknown,2,1900-06-01,145,1,-1,0,Unknown,No
26,Admin.,Married,Tertiary,No,2855,No,No,Cellular,30,1900-03-01,52,3,-1,0,Unknown,No
39,Admin.,Married,Secondary,No,260,Yes,No,Cellular,17,1900-04-01,146,1,281,1,Failure,No
49,Blue-Collar,Married,Secondary,No,2039,Yes,No,Cellular,6,1900-05-01,451,1,169,2,Failure,Yes
52,Blue-Collar,Divorced,Primary,No,-97,Yes,Yes,Unknown,9,1900-05-01,167,4,-1,0,Unknown,No
33,Blue-Collar,Married,Tertiary,No,1465,No,No,Cellular,19,1900-08-01,98,4,-1,0,Unknown,No
30,Blue-Collar,Married,Secondary,No,125,Yes,No,Unknown,29,1900-05-01,238,2,-1,0,Unknown,No
32,Technician,Single,Tertiary,No,930,No,No,Cellular,27,1900-08-01,85,7,-1,0,Unknown,No
27,Management,Single,Tertiary,No,0,Yes,No,Cellular,30,1900-01-01,323,4,-1,0,Unknown,No
58,Blue-Collar,Married,Primary,No,73,No,No,Unknown,17,1900-06-01,116,1,-1,0,Unknown,No
46,Retired,Married,Primary,No,-35,Yes,No,Cellular,7,1900-05-01,304,3,-1,0,Unknown,No
28,Management,Single,Tertiary,No,1351,No,No,Cellular,10,1900-12-01,267,1,-1,0,Unknown,No
39,Services,Married,Primary,No,1601,Yes,No,Unknown,23,1900-05-01,201,2,-1,0,Unknown,No
41,Services,Married,Unknown,No,88,Yes,No,Cellular,11,1900-05-01,105,1,336,2,Failure,No
38,Services,Married,Secondary,No,435,Yes,No,Unknown,23,1900-05-01,193,2,-1,0,Unknown,No
50,Unemployed,Divorced,Secondary,No,717,Yes,No,Cellular,30,1900-01-01,113,1,-1,0,Unknown,No
56,Services,Married,Secondary,No,705,Yes,No,Unknown,29,1900-05-01,151,2,-1,0,Unknown,No
34,Technician,Married,Secondary,No,1553,No,No,Cellular,20,1900-08-01,200,2,-1,0,Unknown,No
33,Blue-Collar,Divorced,Secondary,No,-131,Yes,No,Unknown,16,1900-05-01,145,1,-1,0,Unknown,No
61,Technician,Married,Secondary,No,1191,No,No,Cellular,21,1900-05-01,214,4,-1,0,Unknown,Yes
36,Admin.,Single,Secondary,No,47,No,Yes,Cellular,9,1900-07-01,36,6,-1,0,Unknown,No
34,Technician,Married,Tertiary,No,544,Yes,Yes,Cellular,18,1900-11-01,58,2,-1,0,Unknown,No
36,Blue-Collar,Married,Secondary,No,688,Yes,No,Unknown,6,1900-05-01,174,2,-1,0,Unknown,No
45,Management,Married,Tertiary,No,242,No,No,Cellular,30,1900-04-01,587,1,-1,0,Unknown,Yes
27,Student,Single,Tertiary,No,118,No,No,Cellular,25,1900-05-01,112,1,-1,0,Unknown,No
45,Admin.,Married,Secondary,No,-388,Yes,No,Cellular,14,1900-07-01,175,2,-1,0,Unknown,No
40,Self-Employed,Married,Tertiary,No,1603,No,No,Unknown,17,1900-06-01,279,1,-1,0,Unknown,No
36,Management,Single,Secondary,No,1511,Yes,No,Cellular,16,1900-11-01,270,1,-1,0,Unknown,Yes
46,Blue-Collar,Married,Primary,No,147,Yes,No,Cellular,6,1900-05-01,116,2,169,3,Failure,No
37,Entrepreneur,Married,Tertiary,No,836,Yes,No,Unknown,27,1900-05-01,129,2,-1,0,Unknown,No
36,Technician,Married,Secondary,No,55,Yes,No,Cellular,13,1900-05-01,38,2,369,4,Failure,No
37,Admin.,Married,Secondary,No,1123,No,Yes,Unknown,28,1900-05-01,138,1,-1,0,Unknown,No
22,Student,Single,Tertiary,No,691,No,No,Cellular,19,1900-08-01,338,1,-1,0,Unknown,Yes
51,Services,Married,Secondary,No,0,No,Yes,Unknown,26,1900-06-01,565,3,-1,0,Unknown,No
49,Technician,Married,Secondary,No,12531,No,No,Cellular,13,1900-08-01,77,8,-1,0,Unknown,No
35,Management,Married,Tertiary,No,552,Yes,Yes,Cellular,19,1900-11-01,314,2,124,1,Failure,No
50,Housemaid,Married,Primary,No,0,No,No,Unknown,20,1900-06-01,179,2,-1,0,Unknown,No
31,Services,Married,Tertiary,No,309,Yes,Yes,Unknown,7,1900-05-01,294,1,-1,0,Unknown,No
47,Services,Single,Secondary,No,33,Yes,No,Cellular,5,1900-05-01,298,1,-1,0,Unknown,No
59,Blue-Collar,Married,Secondary,No,681,Yes,No,Telephone,14,1900-04-01,427,2,-1,0,Unknown,No
32,Blue-Collar,Married,Secondary,No,1787,Yes,No,Cellular,12,1900-05-01,87,4,357,4,Failure,No
71,Retired,Married,Tertiary,No,14220,Yes,No,Cellular,9,1900-09-01,397,1,-1,0,Unknown,Yes
31,Management,Single,Tertiary,No,12569,No,No,Cellular,9,1900-09-01,344,1,295,1,Failure,Yes
41,Blue-Collar,Married,Primary,No,4,No,No,Cellular,23,1900-07-01,74,5,-1,0,Unknown,No
35,Blue-Collar,Married,Primary,No,3587,Yes,No,Unknown,30,1900-05-01,148,4,-1,0,Unknown,No
36,Management,Married,Tertiary,No,254,No,No,Unknown,6,1900-06-01,161,3,-1,0,Unknown,No
46,Blue-Collar,Divorced,Primary,No,1712,No,No,Unknown,19,1900-06-01,110,1,-1,0,Unknown,No
46,Blue-Collar,Married,Secondary,No,4855,Yes,No,Cellular,10,1900-08-01,1529,1,397,1,Failure,No
47,Technician,Married,Tertiary,No,2408,No,No,Cellular,12,1900-08-01,236,1,104,1,Success,No
35,Management,Single,Tertiary,No,252,Yes,No,Cellular,8,1900-08-01,89,2,-1,0,Unknown,No
37,Blue-Collar,Married,Secondary,No,346,Yes,No,Cellular,17,1900-04-01,390,1,316,1,Failure,No
56,Admin.,Married,Secondary,No,45,No,No,Unknown,5,1900-05-01,1467,1,-1,0,Unknown,Yes
46,Admin.,Married,Secondary,No,556,Yes,Yes,Unknown,15,1900-05-01,646,3,-1,0,Unknown,Yes
44,Management,Divorced,Tertiary,No,-710,Yes,No,Cellular,10,1900-07-01,183,1,-1,0,Unknown,No
48,Technician,Single,Tertiary,No,-551,Yes,No,Cellular,11,1900-05-01,168,2,-1,0,Unknown,No
28,Blue-Collar,Single,Secondary,No,56,Yes,No,Unknown,23,1900-05-01,66,1,-1,0,Unknown,No
38,Entrepreneur,Married,Tertiary,No,1514,No,Yes,Cellular,21,1900-11-01,160,3,120,3,Failure,No
34,Management,Single,Tertiary,No,178,Yes,No,Cellular,15,1900-05-01,14,2,-1,0,Unknown,No
56,Technician,Married,Secondary,No,359,Yes,No,Unknown,6,1900-06-01,220,4,-1,0,Unknown,No
55,Retired,Divorced,Secondary,No,1580,No,Yes,Unknown,19,1900-06-01,1007,1,-1,0,Unknown,Yes
44,Blue-Collar,Divorced,Secondary,No,221,No,No,Cellular,30,1900-07-01,149,13,-1,0,Unknown,No
38,Technician,Married,Tertiary,No,1161,Yes,No,Unknown,8,1900-05-01,665,1,-1,0,Unknown,No
53,Retired,Married,Secondary,No,1278,Yes,No,Telephone,15,1900-07-01,174,3,-1,0,Unknown,No
41,Admin.,Single,Tertiary,No,982,No,No,Cellular,23,1900-07-01,105,1,-1,0,Unknown,No
34,Technician,Single,Secondary,No,16,No,No,Cellular,13,1900-08-01,990,1,-1,0,Unknown,Yes
34,Management,Single,Tertiary,No,1,No,No,Cellular,19,1900-11-01,582,1,-1,0,Unknown,No
35,Services,Married,Secondary,No,128,Yes,No,Cellular,12,1900-05-01,136,1,-1,0,Unknown,No
38,Entrepreneur,Single,Secondary,No,2543,No,No,Cellular,10,1900-08-01,223,1,414,4,Failure,Yes
42,Entrepreneur,Married,Tertiary,No,42045,No,No,Cellular,8,1900-08-01,205,2,-1,0,Unknown,No
56,Blue-Collar,Married,Primary,No,828,Yes,No,Cellular,14,1900-05-01,214,1,349,1,Failure,No
37,Management,Divorced,Tertiary,No,0,Yes,No,Cellular,11,1900-05-01,217,6,-1,0,Unknown,No
47,Housemaid,Married,Secondary,No,3940,Yes,No,Cellular,9,1900-11-01,171,2,96,5,Success,No
29,Blue-Collar,Married,Secondary,No,125,Yes,No,Unknown,13,1900-05-01,50,1,-1,0,Unknown,No
41,Management,Married,Tertiary,No,140,Yes,No,Unknown,5,1900-06-01,65,3,-1,0,Unknown,No
43,Technician,Single,Secondary,No,593,Yes,No,Unknown,5,1900-05-01,55,1,-1,0,Unknown,No
38,Self-Employed,Married,Secondary,No,746,No,No,Unknown,20,1900-06-01,256,3,-1,0,Unknown,No
31,Technician,Married,Secondary,No,589,Yes,Yes,Unknown,21,1900-05-01,151,1,-1,0,Unknown,No
32,Management,Single,Tertiary,No,2343,No,No,Cellular,18,1900-07-01,226,1,-1,0,Unknown,No
40,Management,Married,Tertiary,No,294,Yes,No,Cellular,23,1900-07-01,97,5,-1,0,Unknown,No
45,Admin.,Married,Secondary,No,644,No,Yes,Telephone,22,1900-07-01,92,1,-1,0,Unknown,No
43,Management,Married,Secondary,No,-26,Yes,No,Unknown,16,1900-05-01,343,1,-1,0,Unknown,No
27,Services,Single,Secondary,No,3354,Yes,No,Cellular,14,1900-05-01,493,5,-1,0,Unknown,No
33,Management,Single,Tertiary,No,23,No,No,Cellular,20,1900-08-01,216,3,-1,0,Unknown,No
37,Admin.,Married,Secondary,No,7,Yes,No,Cellular,27,1900-05-01,224,7,105,1,Other,No
60,Admin.,Married,Secondary,No,3735,No,No,Cellular,22,1900-12-01,190,1,188,9,Success,Yes
51,Self-Employed,Married,Unknown,No,2094,No,No,Cellular,8,1900-06-01,458,6,-1,0,Unknown,Yes
44,Blue-Collar,Married,Secondary,No,508,Yes,No,Cellular,20,1900-04-01,222,1,154,1,Failure,No
48,Management,Married,Unknown,No,0,Yes,No,Cellular,8,1900-05-01,612,1,344,1,Other,No
57,Blue-Collar,Married,Primary,No,93,Yes,No,Telephone,17,1900-04-01,137,1,-1,0,Unknown,No
29,Technician,Single,Tertiary,No,0,Yes,No,Unknown,7,1900-05-01,104,2,-1,0,Unknown,No
50,Services,Married,Secondary,No,26394,No,No,Cellular,25,1900-08-01,206,4,-1,0,Unknown,No
36,Services,Married,Secondary,No,-11,Yes,No,Cellular,30,1900-07-01,172,28,-1,0,Unknown,No
49,Technician,Married,Tertiary,No,523,Yes,No,Cellular,3,1900-03-01,152,2,-1,0,Unknown,Yes
49,Technician,Married,Secondary,Yes,-74,Yes,No,Cellular,19,1900-11-01,114,1,-1,0,Unknown,No
35,Management,Married,Tertiary,No,0,No,No,Cellular,11,1900-07-01,89,1,-1,0,Unknown,No
39,Technician,Single,Secondary,No,122,Yes,No,Unknown,2,1900-06-01,158,1,-1,0,Unknown,No
34,Blue-Collar,Married,Primary,No,351,No,Yes,Cellular,14,1900-07-01,326,11,-1,0,Unknown,No
57,Self-Employed,Married,Secondary,No,35,No,Yes,Unknown,26,1900-06-01,215,3,-1,0,Unknown,No
37,Technician,Divorced,Secondary,No,2610,Yes,No,Cellular,13,1900-05-01,53,1,-1,0,Unknown,No
25,Services,Single,Secondary,No,64,No,No,Cellular,21,1900-07-01,71,11,-1,0,Unknown,No
43,Blue-Collar,Married,Primary,No,60,No,No,Cellular,8,1900-05-01,487,2,367,2,Other,No
37,Blue-Collar,Married,Secondary,No,342,Yes,No,Cellular,12,1900-05-01,340,2,175,1,Failure,No
36,Blue-Collar,Single,Tertiary,No,1830,No,No,Cellular,14,1900-10-01,183,1,91,11,Failure,No
49,Management,Divorced,Tertiary,No,1904,No,Yes,Cellular,17,1900-11-01,131,2,-1,0,Unknown,No
38,Management,Single,Tertiary,No,16957,Yes,No,Telephone,29,1900-01-01,208,1,247,2,Failure,No
39,Management,Divorced,Tertiary,No,26,No,No,Unknown,18,1900-06-01,311,5,-1,0,Unknown,No
40,Management,Married,Tertiary,No,0,No,No,Cellular,10,1900-11-01,147,1,96,8,Success,Yes
34,Admin.,Married,Secondary,No,79,Yes,No,Unknown,23,1900-05-01,83,1,-1,0,Unknown,No
39,Blue-Collar,Married,Primary,No,2303,Yes,No,Unknown,17,1900-06-01,775,3,-1,0,Unknown,Yes
53,Blue-Collar,Married,Secondary,No,65,No,No,Cellular,28,1900-08-01,25,18,-1,0,Unknown,No
44,Management,Married,Tertiary,No,332,Yes,No,Cellular,23,1900-07-01,497,5,-1,0,Unknown,No
32,Technician,Divorced,Secondary,No,-399,Yes,No,Unknown,2,1900-06-01,180,1,-1,0,Unknown,No
50,Technician,Divorced,Secondary,No,-54,Yes,Yes,Cellular,13,1900-05-01,698,2,292,1,Failure,Yes
29,Services,Married,Primary,No,-102,No,No,Unknown,4,1900-07-01,134,1,-1,0,Unknown,No
55,Unemployed,Married,Tertiary,No,4809,Yes,No,Cellular,21,1900-11-01,223,2,186,3,Other,No
73,Retired,Married,Primary,No,279,No,No,Cellular,28,1900-01-01,399,3,-1,0,Unknown,Yes
52,Technician,Married,Secondary,No,11,Yes,No,Unknown,13,1900-05-01,420,1,-1,0,Unknown,No
49,Services,Married,Secondary,No,2201,Yes,No,Unknown,15,1900-05-01,233,3,-1,0,Unknown,No
63,Retired,Married,Primary,No,8044,No,No,Cellular,12,1900-11-01,702,1,-1,0,Unknown,No
34,Admin.,Married,Secondary,No,2374,Yes,No,Cellular,9,1900-11-01,161,1,209,2,Failure,Yes
32,Admin.,Single,Secondary,No,92,Yes,No,Cellular,18,1900-05-01,110,1,315,2,Failure,No
49,Housemaid,Married,Tertiary,No,443,No,No,Cellular,8,1900-08-01,27,6,-1,0,Unknown,No
40,Blue-Collar,Married,Primary,No,1397,Yes,No,Telephone,12,1900-05-01,58,2,334,1,Failure,No
53,Entrepreneur,Married,Unknown,No,7,No,No,Cellular,20,1900-11-01,68,1,-1,0,Unknown,No
53,Technician,Married,Tertiary,No,3177,No,No,Cellular,8,1900-08-01,92,2,-1,0,Unknown,No
43,Blue-Collar,Married,Primary,No,232,No,Yes,Cellular,15,1900-05-01,45,1,-1,0,Unknown,No
35,Management,Single,Secondary,No,81,Yes,No,Cellular,29,1900-01-01,79,1,-1,0,Unknown,No
35,Services,Single,Secondary,No,414,Yes,No,Cellular,20,1900-04-01,11,5,319,2,Other,No
25,Student,Single,Tertiary,No,1433,Yes,No,Cellular,15,1900-05-01,520,1,-1,0,Unknown,No
31,Technician,Single,Unknown,No,187,No,No,Cellular,17,1900-07-01,86,1,-1,0,Unknown,No
48,Management,Married,Tertiary,No,0,No,No,Cellular,28,1900-08-01,16,16,-1,0,Unknown,No
40,Housemaid,Married,Secondary,No,4610,No,No,Cellular,14,1900-08-01,154,2,-1,0,Unknown,No
46,Blue-Collar,Married,Primary,No,1429,Yes,No,Unknown,14,1900-05-01,91,1,-1,0,Unknown,No
30,Services,Single,Secondary,No,334,No,No,Cellular,29,1900-01-01,389,2,-1,0,Unknown,No
47,Services,Married,Secondary,No,2,No,Yes,Cellular,21,1900-07-01,71,15,-1,0,Unknown,No
23,Services,Single,Secondary,No,500,Yes,No,Unknown,4,1900-06-01,111,3,-1,0,Unknown,No
29,Technician,Married,Tertiary,No,43,Yes,No,Unknown,20,1900-05-01,68,2,-1,0,Unknown,No
38,Technician,Married,Secondary,No,4030,Yes,No,Cellular,19,1900-11-01,75,2,177,5,Failure,No
56,Housemaid,Married,Primary,No,306,No,Yes,Cellular,8,1900-07-01,212,1,-1,0,Unknown,No
52,Admin.,Married,Secondary,No,0,No,No,Cellular,22,1900-04-01,91,2,275,1,Failure,No
55,Retired,Married,Secondary,No,168,No,No,Cellular,19,1900-08-01,79,2,-1,0,Unknown,No
43,Entrepreneur,Married,Tertiary,No,210,No,No,Cellular,29,1900-07-01,646,2,-1,0,Unknown,No
34,Blue-Collar,Married,Secondary,No,518,Yes,No,Cellular,11,1900-05-01,206,1,-1,0,Unknown,No
43,Management,Single,Tertiary,No,1696,Yes,No,Cellular,26,1900-08-01,257,1,474,3,Failure,Yes
55,Services,Married,Secondary,No,-31,No,Yes,Cellular,13,1900-08-01,81,2,-1,0,Unknown,No
34,Blue-Collar,Married,Secondary,No,856,Yes,No,Cellular,20,1900-04-01,470,1,150,5,Other,No
34,Management,Single,Tertiary,No,318,Yes,No,Unknown,9,1900-05-01,133,2,-1,0,Unknown,No
43,Self-Employed,Married,Tertiary,No,64,No,No,Unknown,6,1900-06-01,230,2,-1,0,Unknown,No
39,Blue-Collar,Married,Primary,No,800,Yes,No,Cellular,19,1900-11-01,76,6,-1,0,Unknown,No
39,Technician,Single,Unknown,No,75,No,No,Unknown,6,1900-06-01,26,1,-1,0,Unknown,No
34,Technician,Single,Secondary,No,347,Yes,No,Cellular,6,1900-02-01,154,2,197,6,Failure,No
55,Management,Married,Tertiary,No,2366,Yes,Yes,Cellular,30,1900-07-01,94,4,-1,0,Unknown,No
67,Retired,Married,Tertiary,No,701,No,No,Cellular,6,1900-08-01,254,2,-1,0,Unknown,Yes
34,Entrepreneur,Married,Tertiary,No,475,Yes,Yes,Cellular,9,1900-07-01,1156,1,-1,0,Unknown,No
47,Blue-Collar,Married,Secondary,No,3285,No,No,Cellular,31,1900-07-01,248,5,-1,0,Unknown,No
33,Blue-Collar,Married,Primary,No,925,No,No,Cellular,20,1900-11-01,884,3,-1,0,Unknown,No
45,Entrepreneur,Married,Secondary,No,128,No,Yes,Cellular,18,1900-11-01,275,2,-1,0,Unknown,No
36,Blue-Collar,Married,Secondary,No,1587,Yes,No,Cellular,28,1900-07-01,200,2,-1,0,Unknown,No
59,Technician,Divorced,Secondary,No,879,Yes,No,Unknown,26,1900-05-01,228,1,-1,0,Unknown,No
33,Services,Married,Secondary,No,478,No,No,Cellular,30,1900-04-01,475,2,-1,0,Unknown,Yes
52,Technician,Divorced,Secondary,No,280,No,No,Cellular,14,1900-07-01,393,5,-1,0,Unknown,No
53,Blue-Collar,Married,Primary,No,1868,No,No,Cellular,8,1900-08-01,156,4,-1,0,Unknown,No
41,Unemployed,Married,Primary,No,819,No,No,Cellular,9,1900-02-01,244,3,-1,0,Unknown,No
45,Blue-Collar,Married,Secondary,No,4646,Yes,No,Unknown,13,1900-05-01,118,1,-1,0,Unknown,No
60,Self-Employed,Single,Secondary,No,27,No,No,Cellular,22,1900-08-01,40,2,-1,0,Unknown,No
32,Blue-Collar,Married,Secondary,No,736,Yes,No,Unknown,23,1900-05-01,700,3,-1,0,Unknown,No
28,Management,Single,Tertiary,No,224,Yes,No,Cellular,2,1900-02-01,97,3,-1,0,Unknown,No
31,Technician,Single,Secondary,No,2544,No,No,Cellular,15,1900-07-01,252,1,184,3,Success,Yes
53,Blue-Collar,Married,Secondary,No,427,No,Yes,Cellular,14,1900-08-01,360,4,-1,0,Unknown,No
58,Management,Married,Tertiary,No,2764,No,No,Cellular,17,1900-11-01,235,1,-1,0,Unknown,No
38,Blue-Collar,Married,Secondary,No,376,Yes,No,Unknown,7,1900-05-01,1521,1,-1,0,Unknown,No
46,Management,Married,Tertiary,No,523,Yes,No,Cellular,6,1900-05-01,105,4,366,2,Failure,No
53,Entrepreneur,Married,Tertiary,No,71,No,Yes,Cellular,29,1900-01-01,86,1,-1,0,Unknown,No
56,Retired,Married,Secondary,No,3948,No,No,Cellular,3,1900-04-01,484,1,135,3,Failure,No
52,Services,Single,Secondary,No,1810,No,No,Telephone,19,1900-11-01,117,1,-1,0,Unknown,No
38,Technician,Married,Secondary,No,994,No,No,Unknown,9,1900-06-01,119,1,-1,0,Unknown,No
37,Services,Married,Primary,No,52,Yes,No,Unknown,7,1900-05-01,359,1,-1,0,Unknown,No
37,Blue-Collar,Married,Primary,No,11,No,No,Telephone,30,1900-07-01,109,8,-1,0,Unknown,No
37,Technician,Married,Secondary,Yes,0,No,No,Unknown,18,1900-06-01,236,1,-1,0,Unknown,No
66,Retired,Married,Primary,No,747,No,No,Telephone,28,1900-01-01,203,3,93,1,Failure,No
44,Blue-Collar,Married,Primary,No,2657,Yes,No,Unknown,20,1900-06-01,202,2,-1,0,Unknown,No
61,Retired,Married,Secondary,No,313,No,Yes,Unknown,3,1900-07-01,42,1,-1,0,Unknown,No
34,Admin.,Married,Secondary,No,61,No,Yes,Unknown,5,1900-05-01,21,1,-1,0,Unknown,No
33,Admin.,Single,Secondary,No,2557,Yes,No,Cellular,18,1900-05-01,186,1,-1,0,Unknown,No
30,Services,Divorced,Secondary,No,0,Yes,No,Cellular,13,1900-05-01,172,1,-1,0,Unknown,No
27,Services,Divorced,Secondary,No,10,Yes,No,Cellular,22,1900-07-01,527,1,-1,0,Unknown,No
37,Services,Married,Secondary,No,658,Yes,No,Telephone,23,1900-07-01,175,1,-1,0,Unknown,No
38,Blue-Collar,Married,Primary,No,1679,Yes,No,Unknown,20,1900-06-01,21,18,-1,0,Unknown,No
35,Management,Single,Tertiary,No,0,No,Yes,Cellular,14,1900-08-01,370,4,-1,0,Unknown,No
50,Technician,Married,Secondary,No,841,Yes,No,Unknown,29,1900-05-01,54,2,-1,0,Unknown,No
39,Management,Married,Secondary,No,0,Yes,No,Cellular,27,1900-08-01,63,3,-1,0,Unknown,No
35,Management,Married,Secondary,No,1160,Yes,No,Unknown,27,1900-05-01,116,3,-1,0,Unknown,No
36,Admin.,Divorced,Secondary,No,-37,Yes,No,Unknown,27,1900-05-01,151,1,-1,0,Unknown,No
28,Services,Single,Secondary,No,94,Yes,No,Cellular,16,1900-04-01,300,1,-1,0,Unknown,No
39,Self-Employed,Married,Tertiary,No,585,Yes,No,Cellular,18,1900-11-01,48,1,181,3,Failure,No
39,Self-Employed,Married,Secondary,No,235,No,No,Unknown,9,1900-06-01,217,1,-1,0,Unknown,No
30,Blue-Collar,Single,Secondary,No,2145,Yes,No,Cellular,18,1900-05-01,727,2,-1,0,Unknown,Yes
32,Services,Married,Secondary,No,1464,Yes,No,Unknown,3,1900-06-01,193,1,-1,0,Unknown,No
28,Technician,Married,Secondary,No,232,Yes,Yes,Cellular,29,1900-01-01,72,1,261,1,Failure,No
47,Technician,Married,Primary,No,187,Yes,No,Unknown,9,1900-05-01,165,1,-1,0,Unknown,No
53,Management,Married,Tertiary,No,12,No,No,Cellular,27,1900-08-01,345,10,-1,0,Unknown,No
57,Blue-Collar,Married,Primary,No,318,Yes,No,Unknown,27,1900-05-01,206,2,-1,0,Unknown,No
47,Services,Married,Secondary,No,405,No,Yes,Cellular,8,1900-08-01,994,2,-1,0,Unknown,Yes
56,Management,Married,Tertiary,No,334,Yes,No,Unknown,15,1900-05-01,127,2,-1,0,Unknown,No
38,Admin.,Married,Primary,No,0,Yes,No,Unknown,2,1900-06-01,29,32,-1,0,Unknown,No
52,Blue-Collar,Married,Primary,No,2,No,No,Unknown,9,1900-06-01,70,3,-1,0,Unknown,No
46,Technician,Married,Secondary,No,966,Yes,Yes,Cellular,19,1900-08-01,40,2,-1,0,Unknown,No
57,Blue-Collar,Married,Primary,Yes,195,No,Yes,Telephone,30,1900-07-01,185,4,-1,0,Unknown,No
42,Blue-Collar,Divorced,Unknown,No,0,No,No,Cellular,7,1900-07-01,64,2,-1,0,Unknown,No
57,Unemployed,Married,Secondary,No,0,No,No,Unknown,19,1900-06-01,97,1,-1,0,Unknown,No
51,Housemaid,Married,Secondary,No,260,No,No,Cellular,27,1900-08-01,316,5,-1,0,Unknown,No
53,Self-Employed,Married,Tertiary,No,451,Yes,No,Cellular,2,1900-02-01,125,1,249,2,Failure,No
37,Blue-Collar,Married,Primary,No,3242,Yes,No,Unknown,21,1900-05-01,233,1,-1,0,Unknown,No
47,Self-Employed,Divorced,Secondary,No,8515,Yes,No,Unknown,20,1900-11-01,14,7,112,4,Other,No
48,Management,Married,Tertiary,No,1808,Yes,No,Cellular,26,1900-02-01,245,1,-1,0,Unknown,Yes
39,Blue-Collar,Married,Primary,No,20,Yes,No,Unknown,7,1900-05-01,109,1,-1,0,Unknown,No
42,Blue-Collar,Married,Secondary,No,3068,Yes,Yes,Cellular,11,1900-05-01,429,2,-1,0,Unknown,No
36,Management,Married,Tertiary,No,23,No,No,Cellular,26,1900-08-01,133,11,-1,0,Unknown,No
34,Technician,Single,Secondary,No,1076,No,No,Cellular,8,1900-08-01,70,2,-1,0,Unknown,No
61,Retired,Married,Primary,No,1060,Yes,No,Unknown,13,1900-05-01,118,1,-1,0,Unknown,No
32,Admin.,Single,Secondary,No,678,Yes,No,Cellular,4,1900-02-01,1579,1,246,4,Failure,Yes
35,Blue-Collar,Single,Primary,No,1147,Yes,Yes,Telephone,7,1900-05-01,29,1,-1,0,Unknown,No
54,Blue-Collar,Married,Secondary,No,-630,No,No,Unknown,23,1900-05-01,173,1,-1,0,Unknown,No
31,Management,Married,Tertiary,No,459,No,No,Cellular,28,1900-08-01,13,14,-1,0,Unknown,No
45,Technician,Divorced,Secondary,No,976,Yes,No,Cellular,17,1900-04-01,183,1,338,2,Failure,No
32,Housemaid,Married,Tertiary,No,357,Yes,No,Cellular,18,1900-11-01,175,2,-1,0,Unknown,No
52,Unemployed,Married,Secondary,No,-9,No,No,Unknown,9,1900-06-01,123,1,-1,0,Unknown,No
36,Admin.,Single,Secondary,No,1927,Yes,No,Cellular,18,1900-11-01,288,1,137,1,Other,No
31,Services,Married,Secondary,No,500,Yes,No,Unknown,6,1900-06-01,19,18,-1,0,Unknown,No
53,Technician,Married,Secondary,No,9146,No,No,Cellular,13,1900-08-01,136,4,-1,0,Unknown,No
43,Entrepreneur,Married,Secondary,No,59,No,No,Unknown,13,1900-05-01,437,2,-1,0,Unknown,No
47,Housemaid,Married,Primary,No,0,No,No,Cellular,10,1900-08-01,1225,2,-1,0,Unknown,No
46,Blue-Collar,Married,Primary,No,328,Yes,No,Unknown,21,1900-05-01,526,8,-1,0,Unknown,No
34,Management,Divorced,Secondary,No,291,No,No,Cellular,7,1900-08-01,91,2,-1,0,Unknown,No
55,Technician,Single,Tertiary,No,-703,Yes,No,Cellular,8,1900-05-01,123,3,-1,0,Unknown,No
23,Admin.,Single,Secondary,No,589,Yes,No,Cellular,6,1900-05-01,62,1,-1,0,Unknown,No
75,Blue-Collar,Married,Secondary,No,6053,No,No,Cellular,11,1900-02-01,865,2,190,1,Failure,No
58,Admin.,Married,Secondary,No,1142,No,No,Telephone,4,1900-02-01,82,3,-1,0,Unknown,No
35,Admin.,Married,Secondary,No,725,Yes,No,Cellular,20,1900-11-01,219,7,133,1,Failure,No
27,Management,Married,Tertiary,No,802,No,No,Cellular,22,1900-09-01,569,1,-1,0,Unknown,Yes
24,Technician,Married,Secondary,No,556,Yes,No,Cellular,18,1900-08-01,460,2,-1,0,Unknown,Yes
48,Admin.,Married,Secondary,No,191,Yes,No,Cellular,5,1900-02-01,238,3,-1,0,Unknown,No
31,Technician,Single,Secondary,No,373,No,No,Cellular,22,1900-08-01,346,5,-1,0,Unknown,No
57,Technician,Married,Secondary,No,6164,No,No,Cellular,19,1900-11-01,161,2,-1,0,Unknown,No
53,Management,Married,Tertiary,No,37,No,No,Cellular,28,1900-08-01,51,9,-1,0,Unknown,No
42,Blue-Collar,Married,Primary,No,1156,Yes,No,Telephone,20,1900-04-01,37,1,-1,0,Unknown,No
50,Entrepreneur,Married,Secondary,No,806,Yes,Yes,Cellular,7,1900-05-01,141,8,297,2,Other,No
59,Admin.,Married,Secondary,No,2381,No,No,Cellular,30,1900-04-01,173,2,-1,0,Unknown,No
38,Services,Married,Secondary,No,-314,Yes,No,Unknown,28,1900-05-01,66,2,-1,0,Unknown,No
39,Blue-Collar,Married,Secondary,No,285,Yes,Yes,Unknown,6,1900-05-01,209,1,-1,0,Unknown,No
28,Blue-Collar,Single,Primary,No,1199,Yes,No,Cellular,30,1900-07-01,1011,20,-1,0,Unknown,No
55,Management,Divorced,Tertiary,No,481,Yes,No,Telephone,8,1900-05-01,147,2,298,3,Failure,No
33,Technician,Single,Tertiary,No,137,No,No,Cellular,25,1900-08-01,88,4,-1,0,Unknown,No
36,Blue-Collar,Single,Secondary,No,168,Yes,No,Telephone,12,1900-05-01,52,1,-1,0,Unknown,No
38,Admin.,Divorced,Secondary,No,156,Yes,No,Unknown,17,1900-06-01,544,3,-1,0,Unknown,No
28,Admin.,Single,Secondary,No,4745,No,No,Telephone,12,1900-05-01,360,1,181,5,Success,Yes
32,Management,Single,Tertiary,No,11797,Yes,No,Cellular,11,1900-08-01,95,2,-1,0,Unknown,No
35,Admin.,Married,Secondary,No,786,No,Yes,Cellular,25,1900-07-01,322,1,-1,0,Unknown,No
58,Technician,Married,Primary,No,4015,No,No,Unknown,20,1900-06-01,106,3,-1,0,Unknown,No
30,Services,Married,Secondary,No,0,Yes,No,Unknown,9,1900-05-01,20,1,-1,0,Unknown,No
33,Blue-Collar,Married,Secondary,No,331,Yes,No,Cellular,14,1900-05-01,178,7,365,5,Other,No
36,Blue-Collar,Married,Secondary,No,1554,Yes,No,Unknown,12,1900-05-01,325,4,-1,0,Unknown,No
32,Services,Married,Secondary,No,132,Yes,Yes,Unknown,19,1900-05-01,343,2,-1,0,Unknown,No
34,Management,Single,Tertiary,No,5086,No,No,Cellular,25,1900-05-01,213,4,-1,0,Unknown,Yes
42,Admin.,Married,Secondary,No,529,Yes,Yes,Cellular,19,1900-11-01,193,3,-1,0,Unknown,No
41,Management,Married,Tertiary,No,4824,No,Yes,Cellular,18,1900-07-01,168,7,-1,0,Unknown,No
63,Retired,Married,Secondary,No,474,No,No,Cellular,25,1900-01-01,423,1,-1,0,Unknown,Yes
38,Admin.,Divorced,Tertiary,No,86,Yes,No,Unknown,6,1900-05-01,218,1,-1,0,Unknown,No
54,Blue-Collar,Married,Primary,No,2281,Yes,No,Unknown,20,1900-06-01,158,1,-1,0,Unknown,No
39,Services,Married,Secondary,No,186,Yes,No,Cellular,17,1900-04-01,433,1,-1,0,Unknown,No
46,Blue-Collar,Married,Secondary,No,137,No,No,Unknown,20,1900-06-01,252,3,-1,0,Unknown,No
37,Technician,Married,Tertiary,No,6968,No,No,Cellular,1,1900-06-01,175,1,-1,0,Unknown,No
76,Retired,Divorced,Primary,No,86,No,No,Cellular,12,1900-08-01,192,1,-1,0,Unknown,No
28,Management,Single,Unknown,No,81,No,Yes,Cellular,8,1900-07-01,158,1,-1,0,Unknown,No
33,Services,Married,Primary,No,6904,No,No,Telephone,20,1900-11-01,114,2,-1,0,Unknown,No
46,Self-Employed,Married,Tertiary,No,137,Yes,Yes,Unknown,5,1900-05-01,246,1,-1,0,Unknown,No
30,Student,Single,Secondary,No,25,No,No,Telephone,30,1900-04-01,44,1,-1,0,Unknown,No
60,Management,Married,Tertiary,No,759,No,No,Cellular,14,1900-08-01,136,2,-1,0,Unknown,No
56,Housemaid,Married,Tertiary,No,1922,Yes,No,Cellular,24,1900-07-01,247,2,-1,0,Unknown,No
24,Student,Single,Unknown,No,3298,Yes,No,Unknown,28,1900-05-01,227,1,-1,0,Unknown,No
58,Retired,Married,Secondary,No,764,No,No,Cellular,12,1900-08-01,219,4,-1,0,Unknown,No
79,Retired,Married,Primary,No,8556,No,No,Telephone,18,1900-01-01,326,2,272,2,Success,Yes
32,Blue-Collar,Married,Secondary,No,3514,Yes,No,Unknown,20,1900-05-01,226,2,-1,0,Unknown,No
33,Services,Married,Primary,No,0,Yes,No,Cellular,18,1900-07-01,351,2,-1,0,Unknown,No
77,Retired,Married,Primary,No,680,No,No,Telephone,27,1900-11-01,341,4,94,3,Failure,No
60,Housemaid,Married,Primary,No,0,No,Yes,Telephone,22,1900-07-01,124,1,-1,0,Unknown,No
54,Management,Married,Tertiary,No,2819,No,No,Cellular,7,1900-08-01,123,3,-1,0,Unknown,No
30,Blue-Collar,Married,Primary,No,-518,Yes,Yes,Unknown,28,1900-05-01,244,6,-1,0,Unknown,No
50,Services,Married,Secondary,No,60,No,Yes,Cellular,27,1900-08-01,151,8,-1,0,Unknown,No
50,Management,Married,Secondary,No,732,No,No,Cellular,7,1900-04-01,736,7,-1,0,Unknown,No
37,Technician,Married,Secondary,No,2707,Yes,No,Telephone,16,1900-07-01,109,1,-1,0,Unknown,No
41,Technician,Married,Tertiary,No,177,Yes,No,Telephone,11,1900-07-01,117,2,-1,0,Unknown,No
49,Admin.,Married,Secondary,No,13229,No,Yes,Telephone,8,1900-07-01,77,2,-1,0,Unknown,No
41,Blue-Collar,Married,Primary,No,-204,Yes,Yes,Unknown,6,1900-06-01,42,1,-1,0,Unknown,No
40,Technician,Married,Secondary,No,990,Yes,No,Cellular,6,1900-02-01,252,3,-1,0,Unknown,No
38,Blue-Collar,Married,Secondary,No,648,Yes,No,Unknown,3,1900-06-01,179,1,-1,0,Unknown,No
34,Technician,Married,Secondary,No,50,No,No,Cellular,11,1900-08-01,106,3,-1,0,Unknown,No
49,Entrepreneur,Married,Secondary,No,1916,No,Yes,Telephone,14,1900-07-01,281,3,-1,0,Unknown,No
72,Retired,Married,Primary,No,763,No,No,Cellular,24,1900-04-01,384,2,-1,0,Unknown,Yes
34,Blue-Collar,Married,Secondary,No,470,Yes,Yes,Cellular,20,1900-04-01,217,1,-1,0,Unknown,No
31,Technician,Married,Secondary,No,0,No,Yes,Cellular,19,1900-08-01,144,4,-1,0,Unknown,No
33,Blue-Collar,Single,Secondary,No,5739,Yes,Yes,Cellular,21,1900-11-01,374,1,-1,0,Unknown,No
31,Management,Married,Tertiary,No,0,No,No,Unknown,14,1900-05-01,298,1,-1,0,Unknown,No
55,Management,Married,Tertiary,No,-375,No,No,Cellular,30,1900-07-01,814,2,-1,0,Unknown,Yes
25,Unemployed,Married,Secondary,No,157,Yes,No,Cellular,28,1900-07-01,33,31,-1,0,Unknown,No
34,Management,Married,Tertiary,No,1518,Yes,No,Cellular,20,1900-11-01,128,2,-1,0,Unknown,No
53,Management,Married,Tertiary,No,1343,No,No,Cellular,5,1900-08-01,129,4,-1,0,Unknown,No
39,Management,Single,Tertiary,Yes,-401,Yes,No,Cellular,19,1900-08-01,274,4,-1,0,Unknown,No
41,Management,Married,Primary,No,5310,Yes,No,Cellular,17,1900-11-01,984,1,-1,0,Unknown,Yes
32,Blue-Collar,Single,Secondary,No,2285,Yes,No,Unknown,14,1900-05-01,413,2,-1,0,Unknown,No
29,Admin.,Married,Secondary,No,22171,Yes,No,Cellular,18,1900-05-01,44,1,355,3,Failure,No
56,Management,Married,Tertiary,No,856,Yes,Yes,Cellular,4,1900-02-01,70,4,7,7,Other,No
19,Student,Single,Unknown,No,1169,No,No,Cellular,6,1900-02-01,463,18,-1,0,Unknown,No
39,Management,Single,Tertiary,No,3797,No,No,Cellular,2,1900-06-01,96,2,-1,0,Unknown,No
32,Blue-Collar,Single,Secondary,No,53,Yes,No,Cellular,18,1900-11-01,276,1,195,1,Failure,No
43,Blue-Collar,Married,Primary,No,2519,Yes,No,Cellular,16,1900-04-01,257,2,146,9,Other,No
32,Entrepreneur,Married,Primary,No,795,No,No,Cellular,8,1900-08-01,131,3,-1,0,Unknown,No
53,Admin.,Divorced,Secondary,No,0,Yes,Yes,Cellular,30,1900-04-01,586,2,-1,0,Unknown,No
52,Blue-Collar,Married,Secondary,No,2087,Yes,No,Cellular,31,1900-08-01,267,1,474,1,Failure,Yes
43,Technician,Single,Secondary,No,34,No,No,Telephone,30,1900-07-01,29,1,-1,0,Unknown,No
48,Technician,Married,Secondary,No,5,No,No,Unknown,9,1900-06-01,65,6,-1,0,Unknown,No
27,Technician,Single,Secondary,No,15,Yes,No,Cellular,25,1900-07-01,67,3,-1,0,Unknown,No
27,Management,Single,Tertiary,No,390,No,No,Cellular,28,1900-10-01,190,1,82,1,Success,No
51,Management,Married,Unknown,No,712,No,No,Cellular,13,1900-08-01,287,2,-1,0,Unknown,No
39,Admin.,Single,Tertiary,No,2600,Yes,No,Unknown,17,1900-06-01,77,1,-1,0,Unknown,No
33,Blue-Collar,Married,Secondary,No,-241,Yes,Yes,Unknown,27,1900-05-01,169,1,-1,0,Unknown,No
50,Blue-Collar,Divorced,Primary,No,1545,Yes,No,Cellular,20,1900-11-01,25,1,-1,0,Unknown,No
59,Retired,Divorced,Secondary,No,1026,No,No,Unknown,5,1900-11-01,669,1,-1,0,Unknown,Yes
58,Housemaid,Married,Primary,No,435,Yes,No,Telephone,28,1900-07-01,122,6,-1,0,Unknown,No
54,Technician,Married,Tertiary,No,876,No,No,Cellular,27,1900-10-01,269,3,541,3,Success,Yes
60,Blue-Collar,Married,Secondary,No,1801,No,No,Telephone,29,1900-10-01,167,1,-1,0,Unknown,No
38,Management,Married,Tertiary,No,2278,Yes,Yes,Cellular,13,1900-05-01,244,1,-1,0,Unknown,No
39,Blue-Collar,Married,Unknown,No,157,Yes,No,Unknown,30,1900-05-01,99,6,-1,0,Unknown,No
40,Admin.,Married,Secondary,No,1327,Yes,Yes,Unknown,26,1900-05-01,76,2,-1,0,Unknown,No
55,Blue-Collar,Married,Primary,No,284,No,Yes,Telephone,14,1900-07-01,252,4,-1,0,Unknown,No
36,Management,Married,Tertiary,No,495,No,No,Cellular,12,1900-03-01,213,3,182,6,Success,Yes
31,Admin.,Single,Secondary,No,1588,Yes,No,Unknown,3,1900-06-01,14,1,-1,0,Unknown,No
38,Services,Married,Secondary,No,0,Yes,No,Telephone,28,1900-07-01,121,2,-1,0,Unknown,No
52,Management,Married,Secondary,No,428,Yes,No,Unknown,30,1900-05-01,153,1,-1,0,Unknown,No
45,Admin.,Married,Primary,No,542,No,No,Cellular,11,1900-05-01,8,5,350,3,Other,No
32,Blue-Collar,Married,Primary,No,66,No,No,Cellular,19,1900-11-01,244,1,-1,0,Unknown,No
58,Blue-Collar,Divorced,Secondary,No,314,No,No,Unknown,25,1900-06-01,67,2,-1,0,Unknown,No
35,Management,Married,Tertiary,No,24,Yes,No,Cellular,8,1900-04-01,169,1,231,2,Failure,No
36,Management,Single,Tertiary,No,613,No,No,Cellular,7,1900-08-01,86,2,-1,0,Unknown,No
55,Retired,Married,Secondary,No,1467,No,Yes,Cellular,29,1900-07-01,277,2,-1,0,Unknown,No
45,Blue-Collar,Married,Secondary,No,192,Yes,No,Cellular,13,1900-05-01,154,5,176,1,Other,No
49,Management,Married,Secondary,No,321,No,No,Unknown,9,1900-06-01,135,3,-1,0,Unknown,No
44,Blue-Collar,Married,Secondary,No,788,Yes,No,Cellular,17,1900-04-01,392,1,-1,0,Unknown,No
37,Blue-Collar,Divorced,Secondary,No,48,Yes,No,Unknown,8,1900-05-01,133,2,-1,0,Unknown,No
35,Blue-Collar,Married,Secondary,No,262,No,No,Cellular,2,1900-07-01,96,2,109,4,Success,No
36,Blue-Collar,Married,Secondary,No,4438,Yes,No,Unknown,20,1900-05-01,446,1,-1,0,Unknown,Yes
44,Services,Single,Secondary,No,5045,Yes,No,Cellular,21,1900-11-01,20,6,175,15,Other,No
32,Blue-Collar,Single,Tertiary,No,3014,Yes,No,Cellular,7,1900-05-01,291,2,-1,0,Unknown,No
56,Management,Married,Tertiary,No,21664,No,No,Unknown,17,1900-06-01,214,8,-1,0,Unknown,No
32,Management,Married,Tertiary,No,5878,No,No,Cellular,19,1900-08-01,159,2,-1,0,Unknown,No
35,Entrepreneur,Married,Tertiary,No,2723,Yes,Yes,Cellular,8,1900-08-01,275,4,-1,0,Unknown,No
44,Management,Married,Secondary,No,576,Yes,No,Unknown,8,1900-05-01,128,3,-1,0,Unknown,No
59,Entrepreneur,Married,Primary,No,0,No,No,Telephone,19,1900-11-01,207,2,153,1,Failure,No
31,Blue-Collar,Single,Tertiary,No,2197,Yes,No,Unknown,23,1900-05-01,146,3,-1,0,Unknown,No
60,Blue-Collar,Married,Unknown,No,104,Yes,No,Unknown,5,1900-05-01,22,1,-1,0,Unknown,No
33,Technician,Single,Secondary,No,1279,Yes,No,Cellular,18,1900-05-01,239,2,349,3,Success,No
45,Admin.,Married,Secondary,No,295,Yes,No,Cellular,23,1900-07-01,92,1,-1,0,Unknown,No
45,Blue-Collar,Married,Primary,No,2128,Yes,No,Unknown,19,1900-05-01,149,4,-1,0,Unknown,No
57,Admin.,Married,Secondary,No,367,No,No,Telephone,16,1900-11-01,107,2,-1,0,Unknown,No
36,Management,Married,Tertiary,No,1477,No,No,Cellular,7,1900-08-01,71,2,-1,0,Unknown,No
30,Blue-Collar,Single,Primary,No,71,Yes,No,Unknown,19,1900-05-01,122,6,-1,0,Unknown,No
30,Admin.,Single,Secondary,No,127,Yes,No,Cellular,18,1900-05-01,16,6,368,1,Other,No
59,Unemployed,Divorced,Secondary,No,2921,No,No,Telephone,3,1900-02-01,251,1,-1,0,Unknown,No
58,Management,Married,Tertiary,No,16264,No,No,Telephone,17,1900-11-01,215,3,-1,0,Unknown,No
49,Retired,Married,Primary,No,1672,No,No,Cellular,17,1900-07-01,128,3,-1,0,Unknown,No
48,Technician,Married,Tertiary,No,9207,No,No,Cellular,18,1900-08-01,445,3,-1,0,Unknown,No
28,Technician,Single,Tertiary,No,356,No,No,Cellular,2,1900-03-01,76,2,-1,0,Unknown,No
59,Management,Divorced,Primary,No,133,Yes,No,Cellular,9,1900-07-01,206,1,-1,0,Unknown,No
40,Management,Married,Tertiary,No,1217,Yes,Yes,Cellular,18,1900-11-01,155,1,-1,0,Unknown,No
32,Technician,Divorced,Secondary,No,202,Yes,No,Cellular,4,1900-02-01,429,1,201,1,Failure,No
58,Blue-Collar,Married,Secondary,No,590,No,Yes,Unknown,5,1900-06-01,133,1,-1,0,Unknown,No
28,Self-Employed,Single,Tertiary,No,442,No,No,Cellular,19,1900-06-01,474,3,95,3,Other,Yes
27,Technician,Single,Tertiary,No,808,Yes,No,Cellular,15,1900-05-01,578,1,364,1,Other,No
38,Management,Single,Tertiary,No,427,Yes,No,Cellular,6,1900-05-01,17,3,169,2,Failure,No
53,Technician,Married,Tertiary,No,431,Yes,No,Unknown,11,1900-06-01,74,1,-1,0,Unknown,No
60,Services,Married,Tertiary,No,4256,Yes,No,Cellular,16,1900-08-01,239,3,761,1,Other,Yes
33,Management,Divorced,Tertiary,No,0,Yes,Yes,Cellular,19,1900-08-01,275,8,-1,0,Unknown,No
52,Services,Divorced,Secondary,No,238,Yes,No,Cellular,6,1900-05-01,101,1,362,5,Other,No
64,Retired,Married,Tertiary,No,846,No,No,Cellular,11,1900-02-01,671,1,181,3,Failure,Yes
40,Blue-Collar,Single,Secondary,No,3,No,No,Cellular,19,1900-11-01,998,1,-1,0,Unknown,Yes
52,Admin.,Married,Secondary,No,693,No,No,Unknown,12,1900-06-01,271,1,-1,0,Unknown,No
28,Student,Single,Secondary,No,0,Yes,No,Unknown,15,1900-05-01,133,3,-1,0,Unknown,No
49,Management,Married,Secondary,No,362,Yes,No,Unknown,4,1900-06-01,84,2,-1,0,Unknown,No
28,Technician,Single,Secondary,No,618,Yes,No,Cellular,7,1900-05-01,281,1,-1,0,Unknown,No
29,Technician,Single,Tertiary,No,2893,Yes,No,Unknown,3,1900-06-01,250,1,-1,0,Unknown,No
87,Retired,Married,Primary,No,230,No,No,Cellular,30,1900-10-01,144,1,-1,0,Unknown,Yes
37,Management,Divorced,Secondary,No,1287,Yes,No,Cellular,14,1900-05-01,432,1,-1,0,Unknown,No
36,Services,Married,Primary,No,179,No,No,Unknown,9,1900-06-01,411,1,-1,0,Unknown,No
35,Self-Employed,Married,Tertiary,No,980,No,No,Cellular,2,1900-08-01,428,2,336,6,Failure,No
33,Admin.,Married,Tertiary,No,79,Yes,No,Cellular,22,1900-10-01,249,2,335,2,Failure,Yes
60,Admin.,Married,Secondary,No,3043,No,No,Cellular,19,1900-08-01,235,3,-1,0,Unknown,No
25,Management,Single,Tertiary,No,808,No,No,Cellular,18,1900-09-01,267,2,114,2,Failure,Yes
69,Retired,Married,Secondary,No,745,No,No,Telephone,9,1900-09-01,595,1,-1,0,Unknown,No
41,Student,Married,Secondary,No,1309,No,No,Unknown,20,1900-06-01,28,4,-1,0,Unknown,No
48,Management,Single,Secondary,No,290,Yes,No,Cellular,21,1900-07-01,257,2,-1,0,Unknown,No
35,Blue-Collar,Divorced,Primary,No,1792,Yes,No,Cellular,31,1900-07-01,630,6,-1,0,Unknown,Yes
30,Blue-Collar,Single,Secondary,No,178,Yes,No,Unknown,20,1900-05-01,747,5,-1,0,Unknown,No
59,Management,Married,Tertiary,No,0,No,No,Cellular,27,1900-08-01,87,4,-1,0,Unknown,No
32,Management,Single,Tertiary,No,537,No,No,Unknown,29,1900-05-01,187,3,-1,0,Unknown,No
28,Blue-Collar,Single,Secondary,No,416,Yes,No,Unknown,13,1900-05-01,452,2,-1,0,Unknown,No
60,Blue-Collar,Married,Primary,No,1472,No,No,Unknown,20,1900-06-01,36,4,-1,0,Unknown,No
36,Management,Married,Primary,No,3953,Yes,No,Cellular,19,1900-11-01,277,1,-1,0,Unknown,No
32,Management,Single,Tertiary,No,112,Yes,No,Cellular,5,1900-05-01,118,1,-1,0,Unknown,No
34,Management,Divorced,Tertiary,No,13204,Yes,Yes,Cellular,20,1900-11-01,197,2,-1,0,Unknown,No
58,Blue-Collar,Married,Secondary,No,0,No,Yes,Cellular,14,1900-04-01,101,5,-1,0,Unknown,No
53,Management,Married,Unknown,No,2240,Yes,No,Cellular,2,1900-06-01,282,2,385,1,Success,Yes
31,Management,Married,Tertiary,No,22546,Yes,No,Cellular,14,1900-05-01,8,6,267,4,Failure,No
33,Admin.,Married,Secondary,No,0,Yes,No,Telephone,17,1900-07-01,1448,7,-1,0,Unknown,Yes
46,Unemployed,Divorced,Primary,No,23,No,No,Cellular,21,1900-11-01,344,1,-1,0,Unknown,No
29,Blue-Collar,Married,Secondary,No,228,Yes,No,Cellular,11,1900-05-01,12,8,342,9,Failure,No
37,Self-Employed,Married,Secondary,No,215,Yes,No,Unknown,6,1900-06-01,61,1,-1,0,Unknown,No
58,Blue-Collar,Married,Primary,No,23,Yes,No,Unknown,20,1900-05-01,91,6,-1,0,Unknown,No
34,Management,Married,Secondary,No,293,Yes,No,Unknown,21,1900-05-01,162,3,-1,0,Unknown,No
34,Blue-Collar,Divorced,Secondary,No,0,No,Yes,Unknown,21,1900-05-01,339,1,-1,0,Unknown,No
49,Entrepreneur,Married,Primary,No,199,No,No,Unknown,13,1900-05-01,113,2,-1,0,Unknown,No
53,Admin.,Married,Secondary,No,459,No,No,Cellular,5,1900-04-01,558,1,-1,0,Unknown,Yes
42,Unemployed,Married,Secondary,No,8131,Yes,No,Unknown,30,1900-05-01,69,1,-1,0,Unknown,No
40,Services,Married,Secondary,No,-378,Yes,Yes,Cellular,13,1900-05-01,541,1,295,6,Failure,No
30,Blue-Collar,Single,Primary,No,395,No,No,Cellular,21,1900-11-01,429,1,-1,0,Unknown,No
31,Technician,Divorced,Secondary,No,10787,Yes,No,Unknown,4,1900-06-01,135,2,-1,0,Unknown,No
55,Admin.,Married,Secondary,No,865,Yes,No,Cellular,27,1900-10-01,96,1,111,3,Failure,No
36,Management,Married,Tertiary,No,340,Yes,No,Cellular,20,1900-04-01,68,2,-1,0,Unknown,No
31,Blue-Collar,Single,Secondary,No,1882,No,No,Cellular,7,1900-05-01,529,2,-1,0,Unknown,No
26,Management,Married,Tertiary,No,265,No,No,Cellular,30,1900-01-01,650,2,-1,0,Unknown,No
31,Admin.,Married,Secondary,No,389,Yes,No,Cellular,7,1900-12-01,69,1,185,2,Failure,No
49,Admin.,Married,Secondary,No,0,Yes,Yes,Cellular,29,1900-07-01,71,7,-1,0,Unknown,No
54,Management,Married,Tertiary,No,384,Yes,No,Cellular,12,1900-05-01,30,7,-1,0,Unknown,No
47,Management,Divorced,Tertiary,No,94,Yes,No,Cellular,31,1900-07-01,9,19,-1,0,Unknown,No
61,Management,Married,Secondary,No,1471,No,No,Cellular,12,1900-08-01,331,2,-1,0,Unknown,No
49,Blue-Collar,Married,Primary,No,937,Yes,No,Unknown,12,1900-06-01,66,1,-1,0,Unknown,No
51,Technician,Married,Secondary,No,500,Yes,No,Cellular,20,1900-11-01,26,6,-1,0,Unknown,No
53,Blue-Collar,Married,Primary,No,25,Yes,No,Unknown,6,1900-05-01,266,3,-1,0,Unknown,No
35,Management,Married,Tertiary,No,365,No,No,Cellular,21,1900-11-01,168,2,-1,0,Unknown,No
25,Unemployed,Single,Secondary,No,34,No,Yes,Unknown,4,1900-07-01,316,1,-1,0,Unknown,No
79,Retired,Married,Primary,No,429,No,No,Telephone,8,1900-07-01,1006,2,-1,0,Unknown,Yes
53,Technician,Married,Primary,No,6839,Yes,No,Cellular,19,1900-11-01,77,1,-1,0,Unknown,No
21,Student,Single,Secondary,No,6,No,No,Unknown,9,1900-05-01,622,1,-1,0,Unknown,No
33,Blue-Collar,Married,Secondary,No,467,Yes,No,Unknown,21,1900-05-01,494,2,-1,0,Unknown,No
40,Self-Employed,Divorced,Secondary,No,1876,No,Yes,Unknown,20,1900-06-01,269,1,-1,0,Unknown,No
34,Entrepreneur,Married,Secondary,No,1847,Yes,No,Cellular,9,1900-04-01,543,3,321,6,Failure,No
52,Unknown,Married,Primary,No,247,No,No,Cellular,29,1900-07-01,268,6,-1,0,Unknown,No
27,Admin.,Married,Secondary,No,897,No,No,Cellular,5,1900-06-01,397,1,-1,0,Unknown,Yes
57,Services,Divorced,Secondary,No,4664,No,No,Cellular,21,1900-11-01,22,4,114,1,Failure,No
51,Self-Employed,Divorced,Secondary,No,1291,Yes,No,Unknown,3,1900-06-01,51,2,-1,0,Unknown,No
31,Student,Single,Tertiary,No,64,No,No,Cellular,15,1900-09-01,208,1,105,2,Success,No
49,Unemployed,Married,Tertiary,No,-471,Yes,No,Cellular,20,1900-11-01,77,3,185,7,Failure,No
32,Management,Single,Tertiary,No,1160,Yes,Yes,Unknown,11,1900-06-01,450,2,-1,0,Unknown,No
28,Admin.,Single,Tertiary,No,14,No,No,Cellular,1,1900-06-01,201,1,-1,0,Unknown,No
33,Blue-Collar,Married,Secondary,No,26,Yes,No,Cellular,17,1900-04-01,342,3,332,1,Other,No
50,Blue-Collar,Married,Unknown,No,452,No,No,Cellular,20,1900-08-01,181,2,-1,0,Unknown,No
42,Blue-Collar,Single,Secondary,No,382,Yes,No,Cellular,13,1900-05-01,294,1,-1,0,Unknown,No
45,Admin.,Married,Unknown,No,2033,No,No,Cellular,30,1900-11-01,123,1,186,4,Failure,No
34,Unemployed,Married,Secondary,No,0,Yes,No,Cellular,13,1900-05-01,172,1,-1,0,Unknown,No
56,Admin.,Divorced,Unknown,No,789,Yes,No,Cellular,8,1900-05-01,1022,1,360,2,Failure,No
33,Blue-Collar,Single,Secondary,No,142,Yes,No,Cellular,14,1900-05-01,123,1,360,3,Other,No
34,Admin.,Married,Secondary,No,645,Yes,No,Unknown,19,1900-05-01,420,1,-1,0,Unknown,No
37,Blue-Collar,Married,Unknown,No,897,Yes,No,Cellular,13,1900-04-01,119,2,280,2,Failure,No
37,Blue-Collar,Married,Secondary,No,103,Yes,No,Cellular,12,1900-05-01,153,1,-1,0,Unknown,No
35,Admin.,Single,Secondary,No,847,Yes,No,Cellular,11,1900-05-01,85,2,-1,0,Unknown,No
38,Unknown,Single,Tertiary,No,0,No,No,Cellular,11,1900-09-01,260,3,95,3,Success,Yes
32,Blue-Collar,Married,Secondary,No,517,Yes,No,Unknown,5,1900-05-01,528,1,-1,0,Unknown,No
52,Technician,Single,Tertiary,No,1308,Yes,No,Unknown,29,1900-05-01,361,1,-1,0,Unknown,No
49,Services,Married,Secondary,No,66,Yes,Yes,Cellular,21,1900-11-01,59,4,-1,0,Unknown,No
46,Management,Divorced,Secondary,No,361,Yes,No,Unknown,19,1900-05-01,86,7,-1,0,Unknown,No
42,Entrepreneur,Married,Primary,Yes,66,Yes,Yes,Cellular,6,1900-02-01,139,1,-1,0,Unknown,No
36,Blue-Collar,Married,Unknown,No,70,Yes,No,Unknown,8,1900-05-01,219,4,-1,0,Unknown,No
32,Services,Married,Secondary,No,180,Yes,No,Telephone,15,1900-05-01,45,2,-1,0,Unknown,No
49,Technician,Married,Tertiary,No,279,Yes,No,Unknown,19,1900-05-01,168,4,-1,0,Unknown,No
46,Services,Married,Secondary,No,4,No,No,Cellular,30,1900-04-01,268,1,261,5,Other,Yes
40,Entrepreneur,Married,Secondary,No,1416,Yes,No,Unknown,14,1900-05-01,210,2,-1,0,Unknown,No
36,Admin.,Married,Secondary,No,465,Yes,No,Unknown,20,1900-05-01,160,1,-1,0,Unknown,No
36,Admin.,Married,Secondary,No,998,Yes,No,Unknown,14,1900-05-01,1044,2,-1,0,Unknown,No
34,Technician,Married,Secondary,No,550,No,Yes,Cellular,9,1900-07-01,601,1,-1,0,Unknown,No
46,Management,Married,Tertiary,No,1285,Yes,No,Unknown,27,1900-05-01,89,1,-1,0,Unknown,No
32,Services,Married,Tertiary,No,4908,No,Yes,Cellular,13,1900-05-01,491,2,-1,0,Unknown,No
32,Unemployed,Single,Tertiary,No,336,Yes,No,Unknown,8,1900-05-01,139,1,-1,0,Unknown,No
32,Management,Single,Tertiary,No,131,No,No,Unknown,3,1900-06-01,267,3,-1,0,Unknown,No
43,Management,Married,Tertiary,No,348,No,Yes,Cellular,15,1900-07-01,88,3,-1,0,Unknown,No
25,Self-Employed,Single,Tertiary,No,453,Yes,No,Cellular,17,1900-07-01,134,1,-1,0,Unknown,No
55,Admin.,Married,Secondary,No,1102,Yes,No,Unknown,15,1900-05-01,126,2,-1,0,Unknown,No
24,Admin.,Single,Secondary,No,926,Yes,Yes,Cellular,15,1900-05-01,191,1,-1,0,Unknown,No
40,Management,Divorced,Tertiary,No,502,Yes,No,Cellular,3,1900-02-01,267,4,270,3,Other,No
38,Management,Single,Tertiary,No,8669,Yes,No,Telephone,20,1900-04-01,5,3,150,6,Failure,No
48,Blue-Collar,Single,Primary,No,316,No,No,Unknown,5,1900-06-01,560,2,-1,0,Unknown,No
36,Management,Married,Tertiary,No,9324,Yes,No,Cellular,30,1900-03-01,138,8,-1,0,Unknown,No
57,Management,Married,Tertiary,No,0,No,No,Cellular,19,1900-08-01,188,4,-1,0,Unknown,No
45,Admin.,Married,Secondary,No,72,Yes,Yes,Cellular,15,1900-05-01,262,2,352,2,Failure,No
33,Self-Employed,Single,Tertiary,No,61,No,No,Cellular,19,1900-08-01,836,3,-1,0,Unknown,Yes
38,Technician,Single,Secondary,No,173,No,No,Cellular,29,1900-08-01,150,4,-1,0,Unknown,No
26,Services,Single,Secondary,Yes,-162,Yes,No,Cellular,15,1900-05-01,44,2,-1,0,Unknown,No
30,Management,Single,Tertiary,No,47,No,Yes,Cellular,31,1900-07-01,11,17,-1,0,Unknown,No
55,Services,Divorced,Tertiary,No,1983,Yes,No,Telephone,19,1900-11-01,123,1,-1,0,Unknown,No
34,Blue-Collar,Married,Secondary,No,326,Yes,Yes,Unknown,15,1900-05-01,150,2,-1,0,Unknown,No
60,Admin.,Married,Secondary,No,2552,No,Yes,Cellular,30,1900-01-01,255,2,2,4,Other,No
36,Management,Single,Tertiary,No,1283,No,No,Cellular,18,1900-08-01,92,5,-1,0,Unknown,No
65,Housemaid,Married,Primary,No,2179,Yes,No,Cellular,4,1900-09-01,112,7,-1,0,Unknown,No
39,Self-Employed,Married,Tertiary,No,1047,No,No,Unknown,6,1900-06-01,554,1,-1,0,Unknown,Yes
52,Blue-Collar,Married,Primary,No,36,No,No,Cellular,13,1900-08-01,109,2,-1,0,Unknown,No
55,Technician,Married,Secondary,Yes,-308,No,No,Cellular,2,1900-02-01,781,1,-1,0,Unknown,Yes
26,Management,Single,Tertiary,No,1177,No,No,Cellular,19,1900-10-01,116,1,-1,0,Unknown,No
40,Self-Employed,Married,Primary,No,2077,Yes,No,Cellular,13,1900-05-01,363,1,173,24,Other,No
52,Entrepreneur,Married,Secondary,No,0,No,No,Cellular,7,1900-08-01,82,2,-1,0,Unknown,No
29,Self-Employed,Married,Tertiary,No,1,No,No,Cellular,18,1900-07-01,167,3,-1,0,Unknown,No
41,Blue-Collar,Married,Primary,No,7735,Yes,No,Cellular,20,1900-11-01,220,1,190,1,Failure,No
30,Technician,Single,Tertiary,No,1922,Yes,No,Cellular,18,1900-05-01,546,1,-1,0,Unknown,No
28,Student,Single,Secondary,No,153,No,No,Cellular,23,1900-07-01,1124,2,-1,0,Unknown,Yes
26,Blue-Collar,Married,Secondary,No,2770,Yes,No,Unknown,8,1900-05-01,141,1,-1,0,Unknown,No
58,Management,Married,Secondary,No,139,No,No,Cellular,27,1900-05-01,188,1,161,2,Other,No
29,Management,Single,Tertiary,No,21,Yes,No,Cellular,14,1900-05-01,107,4,371,3,Failure,No
48,Technician,Married,Secondary,No,178,Yes,No,Unknown,17,1900-06-01,320,4,-1,0,Unknown,No
35,Blue-Collar,Married,Secondary,No,444,Yes,No,Cellular,15,1900-04-01,244,3,-1,0,Unknown,No
26,Services,Single,Secondary,No,209,Yes,No,Cellular,22,1900-07-01,319,2,-1,0,Unknown,No
49,Blue-Collar,Married,Unknown,No,3096,No,No,Unknown,16,1900-06-01,147,2,-1,0,Unknown,No
34,Admin.,Married,Secondary,No,5320,No,No,Cellular,3,1900-03-01,114,6,467,5,Other,No
32,Services,Married,Secondary,No,4885,Yes,Yes,Cellular,18,1900-11-01,400,2,-1,0,Unknown,No
31,Admin.,Married,Secondary,No,0,Yes,Yes,Cellular,18,1900-11-01,79,3,-1,0,Unknown,No
48,Unemployed,Married,Primary,No,5462,No,No,Unknown,6,1900-06-01,29,4,-1,0,Unknown,No
40,Blue-Collar,Married,Secondary,No,6767,Yes,No,Cellular,20,1900-11-01,97,2,-1,0,Unknown,No
42,Technician,Divorced,Secondary,No,2974,Yes,No,Unknown,21,1900-05-01,187,5,-1,0,Unknown,No
48,Technician,Married,Secondary,No,427,No,No,Unknown,14,1900-05-01,201,1,-1,0,Unknown,No
38,Services,Married,Secondary,No,8876,No,No,Cellular,2,1900-02-01,280,1,75,1,Failure,No
53,Management,Married,Tertiary,No,146,No,No,Unknown,30,1900-05-01,150,1,-1,0,Unknown,No
59,Retired,Divorced,Secondary,No,319,No,No,Cellular,24,1900-07-01,129,1,-1,0,Unknown,No
28,Unemployed,Single,Secondary,No,304,No,No,Cellular,14,1900-06-01,516,1,-1,0,Unknown,No
41,Blue-Collar,Married,Primary,No,389,Yes,No,Unknown,16,1900-06-01,127,2,-1,0,Unknown,No
50,Management,Single,Primary,No,766,No,No,Unknown,17,1900-06-01,174,2,-1,0,Unknown,No
31,Admin.,Married,Secondary,No,0,Yes,No,Cellular,29,1900-07-01,82,5,-1,0,Unknown,No
30,Technician,Single,Secondary,No,3107,Yes,No,Unknown,3,1900-06-01,1516,2,-1,0,Unknown,No
59,Admin.,Divorced,Secondary,No,174,Yes,No,Unknown,16,1900-05-01,204,1,-1,0,Unknown,No
33,Technician,Divorced,Secondary,Yes,-305,No,Yes,Unknown,9,1900-05-01,109,1,-1,0,Unknown,No
35,Self-Employed,Married,Secondary,No,670,No,No,Cellular,9,1900-07-01,378,1,-1,0,Unknown,No
30,Management,Single,Tertiary,No,6164,Yes,No,Unknown,27,1900-05-01,152,11,-1,0,Unknown,No
71,Retired,Married,Secondary,No,2850,No,No,Cellular,17,1900-02-01,185,1,-1,0,Unknown,Yes
30,Services,Single,Primary,No,79,Yes,No,Cellular,15,1900-05-01,317,1,-1,0,Unknown,No
24,Services,Married,Secondary,Yes,110,Yes,No,Unknown,23,1900-05-01,27,1,-1,0,Unknown,No
34,Technician,Single,Secondary,No,5039,No,No,Cellular,20,1900-11-01,205,6,-1,0,Unknown,No
34,Blue-Collar,Married,Secondary,No,360,Yes,No,Telephone,19,1900-11-01,46,1,182,2,Failure,No
52,Admin.,Married,Secondary,No,199,No,No,Cellular,28,1900-01-01,978,2,189,1,Other,No
33,Self-Employed,Single,Secondary,No,238,Yes,Yes,Cellular,5,1900-02-01,45,5,-1,0,Unknown,No
38,Blue-Collar,Married,Secondary,No,5092,Yes,No,Unknown,17,1900-06-01,145,6,-1,0,Unknown,No
41,Admin.,Divorced,Secondary,No,1088,Yes,No,Cellular,28,1900-01-01,138,1,-1,0,Unknown,No
42,Management,Divorced,Tertiary,No,221,Yes,No,Unknown,7,1900-05-01,720,2,-1,0,Unknown,No
38,Blue-Collar,Divorced,Secondary,No,889,No,Yes,Unknown,18,1900-06-01,362,1,-1,0,Unknown,No
48,Blue-Collar,Married,Primary,No,750,Yes,No,Cellular,18,1900-05-01,90,6,-1,0,Unknown,No
34,Technician,Single,Secondary,No,0,Yes,Yes,Unknown,16,1900-05-01,214,1,-1,0,Unknown,No
46,Blue-Collar,Married,Primary,No,1291,Yes,No,Cellular,14,1900-05-01,142,3,259,17,Failure,No
33,Technician,Married,Secondary,No,1844,Yes,No,Unknown,29,1900-05-01,241,3,-1,0,Unknown,No
40,Management,Married,Tertiary,No,89,Yes,Yes,Telephone,9,1900-02-01,148,6,-1,0,Unknown,No
36,Admin.,Married,Secondary,No,4280,No,No,Unknown,19,1900-06-01,227,6,-1,0,Unknown,No
32,Technician,Single,Secondary,No,0,No,No,Cellular,21,1900-08-01,126,2,-1,0,Unknown,No
33,Blue-Collar,Married,Secondary,No,625,Yes,No,Unknown,28,1900-05-01,410,1,-1,0,Unknown,No
55,Technician,Married,Unknown,No,574,Yes,No,Cellular,29,1900-01-01,243,2,-1,0,Unknown,No
58,Management,Married,Primary,No,320,Yes,No,Unknown,30,1900-05-01,171,2,-1,0,Unknown,No
25,Technician,Single,Tertiary,No,468,Yes,No,Unknown,15,1900-05-01,147,1,-1,0,Unknown,No
47,Services,Married,Secondary,No,440,Yes,No,Unknown,12,1900-06-01,91,1,-1,0,Unknown,No
40,Unemployed,Married,Secondary,No,0,Yes,No,Cellular,19,1900-11-01,332,1,183,1,Failure,No
59,Retired,Married,Secondary,No,5706,Yes,No,Cellular,25,1900-07-01,471,2,-1,0,Unknown,No
40,Management,Married,Tertiary,No,7780,No,No,Telephone,4,1900-05-01,364,1,355,1,Other,No
30,Management,Married,Secondary,No,-559,Yes,Yes,Cellular,7,1900-05-01,98,1,167,2,Failure,No
25,Entrepreneur,Single,Tertiary,No,16874,Yes,Yes,Cellular,15,1900-05-01,117,2,-1,0,Unknown,No
58,Retired,Married,Primary,No,1987,No,No,Telephone,14,1900-07-01,185,4,-1,0,Unknown,No
39,Entrepreneur,Married,Unknown,No,98,Yes,No,Telephone,15,1900-05-01,59,3,367,1,Other,No
40,Self-Employed,Married,Tertiary,No,642,No,No,Cellular,18,1900-11-01,147,3,-1,0,Unknown,No
38,Blue-Collar,Married,Secondary,No,526,Yes,Yes,Unknown,23,1900-05-01,553,2,-1,0,Unknown,No
66,Management,Single,Tertiary,No,6483,No,No,Cellular,13,1900-08-01,275,1,-1,0,Unknown,No
47,Management,Married,Tertiary,No,2306,No,No,Telephone,6,1900-08-01,239,4,-1,0,Unknown,Yes
37,Blue-Collar,Married,Secondary,No,954,Yes,No,Unknown,2,1900-06-01,402,9,-1,0,Unknown,No
36,Management,Single,Tertiary,No,-679,Yes,Yes,Cellular,7,1900-05-01,172,1,93,1,Failure,No
50,Blue-Collar,Married,Primary,No,-1,No,No,Cellular,19,1900-08-01,195,2,-1,0,Unknown,No
76,Retired,Married,Primary,No,2590,No,No,Telephone,9,1900-02-01,68,12,-1,0,Unknown,No
58,Management,Single,Tertiary,No,331,No,Yes,Cellular,28,1900-07-01,82,3,-1,0,Unknown,No
42,Admin.,Married,Secondary,No,4209,Yes,No,Unknown,5,1900-06-01,57,6,-1,0,Unknown,No
58,Services,Divorced,Secondary,No,462,No,No,Cellular,13,1900-11-01,495,1,93,1,Success,Yes
28,Self-Employed,Single,Tertiary,No,0,Yes,No,Cellular,21,1900-07-01,479,1,-1,0,Unknown,No
41,Technician,Married,Secondary,No,0,No,No,Cellular,29,1900-08-01,141,2,-1,0,Unknown,No
30,Management,Married,Tertiary,No,151,No,No,Cellular,19,1900-08-01,82,4,-1,0,Unknown,No
32,Management,Divorced,Tertiary,No,883,Yes,No,Cellular,10,1900-12-01,798,1,185,5,Other,Yes
27,Services,Single,Secondary,No,266,No,Yes,Cellular,7,1900-07-01,232,1,-1,0,Unknown,No
48,Management,Married,Tertiary,No,0,No,No,Cellular,26,1900-08-01,60,5,-1,0,Unknown,No
36,Technician,Married,Tertiary,No,491,Yes,No,Unknown,8,1900-05-01,103,3,-1,0,Unknown,No
54,Management,Married,Tertiary,No,3,No,Yes,Cellular,8,1900-07-01,443,1,-1,0,Unknown,No
36,Blue-Collar,Married,Secondary,No,198,Yes,No,Unknown,9,1900-05-01,400,2,-1,0,Unknown,No
52,Housemaid,Married,Secondary,No,14363,No,No,Unknown,5,1900-06-01,132,1,-1,0,Unknown,No
34,Technician,Divorced,Secondary,No,0,Yes,Yes,Cellular,18,1900-08-01,374,16,-1,0,Unknown,No
43,Technician,Married,Secondary,No,136,No,No,Cellular,25,1900-08-01,363,7,-1,0,Unknown,Yes
32,Management,Single,Tertiary,No,28,No,No,Cellular,8,1900-08-01,111,2,-1,0,Unknown,No
33,Management,Single,Tertiary,No,335,No,No,Cellular,29,1900-08-01,130,4,-1,0,Unknown,No
51,Housemaid,Married,Unknown,No,174,No,No,Telephone,29,1900-07-01,308,3,-1,0,Unknown,No
39,Unemployed,Married,Secondary,No,270,Yes,No,Unknown,3,1900-06-01,116,1,-1,0,Unknown,No
44,Management,Single,Tertiary,No,1206,No,No,Cellular,9,1900-07-01,160,2,-1,0,Unknown,No
49,Housemaid,Divorced,Primary,No,198,Yes,No,Unknown,13,1900-05-01,205,3,-1,0,Unknown,No
25,Technician,Married,Tertiary,No,914,Yes,No,Cellular,12,1900-05-01,185,2,-1,0,Unknown,No
39,Self-Employed,Married,Secondary,No,31,Yes,No,Cellular,20,1900-11-01,61,2,181,4,Failure,No
54,Technician,Married,Secondary,No,0,No,No,Telephone,14,1900-08-01,159,2,106,6,Success,No
32,Management,Single,Tertiary,No,347,Yes,No,Cellular,18,1900-05-01,213,1,264,6,Failure,No
36,Management,Married,Tertiary,No,860,Yes,No,Unknown,20,1900-05-01,294,15,-1,0,Unknown,No
54,Technician,Married,Secondary,No,89,Yes,No,Cellular,10,1900-07-01,140,3,-1,0,Unknown,No
31,Technician,Married,Secondary,No,0,Yes,Yes,Cellular,28,1900-01-01,71,1,223,9,Other,No
45,Services,Married,Secondary,No,0,No,Yes,Cellular,8,1900-07-01,47,7,-1,0,Unknown,No
31,Admin.,Single,Secondary,No,68,Yes,No,Cellular,16,1900-04-01,570,2,-1,0,Unknown,No
45,Technician,Married,Secondary,No,-149,Yes,No,Cellular,14,1900-07-01,287,2,-1,0,Unknown,No
33,Services,Divorced,Secondary,No,2411,Yes,No,Cellular,23,1900-10-01,130,1,161,1,Failure,Yes
46,Management,Divorced,Tertiary,No,225,Yes,No,Cellular,14,1900-05-01,201,1,345,1,Other,No
43,Unknown,Single,Tertiary,No,2731,No,No,Cellular,21,1900-11-01,11,7,-1,0,Unknown,No
50,Management,Married,Tertiary,No,112,Yes,No,Cellular,4,1900-11-01,70,5,85,5,Other,No
44,Management,Divorced,Tertiary,No,0,No,No,Cellular,22,1900-08-01,54,2,-1,0,Unknown,No
42,Services,Married,Secondary,No,3620,Yes,No,Unknown,27,1900-05-01,22,16,-1,0,Unknown,No
26,Blue-Collar,Single,Secondary,No,179,No,No,Cellular,30,1900-07-01,103,3,-1,0,Unknown,No
47,Admin.,Single,Secondary,No,1544,Yes,No,Cellular,6,1900-04-01,104,1,312,1,Failure,No
48,Blue-Collar,Married,Primary,No,199,No,No,Telephone,18,1900-08-01,29,2,-1,0,Unknown,No
60,Blue-Collar,Married,Unknown,No,231,Yes,No,Unknown,12,1900-05-01,57,2,-1,0,Unknown,No
27,Admin.,Divorced,Secondary,No,76,Yes,No,Unknown,4,1900-06-01,236,1,-1,0,Unknown,No
30,Unemployed,Single,Tertiary,No,302,No,No,Cellular,11,1900-02-01,528,3,-1,0,Unknown,Yes
28,Admin.,Single,Secondary,No,189,Yes,No,Cellular,31,1900-07-01,68,2,-1,0,Unknown,No
58,Retired,Married,Primary,No,565,No,No,Telephone,7,1900-07-01,876,1,-1,0,Unknown,Yes
37,Entrepreneur,Married,Tertiary,No,310,No,No,Cellular,1,1900-09-01,76,1,-1,0,Unknown,No
36,Services,Married,Secondary,No,1746,Yes,No,Unknown,26,1900-05-01,99,1,-1,0,Unknown,No
39,Technician,Married,Secondary,No,6,Yes,No,Cellular,18,1900-05-01,122,3,357,4,Failure,No
52,Unemployed,Married,Primary,No,-110,No,Yes,Cellular,29,1900-01-01,141,1,-1,0,Unknown,No
55,Retired,Married,Secondary,No,2749,Yes,Yes,Unknown,29,1900-05-01,58,2,-1,0,Unknown,No
30,Management,Single,Tertiary,No,6495,No,No,Cellular,30,1900-03-01,78,3,-1,0,Unknown,No
36,Blue-Collar,Single,Secondary,No,35,Yes,No,Unknown,3,1900-06-01,435,3,-1,0,Unknown,No
39,Admin.,Married,Secondary,No,-650,No,No,Cellular,15,1900-05-01,123,2,364,1,Failure,No
47,Blue-Collar,Married,Primary,No,292,No,Yes,Telephone,28,1900-07-01,210,3,-1,0,Unknown,No
42,Housemaid,Single,Primary,No,5774,Yes,No,Unknown,15,1900-05-01,54,2,-1,0,Unknown,No
42,Management,Married,Secondary,No,2416,Yes,No,Unknown,20,1900-05-01,138,4,-1,0,Unknown,No
58,Retired,Married,Secondary,No,35,No,No,Cellular,29,1900-07-01,336,7,-1,0,Unknown,No
68,Retired,Married,Secondary,No,19317,Yes,No,Cellular,4,1900-08-01,249,1,-1,0,Unknown,Yes
43,Technician,Married,Secondary,No,50,No,No,Unknown,28,1900-05-01,63,1,-1,0,Unknown,No
44,Blue-Collar,Married,Secondary,No,-674,Yes,No,Unknown,5,1900-05-01,257,1,-1,0,Unknown,No
49,Technician,Married,Tertiary,No,3726,No,No,Cellular,5,1900-08-01,875,2,-1,0,Unknown,Yes
57,Retired,Married,Tertiary,No,1180,Yes,Yes,Unknown,14,1900-05-01,191,2,-1,0,Unknown,No
61,Self-Employed,Divorced,Tertiary,No,6610,No,No,Cellular,24,1900-02-01,481,2,-1,0,Unknown,Yes
36,Admin.,Single,Secondary,No,319,Yes,No,Cellular,18,1900-05-01,120,2,-1,0,Unknown,No
31,Blue-Collar,Married,Secondary,No,1545,Yes,Yes,Cellular,13,1900-05-01,207,1,-1,0,Unknown,No
51,Technician,Married,Tertiary,No,1315,No,No,Telephone,5,1900-06-01,303,2,-1,0,Unknown,No
31,Technician,Single,Tertiary,No,424,No,No,Cellular,21,1900-08-01,93,2,-1,0,Unknown,No
56,Blue-Collar,Married,Primary,No,151,No,No,Cellular,3,1900-02-01,128,1,-1,0,Unknown,No
30,Technician,Single,Tertiary,No,-970,No,Yes,Cellular,21,1900-08-01,194,2,-1,0,Unknown,No
38,Services,Married,Secondary,No,-762,Yes,Yes,Unknown,30,1900-05-01,408,2,-1,0,Unknown,No
35,Services,Married,Secondary,No,181,Yes,No,Cellular,31,1900-07-01,5,3,-1,0,Unknown,No
31,Blue-Collar,Married,Unknown,No,-120,Yes,No,Cellular,17,1900-07-01,231,2,-1,0,Unknown,No
39,Admin.,Divorced,Secondary,No,1022,Yes,No,Unknown,20,1900-06-01,20,3,-1,0,Unknown,No
50,Management,Married,Tertiary,No,78,Yes,No,Cellular,14,1900-01-01,218,3,161,9,Other,No
39,Technician,Married,Tertiary,No,209,No,No,Unknown,23,1900-07-01,36,2,-1,0,Unknown,No
26,Admin.,Married,Secondary,No,2469,No,No,Cellular,16,1900-07-01,136,8,-1,0,Unknown,No
55,Technician,Married,Secondary,No,0,No,No,Cellular,19,1900-11-01,336,1,-1,0,Unknown,No
43,Blue-Collar,Divorced,Primary,No,328,No,Yes,Cellular,8,1900-07-01,192,1,-1,0,Unknown,No
34,Housemaid,Married,Tertiary,No,0,No,No,Cellular,26,1900-05-01,141,1,188,1,Failure,No
51,Self-Employed,Married,Primary,No,307,Yes,Yes,Unknown,17,1900-06-01,65,2,-1,0,Unknown,No
31,Management,Married,Tertiary,No,1384,Yes,No,Cellular,30,1900-01-01,203,2,2,3,Other,No
32,Management,Married,Tertiary,No,0,No,No,Cellular,26,1900-08-01,104,9,-1,0,Unknown,No
53,Technician,Married,Secondary,No,719,Yes,No,Unknown,14,1900-05-01,230,1,-1,0,Unknown,No
44,Management,Divorced,Tertiary,No,0,No,No,Cellular,10,1900-08-01,71,1,-1,0,Unknown,No
38,Entrepreneur,Married,Tertiary,No,6704,Yes,No,Unknown,21,1900-05-01,205,2,-1,0,Unknown,No
47,Self-Employed,Married,Tertiary,No,4543,Yes,No,Unknown,14,1900-05-01,162,1,-1,0,Unknown,No
36,Management,Married,Tertiary,No,0,Yes,No,Unknown,27,1900-05-01,145,2,-1,0,Unknown,No
30,Management,Single,Tertiary,No,149,Yes,No,Unknown,3,1900-06-01,220,2,-1,0,Unknown,No
46,Blue-Collar,Married,Secondary,No,-1400,Yes,No,Telephone,6,1900-05-01,309,3,355,4,Failure,No
33,Entrepreneur,Married,Secondary,No,-118,Yes,Yes,Unknown,27,1900-05-01,421,3,-1,0,Unknown,No
43,Blue-Collar,Married,Secondary,No,2160,No,No,Cellular,8,1900-09-01,261,1,98,1,Success,Yes
38,Management,Married,Tertiary,No,3452,No,No,Cellular,13,1900-08-01,132,2,-1,0,Unknown,No
27,Technician,Single,Secondary,No,842,No,No,Cellular,30,1900-07-01,273,1,91,1,Other,No
38,Management,Married,Unknown,No,3576,No,No,Cellular,25,1900-11-01,349,2,183,1,Success,Yes
41,Unemployed,Married,Tertiary,No,1666,No,No,Unknown,9,1900-06-01,291,3,-1,0,Unknown,No
29,Technician,Married,Secondary,No,0,Yes,No,Cellular,28,1900-07-01,83,6,-1,0,Unknown,No
39,Services,Married,Secondary,No,0,Yes,No,Unknown,20,1900-05-01,793,2,-1,0,Unknown,No
42,Blue-Collar,Single,Primary,No,1628,Yes,No,Cellular,5,1900-02-01,119,1,195,8,Success,No
47,Services,Married,Secondary,No,51,Yes,Yes,Unknown,16,1900-05-01,312,1,-1,0,Unknown,No
30,Blue-Collar,Single,Secondary,Yes,447,No,No,Unknown,14,1900-05-01,103,6,-1,0,Unknown,No
34,Admin.,Married,Secondary,No,396,Yes,No,Cellular,16,1900-07-01,101,3,-1,0,Unknown,No
45,Housemaid,Married,Primary,No,4994,No,No,Unknown,20,1900-06-01,48,1,-1,0,Unknown,No
43,Admin.,Married,Secondary,No,3215,Yes,No,Cellular,21,1900-07-01,228,3,-1,0,Unknown,No
59,Blue-Collar,Married,Primary,No,2814,No,No,Unknown,20,1900-06-01,81,3,-1,0,Unknown,No
50,Technician,Married,Secondary,No,0,No,No,Cellular,7,1900-07-01,152,2,-1,0,Unknown,No
39,Blue-Collar,Married,Secondary,No,293,Yes,No,Unknown,23,1900-05-01,160,3,-1,0,Unknown,No
36,Technician,Married,Secondary,No,474,Yes,No,Unknown,27,1900-05-01,59,1,-1,0,Unknown,No
44,Blue-Collar,Married,Secondary,No,16178,Yes,No,Cellular,21,1900-11-01,297,1,-1,0,Unknown,No
36,Technician,Married,Tertiary,No,0,No,No,Cellular,22,1900-08-01,147,2,-1,0,Unknown,No
27,Management,Single,Tertiary,No,88,No,No,Cellular,4,1900-05-01,143,1,-1,0,Unknown,No
29,Services,Married,Secondary,No,308,Yes,No,Unknown,28,1900-05-01,75,1,-1,0,Unknown,No
70,Retired,Married,Secondary,No,1164,No,No,Telephone,14,1900-05-01,338,3,185,2,Failure,No
44,Management,Married,Tertiary,No,13893,No,No,Unknown,11,1900-06-01,29,2,-1,0,Unknown,No
55,Management,Married,Tertiary,No,0,Yes,No,Unknown,14,1900-05-01,159,2,-1,0,Unknown,No
36,Technician,Divorced,Secondary,No,-435,Yes,No,Unknown,2,1900-06-01,85,8,-1,0,Unknown,No
28,Technician,Single,Secondary,No,389,Yes,No,Cellular,11,1900-05-01,15,7,-1,0,Unknown,No
50,Management,Divorced,Tertiary,No,356,No,No,Cellular,8,1900-05-01,198,2,358,5,Other,No
49,Technician,Married,Secondary,No,2718,No,No,Unknown,19,1900-05-01,114,2,-1,0,Unknown,No
71,Retired,Divorced,Tertiary,No,261,No,No,Cellular,12,1900-08-01,1117,2,-1,0,Unknown,No
31,Admin.,Single,Secondary,No,757,No,No,Cellular,3,1900-02-01,343,2,-1,0,Unknown,No
45,Management,Single,Tertiary,No,16,No,No,Cellular,31,1900-07-01,59,2,-1,0,Unknown,No
42,Blue-Collar,Married,Secondary,No,-422,No,No,Cellular,9,1900-07-01,31,1,-1,0,Unknown,No
45,Admin.,Married,Secondary,No,248,No,No,Cellular,16,1900-07-01,212,2,-1,0,Unknown,No
47,Technician,Married,Primary,No,145,Yes,No,Unknown,7,1900-05-01,157,6,-1,0,Unknown,No
60,Retired,Divorced,Secondary,No,598,No,Yes,Cellular,8,1900-07-01,96,1,-1,0,Unknown,No
35,Management,Married,Tertiary,No,949,Yes,No,Unknown,27,1900-05-01,245,2,-1,0,Unknown,No
31,Technician,Single,Tertiary,No,614,No,No,Cellular,11,1900-08-01,72,4,-1,0,Unknown,No
33,Blue-Collar,Married,Primary,No,1209,Yes,No,Cellular,16,1900-04-01,700,1,-1,0,Unknown,No
50,Self-Employed,Married,Tertiary,No,202,Yes,No,Cellular,15,1900-04-01,107,1,148,4,Failure,No
51,Blue-Collar,Married,Secondary,No,1840,Yes,No,Cellular,18,1900-08-01,312,3,-1,0,Unknown,No
34,Technician,Married,Secondary,No,114,Yes,Yes,Cellular,4,1900-06-01,153,1,309,3,Other,No
56,Services,Married,Secondary,No,-229,No,Yes,Cellular,23,1900-07-01,55,10,-1,0,Unknown,No
29,Services,Married,Secondary,No,182,Yes,No,Telephone,13,1900-05-01,38,3,-1,0,Unknown,No
31,Blue-Collar,Married,Secondary,No,401,No,No,Cellular,14,1900-08-01,96,3,-1,0,Unknown,No
44,Technician,Divorced,Unknown,No,759,Yes,No,Unknown,23,1900-05-01,397,1,-1,0,Unknown,No
55,Retired,Married,Secondary,No,4194,No,Yes,Telephone,30,1900-07-01,208,3,-1,0,Unknown,No
35,Student,Single,Unknown,No,0,No,No,Telephone,28,1900-01-01,122,3,-1,0,Unknown,No
36,Technician,Married,Tertiary,No,629,Yes,Yes,Cellular,29,1900-12-01,109,1,246,1,Failure,No
54,Retired,Married,Secondary,No,153,Yes,Yes,Unknown,26,1900-05-01,74,1,-1,0,Unknown,No
32,Management,Married,Tertiary,No,553,Yes,No,Cellular,22,1900-07-01,72,1,-1,0,Unknown,No
36,Management,Divorced,Tertiary,No,1057,No,No,Cellular,5,1900-02-01,383,2,-1,0,Unknown,No
60,Retired,Married,Secondary,No,78,Yes,No,Unknown,12,1900-05-01,113,3,-1,0,Unknown,No
32,Technician,Single,Secondary,No,-28,No,Yes,Unknown,4,1900-07-01,400,1,-1,0,Unknown,No
57,Management,Married,Tertiary,No,929,No,No,Cellular,19,1900-08-01,387,8,-1,0,Unknown,No
34,Blue-Collar,Married,Primary,No,428,Yes,No,Cellular,18,1900-05-01,59,2,-1,0,Unknown,No
27,Student,Single,Secondary,No,268,Yes,No,Cellular,13,1900-05-01,528,1,358,2,Failure,No
52,Management,Single,Tertiary,No,83,No,No,Cellular,26,1900-08-01,1223,6,-1,0,Unknown,Yes
45,Admin.,Divorced,Unknown,No,998,Yes,No,Telephone,30,1900-07-01,38,2,-1,0,Unknown,No
58,Admin.,Single,Secondary,No,2223,No,No,Cellular,4,1900-12-01,1139,2,114,1,Success,No
39,Blue-Collar,Single,Primary,No,6,Yes,No,Cellular,19,1900-11-01,286,2,-1,0,Unknown,No
48,Blue-Collar,Single,Secondary,No,312,Yes,Yes,Cellular,3,1900-02-01,369,2,-1,0,Unknown,No
36,Management,Single,Secondary,No,0,No,No,Cellular,13,1900-08-01,333,5,-1,0,Unknown,No
31,Technician,Single,Secondary,No,691,Yes,No,Cellular,8,1900-05-01,198,1,-1,0,Unknown,No
41,Management,Married,Tertiary,No,771,Yes,No,Cellular,26,1900-08-01,106,8,-1,0,Unknown,No
30,Self-Employed,Single,Secondary,No,192,No,No,Cellular,22,1900-07-01,423,1,-1,0,Unknown,No
57,Retired,Married,Tertiary,No,0,No,No,Cellular,12,1900-08-01,116,4,-1,0,Unknown,No
29,Admin.,Single,Secondary,No,1070,Yes,No,Unknown,19,1900-05-01,30,1,357,1,Other,Yes
29,Services,Divorced,Secondary,No,84,Yes,No,Cellular,13,1900-04-01,1101,2,-1,0,Unknown,Yes
30,Management,Single,Tertiary,No,2,No,No,Cellular,16,1900-06-01,102,1,85,1,Failure,No
44,Management,Married,Tertiary,No,1242,Yes,No,Cellular,6,1900-08-01,384,6,-1,0,Unknown,No
33,Student,Single,Unknown,No,5969,No,No,Cellular,4,1900-09-01,156,2,127,8,Failure,No
56,Admin.,Divorced,Secondary,No,3337,Yes,No,Telephone,17,1900-11-01,99,3,-1,0,Unknown,No
26,Services,Single,Secondary,No,1347,No,No,Telephone,18,1900-06-01,280,6,92,5,Other,Yes
52,Technician,Married,Secondary,No,64,No,No,Telephone,29,1900-08-01,20,2,-1,0,Unknown,No
32,Management,Single,Secondary,No,249,Yes,No,Unknown,2,1900-06-01,258,1,-1,0,Unknown,No
36,Technician,Single,Secondary,No,0,No,No,Cellular,29,1900-08-01,85,6,-1,0,Unknown,No
26,Blue-Collar,Married,Secondary,No,128,No,No,Unknown,4,1900-07-01,355,1,-1,0,Unknown,No
37,Blue-Collar,Married,Secondary,No,196,Yes,No,Unknown,5,1900-06-01,66,3,-1,0,Unknown,No
34,Technician,Married,Secondary,No,351,Yes,No,Cellular,18,1900-07-01,467,1,-1,0,Unknown,No
26,Services,Single,Secondary,No,5533,Yes,No,Cellular,7,1900-05-01,582,2,283,4,Failure,No
32,Services,Married,Secondary,No,38,Yes,No,Cellular,15,1900-05-01,744,1,-1,0,Unknown,Yes
30,Management,Single,Tertiary,Yes,35,No,No,Cellular,30,1900-07-01,185,4,-1,0,Unknown,No
27,Technician,Single,Secondary,No,235,Yes,No,Cellular,12,1900-05-01,13,5,-1,0,Unknown,No
42,Admin.,Single,Secondary,No,30,Yes,No,Cellular,4,1900-02-01,98,1,266,3,Failure,No
33,Blue-Collar,Single,Primary,No,92,Yes,No,Unknown,9,1900-05-01,127,1,-1,0,Unknown,No
37,Blue-Collar,Married,Secondary,No,67,No,No,Unknown,3,1900-06-01,45,2,-1,0,Unknown,No
45,Blue-Collar,Married,Secondary,No,4022,Yes,No,Cellular,29,1900-01-01,244,3,-1,0,Unknown,No
36,Entrepreneur,Married,Tertiary,No,3057,No,No,Unknown,16,1900-06-01,2769,4,-1,0,Unknown,Yes
39,Management,Single,Tertiary,No,0,Yes,No,Cellular,12,1900-05-01,561,4,369,3,Failure,No
33,Management,Single,Tertiary,No,349,No,No,Cellular,22,1900-08-01,182,1,-1,0,Unknown,No
47,Services,Married,Secondary,No,2322,No,No,Cellular,22,1900-08-01,618,1,-1,0,Unknown,No
49,Entrepreneur,Married,Secondary,No,167,Yes,Yes,Unknown,6,1900-05-01,198,3,-1,0,Unknown,No
46,Management,Divorced,Secondary,No,558,No,No,Cellular,19,1900-08-01,126,6,-1,0,Unknown,No
31,Services,Married,Secondary,No,-230,Yes,Yes,Cellular,16,1900-07-01,715,1,-1,0,Unknown,No
43,Unemployed,Divorced,Secondary,No,4094,Yes,No,Cellular,21,1900-11-01,63,1,-1,0,Unknown,No
30,Blue-Collar,Single,Secondary,Yes,239,Yes,No,Unknown,21,1900-05-01,412,1,-1,0,Unknown,Yes
43,Management,Divorced,Tertiary,No,497,No,No,Cellular,13,1900-05-01,66,1,363,22,Failure,No
42,Blue-Collar,Married,Secondary,No,179,Yes,No,Cellular,17,1900-11-01,96,1,-1,0,Unknown,No
30,Admin.,Single,Tertiary,No,305,No,No,Cellular,30,1900-04-01,633,1,85,2,Success,Yes
33,Management,Single,Tertiary,No,-67,Yes,No,Unknown,5,1900-05-01,364,1,-1,0,Unknown,No
41,Admin.,Married,Secondary,No,4539,No,No,Unknown,30,1900-05-01,298,3,-1,0,Unknown,No
29,Blue-Collar,Single,Secondary,No,770,Yes,No,Cellular,17,1900-04-01,341,1,-1,0,Unknown,No
38,Unemployed,Married,Secondary,No,-673,Yes,No,Unknown,26,1900-05-01,364,1,-1,0,Unknown,No
29,Technician,Married,Tertiary,No,858,Yes,No,Cellular,12,1900-06-01,234,7,330,1,Failure,No
80,Housemaid,Married,Primary,No,0,No,No,Cellular,23,1900-02-01,639,1,189,1,Failure,Yes
38,Management,Single,Tertiary,No,5244,No,No,Cellular,8,1900-08-01,310,4,-1,0,Unknown,No
36,Blue-Collar,Divorced,Primary,No,117,Yes,No,Unknown,2,1900-06-01,123,4,-1,0,Unknown,No
38,Self-Employed,Married,Tertiary,No,846,No,No,Cellular,2,1900-06-01,253,1,-1,0,Unknown,No
44,Management,Married,Secondary,Yes,0,Yes,No,Cellular,11,1900-07-01,96,2,-1,0,Unknown,No
31,Management,Married,Tertiary,No,1331,No,No,Cellular,30,1900-04-01,297,1,86,3,Success,Yes
31,Services,Single,Secondary,No,31,Yes,Yes,Unknown,26,1900-05-01,501,2,-1,0,Unknown,No
57,Admin.,Divorced,Primary,No,179,Yes,No,Cellular,15,1900-05-01,67,1,368,2,Failure,No
37,Blue-Collar,Married,Primary,No,543,Yes,No,Unknown,21,1900-05-01,281,1,-1,0,Unknown,No
50,Blue-Collar,Married,Secondary,No,253,Yes,Yes,Cellular,5,1900-05-01,475,2,-1,0,Unknown,No
60,Retired,Married,Primary,No,71188,No,No,Cellular,6,1900-10-01,205,1,-1,0,Unknown,No
51,Management,Married,Tertiary,No,5108,Yes,No,Cellular,8,1900-10-01,272,1,102,8,Other,No
48,Blue-Collar,Married,Secondary,No,1738,Yes,No,Cellular,15,1900-04-01,349,1,-1,0,Unknown,No
42,Blue-Collar,Married,Primary,No,-97,Yes,No,Cellular,3,1900-02-01,216,4,271,5,Failure,No
36,Blue-Collar,Married,Secondary,No,199,Yes,No,Cellular,9,1900-07-01,183,1,-1,0,Unknown,No
43,Management,Married,Tertiary,No,489,Yes,No,Cellular,8,1900-05-01,130,1,172,2,Other,No
31,Admin.,Married,Primary,No,355,Yes,Yes,Unknown,4,1900-06-01,61,6,-1,0,Unknown,No
49,Technician,Single,Secondary,No,-97,Yes,No,Unknown,6,1900-06-01,92,2,-1,0,Unknown,No
35,Management,Divorced,Tertiary,No,473,No,Yes,Cellular,5,1900-08-01,37,2,-1,0,Unknown,No
44,Entrepreneur,Married,Secondary,No,6649,Yes,No,Cellular,19,1900-11-01,354,2,-1,0,Unknown,No
34,Self-Employed,Married,Tertiary,No,263,No,No,Cellular,4,1900-05-01,203,1,78,8,Other,No
46,Blue-Collar,Married,Secondary,No,781,No,No,Unknown,13,1900-05-01,152,1,-1,0,Unknown,No
49,Blue-Collar,Married,Primary,No,1032,Yes,No,Unknown,2,1900-06-01,41,5,-1,0,Unknown,No
32,Blue-Collar,Married,Secondary,No,119,No,No,Cellular,4,1900-05-01,20,5,-1,0,Unknown,No
35,Management,Divorced,Tertiary,No,434,Yes,No,Cellular,11,1900-05-01,277,1,271,2,Success,No
51,Admin.,Married,Secondary,No,2967,No,No,Unknown,17,1900-06-01,83,2,-1,0,Unknown,No
57,Retired,Divorced,Secondary,No,-331,Yes,No,Unknown,6,1900-05-01,531,1,-1,0,Unknown,No
59,Management,Married,Tertiary,No,1585,No,No,Telephone,28,1900-08-01,91,5,-1,0,Unknown,No
40,Services,Divorced,Unknown,No,4384,Yes,No,Unknown,5,1900-05-01,315,1,-1,0,Unknown,No
49,Management,Single,Tertiary,No,588,No,No,Cellular,28,1900-08-01,70,9,-1,0,Unknown,No
51,Management,Married,Secondary,No,3180,Yes,No,Cellular,9,1900-07-01,384,1,-1,0,Unknown,No
35,Admin.,Married,Secondary,Yes,0,No,Yes,Unknown,4,1900-07-01,105,3,-1,0,Unknown,No
29,Self-Employed,Married,Secondary,No,-76,Yes,No,Unknown,27,1900-05-01,305,2,-1,0,Unknown,No
32,Services,Single,Secondary,No,152,Yes,No,Cellular,25,1900-05-01,158,2,-1,0,Unknown,Yes
37,Housemaid,Divorced,Secondary,No,1040,Yes,No,Cellular,13,1900-05-01,199,1,173,2,Failure,No
49,Unemployed,Married,Primary,No,-384,Yes,No,Unknown,27,1900-05-01,25,1,-1,0,Unknown,No
45,Technician,Married,Unknown,No,473,Yes,No,Unknown,27,1900-05-01,147,1,-1,0,Unknown,No
34,Technician,Single,Secondary,No,475,Yes,No,Cellular,29,1900-07-01,538,8,-1,0,Unknown,No
53,Technician,Married,Secondary,No,0,No,No,Cellular,22,1900-08-01,77,9,-1,0,Unknown,No
42,Entrepreneur,Married,Primary,No,149,No,No,Cellular,20,1900-08-01,94,2,-1,0,Unknown,No
43,Technician,Married,Secondary,No,3285,Yes,No,Unknown,13,1900-05-01,1721,2,-1,0,Unknown,Yes
52,Retired,Married,Secondary,No,424,No,No,Cellular,19,1900-11-01,143,1,154,3,Failure,No
34,Blue-Collar,Single,Secondary,No,79,No,Yes,Cellular,20,1900-11-01,104,1,-1,0,Unknown,No
34,Technician,Divorced,Tertiary,No,674,Yes,No,Cellular,7,1900-08-01,587,2,-1,0,Unknown,Yes
27,Services,Married,Secondary,No,0,Yes,No,Cellular,22,1900-07-01,1608,13,-1,0,Unknown,Yes
43,Unemployed,Married,Tertiary,No,58,Yes,No,Cellular,9,1900-02-01,48,4,-1,0,Unknown,No
41,Technician,Married,Tertiary,No,532,Yes,No,Cellular,9,1900-07-01,74,1,-1,0,Unknown,No
72,Retired,Married,Secondary,No,4130,No,No,Cellular,12,1900-11-01,427,1,-1,0,Unknown,No
35,Blue-Collar,Married,Primary,No,422,Yes,No,Cellular,14,1900-05-01,73,1,-1,0,Unknown,No
41,Management,Married,Tertiary,No,437,Yes,No,Unknown,3,1900-06-01,14,21,-1,0,Unknown,No
36,Blue-Collar,Divorced,Primary,No,-308,Yes,No,Cellular,12,1900-05-01,725,1,-1,0,Unknown,Yes
51,Housemaid,Married,Primary,No,30,Yes,No,Cellular,14,1900-07-01,333,2,-1,0,Unknown,No
37,Self-Employed,Married,Tertiary,No,137,No,No,Cellular,13,1900-08-01,244,6,-1,0,Unknown,No
42,Admin.,Single,Secondary,No,-247,Yes,Yes,Telephone,21,1900-10-01,519,1,166,1,Other,Yes
26,Admin.,Single,Secondary,No,321,Yes,No,Cellular,22,1900-07-01,242,7,-1,0,Unknown,No
23,Services,Single,Secondary,No,250,Yes,No,Cellular,18,1900-05-01,222,1,-1,0,Unknown,No
50,Management,Married,Tertiary,No,-470,Yes,No,Cellular,19,1900-11-01,130,2,160,1,Failure,No
37,Blue-Collar,Married,Secondary,No,140,Yes,Yes,Cellular,7,1900-05-01,490,1,-1,0,Unknown,No
35,Management,Married,Tertiary,No,2793,No,No,Cellular,20,1900-11-01,258,2,-1,0,Unknown,No
37,Management,Married,Tertiary,No,410,No,No,Cellular,29,1900-01-01,337,2,-1,0,Unknown,No
79,Retired,Divorced,Unknown,No,2628,No,No,Telephone,8,1900-07-01,220,7,450,2,Failure,No
39,Technician,Married,Secondary,No,116,No,No,Cellular,24,1900-08-01,79,2,94,2,Success,No
47,Services,Married,Secondary,No,0,Yes,No,Telephone,9,1900-07-01,250,1,-1,0,Unknown,No
44,Blue-Collar,Married,Secondary,No,878,Yes,No,Cellular,2,1900-06-01,130,1,-1,0,Unknown,No
36,Management,Single,Tertiary,No,2944,No,No,Cellular,18,1900-08-01,882,8,-1,0,Unknown,Yes
33,Blue-Collar,Single,Secondary,No,3975,Yes,Yes,Cellular,17,1900-04-01,515,1,150,1,Other,No
42,Services,Married,Secondary,No,96,Yes,No,Cellular,5,1900-05-01,238,3,340,2,Failure,No
35,Technician,Single,Tertiary,No,2288,No,No,Telephone,28,1900-05-01,32,2,-1,0,Unknown,No
31,Blue-Collar,Married,Secondary,No,472,Yes,No,Unknown,13,1900-05-01,907,2,-1,0,Unknown,No
58,Services,Married,Primary,No,65,No,No,Unknown,27,1900-06-01,162,1,-1,0,Unknown,No
46,Management,Married,Tertiary,No,0,No,No,Unknown,7,1900-05-01,70,2,-1,0,Unknown,No
41,Admin.,Single,Secondary,No,400,Yes,No,Unknown,4,1900-06-01,99,6,-1,0,Unknown,No
58,Technician,Married,Secondary,No,7495,Yes,No,Unknown,13,1900-05-01,325,1,-1,0,Unknown,No
33,Blue-Collar,Married,Secondary,No,137,No,Yes,Cellular,18,1900-07-01,305,12,-1,0,Unknown,No
31,Unemployed,Married,Secondary,No,24,Yes,No,Cellular,19,1900-11-01,631,1,-1,0,Unknown,No
55,Technician,Divorced,Secondary,No,3450,No,No,Cellular,10,1900-02-01,169,1,183,1,Failure,Yes
38,Technician,Single,Secondary,No,311,Yes,No,Cellular,28,1900-05-01,61,2,-1,0,Unknown,No
55,Housemaid,Married,Secondary,No,139,No,No,Cellular,22,1900-08-01,256,2,-1,0,Unknown,No
47,Management,Single,Tertiary,No,0,No,No,Unknown,11,1900-06-01,58,3,-1,0,Unknown,No
51,Housemaid,Married,Primary,No,492,Yes,No,Unknown,20,1900-05-01,142,3,-1,0,Unknown,No
46,Management,Single,Tertiary,No,334,Yes,No,Telephone,4,1900-05-01,36,6,90,2,Other,No
61,Management,Married,Tertiary,No,997,No,No,Cellular,10,1900-03-01,106,1,-1,0,Unknown,Yes
47,Management,Single,Tertiary,No,440,No,No,Cellular,21,1900-08-01,71,4,-1,0,Unknown,No
34,Technician,Married,Secondary,No,47,No,No,Cellular,25,1900-08-01,132,6,-1,0,Unknown,No
34,Blue-Collar,Married,Secondary,No,1298,Yes,No,Unknown,20,1900-05-01,120,1,-1,0,Unknown,No
41,Management,Divorced,Tertiary,No,3355,No,No,Cellular,14,1900-10-01,181,2,500,1,Failure,No
36,Blue-Collar,Divorced,Secondary,No,-11,No,No,Unknown,5,1900-06-01,152,2,-1,0,Unknown,No
26,Blue-Collar,Single,Secondary,No,396,Yes,No,Unknown,28,1900-05-01,302,1,-1,0,Unknown,No
35,Management,Married,Tertiary,No,8,No,No,Cellular,23,1900-04-01,93,3,-1,0,Unknown,Yes
36,Blue-Collar,Married,Secondary,No,1409,No,No,Unknown,17,1900-06-01,235,2,-1,0,Unknown,No
26,Management,Single,Tertiary,No,170,No,No,Cellular,15,1900-06-01,129,1,-1,0,Unknown,Yes
58,Management,Married,Primary,No,2769,Yes,No,Cellular,11,1900-07-01,94,2,-1,0,Unknown,No
50,Blue-Collar,Married,Secondary,No,2320,Yes,No,Cellular,7,1900-04-01,310,1,-1,0,Unknown,No
61,Retired,Married,Secondary,No,76,Yes,No,Cellular,15,1900-07-01,195,7,-1,0,Unknown,No
28,Technician,Single,Secondary,No,2034,Yes,No,Unknown,21,1900-05-01,196,1,-1,0,Unknown,No
49,Blue-Collar,Single,Primary,No,3018,Yes,No,Unknown,15,1900-05-01,93,1,-1,0,Unknown,No
74,Retired,Married,Secondary,No,921,No,No,Telephone,17,1900-04-01,394,2,-1,0,Unknown,Yes
53,Blue-Collar,Married,Secondary,No,483,Yes,No,Cellular,3,1900-02-01,288,3,-1,0,Unknown,No
46,Self-Employed,Married,Secondary,No,390,Yes,No,Cellular,31,1900-07-01,208,2,-1,0,Unknown,No
47,Management,Married,Tertiary,No,0,No,No,Cellular,27,1900-10-01,508,1,-1,0,Unknown,Yes
42,Blue-Collar,Single,Primary,No,92,No,No,Cellular,30,1900-07-01,86,2,-1,0,Unknown,No
56,Services,Married,Secondary,No,22196,Yes,No,Cellular,21,1900-11-01,189,1,-1,0,Unknown,No
42,Technician,Married,Secondary,No,2,No,No,Unknown,29,1900-05-01,249,2,-1,0,Unknown,No
49,Housemaid,Married,Primary,No,249,Yes,No,Cellular,21,1900-11-01,450,1,-1,0,Unknown,No
43,Unemployed,Single,Unknown,No,3274,Yes,No,Cellular,22,1900-05-01,680,1,95,1,Failure,No
39,Services,Married,Secondary,No,5731,Yes,No,Unknown,20,1900-05-01,175,2,-1,0,Unknown,No
66,Retired,Married,Primary,No,206,No,No,Cellular,9,1900-02-01,479,1,-1,0,Unknown,Yes
30,Technician,Single,Tertiary,No,2325,No,No,Cellular,5,1900-04-01,270,3,241,4,Other,No
38,Management,Single,Tertiary,No,0,No,No,Cellular,24,1900-07-01,164,1,-1,0,Unknown,No
31,Blue-Collar,Married,Secondary,No,1664,Yes,No,Cellular,20,1900-04-01,158,1,182,1,Success,No
32,Technician,Married,Secondary,No,3333,No,No,Cellular,8,1900-08-01,50,4,-1,0,Unknown,No
48,Technician,Married,Secondary,No,7020,No,No,Cellular,6,1900-08-01,80,2,-1,0,Unknown,No
34,Admin.,Married,Tertiary,No,37,No,No,Cellular,6,1900-02-01,45,1,-1,0,Unknown,No
28,Student,Single,Secondary,No,28,No,No,Cellular,29,1900-01-01,220,2,-1,0,Unknown,No
40,Admin.,Single,Secondary,No,1670,Yes,No,Unknown,18,1900-06-01,161,2,-1,0,Unknown,No
36,Entrepreneur,Married,Secondary,No,134,No,No,Unknown,20,1900-05-01,98,1,-1,0,Unknown,No
52,Retired,Married,Secondary,No,603,No,Yes,Unknown,9,1900-06-01,79,1,-1,0,Unknown,No
46,Admin.,Married,Primary,No,276,Yes,Yes,Unknown,6,1900-05-01,157,2,-1,0,Unknown,No
25,Technician,Single,Secondary,No,2157,Yes,No,Cellular,21,1900-07-01,339,1,-1,0,Unknown,No
52,Blue-Collar,Married,Secondary,No,161,Yes,No,Unknown,13,1900-05-01,274,2,-1,0,Unknown,No
40,Blue-Collar,Married,Primary,No,3658,Yes,No,Unknown,14,1900-05-01,977,1,-1,0,Unknown,No
26,Management,Divorced,Tertiary,Yes,-402,No,Yes,Unknown,12,1900-05-01,127,2,-1,0,Unknown,No
26,Blue-Collar,Single,Primary,No,3342,Yes,No,Unknown,4,1900-06-01,329,4,-1,0,Unknown,No
35,Self-Employed,Single,Secondary,No,1732,No,No,Telephone,21,1900-11-01,1441,3,-1,0,Unknown,No
40,Admin.,Single,Secondary,No,263,Yes,No,Unknown,6,1900-05-01,231,1,-1,0,Unknown,No
31,Management,Married,Tertiary,No,623,Yes,No,Cellular,13,1900-05-01,96,2,349,5,Failure,No
32,Admin.,Married,Secondary,No,3540,Yes,No,Cellular,18,1900-05-01,213,1,178,1,Failure,No
33,Admin.,Married,Secondary,No,95,Yes,No,Cellular,30,1900-04-01,335,1,-1,0,Unknown,Yes
53,Services,Divorced,Secondary,No,765,Yes,No,Cellular,14,1900-05-01,959,3,174,7,Other,Yes
46,Technician,Divorced,Secondary,No,-824,Yes,No,Cellular,7,1900-08-01,429,3,-1,0,Unknown,Yes
28,Management,Single,Tertiary,No,5549,No,No,Cellular,28,1900-07-01,383,6,-1,0,Unknown,No
31,Blue-Collar,Married,Secondary,No,191,Yes,No,Unknown,2,1900-06-01,40,1,-1,0,Unknown,No
44,Blue-Collar,Married,Primary,No,420,Yes,No,Unknown,7,1900-05-01,110,2,-1,0,Unknown,No
35,Admin.,Married,Secondary,No,0,No,No,Unknown,7,1900-05-01,326,1,-1,0,Unknown,No
50,Technician,Divorced,Unknown,No,2706,Yes,No,Unknown,28,1900-05-01,179,3,-1,0,Unknown,No
32,Technician,Married,Secondary,Yes,4,Yes,Yes,Cellular,25,1900-08-01,132,8,-1,0,Unknown,No
51,Admin.,Married,Secondary,No,423,Yes,Yes,Cellular,16,1900-10-01,95,1,-1,0,Unknown,No
51,Management,Married,Tertiary,No,-892,Yes,Yes,Cellular,14,1900-08-01,248,2,-1,0,Unknown,No
31,Blue-Collar,Married,Unknown,No,-120,Yes,No,Cellular,3,1900-02-01,100,3,201,2,Failure,No
41,Admin.,Divorced,Secondary,No,-365,Yes,No,Unknown,28,1900-05-01,226,10,-1,0,Unknown,No
57,Technician,Married,Tertiary,No,27069,No,Yes,Unknown,20,1900-06-01,174,3,-1,0,Unknown,No
34,Management,Single,Tertiary,No,8038,Yes,No,Cellular,20,1900-04-01,29,3,152,1,Failure,No
47,Technician,Married,Secondary,No,-938,Yes,No,Unknown,28,1900-05-01,176,2,-1,0,Unknown,No
47,Admin.,Divorced,Secondary,No,1139,Yes,No,Cellular,11,1900-07-01,106,2,-1,0,Unknown,No
36,Self-Employed,Married,Secondary,No,189,Yes,No,Cellular,19,1900-11-01,136,1,120,1,Failure,No
29,Housemaid,Single,Tertiary,No,19,No,No,Cellular,5,1900-02-01,110,2,64,2,Success,Yes
39,Technician,Married,Secondary,No,3663,No,No,Cellular,11,1900-08-01,230,3,-1,0,Unknown,No
53,Blue-Collar,Single,Unknown,No,0,No,No,Unknown,12,1900-05-01,140,7,-1,0,Unknown,No
47,Blue-Collar,Married,Secondary,Yes,-614,Yes,No,Unknown,26,1900-05-01,118,2,-1,0,Unknown,No
51,Technician,Divorced,Secondary,No,2323,Yes,Yes,Cellular,18,1900-08-01,151,10,-1,0,Unknown,No
48,Blue-Collar,Married,Secondary,No,425,Yes,No,Telephone,9,1900-07-01,693,2,-1,0,Unknown,No
32,Technician,Married,Secondary,No,5122,No,No,Cellular,13,1900-08-01,31,1,-1,0,Unknown,No
36,Management,Divorced,Tertiary,No,608,No,No,Cellular,26,1900-08-01,125,2,-1,0,Unknown,No
50,Unknown,Married,Primary,No,341,Yes,Yes,Cellular,20,1900-04-01,670,4,340,2,Success,Yes
39,Admin.,Married,Secondary,No,607,Yes,No,Cellular,12,1900-05-01,454,2,364,3,Failure,Yes
31,Blue-Collar,Married,Secondary,No,1495,Yes,Yes,Unknown,23,1900-05-01,159,3,-1,0,Unknown,No
49,Admin.,Married,Secondary,No,381,No,No,Cellular,5,1900-08-01,504,2,-1,0,Unknown,No
33,Unemployed,Divorced,Secondary,No,385,No,No,Telephone,27,1900-08-01,29,28,-1,0,Unknown,No
26,Management,Single,Tertiary,No,1274,Yes,No,Cellular,1,1900-06-01,190,1,84,1,Failure,No
27,Blue-Collar,Married,Secondary,No,362,Yes,No,Unknown,14,1900-05-01,332,2,-1,0,Unknown,No
51,Blue-Collar,Married,Primary,No,377,Yes,No,Telephone,3,1900-02-01,143,4,272,1,Failure,No
26,Admin.,Single,Secondary,No,802,No,No,Cellular,30,1900-01-01,77,1,2,2,Other,No
45,Admin.,Married,Secondary,No,194,No,No,Cellular,31,1900-07-01,517,4,-1,0,Unknown,No
54,Technician,Married,Secondary,No,-315,No,Yes,Cellular,10,1900-07-01,2029,1,-1,0,Unknown,Yes
49,Technician,Married,Tertiary,No,1843,Yes,No,Cellular,25,1900-05-01,269,1,-1,0,Unknown,No
47,Technician,Married,Secondary,No,-9,No,No,Cellular,14,1900-08-01,457,2,-1,0,Unknown,No
42,Housemaid,Married,Primary,No,83,No,Yes,Cellular,7,1900-08-01,184,1,-1,0,Unknown,No
50,Entrepreneur,Married,Tertiary,No,433,Yes,No,Cellular,18,1900-05-01,47,4,-1,0,Unknown,No
37,Admin.,Married,Secondary,No,-107,Yes,No,Unknown,28,1900-05-01,158,2,-1,0,Unknown,No
54,Blue-Collar,Married,Primary,No,4503,No,No,Telephone,21,1900-11-01,168,3,-1,0,Unknown,No
40,Services,Married,Secondary,No,51,Yes,No,Cellular,11,1900-05-01,50,1,-1,0,Unknown,No
50,Services,Married,Secondary,No,961,No,Yes,Cellular,14,1900-08-01,757,4,-1,0,Unknown,No
57,Retired,Married,Secondary,No,49,Yes,Yes,Cellular,25,1900-08-01,93,4,-1,0,Unknown,No
33,Technician,Married,Secondary,No,3470,No,No,Cellular,11,1900-08-01,285,2,-1,0,Unknown,No
49,Technician,Married,Secondary,No,-147,Yes,No,Cellular,20,1900-04-01,390,1,-1,0,Unknown,No
35,Services,Married,Secondary,No,0,Yes,No,Cellular,18,1900-05-01,146,2,-1,0,Unknown,No
28,Blue-Collar,Single,Secondary,No,0,Yes,No,Unknown,28,1900-05-01,386,1,-1,0,Unknown,No
58,Management,Married,Tertiary,No,172,No,No,Cellular,19,1900-08-01,145,7,-1,0,Unknown,No
31,Admin.,Single,Secondary,No,-407,No,Yes,Cellular,7,1900-07-01,230,1,-1,0,Unknown,No
36,Management,Divorced,Tertiary,No,649,No,No,Cellular,16,1900-07-01,237,2,91,1,Failure,No
49,Blue-Collar,Single,Primary,No,1040,No,No,Cellular,8,1900-07-01,474,2,-1,0,Unknown,No
30,Unemployed,Married,Secondary,No,142,Yes,No,Unknown,20,1900-05-01,350,4,-1,0,Unknown,No
29,Services,Single,Secondary,No,209,Yes,No,Cellular,28,1900-07-01,487,7,-1,0,Unknown,No
50,Management,Married,Unknown,No,3304,No,No,Unknown,5,1900-06-01,1009,2,-1,0,Unknown,No
26,Student,Single,Tertiary,No,294,No,No,Cellular,5,1900-03-01,87,1,91,2,Success,Yes
27,Housemaid,Married,Secondary,No,4848,Yes,Yes,Telephone,23,1900-07-01,82,3,-1,0,Unknown,No
32,Blue-Collar,Single,Secondary,No,1670,Yes,No,Cellular,18,1900-05-01,183,1,-1,0,Unknown,No
62,Unknown,Married,Secondary,No,367,No,No,Telephone,2,1900-03-01,139,5,-1,0,Unknown,No
34,Blue-Collar,Single,Secondary,No,13683,Yes,No,Unknown,3,1900-06-01,115,3,-1,0,Unknown,No
25,Admin.,Single,Tertiary,No,1420,No,No,Cellular,8,1900-04-01,124,2,-1,0,Unknown,No
34,Management,Single,Tertiary,No,340,Yes,No,Unknown,3,1900-06-01,633,28,-1,0,Unknown,No
44,Technician,Single,Secondary,No,1679,No,No,Telephone,20,1900-10-01,718,1,-1,0,Unknown,Yes
38,Management,Married,Tertiary,No,1198,Yes,No,Cellular,2,1900-02-01,63,1,-1,0,Unknown,No
57,Admin.,Married,Secondary,No,169,No,No,Cellular,14,1900-08-01,180,1,106,2,Failure,No
36,Self-Employed,Married,Tertiary,No,506,No,No,Cellular,25,1900-08-01,47,1,120,1,Failure,No
41,Entrepreneur,Married,Secondary,No,1249,Yes,No,Cellular,9,1900-07-01,391,1,-1,0,Unknown,No
36,Management,Single,Tertiary,No,678,No,Yes,Unknown,4,1900-07-01,85,3,-1,0,Unknown,No
27,Management,Single,Tertiary,No,212,Yes,No,Cellular,15,1900-05-01,373,1,-1,0,Unknown,No
37,Technician,Divorced,Secondary,No,23,No,No,Cellular,20,1900-08-01,289,2,-1,0,Unknown,No
47,Management,Single,Tertiary,No,4402,No,No,Telephone,10,1900-12-01,805,1,190,1,Other,Yes
31,Services,Divorced,Primary,No,459,Yes,No,Cellular,7,1900-05-01,623,1,293,1,Success,Yes
39,Self-Employed,Married,Secondary,No,4722,Yes,No,Unknown,17,1900-06-01,483,1,-1,0,Unknown,No
35,Admin.,Divorced,Tertiary,No,1555,Yes,No,Unknown,9,1900-05-01,26,2,-1,0,Unknown,No
40,Blue-Collar,Married,Secondary,No,61,Yes,No,Unknown,7,1900-05-01,112,3,-1,0,Unknown,No
38,Management,Single,Tertiary,No,0,Yes,No,Cellular,17,1900-11-01,213,2,-1,0,Unknown,No
31,Technician,Married,Secondary,No,3706,Yes,No,Cellular,20,1900-11-01,129,1,-1,0,Unknown,No
36,Blue-Collar,Married,Primary,No,1177,No,No,Cellular,15,1900-04-01,330,1,311,4,Success,Yes
53,Management,Married,Primary,No,2096,No,No,Unknown,9,1900-06-01,104,1,-1,0,Unknown,No
59,Blue-Collar,Married,Primary,No,748,No,No,Unknown,29,1900-05-01,184,1,-1,0,Unknown,No
29,Management,Single,Tertiary,No,3357,No,No,Cellular,21,1900-07-01,120,3,-1,0,Unknown,No
30,Admin.,Single,Secondary,No,3809,Yes,No,Unknown,3,1900-06-01,159,4,-1,0,Unknown,No
52,Admin.,Married,Secondary,No,395,Yes,No,Unknown,15,1900-05-01,391,3,-1,0,Unknown,No
55,Blue-Collar,Married,Secondary,No,1011,Yes,No,Cellular,12,1900-08-01,112,2,-1,0,Unknown,No
56,Blue-Collar,Married,Primary,No,420,Yes,No,Unknown,9,1900-05-01,76,1,-1,0,Unknown,No
32,Admin.,Married,Secondary,No,76,Yes,No,Unknown,21,1900-05-01,189,2,-1,0,Unknown,No
24,Blue-Collar,Married,Secondary,No,0,No,No,Unknown,28,1900-05-01,94,1,-1,0,Unknown,No
51,Blue-Collar,Married,Primary,No,844,Yes,No,Unknown,29,1900-05-01,184,3,-1,0,Unknown,No
36,Management,Married,Tertiary,No,1318,Yes,No,Cellular,7,1900-08-01,100,2,-1,0,Unknown,No
36,Technician,Married,Tertiary,No,167,Yes,No,Cellular,28,1900-01-01,57,1,-1,0,Unknown,No
42,Management,Married,Tertiary,No,2187,Yes,No,Cellular,17,1900-11-01,525,3,-1,0,Unknown,Yes
49,Admin.,Married,Secondary,No,14440,Yes,No,Cellular,21,1900-11-01,60,1,-1,0,Unknown,No
48,Management,Married,Secondary,No,2294,Yes,No,Unknown,26,1900-05-01,251,11,-1,0,Unknown,No
36,Management,Married,Secondary,No,80,Yes,No,Unknown,30,1900-05-01,251,3,-1,0,Unknown,No
48,Management,Married,Primary,No,2537,No,No,Cellular,26,1900-08-01,219,6,-1,0,Unknown,No
30,Technician,Married,Tertiary,No,569,No,No,Cellular,27,1900-08-01,976,12,-1,0,Unknown,Yes
27,Management,Single,Tertiary,Yes,0,No,Yes,Cellular,8,1900-07-01,46,1,-1,0,Unknown,No
38,Entrepreneur,Married,Tertiary,No,0,Yes,No,Cellular,18,1900-11-01,185,3,-1,0,Unknown,No
36,Technician,Single,Secondary,Yes,12,No,No,Cellular,12,1900-08-01,587,2,-1,0,Unknown,Yes
45,Technician,Married,Secondary,No,49,No,No,Cellular,29,1900-07-01,65,2,-1,0,Unknown,No
44,Housemaid,Married,Tertiary,No,460,No,No,Unknown,17,1900-06-01,491,1,-1,0,Unknown,No
42,Technician,Married,Secondary,No,613,Yes,No,Cellular,11,1900-05-01,432,2,-1,0,Unknown,No
37,Entrepreneur,Married,Tertiary,No,7944,No,No,Cellular,21,1900-11-01,102,1,-1,0,Unknown,No
48,Blue-Collar,Married,Secondary,No,1143,Yes,No,Cellular,17,1900-04-01,264,1,317,1,Failure,No
57,Retired,Married,Primary,No,-464,Yes,No,Cellular,4,1900-02-01,75,1,190,6,Failure,No
44,Services,Married,Secondary,No,1989,Yes,Yes,Cellular,20,1900-04-01,106,2,-1,0,Unknown,No
48,Technician,Married,Secondary,No,17,Yes,Yes,Cellular,17,1900-11-01,81,1,-1,0,Unknown,No
56,Retired,Married,Primary,No,-1,No,No,Cellular,27,1900-08-01,89,23,-1,0,Unknown,No
37,Management,Married,Tertiary,No,1698,Yes,No,Unknown,6,1900-06-01,95,2,-1,0,Unknown,No
47,Blue-Collar,Married,Secondary,No,5306,Yes,No,Unknown,15,1900-05-01,322,1,-1,0,Unknown,No
54,Housemaid,Married,Unknown,No,0,No,No,Cellular,14,1900-04-01,94,5,145,3,Other,No
51,Retired,Divorced,Secondary,No,1679,No,No,Cellular,12,1900-08-01,417,1,365,9,Other,Yes
47,Admin.,Married,Secondary,No,3676,No,No,Cellular,18,1900-10-01,567,1,95,3,Success,Yes
25,Management,Married,Tertiary,No,-242,Yes,Yes,Cellular,18,1900-05-01,600,4,332,4,Other,Yes
39,Services,Single,Secondary,No,471,No,No,Unknown,15,1900-10-01,5,1,-1,0,Unknown,No
40,Management,Married,Tertiary,No,8902,Yes,No,Cellular,14,1900-08-01,464,5,-1,0,Unknown,No
38,Management,Single,Tertiary,No,1704,No,No,Cellular,1,1900-09-01,222,1,-1,0,Unknown,No
34,Management,Married,Tertiary,No,3050,Yes,No,Cellular,13,1900-05-01,469,1,-1,0,Unknown,Yes
53,Housemaid,Married,Primary,No,2581,No,No,Cellular,15,1900-04-01,99,1,-1,0,Unknown,No
32,Services,Married,Secondary,No,162,Yes,No,Unknown,14,1900-05-01,297,2,-1,0,Unknown,No
35,Blue-Collar,Married,Secondary,No,243,Yes,No,Cellular,20,1900-04-01,41,3,-1,0,Unknown,No
24,Student,Single,Secondary,No,1847,No,No,Cellular,9,1900-12-01,390,1,-1,0,Unknown,No
58,Blue-Collar,Married,Primary,No,0,Yes,No,Unknown,29,1900-05-01,535,2,-1,0,Unknown,No
49,Management,Married,Primary,No,3371,No,No,Cellular,11,1900-11-01,269,2,-1,0,Unknown,Yes
45,Services,Single,Secondary,No,1757,Yes,No,Cellular,20,1900-04-01,1010,3,326,1,Other,No
55,Management,Married,Tertiary,No,171,Yes,No,Cellular,8,1900-08-01,73,6,-1,0,Unknown,No
42,Entrepreneur,Married,Tertiary,No,157,Yes,Yes,Unknown,7,1900-05-01,650,1,-1,0,Unknown,No
28,Admin.,Married,Secondary,No,934,Yes,No,Unknown,4,1900-07-01,53,2,-1,0,Unknown,No
48,Blue-Collar,Married,Secondary,No,-19,No,Yes,Unknown,4,1900-07-01,270,1,-1,0,Unknown,No
51,Management,Single,Tertiary,Yes,-55,Yes,No,Cellular,18,1900-08-01,119,6,-1,0,Unknown,No
38,Housemaid,Married,Primary,No,21,No,No,Cellular,26,1900-08-01,634,2,-1,0,Unknown,No
27,Blue-Collar,Single,Secondary,No,14,No,No,Unknown,14,1900-05-01,72,2,-1,0,Unknown,No
50,Technician,Single,Secondary,No,246,Yes,No,Cellular,17,1900-11-01,270,1,123,2,Failure,No
44,Blue-Collar,Married,Primary,No,887,Yes,No,Cellular,12,1900-05-01,165,2,363,1,Failure,No
40,Management,Married,Tertiary,No,51,No,No,Cellular,19,1900-08-01,164,2,-1,0,Unknown,No
29,Services,Single,Secondary,No,-287,Yes,No,Cellular,18,1900-05-01,196,1,-1,0,Unknown,No
34,Services,Married,Secondary,No,0,Yes,No,Cellular,14,1900-07-01,78,4,-1,0,Unknown,No
44,Self-Employed,Single,Tertiary,No,2734,Yes,No,Cellular,12,1900-05-01,897,4,-1,0,Unknown,Yes
50,Entrepreneur,Married,Tertiary,No,52,No,No,Cellular,31,1900-07-01,22,8,-1,0,Unknown,No
34,Management,Married,Tertiary,No,2594,Yes,No,Cellular,21,1900-11-01,161,3,-1,0,Unknown,No
54,Retired,Divorced,Primary,No,22,No,No,Unknown,20,1900-06-01,23,4,-1,0,Unknown,No
34,Technician,Married,Tertiary,No,1611,Yes,No,Cellular,11,1900-05-01,490,2,-1,0,Unknown,No
34,Admin.,Single,Tertiary,No,18,Yes,Yes,Cellular,30,1900-04-01,359,1,-1,0,Unknown,Yes
52,Blue-Collar,Married,Primary,No,1331,Yes,No,Cellular,29,1900-07-01,213,2,-1,0,Unknown,No
60,Unknown,Married,Unknown,No,7337,No,No,Cellular,4,1900-08-01,122,1,-1,0,Unknown,No
39,Management,Single,Secondary,No,835,Yes,No,Unknown,29,1900-05-01,587,4,-1,0,Unknown,No
58,Retired,Married,Primary,No,5092,No,No,Unknown,11,1900-06-01,199,6,-1,0,Unknown,No
41,Technician,Divorced,Secondary,No,52,No,No,Cellular,20,1900-08-01,261,2,-1,0,Unknown,No
48,Technician,Married,Secondary,No,10655,No,No,Telephone,31,1900-07-01,5,3,-1,0,Unknown,No
58,Management,Married,Tertiary,No,1831,No,No,Cellular,17,1900-11-01,1531,1,-1,0,Unknown,No
40,Self-Employed,Married,Primary,No,92,Yes,No,Unknown,13,1900-05-01,92,1,-1,0,Unknown,No
48,Management,Married,Tertiary,No,586,Yes,Yes,Cellular,6,1900-05-01,179,2,-1,0,Unknown,No
52,Blue-Collar,Divorced,Primary,No,1758,Yes,No,Unknown,15,1900-05-01,41,1,-1,0,Unknown,No
50,Self-Employed,Married,Secondary,No,2061,Yes,Yes,Cellular,29,1900-01-01,197,2,244,3,Failure,No
25,Technician,Single,Secondary,No,959,No,No,Cellular,9,1900-07-01,144,5,-1,0,Unknown,No
54,Retired,Married,Primary,No,208,No,No,Unknown,12,1900-05-01,255,1,-1,0,Unknown,No
34,Services,Married,Secondary,No,-315,Yes,No,Unknown,8,1900-05-01,56,2,-1,0,Unknown,No
48,Management,Married,Tertiary,Yes,-13,Yes,No,Cellular,15,1900-05-01,20,6,291,2,Other,No
37,Admin.,Married,Tertiary,No,801,No,No,Cellular,11,1900-08-01,331,7,-1,0,Unknown,No
66,Retired,Married,Tertiary,No,1948,No,No,Cellular,28,1900-01-01,216,1,91,4,Success,Yes
32,Management,Single,Tertiary,No,751,Yes,No,Unknown,8,1900-05-01,64,1,-1,0,Unknown,No
45,Blue-Collar,Married,Secondary,No,784,Yes,Yes,Unknown,3,1900-06-01,34,1,-1,0,Unknown,No
43,Blue-Collar,Single,Secondary,No,24,No,No,Cellular,12,1900-05-01,68,1,363,1,Failure,No
41,Management,Married,Tertiary,No,72,Yes,No,Unknown,7,1900-05-01,764,3,-1,0,Unknown,No
40,Technician,Divorced,Tertiary,No,1871,Yes,No,Cellular,17,1900-11-01,64,1,-1,0,Unknown,No
44,Services,Single,Secondary,No,1378,Yes,No,Unknown,8,1900-05-01,257,2,-1,0,Unknown,No
43,Blue-Collar,Married,Primary,No,188,Yes,No,Cellular,12,1900-05-01,58,3,347,5,Failure,No
30,Unknown,Single,Tertiary,No,6836,No,No,Cellular,27,1900-02-01,30,3,-1,0,Unknown,No
32,Services,Married,Secondary,No,61,Yes,No,Cellular,8,1900-07-01,529,5,-1,0,Unknown,No
57,Admin.,Married,Secondary,No,-967,Yes,No,Telephone,15,1900-05-01,8,7,-1,0,Unknown,No
31,Blue-Collar,Single,Tertiary,No,462,Yes,Yes,Unknown,19,1900-05-01,147,1,-1,0,Unknown,No
49,Unknown,Married,Secondary,No,0,No,No,Cellular,28,1900-08-01,173,2,-1,0,Unknown,No
31,Admin.,Single,Secondary,No,5527,Yes,No,Unknown,21,1900-05-01,132,1,-1,0,Unknown,No
41,Admin.,Married,Tertiary,No,1287,No,No,Unknown,16,1900-06-01,286,1,-1,0,Unknown,No
44,Management,Married,Tertiary,No,17361,No,No,Unknown,18,1900-06-01,476,1,-1,0,Unknown,No
54,Entrepreneur,Married,Unknown,No,1956,No,No,Cellular,19,1900-11-01,221,5,-1,0,Unknown,No
37,Blue-Collar,Divorced,Secondary,No,0,Yes,No,Cellular,21,1900-04-01,146,4,-1,0,Unknown,Yes
34,Management,Married,Secondary,No,-294,Yes,No,Unknown,27,1900-05-01,532,2,-1,0,Unknown,No
43,Technician,Married,Secondary,No,275,No,No,Cellular,25,1900-08-01,69,6,-1,0,Unknown,No
44,Management,Married,Tertiary,No,724,Yes,No,Cellular,17,1900-11-01,157,2,172,1,Failure,No
44,Services,Married,Secondary,No,27,No,No,Cellular,25,1900-05-01,485,1,-1,0,Unknown,No
53,Admin.,Divorced,Secondary,No,26,Yes,No,Cellular,7,1900-05-01,56,1,359,1,Failure,No
36,Technician,Married,Secondary,No,191,No,No,Cellular,31,1900-08-01,69,1,-1,0,Unknown,No
58,Technician,Divorced,Secondary,No,-123,No,No,Cellular,5,1900-08-01,131,2,-1,0,Unknown,No
26,Student,Single,Secondary,No,-147,No,No,Unknown,4,1900-06-01,95,2,-1,0,Unknown,No
34,Technician,Single,Secondary,No,179,No,No,Cellular,19,1900-08-01,294,3,-1,0,Unknown,No
55,Blue-Collar,Married,Primary,No,1086,Yes,No,Cellular,6,1900-05-01,146,1,272,2,Failure,No
55,Blue-Collar,Married,Secondary,No,471,Yes,No,Unknown,30,1900-05-01,58,2,-1,0,Unknown,No
34,Entrepreneur,Married,Tertiary,No,105,Yes,No,Unknown,28,1900-05-01,249,2,-1,0,Unknown,No
41,Entrepreneur,Divorced,Secondary,No,1588,Yes,Yes,Unknown,20,1900-06-01,10,8,-1,0,Unknown,No
38,Housemaid,Divorced,Secondary,No,70,No,No,Cellular,27,1900-10-01,255,3,148,1,Success,Yes
28,Blue-Collar,Single,Secondary,No,2700,No,No,Cellular,3,1900-02-01,337,4,-1,0,Unknown,No
41,Technician,Married,Secondary,No,1602,Yes,No,Cellular,2,1900-06-01,142,1,-1,0,Unknown,No
30,Admin.,Married,Tertiary,No,0,Yes,No,Cellular,24,1900-07-01,209,2,-1,0,Unknown,No
39,Technician,Married,Unknown,No,839,No,No,Unknown,30,1900-05-01,825,2,-1,0,Unknown,No
41,Admin.,Married,Secondary,No,21515,Yes,No,Unknown,5,1900-06-01,87,1,-1,0,Unknown,No
36,Technician,Married,Secondary,No,5902,Yes,No,Unknown,23,1900-05-01,219,4,-1,0,Unknown,No
37,Management,Married,Tertiary,No,547,Yes,Yes,Unknown,21,1900-05-01,143,1,-1,0,Unknown,No
59,Self-Employed,Married,Tertiary,No,3800,No,Yes,Cellular,9,1900-07-01,70,1,-1,0,Unknown,No
26,Technician,Single,Secondary,No,261,Yes,No,Unknown,27,1900-05-01,371,2,-1,0,Unknown,No
43,Technician,Married,Secondary,No,0,Yes,Yes,Cellular,4,1900-02-01,539,8,204,5,Failure,No
42,Management,Married,Secondary,Yes,-34,No,No,Cellular,5,1900-02-01,176,1,-1,0,Unknown,No
46,Blue-Collar,Married,Unknown,No,9328,Yes,No,Cellular,5,1900-05-01,725,3,-1,0,Unknown,Yes
31,Admin.,Married,Secondary,No,5,Yes,Yes,Cellular,16,1900-07-01,101,7,-1,0,Unknown,No
43,Unemployed,Married,Secondary,No,3529,No,No,Cellular,5,1900-02-01,169,2,-1,0,Unknown,No
48,Blue-Collar,Single,Tertiary,No,2330,Yes,No,Unknown,4,1900-06-01,15,1,-1,0,Unknown,No
41,Blue-Collar,Married,Secondary,No,1334,Yes,No,Cellular,20,1900-04-01,234,5,-1,0,Unknown,No
32,Self-Employed,Married,Tertiary,No,3601,No,No,Cellular,22,1900-08-01,171,15,-1,0,Unknown,No
45,Technician,Married,Tertiary,No,265,No,No,Cellular,28,1900-08-01,14,3,-1,0,Unknown,No
52,Admin.,Single,Unknown,No,2227,No,No,Cellular,24,1900-02-01,242,2,-1,0,Unknown,Yes
37,Self-Employed,Married,Secondary,No,487,No,Yes,Cellular,27,1900-08-01,155,15,-1,0,Unknown,No
38,Blue-Collar,Divorced,Secondary,No,0,Yes,No,Cellular,11,1900-05-01,580,1,173,1,Failure,No
36,Services,Single,Secondary,No,174,Yes,No,Unknown,7,1900-05-01,223,2,-1,0,Unknown,No
58,Retired,Married,Secondary,No,14412,No,No,Cellular,18,1900-11-01,297,1,-1,0,Unknown,No
37,Management,Married,Tertiary,No,3288,No,No,Cellular,8,1900-08-01,124,2,-1,0,Unknown,No
30,Technician,Single,Secondary,No,57,No,No,Cellular,2,1900-02-01,465,2,-1,0,Unknown,No
47,Technician,Married,Secondary,No,2246,Yes,No,Cellular,10,1900-07-01,330,1,-1,0,Unknown,No
40,Technician,Married,Secondary,No,4441,Yes,No,Cellular,20,1900-11-01,153,2,183,2,Failure,No
42,Management,Divorced,Tertiary,No,0,No,No,Unknown,19,1900-05-01,131,2,-1,0,Unknown,No
71,Unknown,Married,Tertiary,No,353,No,No,Cellular,27,1900-01-01,208,1,93,2,Failure,No
54,Blue-Collar,Married,Secondary,No,448,Yes,Yes,Cellular,5,1900-08-01,98,1,-1,0,Unknown,No
53,Entrepreneur,Married,Primary,No,27,Yes,No,Telephone,10,1900-09-01,230,3,-1,0,Unknown,Yes
33,Blue-Collar,Divorced,Secondary,No,474,No,No,Cellular,22,1900-07-01,400,2,-1,0,Unknown,No
30,Technician,Single,Tertiary,No,1185,Yes,No,Cellular,30,1900-04-01,284,1,339,1,Failure,No
39,Services,Divorced,Secondary,No,282,Yes,No,Cellular,17,1900-07-01,243,1,-1,0,Unknown,No
32,Blue-Collar,Married,Secondary,No,2,Yes,No,Cellular,15,1900-05-01,16,9,309,1,Failure,No
34,Technician,Single,Secondary,No,60,No,No,Cellular,7,1900-08-01,274,2,-1,0,Unknown,No
39,Self-Employed,Single,Tertiary,No,3972,No,No,Cellular,30,1900-07-01,122,3,-1,0,Unknown,No
75,Retired,Married,Secondary,No,26452,No,No,Telephone,15,1900-07-01,219,2,-1,0,Unknown,No
33,Admin.,Divorced,Secondary,No,818,Yes,Yes,Cellular,16,1900-04-01,301,3,-1,0,Unknown,No
40,Services,Married,Secondary,No,9374,Yes,No,Cellular,21,1900-11-01,7,8,185,1,Failure,No
37,Technician,Married,Unknown,No,47,No,No,Unknown,19,1900-06-01,374,3,-1,0,Unknown,No
69,Retired,Married,Primary,No,279,No,No,Telephone,12,1900-08-01,26,1,-1,0,Unknown,No
52,Unemployed,Married,Primary,No,20,Yes,No,Telephone,28,1900-01-01,172,1,-1,0,Unknown,No
31,Admin.,Divorced,Secondary,No,360,No,No,Cellular,15,1900-05-01,332,1,297,2,Other,No
28,Technician,Single,Secondary,No,1532,No,No,Cellular,22,1900-05-01,253,1,107,5,Failure,No
29,Management,Single,Tertiary,No,1673,No,No,Cellular,16,1900-08-01,200,2,159,3,Other,No
46,Services,Married,Secondary,No,2420,No,No,Cellular,19,1900-11-01,405,2,-1,0,Unknown,No
28,Blue-Collar,Married,Secondary,No,100,Yes,Yes,Unknown,27,1900-05-01,132,2,-1,0,Unknown,No
41,Admin.,Married,Secondary,No,0,No,No,Unknown,20,1900-06-01,89,1,-1,0,Unknown,No
42,Technician,Divorced,Secondary,No,1533,No,Yes,Cellular,5,1900-08-01,86,1,-1,0,Unknown,No
34,Admin.,Single,Secondary,No,296,No,No,Cellular,7,1900-07-01,147,4,-1,0,Unknown,No
28,Blue-Collar,Married,Secondary,No,2788,Yes,No,Unknown,6,1900-06-01,369,2,-1,0,Unknown,Yes
43,Management,Single,Secondary,No,109,Yes,No,Unknown,27,1900-05-01,64,3,-1,0,Unknown,No
32,Technician,Married,Secondary,No,485,No,No,Cellular,26,1900-08-01,98,14,-1,0,Unknown,No
33,Technician,Single,Tertiary,No,125,No,No,Telephone,29,1900-08-01,66,2,-1,0,Unknown,No
70,Retired,Married,Secondary,No,616,No,No,Cellular,27,1900-04-01,149,2,182,1,Failure,No
36,Services,Married,Secondary,No,3064,Yes,No,Telephone,26,1900-08-01,240,3,107,4,Failure,No
53,Technician,Married,Secondary,No,206,No,No,Cellular,26,1900-08-01,87,6,-1,0,Unknown,No
30,Blue-Collar,Single,Secondary,No,6900,No,No,Cellular,21,1900-11-01,816,1,-1,0,Unknown,No
45,Services,Divorced,Secondary,No,-179,No,No,Unknown,3,1900-07-01,155,2,-1,0,Unknown,No
31,Services,Single,Secondary,No,481,Yes,No,Cellular,20,1900-11-01,106,2,183,2,Failure,No
28,Admin.,Married,Secondary,No,12,Yes,No,Cellular,30,1900-01-01,73,3,256,3,Other,No
45,Blue-Collar,Married,Primary,No,0,No,No,Unknown,23,1900-05-01,574,5,-1,0,Unknown,No
51,Management,Married,Tertiary,No,176,Yes,Yes,Unknown,1,1900-06-01,8,1,687,2,Failure,No
53,Management,Married,Primary,No,4086,No,No,Unknown,20,1900-06-01,14,3,-1,0,Unknown,No
40,Technician,Married,Secondary,No,257,Yes,No,Unknown,16,1900-05-01,731,4,-1,0,Unknown,No
53,Blue-Collar,Married,Primary,No,53,Yes,No,Cellular,7,1900-04-01,208,1,140,1,Failure,No
31,Blue-Collar,Divorced,Secondary,No,6,Yes,No,Cellular,29,1900-01-01,821,1,-1,0,Unknown,No
30,Management,Married,Tertiary,No,562,No,No,Cellular,21,1900-08-01,137,4,-1,0,Unknown,No
53,Entrepreneur,Married,Secondary,No,-118,Yes,No,Unknown,9,1900-05-01,101,3,-1,0,Unknown,No
40,Blue-Collar,Married,Primary,No,2805,Yes,No,Cellular,14,1900-05-01,173,6,353,23,Failure,No
26,Management,Single,Secondary,No,565,Yes,No,Unknown,6,1900-06-01,582,11,-1,0,Unknown,No
47,Blue-Collar,Married,Secondary,No,0,Yes,No,Cellular,21,1900-07-01,676,1,-1,0,Unknown,No
51,Management,Married,Tertiary,No,1612,No,No,Cellular,16,1900-03-01,384,1,182,5,Failure,No
45,Unemployed,Married,Primary,No,180,Yes,Yes,Unknown,27,1900-05-01,62,2,-1,0,Unknown,No
35,Management,Married,Tertiary,No,0,Yes,No,Cellular,21,1900-07-01,295,3,-1,0,Unknown,No
36,Management,Single,Tertiary,No,876,Yes,No,Unknown,23,1900-05-01,241,2,-1,0,Unknown,No
57,Admin.,Married,Secondary,No,2137,No,No,Telephone,8,1900-07-01,132,7,-1,0,Unknown,No
42,Blue-Collar,Married,Primary,No,260,Yes,No,Telephone,31,1900-07-01,175,2,-1,0,Unknown,No
32,Blue-Collar,Married,Secondary,Yes,-53,Yes,No,Cellular,16,1900-04-01,648,1,272,1,Other,Yes
30,Management,Married,Tertiary,No,944,No,No,Cellular,29,1900-10-01,251,2,-1,0,Unknown,Yes
36,Technician,Married,Secondary,No,2394,No,No,Cellular,14,1900-08-01,184,2,-1,0,Unknown,No
43,Technician,Married,Secondary,No,297,Yes,No,Cellular,14,1900-10-01,119,3,-1,0,Unknown,No
69,Retired,Single,Tertiary,No,2144,No,No,Cellular,29,1900-07-01,417,1,184,4,Success,Yes
31,Technician,Single,Tertiary,No,969,No,No,Cellular,15,1900-06-01,95,1,-1,0,Unknown,No
35,Technician,Married,Secondary,No,0,No,No,Cellular,14,1900-07-01,125,2,-1,0,Unknown,No
26,Entrepreneur,Married,Tertiary,No,37,Yes,Yes,Cellular,6,1900-05-01,207,1,363,2,Failure,No
46,Technician,Married,Secondary,No,410,No,Yes,Cellular,21,1900-11-01,162,5,-1,0,Unknown,No
30,Technician,Married,Secondary,No,1211,Yes,No,Cellular,18,1900-05-01,176,1,-1,0,Unknown,No
33,Management,Single,Tertiary,No,71,No,No,Cellular,22,1900-08-01,107,6,-1,0,Unknown,No
34,Management,Married,Tertiary,No,436,Yes,No,Cellular,17,1900-04-01,28,1,345,1,Failure,No
48,Blue-Collar,Married,Primary,No,559,Yes,No,Unknown,15,1900-05-01,1231,2,-1,0,Unknown,No
31,Management,Married,Tertiary,No,1170,No,No,Cellular,20,1900-08-01,200,4,-1,0,Unknown,No
46,Management,Divorced,Tertiary,No,25,No,No,Unknown,26,1900-05-01,103,2,-1,0,Unknown,No
40,Services,Married,Secondary,No,1325,No,No,Unknown,11,1900-06-01,150,2,-1,0,Unknown,No
39,Entrepreneur,Married,Secondary,No,0,No,No,Cellular,21,1900-11-01,108,7,-1,0,Unknown,No
33,Technician,Single,Secondary,No,647,Yes,Yes,Cellular,4,1900-02-01,124,1,273,1,Other,No
50,Blue-Collar,Married,Primary,No,2142,Yes,No,Cellular,29,1900-01-01,309,2,224,1,Other,No
84,Retired,Divorced,Primary,No,639,No,No,Telephone,18,1900-05-01,353,3,-1,0,Unknown,Yes
40,Blue-Collar,Married,Primary,No,177,Yes,Yes,Telephone,21,1900-07-01,742,4,-1,0,Unknown,No
55,Management,Married,Tertiary,No,236,No,No,Cellular,4,1900-08-01,200,1,-1,0,Unknown,No
40,Services,Divorced,Secondary,No,1959,Yes,No,Unknown,30,1900-05-01,177,1,-1,0,Unknown,No
46,Admin.,Married,Primary,No,96,No,No,Telephone,4,1900-02-01,151,2,-1,0,Unknown,No
43,Self-Employed,Single,Tertiary,No,0,No,No,Unknown,19,1900-06-01,147,1,-1,0,Unknown,No
34,Blue-Collar,Married,Secondary,No,250,Yes,No,Unknown,29,1900-05-01,193,6,-1,0,Unknown,No
35,Technician,Single,Secondary,No,126,No,No,Cellular,22,1900-08-01,112,2,-1,0,Unknown,No
57,Retired,Married,Unknown,No,1621,Yes,No,Unknown,19,1900-06-01,108,1,-1,0,Unknown,No
25,Student,Single,Secondary,No,8,No,No,Cellular,22,1900-04-01,107,2,-1,0,Unknown,Yes
32,Self-Employed,Married,Tertiary,No,189,Yes,No,Unknown,6,1900-06-01,106,2,-1,0,Unknown,No
52,Retired,Single,Secondary,No,316,No,No,Cellular,12,1900-05-01,463,3,-1,0,Unknown,No
31,Self-Employed,Single,Tertiary,Yes,-282,Yes,No,Cellular,20,1900-11-01,131,3,-1,0,Unknown,No
34,Management,Married,Tertiary,No,-308,Yes,No,Cellular,30,1900-04-01,140,2,-1,0,Unknown,No
42,Technician,Divorced,Secondary,No,248,No,No,Cellular,19,1900-08-01,163,4,-1,0,Unknown,No
47,Blue-Collar,Divorced,Primary,No,126,Yes,No,Unknown,3,1900-06-01,2456,2,-1,0,Unknown,Yes
50,Self-Employed,Divorced,Tertiary,No,13,Yes,No,Cellular,20,1900-04-01,76,1,-1,0,Unknown,Yes
30,Technician,Married,Secondary,No,-393,Yes,Yes,Cellular,16,1900-07-01,435,1,-1,0,Unknown,Yes
33,Services,Single,Secondary,No,358,Yes,No,Cellular,7,1900-05-01,302,1,356,3,Failure,No
56,Technician,Single,Tertiary,No,917,No,No,Unknown,9,1900-06-01,306,1,-1,0,Unknown,No
34,Admin.,Divorced,Secondary,No,1268,Yes,No,Cellular,15,1900-05-01,259,3,-1,0,Unknown,No
33,Technician,Married,Secondary,No,-163,Yes,Yes,Cellular,8,1900-08-01,502,2,-1,0,Unknown,No
32,Management,Single,Tertiary,No,473,Yes,No,Cellular,11,1900-05-01,72,2,361,1,Other,No
34,Management,Married,Tertiary,No,4831,Yes,No,Cellular,4,1900-02-01,265,1,-1,0,Unknown,No
37,Technician,Married,Secondary,No,1063,Yes,No,Cellular,31,1900-07-01,413,2,-1,0,Unknown,No
30,Management,Married,Secondary,No,0,Yes,No,Cellular,12,1900-05-01,756,3,-1,0,Unknown,No
29,Blue-Collar,Married,Secondary,No,424,Yes,Yes,Unknown,14,1900-05-01,241,2,-1,0,Unknown,No
56,Unemployed,Divorced,Primary,No,802,No,No,Telephone,3,1900-02-01,258,2,-1,0,Unknown,No
31,Management,Married,Tertiary,No,430,Yes,No,Cellular,25,1900-07-01,137,16,-1,0,Unknown,No
59,Unknown,Married,Unknown,No,3940,No,No,Unknown,5,1900-06-01,48,2,-1,0,Unknown,No
36,Housemaid,Married,Secondary,No,2880,No,No,Unknown,12,1900-06-01,283,1,-1,0,Unknown,No
51,Blue-Collar,Divorced,Secondary,No,1069,Yes,No,Unknown,30,1900-05-01,247,2,-1,0,Unknown,No
54,Self-Employed,Divorced,Primary,No,4382,Yes,No,Telephone,18,1900-05-01,193,4,-1,0,Unknown,No
37,Management,Married,Tertiary,No,0,No,No,Cellular,11,1900-03-01,129,4,107,2,Failure,No
32,Technician,Married,Tertiary,No,3939,No,No,Cellular,8,1900-08-01,209,2,-1,0,Unknown,No
42,Self-Employed,Married,Tertiary,No,753,No,No,Unknown,17,1900-06-01,31,1,-1,0,Unknown,No
29,Blue-Collar,Married,Secondary,No,358,No,No,Cellular,21,1900-07-01,88,5,-1,0,Unknown,No
52,Blue-Collar,Married,Primary,No,1141,Yes,No,Cellular,12,1900-05-01,22,5,-1,0,Unknown,No
40,Technician,Married,Secondary,No,1259,No,No,Unknown,20,1900-05-01,234,5,-1,0,Unknown,No
30,Services,Married,Secondary,No,227,No,Yes,Unknown,3,1900-06-01,23,1,-1,0,Unknown,No
55,Entrepreneur,Divorced,Secondary,No,538,Yes,No,Cellular,7,1900-08-01,353,2,-1,0,Unknown,Yes
49,Management,Married,Tertiary,No,92,Yes,No,Unknown,6,1900-05-01,221,2,-1,0,Unknown,No
33,Technician,Married,Tertiary,No,8023,No,No,Cellular,25,1900-02-01,196,1,87,4,Failure,No
32,Services,Single,Secondary,No,2478,No,Yes,Cellular,20,1900-11-01,395,1,-1,0,Unknown,No
21,Student,Single,Secondary,No,6844,No,No,Cellular,14,1900-08-01,126,3,127,7,Other,No
42,Technician,Married,Secondary,No,440,Yes,No,Cellular,3,1900-02-01,13,5,-1,0,Unknown,No
56,Self-Employed,Married,Secondary,No,800,No,Yes,Cellular,9,1900-07-01,170,1,-1,0,Unknown,No
39,Unknown,Single,Secondary,No,914,No,No,Unknown,5,1900-06-01,20,1,-1,0,Unknown,No
30,Entrepreneur,Single,Secondary,No,638,No,No,Cellular,14,1900-07-01,358,6,-1,0,Unknown,No
55,Retired,Married,Secondary,No,159,No,No,Cellular,28,1900-08-01,159,1,-1,0,Unknown,No
43,Blue-Collar,Married,Primary,No,483,Yes,No,Cellular,12,1900-05-01,225,3,-1,0,Unknown,No
53,Unemployed,Married,Secondary,No,94,No,No,Cellular,10,1900-08-01,493,1,181,14,Success,Yes
57,Retired,Married,Secondary,No,1044,No,No,Telephone,11,1900-01-01,585,1,192,2,Success,Yes
39,Self-Employed,Single,Unknown,No,0,No,No,Unknown,20,1900-06-01,13,11,-1,0,Unknown,No
56,Technician,Divorced,Tertiary,No,401,Yes,No,Telephone,20,1900-11-01,26,1,-1,0,Unknown,No
29,Services,Single,Unknown,No,33,No,No,Unknown,1,1900-07-01,161,1,-1,0,Unknown,No
38,Blue-Collar,Married,Primary,No,506,Yes,Yes,Unknown,12,1900-06-01,122,1,-1,0,Unknown,No
59,Management,Married,Tertiary,No,1881,No,No,Cellular,19,1900-11-01,456,2,-1,0,Unknown,No
42,Technician,Single,Unknown,No,344,Yes,No,Unknown,3,1900-06-01,26,7,-1,0,Unknown,No
46,Blue-Collar,Married,Primary,No,0,Yes,No,Unknown,12,1900-05-01,51,9,-1,0,Unknown,No
31,Admin.,Married,Secondary,No,3,Yes,No,Cellular,28,1900-07-01,37,12,-1,0,Unknown,No
35,Services,Divorced,Secondary,No,221,Yes,No,Cellular,14,1900-05-01,150,1,360,1,Failure,No
50,Self-Employed,Married,Secondary,No,36,No,No,Cellular,13,1900-08-01,104,10,-1,0,Unknown,No
42,Blue-Collar,Married,Primary,No,969,Yes,No,Cellular,13,1900-05-01,721,1,-1,0,Unknown,No
36,Services,Single,Secondary,No,760,No,No,Unknown,20,1900-06-01,9,13,-1,0,Unknown,No
25,Admin.,Single,Tertiary,No,220,No,No,Cellular,26,1900-05-01,68,1,-1,0,Unknown,No
42,Management,Single,Tertiary,No,10907,No,No,Cellular,4,1900-05-01,74,3,-1,0,Unknown,No
27,Student,Single,Tertiary,No,-148,Yes,No,Cellular,11,1900-09-01,146,3,224,1,Other,No
32,Blue-Collar,Married,Primary,No,415,Yes,No,Unknown,2,1900-06-01,777,4,-1,0,Unknown,Yes
57,Management,Married,Tertiary,No,1341,Yes,No,Unknown,8,1900-05-01,339,2,-1,0,Unknown,No
48,Blue-Collar,Married,Secondary,No,865,Yes,No,Cellular,13,1900-05-01,78,2,-1,0,Unknown,No
34,Blue-Collar,Divorced,Secondary,No,-566,Yes,No,Unknown,26,1900-05-01,248,2,-1,0,Unknown,No
33,Services,Married,Secondary,No,210,Yes,Yes,Unknown,20,1900-05-01,201,1,-1,0,Unknown,No
26,Technician,Single,Secondary,No,1275,Yes,No,Unknown,20,1900-06-01,18,9,-1,0,Unknown,No
50,Blue-Collar,Married,Secondary,No,579,No,No,Cellular,26,1900-08-01,83,4,-1,0,Unknown,No
60,Technician,Single,Tertiary,No,2934,No,No,Cellular,8,1900-08-01,233,2,-1,0,Unknown,No
47,Management,Married,Tertiary,No,6637,Yes,No,Cellular,17,1900-04-01,174,2,-1,0,Unknown,No
31,Management,Married,Tertiary,No,271,No,No,Cellular,18,1900-11-01,89,1,-1,0,Unknown,No
52,Technician,Married,Tertiary,No,0,No,No,Cellular,9,1900-08-01,145,3,94,4,Success,No
36,Services,Married,Secondary,No,472,Yes,No,Unknown,19,1900-06-01,1017,1,-1,0,Unknown,No
43,Blue-Collar,Married,Primary,No,487,Yes,No,Unknown,7,1900-05-01,548,2,-1,0,Unknown,No
30,Technician,Single,Tertiary,No,699,Yes,No,Cellular,11,1900-08-01,213,4,-1,0,Unknown,No
32,Blue-Collar,Married,Secondary,No,150,No,No,Cellular,5,1900-02-01,210,1,-1,0,Unknown,No
31,Management,Single,Tertiary,No,1130,Yes,No,Cellular,17,1900-04-01,224,3,74,4,Failure,No
29,Management,Single,Secondary,No,584,Yes,No,Unknown,16,1900-06-01,541,19,-1,0,Unknown,No
48,Services,Divorced,Secondary,No,3186,No,Yes,Cellular,9,1900-04-01,104,1,-1,0,Unknown,No
32,Services,Single,Secondary,No,133,No,No,Cellular,15,1900-04-01,171,1,-1,0,Unknown,Yes
30,Housemaid,Single,Tertiary,No,868,No,No,Cellular,7,1900-08-01,387,2,-1,0,Unknown,No
48,Blue-Collar,Married,Secondary,No,480,Yes,No,Cellular,15,1900-05-01,830,1,352,2,Failure,Yes
51,Blue-Collar,Married,Unknown,No,1883,Yes,No,Unknown,5,1900-05-01,57,1,-1,0,Unknown,No
34,Management,Married,Tertiary,No,606,No,No,Cellular,20,1900-04-01,97,1,-1,0,Unknown,Yes
35,Blue-Collar,Married,Secondary,No,603,Yes,No,Cellular,17,1900-04-01,474,2,-1,0,Unknown,No
49,Management,Single,Primary,No,548,No,No,Telephone,31,1900-07-01,115,6,-1,0,Unknown,No
36,Unemployed,Married,Secondary,No,-872,Yes,Yes,Cellular,20,1900-11-01,153,1,183,1,Failure,No
37,Blue-Collar,Divorced,Secondary,No,33,Yes,No,Cellular,20,1900-11-01,106,2,167,1,Failure,No
37,Management,Married,Tertiary,No,1689,Yes,No,Unknown,29,1900-05-01,645,2,-1,0,Unknown,No
49,Blue-Collar,Married,Primary,No,902,No,No,Unknown,9,1900-06-01,210,2,-1,0,Unknown,No
44,Services,Divorced,Secondary,No,0,Yes,Yes,Unknown,13,1900-05-01,97,1,-1,0,Unknown,No
40,Student,Married,Secondary,No,260,No,No,Cellular,19,1900-11-01,52,1,152,6,Failure,No
57,Technician,Married,Secondary,No,589,Yes,No,Cellular,2,1900-02-01,223,1,76,4,Failure,No
39,Technician,Married,Secondary,No,626,Yes,No,Cellular,11,1900-05-01,126,2,-1,0,Unknown,No
38,Services,Married,Secondary,No,0,No,Yes,Cellular,16,1900-07-01,1473,6,-1,0,Unknown,No
51,Blue-Collar,Divorced,Secondary,No,78,Yes,No,Unknown,27,1900-05-01,723,2,-1,0,Unknown,No
27,Blue-Collar,Single,Secondary,No,3792,No,No,Cellular,22,1900-04-01,279,2,-1,0,Unknown,Yes
38,Blue-Collar,Single,Tertiary,No,14058,No,No,Telephone,17,1900-07-01,293,20,-1,0,Unknown,No
30,Technician,Single,Secondary,No,-522,Yes,Yes,Cellular,5,1900-05-01,670,2,286,6,Failure,Yes
36,Student,Single,Unknown,No,386,No,No,Unknown,18,1900-06-01,359,2,-1,0,Unknown,No
37,Unemployed,Married,Secondary,No,1978,No,No,Cellular,9,1900-09-01,404,1,182,1,Success,Yes
53,Admin.,Married,Secondary,No,459,No,No,Cellular,14,1900-10-01,317,6,192,1,Success,No
38,Unemployed,Married,Tertiary,No,2812,Yes,No,Cellular,30,1900-04-01,830,1,-1,0,Unknown,Yes
48,Management,Married,Tertiary,No,5057,No,Yes,Cellular,19,1900-11-01,37,1,-1,0,Unknown,No
26,Housemaid,Married,Secondary,No,-759,Yes,No,Cellular,11,1900-07-01,191,1,-1,0,Unknown,No
33,Blue-Collar,Single,Secondary,No,-416,Yes,No,Unknown,16,1900-05-01,767,2,-1,0,Unknown,Yes
47,Technician,Married,Unknown,No,2106,Yes,No,Unknown,6,1900-05-01,168,1,-1,0,Unknown,No
45,Management,Divorced,Tertiary,No,220,Yes,No,Unknown,18,1900-06-01,89,4,-1,0,Unknown,No
32,Blue-Collar,Divorced,Secondary,No,0,Yes,No,Unknown,2,1900-06-01,746,2,-1,0,Unknown,No
69,Retired,Married,Unknown,No,426,No,No,Telephone,9,1900-03-01,225,1,90,1,Success,Yes
65,Unknown,Married,Unknown,No,4717,No,No,Telephone,6,1900-08-01,256,1,-1,0,Unknown,Yes
37,Blue-Collar,Married,Secondary,No,395,Yes,No,Unknown,6,1900-05-01,219,2,-1,0,Unknown,No
45,Blue-Collar,Divorced,Primary,No,0,Yes,No,Cellular,21,1900-07-01,211,2,-1,0,Unknown,No
36,Blue-Collar,Married,Secondary,No,-206,Yes,No,Unknown,8,1900-05-01,177,2,-1,0,Unknown,No
62,Self-Employed,Divorced,Tertiary,No,6,Yes,No,Cellular,13,1900-10-01,216,1,183,4,Success,Yes
37,Management,Married,Tertiary,No,4039,No,Yes,Cellular,25,1900-07-01,106,2,-1,0,Unknown,No
39,Services,Divorced,Secondary,No,687,Yes,No,Cellular,9,1900-07-01,869,1,-1,0,Unknown,Yes
38,Technician,Single,Secondary,No,-242,Yes,No,Cellular,18,1900-05-01,1173,3,278,6,Success,Yes
31,Management,Married,Tertiary,No,582,Yes,No,Cellular,15,1900-07-01,58,2,-1,0,Unknown,No
58,Blue-Collar,Divorced,Primary,No,8218,Yes,No,Cellular,31,1900-07-01,124,10,-1,0,Unknown,No
44,Management,Single,Tertiary,No,1424,Yes,No,Cellular,8,1900-08-01,201,2,-1,0,Unknown,No
31,Blue-Collar,Married,Secondary,No,92,Yes,No,Unknown,16,1900-05-01,688,1,-1,0,Unknown,Yes
33,Technician,Single,Secondary,No,2085,No,No,Cellular,9,1900-02-01,501,2,-1,0,Unknown,Yes
36,Technician,Single,Tertiary,No,197,No,No,Cellular,30,1900-04-01,260,1,-1,0,Unknown,Yes
31,Technician,Single,Secondary,No,2305,No,No,Cellular,4,1900-08-01,139,1,-1,0,Unknown,No
45,Admin.,Married,Secondary,No,-547,Yes,No,Unknown,3,1900-06-01,214,2,-1,0,Unknown,No
30,Technician,Single,Tertiary,No,411,No,No,Cellular,21,1900-04-01,142,1,-1,0,Unknown,No
34,Blue-Collar,Married,Secondary,No,584,Yes,No,Cellular,18,1900-07-01,154,2,-1,0,Unknown,No
34,Management,Married,Tertiary,No,997,Yes,Yes,Cellular,21,1900-11-01,81,1,-1,0,Unknown,No
39,Admin.,Divorced,Secondary,No,83,Yes,No,Cellular,30,1900-07-01,69,6,-1,0,Unknown,No
41,Management,Married,Tertiary,No,6563,No,No,Cellular,27,1900-08-01,136,8,-1,0,Unknown,No
32,Services,Single,Secondary,No,0,Yes,No,Cellular,31,1900-07-01,99,13,-1,0,Unknown,No
32,Management,Single,Tertiary,No,0,No,No,Cellular,21,1900-11-01,9,6,-1,0,Unknown,No
36,Blue-Collar,Married,Primary,No,398,Yes,No,Unknown,12,1900-06-01,278,1,-1,0,Unknown,No
35,Admin.,Married,Tertiary,No,1145,Yes,No,Cellular,2,1900-02-01,82,2,-1,0,Unknown,No
32,Management,Single,Tertiary,No,2,Yes,No,Cellular,11,1900-09-01,100,2,-1,0,Unknown,Yes
33,Management,Single,Tertiary,No,201,Yes,No,Cellular,19,1900-11-01,171,1,183,1,Failure,No
49,Entrepreneur,Married,Primary,No,563,No,No,Unknown,19,1900-06-01,84,1,-1,0,Unknown,No
35,Management,Married,Tertiary,No,3161,No,No,Cellular,8,1900-08-01,433,2,-1,0,Unknown,No
31,Technician,Married,Secondary,No,0,No,Yes,Cellular,15,1900-07-01,624,6,-1,0,Unknown,No
42,Management,Married,Secondary,No,1331,No,No,Cellular,23,1900-07-01,698,2,-1,0,Unknown,No
34,Housemaid,Married,Primary,No,2929,No,No,Cellular,14,1900-08-01,518,2,-1,0,Unknown,Yes
32,Services,Married,Secondary,Yes,-220,Yes,Yes,Cellular,25,1900-07-01,123,2,-1,0,Unknown,No
29,Management,Single,Tertiary,No,5980,Yes,No,Unknown,28,1900-05-01,317,1,-1,0,Unknown,No
32,Services,Single,Secondary,No,48,Yes,No,Cellular,20,1900-04-01,8,3,-1,0,Unknown,No
50,Housemaid,Single,Unknown,No,0,No,No,Telephone,28,1900-07-01,118,8,-1,0,Unknown,No
58,Retired,Married,Secondary,No,3382,No,Yes,Cellular,28,1900-05-01,294,2,309,2,Failure,No
59,Technician,Married,Secondary,No,2308,No,No,Cellular,30,1900-04-01,815,1,87,1,Other,Yes
25,Student,Married,Tertiary,No,10,Yes,No,Cellular,21,1900-07-01,857,4,-1,0,Unknown,Yes
57,Services,Married,Secondary,No,162,Yes,No,Unknown,5,1900-05-01,174,1,-1,0,Unknown,No
30,Blue-Collar,Single,Secondary,No,1073,Yes,No,Cellular,5,1900-05-01,1130,4,-1,0,Unknown,No
26,Services,Single,Secondary,No,1700,Yes,No,Cellular,7,1900-05-01,13,5,-1,0,Unknown,No
50,Services,Single,Primary,No,148,Yes,No,Unknown,7,1900-05-01,198,2,-1,0,Unknown,No
39,Services,Married,Secondary,No,0,Yes,No,Cellular,8,1900-05-01,503,1,-1,0,Unknown,No
45,Blue-Collar,Married,Primary,No,185,Yes,No,Cellular,29,1900-01-01,249,3,-1,0,Unknown,No
37,Management,Divorced,Tertiary,No,896,No,Yes,Cellular,14,1900-08-01,343,2,-1,0,Unknown,No
47,Blue-Collar,Divorced,Primary,No,1279,Yes,No,Cellular,6,1900-02-01,479,2,-1,0,Unknown,No
50,Technician,Married,Tertiary,No,199,Yes,Yes,Cellular,3,1900-02-01,116,2,253,1,Failure,No
40,Management,Married,Secondary,No,99,No,No,Cellular,9,1900-02-01,15,5,-1,0,Unknown,No
35,Blue-Collar,Married,Primary,No,378,Yes,No,Unknown,16,1900-05-01,427,3,-1,0,Unknown,No
53,Management,Married,Tertiary,No,15,No,No,Cellular,20,1900-08-01,921,2,-1,0,Unknown,Yes
35,Admin.,Married,Secondary,No,147,Yes,Yes,Cellular,29,1900-01-01,41,1,184,7,Failure,No
54,Technician,Married,Secondary,No,2225,No,Yes,Cellular,13,1900-08-01,73,2,-1,0,Unknown,No
35,Admin.,Single,Secondary,No,1810,Yes,No,Cellular,25,1900-05-01,65,2,-1,0,Unknown,No
31,Housemaid,Married,Unknown,Yes,-6,No,Yes,Telephone,7,1900-07-01,94,2,-1,0,Unknown,No
46,Technician,Divorced,Secondary,No,435,Yes,No,Unknown,15,1900-05-01,192,3,-1,0,Unknown,No
52,Management,Married,Secondary,No,335,No,No,Cellular,21,1900-10-01,411,1,182,1,Failure,Yes
34,Admin.,Divorced,Secondary,No,-251,No,No,Cellular,18,1900-07-01,641,1,-1,0,Unknown,Yes
46,Services,Divorced,Secondary,No,5,Yes,Yes,Cellular,29,1900-01-01,305,2,-1,0,Unknown,No
54,Self-Employed,Married,Secondary,No,641,Yes,No,Cellular,17,1900-04-01,472,1,148,2,Failure,No
37,Admin.,Married,Tertiary,No,0,Yes,No,Cellular,21,1900-07-01,115,1,-1,0,Unknown,No
39,Admin.,Married,Tertiary,No,722,No,No,Telephone,23,1900-04-01,141,1,-1,0,Unknown,No
50,Technician,Married,Tertiary,No,3337,Yes,Yes,Telephone,31,1900-07-01,24,14,-1,0,Unknown,No
44,Technician,Divorced,Secondary,No,0,No,No,Cellular,28,1900-07-01,264,5,-1,0,Unknown,No
56,Admin.,Married,Secondary,No,1504,Yes,No,Unknown,29,1900-05-01,66,2,-1,0,Unknown,No
40,Services,Married,Tertiary,No,35,No,No,Cellular,3,1900-07-01,318,4,317,3,Failure,No
36,Services,Married,Secondary,No,895,Yes,Yes,Unknown,4,1900-06-01,622,1,-1,0,Unknown,No
33,Management,Married,Tertiary,No,752,Yes,No,Cellular,11,1900-08-01,104,4,-1,0,Unknown,No
33,Blue-Collar,Single,Secondary,No,1925,Yes,No,Cellular,2,1900-03-01,76,2,-1,0,Unknown,No
42,Services,Married,Secondary,No,-246,Yes,No,Unknown,7,1900-05-01,149,1,-1,0,Unknown,No
30,Self-Employed,Single,Tertiary,No,901,Yes,Yes,Unknown,16,1900-05-01,601,1,-1,0,Unknown,No
33,Admin.,Single,Secondary,No,894,No,No,Cellular,5,1900-02-01,509,2,-1,0,Unknown,No
26,Blue-Collar,Single,Secondary,No,592,Yes,Yes,Unknown,27,1900-05-01,174,1,-1,0,Unknown,No
26,Admin.,Single,Secondary,No,3529,No,Yes,Cellular,7,1900-09-01,57,2,-1,0,Unknown,No
37,Services,Married,Secondary,No,0,Yes,Yes,Cellular,31,1900-07-01,187,2,-1,0,Unknown,No
59,Retired,Married,Primary,No,0,No,No,Cellular,5,1900-06-01,493,2,-1,0,Unknown,Yes
49,Blue-Collar,Married,Primary,No,371,Yes,No,Cellular,31,1900-07-01,18,44,-1,0,Unknown,No
33,Blue-Collar,Single,Primary,No,1,Yes,No,Cellular,20,1900-04-01,257,1,-1,0,Unknown,No
46,Technician,Single,Secondary,No,834,Yes,No,Cellular,11,1900-07-01,196,2,-1,0,Unknown,No
55,Entrepreneur,Married,Primary,No,298,Yes,No,Unknown,8,1900-05-01,144,3,-1,0,Unknown,No
49,Services,Married,Tertiary,No,306,Yes,No,Cellular,18,1900-08-01,285,7,-1,0,Unknown,No
51,Technician,Married,Secondary,No,143,Yes,No,Unknown,16,1900-05-01,627,1,-1,0,Unknown,No
27,Admin.,Married,Secondary,No,186,Yes,No,Unknown,27,1900-05-01,136,2,-1,0,Unknown,No
44,Technician,Married,Secondary,No,5597,No,No,Unknown,20,1900-06-01,27,3,-1,0,Unknown,No
40,Services,Single,Secondary,No,1547,Yes,No,Cellular,12,1900-05-01,88,2,173,1,Success,No
36,Management,Married,Tertiary,No,1852,No,No,Unknown,8,1900-05-01,362,1,-1,0,Unknown,No
46,Admin.,Single,Secondary,No,1790,Yes,No,Unknown,5,1900-06-01,214,5,-1,0,Unknown,No
30,Services,Single,Secondary,No,20,Yes,No,Cellular,20,1900-04-01,404,6,340,1,Failure,No
35,Admin.,Married,Secondary,No,8652,Yes,No,Unknown,24,1900-06-01,103,6,-1,0,Unknown,No
31,Technician,Single,Secondary,No,1626,No,No,Cellular,7,1900-05-01,356,2,286,3,Failure,No
37,Admin.,Married,Secondary,No,749,No,No,Cellular,21,1900-04-01,219,1,-1,0,Unknown,No
49,Blue-Collar,Married,Unknown,No,51,Yes,No,Unknown,7,1900-05-01,984,1,-1,0,Unknown,No
27,Services,Single,Secondary,Yes,-1,No,No,Cellular,22,1900-07-01,60,2,-1,0,Unknown,No
32,Blue-Collar,Married,Secondary,No,-32,Yes,No,Cellular,12,1900-05-01,145,1,-1,0,Unknown,No
70,Retired,Divorced,Secondary,No,6850,No,No,Telephone,5,1900-03-01,252,3,183,1,Failure,No
22,Technician,Single,Secondary,No,333,No,Yes,Telephone,12,1900-11-01,129,1,-1,0,Unknown,No
58,Blue-Collar,Married,Secondary,No,-27,No,Yes,Telephone,31,1900-07-01,77,13,-1,0,Unknown,No
33,Blue-Collar,Married,Secondary,No,932,Yes,No,Unknown,21,1900-05-01,226,1,-1,0,Unknown,No
83,Retired,Divorced,Primary,No,0,No,No,Telephone,31,1900-05-01,664,1,77,3,Success,No
50,Management,Divorced,Tertiary,No,100,Yes,Yes,Cellular,13,1900-05-01,157,1,299,3,Failure,No
53,Blue-Collar,Married,Secondary,No,-626,Yes,No,Cellular,9,1900-07-01,205,1,-1,0,Unknown,No
37,Management,Single,Tertiary,No,9,No,No,Cellular,26,1900-08-01,484,2,-1,0,Unknown,No
55,Services,Divorced,Primary,No,653,No,No,Unknown,6,1900-06-01,800,1,-1,0,Unknown,No
49,Admin.,Married,Secondary,No,3608,Yes,No,Unknown,13,1900-11-01,231,1,-1,0,Unknown,Yes
41,Blue-Collar,Married,Primary,No,293,Yes,Yes,Cellular,7,1900-05-01,102,1,-1,0,Unknown,No
40,Management,Single,Tertiary,No,36,Yes,No,Unknown,27,1900-05-01,240,3,-1,0,Unknown,No
48,Management,Married,Tertiary,No,263,Yes,No,Unknown,5,1900-05-01,350,2,-1,0,Unknown,No
27,Student,Single,Secondary,No,8366,No,No,Cellular,7,1900-05-01,458,2,349,1,Other,No
30,Management,Single,Tertiary,No,2186,Yes,No,Unknown,3,1900-06-01,366,1,-1,0,Unknown,No
37,Entrepreneur,Single,Secondary,No,20453,Yes,No,Telephone,4,1900-05-01,115,1,-1,0,Unknown,No
37,Services,Single,Secondary,No,105,No,Yes,Unknown,17,1900-06-01,260,4,-1,0,Unknown,No
40,Blue-Collar,Married,Secondary,No,440,Yes,No,Unknown,5,1900-06-01,327,2,-1,0,Unknown,No
73,Retired,Married,Unknown,No,519,No,No,Telephone,16,1900-10-01,434,1,57,1,Failure,Yes
50,Management,Married,Tertiary,No,19447,Yes,Yes,Cellular,21,1900-11-01,166,1,-1,0,Unknown,No
53,Blue-Collar,Married,Primary,No,225,No,No,Cellular,18,1900-07-01,171,7,-1,0,Unknown,No
47,Blue-Collar,Married,Secondary,No,2548,Yes,No,Cellular,11,1900-05-01,577,1,368,1,Other,No
33,Technician,Divorced,Secondary,No,0,No,No,Cellular,21,1900-08-01,224,8,-1,0,Unknown,No
50,Blue-Collar,Married,Unknown,No,2284,Yes,No,Telephone,31,1900-07-01,1088,17,-1,0,Unknown,Yes
51,Blue-Collar,Married,Primary,No,40,Yes,No,Cellular,13,1900-05-01,79,1,370,1,Failure,No
42,Housemaid,Divorced,Tertiary,No,364,No,No,Cellular,18,1900-11-01,52,1,-1,0,Unknown,No
34,Technician,Single,Secondary,No,174,No,No,Telephone,11,1900-05-01,259,4,-1,0,Unknown,No
44,Technician,Married,Secondary,No,10888,Yes,No,Cellular,5,1900-08-01,163,1,-1,0,Unknown,No
32,Admin.,Married,Secondary,No,0,Yes,Yes,Cellular,17,1900-11-01,159,2,195,2,Failure,No
60,Retired,Married,Tertiary,No,225,No,No,Cellular,19,1900-08-01,54,2,-1,0,Unknown,No
60,Retired,Divorced,Tertiary,No,2131,No,No,Cellular,10,1900-07-01,421,6,-1,0,Unknown,No
29,Blue-Collar,Single,Secondary,No,-20,No,Yes,Cellular,21,1900-07-01,574,1,-1,0,Unknown,Yes
39,Management,Single,Secondary,No,36,No,No,Cellular,29,1900-08-01,70,2,-1,0,Unknown,No
47,Blue-Collar,Married,Primary,No,2642,No,No,Cellular,13,1900-08-01,310,2,-1,0,Unknown,No
30,Admin.,Married,Tertiary,No,400,Yes,No,Cellular,7,1900-05-01,223,1,-1,0,Unknown,No
31,Technician,Single,Tertiary,No,1214,No,No,Cellular,3,1900-02-01,39,1,-1,0,Unknown,No
34,Management,Single,Tertiary,No,-292,Yes,No,Cellular,19,1900-08-01,181,6,-1,0,Unknown,No
51,Admin.,Married,Secondary,No,1415,Yes,No,Unknown,2,1900-06-01,151,3,-1,0,Unknown,No
38,Blue-Collar,Married,Secondary,No,213,Yes,No,Unknown,16,1900-06-01,270,15,-1,0,Unknown,No
47,Admin.,Single,Secondary,No,2540,No,No,Cellular,18,1900-11-01,110,5,-1,0,Unknown,No
46,Housemaid,Single,Tertiary,No,3232,No,No,Telephone,15,1900-06-01,94,2,-1,0,Unknown,No
33,Management,Married,Tertiary,No,296,No,No,Cellular,16,1900-07-01,90,2,-1,0,Unknown,No
30,Management,Married,Tertiary,No,42,No,No,Cellular,25,1900-08-01,115,6,-1,0,Unknown,No
40,Technician,Married,Secondary,No,697,No,No,Cellular,24,1900-06-01,220,2,219,2,Other,No
38,Blue-Collar,Single,Secondary,No,13156,Yes,No,Cellular,17,1900-04-01,291,4,331,1,Failure,No
63,Retired,Divorced,Secondary,No,1490,No,No,Cellular,8,1900-06-01,506,1,-1,0,Unknown,Yes
33,Management,Married,Tertiary,No,150,No,No,Cellular,21,1900-08-01,151,2,-1,0,Unknown,No
59,Retired,Married,Secondary,No,0,No,No,Unknown,5,1900-06-01,812,1,-1,0,Unknown,Yes
29,Management,Single,Tertiary,No,4210,Yes,No,Cellular,18,1900-05-01,119,1,-1,0,Unknown,No
54,Services,Divorced,Secondary,No,1012,Yes,No,Cellular,12,1900-05-01,33,3,175,2,Other,No
57,Technician,Married,Secondary,No,16063,Yes,No,Unknown,30,1900-05-01,352,3,-1,0,Unknown,No
57,Blue-Collar,Married,Primary,No,5431,Yes,Yes,Unknown,6,1900-05-01,383,1,-1,0,Unknown,No
28,Services,Single,Secondary,No,317,Yes,No,Unknown,16,1900-05-01,21,3,-1,0,Unknown,No
30,Technician,Single,Secondary,No,4787,Yes,No,Cellular,18,1900-11-01,266,1,167,2,Failure,No
28,Blue-Collar,Married,Secondary,No,225,Yes,Yes,Unknown,7,1900-05-01,866,2,-1,0,Unknown,No
45,Services,Divorced,Primary,No,3854,Yes,No,Unknown,20,1900-06-01,10,3,-1,0,Unknown,No
29,Services,Divorced,Secondary,No,92,Yes,No,Cellular,7,1900-05-01,240,1,-1,0,Unknown,No
42,Blue-Collar,Married,Primary,No,-10,Yes,No,Unknown,9,1900-05-01,291,4,-1,0,Unknown,No
31,Blue-Collar,Married,Secondary,No,-617,Yes,No,Unknown,2,1900-06-01,115,2,-1,0,Unknown,No
59,Housemaid,Divorced,Primary,No,195,No,No,Unknown,5,1900-05-01,366,2,-1,0,Unknown,No
41,Blue-Collar,Married,Primary,No,1172,Yes,No,Unknown,15,1900-05-01,153,1,-1,0,Unknown,No
57,Housemaid,Married,Secondary,No,0,No,No,Cellular,22,1900-08-01,197,2,-1,0,Unknown,No
43,Services,Divorced,Secondary,No,0,No,No,Cellular,31,1900-07-01,106,4,-1,0,Unknown,No
30,Services,Divorced,Secondary,No,-94,Yes,No,Cellular,14,1900-07-01,41,2,-1,0,Unknown,No
26,Admin.,Single,Secondary,No,609,No,No,Telephone,28,1900-01-01,112,1,-1,0,Unknown,No
52,Management,Single,Tertiary,No,4,No,Yes,Cellular,28,1900-07-01,30,9,-1,0,Unknown,No
32,Entrepreneur,Divorced,Secondary,No,1121,Yes,Yes,Cellular,16,1900-04-01,211,3,-1,0,Unknown,No
39,Management,Divorced,Tertiary,No,355,Yes,No,Cellular,25,1900-08-01,313,5,-1,0,Unknown,No
31,Blue-Collar,Married,Secondary,No,3653,Yes,Yes,Cellular,21,1900-11-01,252,1,168,4,Failure,No
83,Retired,Divorced,Primary,No,1097,No,No,Telephone,5,1900-03-01,181,1,-1,0,Unknown,Yes
34,Management,Married,Tertiary,No,436,No,Yes,Cellular,28,1900-07-01,118,4,-1,0,Unknown,No
40,Blue-Collar,Married,Secondary,No,4795,Yes,No,Cellular,17,1900-04-01,57,1,-1,0,Unknown,No
39,Self-Employed,Married,Secondary,No,266,No,No,Cellular,11,1900-05-01,102,2,-1,0,Unknown,No
50,Unemployed,Married,Secondary,No,3357,No,No,Cellular,9,1900-06-01,239,4,-1,0,Unknown,Yes
30,Technician,Married,Tertiary,No,101,Yes,Yes,Cellular,7,1900-07-01,187,3,-1,0,Unknown,No
43,Blue-Collar,Married,Secondary,No,10910,Yes,No,Cellular,15,1900-05-01,66,2,-1,0,Unknown,No
49,Blue-Collar,Married,Secondary,No,1568,No,No,Unknown,21,1900-05-01,206,6,-1,0,Unknown,No
41,Retired,Single,Primary,No,0,No,No,Cellular,8,1900-05-01,239,1,368,2,Failure,No
35,Blue-Collar,Married,Secondary,No,305,Yes,No,Cellular,18,1900-05-01,7,7,367,25,Failure,No
57,Retired,Married,Tertiary,No,31,No,No,Cellular,19,1900-08-01,260,2,-1,0,Unknown,No
29,Entrepreneur,Married,Secondary,No,452,Yes,No,Unknown,27,1900-05-01,347,1,-1,0,Unknown,No
48,Admin.,Married,Secondary,No,5,Yes,No,Unknown,7,1900-05-01,697,2,-1,0,Unknown,No
38,Entrepreneur,Divorced,Tertiary,No,7929,No,No,Cellular,8,1900-07-01,182,3,-1,0,Unknown,No
41,Entrepreneur,Married,Primary,No,39,Yes,No,Cellular,21,1900-11-01,549,2,-1,0,Unknown,Yes
39,Housemaid,Married,Primary,No,267,No,No,Unknown,9,1900-06-01,1151,5,-1,0,Unknown,No
31,Management,Married,Tertiary,No,4945,No,No,Cellular,11,1900-08-01,445,1,-1,0,Unknown,No
51,Technician,Married,Secondary,No,463,Yes,No,Unknown,13,1900-05-01,213,5,-1,0,Unknown,No
35,Unemployed,Single,Secondary,No,2116,Yes,No,Cellular,13,1900-05-01,409,2,-1,0,Unknown,No
45,Admin.,Divorced,Secondary,No,59,Yes,No,Cellular,24,1900-07-01,873,8,-1,0,Unknown,Yes
28,Blue-Collar,Married,Secondary,No,131,Yes,No,Unknown,12,1900-05-01,147,5,-1,0,Unknown,No
57,Retired,Married,Secondary,No,107,No,No,Cellular,14,1900-07-01,85,2,-1,0,Unknown,No
36,Unemployed,Married,Secondary,No,-35,No,No,Cellular,30,1900-01-01,339,3,-1,0,Unknown,No
49,Technician,Married,Primary,No,230,Yes,No,Unknown,8,1900-05-01,96,1,-1,0,Unknown,No
34,Management,Single,Tertiary,No,2679,Yes,No,Cellular,7,1900-05-01,195,1,-1,0,Unknown,No
65,Retired,Married,Primary,No,493,No,No,Cellular,16,1900-10-01,622,1,182,1,Failure,No
26,Services,Single,Secondary,No,256,Yes,No,Cellular,4,1900-05-01,101,2,-1,0,Unknown,No
52,Blue-Collar,Married,Primary,No,-133,No,No,Unknown,5,1900-06-01,96,2,-1,0,Unknown,No
32,Blue-Collar,Single,Secondary,No,811,Yes,No,Cellular,14,1900-05-01,563,1,-1,0,Unknown,Yes
33,Unemployed,Married,Tertiary,No,302,Yes,Yes,Cellular,16,1900-04-01,670,1,-1,0,Unknown,No
43,Management,Married,Tertiary,No,3529,Yes,No,Cellular,4,1900-08-01,190,3,-1,0,Unknown,No
26,Technician,Single,Tertiary,No,75,Yes,Yes,Unknown,19,1900-05-01,351,1,-1,0,Unknown,No
45,Technician,Married,Secondary,No,999,Yes,No,Cellular,20,1900-11-01,215,6,188,2,Failure,No
30,Management,Single,Tertiary,No,7845,Yes,No,Unknown,3,1900-06-01,59,1,-1,0,Unknown,No
37,Services,Divorced,Primary,No,260,Yes,No,Cellular,17,1900-04-01,446,2,-1,0,Unknown,No
45,Management,Single,Tertiary,No,2048,Yes,No,Cellular,18,1900-10-01,310,1,804,1,Failure,Yes
34,Management,Married,Tertiary,No,1557,Yes,Yes,Unknown,13,1900-05-01,213,1,-1,0,Unknown,No
35,Services,Married,Secondary,No,505,Yes,Yes,Unknown,27,1900-05-01,371,2,-1,0,Unknown,No
41,Admin.,Married,Tertiary,No,1536,No,No,Cellular,4,1900-05-01,54,2,-1,0,Unknown,No
42,Self-Employed,Married,Tertiary,No,0,No,No,Cellular,8,1900-08-01,118,6,-1,0,Unknown,No
48,Blue-Collar,Married,Unknown,No,439,Yes,No,Cellular,2,1900-02-01,212,1,249,2,Other,No
45,Unknown,Married,Primary,No,44,No,No,Unknown,11,1900-06-01,81,1,-1,0,Unknown,No
47,Management,Married,Tertiary,No,295,Yes,No,Cellular,5,1900-08-01,157,1,-1,0,Unknown,No
37,Blue-Collar,Married,Primary,No,190,Yes,Yes,Unknown,8,1900-05-01,194,1,-1,0,Unknown,No
32,Management,Married,Secondary,No,3935,Yes,No,Unknown,29,1900-05-01,129,2,-1,0,Unknown,No
40,Management,Married,Tertiary,No,-17,Yes,Yes,Cellular,11,1900-05-01,474,1,256,1,Success,Yes
35,Technician,Single,Secondary,No,175,Yes,No,Cellular,29,1900-01-01,219,1,246,1,Failure,No
31,Technician,Single,Secondary,No,4888,Yes,No,Telephone,5,1900-05-01,475,4,166,2,Failure,No
36,Technician,Single,Tertiary,No,40,No,No,Cellular,26,1900-08-01,359,3,-1,0,Unknown,No
44,Management,Married,Tertiary,No,4460,No,No,Telephone,31,1900-07-01,168,2,-1,0,Unknown,No
52,Admin.,Divorced,Secondary,No,98,No,Yes,Unknown,19,1900-06-01,148,1,-1,0,Unknown,No
28,Student,Single,Secondary,No,330,No,No,Telephone,2,1900-02-01,197,1,-1,0,Unknown,No
45,Blue-Collar,Married,Primary,No,13117,No,No,Unknown,11,1900-06-01,42,2,-1,0,Unknown,No
38,Management,Married,Tertiary,No,12877,No,No,Unknown,17,1900-06-01,118,3,-1,0,Unknown,No
39,Blue-Collar,Married,Primary,No,1506,Yes,No,Cellular,11,1900-05-01,299,2,-1,0,Unknown,No
28,Management,Single,Tertiary,No,0,No,No,Telephone,27,1900-05-01,198,2,-1,0,Unknown,No
31,Technician,Single,Secondary,No,775,No,No,Cellular,2,1900-02-01,361,1,-1,0,Unknown,No
46,Blue-Collar,Married,Primary,No,258,Yes,No,Unknown,27,1900-05-01,217,1,-1,0,Unknown,No
22,Student,Single,Secondary,No,246,Yes,No,Telephone,12,1900-05-01,25,1,-1,0,Unknown,No
49,Blue-Collar,Single,Primary,No,2146,Yes,No,Cellular,7,1900-05-01,1516,2,353,2,Other,Yes
44,Unemployed,Married,Secondary,No,304,Yes,No,Unknown,12,1900-05-01,129,2,-1,0,Unknown,No
31,Self-Employed,Single,Secondary,No,360,Yes,No,Unknown,26,1900-05-01,592,4,-1,0,Unknown,No
53,Blue-Collar,Married,Primary,No,3316,Yes,No,Unknown,23,1900-05-01,331,6,-1,0,Unknown,No
55,Management,Married,Tertiary,No,6880,No,No,Cellular,8,1900-08-01,353,2,-1,0,Unknown,No
35,Technician,Married,Secondary,No,2189,No,No,Cellular,19,1900-11-01,256,3,-1,0,Unknown,No
35,Blue-Collar,Married,Secondary,No,5304,Yes,No,Cellular,20,1900-11-01,340,1,183,2,Failure,No
37,Management,Single,Tertiary,No,102,Yes,No,Cellular,21,1900-08-01,101,2,-1,0,Unknown,No
50,Blue-Collar,Married,Secondary,No,181,Yes,No,Cellular,17,1900-04-01,599,2,-1,0,Unknown,No
37,Management,Married,Primary,No,3953,Yes,No,Cellular,6,1900-04-01,610,2,138,1,Failure,No
37,Blue-Collar,Single,Primary,No,6969,Yes,No,Unknown,20,1900-05-01,412,1,-1,0,Unknown,No
29,Management,Single,Tertiary,No,572,No,No,Cellular,16,1900-12-01,314,1,195,1,Success,Yes
31,Admin.,Single,Secondary,No,223,Yes,No,Cellular,17,1900-04-01,508,1,315,11,Success,No
40,Technician,Married,Secondary,No,-396,Yes,No,Unknown,26,1900-05-01,127,1,-1,0,Unknown,No
47,Services,Divorced,Secondary,No,164,No,No,Unknown,5,1900-05-01,212,1,-1,0,Unknown,No
55,Self-Employed,Married,Secondary,No,2678,No,Yes,Cellular,18,1900-08-01,151,12,-1,0,Unknown,No
33,Technician,Single,Secondary,No,920,Yes,No,Cellular,21,1900-11-01,58,1,122,4,Failure,No
53,Services,Divorced,Secondary,No,4554,No,No,Cellular,5,1900-02-01,8,6,-1,0,Unknown,No
38,Management,Single,Tertiary,No,623,No,No,Cellular,28,1900-06-01,297,4,144,4,Other,Yes
61,Management,Married,Secondary,No,967,No,No,Cellular,20,1900-08-01,180,1,-1,0,Unknown,No
43,Unemployed,Divorced,Secondary,No,1577,Yes,No,Cellular,19,1900-11-01,87,1,-1,0,Unknown,No
42,Housemaid,Married,Primary,No,1,Yes,No,Telephone,28,1900-07-01,59,5,-1,0,Unknown,No
36,Management,Divorced,Tertiary,No,0,No,No,Cellular,28,1900-08-01,81,4,-1,0,Unknown,No
31,Technician,Single,Tertiary,No,1166,Yes,No,Unknown,3,1900-06-01,207,1,-1,0,Unknown,No
59,Management,Married,Unknown,No,3534,No,No,Cellular,21,1900-11-01,216,4,-1,0,Unknown,No
29,Blue-Collar,Married,Primary,No,200,Yes,No,Unknown,30,1900-05-01,322,2,-1,0,Unknown,No
33,Technician,Married,Secondary,No,4790,Yes,No,Cellular,20,1900-04-01,137,1,272,2,Failure,No
44,Blue-Collar,Married,Primary,No,-237,Yes,No,Telephone,10,1900-07-01,73,1,-1,0,Unknown,No
43,Blue-Collar,Married,Secondary,No,1335,Yes,No,Unknown,6,1900-05-01,371,2,-1,0,Unknown,No
42,Management,Married,Tertiary,No,603,Yes,No,Cellular,5,1900-11-01,298,5,-1,0,Unknown,No
32,Management,Single,Tertiary,No,577,No,No,Cellular,7,1900-08-01,101,2,-1,0,Unknown,No
43,Management,Married,Tertiary,No,0,Yes,No,Cellular,17,1900-11-01,110,1,-1,0,Unknown,No
39,Admin.,Single,Secondary,No,163,Yes,No,Cellular,30,1900-01-01,107,2,-1,0,Unknown,No
23,Blue-Collar,Married,Primary,No,1158,Yes,No,Cellular,16,1900-04-01,743,1,-1,0,Unknown,No
43,Services,Married,Secondary,No,642,No,No,Cellular,31,1900-07-01,644,2,-1,0,Unknown,No
46,Admin.,Married,Secondary,No,466,Yes,No,Cellular,29,1900-01-01,169,1,-1,0,Unknown,No
31,Technician,Married,Secondary,No,119,Yes,No,Cellular,4,1900-02-01,380,1,-1,0,Unknown,No
38,Management,Married,Tertiary,No,3436,No,No,Cellular,21,1900-11-01,663,4,-1,0,Unknown,Yes
53,Blue-Collar,Married,Primary,No,238,Yes,No,Cellular,11,1900-05-01,238,2,361,5,Failure,No
37,Blue-Collar,Married,Primary,No,378,Yes,No,Unknown,9,1900-05-01,514,1,-1,0,Unknown,No
49,Entrepreneur,Divorced,Secondary,No,32,No,No,Cellular,5,1900-02-01,128,1,-1,0,Unknown,No
31,Unemployed,Single,Secondary,No,315,No,No,Cellular,30,1900-01-01,130,1,2,1,Other,No
45,Management,Married,Tertiary,No,6945,No,No,Cellular,5,1900-08-01,131,5,356,3,Failure,No
58,Admin.,Married,Secondary,No,3496,Yes,No,Unknown,2,1900-06-01,111,4,-1,0,Unknown,No
35,Blue-Collar,Single,Secondary,No,0,Yes,No,Cellular,16,1900-04-01,169,1,-1,0,Unknown,No
32,Technician,Single,Secondary,No,309,Yes,Yes,Cellular,16,1900-04-01,346,1,234,3,Failure,No
28,Technician,Single,Tertiary,No,0,Yes,No,Unknown,4,1900-06-01,205,6,-1,0,Unknown,No
26,Technician,Single,Secondary,No,668,Yes,No,Unknown,28,1900-05-01,576,3,-1,0,Unknown,Yes
48,Management,Married,Tertiary,No,1175,Yes,No,Telephone,18,1900-11-01,1476,3,-1,0,Unknown,No
30,Blue-Collar,Single,Secondary,No,363,No,No,Cellular,28,1900-07-01,171,3,-1,0,Unknown,No
31,Entrepreneur,Single,Tertiary,No,38,No,No,Cellular,20,1900-11-01,185,2,-1,0,Unknown,No
31,Management,Married,Tertiary,No,1183,Yes,No,Unknown,27,1900-05-01,676,6,-1,0,Unknown,No
45,Blue-Collar,Divorced,Primary,No,942,No,No,Cellular,21,1900-11-01,362,1,-1,0,Unknown,No
38,Admin.,Married,Secondary,No,4196,Yes,No,Cellular,12,1900-05-01,193,2,-1,0,Unknown,No
34,Management,Married,Tertiary,No,297,Yes,No,Cellular,26,1900-08-01,63,4,-1,0,Unknown,No
42,Services,Married,Secondary,No,-91,Yes,Yes,Cellular,5,1900-02-01,43,1,-1,0,Unknown,No
60,Self-Employed,Married,Primary,No,362,No,Yes,Cellular,29,1900-07-01,816,6,-1,0,Unknown,Yes
42,Blue-Collar,Single,Secondary,No,1080,Yes,Yes,Cellular,13,1900-05-01,951,3,370,4,Failure,Yes
32,Admin.,Single,Secondary,No,620,Yes,No,Unknown,26,1900-05-01,1234,3,-1,0,Unknown,Yes
42,Unemployed,Divorced,Tertiary,No,-166,No,No,Cellular,29,1900-08-01,85,4,-1,0,Unknown,No
33,Services,Married,Secondary,No,288,Yes,No,Cellular,17,1900-04-01,306,1,-1,0,Unknown,No
42,Admin.,Married,Unknown,No,642,Yes,Yes,Unknown,16,1900-05-01,509,2,-1,0,Unknown,No
51,Technician,Married,Tertiary,No,2506,No,No,Cellular,30,1900-11-01,210,3,-1,0,Unknown,No
36,Technician,Divorced,Secondary,No,566,Yes,No,Unknown,20,1900-05-01,129,2,-1,0,Unknown,No
46,Blue-Collar,Married,Secondary,No,668,Yes,No,Unknown,15,1900-05-01,1263,2,-1,0,Unknown,Yes
40,Blue-Collar,Married,Secondary,No,1100,Yes,No,Unknown,29,1900-05-01,660,2,-1,0,Unknown,No
49,Blue-Collar,Married,Secondary,No,322,No,No,Cellular,14,1900-08-01,356,2,-1,0,Unknown,No
38,Blue-Collar,Married,Secondary,No,1205,Yes,No,Cellular,20,1900-04-01,45,4,153,1,Failure,No
32,Services,Single,Secondary,No,473,Yes,No,Cellular,7,1900-07-01,624,5,-1,0,Unknown,No
33,Services,Married,Secondary,No,-333,Yes,No,Cellular,30,1900-07-01,329,5,-1,0,Unknown,No
57,Self-Employed,Married,Tertiary,Yes,-3313,Yes,Yes,Unknown,9,1900-05-01,153,1,-1,0,Unknown,No
57,Technician,Married,Secondary,No,295,No,No,Cellular,19,1900-08-01,151,11,-1,0,Unknown,No
28,Blue-Collar,Married,Secondary,No,1137,No,No,Cellular,6,1900-02-01,129,4,211,3,Other,No
44,Entrepreneur,Single,Tertiary,No,1136,Yes,Yes,Cellular,3,1900-04-01,345,2,249,7,Other,No
