age,job,marital,education,default,balance,housing,loan,contact,day,month,duration,campaign,pdays,previous,poutcome,y,date
30,Unemployed,Married,Primary,No,1787,No,No,Cellular,19,Oct,79,1,-1,0,Unknown,No,2023-10-19
33,Services,Married,Secondary,No,4789,Yes,Yes,Cellular,11,May,220,1,339,4,Failure,No,2023-05-11
35,Management,Single,Tertiary,No,1350,Yes,No,Cellular,16,Apr,185,1,330,1,Failure,No,2023-04-16
30,Management,Married,Tertiary,No,1476,Yes,Yes,Unknown,3,Jun,199,4,-1,0,Unknown,No,2023-06-03
59,Blue-Collar,Married,Secondary,No,0,Yes,No,Unknown,5,May,226,1,-1,0,Unknown,No,2023-05-05
35,Management,Single,Tertiary,No,747,No,No,Cellular,23,Feb,141,2,176,3,Failure,No,2023-02-23
36,Self-Employed,Married,Tertiary,No,307,Yes,No,Cellular,14,May,341,1,330,2,Other,No,2023-05-14
39,Technician,Married,Secondary,No,147,Yes,No,Cellular,6,May,151,2,-1,0,Unknown,No,2023-05-06
41,Entrepreneur,Married,Tertiary,No,221,Yes,No,Unknown,14,May,57,2,-1,0,Unknown,No,2023-05-14
43,Services,Married,Primary,No,-88,Yes,Yes,Cellular,17,Apr,313,1,147,2,Failure,No,2023-04-17
39,Services,Married,Secondary,No,9374,Yes,No,Unknown,20,May,273,1,-1,0,Unknown,No,2023-05-20
43,Admin.,Married,Secondary,No,264,Yes,No,Cellular,17,Apr,113,2,-1,0,Unknown,No,2023-04-17
36,Technician,Married,Tertiary,No,1109,No,No,Cellular,13,Aug,328,2,-1,0,Unknown,No,2023-08-13
20,Student,Single,Secondary,No,502,No,No,Cellular,30,Apr,261,1,-1,0,Unknown,Yes,2023-04-30
31,Blue-Collar,Married,Secondary,No,360,Yes,Yes,Cellular,29,Jan,89,1,241,1,Failure,No,2023-01-29
40,Management,Married,Tertiary,No,194,No,Yes,Cellular,29,Aug,189,2,-1,0,Unknown,No,2023-08-29
56,Technician,Married,Secondary,No,4073,No,No,Cellular,27,Aug,239,5,-1,0,Unknown,No,2023-08-27
37,Admin.,Single,Tertiary,No,2317,Yes,No,Cellular,20,Apr,114,1,152,2,Failure,No,2023-04-20
25,Blue-Collar,Single,Primary,No,-221,Yes,No,Unknown,23,May,250,1,-1,0,Unknown,No,2023-05-23
31,Services,Married,Secondary,No,132,No,No,Cellular,7,Jul,148,1,152,1,Other,No,2023-07-07
38,Management,Divorced,Unknown,No,0,Yes,No,Cellular,18,Nov,96,2,-1,0,Unknown,No,2023-11-18
42,Management,Divorced,Tertiary,No,16,No,No,Cellular,19,Nov,140,3,-1,0,Unknown,No,2023-11-19
44,Services,Single,Secondary,No,106,No,No,Unknown,12,Jun,109,2,-1,0,Unknown,No,2023-06-12
44,Entrepreneur,Married,Secondary,No,93,No,No,Cellular,7,Jul,125,2,-1,0,Unknown,No,2023-07-07
26,Housemaid,Married,Tertiary,No,543,No,No,Cellular,30,Jan,169,3,-1,0,Unknown,No,2023-01-30
41,Management,Married,Tertiary,No,5883,No,No,Cellular,20,Nov,182,2,-1,0,Unknown,No,2023-11-20
55,Blue-Collar,Married,Primary,No,627,Yes,No,Unknown,5,May,247,1,-1,0,Unknown,No,2023-05-05
67,Retired,Married,Unknown,No,696,No,No,Telephone,17,Aug,119,1,105,2,Failure,No,2023-08-17
56,Self-Employed,Married,Secondary,No,784,No,Yes,Cellular,30,Jul,149,2,-1,0,Unknown,No,2023-07-30
53,Admin.,Married,Secondary,No,105,No,Yes,Cellular,21,Aug,74,2,-1,0,Unknown,No,2023-08-21
68,Retired,Divorced,Secondary,No,4189,No,No,Telephone,14,Jul,897,2,-1,0,Unknown,Yes,2023-07-14
31,Technician,Married,Secondary,No,171,No,No,Cellular,27,Aug,81,3,-1,0,Unknown,No,2023-08-27
59,Management,Married,Secondary,No,42,No,No,Cellular,21,Nov,40,1,-1,0,Unknown,No,2023-11-21
32,Management,Single,Tertiary,No,2536,Yes,No,Cellular,26,Aug,958,6,-1,0,Unknown,Yes,2023-08-26
49,Technician,Married,Tertiary,No,1235,No,No,Cellular,13,Aug,354,3,-1,0,Unknown,Yes,2023-08-13
42,Admin.,Divorced,Secondary,No,1811,Yes,No,Unknown,14,May,150,1,-1,0,Unknown,No,2023-05-14
78,Retired,Divorced,Primary,No,229,No,No,Telephone,22,Oct,97,1,-1,0,Unknown,Yes,2023-10-22
32,Blue-Collar,Married,Secondary,No,2089,Yes,No,Cellular,14,Nov,132,1,-1,0,Unknown,Yes,2023-11-14
33,Management,Married,Secondary,No,3935,Yes,No,Cellular,6,May,765,1,342,2,Failure,Yes,2023-05-06
23,Services,Single,Tertiary,No,363,Yes,No,Unknown,30,May,16,18,-1,0,Unknown,No,2023-05-30
38,Management,Single,Tertiary,No,11971,Yes,No,Unknown,17,Nov,609,2,101,3,Failure,No,2023-11-17
36,Management,Single,Tertiary,No,553,No,No,Cellular,11,Aug,106,2,-1,0,Unknown,No,2023-08-11
52,Blue-Collar,Married,Secondary,No,1117,Yes,No,Cellular,13,May,365,1,-1,0,Unknown,No,2023-05-13
32,Technician,Married,Tertiary,No,396,Yes,No,Cellular,13,May,205,3,-1,0,Unknown,No,2023-05-13
32,Technician,Single,Tertiary,No,2204,Yes,No,Cellular,21,Nov,11,4,-1,0,Unknown,No,2023-11-21
34,Management,Single,Tertiary,No,872,Yes,No,Unknown,7,May,105,2,-1,0,Unknown,No,2023-05-07
55,Blue-Collar,Married,Primary,No,145,No,No,Telephone,2,Feb,59,3,5,2,Other,No,2023-02-02
26,Blue-Collar,Married,Primary,No,0,Yes,No,Unknown,21,May,425,1,-1,0,Unknown,No,2023-05-21
32,Entrepreneur,Single,Primary,Yes,-849,Yes,Yes,Cellular,4,Feb,204,1,-1,0,Unknown,No,2023-02-04
61,Admin.,Married,Unknown,No,4629,Yes,No,Cellular,27,Jan,181,1,92,1,Success,Yes,2023-01-27
45,Blue-Collar,Divorced,Primary,No,844,No,No,Unknown,5,Jun,1018,3,-1,0,Unknown,Yes,2023-06-05
37,Technician,Single,Secondary,No,228,Yes,No,Cellular,20,Aug,1740,2,-1,0,Unknown,No,2023-08-20
38,Technician,Single,Secondary,No,50,No,No,Cellular,29,Aug,98,2,-1,0,Unknown,No,2023-08-29
34,Technician,Married,Tertiary,No,1539,Yes,No,Cellular,15,Jun,441,1,56,1,Other,Yes,2023-06-15
53,Blue-Collar,Married,Secondary,No,2231,Yes,No,Cellular,14,Jul,272,3,-1,0,Unknown,No,2023-07-14
48,Admin.,Married,Secondary,No,3064,Yes,No,Telephone,15,Jul,159,2,-1,0,Unknown,No,2023-07-15
57,Management,Married,Secondary,No,82,No,Yes,Telephone,4,Feb,140,1,-1,0,Unknown,No,2023-02-04
33,Self-Employed,Single,Tertiary,No,2155,No,No,Cellular,17,Nov,295,1,-1,0,Unknown,No,2023-11-17
36,Retired,Single,Secondary,No,101,Yes,Yes,Unknown,26,May,314,1,-1,0,Unknown,No,2023-05-26
54,Technician,Divorced,Secondary,No,784,Yes,Yes,Unknown,15,May,579,1,-1,0,Unknown,No,2023-05-15
41,Blue-Collar,Married,Primary,No,-516,No,Yes,Telephone,8,Jul,554,3,-1,0,Unknown,No,2023-07-08
63,Retired,Married,Secondary,No,415,Yes,No,Cellular,7,Oct,323,1,-1,0,Unknown,No,2023-10-07
48,Management,Married,Tertiary,No,5887,No,No,Cellular,13,Aug,227,2,-1,0,Unknown,No,2023-08-13
48,Services,Married,Secondary,No,1355,No,No,Cellular,4,Jul,134,2,-1,0,Unknown,No,2023-07-04
56,Admin.,Married,Secondary,No,16873,No,No,Cellular,7,Oct,223,1,-1,0,Unknown,No,2023-10-07
51,Blue-Collar,Divorced,Secondary,No,203,Yes,No,Cellular,8,May,134,1,170,5,Failure,No,2023-05-08
31,Services,Married,Secondary,No,338,Yes,No,Cellular,28,Jan,155,1,-1,0,Unknown,No,2023-01-28
29,Technician,Married,Secondary,No,444,Yes,No,Cellular,21,Jul,130,4,-1,0,Unknown,No,2023-07-21
41,Management,Married,Secondary,No,0,No,Yes,Cellular,7,Jul,630,3,-1,0,Unknown,No,2023-07-07
32,Technician,Single,Tertiary,No,360,No,No,Cellular,19,Nov,164,2,-1,0,Unknown,No,2023-11-19
37,Management,Married,Tertiary,No,0,No,No,Cellular,16,Jul,268,2,182,3,Success,Yes,2023-07-16
42,Entrepreneur,Divorced,Tertiary,Yes,2,Yes,No,Unknown,5,May,380,1,-1,0,Unknown,No,2023-05-05
31,Management,Single,Tertiary,No,6248,Yes,No,Unknown,9,May,154,2,-1,0,Unknown,No,2023-05-09
41,Services,Married,Tertiary,No,412,Yes,No,Unknown,3,Jun,154,5,-1,0,Unknown,No,2023-06-03
56,Retired,Married,Secondary,No,344,Yes,No,Unknown,15,May,221,1,-1,0,Unknown,No,2023-05-15
54,Management,Divorced,Tertiary,No,3222,No,No,Cellular,14,Aug,67,2,-1,0,Unknown,No,2023-08-14
41,Blue-Collar,Divorced,Secondary,No,174,Yes,No,Cellular,14,May,367,2,297,1,Other,No,2023-05-14
40,Technician,Single,Secondary,No,591,No,Yes,Cellular,14,Aug,87,6,-1,0,Unknown,No,2023-08-14
50,Blue-Collar,Divorced,Primary,No,388,No,No,Cellular,5,Feb,701,1,-1,0,Unknown,No,2023-02-05
40,Unemployed,Married,Secondary,No,219,Yes,No,Cellular,17,Nov,204,2,196,1,Failure,No,2023-11-17
27,Admin.,Divorced,Secondary,No,451,Yes,No,Cellular,16,Jul,652,1,-1,0,Unknown,Yes,2023-07-16
60,Retired,Married,Primary,No,5,No,No,Cellular,26,Aug,63,2,-1,0,Unknown,No,2023-08-26
28,Admin.,Single,Secondary,No,177,Yes,Yes,Cellular,6,May,150,1,-1,0,Unknown,No,2023-05-06
52,Services,Married,Secondary,No,657,No,No,Telephone,7,Jul,398,2,460,2,Failure,Yes,2023-07-07
37,Management,Married,Tertiary,No,1315,No,No,Cellular,30,Jun,224,1,-1,0,Unknown,Yes,2023-06-30
51,Blue-Collar,Married,Primary,No,1466,Yes,No,Unknown,7,May,406,2,-1,0,Unknown,No,2023-05-07
41,Technician,Single,Secondary,No,879,No,Yes,Cellular,7,Jul,60,4,-1,0,Unknown,No,2023-07-07
35,Blue-Collar,Single,Primary,No,293,Yes,No,Unknown,30,May,521,2,-1,0,Unknown,No,2023-05-30
38,Admin.,Married,Secondary,No,424,Yes,No,Cellular,17,Apr,279,1,-1,0,Unknown,No,2023-04-17
34,Blue-Collar,Married,Secondary,No,1831,Yes,No,Unknown,20,May,203,2,-1,0,Unknown,No,2023-05-20
39,Blue-Collar,Married,Primary,No,111,No,No,Cellular,18,Nov,201,2,-1,0,Unknown,No,2023-11-18
34,Blue-Collar,Married,Primary,No,455,Yes,No,Unknown,20,Jun,372,3,-1,0,Unknown,No,2023-06-20
27,Services,Single,Secondary,No,-195,Yes,No,Cellular,18,May,391,1,-1,0,Unknown,Yes,2023-05-18
32,Management,Single,Tertiary,No,3616,No,No,Cellular,14,Aug,165,2,-1,0,Unknown,No,2023-08-14
57,Blue-Collar,Married,Secondary,No,14093,No,No,Cellular,11,Aug,231,5,-1,0,Unknown,No,2023-08-11
41,Unknown,Single,Tertiary,No,1567,No,No,Cellular,1,Jul,291,2,-1,0,Unknown,No,2023-07-01
41,Admin.,Married,Tertiary,No,5426,Yes,No,Unknown,14,May,149,2,-1,0,Unknown,No,2023-05-14
30,Admin.,Single,Tertiary,No,261,No,No,Cellular,19,Oct,233,1,137,20,Failure,No,2023-10-19
36,Blue-Collar,Divorced,Secondary,No,2843,No,No,Cellular,12,Feb,473,1,182,1,Success,No,2023-02-12
31,Unemployed,Single,Primary,No,406,No,No,Cellular,4,Feb,736,1,-1,0,Unknown,Yes,2023-02-04
36,Blue-Collar,Married,Secondary,No,0,Yes,No,Unknown,6,May,337,1,-1,0,Unknown,No,2023-05-06
38,Management,Single,Tertiary,No,493,Yes,No,Cellular,11,May,553,1,367,7,Failure,No,2023-05-11
49,Technician,Married,Secondary,No,5996,No,No,Telephone,21,Nov,345,2,-1,0,Unknown,No,2023-11-21
57,Services,Single,Primary,No,3777,Yes,No,Telephone,13,May,65,2,-1,0,Unknown,No,2023-05-13
34,Management,Single,Secondary,No,524,No,No,Unknown,13,Aug,9,1,-1,0,Unknown,No,2023-08-13
32,Management,Single,Tertiary,No,574,Yes,No,Cellular,14,Apr,259,2,145,3,Failure,No,2023-04-14
37,Blue-Collar,Married,Secondary,No,427,Yes,Yes,Unknown,9,Jun,371,3,-1,0,Unknown,No,2023-06-09
33,Self-Employed,Married,Tertiary,No,483,Yes,No,Cellular,3,Feb,280,2,-1,0,Unknown,No,2023-02-03
56,Unemployed,Married,Primary,No,3391,No,No,Cellular,21,Apr,243,1,-1,0,Unknown,Yes,2023-04-21
27,Housemaid,Married,Primary,No,0,Yes,No,Cellular,23,Jul,435,3,-1,0,Unknown,No,2023-07-23
21,Student,Single,Secondary,No,2488,No,No,Cellular,30,Jun,258,6,169,3,Success,Yes,2023-06-30
58,Management,Married,Tertiary,No,1517,Yes,No,Telephone,29,Jul,7,5,-1,0,Unknown,No,2023-07-29
32,Self-Employed,Married,Secondary,No,217,Yes,Yes,Cellular,15,Jul,317,5,-1,0,Unknown,No,2023-07-15
33,Blue-Collar,Single,Secondary,No,22,No,No,Cellular,30,Jan,76,2,207,1,Failure,No,2023-01-30
25,Student,Single,Secondary,No,331,No,No,Telephone,26,Aug,170,4,-1,0,Unknown,Yes,2023-08-26
25,Technician,Single,Secondary,No,505,No,Yes,Cellular,17,Nov,386,2,-1,0,Unknown,Yes,2023-11-17
30,Services,Married,Secondary,No,1808,Yes,No,Cellular,18,May,83,2,-1,0,Unknown,No,2023-05-18
22,Admin.,Single,Secondary,No,4111,No,Yes,Cellular,19,Aug,65,1,-1,0,Unknown,No,2023-08-19
39,Blue-Collar,Married,Primary,No,52,No,No,Cellular,13,Aug,69,1,-1,0,Unknown,No,2023-08-13
46,Management,Divorced,Tertiary,No,25,No,No,Unknown,17,Jun,564,2,-1,0,Unknown,No,2023-06-17
31,Admin.,Divorced,Secondary,No,1890,Yes,No,Cellular,21,Jul,588,1,-1,0,Unknown,No,2023-07-21
45,Blue-Collar,Married,Primary,No,419,No,No,Cellular,18,Aug,113,4,-1,0,Unknown,No,2023-08-18
32,Technician,Married,Secondary,No,2693,Yes,No,Unknown,21,May,16,1,-1,0,Unknown,No,2023-05-21
36,Blue-Collar,Married,Secondary,No,-231,No,Yes,Cellular,15,Jul,779,2,-1,0,Unknown,No,2023-07-15
51,Management,Single,Tertiary,Yes,-55,Yes,No,Cellular,11,May,281,2,266,6,Failure,No,2023-05-11
34,Self-Employed,Single,Tertiary,No,462,No,No,Cellular,21,Aug,1877,3,-1,0,Unknown,Yes,2023-08-21
24,Unemployed,Single,Secondary,No,119,No,No,Unknown,15,Sep,51,1,-1,0,Unknown,No,2023-09-15
45,Technician,Single,Secondary,No,586,No,Yes,Cellular,28,Jul,32,3,-1,0,Unknown,No,2023-07-28
32,Blue-Collar,Single,Secondary,No,228,No,No,Telephone,5,Feb,176,1,288,3,Failure,No,2023-02-05
77,Retired,Divorced,Tertiary,No,4659,No,No,Cellular,14,Apr,161,1,-1,0,Unknown,Yes,2023-04-14
41,Blue-Collar,Married,Primary,No,168,Yes,No,Cellular,18,Nov,187,3,-1,0,Unknown,No,2023-11-18
37,Blue-Collar,Married,Primary,No,0,Yes,No,Unknown,26,May,24,1,-1,0,Unknown,No,2023-05-26
43,Blue-Collar,Married,Unknown,Yes,-715,Yes,No,Unknown,30,May,67,3,-1,0,Unknown,No,2023-05-30
48,Admin.,Married,Unknown,No,0,Yes,No,Cellular,8,May,85,1,168,2,Failure,No,2023-05-08
27,Technician,Single,Secondary,No,769,Yes,No,Unknown,9,May,317,2,-1,0,Unknown,No,2023-05-09
33,Management,Single,Tertiary,No,0,No,No,Cellular,28,Aug,236,10,-1,0,Unknown,No,2023-08-28
29,Admin.,Single,Secondary,No,428,Yes,Yes,Cellular,7,May,54,1,345,2,Failure,No,2023-05-07
34,Management,Single,Tertiary,No,0,No,No,Cellular,5,Feb,71,1,-1,0,Unknown,No,2023-02-05
52,Management,Married,Tertiary,No,-970,Yes,No,Cellular,4,Feb,489,1,-1,0,Unknown,Yes,2023-02-04
60,Management,Married,Unknown,No,6313,No,No,Unknown,19,Jun,39,2,-1,0,Unknown,No,2023-06-19
32,Management,Divorced,Tertiary,No,948,No,No,Cellular,12,Aug,204,2,-1,0,Unknown,No,2023-08-12
32,Management,Single,Tertiary,No,0,Yes,No,Cellular,22,Jul,455,2,-1,0,Unknown,No,2023-07-22
56,Services,Divorced,Unknown,No,1877,Yes,No,Unknown,30,May,86,1,-1,0,Unknown,No,2023-05-30
31,Management,Single,Tertiary,No,874,Yes,No,Cellular,18,Nov,190,2,-1,0,Unknown,No,2023-11-18
42,Admin.,Married,Secondary,No,323,Yes,Yes,Unknown,8,May,280,2,-1,0,Unknown,No,2023-05-08
35,Management,Married,Tertiary,No,106,No,Yes,Cellular,11,Aug,588,2,-1,0,Unknown,No,2023-08-11
56,Retired,Married,Primary,No,1906,No,Yes,Unknown,19,Jun,45,9,-1,0,Unknown,No,2023-06-19
48,Technician,Married,Secondary,No,1152,Yes,No,Cellular,21,Jul,168,5,-1,0,Unknown,No,2023-07-21
46,Admin.,Married,Secondary,No,179,Yes,No,Cellular,29,Jan,194,4,436,1,Other,No,2023-01-29
37,Technician,Single,Unknown,No,391,Yes,No,Unknown,8,May,103,3,-1,0,Unknown,No,2023-05-08
41,Entrepreneur,Married,Unknown,No,89,Yes,No,Unknown,6,May,333,2,-1,0,Unknown,No,2023-05-06
36,Management,Single,Tertiary,No,442,Yes,Yes,Cellular,29,Jul,102,3,-1,0,Unknown,No,2023-07-29
45,Unemployed,Divorced,Primary,Yes,-249,Yes,Yes,Unknown,1,Jul,92,1,-1,0,Unknown,No,2023-07-01
55,Entrepreneur,Married,Secondary,No,8104,No,No,Cellular,6,Feb,213,2,-1,0,Unknown,No,2023-02-06
39,Technician,Married,Secondary,No,501,No,No,Unknown,26,May,289,1,-1,0,Unknown,No,2023-05-26
35,Technician,Divorced,Secondary,No,308,No,No,Cellular,22,Aug,77,2,-1,0,Unknown,No,2023-08-22
55,Admin.,Married,Secondary,No,602,No,No,Cellular,1,Jun,324,3,90,2,Success,Yes,2023-06-01
55,Technician,Married,Secondary,No,273,Yes,No,Cellular,29,Jan,84,3,183,3,Failure,No,2023-01-29
27,Self-Employed,Single,Secondary,No,50,No,No,Cellular,29,Jan,168,1,-1,0,Unknown,No,2023-01-29
34,Technician,Married,Secondary,No,1641,Yes,No,Cellular,17,Apr,380,1,-1,0,Unknown,No,2023-04-17
34,Blue-Collar,Married,Tertiary,No,20,No,No,Unknown,4,Oct,10,1,-1,0,Unknown,No,2023-10-04
25,Admin.,Single,Secondary,No,4590,Yes,No,Unknown,28,May,199,2,-1,0,Unknown,No,2023-05-28
41,Admin.,Single,Secondary,No,-256,No,Yes,Unknown,9,May,35,3,-1,0,Unknown,No,2023-05-09
43,Services,Married,Secondary,No,978,Yes,Yes,Unknown,26,May,82,2,-1,0,Unknown,No,2023-05-26
28,Management,Single,Tertiary,No,80,No,No,Cellular,20,Oct,676,2,146,2,Failure,Yes,2023-10-20
31,Admin.,Single,Secondary,No,2104,Yes,No,Unknown,3,Jun,455,1,-1,0,Unknown,No,2023-06-03
78,Housemaid,Married,Secondary,No,499,No,No,Telephone,16,Mar,80,4,-1,0,Unknown,No,2023-03-16
45,Blue-Collar,Divorced,Secondary,No,1269,Yes,No,Cellular,29,Jan,549,2,-1,0,Unknown,No,2023-01-29
48,Technician,Married,Tertiary,No,310,No,No,Unknown,6,May,135,1,-1,0,Unknown,No,2023-05-06
32,Blue-Collar,Single,Secondary,No,1143,Yes,Yes,Cellular,10,Jul,412,1,-1,0,Unknown,No,2023-07-10
42,Technician,Married,Secondary,No,2980,No,No,Unknown,20,Jun,101,3,-1,0,Unknown,No,2023-06-20
37,Management,Single,Tertiary,No,37,No,No,Cellular,28,Jan,253,2,-1,0,Unknown,No,2023-01-28
40,Admin.,Single,Secondary,No,462,Yes,Yes,Cellular,6,Apr,272,1,335,4,Other,No,2023-04-06
32,Admin.,Married,Secondary,No,1031,Yes,No,Cellular,17,Jul,84,1,-1,0,Unknown,No,2023-07-17
42,Management,Married,Tertiary,No,9009,No,No,Cellular,20,Nov,135,2,-1,0,Unknown,No,2023-11-20
43,Admin.,Married,Secondary,No,-465,Yes,Yes,Cellular,23,Jul,166,1,-1,0,Unknown,No,2023-07-23
44,Admin.,Married,Secondary,No,5181,Yes,Yes,Cellular,31,Jul,18,7,-1,0,Unknown,No,2023-07-31
37,Admin.,Married,Secondary,No,176,Yes,No,Cellular,5,May,147,2,347,1,Failure,No,2023-05-05
37,Unknown,Married,Unknown,No,1699,No,No,Unknown,9,Jun,63,1,-1,0,Unknown,No,2023-06-09
37,Admin.,Married,Tertiary,No,0,Yes,No,Cellular,17,Nov,65,2,119,1,Failure,No,2023-11-17
28,Technician,Single,Tertiary,No,172,Yes,Yes,Cellular,2,Feb,194,2,-1,0,Unknown,No,2023-02-02
32,Services,Single,Secondary,No,0,No,Yes,Cellular,11,Jul,333,2,-1,0,Unknown,No,2023-07-11
34,Admin.,Single,Secondary,No,6979,Yes,No,Cellular,15,May,14,5,-1,0,Unknown,No,2023-05-15
40,Admin.,Divorced,Secondary,No,6,No,No,Unknown,11,Jun,140,1,-1,0,Unknown,No,2023-06-11
34,Services,Married,Secondary,No,-62,Yes,No,Unknown,16,Jun,109,3,-1,0,Unknown,No,2023-06-16
34,Self-Employed,Married,Tertiary,No,1972,Yes,No,Cellular,23,Jul,61,2,-1,0,Unknown,No,2023-07-23
34,Admin.,Married,Tertiary,No,899,Yes,No,Telephone,19,Nov,377,3,7,4,Success,No,2023-11-19
37,Services,Single,Secondary,No,21,Yes,No,Cellular,2,Feb,96,1,271,2,Other,No,2023-02-02
36,Technician,Married,Secondary,No,23,Yes,No,Cellular,8,May,152,2,347,1,Failure,No,2023-05-08
56,Retired,Married,Secondary,No,-1206,Yes,No,Cellular,15,Jun,382,2,-1,0,Unknown,Yes,2023-06-15
49,Blue-Collar,Married,Primary,No,0,Yes,Yes,Telephone,23,Jul,97,6,-1,0,Unknown,No,2023-07-23
33,Self-Employed,Married,Secondary,No,215,Yes,No,Cellular,29,Jul,543,12,-1,0,Unknown,No,2023-07-29
30,Management,Single,Tertiary,No,1372,No,No,Cellular,20,Nov,240,2,-1,0,Unknown,No,2023-11-20
36,Services,Married,Secondary,No,1981,No,No,Unknown,17,Jun,48,2,-1,0,Unknown,No,2023-06-17
23,Student,Single,Secondary,No,9216,No,No,Cellular,5,Jun,471,2,-1,0,Unknown,No,2023-06-05
57,Retired,Divorced,Secondary,No,39,Yes,No,Cellular,30,Jul,354,3,-1,0,Unknown,No,2023-07-30
27,Blue-Collar,Single,Secondary,No,5563,Yes,No,Unknown,30,May,435,2,-1,0,Unknown,No,2023-05-30
38,Services,Married,Secondary,No,1,No,Yes,Cellular,21,Nov,152,2,-1,0,Unknown,No,2023-11-21
42,Technician,Married,Tertiary,No,782,No,No,Cellular,3,Apr,285,1,-1,0,Unknown,No,2023-04-03
75,Retired,Married,Secondary,No,3771,No,No,Telephone,15,Apr,185,1,181,2,Success,Yes,2023-04-15
34,Technician,Single,Tertiary,No,992,Yes,No,Cellular,4,May,301,1,88,2,Success,No,2023-05-04
48,Technician,Married,Secondary,No,1526,No,No,Cellular,6,Aug,273,2,-1,0,Unknown,No,2023-08-06
35,Technician,Single,Tertiary,No,2658,Yes,No,Cellular,19,Aug,768,2,141,3,Failure,Yes,2023-08-19
39,Management,Divorced,Tertiary,No,1315,Yes,No,Cellular,19,Nov,1337,4,126,1,Failure,No,2023-11-19
29,Blue-Collar,Single,Tertiary,No,455,No,No,Telephone,21,Apr,403,1,-1,0,Unknown,Yes,2023-04-21
45,Technician,Single,Tertiary,No,0,Yes,No,Cellular,18,Nov,139,2,-1,0,Unknown,No,2023-11-18
42,Technician,Married,Secondary,No,2030,Yes,Yes,Cellular,9,Jul,196,1,-1,0,Unknown,No,2023-07-09
29,Technician,Married,Secondary,No,1599,Yes,No,Cellular,8,Jul,115,1,61,1,Failure,No,2023-07-08
38,Services,Single,Secondary,No,-196,Yes,No,Cellular,2,Feb,60,1,271,1,Failure,No,2023-02-02
56,Retired,Married,Secondary,No,1333,No,No,Cellular,28,Aug,17,14,-1,0,Unknown,No,2023-08-28
36,Technician,Single,Secondary,No,9149,Yes,No,Cellular,13,Aug,141,3,-1,0,Unknown,No,2023-08-13
25,Blue-Collar,Single,Secondary,No,-350,Yes,No,Unknown,23,Jun,95,3,-1,0,Unknown,No,2023-06-23
38,Technician,Married,Tertiary,No,432,Yes,No,Cellular,15,May,10,2,373,1,Other,No,2023-05-15
57,Self-Employed,Married,Secondary,No,11494,No,No,Cellular,19,Nov,198,1,-1,0,Unknown,No,2023-11-19
31,Management,Married,Tertiary,Yes,-253,No,No,Cellular,12,Aug,220,4,-1,0,Unknown,No,2023-08-12
42,Management,Married,Tertiary,No,372,Yes,No,Cellular,3,Aug,654,2,-1,0,Unknown,Yes,2023-08-03
45,Technician,Married,Secondary,No,1410,No,No,Cellular,11,Aug,71,2,-1,0,Unknown,No,2023-08-11
30,Blue-Collar,Married,Secondary,No,975,Yes,No,Cellular,13,May,256,2,351,2,Failure,No,2023-05-13
49,Blue-Collar,Married,Primary,No,305,Yes,Yes,Telephone,10,Jul,834,10,-1,0,Unknown,No,2023-07-10
49,Services,Married,Secondary,No,400,No,No,Cellular,21,Aug,151,3,-1,0,Unknown,No,2023-08-21
53,Retired,Married,Tertiary,No,-22,Yes,No,Cellular,31,Jul,20,3,-1,0,Unknown,No,2023-07-31
37,Technician,Married,Secondary,No,4030,Yes,No,Unknown,26,May,178,5,-1,0,Unknown,No,2023-05-26
49,Blue-Collar,Married,Primary,No,365,No,No,Unknown,26,May,59,2,-1,0,Unknown,No,2023-05-26
41,Self-Employed,Married,Primary,No,204,No,No,Cellular,13,Aug,111,7,-1,0,Unknown,No,2023-08-13
54,Management,Married,Primary,No,1691,Yes,No,Cellular,20,Nov,186,1,-1,0,Unknown,No,2023-11-20
32,Services,Single,Secondary,No,406,Yes,No,Unknown,6,May,227,1,-1,0,Unknown,No,2023-05-06
33,Technician,Married,Secondary,No,-204,No,No,Cellular,15,May,297,3,-1,0,Unknown,No,2023-05-15
33,Technician,Married,Secondary,No,359,Yes,No,Cellular,20,Apr,210,1,242,1,Other,No,2023-04-20
36,Blue-Collar,Married,Primary,No,123,Yes,No,Cellular,18,May,9,1,-1,0,Unknown,No,2023-05-18
35,Technician,Married,Tertiary,No,0,Yes,Yes,Cellular,23,Sep,112,1,62,6,Other,No,2023-09-23
52,Unknown,Married,Secondary,No,142,No,No,Cellular,25,Aug,112,6,-1,0,Unknown,No,2023-08-25
40,Entrepreneur,Married,Tertiary,No,3571,No,No,Unknown,9,Jun,222,3,-1,0,Unknown,No,2023-06-09
44,Technician,Single,Secondary,No,33,Yes,No,Cellular,13,May,195,3,351,10,Failure,No,2023-05-13
45,Blue-Collar,Single,Secondary,No,0,Yes,No,Cellular,26,Jul,768,2,91,5,Success,No,2023-07-26
30,Student,Single,Secondary,No,3096,No,No,Cellular,26,Jan,123,1,-1,0,Unknown,No,2023-01-26
48,Technician,Divorced,Secondary,Yes,20,No,No,Cellular,27,Aug,145,3,-1,0,Unknown,No,2023-08-27
33,Blue-Collar,Married,Secondary,No,3576,Yes,No,Cellular,2,Apr,124,1,308,2,Other,No,2023-04-02
57,Technician,Married,Unknown,No,206,Yes,No,Unknown,5,May,216,3,-1,0,Unknown,No,2023-05-05
57,Housemaid,Married,Primary,No,7082,No,No,Unknown,6,Jun,69,3,-1,0,Unknown,No,2023-06-06
51,Unemployed,Married,Tertiary,No,1634,Yes,No,Cellular,22,Jul,168,4,-1,0,Unknown,No,2023-07-22
34,Admin.,Single,Secondary,No,1,Yes,No,Cellular,22,Jul,483,7,-1,0,Unknown,No,2023-07-22
50,Self-Employed,Married,Tertiary,No,4012,No,No,Cellular,19,Nov,690,3,-1,0,Unknown,No,2023-11-19
44,Management,Married,Tertiary,No,3762,No,No,Cellular,28,Aug,125,12,-1,0,Unknown,No,2023-08-28
27,Admin.,Married,Secondary,No,-247,Yes,Yes,Unknown,4,Jun,344,2,-1,0,Unknown,No,2023-06-04
50,Blue-Collar,Married,Secondary,No,606,Yes,No,Unknown,14,May,673,2,-1,0,Unknown,No,2023-05-14
36,Management,Married,Tertiary,No,0,Yes,No,Cellular,28,Jan,60,1,250,1,Other,No,2023-01-28
42,Management,Married,Secondary,No,-189,Yes,No,Unknown,12,May,247,2,-1,0,Unknown,No,2023-05-12
32,Unemployed,Single,Secondary,No,0,No,No,Cellular,27,May,123,2,-1,0,Unknown,No,2023-05-27
42,Management,Married,Tertiary,No,484,Yes,No,Cellular,11,Jul,144,2,-1,0,Unknown,No,2023-07-11
43,Technician,Married,Secondary,No,0,No,Yes,Cellular,8,May,9,2,172,5,Failure,No,2023-05-08
31,Management,Married,Tertiary,No,395,Yes,No,Cellular,9,Feb,155,3,-1,0,Unknown,No,2023-02-09
32,Management,Married,Tertiary,No,2349,No,No,Cellular,14,Aug,134,5,-1,0,Unknown,No,2023-08-14
55,Blue-Collar,Divorced,Primary,No,410,No,Yes,Cellular,11,Jul,221,2,-1,0,Unknown,No,2023-07-11
58,Retired,Married,Primary,No,3401,Yes,No,Cellular,3,Feb,84,3,265,2,Failure,No,2023-02-03
46,Blue-Collar,Married,Primary,No,222,No,No,Cellular,8,Aug,71,2,-1,0,Unknown,No,2023-08-08
55,Blue-Collar,Married,Secondary,No,989,Yes,Yes,Unknown,23,May,246,4,-1,0,Unknown,No,2023-05-23
34,Management,Married,Tertiary,No,415,No,Yes,Cellular,23,Jul,361,2,-1,0,Unknown,No,2023-07-23
28,Unemployed,Single,Secondary,No,16,No,No,Cellular,12,Aug,119,4,-1,0,Unknown,No,2023-08-12
42,Technician,Divorced,Tertiary,No,7190,Yes,No,Cellular,29,Jul,375,2,-1,0,Unknown,No,2023-07-29
29,Blue-Collar,Single,Secondary,No,482,No,Yes,Cellular,10,Jul,1097,3,-1,0,Unknown,Yes,2023-07-10
54,Housemaid,Married,Secondary,No,209,Yes,Yes,Cellular,25,Jul,97,1,-1,0,Unknown,No,2023-07-25
32,Technician,Single,Secondary,No,0,No,No,Cellular,26,Aug,181,2,-1,0,Unknown,No,2023-08-26
39,Technician,Single,Tertiary,No,5803,No,No,Cellular,2,Feb,83,3,-1,0,Unknown,No,2023-02-02
53,Entrepreneur,Married,Tertiary,No,624,No,Yes,Cellular,21,Jul,180,4,-1,0,Unknown,No,2023-07-21
58,Technician,Married,Tertiary,No,883,No,No,Cellular,18,Aug,543,1,78,2,Failure,No,2023-08-18
40,Self-Employed,Married,Secondary,No,1516,Yes,Yes,Unknown,23,May,373,1,-1,0,Unknown,No,2023-05-23
29,Student,Single,Secondary,No,872,Yes,No,Unknown,7,May,230,1,-1,0,Unknown,No,2023-05-07
33,Technician,Married,Tertiary,No,-988,Yes,Yes,Cellular,15,Jul,83,3,-1,0,Unknown,No,2023-07-15
38,Admin.,Single,Secondary,No,902,Yes,No,Telephone,31,Jul,58,13,-1,0,Unknown,No,2023-07-31
56,Services,Divorced,Secondary,No,1007,No,No,Cellular,29,Jul,88,6,-1,0,Unknown,No,2023-07-29
40,Services,Married,Secondary,No,0,Yes,No,Cellular,2,Jun,297,1,28,3,Failure,No,2023-06-02
24,Blue-Collar,Single,Secondary,No,174,Yes,Yes,Cellular,18,May,487,1,-1,0,Unknown,Yes,2023-05-18
46,Management,Married,Secondary,No,12186,No,No,Unknown,20,Jun,29,3,-1,0,Unknown,No,2023-06-20
35,Self-Employed,Married,Secondary,No,524,Yes,No,Cellular,21,Nov,484,4,-1,0,Unknown,No,2023-11-21
35,Blue-Collar,Single,Tertiary,No,0,Yes,No,Cellular,21,Jul,262,4,-1,0,Unknown,No,2023-07-21
34,Technician,Married,Secondary,No,4,Yes,No,Unknown,15,May,644,1,-1,0,Unknown,No,2023-05-15
35,Housemaid,Married,Tertiary,No,11219,No,No,Cellular,12,Aug,699,2,79,1,Failure,No,2023-08-12
38,Technician,Single,Tertiary,No,0,No,No,Cellular,28,Aug,247,2,-1,0,Unknown,No,2023-08-28
50,Blue-Collar,Married,Primary,No,5776,No,No,Cellular,18,Nov,49,3,-1,0,Unknown,No,2023-11-18
51,Blue-Collar,Divorced,Primary,No,37,Yes,No,Cellular,13,May,341,1,-1,0,Unknown,No,2023-05-13
59,Self-Employed,Married,Tertiary,No,593,No,No,Unknown,13,May,64,2,-1,0,Unknown,No,2023-05-13
32,Blue-Collar,Married,Secondary,No,1148,Yes,No,Cellular,20,Apr,121,1,-1,0,Unknown,No,2023-04-20
37,Blue-Collar,Single,Secondary,No,3561,Yes,No,Unknown,2,Jun,98,1,-1,0,Unknown,No,2023-06-02
42,Admin.,Divorced,Secondary,No,63,No,No,Unknown,16,May,88,6,-1,0,Unknown,No,2023-05-16
40,Student,Married,Secondary,No,260,No,No,Unknown,20,Jun,197,6,-1,0,Unknown,No,2023-06-20
28,Technician,Single,Tertiary,No,2269,Yes,No,Unknown,9,May,331,1,-1,0,Unknown,No,2023-05-09
47,Admin.,Married,Secondary,No,1060,Yes,No,Unknown,6,Jun,83,3,-1,0,Unknown,No,2023-06-06
27,Self-Employed,Married,Secondary,No,-220,Yes,No,Unknown,26,May,138,2,-1,0,Unknown,No,2023-05-26
41,Management,Married,Tertiary,No,49,Yes,No,Cellular,17,Jul,312,5,-1,0,Unknown,No,2023-07-17
34,Admin.,Married,Tertiary,No,69,No,Yes,Cellular,4,Aug,120,3,1,6,Success,Yes,2023-08-04
50,Blue-Collar,Married,Primary,No,4108,Yes,No,Cellular,7,Aug,526,2,-1,0,Unknown,Yes,2023-08-07
47,Blue-Collar,Married,Secondary,No,480,Yes,No,Unknown,28,May,211,2,-1,0,Unknown,No,2023-05-28
53,Services,Married,Secondary,No,4994,No,No,Cellular,18,Aug,62,6,-1,0,Unknown,No,2023-08-18
53,Technician,Divorced,Secondary,No,0,Yes,Yes,Cellular,15,Jul,135,5,-1,0,Unknown,No,2023-07-15
47,Management,Married,Tertiary,No,3681,No,No,Cellular,14,Aug,101,2,-1,0,Unknown,No,2023-08-14
49,Entrepreneur,Divorced,Unknown,Yes,-701,Yes,No,Cellular,30,Jul,988,2,-1,0,Unknown,Yes,2023-07-30
29,Management,Married,Tertiary,No,451,No,No,Cellular,28,Jan,451,1,-1,0,Unknown,No,2023-01-28
45,Blue-Collar,Divorced,Primary,No,-311,Yes,No,Unknown,23,May,1030,1,-1,0,Unknown,Yes,2023-05-23
38,Entrepreneur,Married,Secondary,No,593,Yes,Yes,Cellular,24,Jul,1484,24,-1,0,Unknown,Yes,2023-07-24
32,Blue-Collar,Married,Secondary,No,759,Yes,No,Cellular,9,Apr,317,5,-1,0,Unknown,Yes,2023-04-09
70,Retired,Divorced,Primary,No,4531,No,No,Cellular,18,May,445,1,-1,0,Unknown,No,2023-05-18
65,Retired,Divorced,Primary,No,1840,No,No,Cellular,1,Jun,383,2,188,5,Failure,No,2023-06-01
56,Blue-Collar,Married,Secondary,No,345,Yes,No,Telephone,22,Jul,605,1,-1,0,Unknown,No,2023-07-22
35,Blue-Collar,Married,Secondary,No,1287,Yes,No,Cellular,14,Jul,330,2,-1,0,Unknown,No,2023-07-14
56,Management,Married,Unknown,No,353,No,Yes,Cellular,25,Jul,171,2,-1,0,Unknown,No,2023-07-25
56,Technician,Married,Secondary,No,205,No,Yes,Cellular,23,Jul,442,2,-1,0,Unknown,No,2023-07-23
49,Entrepreneur,Married,Secondary,No,687,Yes,No,Cellular,17,Apr,772,1,-1,0,Unknown,Yes,2023-04-17
38,Unemployed,Married,Primary,No,1147,Yes,Yes,Unknown,8,May,249,5,-1,0,Unknown,No,2023-05-08
35,Management,Married,Tertiary,No,4286,Yes,No,Unknown,9,May,357,1,-1,0,Unknown,No,2023-05-09
38,Admin.,Married,Tertiary,No,605,No,No,Cellular,18,Nov,147,2,-1,0,Unknown,No,2023-11-18
49,Blue-Collar,Married,Secondary,No,8545,Yes,Yes,Cellular,6,May,199,7,167,1,Failure,No,2023-05-06
55,Management,Married,Unknown,No,559,No,No,Cellular,28,Jan,271,2,-1,0,Unknown,No,2023-01-28
43,Blue-Collar,Single,Primary,No,2,Yes,No,Cellular,30,Jul,783,3,-1,0,Unknown,No,2023-07-30
43,Management,Married,Tertiary,No,2,No,Yes,Cellular,20,Aug,472,2,-1,0,Unknown,No,2023-08-20
25,Admin.,Single,Tertiary,No,760,Yes,No,Cellular,27,May,223,3,89,2,Failure,Yes,2023-05-27
30,Blue-Collar,Married,Primary,No,1317,Yes,No,Unknown,21,May,395,2,-1,0,Unknown,No,2023-05-21
46,Blue-Collar,Married,Secondary,No,182,No,No,Cellular,4,Feb,56,1,-1,0,Unknown,No,2023-02-04
50,Admin.,Married,Primary,No,276,No,Yes,Unknown,17,Jun,641,6,-1,0,Unknown,No,2023-06-17
35,Entrepreneur,Married,Secondary,No,2971,No,No,Cellular,4,May,429,4,164,2,Failure,Yes,2023-05-04
26,Unemployed,Single,Secondary,No,1064,No,No,Unknown,31,May,113,1,-1,0,Unknown,No,2023-05-31
45,Admin.,Married,Unknown,No,1783,No,No,Unknown,20,Jun,11,11,-1,0,Unknown,No,2023-06-20
37,Blue-Collar,Married,Secondary,No,-67,No,No,Cellular,2,Feb,157,1,-1,0,Unknown,No,2023-02-02
60,Self-Employed,Single,Tertiary,No,179,No,Yes,Cellular,29,Jul,79,4,-1,0,Unknown,No,2023-07-29
38,Management,Married,Tertiary,No,1199,No,No,Cellular,4,Aug,178,1,1,1,Success,Yes,2023-08-04
47,Blue-Collar,Married,Primary,No,214,Yes,Yes,Unknown,9,Jun,168,1,-1,0,Unknown,No,2023-06-09
33,Technician,Married,Secondary,No,6699,No,No,Cellular,9,Nov,425,1,462,1,Failure,No,2023-11-09
51,Unemployed,Married,Secondary,No,1760,No,Yes,Cellular,19,Nov,162,1,-1,0,Unknown,No,2023-11-19
35,Entrepreneur,Single,Tertiary,No,145,Yes,No,Cellular,18,Jul,799,2,-1,0,Unknown,Yes,2023-07-18
35,Unemployed,Married,Secondary,No,978,No,No,Cellular,29,Dec,1370,3,209,3,Success,Yes,2023-12-29
48,Admin.,Single,Secondary,No,1150,Yes,No,Unknown,28,May,357,1,-1,0,Unknown,No,2023-05-28
37,Admin.,Married,Secondary,No,121,No,No,Cellular,22,Jul,22,6,-1,0,Unknown,No,2023-07-22
29,Technician,Single,Tertiary,No,828,Yes,No,Cellular,16,Apr,215,3,321,3,Other,No,2023-04-16
34,Admin.,Married,Secondary,No,244,Yes,No,Cellular,31,Jul,56,4,-1,0,Unknown,No,2023-07-31
32,Services,Married,Primary,No,228,Yes,No,Cellular,21,Jul,1017,6,-1,0,Unknown,Yes,2023-07-21
30,Management,Single,Tertiary,No,424,No,No,Cellular,16,Apr,298,4,-1,0,Unknown,Yes,2023-04-16
47,Management,Divorced,Tertiary,No,447,No,Yes,Unknown,7,May,126,1,-1,0,Unknown,No,2023-05-07
33,Blue-Collar,Married,Primary,No,-195,No,No,Unknown,20,Sep,9,1,-1,0,Unknown,No,2023-09-20
33,Management,Single,Tertiary,No,1410,Yes,No,Cellular,5,Feb,8,1,254,5,Failure,No,2023-02-05
63,Retired,Married,Primary,No,1084,No,No,Cellular,14,Oct,201,1,183,1,Success,No,2023-10-14
51,Self-Employed,Divorced,Primary,No,10924,No,No,Cellular,6,May,106,2,-1,0,Unknown,No,2023-05-06
41,Management,Married,Tertiary,No,832,Yes,Yes,Cellular,21,Nov,164,1,176,1,Failure,No,2023-11-21
56,Retired,Married,Tertiary,No,478,No,No,Cellular,5,Feb,97,1,-1,0,Unknown,No,2023-02-05
60,Management,Single,Tertiary,No,0,No,Yes,Cellular,23,Jul,151,1,-1,0,Unknown,No,2023-07-23
41,Self-Employed,Single,Tertiary,No,3950,Yes,No,Unknown,30,May,96,2,-1,0,Unknown,No,2023-05-30
37,Management,Single,Unknown,No,504,Yes,No,Cellular,16,Apr,555,1,-1,0,Unknown,No,2023-04-16
36,Blue-Collar,Single,Secondary,No,219,Yes,Yes,Cellular,11,May,270,2,347,1,Failure,No,2023-05-11
57,Management,Married,Tertiary,No,1602,No,No,Cellular,29,Jul,339,3,-1,0,Unknown,No,2023-07-29
55,Management,Married,Primary,No,2587,No,No,Cellular,4,Sep,328,2,94,2,Success,Yes,2023-09-04
44,Admin.,Married,Secondary,No,0,Yes,Yes,Unknown,16,May,159,1,-1,0,Unknown,No,2023-05-16
47,Self-Employed,Married,Tertiary,No,2303,Yes,No,Cellular,6,May,323,2,364,1,Failure,No,2023-05-06
31,Blue-Collar,Married,Secondary,No,1660,Yes,No,Cellular,20,Apr,342,1,-1,0,Unknown,No,2023-04-20
35,Management,Married,Tertiary,Yes,32,Yes,No,Cellular,21,Nov,180,1,-1,0,Unknown,No,2023-11-21
39,Management,Married,Tertiary,No,278,No,Yes,Cellular,28,Jul,60,3,-1,0,Unknown,No,2023-07-28
50,Management,Married,Tertiary,No,4,No,No,Cellular,17,Nov,223,1,96,2,Failure,No,2023-11-17
29,Management,Married,Tertiary,No,318,Yes,No,Cellular,18,May,1434,2,356,4,Failure,No,2023-05-18
30,Services,Single,Secondary,No,209,Yes,No,Unknown,6,May,30,2,-1,0,Unknown,No,2023-05-06
46,Services,Married,Secondary,No,271,Yes,No,Unknown,16,May,134,4,-1,0,Unknown,No,2023-05-16
27,Management,Single,Unknown,No,3196,No,No,Cellular,9,Feb,10,2,-1,0,Unknown,No,2023-02-09
48,Admin.,Divorced,Secondary,No,4099,No,No,Cellular,2,Apr,397,2,-1,0,Unknown,Yes,2023-04-02
26,Student,Single,Secondary,No,2572,Yes,No,Cellular,5,May,620,1,-1,0,Unknown,No,2023-05-05
36,Management,Single,Tertiary,No,339,No,No,Cellular,21,Nov,6,6,-1,0,Unknown,No,2023-11-21
42,Blue-Collar,Married,Primary,No,0,Yes,Yes,Cellular,7,May,209,2,-1,0,Unknown,No,2023-05-07
50,Housemaid,Married,Primary,No,395,Yes,No,Unknown,15,May,419,2,-1,0,Unknown,No,2023-05-15
49,Blue-Collar,Married,Secondary,No,2039,Yes,No,Cellular,18,Nov,283,2,-1,0,Unknown,No,2023-11-18
45,Management,Married,Tertiary,No,5450,No,No,Cellular,8,Aug,188,2,-1,0,Unknown,No,2023-08-08
23,Student,Single,Secondary,No,780,No,No,Cellular,16,Sep,267,1,-1,0,Unknown,No,2023-09-16
38,Technician,Single,Secondary,No,0,Yes,No,Cellular,7,Apr,196,2,-1,0,Unknown,No,2023-04-07
32,Management,Single,Tertiary,No,8436,Yes,No,Cellular,17,Apr,245,1,149,2,Failure,No,2023-04-17
60,Technician,Single,Primary,No,11262,No,No,Cellular,26,Aug,323,1,-1,0,Unknown,Yes,2023-08-26
30,Entrepreneur,Married,Secondary,No,946,Yes,No,Cellular,19,Nov,1065,1,183,1,Other,No,2023-11-19
58,Housemaid,Married,Tertiary,No,497,No,No,Unknown,11,Jun,138,5,-1,0,Unknown,No,2023-06-11
60,Retired,Married,Primary,No,55,No,No,Cellular,4,Jun,207,1,-1,0,Unknown,No,2023-06-04
38,Services,Married,Secondary,No,-140,No,No,Unknown,25,Jun,456,3,-1,0,Unknown,No,2023-06-25
51,Technician,Married,Secondary,No,-379,Yes,No,Cellular,5,Aug,261,1,-1,0,Unknown,No,2023-08-05
42,Admin.,Married,Secondary,No,-396,Yes,No,Cellular,11,May,80,1,308,4,Failure,No,2023-05-11
30,Services,Single,Secondary,No,0,Yes,No,Cellular,18,May,131,6,363,9,Failure,No,2023-05-18
40,Management,Married,Primary,No,733,Yes,No,Unknown,6,Jun,94,7,-1,0,Unknown,No,2023-06-06
37,Management,Married,Tertiary,No,393,Yes,No,Cellular,14,May,567,3,275,4,Failure,Yes,2023-05-14
53,Technician,Divorced,Primary,No,7290,Yes,No,Unknown,30,May,153,1,-1,0,Unknown,No,2023-05-30
27,Services,Single,Secondary,No,468,Yes,No,Cellular,13,May,109,1,-1,0,Unknown,No,2023-05-13
39,Blue-Collar,Married,Secondary,No,0,Yes,No,Cellular,30,Apr,53,1,325,1,Failure,No,2023-04-30
39,Blue-Collar,Married,Primary,No,3705,Yes,No,Unknown,16,Jun,77,1,-1,0,Unknown,No,2023-06-16
59,Retired,Married,Tertiary,No,9676,No,No,Telephone,27,Mar,234,2,-1,0,Unknown,Yes,2023-03-27
37,Services,Married,Secondary,No,1328,Yes,No,Telephone,13,May,121,2,341,4,Failure,No,2023-05-13
41,Blue-Collar,Married,Primary,No,8,Yes,No,Cellular,15,Jul,155,2,-1,0,Unknown,No,2023-07-15
45,Blue-Collar,Married,Primary,No,61,No,No,Cellular,17,Apr,108,1,-1,0,Unknown,No,2023-04-17
48,Management,Married,Tertiary,No,6613,No,No,Unknown,17,Jun,159,3,-1,0,Unknown,No,2023-06-17
48,Technician,Married,Secondary,No,302,Yes,No,Unknown,26,May,208,3,-1,0,Unknown,No,2023-05-26
32,Blue-Collar,Married,Secondary,No,1005,No,No,Cellular,12,May,215,1,-1,0,Unknown,No,2023-05-12
35,Services,Married,Secondary,No,109,Yes,No,Unknown,6,May,597,3,-1,0,Unknown,No,2023-05-06
33,Management,Single,Tertiary,No,1240,Yes,No,Cellular,4,Feb,505,2,260,1,Other,No,2023-02-04
28,Blue-Collar,Single,Primary,No,0,Yes,Yes,Unknown,3,Jun,380,4,-1,0,Unknown,No,2023-06-03
64,Retired,Married,Unknown,No,2923,No,No,Cellular,12,Mar,120,1,-1,0,Unknown,No,2023-03-12
35,Technician,Married,Secondary,No,0,No,No,Cellular,27,Aug,106,4,-1,0,Unknown,No,2023-08-27
33,Blue-Collar,Married,Secondary,No,43,Yes,No,Cellular,14,May,332,2,358,2,Failure,No,2023-05-14
41,Technician,Married,Secondary,No,288,Yes,No,Unknown,15,May,221,4,-1,0,Unknown,No,2023-05-15
34,Admin.,Married,Secondary,No,613,Yes,No,Cellular,4,Jun,80,1,-1,0,Unknown,No,2023-06-04
37,Technician,Single,Tertiary,No,6101,No,No,Cellular,4,May,60,5,87,1,Success,No,2023-05-04
38,Blue-Collar,Married,Primary,No,168,Yes,Yes,Telephone,13,May,212,3,-1,0,Unknown,No,2023-05-13
39,Blue-Collar,Married,Primary,No,7685,Yes,No,Cellular,14,Apr,493,3,-1,0,Unknown,No,2023-04-14
35,Technician,Divorced,Tertiary,No,4515,Yes,No,Cellular,19,Nov,98,2,-1,0,Unknown,No,2023-11-19
28,Blue-Collar,Single,Secondary,No,517,No,Yes,Cellular,8,Jul,681,1,-1,0,Unknown,Yes,2023-07-08
27,Blue-Collar,Single,Secondary,No,148,No,No,Cellular,22,Jul,203,1,-1,0,Unknown,No,2023-07-22
48,Retired,Married,Primary,Yes,-285,No,Yes,Cellular,19,Nov,157,1,-1,0,Unknown,No,2023-11-19
50,Blue-Collar,Married,Secondary,No,887,No,No,Unknown,16,Jun,287,1,-1,0,Unknown,No,2023-06-16
45,Self-Employed,Married,Secondary,No,3098,Yes,No,Cellular,7,Aug,159,2,-1,0,Unknown,No,2023-08-07
41,Technician,Married,Tertiary,No,744,Yes,No,Unknown,14,May,125,1,-1,0,Unknown,No,2023-05-14
39,Technician,Married,Secondary,No,130,No,No,Cellular,8,Jul,202,2,-1,0,Unknown,No,2023-07-08
44,Management,Married,Secondary,No,438,Yes,No,Telephone,8,May,37,3,303,1,Failure,No,2023-05-08
54,Admin.,Married,Secondary,No,0,No,No,Cellular,28,Jan,161,1,98,2,Failure,Yes,2023-01-28
49,Management,Married,Tertiary,No,322,No,No,Cellular,6,Aug,72,4,-1,0,Unknown,No,2023-08-06
34,Blue-Collar,Single,Secondary,No,186,No,No,Cellular,2,Feb,342,1,-1,0,Unknown,No,2023-02-02
75,Retired,Divorced,Tertiary,No,3810,Yes,No,Cellular,16,Nov,262,1,183,1,Failure,Yes,2023-11-16
42,Management,Married,Tertiary,No,0,No,No,Cellular,13,Aug,325,2,-1,0,Unknown,No,2023-08-13
53,Blue-Collar,Married,Secondary,No,4380,No,No,Telephone,19,Aug,223,7,-1,0,Unknown,No,2023-08-19
49,Management,Divorced,Tertiary,No,755,No,No,Cellular,31,Jul,1212,4,-1,0,Unknown,Yes,2023-07-31
31,Services,Single,Secondary,No,2070,No,No,Cellular,29,Aug,319,2,-1,0,Unknown,No,2023-08-29
45,Blue-Collar,Single,Primary,No,999,No,No,Cellular,29,Jan,182,2,-1,0,Unknown,No,2023-01-29
39,Self-Employed,Married,Secondary,No,167,Yes,Yes,Cellular,17,Jul,330,1,-1,0,Unknown,No,2023-07-17
46,Technician,Married,Secondary,No,1322,Yes,Yes,Cellular,19,Nov,514,1,-1,0,Unknown,No,2023-11-19
42,Admin.,Divorced,Secondary,No,1076,Yes,No,Unknown,14,May,213,1,-1,0,Unknown,No,2023-05-14
37,Management,Married,Tertiary,No,502,Yes,No,Cellular,7,May,551,1,351,1,Failure,No,2023-05-07
26,Technician,Single,Tertiary,No,1216,Yes,No,Cellular,16,Apr,472,2,-1,0,Unknown,No,2023-04-16
37,Management,Single,Tertiary,No,876,Yes,No,Cellular,15,Apr,140,4,327,2,Failure,No,2023-04-15
36,Services,Single,Secondary,No,342,Yes,No,Unknown,7,May,142,1,-1,0,Unknown,No,2023-05-07
29,Blue-Collar,Single,Primary,No,950,Yes,No,Unknown,4,Jun,135,3,-1,0,Unknown,No,2023-06-04
36,Blue-Collar,Married,Primary,No,973,Yes,Yes,Unknown,23,May,293,1,-1,0,Unknown,No,2023-05-23
26,Technician,Married,Tertiary,No,3825,Yes,No,Unknown,13,May,107,1,-1,0,Unknown,No,2023-05-13
32,Blue-Collar,Married,Secondary,No,2366,Yes,No,Unknown,20,May,127,2,-1,0,Unknown,No,2023-05-20
40,Management,Married,Tertiary,No,542,Yes,No,Cellular,20,Nov,1816,1,-1,0,Unknown,No,2023-11-20
53,Management,Married,Primary,No,995,No,No,Cellular,4,Feb,200,3,-1,0,Unknown,No,2023-02-04
29,Management,Married,Tertiary,No,20,Yes,No,Cellular,12,May,418,1,-1,0,Unknown,No,2023-05-12
34,Technician,Single,Tertiary,No,228,Yes,No,Cellular,22,Jul,387,4,-1,0,Unknown,No,2023-07-22
43,Blue-Collar,Married,Secondary,No,130,No,No,Cellular,5,May,156,1,337,3,Failure,No,2023-05-05
56,Management,Married,Tertiary,No,217,No,Yes,Cellular,21,Jul,121,2,-1,0,Unknown,No,2023-07-21
55,Entrepreneur,Divorced,Tertiary,No,0,No,No,Unknown,6,Jun,108,2,-1,0,Unknown,No,2023-06-06
31,Self-Employed,Married,Tertiary,No,259,Yes,No,Cellular,7,May,47,1,-1,0,Unknown,No,2023-05-07
27,Admin.,Single,Secondary,No,619,Yes,No,Cellular,20,Apr,16,5,322,4,Other,No,2023-04-20
36,Management,Married,Secondary,No,644,Yes,No,Cellular,18,Nov,54,2,-1,0,Unknown,No,2023-11-18
44,Management,Married,Tertiary,No,22,Yes,No,Cellular,6,Aug,265,2,-1,0,Unknown,No,2023-08-06
37,Admin.,Divorced,Tertiary,No,4303,Yes,No,Unknown,23,May,168,1,-1,0,Unknown,No,2023-05-23
30,Admin.,Single,Secondary,No,239,Yes,No,Cellular,7,May,115,3,-1,0,Unknown,No,2023-05-07
42,Technician,Single,Secondary,No,275,No,No,Cellular,26,Aug,31,8,-1,0,Unknown,No,2023-08-26
30,Management,Married,Tertiary,No,1221,Yes,No,Telephone,25,Jul,279,4,-1,0,Unknown,Yes,2023-07-25
62,Retired,Married,Secondary,No,816,No,No,Cellular,1,Sep,28,2,-1,0,Unknown,No,2023-09-01
24,Blue-Collar,Married,Secondary,No,1222,Yes,No,Cellular,20,Apr,369,1,-1,0,Unknown,No,2023-04-20
31,Technician,Married,Secondary,No,2363,Yes,No,Unknown,13,May,247,1,-1,0,Unknown,No,2023-05-13
66,Retired,Married,Tertiary,No,2262,No,No,Cellular,22,Apr,155,1,-1,0,Unknown,No,2023-04-22
47,Admin.,Married,Secondary,No,2,No,No,Cellular,10,Jul,89,1,-1,0,Unknown,No,2023-07-10
39,Entrepreneur,Married,Tertiary,No,2,Yes,No,Cellular,17,Nov,180,1,-1,0,Unknown,No,2023-11-17
35,Technician,Married,Secondary,No,4508,Yes,No,Cellular,18,Nov,854,1,-1,0,Unknown,Yes,2023-11-18
35,Admin.,Divorced,Secondary,No,-402,Yes,No,Cellular,17,Apr,46,1,-1,0,Unknown,No,2023-04-17
27,Technician,Married,Secondary,No,1577,Yes,Yes,Unknown,28,May,266,2,-1,0,Unknown,No,2023-05-28
32,Blue-Collar,Married,Secondary,No,34,Yes,No,Cellular,5,May,321,2,-1,0,Unknown,No,2023-05-05
44,Management,Married,Tertiary,No,795,No,No,Cellular,28,Aug,99,24,-1,0,Unknown,No,2023-08-28
42,Blue-Collar,Married,Secondary,No,117,Yes,No,Unknown,9,May,147,1,-1,0,Unknown,No,2023-05-09
34,Self-Employed,Single,Tertiary,No,5462,No,No,Cellular,30,Apr,430,1,-1,0,Unknown,Yes,2023-04-30
25,Services,Single,Secondary,No,402,No,Yes,Cellular,7,Jul,264,1,-1,0,Unknown,No,2023-07-07
40,Technician,Single,Secondary,No,641,No,No,Cellular,16,Jul,156,6,-1,0,Unknown,No,2023-07-16
43,Management,Divorced,Tertiary,No,36,No,No,Cellular,26,May,118,1,102,2,Failure,No,2023-05-26
55,Unemployed,Married,Tertiary,No,383,No,No,Unknown,6,May,343,3,-1,0,Unknown,No,2023-05-06
50,Blue-Collar,Married,Secondary,No,283,Yes,No,Cellular,7,Aug,226,3,-1,0,Unknown,No,2023-08-07
45,Management,Divorced,Tertiary,No,0,No,No,Unknown,1,Jun,5,1,-1,0,Unknown,No,2023-06-01
35,Blue-Collar,Divorced,Secondary,No,3102,Yes,No,Cellular,20,Nov,138,1,-1,0,Unknown,No,2023-11-20
32,Blue-Collar,Married,Secondary,No,889,Yes,No,Cellular,10,Sep,185,1,99,5,Success,Yes,2023-09-10
59,Housemaid,Married,Secondary,No,0,No,No,Telephone,3,Feb,722,1,99,4,Failure,No,2023-02-03
34,Self-Employed,Married,Secondary,No,-370,Yes,No,Unknown,21,May,748,1,-1,0,Unknown,No,2023-05-21
39,Management,Married,Tertiary,No,-606,Yes,No,Unknown,26,May,142,1,-1,0,Unknown,No,2023-05-26
40,Management,Single,Secondary,No,10378,Yes,No,Cellular,17,Nov,523,3,-1,0,Unknown,No,2023-11-17
36,Blue-Collar,Single,Primary,No,1313,Yes,No,Unknown,20,Jun,8,10,-1,0,Unknown,No,2023-06-20
40,Management,Married,Tertiary,No,8969,Yes,No,Cellular,17,Nov,153,1,-1,0,Unknown,No,2023-11-17
55,Self-Employed,Married,Secondary,No,-196,Yes,No,Unknown,20,May,210,2,-1,0,Unknown,No,2023-05-20
38,Entrepreneur,Married,Secondary,Yes,15,Yes,No,Cellular,10,Jul,121,1,-1,0,Unknown,No,2023-07-10
61,Admin.,Married,Secondary,No,4608,No,No,Cellular,12,Mar,212,1,-1,0,Unknown,Yes,2023-03-12
41,Management,Married,Tertiary,No,666,Yes,No,Unknown,21,May,253,3,-1,0,Unknown,No,2023-05-21
57,Blue-Collar,Married,Primary,No,452,Yes,No,Unknown,13,May,139,4,-1,0,Unknown,No,2023-05-13
48,Blue-Collar,Married,Secondary,No,149,Yes,No,Unknown,9,May,71,1,-1,0,Unknown,No,2023-05-09
77,Retired,Married,Tertiary,No,7802,No,No,Telephone,4,May,421,1,92,2,Success,Yes,2023-05-04
35,Services,Married,Secondary,No,1453,Yes,No,Unknown,28,May,199,1,-1,0,Unknown,No,2023-05-28
54,Blue-Collar,Married,Secondary,No,1480,Yes,No,Unknown,14,May,108,1,-1,0,Unknown,No,2023-05-14
37,Management,Single,Unknown,No,715,Yes,No,Unknown,20,May,247,2,-1,0,Unknown,No,2023-05-20
56,Management,Single,Secondary,No,237,Yes,No,Telephone,9,Jul,236,4,-1,0,Unknown,No,2023-07-09
40,Technician,Married,Secondary,No,694,Yes,No,Cellular,4,Feb,97,4,196,5,Failure,No,2023-02-04
40,Management,Married,Tertiary,No,0,No,No,Cellular,14,Jul,109,8,-1,0,Unknown,No,2023-07-14
54,Management,Married,Tertiary,No,55,Yes,No,Cellular,2,Jun,112,2,-1,0,Unknown,No,2023-06-02
55,Housemaid,Married,Primary,No,136,Yes,No,Unknown,19,Jun,15,10,-1,0,Unknown,No,2023-06-19
55,Services,Divorced,Secondary,Yes,-404,Yes,No,Cellular,22,Jul,502,3,-1,0,Unknown,No,2023-07-22
52,Blue-Collar,Married,Primary,No,779,Yes,No,Unknown,16,May,30,3,-1,0,Unknown,No,2023-05-16
55,Blue-Collar,Single,Primary,No,1187,Yes,No,Unknown,2,Jun,193,2,-1,0,Unknown,No,2023-06-02
33,Management,Married,Tertiary,No,641,Yes,No,Cellular,13,Aug,347,2,-1,0,Unknown,No,2023-08-13
52,Blue-Collar,Married,Unknown,No,826,Yes,No,Unknown,15,May,468,2,-1,0,Unknown,No,2023-05-15
33,Services,Divorced,Secondary,No,991,Yes,No,Unknown,27,May,148,1,-1,0,Unknown,No,2023-05-27
53,Admin.,Married,Secondary,No,1796,No,No,Telephone,16,Mar,295,1,91,2,Success,Yes,2023-03-16
46,Admin.,Married,Secondary,No,22,No,No,Cellular,26,Aug,388,6,-1,0,Unknown,Yes,2023-08-26
44,Technician,Single,Secondary,No,244,Yes,No,Cellular,12,Aug,1735,4,-1,0,Unknown,Yes,2023-08-12
48,Management,Divorced,Tertiary,No,1328,Yes,No,Unknown,6,May,339,1,-1,0,Unknown,No,2023-05-06
50,Housemaid,Married,Secondary,No,7317,Yes,No,Cellular,13,May,172,1,370,1,Failure,No,2023-05-13
34,Technician,Single,Secondary,No,4943,Yes,Yes,Cellular,19,Nov,117,2,-1,0,Unknown,No,2023-11-19
38,Technician,Single,Secondary,No,258,No,Yes,Unknown,20,Jun,587,2,-1,0,Unknown,No,2023-06-20
42,Management,Single,Tertiary,No,515,Yes,No,Cellular,19,Nov,501,2,-1,0,Unknown,No,2023-11-19
32,Management,Single,Tertiary,No,12607,No,No,Cellular,14,Aug,203,5,84,1,Failure,No,2023-08-14
58,Admin.,Married,Secondary,No,2,Yes,Yes,Telephone,25,Jul,282,9,-1,0,Unknown,No,2023-07-25
31,Management,Married,Tertiary,No,13,No,No,Cellular,28,Aug,110,5,-1,0,Unknown,No,2023-08-28
19,Student,Single,Primary,No,103,No,No,Cellular,10,Jul,104,2,-1,0,Unknown,Yes,2023-07-10
41,Management,Married,Tertiary,No,3872,No,No,Cellular,15,Oct,231,1,-1,0,Unknown,No,2023-10-15
31,Unemployed,Married,Secondary,No,296,Yes,No,Unknown,20,May,378,3,-1,0,Unknown,No,2023-05-20
52,Self-Employed,Single,Primary,No,217,No,Yes,Cellular,15,Jul,193,6,-1,0,Unknown,No,2023-07-15
42,Self-Employed,Divorced,Tertiary,No,360,Yes,No,Unknown,24,Jun,110,5,-1,0,Unknown,No,2023-06-24
41,Blue-Collar,Single,Secondary,No,428,Yes,No,Cellular,12,May,92,1,-1,0,Unknown,No,2023-05-12
30,Blue-Collar,Single,Secondary,No,315,No,No,Cellular,23,Jun,1407,1,-1,0,Unknown,Yes,2023-06-23
38,Blue-Collar,Married,Secondary,No,121,Yes,Yes,Cellular,6,Feb,168,1,212,2,Failure,No,2023-02-06
32,Management,Married,Tertiary,No,820,Yes,No,Cellular,17,Jul,738,3,-1,0,Unknown,No,2023-07-17
52,Technician,Married,Secondary,No,195,Yes,No,Cellular,18,Feb,220,1,63,5,Failure,Yes,2023-02-18
48,Management,Divorced,Tertiary,No,108,Yes,No,Unknown,27,May,89,2,-1,0,Unknown,No,2023-05-27
36,Management,Married,Tertiary,No,-381,Yes,No,Cellular,31,Jul,30,29,-1,0,Unknown,No,2023-07-31
45,Unemployed,Divorced,Primary,No,757,No,No,Cellular,20,Apr,103,1,325,4,Failure,No,2023-04-20
34,Technician,Married,Tertiary,No,691,Yes,Yes,Unknown,2,Jun,70,1,-1,0,Unknown,No,2023-06-02
36,Blue-Collar,Married,Primary,No,1925,Yes,No,Cellular,20,Apr,904,2,-1,0,Unknown,Yes,2023-04-20
34,Management,Married,Tertiary,No,902,Yes,No,Cellular,14,May,159,1,367,2,Other,No,2023-05-14
61,Retired,Married,Secondary,No,5207,No,No,Cellular,11,Sep,336,1,81,2,Other,No,2023-09-11
54,Services,Married,Secondary,No,0,No,No,Unknown,19,Jun,220,1,-1,0,Unknown,No,2023-06-19
50,Entrepreneur,Married,Secondary,No,665,No,No,Telephone,17,Nov,238,1,-1,0,Unknown,No,2023-11-17
43,Admin.,Divorced,Secondary,No,738,Yes,No,Cellular,21,Nov,585,4,191,4,Failure,No,2023-11-21
47,Blue-Collar,Married,Primary,No,233,No,No,Cellular,8,Aug,293,3,-1,0,Unknown,No,2023-08-08
45,Services,Married,Secondary,No,-839,Yes,No,Unknown,28,May,68,1,-1,0,Unknown,No,2023-05-28
57,Retired,Married,Primary,No,5799,No,No,Unknown,17,Jun,97,1,-1,0,Unknown,No,2023-06-17
27,Admin.,Married,Secondary,No,1033,Yes,No,Unknown,9,May,1713,1,-1,0,Unknown,No,2023-05-09
49,Unemployed,Divorced,Secondary,No,66,No,No,Cellular,9,Jul,218,3,-1,0,Unknown,No,2023-07-09
43,Services,Married,Primary,No,2567,Yes,No,Cellular,14,May,109,1,360,2,Failure,No,2023-05-14
40,Management,Married,Tertiary,No,1584,Yes,No,Telephone,21,Nov,661,1,-1,0,Unknown,No,2023-11-21
32,Services,Single,Secondary,No,182,Yes,No,Cellular,6,May,145,1,-1,0,Unknown,No,2023-05-06
58,Management,Married,Primary,No,76,Yes,No,Telephone,18,May,54,4,-1,0,Unknown,No,2023-05-18
34,Admin.,Single,Secondary,No,663,Yes,No,Cellular,20,Apr,111,1,-1,0,Unknown,No,2023-04-20
46,Technician,Divorced,Secondary,No,3455,Yes,No,Unknown,14,May,566,2,-1,0,Unknown,No,2023-05-14
29,Blue-Collar,Married,Secondary,No,15,No,No,Cellular,3,Jun,136,1,-1,0,Unknown,No,2023-06-03
52,Blue-Collar,Married,Primary,No,1054,No,No,Cellular,4,Aug,273,1,-1,0,Unknown,No,2023-08-04
45,Management,Married,Tertiary,No,1529,No,No,Cellular,30,Jun,160,1,-1,0,Unknown,No,2023-06-30
26,Management,Single,Secondary,No,63,No,No,Cellular,28,Jul,76,4,-1,0,Unknown,No,2023-07-28
40,Technician,Married,Tertiary,No,0,No,No,Cellular,19,Aug,44,1,-1,0,Unknown,No,2023-08-19
41,Admin.,Married,Secondary,No,920,Yes,Yes,Unknown,27,May,239,1,-1,0,Unknown,No,2023-05-27
47,Admin.,Single,Secondary,No,3696,No,No,Cellular,12,Jul,250,2,181,4,Success,Yes,2023-07-12
27,Technician,Single,Unknown,No,59,No,No,Cellular,15,Jul,792,4,-1,0,Unknown,No,2023-07-15
27,Services,Married,Secondary,No,0,Yes,No,Cellular,23,Jul,198,13,-1,0,Unknown,No,2023-07-23
48,Blue-Collar,Married,Secondary,No,157,Yes,No,Unknown,6,May,73,1,-1,0,Unknown,No,2023-05-06
49,Admin.,Married,Secondary,No,2465,No,No,Cellular,20,Aug,157,3,-1,0,Unknown,No,2023-08-20
35,Blue-Collar,Married,Primary,No,0,Yes,No,Cellular,24,Jul,90,6,-1,0,Unknown,No,2023-07-24
47,Self-Employed,Married,Secondary,Yes,2,No,No,Cellular,5,Feb,236,2,-1,0,Unknown,No,2023-02-05
54,Management,Married,Tertiary,No,0,No,No,Cellular,16,Jul,118,5,-1,0,Unknown,No,2023-07-16
39,Management,Single,Tertiary,No,12437,No,No,Telephone,18,Nov,40,1,-1,0,Unknown,No,2023-11-18
28,Student,Single,Secondary,No,378,Yes,No,Cellular,17,Apr,346,1,-1,0,Unknown,No,2023-04-17
54,Blue-Collar,Married,Primary,No,211,No,No,Unknown,19,Jun,200,2,-1,0,Unknown,No,2023-06-19
34,Technician,Married,Secondary,No,-228,Yes,No,Cellular,20,Apr,187,3,332,3,Other,No,2023-04-20
63,Retired,Married,Secondary,No,2747,No,No,Cellular,11,Sep,113,1,80,1,Failure,No,2023-09-11
42,Self-Employed,Married,Tertiary,No,1932,Yes,No,Unknown,16,May,192,32,-1,0,Unknown,No,2023-05-16
43,Technician,Single,Secondary,No,11269,No,No,Unknown,29,May,92,1,-1,0,Unknown,No,2023-05-29
37,Admin.,Married,Secondary,No,1314,Yes,No,Cellular,8,May,682,2,85,7,Success,No,2023-05-08
55,Blue-Collar,Married,Primary,No,2275,No,No,Cellular,25,Aug,139,9,-1,0,Unknown,No,2023-08-25
43,Management,Single,Tertiary,No,1304,No,No,Cellular,6,Aug,501,2,-1,0,Unknown,Yes,2023-08-06
41,Blue-Collar,Married,Secondary,Yes,720,No,Yes,Cellular,24,Jul,651,1,-1,0,Unknown,Yes,2023-07-24
47,Technician,Divorced,Secondary,No,2914,Yes,No,Cellular,18,Aug,405,13,-1,0,Unknown,No,2023-08-18
34,Technician,Married,Secondary,No,1464,Yes,No,Unknown,23,May,350,1,-1,0,Unknown,No,2023-05-23
28,Student,Single,Secondary,No,11555,No,No,Cellular,8,Apr,125,2,-1,0,Unknown,No,2023-04-08
36,Services,Married,Secondary,No,-302,Yes,No,Cellular,13,May,36,2,-1,0,Unknown,No,2023-05-13
50,Technician,Married,Secondary,No,2497,Yes,No,Cellular,21,Nov,35,1,176,1,Failure,No,2023-11-21
35,Blue-Collar,Married,Secondary,No,-339,Yes,No,Unknown,8,May,389,2,-1,0,Unknown,No,2023-05-08
40,Technician,Married,Secondary,No,56,Yes,Yes,Cellular,29,Jan,194,1,247,1,Failure,No,2023-01-29
26,Self-Employed,Single,Tertiary,No,211,No,No,Cellular,29,Jan,168,3,-1,0,Unknown,No,2023-01-29
36,Management,Divorced,Tertiary,No,3611,Yes,No,Unknown,4,Jun,347,3,-1,0,Unknown,No,2023-06-04
59,Unemployed,Married,Primary,No,0,No,No,Cellular,30,Jan,3025,2,-1,0,Unknown,No,2023-01-30
28,Student,Single,Secondary,No,459,No,No,Cellular,16,Mar,83,13,-1,0,Unknown,No,2023-03-16
46,Entrepreneur,Married,Unknown,No,242,Yes,No,Unknown,9,May,332,2,-1,0,Unknown,No,2023-05-09
50,Self-Employed,Married,Secondary,No,1138,No,No,Cellular,14,Aug,219,10,-1,0,Unknown,No,2023-08-14
53,Management,Married,Tertiary,No,1319,Yes,No,Cellular,16,Apr,427,1,150,1,Failure,No,2023-04-16
81,Retired,Married,Secondary,No,1,No,No,Cellular,19,Aug,65,5,-1,0,Unknown,No,2023-08-19
35,Services,Divorced,Secondary,No,67,Yes,No,Cellular,5,May,192,2,-1,0,Unknown,No,2023-05-05
58,Retired,Married,Unknown,No,937,No,No,Cellular,5,Aug,155,1,-1,0,Unknown,No,2023-08-05
44,Services,Married,Secondary,No,0,Yes,Yes,Cellular,11,May,161,1,-1,0,Unknown,No,2023-05-11
38,Management,Married,Tertiary,No,-558,Yes,No,Cellular,21,Jul,533,1,-1,0,Unknown,No,2023-07-21
49,Blue-Collar,Married,Secondary,No,171,No,No,Cellular,4,Feb,19,3,175,2,Other,No,2023-02-04
33,Technician,Single,Tertiary,No,696,No,Yes,Cellular,5,Feb,193,1,176,8,Failure,No,2023-02-05
29,Management,Married,Tertiary,No,361,Yes,Yes,Cellular,28,Jul,819,3,-1,0,Unknown,No,2023-07-28
28,Technician,Single,Secondary,No,227,No,No,Cellular,30,Apr,278,1,-1,0,Unknown,Yes,2023-04-30
31,Admin.,Married,Secondary,No,236,Yes,Yes,Telephone,4,May,211,3,-1,0,Unknown,No,2023-05-04
33,Management,Single,Tertiary,No,-53,No,No,Cellular,29,Jan,617,2,-1,0,Unknown,No,2023-01-29
52,Technician,Married,Secondary,No,192,Yes,No,Cellular,23,Jul,61,2,-1,0,Unknown,No,2023-07-23
43,Management,Divorced,Tertiary,No,38,Yes,No,Cellular,25,Jul,197,6,-1,0,Unknown,No,2023-07-25
32,Self-Employed,Single,Secondary,No,518,Yes,No,Cellular,18,May,34,7,-1,0,Unknown,No,2023-05-18
36,Self-Employed,Married,Tertiary,No,16,Yes,Yes,Cellular,18,Jul,95,4,-1,0,Unknown,No,2023-07-18
41,Blue-Collar,Married,Secondary,No,-256,Yes,No,Unknown,3,Jun,147,2,-1,0,Unknown,No,2023-06-03
43,Blue-Collar,Married,Secondary,No,105,No,Yes,Cellular,4,Jul,668,2,-1,0,Unknown,No,2023-07-04
45,Self-Employed,Married,Tertiary,No,334,No,No,Unknown,5,Jun,87,2,-1,0,Unknown,No,2023-06-05
39,Technician,Married,Secondary,No,1048,No,Yes,Cellular,21,Jul,405,1,-1,0,Unknown,No,2023-07-21
41,Services,Married,Secondary,No,108,Yes,Yes,Unknown,13,May,83,7,-1,0,Unknown,No,2023-05-13
31,Technician,Married,Secondary,No,660,No,No,Cellular,22,Jun,115,1,-1,0,Unknown,No,2023-06-22
37,Unemployed,Single,Tertiary,Yes,0,Yes,No,Cellular,10,Jul,108,1,-1,0,Unknown,No,2023-07-10
28,Entrepreneur,Married,Unknown,No,1034,No,No,Cellular,29,Jan,113,1,-1,0,Unknown,No,2023-01-29
47,Housemaid,Married,Primary,No,201,Yes,No,Cellular,7,Aug,58,2,382,1,Failure,No,2023-08-07
37,Housemaid,Married,Primary,No,189,No,No,Cellular,8,Aug,148,4,-1,0,Unknown,No,2023-08-08
60,Retired,Divorced,Unknown,No,-49,Yes,No,Cellular,29,Jan,188,1,261,2,Failure,No,2023-01-29
43,Technician,Divorced,Secondary,No,1413,Yes,No,Telephone,28,Jul,75,3,-1,0,Unknown,No,2023-07-28
58,Retired,Divorced,Tertiary,No,264,Yes,Yes,Cellular,8,Jul,523,3,-1,0,Unknown,No,2023-07-08
52,Entrepreneur,Married,Tertiary,No,54,Yes,Yes,Telephone,18,Nov,103,1,-1,0,Unknown,No,2023-11-18
50,Blue-Collar,Married,Primary,No,12519,Yes,No,Cellular,17,Apr,146,2,147,4,Success,No,2023-04-17
32,Services,Single,Secondary,No,2881,No,No,Cellular,2,Jul,356,1,-1,0,Unknown,Yes,2023-07-02
42,Blue-Collar,Married,Primary,No,0,Yes,No,Cellular,17,Jul,71,1,-1,0,Unknown,No,2023-07-17
31,Admin.,Married,Secondary,No,88,Yes,Yes,Cellular,8,Aug,189,2,-1,0,Unknown,No,2023-08-08
28,Blue-Collar,Married,Secondary,No,1020,Yes,No,Unknown,28,May,251,1,-1,0,Unknown,No,2023-05-28
36,Technician,Divorced,Tertiary,No,119,No,No,Cellular,23,Jul,127,8,-1,0,Unknown,No,2023-07-23
51,Unemployed,Single,Tertiary,No,1594,No,No,Telephone,4,Feb,197,1,-1,0,Unknown,No,2023-02-04
46,Technician,Married,Tertiary,No,342,Yes,Yes,Cellular,5,May,84,1,-1,0,Unknown,No,2023-05-05
50,Services,Single,Secondary,No,72,No,No,Unknown,8,May,141,2,-1,0,Unknown,No,2023-05-08
32,Blue-Collar,Married,Secondary,No,14,Yes,No,Unknown,2,Jun,171,1,-1,0,Unknown,No,2023-06-02
26,Entrepreneur,Single,Tertiary,No,81,No,No,Cellular,21,Jul,262,3,-1,0,Unknown,No,2023-07-21
41,Self-Employed,Married,Tertiary,No,231,No,No,Cellular,7,Aug,352,2,-1,0,Unknown,Yes,2023-08-07
39,Technician,Married,Tertiary,No,1161,Yes,No,Cellular,9,Apr,236,1,336,1,Failure,No,2023-04-09
31,Blue-Collar,Married,Secondary,No,-45,Yes,No,Unknown,2,Jun,184,1,-1,0,Unknown,No,2023-06-02
28,Management,Single,Tertiary,No,231,Yes,Yes,Cellular,25,Jul,568,2,-1,0,Unknown,No,2023-07-25
31,Management,Single,Secondary,No,36,No,No,Cellular,27,Aug,105,2,-1,0,Unknown,No,2023-08-27
30,Technician,Married,Tertiary,No,1570,Yes,No,Cellular,26,May,260,1,-1,0,Unknown,No,2023-05-26
35,Technician,Married,Tertiary,No,7050,No,No,Cellular,11,Aug,222,3,182,4,Success,Yes,2023-08-11
33,Blue-Collar,Married,Primary,No,3704,Yes,No,Unknown,6,Jun,447,2,-1,0,Unknown,No,2023-06-06
30,Technician,Single,Tertiary,No,6619,Yes,No,Cellular,21,Aug,239,8,-1,0,Unknown,No,2023-08-21
32,Blue-Collar,Single,Secondary,No,-84,Yes,No,Cellular,11,May,426,1,-1,0,Unknown,No,2023-05-11
40,Management,Single,Tertiary,No,1509,No,No,Cellular,12,May,333,1,58,3,Failure,No,2023-05-12
31,Self-Employed,Married,Tertiary,No,1134,No,No,Cellular,6,Feb,174,2,-1,0,Unknown,No,2023-02-06
36,Technician,Married,Secondary,No,146,Yes,Yes,Unknown,15,May,284,2,-1,0,Unknown,No,2023-05-15
33,Management,Single,Tertiary,No,9449,Yes,No,Cellular,8,May,428,1,-1,0,Unknown,No,2023-05-08
57,Retired,Married,Secondary,No,374,Yes,Yes,Cellular,16,Jul,236,1,-1,0,Unknown,No,2023-07-16
45,Technician,Married,Secondary,No,88,No,No,Cellular,29,Aug,150,2,-1,0,Unknown,No,2023-08-29
59,Management,Married,Tertiary,No,2764,No,No,Cellular,24,Dec,237,1,206,2,Failure,No,2023-12-24
30,Management,Single,Tertiary,No,2,Yes,Yes,Cellular,25,Jul,1031,8,-1,0,Unknown,Yes,2023-07-25
33,Technician,Married,Tertiary,No,8023,No,No,Cellular,30,Nov,107,1,105,3,Failure,No,2023-11-30
52,Blue-Collar,Married,Secondary,No,289,Yes,No,Unknown,21,May,45,13,-1,0,Unknown,No,2023-05-21
83,Retired,Married,Secondary,No,0,No,No,Cellular,18,Mar,140,10,-1,0,Unknown,No,2023-03-18
58,Self-Employed,Divorced,Tertiary,No,1382,No,No,Unknown,9,Jun,700,1,-1,0,Unknown,Yes,2023-06-09
33,Management,Divorced,Tertiary,Yes,280,No,Yes,Cellular,18,Nov,155,1,-1,0,Unknown,No,2023-11-18
41,Blue-Collar,Divorced,Primary,No,2195,Yes,No,Unknown,3,Jun,211,5,-1,0,Unknown,No,2023-06-03
31,Self-Employed,Married,Secondary,No,33,No,No,Cellular,6,Aug,165,4,-1,0,Unknown,No,2023-08-06
35,Blue-Collar,Divorced,Secondary,No,275,No,Yes,Cellular,10,Jul,144,5,-1,0,Unknown,No,2023-07-10
27,Management,Single,Tertiary,No,703,Yes,No,Unknown,5,Jun,590,3,-1,0,Unknown,Yes,2023-06-05
57,Admin.,Divorced,Unknown,No,887,No,No,Unknown,20,Jun,43,8,-1,0,Unknown,No,2023-06-20
56,Unknown,Married,Unknown,No,0,No,No,Unknown,20,Jun,471,2,-1,0,Unknown,No,2023-06-20
53,Admin.,Single,Secondary,No,1178,Yes,No,Unknown,15,May,295,2,-1,0,Unknown,No,2023-05-15
39,Management,Married,Tertiary,No,2763,Yes,No,Unknown,2,Jun,526,2,-1,0,Unknown,Yes,2023-06-02
32,Entrepreneur,Single,Tertiary,No,890,Yes,Yes,Cellular,28,Aug,27,10,-1,0,Unknown,No,2023-08-28
46,Self-Employed,Married,Secondary,No,548,No,No,Cellular,12,Aug,1181,4,-1,0,Unknown,Yes,2023-08-12
56,Technician,Married,Tertiary,No,272,No,No,Cellular,26,Aug,103,2,-1,0,Unknown,No,2023-08-26
46,Management,Divorced,Tertiary,No,6269,Yes,No,Telephone,18,Nov,249,3,112,2,Failure,No,2023-11-18
29,Entrepreneur,Married,Secondary,No,178,Yes,No,Cellular,5,May,231,4,-1,0,Unknown,No,2023-05-05
60,Management,Married,Primary,No,252,Yes,Yes,Cellular,13,Apr,123,2,147,3,Failure,No,2023-04-13
33,Housemaid,Single,Tertiary,No,23663,Yes,No,Cellular,16,Apr,199,2,146,2,Failure,No,2023-04-16
27,Entrepreneur,Single,Tertiary,No,81,No,No,Cellular,5,Feb,197,1,199,3,Failure,No,2023-02-05
50,Self-Employed,Divorced,Tertiary,No,59,Yes,No,Unknown,28,May,67,2,-1,0,Unknown,No,2023-05-28
45,Services,Married,Secondary,No,1343,No,Yes,Cellular,8,Jul,220,1,-1,0,Unknown,No,2023-07-08
58,Retired,Married,Secondary,No,225,No,No,Cellular,7,Aug,122,6,-1,0,Unknown,No,2023-08-07
59,Retired,Married,Primary,No,0,Yes,No,Unknown,26,May,104,7,-1,0,Unknown,No,2023-05-26
58,Retired,Divorced,Primary,No,2538,Yes,No,Cellular,31,Jul,307,6,-1,0,Unknown,No,2023-07-31
64,Retired,Married,Primary,No,43,No,No,Cellular,11,Mar,117,1,91,1,Success,No,2023-03-11
47,Technician,Married,Secondary,No,57,No,No,Cellular,5,May,253,1,342,1,Success,No,2023-05-05
40,Management,Married,Tertiary,No,-117,Yes,No,Cellular,17,Jul,770,2,-1,0,Unknown,No,2023-07-17
36,Technician,Divorced,Secondary,No,666,Yes,Yes,Cellular,3,Apr,190,1,133,1,Other,No,2023-04-03
28,Management,Single,Tertiary,No,0,Yes,No,Cellular,16,Jul,767,5,-1,0,Unknown,Yes,2023-07-16
38,Technician,Single,Tertiary,No,25,Yes,No,Cellular,1,Jun,232,2,-1,0,Unknown,Yes,2023-06-01
53,Entrepreneur,Married,Primary,No,1034,Yes,No,Cellular,19,Nov,854,2,170,3,Other,No,2023-11-19
46,Blue-Collar,Single,Secondary,No,324,Yes,No,Unknown,30,May,293,6,-1,0,Unknown,No,2023-05-30
54,Technician,Married,Secondary,No,0,No,No,Telephone,16,Nov,986,1,94,8,Failure,No,2023-11-16
32,Management,Married,Tertiary,No,0,No,No,Cellular,19,Nov,66,1,-1,0,Unknown,No,2023-11-19
55,Management,Married,Primary,No,621,No,Yes,Cellular,2,Feb,114,1,208,1,Failure,No,2023-02-02
55,Retired,Divorced,Secondary,No,138,No,No,Cellular,17,Jul,205,1,-1,0,Unknown,No,2023-07-17
56,Technician,Married,Secondary,No,4063,No,Yes,Telephone,28,Jul,31,4,-1,0,Unknown,No,2023-07-28
40,Blue-Collar,Married,Secondary,No,11084,No,No,Unknown,11,Jun,113,1,-1,0,Unknown,No,2023-06-11
44,Technician,Married,Secondary,No,310,Yes,No,Cellular,6,Feb,200,1,253,1,Failure,No,2023-02-06
32,Entrepreneur,Married,Unknown,No,73,Yes,No,Cellular,21,Nov,158,1,135,1,Failure,No,2023-11-21
33,Management,Married,Tertiary,No,1808,Yes,No,Unknown,4,Jun,99,4,-1,0,Unknown,No,2023-06-04
41,Unemployed,Divorced,Secondary,No,1281,No,No,Cellular,31,Jul,45,3,-1,0,Unknown,No,2023-07-31
37,Technician,Married,Secondary,No,64,Yes,No,Cellular,12,May,239,4,278,2,Other,No,2023-05-12
58,Management,Single,Tertiary,No,2,Yes,No,Telephone,11,May,168,3,-1,0,Unknown,No,2023-05-11
52,Blue-Collar,Married,Secondary,No,60,No,Yes,Cellular,26,Aug,196,2,-1,0,Unknown,No,2023-08-26
49,Services,Single,Secondary,No,133,No,No,Unknown,11,Jun,319,6,-1,0,Unknown,No,2023-06-11
44,Housemaid,Married,Primary,No,3706,No,No,Unknown,17,Jun,209,3,-1,0,Unknown,No,2023-06-17
28,Admin.,Single,Unknown,No,174,No,No,Cellular,28,Sep,184,1,-1,0,Unknown,No,2023-09-28
31,Technician,Married,Secondary,No,251,No,Yes,Cellular,29,Aug,156,2,-1,0,Unknown,No,2023-08-29
37,Self-Employed,Married,Secondary,No,4153,Yes,No,Cellular,31,Jul,35,16,-1,0,Unknown,No,2023-07-31
30,Technician,Single,Tertiary,No,985,Yes,No,Cellular,19,Feb,88,2,-1,0,Unknown,No,2023-02-19
28,Services,Single,Secondary,No,168,No,No,Cellular,1,Jun,347,3,140,2,Success,Yes,2023-06-01
46,Services,Married,Secondary,No,1550,Yes,No,Cellular,16,Apr,126,2,149,8,Failure,No,2023-04-16
47,Management,Married,Tertiary,No,7708,Yes,No,Cellular,21,Nov,157,5,-1,0,Unknown,No,2023-11-21
35,Blue-Collar,Married,Primary,No,-12,Yes,No,Unknown,12,May,212,5,-1,0,Unknown,No,2023-05-12
80,Management,Married,Primary,No,6483,No,No,Telephone,19,Oct,123,1,-1,0,Unknown,No,2023-10-19
30,Technician,Single,Tertiary,No,60,Yes,Yes,Unknown,7,May,306,5,-1,0,Unknown,No,2023-05-07
55,Technician,Single,Secondary,No,3339,Yes,No,Unknown,2,Jun,63,1,-1,0,Unknown,No,2023-06-02
22,Student,Single,Tertiary,No,1161,No,Yes,Cellular,16,Jun,119,1,-1,0,Unknown,No,2023-06-16
33,Blue-Collar,Single,Primary,No,599,Yes,No,Unknown,21,May,29,1,-1,0,Unknown,No,2023-05-21
53,Entrepreneur,Married,Unknown,No,28,No,No,Cellular,31,Jul,117,2,-1,0,Unknown,No,2023-07-31
49,Management,Married,Tertiary,No,1430,No,No,Cellular,18,Nov,231,2,-1,0,Unknown,No,2023-11-18
51,Retired,Married,Secondary,No,35,No,Yes,Cellular,8,Jul,123,4,-1,0,Unknown,No,2023-07-08
41,Self-Employed,Married,Tertiary,No,6000,Yes,No,Cellular,18,Nov,265,1,-1,0,Unknown,No,2023-11-18
34,Technician,Married,Secondary,No,0,Yes,No,Cellular,15,Jul,144,1,-1,0,Unknown,No,2023-07-15
36,Blue-Collar,Single,Secondary,No,340,No,Yes,Unknown,16,Jun,559,3,-1,0,Unknown,No,2023-06-16
35,Entrepreneur,Married,Tertiary,No,0,No,No,Cellular,5,May,74,1,168,4,Failure,No,2023-05-05
29,Services,Married,Secondary,No,3,Yes,No,Cellular,10,Jul,183,1,-1,0,Unknown,No,2023-07-10
40,Technician,Single,Tertiary,No,445,Yes,No,Cellular,24,Jul,631,1,-1,0,Unknown,No,2023-07-24
32,Management,Divorced,Tertiary,No,874,No,No,Cellular,12,Aug,1282,6,-1,0,Unknown,Yes,2023-08-12
48,Blue-Collar,Married,Secondary,No,705,No,No,Unknown,13,May,108,2,-1,0,Unknown,No,2023-05-13
59,Retired,Married,Unknown,No,1033,No,No,Unknown,11,Jun,1199,1,-1,0,Unknown,Yes,2023-06-11
35,Self-Employed,Divorced,Tertiary,No,1354,Yes,No,Unknown,23,May,736,2,-1,0,Unknown,Yes,2023-05-23
33,Technician,Single,Tertiary,No,123,No,No,Cellular,19,Aug,264,1,-1,0,Unknown,No,2023-08-19
55,Retired,Married,Primary,No,8894,No,No,Unknown,11,Jun,262,1,-1,0,Unknown,No,2023-06-11
41,Blue-Collar,Married,Secondary,No,429,Yes,No,Unknown,13,May,244,1,-1,0,Unknown,No,2023-05-13
42,Housemaid,Married,Primary,No,14752,No,No,Unknown,19,May,107,2,-1,0,Unknown,No,2023-05-19
46,Blue-Collar,Married,Primary,No,67,No,No,Unknown,24,Jun,9,1,-1,0,Unknown,No,2023-06-24
35,Housemaid,Divorced,Secondary,No,39,No,No,Cellular,31,Jul,149,2,-1,0,Unknown,No,2023-07-31
28,Technician,Single,Tertiary,No,102,No,No,Cellular,28,Jan,321,2,-1,0,Unknown,No,2023-01-28
25,Student,Single,Secondary,No,1790,No,No,Cellular,17,Apr,224,1,322,3,Failure,No,2023-04-17
56,Management,Single,Tertiary,No,15311,No,No,Cellular,29,Apr,157,6,-1,0,Unknown,No,2023-04-29
30,Admin.,Single,Secondary,No,-635,No,No,Cellular,25,Jul,250,1,-1,0,Unknown,No,2023-07-25
45,Blue-Collar,Married,Secondary,No,115,No,No,Cellular,11,Aug,209,4,-1,0,Unknown,No,2023-08-11
40,Management,Married,Tertiary,No,10786,No,No,Unknown,20,Jun,111,3,-1,0,Unknown,No,2023-06-20
40,Blue-Collar,Married,Secondary,No,498,Yes,No,Cellular,8,May,55,2,298,4,Failure,No,2023-05-08
39,Blue-Collar,Married,Secondary,No,1045,Yes,Yes,Cellular,9,Jul,290,13,-1,0,Unknown,No,2023-07-09
48,Entrepreneur,Married,Tertiary,No,810,No,No,Unknown,6,Jun,383,1,-1,0,Unknown,No,2023-06-06
31,Technician,Single,Tertiary,No,-162,Yes,No,Cellular,18,May,380,1,-1,0,Unknown,No,2023-05-18
32,Management,Married,Tertiary,No,55,No,No,Cellular,2,Feb,124,3,-1,0,Unknown,No,2023-02-02
34,Services,Married,Secondary,No,586,Yes,Yes,Unknown,8,May,224,2,-1,0,Unknown,No,2023-05-08
26,Technician,Single,Secondary,No,455,No,No,Cellular,29,Jan,240,1,182,8,Other,No,2023-01-29
31,Management,Married,Tertiary,No,1010,Yes,No,Cellular,15,May,385,3,364,9,Other,No,2023-05-15
37,Management,Single,Tertiary,No,509,Yes,No,Cellular,6,May,133,1,-1,0,Unknown,No,2023-05-06
29,Student,Single,Unknown,No,2929,No,No,Cellular,11,Aug,91,1,-1,0,Unknown,No,2023-08-11
57,Technician,Married,Secondary,No,3071,Yes,Yes,Cellular,7,May,63,3,-1,0,Unknown,No,2023-05-07
47,Management,Single,Tertiary,No,153,Yes,No,Cellular,18,Nov,192,2,-1,0,Unknown,No,2023-11-18
38,Self-Employed,Single,Secondary,No,1146,Yes,No,Unknown,21,May,91,2,-1,0,Unknown,No,2023-05-21
48,Blue-Collar,Married,Primary,No,1092,No,Yes,Cellular,18,Nov,79,1,172,8,Failure,No,2023-11-18
50,Management,Married,Tertiary,No,3463,No,Yes,Cellular,28,Oct,96,1,-1,0,Unknown,Yes,2023-10-28
33,Admin.,Married,Secondary,No,1158,Yes,No,Cellular,20,Apr,25,2,-1,0,Unknown,No,2023-04-20
28,Admin.,Single,Secondary,No,26,Yes,No,Cellular,7,May,227,2,-1,0,Unknown,No,2023-05-07
30,Services,Single,Secondary,No,566,No,No,Cellular,5,Feb,110,1,-1,0,Unknown,No,2023-02-05
52,Technician,Divorced,Secondary,No,204,No,No,Cellular,7,Aug,134,2,-1,0,Unknown,No,2023-08-07
36,Technician,Married,Secondary,No,480,No,No,Cellular,20,Oct,213,1,-1,0,Unknown,Yes,2023-10-20
36,Technician,Single,Secondary,No,1855,Yes,No,Cellular,4,Feb,75,1,273,1,Failure,No,2023-02-04
46,Services,Married,Secondary,No,1034,No,No,Cellular,8,Aug,109,2,-1,0,Unknown,No,2023-08-08
57,Management,Married,Tertiary,No,3250,No,No,Cellular,20,Aug,162,3,-1,0,Unknown,No,2023-08-20
28,Management,Single,Secondary,No,1633,No,No,Cellular,5,Jun,275,1,-1,0,Unknown,Yes,2023-06-05
46,Services,Married,Secondary,No,0,Yes,No,Cellular,22,Jun,154,1,124,1,Other,No,2023-06-22
55,Retired,Married,Primary,No,3334,No,No,Cellular,14,Aug,632,4,-1,0,Unknown,Yes,2023-08-14
33,Management,Married,Tertiary,No,4020,Yes,Yes,Cellular,15,Apr,251,1,-1,0,Unknown,No,2023-04-15
53,Management,Married,Secondary,No,66,No,Yes,Telephone,8,Jul,141,1,-1,0,Unknown,No,2023-07-08
41,Technician,Single,Secondary,No,-41,Yes,Yes,Cellular,3,Apr,154,1,-1,0,Unknown,No,2023-04-03
60,Blue-Collar,Married,Secondary,No,322,Yes,No,Cellular,7,May,63,1,-1,0,Unknown,No,2023-05-07
35,Entrepreneur,Married,Primary,No,2643,No,Yes,Cellular,8,Jul,259,1,-1,0,Unknown,No,2023-07-08
43,Blue-Collar,Divorced,Primary,No,49,Yes,No,Unknown,9,May,100,1,-1,0,Unknown,No,2023-05-09
57,Admin.,Divorced,Primary,No,1,No,No,Unknown,15,May,17,10,-1,0,Unknown,No,2023-05-15
46,Admin.,Married,Secondary,No,3098,Yes,No,Telephone,21,Nov,192,9,-1,0,Unknown,No,2023-11-21
31,Blue-Collar,Married,Primary,No,352,Yes,No,Unknown,19,May,97,9,-1,0,Unknown,No,2023-05-19
53,Technician,Married,Secondary,No,65,No,No,Cellular,25,Aug,41,2,-1,0,Unknown,No,2023-08-25
35,Blue-Collar,Married,Secondary,No,1949,Yes,No,Unknown,2,Jun,200,3,-1,0,Unknown,No,2023-06-02
32,Admin.,Single,Secondary,No,739,Yes,No,Cellular,20,Nov,91,3,-1,0,Unknown,No,2023-11-20
48,Management,Married,Tertiary,No,1167,Yes,Yes,Cellular,1,Jun,264,1,-1,0,Unknown,Yes,2023-06-01
50,Admin.,Married,Secondary,No,231,Yes,No,Cellular,21,Nov,397,2,-1,0,Unknown,No,2023-11-21
40,Blue-Collar,Married,Primary,No,1136,Yes,No,Unknown,21,May,86,1,-1,0,Unknown,No,2023-05-21
42,Entrepreneur,Married,Tertiary,No,233,No,No,Cellular,5,Feb,446,1,-1,0,Unknown,No,2023-02-05
59,Admin.,Married,Secondary,No,817,No,No,Cellular,9,Apr,304,1,-1,0,Unknown,No,2023-04-09
27,Blue-Collar,Single,Primary,No,1128,Yes,No,Unknown,30,Jun,88,4,-1,0,Unknown,No,2023-06-30
32,Management,Single,Tertiary,No,1831,Yes,No,Cellular,20,Apr,86,2,-1,0,Unknown,No,2023-04-20
35,Technician,Single,Secondary,No,450,Yes,No,Cellular,13,May,63,1,-1,0,Unknown,No,2023-05-13
28,Services,Married,Secondary,No,0,Yes,No,Cellular,5,May,335,2,281,8,Failure,No,2023-05-05
37,Management,Divorced,Secondary,No,414,No,No,Cellular,29,Jan,293,2,162,4,Failure,No,2023-01-29
57,Management,Married,Primary,No,1052,Yes,No,Unknown,13,May,227,4,-1,0,Unknown,No,2023-05-13
42,Admin.,Single,Secondary,No,1022,Yes,No,Unknown,5,May,146,2,-1,0,Unknown,No,2023-05-05
55,Admin.,Married,Primary,No,343,Yes,No,Cellular,14,Jul,276,3,-1,0,Unknown,No,2023-07-14
52,Management,Married,Tertiary,No,1944,Yes,No,Cellular,15,Apr,238,3,323,2,Failure,No,2023-04-15
26,Blue-Collar,Single,Secondary,No,-32,Yes,Yes,Cellular,31,Jul,14,6,-1,0,Unknown,No,2023-07-31
52,Technician,Married,Secondary,No,1781,Yes,No,Unknown,19,May,144,2,-1,0,Unknown,No,2023-05-19
26,Management,Single,Tertiary,No,350,No,No,Cellular,8,Jul,367,1,-1,0,Unknown,No,2023-07-08
33,Unemployed,Married,Secondary,No,2,Yes,No,Cellular,16,Jul,132,1,-1,0,Unknown,No,2023-07-16
24,Blue-Collar,Single,Primary,No,111,Yes,Yes,Unknown,27,May,42,4,-1,0,Unknown,No,2023-05-27
37,Management,Divorced,Tertiary,No,168,Yes,No,Unknown,5,Jun,227,1,-1,0,Unknown,No,2023-06-05
28,Technician,Single,Secondary,No,3,No,No,Telephone,18,May,40,8,349,6,Failure,No,2023-05-18
30,Technician,Single,Secondary,No,102,Yes,No,Unknown,7,May,614,2,-1,0,Unknown,No,2023-05-07
33,Blue-Collar,Married,Primary,No,0,Yes,No,Unknown,15,May,270,1,-1,0,Unknown,No,2023-05-15
55,Unknown,Married,Primary,No,159,No,No,Unknown,4,Sep,15,1,-1,0,Unknown,No,2023-09-04
33,Blue-Collar,Married,Secondary,No,1134,Yes,No,Unknown,23,May,304,2,-1,0,Unknown,No,2023-05-23
42,Blue-Collar,Married,Secondary,No,352,Yes,No,Cellular,11,May,79,3,-1,0,Unknown,No,2023-05-11
37,Management,Married,Tertiary,No,865,Yes,No,Cellular,3,Jun,101,1,-1,0,Unknown,No,2023-06-03
59,Blue-Collar,Married,Primary,No,179,Yes,No,Unknown,5,May,55,3,-1,0,Unknown,No,2023-05-05
27,Blue-Collar,Single,Secondary,No,5,Yes,No,Unknown,19,May,205,3,-1,0,Unknown,No,2023-05-19
23,Student,Married,Tertiary,Yes,-230,Yes,No,Cellular,18,May,259,2,-1,0,Unknown,No,2023-05-18
51,Management,Divorced,Tertiary,No,0,No,No,Cellular,13,Aug,60,2,-1,0,Unknown,No,2023-08-13
50,Blue-Collar,Married,Primary,No,3924,Yes,No,Cellular,20,Apr,122,2,-1,0,Unknown,No,2023-04-20
43,Technician,Married,Secondary,No,764,Yes,No,Cellular,14,Jul,557,5,-1,0,Unknown,No,2023-07-14
37,Blue-Collar,Divorced,Primary,No,511,Yes,No,Telephone,11,May,42,1,-1,0,Unknown,No,2023-05-11
34,Management,Single,Tertiary,No,4348,Yes,No,Cellular,28,Aug,373,8,-1,0,Unknown,No,2023-08-28
41,Management,Married,Tertiary,No,3016,Yes,No,Cellular,14,Jul,80,3,-1,0,Unknown,No,2023-07-14
26,Student,Single,Secondary,No,279,No,No,Cellular,7,May,239,3,-1,0,Unknown,No,2023-05-07
49,Management,Divorced,Tertiary,No,1405,No,No,Unknown,8,Jun,29,1,-1,0,Unknown,No,2023-06-08
29,Blue-Collar,Single,Secondary,No,908,Yes,No,Unknown,20,Jun,1663,1,-1,0,Unknown,Yes,2023-06-20
30,Management,Single,Tertiary,No,162,Yes,No,Unknown,20,May,186,4,-1,0,Unknown,No,2023-05-20
38,Services,Divorced,Secondary,No,792,No,No,Unknown,6,Jun,430,1,-1,0,Unknown,No,2023-06-06
58,Management,Married,Secondary,No,111,No,No,Telephone,24,Mar,58,2,-1,0,Unknown,No,2023-03-24
34,Student,Single,Unknown,No,1281,No,No,Cellular,25,Aug,279,1,117,1,Failure,No,2023-08-25
53,Services,Divorced,Unknown,No,1012,Yes,No,Cellular,28,Jul,332,2,-1,0,Unknown,No,2023-07-28
50,Management,Married,Tertiary,No,2881,No,No,Cellular,5,Aug,510,2,2,5,Other,No,2023-08-05
30,Blue-Collar,Single,Secondary,No,445,Yes,No,Cellular,16,Apr,218,1,330,2,Failure,No,2023-04-16
40,Management,Married,Secondary,No,643,Yes,No,Cellular,17,Apr,74,2,256,1,Failure,No,2023-04-17
57,Housemaid,Single,Secondary,No,254,No,No,Cellular,8,Oct,676,1,-1,0,Unknown,No,2023-10-08
40,Management,Married,Tertiary,No,-1212,Yes,No,Cellular,15,May,1259,2,333,18,Failure,No,2023-05-15
41,Technician,Married,Secondary,No,2125,Yes,Yes,Cellular,21,Nov,285,3,116,4,Failure,No,2023-11-21
53,Technician,Divorced,Unknown,No,629,Yes,No,Cellular,8,May,298,1,-1,0,Unknown,No,2023-05-08
48,Blue-Collar,Married,Secondary,No,-202,Yes,Yes,Cellular,30,Jul,225,4,-1,0,Unknown,No,2023-07-30
32,Technician,Single,Secondary,No,271,Yes,No,Cellular,13,May,80,2,268,2,Other,No,2023-05-13
34,Management,Married,Tertiary,No,703,Yes,No,Cellular,14,Apr,342,1,-1,0,Unknown,Yes,2023-04-14
46,Blue-Collar,Married,Secondary,No,-216,Yes,No,Cellular,28,Jul,404,3,-1,0,Unknown,No,2023-07-28
45,Services,Divorced,Secondary,No,88,No,Yes,Cellular,7,Jul,332,1,-1,0,Unknown,No,2023-07-07
51,Admin.,Single,Tertiary,No,16,Yes,No,Cellular,30,Jan,158,1,-1,0,Unknown,No,2023-01-30
31,Management,Married,Secondary,No,466,Yes,No,Cellular,14,May,164,1,-1,0,Unknown,No,2023-05-14
47,Technician,Married,Secondary,No,-75,Yes,No,Cellular,4,Feb,57,1,247,1,Other,No,2023-02-04
32,Blue-Collar,Married,Secondary,No,456,No,No,Cellular,12,May,121,1,-1,0,Unknown,No,2023-05-12
41,Technician,Married,Secondary,No,77,Yes,No,Cellular,7,May,56,1,-1,0,Unknown,No,2023-05-07
37,Services,Single,Secondary,No,-244,No,No,Unknown,3,Jul,178,1,-1,0,Unknown,No,2023-07-03
27,Blue-Collar,Single,Primary,No,1209,No,No,Cellular,29,Jan,283,1,-1,0,Unknown,No,2023-01-29
27,Services,Married,Secondary,No,58,Yes,No,Cellular,7,May,113,1,337,2,Other,No,2023-05-07
50,Management,Married,Secondary,Yes,421,No,No,Cellular,20,Nov,22,5,-1,0,Unknown,No,2023-11-20
31,Management,Single,Tertiary,No,112,Yes,No,Cellular,2,Feb,159,2,271,1,Failure,No,2023-02-02
40,Self-Employed,Married,Tertiary,No,13669,No,No,Cellular,15,Oct,138,1,136,8,Other,No,2023-10-15
43,Management,Married,Tertiary,No,1429,Yes,No,Cellular,19,Nov,1015,1,198,2,Other,Yes,2023-11-19
39,Technician,Married,Tertiary,No,794,No,No,Telephone,2,Feb,182,1,-1,0,Unknown,No,2023-02-02
31,Entrepreneur,Single,Tertiary,No,1957,No,No,Cellular,4,Feb,112,3,-1,0,Unknown,No,2023-02-04
48,Technician,Married,Secondary,No,454,Yes,No,Cellular,10,Jul,114,1,-1,0,Unknown,No,2023-07-10
32,Blue-Collar,Single,Primary,No,882,No,Yes,Cellular,29,Jul,80,8,-1,0,Unknown,No,2023-07-29
47,Unemployed,Married,Primary,No,168,Yes,No,Telephone,30,Jan,66,1,241,1,Other,No,2023-01-30
35,Management,Single,Tertiary,No,714,Yes,No,Cellular,26,Aug,135,22,-1,0,Unknown,No,2023-08-26
42,Management,Single,Tertiary,No,0,No,No,Cellular,7,Sep,99,1,-1,0,Unknown,No,2023-09-07
47,Blue-Collar,Married,Secondary,No,1996,No,No,Unknown,5,Jun,761,2,-1,0,Unknown,Yes,2023-06-05
59,Retired,Married,Secondary,No,163,No,No,Cellular,24,Jul,464,1,-1,0,Unknown,No,2023-07-24
38,Admin.,Married,Secondary,No,3190,Yes,No,Unknown,20,Jun,20,2,-1,0,Unknown,No,2023-06-20
50,Unemployed,Married,Secondary,No,1772,No,No,Cellular,29,Jul,206,4,-1,0,Unknown,No,2023-07-29
27,Services,Single,Secondary,No,-151,No,No,Cellular,8,Jul,283,2,-1,0,Unknown,No,2023-07-08
55,Housemaid,Married,Primary,No,16,No,No,Unknown,20,Jun,64,1,-1,0,Unknown,No,2023-06-20
39,Services,Single,Secondary,No,7066,Yes,No,Cellular,15,May,667,3,357,3,Other,Yes,2023-05-15
31,Technician,Single,Tertiary,No,454,No,No,Cellular,4,Feb,73,3,-1,0,Unknown,No,2023-02-04
37,Entrepreneur,Married,Tertiary,No,4798,Yes,No,Unknown,20,May,156,2,-1,0,Unknown,No,2023-05-20
28,Technician,Single,Secondary,Yes,-298,Yes,No,Unknown,3,Jun,559,7,-1,0,Unknown,No,2023-06-03
42,Technician,Married,Secondary,No,439,No,No,Cellular,20,Aug,143,2,-1,0,Unknown,No,2023-08-20
40,Services,Divorced,Secondary,No,1927,Yes,No,Unknown,15,May,62,1,-1,0,Unknown,No,2023-05-15
59,Management,Single,Secondary,No,671,Yes,Yes,Cellular,29,Jan,219,2,259,5,Failure,No,2023-01-29
40,Services,Single,Secondary,No,65,Yes,No,Cellular,15,May,15,3,-1,0,Unknown,No,2023-05-15
43,Technician,Married,Secondary,No,-932,Yes,No,Cellular,16,Apr,567,1,-1,0,Unknown,No,2023-04-16
38,Technician,Single,Secondary,No,4366,Yes,No,Cellular,29,Jul,188,2,-1,0,Unknown,No,2023-07-29
54,Retired,Married,Primary,No,0,Yes,No,Cellular,11,Jul,159,2,-1,0,Unknown,No,2023-07-11
41,Blue-Collar,Married,Secondary,No,4900,Yes,No,Telephone,31,Jul,121,2,-1,0,Unknown,No,2023-07-31
55,Housemaid,Divorced,Primary,No,976,No,No,Cellular,28,Jun,345,1,94,3,Other,Yes,2023-06-28
33,Management,Married,Tertiary,No,148,No,No,Unknown,20,May,717,1,-1,0,Unknown,No,2023-05-20
46,Blue-Collar,Married,Secondary,No,5,No,No,Cellular,18,Aug,71,3,-1,0,Unknown,No,2023-08-18
36,Management,Married,Secondary,No,-148,No,No,Cellular,18,Nov,144,2,-1,0,Unknown,No,2023-11-18
48,Technician,Divorced,Tertiary,No,113,No,Yes,Cellular,22,Jul,38,1,-1,0,Unknown,No,2023-07-22
42,Management,Married,Secondary,No,-105,Yes,No,Cellular,28,Aug,60,2,-1,0,Unknown,No,2023-08-28
46,Management,Divorced,Tertiary,No,624,No,No,Cellular,17,Sep,336,2,183,2,Success,Yes,2023-09-17
49,Technician,Married,Secondary,Yes,-1680,Yes,Yes,Unknown,27,Jun,92,4,-1,0,Unknown,No,2023-06-27
36,Blue-Collar,Married,Secondary,No,-461,No,No,Cellular,11,May,254,2,353,1,Failure,No,2023-05-11
34,Technician,Single,Tertiary,No,144,Yes,Yes,Cellular,14,Oct,104,1,85,19,Failure,No,2023-10-14
51,Entrepreneur,Divorced,Tertiary,No,4,Yes,Yes,Cellular,20,Apr,74,5,-1,0,Unknown,No,2023-04-20
58,Blue-Collar,Married,Primary,No,309,No,No,Cellular,19,Aug,156,2,-1,0,Unknown,No,2023-08-19
48,Management,Married,Tertiary,No,866,No,No,Cellular,29,Jan,146,2,-1,0,Unknown,No,2023-01-29
41,Admin.,Single,Secondary,No,1020,Yes,No,Unknown,19,May,882,1,-1,0,Unknown,Yes,2023-05-19
49,Self-Employed,Married,Primary,No,489,Yes,No,Unknown,27,May,84,4,-1,0,Unknown,No,2023-05-27
43,Management,Married,Primary,No,8167,Yes,No,Unknown,19,May,114,2,-1,0,Unknown,No,2023-05-19
32,Blue-Collar,Single,Secondary,No,-255,No,Yes,Unknown,2,Jul,957,3,-1,0,Unknown,No,2023-07-02
54,Retired,Married,Secondary,No,3671,No,No,Unknown,11,Jun,67,3,-1,0,Unknown,No,2023-06-11
33,Blue-Collar,Divorced,Primary,No,636,Yes,No,Cellular,9,Jul,211,11,-1,0,Unknown,No,2023-07-09
35,Technician,Married,Secondary,No,141,Yes,No,Cellular,19,Aug,299,2,-1,0,Unknown,No,2023-08-19
56,Technician,Married,Secondary,No,150,Yes,Yes,Cellular,11,May,102,6,349,1,Failure,No,2023-05-11
57,Technician,Married,Secondary,No,839,No,Yes,Unknown,5,May,225,1,-1,0,Unknown,No,2023-05-05
31,Housemaid,Single,Primary,No,26965,No,No,Cellular,21,Apr,654,2,-1,0,Unknown,Yes,2023-04-21
33,Technician,Single,Secondary,No,716,Yes,No,Cellular,14,May,234,2,-1,0,Unknown,No,2023-05-14
29,Technician,Single,Tertiary,No,2485,No,No,Telephone,24,Jul,48,6,-1,0,Unknown,No,2023-07-24
38,Management,Single,Tertiary,No,15030,Yes,No,Cellular,13,May,167,1,174,7,Other,No,2023-05-13
37,Admin.,Married,Secondary,No,11303,No,No,Cellular,26,May,500,2,-1,0,Unknown,No,2023-05-26
33,Entrepreneur,Married,Tertiary,No,595,No,No,Cellular,7,Aug,22,2,-1,0,Unknown,No,2023-08-07
30,Management,Single,Tertiary,No,19358,No,No,Cellular,19,Nov,258,2,-1,0,Unknown,No,2023-11-19
31,Self-Employed,Single,Secondary,No,203,No,Yes,Cellular,19,Nov,177,1,-1,0,Unknown,No,2023-11-19
28,Technician,Single,Tertiary,No,183,Yes,Yes,Unknown,28,May,62,2,-1,0,Unknown,No,2023-05-28
26,Admin.,Single,Secondary,No,255,No,No,Cellular,30,Apr,457,1,80,1,Success,Yes,2023-04-30
31,Technician,Single,Secondary,No,102,Yes,No,Telephone,17,Apr,460,2,345,2,Failure,No,2023-04-17
50,Housemaid,Divorced,Primary,No,94,Yes,No,Cellular,22,Jul,184,4,-1,0,Unknown,No,2023-07-22
45,Entrepreneur,Married,Primary,No,58,Yes,No,Telephone,13,May,119,3,371,3,Failure,No,2023-05-13
48,Management,Married,Primary,No,606,No,No,Cellular,5,Mar,77,6,-1,0,Unknown,No,2023-03-05
41,Technician,Married,Secondary,No,0,No,Yes,Cellular,23,Jul,107,1,-1,0,Unknown,No,2023-07-23
60,Technician,Married,Primary,No,65,Yes,No,Unknown,9,May,1028,2,-1,0,Unknown,Yes,2023-05-09
41,Blue-Collar,Married,Secondary,No,338,Yes,No,Unknown,14,May,87,1,-1,0,Unknown,No,2023-05-14
43,Blue-Collar,Married,Primary,No,757,Yes,No,Unknown,9,May,315,4,-1,0,Unknown,No,2023-05-09
36,Management,Married,Tertiary,No,9269,Yes,Yes,Cellular,19,Nov,107,2,-1,0,Unknown,No,2023-11-19
40,Blue-Collar,Married,Primary,No,1206,No,Yes,Telephone,16,Jul,201,5,-1,0,Unknown,No,2023-07-16
28,Management,Single,Tertiary,No,882,No,Yes,Cellular,29,Jan,94,1,205,2,Failure,No,2023-01-29
27,Student,Single,Tertiary,No,5291,No,No,Cellular,12,Nov,192,2,92,2,Failure,Yes,2023-11-12
49,Management,Single,Secondary,No,61,Yes,No,Cellular,29,Jan,185,2,246,1,Failure,No,2023-01-29
37,Technician,Married,Tertiary,No,0,Yes,No,Cellular,17,Nov,77,1,-1,0,Unknown,No,2023-11-17
31,Blue-Collar,Married,Secondary,No,1407,Yes,No,Cellular,6,May,142,3,-1,0,Unknown,No,2023-05-06
31,Technician,Single,Secondary,Yes,25,No,No,Cellular,2,Feb,381,1,-1,0,Unknown,No,2023-02-02
31,Blue-Collar,Married,Secondary,No,1354,Yes,Yes,Cellular,17,Nov,222,2,-1,0,Unknown,No,2023-11-17
35,Blue-Collar,Married,Primary,No,793,Yes,No,Cellular,17,Apr,106,1,-1,0,Unknown,No,2023-04-17
51,Blue-Collar,Divorced,Unknown,No,10287,Yes,No,Unknown,29,May,117,1,-1,0,Unknown,No,2023-05-29
33,Technician,Single,Secondary,No,5235,No,No,Cellular,7,Aug,67,3,-1,0,Unknown,No,2023-08-07
30,Technician,Single,Tertiary,No,3,Yes,No,Cellular,6,May,45,2,169,2,Failure,No,2023-05-06
58,Technician,Single,Secondary,No,409,No,Yes,Cellular,14,Jul,643,2,-1,0,Unknown,No,2023-07-14
34,Admin.,Married,Tertiary,No,35,Yes,No,Cellular,15,Oct,76,1,69,2,Failure,No,2023-10-15
45,Management,Married,Tertiary,No,-459,No,No,Cellular,21,Aug,508,6,-1,0,Unknown,No,2023-08-21
28,Services,Single,Secondary,No,198,No,No,Cellular,5,Jul,128,2,-1,0,Unknown,Yes,2023-07-05
31,Blue-Collar,Married,Primary,No,99,Yes,No,Cellular,17,Apr,193,2,322,1,Other,No,2023-04-17
40,Management,Married,Tertiary,No,60,No,No,Unknown,16,Jun,172,6,-1,0,Unknown,No,2023-06-16
30,Services,Single,Secondary,No,3485,No,No,Cellular,2,Feb,142,2,-1,0,Unknown,No,2023-02-02
34,Entrepreneur,Married,Secondary,No,-139,Yes,Yes,Unknown,27,May,492,2,-1,0,Unknown,No,2023-05-27
40,Blue-Collar,Married,Secondary,No,952,No,Yes,Unknown,12,Jun,140,1,-1,0,Unknown,No,2023-06-12
59,Retired,Married,Primary,No,1427,No,No,Unknown,18,Jun,140,2,-1,0,Unknown,No,2023-06-18
43,Technician,Single,Tertiary,No,1017,Yes,No,Unknown,19,May,257,2,-1,0,Unknown,No,2023-05-19
41,Management,Married,Tertiary,No,-29,No,No,Cellular,29,Jan,41,2,266,2,Failure,No,2023-01-29
33,Technician,Divorced,Secondary,No,9,No,No,Cellular,21,Aug,91,2,-1,0,Unknown,No,2023-08-21
33,Management,Married,Secondary,No,4040,Yes,No,Cellular,20,Apr,132,2,-1,0,Unknown,No,2023-04-20
36,Blue-Collar,Married,Secondary,No,13,No,No,Unknown,3,Jun,284,1,-1,0,Unknown,No,2023-06-03
32,Self-Employed,Single,Secondary,No,1259,No,No,Cellular,25,Jul,184,2,-1,0,Unknown,No,2023-07-25
25,Admin.,Married,Secondary,No,18,Yes,No,Cellular,18,Jul,225,1,-1,0,Unknown,No,2023-07-18
25,Blue-Collar,Married,Secondary,No,-76,Yes,No,Unknown,12,May,241,3,-1,0,Unknown,No,2023-05-12
38,Technician,Single,Tertiary,No,221,No,No,Cellular,20,Aug,79,3,-1,0,Unknown,No,2023-08-20
34,Management,Married,Tertiary,No,136,Yes,No,Cellular,22,Apr,156,1,-1,0,Unknown,No,2023-04-22
67,Blue-Collar,Married,Secondary,No,16353,No,No,Cellular,27,Oct,223,2,-1,0,Unknown,No,2023-10-27
32,Blue-Collar,Married,Secondary,No,-63,Yes,No,Unknown,30,May,198,1,-1,0,Unknown,No,2023-05-30
45,Housemaid,Married,Primary,No,7353,No,No,Cellular,13,Aug,536,2,-1,0,Unknown,No,2023-08-13
33,Blue-Collar,Married,Primary,No,511,Yes,No,Unknown,21,May,304,2,-1,0,Unknown,No,2023-05-21
38,Admin.,Married,Primary,No,3913,Yes,No,Cellular,20,Apr,196,2,315,2,Failure,No,2023-04-20
32,Technician,Divorced,Secondary,No,1097,Yes,No,Unknown,12,May,298,2,-1,0,Unknown,No,2023-05-12
54,Retired,Divorced,Tertiary,No,6102,Yes,Yes,Unknown,21,May,86,6,-1,0,Unknown,No,2023-05-21
51,Admin.,Divorced,Secondary,No,340,Yes,No,Unknown,8,May,186,1,-1,0,Unknown,No,2023-05-08
42,Blue-Collar,Married,Primary,No,-119,Yes,No,Cellular,22,Jul,167,3,-1,0,Unknown,No,2023-07-22
41,Admin.,Married,Secondary,No,2993,Yes,No,Cellular,22,Jul,24,12,-1,0,Unknown,No,2023-07-22
39,Management,Divorced,Tertiary,No,3575,No,Yes,Cellular,18,Aug,74,3,-1,0,Unknown,No,2023-08-18
38,Blue-Collar,Married,Secondary,No,361,Yes,No,Unknown,11,Jun,601,1,-1,0,Unknown,No,2023-06-11
39,Management,Married,Secondary,No,1072,Yes,No,Unknown,27,May,1168,2,-1,0,Unknown,No,2023-05-27
46,Blue-Collar,Married,Primary,No,2904,No,No,Cellular,20,Apr,277,2,-1,0,Unknown,No,2023-04-20
50,Entrepreneur,Divorced,Tertiary,No,1790,No,Yes,Cellular,6,Feb,748,3,-1,0,Unknown,No,2023-02-06
33,Blue-Collar,Married,Secondary,No,86,Yes,No,Unknown,19,May,364,1,-1,0,Unknown,No,2023-05-19
37,Technician,Married,Secondary,No,1633,Yes,No,Unknown,19,May,229,3,-1,0,Unknown,No,2023-05-19
31,Management,Married,Tertiary,No,8312,No,No,Cellular,29,Aug,43,13,-1,0,Unknown,No,2023-08-29
34,Blue-Collar,Divorced,Unknown,No,172,No,No,Cellular,15,Jun,177,1,-1,0,Unknown,Yes,2023-06-15
34,Management,Married,Tertiary,No,0,Yes,No,Cellular,7,Aug,262,1,99,2,Success,Yes,2023-08-07
36,Management,Married,Tertiary,No,222,Yes,No,Cellular,6,May,317,1,169,2,Failure,No,2023-05-06
40,Technician,Married,Secondary,No,109,No,No,Unknown,20,Jun,402,22,-1,0,Unknown,No,2023-06-20
40,Blue-Collar,Married,Secondary,No,1451,No,No,Cellular,1,Jun,314,1,-1,0,Unknown,Yes,2023-06-01
41,Technician,Married,Secondary,No,1066,No,No,Cellular,11,Feb,109,3,-1,0,Unknown,Yes,2023-02-11
52,Management,Married,Tertiary,No,3163,No,No,Cellular,25,Aug,56,6,-1,0,Unknown,No,2023-08-25
40,Services,Single,Secondary,No,888,Yes,No,Unknown,12,May,169,2,-1,0,Unknown,No,2023-05-12
48,Blue-Collar,Single,Unknown,No,428,Yes,No,Cellular,18,May,127,1,-1,0,Unknown,No,2023-05-18
33,Management,Divorced,Secondary,No,106,No,No,Cellular,20,Aug,175,3,-1,0,Unknown,No,2023-08-20
44,Technician,Divorced,Secondary,No,0,No,No,Cellular,12,Aug,56,2,-1,0,Unknown,No,2023-08-12
55,Management,Married,Tertiary,No,979,No,Yes,Cellular,8,Jul,123,1,-1,0,Unknown,No,2023-07-08
51,Admin.,Married,Secondary,No,2662,No,No,Telephone,28,Jan,148,2,-1,0,Unknown,No,2023-01-28
34,Management,Single,Tertiary,No,84,No,No,Cellular,5,Feb,231,1,-1,0,Unknown,No,2023-02-05
58,Retired,Divorced,Unknown,No,5920,Yes,No,Cellular,23,Jul,255,1,-1,0,Unknown,No,2023-07-23
39,Management,Single,Tertiary,No,816,Yes,No,Cellular,27,Aug,37,3,-1,0,Unknown,No,2023-08-27
27,Unemployed,Single,Secondary,No,3276,No,No,Cellular,5,Aug,106,1,110,2,Other,No,2023-08-05
55,Management,Divorced,Unknown,No,2,Yes,No,Unknown,19,May,95,1,-1,0,Unknown,No,2023-05-19
35,Technician,Single,Secondary,No,-51,No,No,Unknown,2,Jul,134,2,-1,0,Unknown,No,2023-07-02
37,Technician,Single,Tertiary,No,3315,Yes,No,Cellular,9,Apr,820,2,-1,0,Unknown,No,2023-04-09
52,Technician,Married,Secondary,No,196,Yes,Yes,Cellular,24,Feb,116,1,273,3,Failure,No,2023-02-24
41,Blue-Collar,Married,Secondary,No,552,Yes,No,Cellular,12,May,463,1,-1,0,Unknown,No,2023-05-12
52,Admin.,Married,Secondary,No,2347,No,Yes,Cellular,12,Aug,603,3,-1,0,Unknown,No,2023-08-12
34,Blue-Collar,Single,Secondary,No,3723,Yes,No,Unknown,27,May,47,5,-1,0,Unknown,No,2023-05-27
53,Management,Divorced,Primary,No,255,No,No,Cellular,19,Nov,126,1,-1,0,Unknown,No,2023-11-19
33,Management,Single,Tertiary,No,3143,No,No,Cellular,29,Jun,421,2,-1,0,Unknown,Yes,2023-06-29
47,Self-Employed,Married,Secondary,No,0,No,No,Unknown,26,Jun,174,8,-1,0,Unknown,No,2023-06-26
35,Blue-Collar,Married,Secondary,No,6411,Yes,Yes,Cellular,30,Jan,144,1,266,2,Failure,No,2023-01-30
33,Management,Single,Tertiary,No,1909,No,No,Cellular,8,Aug,191,2,-1,0,Unknown,No,2023-08-08
55,Blue-Collar,Married,Primary,No,3873,No,No,Telephone,21,Apr,222,1,-1,0,Unknown,No,2023-04-21
58,Self-Employed,Married,Primary,No,1013,Yes,No,Cellular,11,Aug,206,1,461,1,Failure,Yes,2023-08-11
44,Admin.,Married,Secondary,No,262,Yes,No,Cellular,9,Jul,74,1,-1,0,Unknown,No,2023-07-09
25,Services,Single,Secondary,No,3217,Yes,No,Unknown,28,May,24,1,-1,0,Unknown,No,2023-05-28
37,Technician,Single,Secondary,No,5436,Yes,No,Cellular,6,May,7,11,351,1,Failure,No,2023-05-06
41,Blue-Collar,Married,Primary,No,2067,Yes,No,Cellular,15,May,493,7,-1,0,Unknown,No,2023-05-15
34,Blue-Collar,Single,Secondary,No,215,No,No,Cellular,3,Mar,350,3,-1,0,Unknown,Yes,2023-03-03
36,Services,Divorced,Secondary,No,1594,No,No,Unknown,6,Jun,250,3,-1,0,Unknown,No,2023-06-06
44,Self-Employed,Married,Tertiary,No,134,No,No,Cellular,28,Aug,86,4,-1,0,Unknown,No,2023-08-28
34,Entrepreneur,Divorced,Tertiary,No,262,No,No,Cellular,20,Nov,371,1,-1,0,Unknown,No,2023-11-20
56,Blue-Collar,Divorced,Primary,No,3021,No,No,Unknown,9,Jun,419,2,-1,0,Unknown,No,2023-06-09
43,Management,Divorced,Tertiary,No,388,Yes,No,Unknown,8,May,2087,2,-1,0,Unknown,Yes,2023-05-08
28,Blue-Collar,Single,Secondary,No,3412,Yes,No,Cellular,15,May,22,4,-1,0,Unknown,No,2023-05-15
54,Blue-Collar,Married,Secondary,No,1291,Yes,No,Unknown,5,May,266,1,-1,0,Unknown,No,2023-05-05
37,Technician,Divorced,Secondary,No,79,No,No,Cellular,21,Jul,191,1,-1,0,Unknown,No,2023-07-21
59,Self-Employed,Married,Tertiary,No,2013,No,No,Cellular,19,Feb,222,4,94,2,Success,Yes,2023-02-19
58,Blue-Collar,Divorced,Secondary,No,543,No,Yes,Telephone,17,Jul,264,3,-1,0,Unknown,No,2023-07-17
56,Management,Divorced,Tertiary,No,1016,Yes,No,Unknown,9,Jun,184,5,-1,0,Unknown,No,2023-06-09
32,Blue-Collar,Single,Secondary,No,604,No,Yes,Cellular,28,May,95,3,-1,0,Unknown,No,2023-05-28
42,Management,Single,Tertiary,No,525,No,No,Cellular,13,Aug,127,2,-1,0,Unknown,No,2023-08-13
52,Retired,Divorced,Primary,No,353,No,No,Cellular,31,Jul,395,4,-1,0,Unknown,No,2023-07-31
46,Management,Married,Tertiary,No,964,Yes,No,Cellular,8,Apr,174,1,-1,0,Unknown,No,2023-04-08
37,Admin.,Married,Tertiary,No,3913,Yes,No,Cellular,27,Apr,124,1,-1,0,Unknown,Yes,2023-04-27
39,Blue-Collar,Married,Primary,No,879,Yes,No,Unknown,26,May,102,2,-1,0,Unknown,No,2023-05-26
31,Admin.,Married,Secondary,No,314,Yes,No,Cellular,17,Apr,279,1,-1,0,Unknown,No,2023-04-17
59,Housemaid,Married,Primary,No,0,No,No,Cellular,27,Aug,76,11,-1,0,Unknown,No,2023-08-27
38,Blue-Collar,Married,Secondary,No,1370,Yes,No,Cellular,11,May,472,2,-1,0,Unknown,No,2023-05-11
58,Management,Married,Secondary,No,37,No,No,Cellular,18,Aug,84,11,-1,0,Unknown,No,2023-08-18
34,Management,Single,Tertiary,No,673,Yes,Yes,Cellular,20,Nov,271,1,184,1,Failure,No,2023-11-20
40,Services,Married,Secondary,No,-342,Yes,No,Unknown,26,May,754,1,-1,0,Unknown,No,2023-05-26
20,Student,Single,Secondary,No,291,No,No,Telephone,11,May,172,5,371,5,Failure,No,2023-05-11
34,Technician,Married,Secondary,No,209,Yes,Yes,Cellular,8,Apr,375,2,-1,0,Unknown,No,2023-04-08
31,Technician,Single,Tertiary,No,438,Yes,No,Cellular,12,Aug,130,2,-1,0,Unknown,No,2023-08-12
39,Admin.,Single,Secondary,No,1242,Yes,No,Unknown,12,May,303,3,-1,0,Unknown,No,2023-05-12
34,Entrepreneur,Married,Tertiary,No,355,Yes,No,Unknown,16,May,261,1,-1,0,Unknown,No,2023-05-16
24,Blue-Collar,Married,Secondary,No,204,Yes,Yes,Cellular,17,Apr,229,3,-1,0,Unknown,No,2023-04-17
41,Management,Married,Tertiary,No,10758,Yes,No,Cellular,1,Jun,288,1,-1,0,Unknown,No,2023-06-01
40,Management,Married,Tertiary,No,5,Yes,No,Cellular,18,Nov,219,3,-1,0,Unknown,No,2023-11-18
45,Technician,Single,Secondary,No,410,Yes,No,Unknown,30,May,891,4,-1,0,Unknown,Yes,2023-05-30
36,Management,Married,Tertiary,No,605,Yes,No,Unknown,26,May,204,1,-1,0,Unknown,No,2023-05-26
53,Management,Married,Tertiary,No,4,No,No,Unknown,20,Jun,19,6,-1,0,Unknown,No,2023-06-20
23,Student,Single,Secondary,No,8494,No,No,Cellular,25,Aug,158,2,-1,0,Unknown,No,2023-08-25
42,Entrepreneur,Married,Primary,No,198,Yes,No,Unknown,8,May,314,1,-1,0,Unknown,No,2023-05-08
48,Blue-Collar,Married,Secondary,No,841,Yes,No,Unknown,19,May,215,1,-1,0,Unknown,No,2023-05-19
34,Management,Married,Tertiary,No,8,No,No,Cellular,25,Aug,169,4,-1,0,Unknown,No,2023-08-25
36,Admin.,Married,Secondary,No,470,Yes,No,Cellular,31,Jul,101,4,-1,0,Unknown,No,2023-07-31
43,Retired,Married,Secondary,No,520,Yes,No,Unknown,20,May,15,13,-1,0,Unknown,No,2023-05-20
36,Blue-Collar,Married,Secondary,No,439,Yes,No,Unknown,21,May,260,5,-1,0,Unknown,No,2023-05-21
49,Blue-Collar,Married,Secondary,No,-454,Yes,No,Cellular,14,May,558,1,-1,0,Unknown,Yes,2023-05-14
55,Retired,Married,Secondary,No,466,No,No,Unknown,17,Jun,287,4,-1,0,Unknown,No,2023-06-17
53,Retired,Married,Secondary,No,665,Yes,No,Cellular,22,Apr,371,2,-1,0,Unknown,Yes,2023-04-22
42,Technician,Married,Secondary,No,994,Yes,No,Cellular,11,Aug,149,1,78,5,Failure,Yes,2023-08-11
45,Admin.,Married,Secondary,No,5346,Yes,Yes,Unknown,21,Oct,187,1,-1,0,Unknown,Yes,2023-10-21
31,Blue-Collar,Married,Secondary,No,1243,Yes,No,Unknown,21,May,32,1,-1,0,Unknown,No,2023-05-21
32,Admin.,Married,Tertiary,No,0,Yes,No,Unknown,5,May,138,1,-1,0,Unknown,No,2023-05-05
36,Blue-Collar,Married,Secondary,No,2357,Yes,No,Unknown,17,Jun,228,2,-1,0,Unknown,No,2023-06-17
56,Retired,Married,Secondary,No,1044,No,No,Telephone,3,Jul,353,2,-1,0,Unknown,Yes,2023-07-03
46,Admin.,Married,Secondary,No,1069,Yes,No,Unknown,8,May,45,2,-1,0,Unknown,No,2023-05-08
41,Housemaid,Single,Secondary,No,231,No,No,Cellular,9,Jul,76,2,-1,0,Unknown,No,2023-07-09
31,Admin.,Married,Secondary,No,0,Yes,Yes,Unknown,6,May,144,2,-1,0,Unknown,No,2023-05-06
32,Technician,Married,Secondary,No,266,Yes,No,Cellular,19,Aug,168,2,-1,0,Unknown,No,2023-08-19
38,Management,Married,Tertiary,No,-70,Yes,No,Cellular,30,Jan,140,1,2,3,Other,No,2023-01-30
49,Retired,Single,Primary,No,25824,No,No,Unknown,17,Jun,94,1,-1,0,Unknown,No,2023-06-17
46,Management,Single,Primary,No,538,No,No,Unknown,17,Jun,118,3,-1,0,Unknown,No,2023-06-17
29,Technician,Single,Secondary,No,534,Yes,No,Cellular,18,May,382,1,-1,0,Unknown,No,2023-05-18
36,Admin.,Married,Unknown,No,2323,No,No,Cellular,19,Nov,111,1,-1,0,Unknown,No,2023-11-19
38,Admin.,Married,Secondary,No,1852,Yes,No,Cellular,15,May,298,2,-1,0,Unknown,No,2023-05-15
53,Technician,Married,Secondary,No,2647,Yes,No,Unknown,30,May,121,1,-1,0,Unknown,No,2023-05-30
43,Management,Married,Tertiary,No,2767,Yes,No,Unknown,15,May,317,7,-1,0,Unknown,No,2023-05-15
41,Management,Married,Tertiary,No,176,Yes,Yes,Unknown,5,May,42,1,-1,0,Unknown,No,2023-05-05
42,Management,Single,Secondary,No,9720,No,No,Cellular,5,Aug,81,2,-1,0,Unknown,No,2023-08-05
55,Blue-Collar,Divorced,Secondary,No,1613,Yes,No,Cellular,3,Apr,296,1,270,3,Failure,Yes,2023-04-03
39,Admin.,Divorced,Secondary,No,2903,Yes,Yes,Telephone,25,Jul,259,2,-1,0,Unknown,No,2023-07-25
30,Admin.,Single,Secondary,No,81,Yes,No,Cellular,6,Aug,121,6,112,3,Other,No,2023-08-06
41,Blue-Collar,Married,Secondary,No,780,Yes,No,Cellular,15,May,432,3,-1,0,Unknown,No,2023-05-15
44,Unemployed,Married,Tertiary,No,178,No,No,Cellular,8,Aug,126,2,-1,0,Unknown,No,2023-08-08
58,Management,Married,Tertiary,No,299,No,No,Cellular,16,Jul,120,4,-1,0,Unknown,No,2023-07-16
35,Retired,Married,Primary,No,285,Yes,No,Cellular,29,Jan,136,1,-1,0,Unknown,No,2023-01-29
27,Blue-Collar,Married,Secondary,No,872,Yes,No,Cellular,17,Apr,1130,3,-1,0,Unknown,No,2023-04-17
34,Services,Married,Secondary,No,1337,No,No,Cellular,17,Dec,330,2,127,3,Success,Yes,2023-12-17
25,Services,Married,Secondary,No,72,Yes,No,Cellular,23,Jul,305,2,-1,0,Unknown,No,2023-07-23
36,Blue-Collar,Married,Secondary,No,0,No,No,Unknown,20,Jun,332,3,-1,0,Unknown,No,2023-06-20
38,Blue-Collar,Married,Secondary,No,-388,Yes,No,Unknown,9,May,412,1,-1,0,Unknown,No,2023-05-09
30,Admin.,Married,Secondary,No,11,Yes,No,Cellular,11,May,157,1,-1,0,Unknown,No,2023-05-11
47,Blue-Collar,Divorced,Secondary,Yes,-535,Yes,No,Cellular,30,Jul,71,2,-1,0,Unknown,No,2023-07-30
41,Services,Divorced,Secondary,No,787,Yes,No,Cellular,8,May,297,2,-1,0,Unknown,No,2023-05-08
36,Management,Single,Tertiary,No,3343,No,No,Cellular,18,Nov,307,1,-1,0,Unknown,No,2023-11-18
63,Entrepreneur,Married,Secondary,No,3904,No,No,Telephone,4,Aug,250,2,187,2,Success,Yes,2023-08-04
23,Management,Single,Tertiary,No,736,Yes,No,Cellular,30,Apr,119,1,-1,0,Unknown,No,2023-04-30
32,Management,Married,Tertiary,No,1390,No,No,Cellular,7,Aug,116,2,-1,0,Unknown,No,2023-08-07
57,Retired,Married,Primary,No,808,No,No,Telephone,7,Jul,274,1,-1,0,Unknown,No,2023-07-07
48,Management,Married,Tertiary,No,1147,No,No,Cellular,5,Aug,389,1,64,2,Success,Yes,2023-08-05
49,Services,Married,Secondary,No,1122,No,No,Cellular,4,Aug,143,1,-1,0,Unknown,No,2023-08-04
50,Technician,Married,Secondary,No,-568,Yes,Yes,Unknown,28,May,860,2,-1,0,Unknown,No,2023-05-28
33,Blue-Collar,Married,Primary,No,1165,Yes,No,Unknown,21,May,420,2,-1,0,Unknown,No,2023-05-21
53,Services,Divorced,Secondary,No,-905,Yes,No,Unknown,28,May,213,1,-1,0,Unknown,No,2023-05-28
30,Unemployed,Married,Tertiary,No,0,Yes,No,Cellular,18,Nov,756,1,-1,0,Unknown,No,2023-11-18
38,Technician,Married,Secondary,No,740,No,No,Cellular,7,Aug,259,3,-1,0,Unknown,No,2023-08-07
44,Management,Married,Secondary,No,8262,Yes,No,Cellular,23,Jul,201,16,-1,0,Unknown,No,2023-07-23
39,Admin.,Single,Secondary,No,14,Yes,Yes,Unknown,13,May,19,9,-1,0,Unknown,No,2023-05-13
45,Technician,Single,Unknown,No,7108,Yes,Yes,Cellular,18,Nov,53,1,172,3,Failure,No,2023-11-18
36,Blue-Collar,Married,Secondary,No,1049,Yes,No,Cellular,14,May,224,4,-1,0,Unknown,Yes,2023-05-14
38,Blue-Collar,Married,Secondary,No,0,Yes,No,Cellular,13,May,57,5,349,1,Other,No,2023-05-13
36,Housemaid,Married,Secondary,No,419,Yes,No,Unknown,30,May,251,1,-1,0,Unknown,No,2023-05-30
30,Management,Single,Tertiary,No,726,Yes,No,Cellular,16,Apr,39,1,342,3,Failure,No,2023-04-16
28,Technician,Divorced,Tertiary,No,594,Yes,Yes,Unknown,18,Jun,54,3,-1,0,Unknown,No,2023-06-18
26,Unemployed,Married,Tertiary,No,454,Yes,Yes,Unknown,23,May,28,18,-1,0,Unknown,No,2023-05-23
54,Unknown,Married,Secondary,No,2206,No,No,Cellular,12,Nov,104,1,99,2,Other,Yes,2023-11-12
38,Admin.,Married,Tertiary,No,1988,No,No,Cellular,27,Mar,164,2,130,2,Failure,Yes,2023-03-27
32,Technician,Single,Tertiary,No,0,No,No,Cellular,7,Aug,268,2,-1,0,Unknown,No,2023-08-07
50,Admin.,Divorced,Secondary,No,202,No,Yes,Cellular,17,Nov,148,1,-1,0,Unknown,No,2023-11-17
43,Blue-Collar,Married,Secondary,No,667,Yes,No,Unknown,7,May,228,3,-1,0,Unknown,No,2023-05-07
48,Admin.,Married,Secondary,No,112,No,No,Cellular,18,Aug,139,5,-1,0,Unknown,No,2023-08-18
57,Housemaid,Married,Primary,No,50,No,No,Cellular,18,Aug,89,3,-1,0,Unknown,No,2023-08-18
64,Housemaid,Married,Primary,No,768,No,No,Cellular,15,Jul,250,2,182,1,Success,No,2023-07-15
26,Services,Divorced,Secondary,No,74,Yes,No,Unknown,23,May,106,6,-1,0,Unknown,No,2023-05-23
33,Blue-Collar,Married,Secondary,No,661,Yes,No,Cellular,18,Jul,968,1,-1,0,Unknown,Yes,2023-07-18
50,Self-Employed,Married,Secondary,No,3025,No,Yes,Cellular,6,Aug,168,3,-1,0,Unknown,No,2023-08-06
47,Self-Employed,Married,Tertiary,No,751,No,No,Cellular,24,Jul,408,14,-1,0,Unknown,No,2023-07-24
39,Management,Single,Tertiary,No,416,No,No,Cellular,23,Oct,56,4,-1,0,Unknown,No,2023-10-23
52,Services,Married,Primary,No,14,No,Yes,Cellular,28,Jul,55,5,-1,0,Unknown,No,2023-07-28
31,Blue-Collar,Single,Primary,No,-502,Yes,No,Unknown,29,May,76,4,-1,0,Unknown,No,2023-05-29
50,Blue-Collar,Married,Primary,No,0,No,No,Cellular,11,Aug,72,5,-1,0,Unknown,No,2023-08-11
47,Technician,Married,Secondary,No,599,Yes,No,Cellular,13,Aug,99,3,-1,0,Unknown,No,2023-08-13
30,Management,Single,Tertiary,No,-218,Yes,No,Cellular,27,Aug,13,15,-1,0,Unknown,No,2023-08-27
32,Technician,Single,Tertiary,No,1012,No,No,Cellular,14,Apr,178,1,-1,0,Unknown,No,2023-04-14
36,Technician,Married,Secondary,No,300,No,No,Unknown,9,Jun,287,1,-1,0,Unknown,No,2023-06-09
46,Technician,Married,Tertiary,No,217,Yes,No,Cellular,14,May,141,1,346,2,Other,No,2023-05-14
45,Management,Divorced,Tertiary,No,2096,No,No,Cellular,21,Nov,127,1,100,2,Failure,No,2023-11-21
37,Technician,Single,Secondary,No,0,No,No,Cellular,4,Aug,69,2,-1,0,Unknown,No,2023-08-04
58,Housemaid,Married,Primary,No,5278,Yes,No,Unknown,4,Jun,763,4,-1,0,Unknown,No,2023-06-04
59,Management,Married,Tertiary,No,1831,No,No,Cellular,17,Feb,122,1,92,1,Failure,No,2023-02-17
28,Management,Married,Tertiary,No,1480,Yes,No,Cellular,18,May,143,1,-1,0,Unknown,No,2023-05-18
48,Management,Married,Tertiary,No,7289,Yes,No,Cellular,2,Feb,316,3,-1,0,Unknown,No,2023-02-02
55,Blue-Collar,Married,Unknown,No,1665,No,No,Telephone,30,Jul,89,2,-1,0,Unknown,No,2023-07-30
37,Blue-Collar,Single,Primary,No,851,Yes,No,Cellular,15,May,151,1,352,1,Failure,No,2023-05-15
41,Management,Married,Tertiary,No,2885,No,No,Cellular,19,Nov,40,1,-1,0,Unknown,No,2023-11-19
35,Blue-Collar,Married,Secondary,No,137,No,Yes,Unknown,4,Oct,5,1,808,12,Failure,No,2023-10-04
34,Blue-Collar,Single,Secondary,No,1239,Yes,No,Cellular,18,Jul,90,1,-1,0,Unknown,No,2023-07-18
43,Management,Single,Tertiary,No,146,No,No,Cellular,21,Nov,50,1,113,5,Other,No,2023-11-21
59,Technician,Married,Secondary,No,1,No,No,Cellular,15,Apr,159,2,378,3,Failure,Yes,2023-04-15
50,Blue-Collar,Divorced,Primary,No,-10,No,Yes,Cellular,10,Jul,369,6,-1,0,Unknown,No,2023-07-10
37,Technician,Married,Secondary,No,480,No,No,Cellular,22,Oct,344,2,182,8,Other,Yes,2023-10-22
35,Technician,Married,Secondary,No,2789,Yes,No,Cellular,4,Sep,256,2,94,1,Failure,No,2023-09-04
50,Technician,Single,Secondary,No,3897,No,No,Cellular,26,Oct,298,1,-1,0,Unknown,No,2023-10-26
36,Technician,Divorced,Secondary,No,487,No,Yes,Cellular,11,Aug,268,3,-1,0,Unknown,No,2023-08-11
41,Admin.,Married,Secondary,No,5110,Yes,No,Cellular,13,Apr,231,1,-1,0,Unknown,No,2023-04-13
28,Management,Married,Tertiary,No,318,Yes,No,Unknown,27,May,4,4,-1,0,Unknown,No,2023-05-27
42,Technician,Single,Tertiary,No,-411,Yes,No,Cellular,12,May,78,5,292,3,Failure,No,2023-05-12
60,Retired,Married,Secondary,No,4820,No,No,Unknown,5,Jun,419,1,-1,0,Unknown,No,2023-06-05
28,Management,Single,Tertiary,No,4937,Yes,No,Telephone,13,May,421,3,-1,0,Unknown,No,2023-05-13
48,Entrepreneur,Married,Secondary,No,725,No,Yes,Cellular,10,Jul,105,1,-1,0,Unknown,No,2023-07-10
51,Entrepreneur,Married,Tertiary,No,5403,No,No,Unknown,6,Jun,42,1,-1,0,Unknown,No,2023-06-06
32,Technician,Married,Tertiary,No,4089,No,No,Cellular,26,May,114,7,287,3,Failure,No,2023-05-26
35,Technician,Married,Tertiary,No,188,No,No,Cellular,26,Aug,286,2,-1,0,Unknown,No,2023-08-26
37,Technician,Married,Unknown,No,189,No,No,Cellular,1,Oct,238,1,107,2,Success,Yes,2023-10-01
38,Blue-Collar,Divorced,Secondary,No,2998,Yes,No,Unknown,11,Jun,91,1,-1,0,Unknown,No,2023-06-11
77,Retired,Married,Secondary,No,610,No,No,Cellular,13,Aug,766,3,-1,0,Unknown,No,2023-08-13
32,Management,Single,Unknown,No,787,No,No,Cellular,28,Jan,92,1,-1,0,Unknown,No,2023-01-28
43,Technician,Divorced,Secondary,No,167,No,No,Cellular,4,Aug,211,3,-1,0,Unknown,No,2023-08-04
36,Management,Single,Tertiary,No,243,Yes,No,Cellular,7,May,160,2,360,3,Failure,No,2023-05-07
29,Management,Married,Tertiary,No,877,No,No,Cellular,3,Feb,166,3,-1,0,Unknown,No,2023-02-03
32,Admin.,Single,Secondary,No,2817,Yes,No,Cellular,21,Nov,195,1,-1,0,Unknown,No,2023-11-21
41,Management,Divorced,Tertiary,No,4567,Yes,Yes,Cellular,16,Jul,106,1,-1,0,Unknown,No,2023-07-16
26,Services,Single,Secondary,No,127,Yes,Yes,Cellular,23,Jul,85,3,-1,0,Unknown,No,2023-07-23
34,Blue-Collar,Married,Primary,No,176,No,No,Cellular,24,Jul,78,1,-1,0,Unknown,No,2023-07-24
57,Retired,Married,Tertiary,No,0,Yes,Yes,Unknown,28,May,648,1,-1,0,Unknown,Yes,2023-05-28
36,Services,Single,Secondary,No,1482,Yes,No,Cellular,18,Nov,177,2,174,1,Other,No,2023-11-18
42,Blue-Collar,Married,Secondary,No,3052,Yes,No,Unknown,27,May,32,1,-1,0,Unknown,No,2023-05-27
35,Technician,Divorced,Secondary,No,56,No,No,Cellular,29,Aug,24,12,-1,0,Unknown,No,2023-08-29
52,Entrepreneur,Divorced,Primary,No,278,Yes,No,Unknown,7,May,688,2,-1,0,Unknown,No,2023-05-07
36,Management,Single,Tertiary,No,3875,Yes,No,Unknown,27,May,21,5,-1,0,Unknown,No,2023-05-27
46,Technician,Married,Secondary,No,-337,Yes,No,Unknown,27,May,112,1,-1,0,Unknown,No,2023-05-27
60,Management,Divorced,Tertiary,No,366,No,No,Cellular,3,Jun,593,1,-1,0,Unknown,Yes,2023-06-03
57,Housemaid,Married,Primary,No,501,Yes,Yes,Cellular,7,Aug,59,2,-1,0,Unknown,No,2023-08-07
48,Management,Married,Tertiary,No,998,Yes,No,Cellular,29,Jan,121,3,-1,0,Unknown,No,2023-01-29
59,Self-Employed,Married,Primary,No,0,Yes,No,Telephone,28,Jul,97,2,-1,0,Unknown,No,2023-07-28
39,Management,Married,Tertiary,No,246,No,No,Cellular,11,Aug,86,2,-1,0,Unknown,No,2023-08-11
44,Blue-Collar,Married,Secondary,No,-182,Yes,Yes,Cellular,14,May,10,10,-1,0,Unknown,No,2023-05-14
27,Management,Single,Tertiary,No,446,No,No,Cellular,23,Jun,205,3,-1,0,Unknown,No,2023-06-23
59,Retired,Married,Secondary,No,1173,No,No,Unknown,9,Jun,77,2,-1,0,Unknown,No,2023-06-09
36,Technician,Divorced,Secondary,No,5957,Yes,No,Cellular,18,Nov,138,2,-1,0,Unknown,No,2023-11-18
44,Admin.,Married,Secondary,No,205,No,No,Cellular,3,Nov,289,1,-1,0,Unknown,Yes,2023-11-03
50,Admin.,Married,Secondary,No,0,No,No,Cellular,4,Aug,86,4,-1,0,Unknown,No,2023-08-04
41,Management,Divorced,Tertiary,No,369,Yes,No,Telephone,22,Aug,9,3,-1,0,Unknown,No,2023-08-22
47,Admin.,Married,Secondary,No,1934,No,Yes,Cellular,14,May,225,1,364,1,Failure,No,2023-05-14
32,Technician,Single,Tertiary,No,259,No,No,Cellular,22,Jul,407,4,-1,0,Unknown,No,2023-07-22
38,Blue-Collar,Married,Secondary,No,284,Yes,Yes,Unknown,3,Jun,1030,6,-1,0,Unknown,No,2023-06-03
55,Blue-Collar,Married,Unknown,No,23,No,No,Cellular,13,Aug,123,2,-1,0,Unknown,No,2023-08-13
38,Management,Single,Tertiary,No,1373,No,No,Cellular,22,Oct,119,4,-1,0,Unknown,No,2023-10-22
31,Management,Single,Tertiary,No,62,Yes,No,Cellular,18,May,175,1,293,5,Failure,No,2023-05-18
38,Blue-Collar,Divorced,Secondary,No,157,No,No,Unknown,9,Jun,299,5,-1,0,Unknown,No,2023-06-09
29,Unemployed,Single,Tertiary,No,991,No,No,Cellular,5,Feb,563,1,-1,0,Unknown,No,2023-02-05
55,Services,Married,Secondary,No,186,Yes,Yes,Unknown,9,May,241,1,-1,0,Unknown,No,2023-05-09
35,Unemployed,Married,Secondary,No,977,Yes,No,Cellular,4,May,52,4,91,1,Other,No,2023-05-04
40,Self-Employed,Single,Tertiary,No,2893,No,No,Cellular,2,Jun,76,3,-1,0,Unknown,No,2023-06-02
34,Blue-Collar,Married,Secondary,No,1897,Yes,Yes,Cellular,19,Nov,441,1,-1,0,Unknown,No,2023-11-19
32,Technician,Single,Tertiary,No,5514,No,No,Cellular,22,Apr,319,1,182,1,Success,Yes,2023-04-22
33,Blue-Collar,Married,Secondary,No,889,Yes,No,Unknown,18,Sep,13,1,373,6,Success,No,2023-09-18
33,Management,Married,Tertiary,No,273,Yes,No,Unknown,16,May,803,1,-1,0,Unknown,Yes,2023-05-16
37,Admin.,Married,Secondary,No,1193,No,No,Cellular,12,May,396,2,-1,0,Unknown,No,2023-05-12
58,Management,Married,Tertiary,No,2729,No,No,Unknown,18,Jun,188,1,-1,0,Unknown,No,2023-06-18
36,Admin.,Single,Secondary,No,0,No,No,Cellular,20,Apr,637,1,-1,0,Unknown,No,2023-04-20
42,Blue-Collar,Married,Secondary,No,230,Yes,No,Unknown,5,Jun,175,7,-1,0,Unknown,No,2023-06-05
34,Technician,Single,Secondary,No,2729,Yes,No,Cellular,6,Apr,945,1,139,1,Success,No,2023-04-06
35,Management,Married,Tertiary,No,317,Yes,No,Unknown,23,May,162,3,-1,0,Unknown,No,2023-05-23
60,Housemaid,Married,Primary,No,517,No,No,Unknown,12,Jun,1178,3,-1,0,Unknown,No,2023-06-12
50,Management,Married,Tertiary,No,-470,Yes,No,Cellular,8,May,506,2,170,3,Failure,No,2023-05-08
28,Self-Employed,Single,Tertiary,No,4579,No,No,Cellular,12,Jan,409,2,-1,0,Unknown,Yes,2023-01-12
27,Blue-Collar,Divorced,Secondary,No,1,Yes,No,Cellular,14,Jul,116,3,-1,0,Unknown,No,2023-07-14
37,Management,Married,Tertiary,No,5106,No,No,Cellular,30,Apr,244,1,-1,0,Unknown,Yes,2023-04-30
31,Technician,Married,Tertiary,No,636,Yes,No,Cellular,4,May,352,4,-1,0,Unknown,Yes,2023-05-04
34,Services,Married,Secondary,No,1076,No,No,Cellular,12,May,152,1,182,6,Success,Yes,2023-05-12
38,Management,Married,Tertiary,No,126,Yes,No,Unknown,21,May,164,2,-1,0,Unknown,No,2023-05-21
32,Self-Employed,Married,Secondary,No,-33,Yes,No,Unknown,28,May,234,3,-1,0,Unknown,No,2023-05-28
37,Technician,Married,Secondary,No,430,No,No,Cellular,27,Aug,154,4,-1,0,Unknown,No,2023-08-27
33,Admin.,Married,Secondary,No,-6,Yes,No,Unknown,7,May,566,2,-1,0,Unknown,No,2023-05-07
71,Technician,Married,Tertiary,No,383,No,No,Cellular,27,Oct,327,2,183,3,Success,No,2023-10-27
27,Technician,Married,Secondary,No,130,Yes,No,Cellular,7,May,265,3,-1,0,Unknown,No,2023-05-07
38,Blue-Collar,Married,Primary,No,2569,No,No,Unknown,9,Jun,172,1,-1,0,Unknown,No,2023-06-09
34,Technician,Single,Secondary,No,201,No,No,Cellular,22,Jul,257,2,-1,0,Unknown,No,2023-07-22
54,Retired,Divorced,Tertiary,No,0,No,No,Unknown,13,May,618,1,-1,0,Unknown,Yes,2023-05-13
30,Blue-Collar,Married,Secondary,No,6,Yes,No,Cellular,28,Jan,241,3,-1,0,Unknown,No,2023-01-28
35,Entrepreneur,Single,Secondary,No,475,No,Yes,Cellular,21,Jul,936,4,-1,0,Unknown,No,2023-07-21
33,Blue-Collar,Single,Secondary,No,706,Yes,No,Cellular,7,Apr,329,1,322,1,Failure,No,2023-04-07
36,Management,Married,Secondary,No,1825,Yes,No,Cellular,14,May,24,1,346,1,Failure,No,2023-05-14
59,Self-Employed,Married,Tertiary,No,185,No,No,Cellular,22,Jun,177,5,138,1,Failure,No,2023-06-22
72,Blue-Collar,Married,Primary,No,4415,No,No,Telephone,13,Oct,120,1,-1,0,Unknown,No,2023-10-13
64,Management,Married,Tertiary,No,679,No,No,Telephone,22,Apr,135,3,-1,0,Unknown,No,2023-04-22
53,Technician,Divorced,Secondary,No,320,No,No,Cellular,9,Jul,175,1,-1,0,Unknown,No,2023-07-09
35,Management,Single,Tertiary,No,2988,Yes,No,Cellular,25,May,179,1,-1,0,Unknown,No,2023-05-25
58,Self-Employed,Married,Secondary,No,1407,Yes,No,Unknown,30,May,58,1,-1,0,Unknown,No,2023-05-30
40,Technician,Married,Secondary,No,1270,No,No,Cellular,17,Apr,342,2,-1,0,Unknown,No,2023-04-17
41,Services,Divorced,Secondary,No,654,Yes,No,Cellular,13,May,139,2,-1,0,Unknown,No,2023-05-13
48,Retired,Married,Primary,No,5173,Yes,No,Unknown,18,Jun,88,8,-1,0,Unknown,No,2023-06-18
44,Entrepreneur,Married,Tertiary,No,3463,Yes,Yes,Cellular,28,Aug,210,3,-1,0,Unknown,No,2023-08-28
39,Blue-Collar,Married,Unknown,No,0,No,No,Cellular,2,Feb,731,1,193,3,Failure,No,2023-02-02
61,Management,Married,Tertiary,No,6016,No,No,Cellular,2,Feb,670,3,-1,0,Unknown,Yes,2023-02-02
36,Entrepreneur,Married,Primary,No,177,Yes,No,Unknown,12,May,63,5,-1,0,Unknown,No,2023-05-12
28,Management,Married,Tertiary,No,3694,No,Yes,Cellular,8,Jul,70,2,-1,0,Unknown,No,2023-07-08
58,Retired,Single,Secondary,No,1640,No,Yes,Cellular,4,Feb,72,6,274,4,Failure,No,2023-02-04
60,Admin.,Divorced,Secondary,No,174,Yes,No,Cellular,15,May,241,1,364,1,Failure,No,2023-05-15
66,Admin.,Single,Secondary,No,10177,No,No,Cellular,5,May,272,4,-1,0,Unknown,No,2023-05-05
36,Management,Single,Tertiary,No,490,No,No,Cellular,28,Aug,207,8,98,1,Failure,Yes,2023-08-28
49,Self-Employed,Married,Secondary,No,2576,Yes,No,Cellular,15,May,64,6,-1,0,Unknown,No,2023-05-15
40,Services,Married,Secondary,No,0,No,No,Unknown,12,Jun,543,2,-1,0,Unknown,No,2023-06-12
23,Technician,Single,Secondary,No,598,No,No,Cellular,30,Apr,166,1,-1,0,Unknown,No,2023-04-30
29,Management,Single,Tertiary,No,15459,No,No,Cellular,26,May,245,3,97,7,Success,No,2023-05-26
44,Blue-Collar,Married,Primary,No,271,Yes,Yes,Unknown,9,May,94,1,-1,0,Unknown,No,2023-05-09
54,Unknown,Married,Unknown,No,2508,No,No,Unknown,20,Jun,34,8,-1,0,Unknown,No,2023-06-20
47,Blue-Collar,Married,Primary,No,320,No,No,Telephone,30,Jul,203,2,-1,0,Unknown,No,2023-07-30
33,Admin.,Married,Tertiary,No,640,No,No,Cellular,24,Jul,318,1,-1,0,Unknown,No,2023-07-24
30,Self-Employed,Married,Secondary,No,1772,Yes,No,Cellular,13,Apr,158,4,-1,0,Unknown,No,2023-04-13
27,Admin.,Single,Secondary,No,15,No,Yes,Cellular,21,Jul,177,1,-1,0,Unknown,No,2023-07-21
49,Management,Divorced,Tertiary,No,2370,Yes,Yes,Unknown,17,Nov,56,1,103,2,Other,No,2023-11-17
27,Services,Single,Secondary,No,201,Yes,No,Unknown,4,Jun,172,2,-1,0,Unknown,No,2023-06-04
51,Blue-Collar,Married,Secondary,No,160,Yes,No,Cellular,7,May,136,1,359,1,Failure,No,2023-05-07
32,Admin.,Divorced,Secondary,Yes,5,Yes,Yes,Cellular,18,May,82,3,363,2,Other,No,2023-05-18
30,Blue-Collar,Single,Secondary,No,75,Yes,No,Unknown,16,May,123,1,-1,0,Unknown,No,2023-05-16
33,Admin.,Married,Secondary,No,4902,Yes,No,Cellular,20,Nov,110,1,-1,0,Unknown,No,2023-11-20
27,Blue-Collar,Single,Primary,No,-79,Yes,No,Unknown,30,May,385,5,-1,0,Unknown,No,2023-05-30
75,Retired,Divorced,Secondary,No,1341,No,No,Cellular,18,Dec,415,7,-1,0,Unknown,Yes,2023-12-18
37,Services,Divorced,Secondary,No,490,Yes,No,Cellular,2,Feb,73,1,-1,0,Unknown,No,2023-02-02
36,Technician,Single,Secondary,No,1521,Yes,No,Unknown,16,Jun,243,2,-1,0,Unknown,No,2023-06-16
37,Blue-Collar,Married,Secondary,No,131,Yes,No,Unknown,9,May,137,2,-1,0,Unknown,No,2023-05-09
35,Management,Married,Tertiary,No,8,Yes,No,Unknown,23,May,55,4,-1,0,Unknown,No,2023-05-23
32,Services,Married,Secondary,No,-632,Yes,Yes,Cellular,20,Apr,18,5,-1,0,Unknown,No,2023-04-20
32,Admin.,Single,Secondary,No,116,No,Yes,Cellular,16,Jul,255,2,-1,0,Unknown,No,2023-07-16
35,Admin.,Married,Primary,No,189,Yes,No,Cellular,11,May,95,1,-1,0,Unknown,No,2023-05-11
31,Blue-Collar,Married,Primary,No,2,Yes,Yes,Cellular,10,Jul,112,1,-1,0,Unknown,No,2023-07-10
28,Blue-Collar,Single,Secondary,No,4229,Yes,Yes,Cellular,5,May,205,2,-1,0,Unknown,No,2023-05-05
27,Services,Married,Secondary,No,54,Yes,No,Cellular,18,May,97,1,370,1,Failure,No,2023-05-18
22,Student,Single,Unknown,No,549,No,No,Cellular,2,Sep,154,1,-1,0,Unknown,No,2023-09-02
35,Blue-Collar,Married,Primary,No,298,Yes,No,Cellular,13,May,135,2,370,2,Failure,No,2023-05-13
69,Retired,Married,Primary,No,579,No,No,Cellular,14,Aug,230,1,-1,0,Unknown,No,2023-08-14
37,Entrepreneur,Single,Tertiary,No,1467,Yes,Yes,Cellular,17,Nov,349,1,-1,0,Unknown,No,2023-11-17
45,Admin.,Single,Secondary,No,0,Yes,No,Cellular,8,May,38,1,-1,0,Unknown,No,2023-05-08
47,Management,Married,Tertiary,No,109,Yes,No,Cellular,22,Jul,268,1,-1,0,Unknown,No,2023-07-22
52,Management,Married,Tertiary,No,-11,Yes,No,Cellular,11,May,94,4,-1,0,Unknown,No,2023-05-11
33,Services,Married,Secondary,No,90,Yes,No,Cellular,28,Jul,263,2,-1,0,Unknown,No,2023-07-28
60,Blue-Collar,Married,Primary,No,493,No,No,Cellular,18,Aug,671,4,-1,0,Unknown,Yes,2023-08-18
33,Management,Divorced,Secondary,No,1897,Yes,Yes,Unknown,2,Jun,197,1,-1,0,Unknown,No,2023-06-02
44,Admin.,Married,Secondary,No,2403,Yes,No,Cellular,28,Jan,180,2,-1,0,Unknown,No,2023-01-28
38,Entrepreneur,Married,Secondary,No,868,No,No,Cellular,20,Nov,452,2,-1,0,Unknown,No,2023-11-20
54,Entrepreneur,Married,Secondary,No,653,Yes,No,Unknown,15,May,352,1,-1,0,Unknown,No,2023-05-15
32,Unemployed,Divorced,Primary,No,0,No,No,Cellular,15,Jul,175,4,-1,0,Unknown,No,2023-07-15
33,Technician,Married,Secondary,No,0,Yes,Yes,Cellular,19,Nov,163,2,-1,0,Unknown,No,2023-11-19
55,Services,Divorced,Secondary,No,218,Yes,No,Unknown,29,May,200,2,-1,0,Unknown,No,2023-05-29
51,Blue-Collar,Married,Primary,No,5050,No,Yes,Unknown,16,Jun,75,7,-1,0,Unknown,No,2023-06-16
48,Blue-Collar,Married,Secondary,No,741,Yes,No,Cellular,16,Apr,227,1,-1,0,Unknown,No,2023-04-16
37,Services,Single,Secondary,No,1050,Yes,No,Cellular,3,Feb,586,3,-1,0,Unknown,No,2023-02-03
33,Services,Single,Secondary,No,-56,No,Yes,Cellular,10,Jul,119,5,-1,0,Unknown,No,2023-07-10
30,Blue-Collar,Married,Primary,No,1,Yes,Yes,Telephone,22,Jul,80,2,-1,0,Unknown,No,2023-07-22
43,Blue-Collar,Married,Primary,No,-98,Yes,Yes,Cellular,12,May,112,2,330,3,Other,No,2023-05-12
49,Technician,Married,Secondary,No,4667,Yes,No,Unknown,19,May,130,2,-1,0,Unknown,No,2023-05-19
54,Unemployed,Married,Primary,No,541,Yes,No,Cellular,3,Feb,237,3,-1,0,Unknown,No,2023-02-03
31,Unemployed,Married,Tertiary,No,7744,No,No,Cellular,26,Aug,377,8,-1,0,Unknown,No,2023-08-26
54,Unknown,Married,Unknown,No,895,No,No,Cellular,7,Oct,335,1,-1,0,Unknown,Yes,2023-10-07
36,Unemployed,Married,Secondary,No,-129,Yes,No,Cellular,29,Jul,121,3,-1,0,Unknown,No,2023-07-29
30,Admin.,Married,Secondary,No,0,No,No,Cellular,15,Jul,127,5,-1,0,Unknown,No,2023-07-15
27,Technician,Single,Secondary,No,158,No,No,Unknown,1,Jul,650,2,-1,0,Unknown,Yes,2023-07-01
30,Admin.,Married,Secondary,No,122,Yes,No,Unknown,16,May,107,1,-1,0,Unknown,No,2023-05-16
30,Blue-Collar,Married,Secondary,No,673,Yes,No,Unknown,20,May,610,2,-1,0,Unknown,No,2023-05-20
35,Technician,Divorced,Secondary,No,0,No,No,Cellular,25,Aug,124,4,-1,0,Unknown,No,2023-08-25
33,Services,Divorced,Secondary,No,411,Yes,No,Unknown,8,May,216,1,-1,0,Unknown,No,2023-05-08
43,Blue-Collar,Divorced,Primary,No,-97,Yes,Yes,Cellular,31,Jul,747,4,-1,0,Unknown,No,2023-07-31
41,Blue-Collar,Married,Secondary,No,-217,Yes,No,Cellular,11,May,313,1,349,3,Other,No,2023-05-11
41,Management,Divorced,Tertiary,No,5037,No,No,Cellular,23,Apr,252,9,185,5,Other,Yes,2023-04-23
46,Admin.,Divorced,Secondary,No,2232,No,No,Cellular,13,Feb,121,1,-1,0,Unknown,Yes,2023-02-13
54,Blue-Collar,Married,Secondary,No,-932,Yes,No,Unknown,7,May,799,1,-1,0,Unknown,No,2023-05-07
32,Management,Married,Tertiary,No,913,Yes,No,Cellular,23,Jun,883,1,674,4,Failure,No,2023-06-23
30,Technician,Single,Tertiary,No,236,Yes,No,Unknown,16,May,197,1,-1,0,Unknown,No,2023-05-16
40,Entrepreneur,Married,Primary,No,0,Yes,No,Cellular,11,Jul,271,2,-1,0,Unknown,No,2023-07-11
30,Blue-Collar,Married,Primary,No,2581,No,No,Unknown,12,May,221,2,-1,0,Unknown,No,2023-05-12
27,Admin.,Married,Secondary,No,639,No,Yes,Cellular,14,Jul,243,3,-1,0,Unknown,No,2023-07-14
41,Blue-Collar,Married,Primary,No,849,Yes,No,Unknown,15,May,72,1,-1,0,Unknown,No,2023-05-15
54,Services,Married,Secondary,No,386,Yes,No,Cellular,2,Aug,155,2,-1,0,Unknown,No,2023-08-02
32,Management,Single,Tertiary,No,1218,Yes,No,Telephone,28,Jan,70,2,-1,0,Unknown,No,2023-01-28
31,Management,Married,Tertiary,No,2603,Yes,No,Cellular,11,Feb,280,4,-1,0,Unknown,Yes,2023-02-11
42,Blue-Collar,Married,Secondary,No,-921,Yes,No,Unknown,26,May,115,2,-1,0,Unknown,No,2023-05-26
48,Admin.,Married,Primary,No,607,No,No,Unknown,20,Jun,29,2,-1,0,Unknown,No,2023-06-20
34,Blue-Collar,Married,Primary,No,79,Yes,No,Cellular,14,May,406,2,-1,0,Unknown,No,2023-05-14
55,Technician,Divorced,Secondary,No,61,Yes,Yes,Cellular,25,Aug,113,3,-1,0,Unknown,No,2023-08-25
49,Technician,Married,Secondary,No,1091,No,No,Telephone,30,Jul,47,2,-1,0,Unknown,No,2023-07-30
46,Management,Divorced,Tertiary,No,743,No,No,Unknown,5,Jun,36,2,-1,0,Unknown,No,2023-06-05
47,Entrepreneur,Married,Unknown,No,209,Yes,No,Unknown,6,May,135,2,-1,0,Unknown,No,2023-05-06
24,Management,Single,Tertiary,No,172,No,No,Cellular,3,Jul,67,2,-1,0,Unknown,No,2023-07-03
58,Entrepreneur,Married,Secondary,No,2,No,No,Unknown,16,Jun,684,1,-1,0,Unknown,No,2023-06-16
32,Management,Single,Tertiary,No,41,No,No,Cellular,21,Aug,686,5,-1,0,Unknown,Yes,2023-08-21
25,Student,Single,Secondary,No,1116,Yes,No,Cellular,2,Mar,170,3,-1,0,Unknown,No,2023-03-02
49,Blue-Collar,Married,Secondary,No,-55,No,No,Unknown,17,Jun,150,3,-1,0,Unknown,No,2023-06-17
59,Retired,Divorced,Secondary,No,5845,No,No,Cellular,14,May,1060,2,-1,0,Unknown,Yes,2023-05-14
30,Management,Single,Tertiary,No,329,Yes,No,Unknown,6,Jun,122,16,-1,0,Unknown,No,2023-06-06
46,Blue-Collar,Married,Secondary,No,494,Yes,No,Unknown,26,May,724,1,-1,0,Unknown,No,2023-05-26
42,Management,Married,Unknown,No,1519,No,No,Cellular,19,Oct,230,1,92,1,Success,Yes,2023-10-19
37,Entrepreneur,Married,Tertiary,No,2685,No,No,Unknown,20,Jun,187,2,-1,0,Unknown,No,2023-06-20
44,Blue-Collar,Married,Primary,No,-14,Yes,Yes,Unknown,19,May,179,4,-1,0,Unknown,No,2023-05-19
49,Services,Married,Secondary,No,5673,No,Yes,Cellular,4,Aug,357,3,-1,0,Unknown,No,2023-08-04
41,Blue-Collar,Married,Secondary,No,1459,No,No,Unknown,5,Jun,82,1,-1,0,Unknown,No,2023-06-05
48,Technician,Married,Tertiary,No,0,No,No,Telephone,26,Aug,176,15,-1,0,Unknown,No,2023-08-26
31,Management,Married,Secondary,No,625,Yes,No,Cellular,7,Apr,424,1,138,1,Failure,No,2023-04-07
37,Student,Married,Unknown,No,0,No,No,Unknown,18,Jun,115,1,-1,0,Unknown,No,2023-06-18
51,Services,Married,Secondary,No,867,Yes,No,Cellular,3,Feb,177,2,211,3,Failure,No,2023-02-03
80,Retired,Married,Secondary,No,8304,No,No,Telephone,9,Jun,712,1,64,12,Failure,Yes,2023-06-09
32,Management,Single,Tertiary,No,151,Yes,No,Unknown,6,May,118,1,-1,0,Unknown,No,2023-05-06
48,Services,Married,Primary,Yes,-583,Yes,No,Unknown,2,Jun,25,7,-1,0,Unknown,No,2023-06-02
49,Blue-Collar,Married,Tertiary,No,1784,No,No,Unknown,12,Jun,753,1,-1,0,Unknown,No,2023-06-12
30,Management,Married,Tertiary,No,3134,Yes,No,Cellular,17,Jul,124,1,-1,0,Unknown,No,2023-07-17
27,Self-Employed,Single,Secondary,No,49,Yes,No,Cellular,30,Jan,208,2,-1,0,Unknown,No,2023-01-30
34,Technician,Married,Secondary,No,-346,No,No,Cellular,13,Aug,136,4,-1,0,Unknown,No,2023-08-13
49,Management,Married,Secondary,No,1623,Yes,No,Cellular,19,Nov,1081,2,-1,0,Unknown,Yes,2023-11-19
48,Management,Married,Tertiary,No,60,No,No,Telephone,7,May,376,2,339,7,Failure,No,2023-05-07
40,Services,Married,Secondary,No,17,No,No,Cellular,4,Jun,78,1,-1,0,Unknown,No,2023-06-04
38,Blue-Collar,Married,Secondary,No,2008,Yes,No,Cellular,18,Nov,354,1,-1,0,Unknown,No,2023-11-18
46,Blue-Collar,Married,Primary,No,91,Yes,No,Cellular,6,May,29,1,356,2,Failure,No,2023-05-06
41,Entrepreneur,Married,Tertiary,No,171,Yes,No,Cellular,19,Nov,209,1,191,4,Failure,No,2023-11-19
28,Management,Single,Tertiary,No,1027,Yes,No,Cellular,14,May,433,1,-1,0,Unknown,No,2023-05-14
51,Services,Married,Unknown,No,5801,Yes,No,Unknown,29,May,147,2,-1,0,Unknown,No,2023-05-29
33,Blue-Collar,Divorced,Primary,No,142,Yes,No,Telephone,11,May,41,2,300,5,Failure,No,2023-05-11
26,Management,Single,Tertiary,No,205,No,No,Unknown,26,May,111,1,-1,0,Unknown,No,2023-05-26
34,Admin.,Single,Secondary,No,852,No,No,Cellular,14,Apr,108,2,-1,0,Unknown,No,2023-04-14
27,Blue-Collar,Married,Secondary,Yes,-584,Yes,No,Cellular,7,May,411,2,-1,0,Unknown,No,2023-05-07
42,Self-Employed,Married,Secondary,No,97,No,No,Cellular,10,Jul,108,2,-1,0,Unknown,No,2023-07-10
45,Admin.,Married,Secondary,No,204,Yes,No,Cellular,3,Jun,224,2,-1,0,Unknown,Yes,2023-06-03
31,Technician,Single,Secondary,No,628,Yes,No,Unknown,12,May,1083,2,-1,0,Unknown,No,2023-05-12
32,Management,Single,Tertiary,No,311,No,No,Unknown,12,May,757,2,-1,0,Unknown,Yes,2023-05-12
39,Blue-Collar,Married,Primary,No,1564,No,No,Unknown,17,Jun,57,1,-1,0,Unknown,No,2023-06-17
26,Blue-Collar,Single,Secondary,No,856,Yes,Yes,Cellular,30,Jul,95,5,-1,0,Unknown,No,2023-07-30
40,Management,Single,Tertiary,No,1509,No,No,Cellular,15,Mar,144,2,124,1,Failure,No,2023-03-15
52,Services,Married,Secondary,No,-888,No,No,Cellular,16,Jul,135,1,-1,0,Unknown,No,2023-07-16
40,Technician,Single,Tertiary,No,226,No,No,Cellular,15,Jan,176,2,-1,0,Unknown,No,2023-01-15
48,Technician,Married,Secondary,No,127,No,Yes,Cellular,7,Aug,524,5,-1,0,Unknown,No,2023-08-07
31,Services,Married,Secondary,No,413,Yes,No,Unknown,13,May,65,1,-1,0,Unknown,No,2023-05-13
27,Admin.,Married,Secondary,No,710,Yes,Yes,Cellular,6,May,653,1,334,2,Success,Yes,2023-05-06
47,Technician,Married,Secondary,No,1233,Yes,No,Unknown,11,Sep,91,1,100,2,Other,Yes,2023-09-11
28,Management,Single,Secondary,No,171,No,No,Cellular,10,Mar,93,1,-1,0,Unknown,Yes,2023-03-10
40,Management,Divorced,Tertiary,No,69,Yes,No,Cellular,6,May,503,2,280,2,Failure,No,2023-05-06
34,Admin.,Married,Secondary,No,1499,Yes,No,Cellular,13,Apr,186,1,327,2,Failure,No,2023-04-13
29,Self-Employed,Married,Tertiary,No,751,Yes,No,Unknown,23,May,121,2,-1,0,Unknown,No,2023-05-23
36,Management,Married,Tertiary,No,61,No,Yes,Cellular,19,Aug,452,2,-1,0,Unknown,No,2023-08-19
83,Retired,Married,Primary,No,425,No,No,Telephone,22,Jun,883,1,140,1,Failure,Yes,2023-06-22
55,Services,Divorced,Primary,No,2923,Yes,No,Unknown,15,May,104,2,-1,0,Unknown,No,2023-05-15
43,Management,Divorced,Tertiary,No,99,No,No,Cellular,29,Jan,24,3,-1,0,Unknown,No,2023-01-29
23,Student,Single,Secondary,No,1021,No,No,Telephone,19,Jun,79,9,-1,0,Unknown,No,2023-06-19
44,Technician,Married,Tertiary,No,1146,No,No,Cellular,4,Jul,178,2,-1,0,Unknown,No,2023-07-04
58,Blue-Collar,Married,Primary,No,781,Yes,No,Cellular,15,May,74,2,-1,0,Unknown,No,2023-05-15
29,Admin.,Single,Secondary,No,1448,No,No,Cellular,10,Mar,217,1,184,7,Other,No,2023-03-10
30,Management,Single,Tertiary,No,604,No,Yes,Cellular,2,Feb,475,1,-1,0,Unknown,No,2023-02-02
29,Admin.,Single,Secondary,No,-194,Yes,No,Cellular,7,May,127,1,-1,0,Unknown,No,2023-05-07
41,Technician,Married,Secondary,No,0,No,No,Cellular,11,Mar,101,1,-1,0,Unknown,No,2023-03-11
35,Housemaid,Married,Primary,No,0,Yes,No,Cellular,14,Jul,340,3,-1,0,Unknown,No,2023-07-14
31,Technician,Single,Secondary,No,1014,Yes,No,Cellular,23,Jul,158,4,-1,0,Unknown,No,2023-07-23
27,Admin.,Single,Tertiary,No,73,No,No,Cellular,29,Jan,242,1,-1,0,Unknown,No,2023-01-29
47,Services,Married,Secondary,No,2597,Yes,No,Unknown,16,May,323,1,-1,0,Unknown,No,2023-05-16
53,Self-Employed,Married,Tertiary,No,2627,Yes,Yes,Unknown,16,Jun,18,30,-1,0,Unknown,No,2023-06-16
34,Management,Married,Tertiary,No,1906,Yes,No,Cellular,14,Jul,68,3,-1,0,Unknown,No,2023-07-14
34,Blue-Collar,Married,Primary,No,-319,Yes,Yes,Cellular,9,Jul,134,4,-1,0,Unknown,No,2023-07-09
36,Management,Married,Tertiary,No,-296,Yes,No,Cellular,14,May,113,3,-1,0,Unknown,No,2023-05-14
40,Technician,Married,Secondary,No,169,Yes,No,Cellular,18,Aug,43,4,-1,0,Unknown,No,2023-08-18
37,Self-Employed,Single,Tertiary,No,556,No,No,Unknown,17,Jun,200,2,-1,0,Unknown,No,2023-06-17
65,Retired,Divorced,Unknown,No,300,No,No,Cellular,2,Aug,245,2,-1,0,Unknown,No,2023-08-02
53,Technician,Divorced,Secondary,No,751,Yes,No,Unknown,16,May,343,4,-1,0,Unknown,No,2023-05-16
28,Technician,Single,Secondary,No,126,No,No,Cellular,3,Mar,229,1,-1,0,Unknown,No,2023-03-03
33,Technician,Divorced,Tertiary,No,-386,Yes,No,Unknown,23,May,530,1,-1,0,Unknown,No,2023-05-23
56,Blue-Collar,Married,Primary,No,379,No,No,Cellular,13,Aug,58,5,-1,0,Unknown,No,2023-08-13
45,Self-Employed,Married,Secondary,No,706,No,No,Cellular,30,Apr,78,2,176,1,Success,No,2023-04-30
39,Technician,Married,Secondary,No,9121,No,No,Unknown,5,Jun,147,1,-1,0,Unknown,No,2023-06-05
28,Management,Single,Tertiary,No,1466,Yes,No,Cellular,25,Jul,40,1,-1,0,Unknown,No,2023-07-25
36,Blue-Collar,Married,Primary,No,0,Yes,No,Cellular,18,Nov,618,2,-1,0,Unknown,No,2023-11-18
41,Blue-Collar,Married,Primary,No,951,Yes,No,Cellular,20,Apr,23,4,-1,0,Unknown,No,2023-04-20
46,Admin.,Married,Secondary,No,368,No,No,Cellular,20,Aug,293,1,90,4,Other,Yes,2023-08-20
41,Blue-Collar,Married,Secondary,No,121,Yes,No,Cellular,13,May,16,6,176,5,Other,No,2023-05-13
59,Services,Married,Secondary,No,204,No,No,Cellular,23,Jul,286,2,-1,0,Unknown,No,2023-07-23
24,Admin.,Married,Secondary,No,299,Yes,No,Cellular,6,May,209,1,321,1,Failure,No,2023-05-06
34,Management,Married,Tertiary,No,4170,Yes,No,Unknown,21,May,935,1,-1,0,Unknown,No,2023-05-21
40,Blue-Collar,Married,Primary,No,-335,Yes,No,Unknown,27,May,260,1,-1,0,Unknown,No,2023-05-27
42,Admin.,Married,Secondary,No,3165,Yes,No,Unknown,16,Jun,298,4,-1,0,Unknown,No,2023-06-16
50,Services,Married,Secondary,No,254,Yes,No,Cellular,15,Apr,397,2,337,1,Failure,No,2023-04-15
25,Management,Single,Tertiary,No,553,Yes,No,Cellular,17,Sep,113,4,479,1,Failure,No,2023-09-17
51,Services,Divorced,Secondary,No,518,Yes,No,Telephone,17,Nov,76,1,-1,0,Unknown,No,2023-11-17
50,Management,Married,Tertiary,No,85,No,Yes,Cellular,1,Jun,141,1,-1,0,Unknown,No,2023-06-01
37,Blue-Collar,Married,Unknown,No,603,Yes,No,Unknown,23,May,773,2,-1,0,Unknown,No,2023-05-23
21,Services,Single,Secondary,No,361,No,No,Telephone,5,Jun,329,1,95,1,Other,No,2023-06-05
52,Blue-Collar,Married,Secondary,No,-98,Yes,No,Unknown,7,May,423,1,-1,0,Unknown,No,2023-05-07
55,Retired,Married,Primary,No,4424,No,No,Cellular,5,Aug,67,4,-1,0,Unknown,No,2023-08-05
26,Technician,Single,Secondary,No,2610,Yes,Yes,Unknown,2,Jun,626,1,-1,0,Unknown,No,2023-06-02
38,Technician,Married,Tertiary,No,3234,No,No,Cellular,18,Nov,578,2,-1,0,Unknown,Yes,2023-11-18
32,Blue-Collar,Married,Secondary,No,687,Yes,No,Unknown,9,May,61,1,-1,0,Unknown,No,2023-05-09
31,Blue-Collar,Married,Secondary,No,631,Yes,No,Unknown,23,May,248,4,-1,0,Unknown,No,2023-05-23
34,Technician,Single,Secondary,No,341,No,Yes,Cellular,29,Jan,136,1,262,3,Failure,No,2023-01-29
33,Technician,Single,Tertiary,No,316,No,No,Cellular,21,Aug,126,3,-1,0,Unknown,No,2023-08-21
35,Technician,Married,Secondary,No,2,No,No,Telephone,28,Jan,653,3,-1,0,Unknown,No,2023-01-28
44,Management,Married,Unknown,No,415,Yes,No,Telephone,14,May,7,7,-1,0,Unknown,No,2023-05-14
48,Management,Divorced,Tertiary,No,507,Yes,No,Cellular,9,Apr,528,1,-1,0,Unknown,No,2023-04-09
29,Blue-Collar,Married,Secondary,No,912,Yes,No,Cellular,13,May,785,1,-1,0,Unknown,No,2023-05-13
50,Management,Married,Tertiary,No,0,No,No,Cellular,9,Jul,243,5,-1,0,Unknown,No,2023-07-09
37,Blue-Collar,Married,Primary,No,37,Yes,No,Cellular,13,May,24,2,362,1,Other,No,2023-05-13
44,Admin.,Single,Secondary,No,2524,No,No,Unknown,19,Jun,82,1,-1,0,Unknown,No,2023-06-19
36,Unemployed,Single,Tertiary,No,9019,Yes,No,Unknown,11,Jun,952,3,-1,0,Unknown,No,2023-06-11
49,Blue-Collar,Divorced,Unknown,No,39,Yes,No,Cellular,13,May,27,5,-1,0,Unknown,No,2023-05-13
31,Blue-Collar,Married,Secondary,No,0,Yes,No,Unknown,5,May,143,1,-1,0,Unknown,No,2023-05-05
49,Technician,Divorced,Secondary,No,265,Yes,No,Unknown,12,May,274,6,-1,0,Unknown,No,2023-05-12
35,Blue-Collar,Single,Secondary,No,0,Yes,No,Cellular,16,Apr,1174,1,345,4,Other,Yes,2023-04-16
57,Admin.,Divorced,Unknown,No,4012,No,No,Cellular,20,Nov,915,1,-1,0,Unknown,No,2023-11-20
42,Blue-Collar,Married,Primary,No,1520,Yes,No,Cellular,5,Feb,115,1,-1,0,Unknown,No,2023-02-05
36,Blue-Collar,Divorced,Secondary,No,-140,Yes,No,Unknown,26,May,222,2,-1,0,Unknown,No,2023-05-26
75,Retired,Divorced,Primary,No,852,No,No,Cellular,15,Mar,341,1,-1,0,Unknown,No,2023-03-15
38,Blue-Collar,Single,Secondary,No,578,Yes,No,Unknown,21,May,112,2,-1,0,Unknown,No,2023-05-21
40,Blue-Collar,Married,Primary,Yes,0,Yes,No,Unknown,6,May,64,2,-1,0,Unknown,No,2023-05-06
38,Services,Single,Secondary,No,2253,Yes,No,Cellular,13,May,937,3,-1,0,Unknown,Yes,2023-05-13
34,Management,Single,Tertiary,No,1171,Yes,No,Cellular,10,Jul,129,1,-1,0,Unknown,No,2023-07-10
29,Technician,Single,Tertiary,No,452,Yes,No,Cellular,11,May,59,1,-1,0,Unknown,No,2023-05-11
28,Admin.,Married,Secondary,No,-97,Yes,No,Cellular,29,Jan,79,1,225,2,Success,No,2023-01-29
79,Retired,Married,Secondary,No,4738,No,No,Telephone,9,Jul,151,5,-1,0,Unknown,No,2023-07-09
51,Admin.,Divorced,Secondary,No,467,Yes,No,Unknown,19,May,83,1,-1,0,Unknown,No,2023-05-19
32,Student,Single,Tertiary,No,0,No,No,Cellular,6,Aug,101,5,3,6,Other,No,2023-08-06
36,Management,Married,Tertiary,No,495,No,No,Cellular,5,Aug,157,3,97,2,Success,Yes,2023-08-05
38,Entrepreneur,Married,Secondary,No,157,No,Yes,Cellular,15,May,57,11,366,1,Other,No,2023-05-15
49,Self-Employed,Married,Secondary,No,358,Yes,Yes,Unknown,13,May,176,3,-1,0,Unknown,No,2023-05-13
42,Services,Married,Secondary,No,292,Yes,No,Cellular,11,May,222,3,-1,0,Unknown,No,2023-05-11
43,Blue-Collar,Married,Primary,No,7343,Yes,No,Unknown,2,Jun,217,4,-1,0,Unknown,No,2023-06-02
34,Blue-Collar,Married,Secondary,No,-563,Yes,No,Unknown,26,May,252,1,-1,0,Unknown,No,2023-05-26
59,Retired,Single,Secondary,No,351,Yes,No,Unknown,27,May,1063,5,-1,0,Unknown,Yes,2023-05-27
35,Unknown,Married,Primary,No,365,No,No,Cellular,29,Aug,41,2,-1,0,Unknown,No,2023-08-29
33,Blue-Collar,Single,Secondary,No,13494,Yes,No,Unknown,20,Jun,27,25,-1,0,Unknown,No,2023-06-20
34,Admin.,Single,Secondary,No,846,Yes,No,Cellular,17,Apr,758,2,-1,0,Unknown,No,2023-04-17
64,Retired,Married,Secondary,No,1574,No,No,Telephone,29,Jul,301,3,-1,0,Unknown,Yes,2023-07-29
34,Entrepreneur,Married,Tertiary,No,-28,Yes,No,Cellular,16,Jul,574,1,-1,0,Unknown,No,2023-07-16
77,Retired,Married,Tertiary,No,0,No,No,Cellular,16,Oct,847,1,60,1,Success,Yes,2023-10-16
57,Retired,Married,Primary,No,2927,No,Yes,Telephone,30,Jul,78,5,-1,0,Unknown,No,2023-07-30
30,Blue-Collar,Married,Secondary,No,501,Yes,Yes,Unknown,27,May,514,1,-1,0,Unknown,No,2023-05-27
56,Housemaid,Divorced,Primary,Yes,1238,No,No,Unknown,5,Jun,1558,1,-1,0,Unknown,Yes,2023-06-05
49,Unknown,Married,Unknown,No,301,No,No,Cellular,14,Aug,789,2,-1,0,Unknown,No,2023-08-14
73,Retired,Married,Primary,No,1388,No,No,Cellular,20,Jul,146,3,190,3,Success,No,2023-07-20
39,Technician,Single,Secondary,No,102,Yes,No,Cellular,14,Aug,272,2,-1,0,Unknown,No,2023-08-14
57,Technician,Divorced,Primary,No,13,Yes,No,Cellular,8,May,323,2,368,2,Failure,No,2023-05-08
32,Self-Employed,Married,Secondary,No,413,Yes,No,Cellular,11,Jul,712,2,-1,0,Unknown,No,2023-07-11
32,Technician,Single,Tertiary,No,4665,Yes,No,Unknown,21,May,860,2,-1,0,Unknown,Yes,2023-05-21
45,Admin.,Married,Secondary,No,638,Yes,No,Cellular,20,Aug,75,9,-1,0,Unknown,No,2023-08-20
32,Blue-Collar,Married,Secondary,No,101,Yes,No,Unknown,19,May,191,4,-1,0,Unknown,No,2023-05-19
31,Management,Married,Tertiary,No,1224,Yes,Yes,Cellular,24,Jul,1441,2,-1,0,Unknown,Yes,2023-07-24
49,Self-Employed,Married,Secondary,No,1103,No,No,Cellular,12,Aug,428,2,-1,0,Unknown,No,2023-08-12
29,Services,Married,Secondary,No,3748,No,No,Cellular,28,May,322,3,-1,0,Unknown,No,2023-05-28
55,Technician,Married,Secondary,No,955,Yes,No,Cellular,29,Jan,104,1,-1,0,Unknown,No,2023-01-29
30,Admin.,Married,Secondary,No,518,Yes,No,Cellular,8,May,127,1,-1,0,Unknown,No,2023-05-08
45,Services,Single,Primary,No,1893,Yes,No,Unknown,3,Jun,1259,6,-1,0,Unknown,Yes,2023-06-03
39,Technician,Married,Tertiary,No,14,No,No,Cellular,28,Jan,114,2,-1,0,Unknown,No,2023-01-28
36,Admin.,Married,Secondary,No,-423,Yes,Yes,Unknown,13,May,106,1,-1,0,Unknown,No,2023-05-13
33,Management,Married,Tertiary,No,3696,No,No,Cellular,19,Nov,305,1,182,3,Failure,No,2023-11-19
36,Management,Married,Tertiary,No,2987,Yes,No,Cellular,12,Aug,307,1,-1,0,Unknown,Yes,2023-08-12
31,Technician,Single,Secondary,No,433,No,No,Cellular,11,Aug,1504,2,-1,0,Unknown,No,2023-08-11
36,Technician,Married,Unknown,No,756,No,No,Cellular,11,Jul,396,3,-1,0,Unknown,No,2023-07-11
38,Technician,Single,Tertiary,No,0,Yes,No,Cellular,1,Jun,71,1,-1,0,Unknown,No,2023-06-01
33,Unknown,Married,Secondary,No,2727,No,No,Cellular,6,Aug,205,3,-1,0,Unknown,No,2023-08-06
40,Technician,Married,Secondary,No,93,Yes,No,Unknown,13,May,134,2,-1,0,Unknown,No,2023-05-13
31,Blue-Collar,Married,Secondary,No,1766,No,Yes,Cellular,5,Jun,166,2,-1,0,Unknown,Yes,2023-06-05
39,Services,Married,Secondary,No,124,Yes,No,Cellular,31,Jul,81,5,-1,0,Unknown,No,2023-07-31
33,Admin.,Married,Tertiary,No,69,No,Yes,Cellular,4,May,77,2,-1,0,Unknown,No,2023-05-04
53,Services,Divorced,Secondary,No,0,No,No,Cellular,12,Mar,80,2,-1,0,Unknown,Yes,2023-03-12
38,Management,Married,Tertiary,No,0,Yes,No,Cellular,13,May,537,5,303,2,Failure,No,2023-05-13
59,Technician,Married,Secondary,No,259,No,No,Cellular,15,Jun,415,1,89,1,Success,Yes,2023-06-15
55,Blue-Collar,Married,Primary,No,4103,No,No,Cellular,19,Nov,291,1,-1,0,Unknown,No,2023-11-19
38,Technician,Single,Tertiary,No,744,Yes,No,Cellular,14,May,283,1,288,12,Other,No,2023-05-14
48,Services,Married,Secondary,No,116,Yes,No,Telephone,20,Apr,70,4,-1,0,Unknown,No,2023-04-20
53,Blue-Collar,Married,Secondary,No,70,Yes,No,Unknown,5,May,611,2,-1,0,Unknown,No,2023-05-05
44,Admin.,Divorced,Secondary,No,432,No,No,Cellular,9,Feb,132,3,-1,0,Unknown,No,2023-02-09
57,Management,Married,Tertiary,No,1172,No,No,Unknown,18,Jun,26,1,-1,0,Unknown,No,2023-06-18
29,Blue-Collar,Single,Secondary,No,9,Yes,No,Cellular,11,May,262,3,-1,0,Unknown,No,2023-05-11
31,Services,Married,Secondary,No,428,Yes,No,Unknown,21,May,272,1,-1,0,Unknown,No,2023-05-21
35,Technician,Single,Tertiary,No,7546,Yes,No,Cellular,28,Dec,137,1,122,3,Failure,No,2023-12-28
31,Blue-Collar,Married,Primary,No,620,No,No,Cellular,30,Mar,95,1,-1,0,Unknown,No,2023-03-30
35,Self-Employed,Married,Tertiary,No,8647,No,No,Cellular,19,Nov,140,2,-1,0,Unknown,No,2023-11-19
40,Management,Single,Secondary,No,192,Yes,No,Unknown,16,May,71,11,-1,0,Unknown,No,2023-05-16
39,Blue-Collar,Married,Secondary,No,0,Yes,No,Cellular,7,May,502,1,7,2,Failure,No,2023-05-07
43,Technician,Single,Tertiary,No,27733,Yes,No,Unknown,3,Jun,164,7,-1,0,Unknown,No,2023-06-03
44,Entrepreneur,Married,Primary,No,276,Yes,Yes,Unknown,15,May,219,1,-1,0,Unknown,No,2023-05-15
29,Technician,Single,Secondary,No,113,No,No,Cellular,12,Feb,328,2,183,4,Success,Yes,2023-02-12
40,Technician,Married,Secondary,No,782,Yes,No,Unknown,14,May,224,2,-1,0,Unknown,No,2023-05-14
33,Entrepreneur,Married,Primary,No,82,Yes,No,Cellular,18,Nov,63,2,-1,0,Unknown,No,2023-11-18
46,Management,Married,Tertiary,No,1008,No,No,Cellular,29,Aug,24,13,-1,0,Unknown,No,2023-08-29
27,Unknown,Single,Tertiary,No,6421,No,No,Telephone,28,Jan,147,4,-1,0,Unknown,No,2023-01-28
26,Admin.,Single,Secondary,No,443,No,No,Cellular,30,Jul,84,3,-1,0,Unknown,No,2023-07-30
41,Technician,Married,Secondary,No,351,Yes,No,Cellular,9,Jul,175,1,-1,0,Unknown,No,2023-07-09
34,Technician,Married,Tertiary,No,5060,Yes,No,Cellular,21,Aug,12,21,-1,0,Unknown,No,2023-08-21
39,Technician,Single,Tertiary,No,-41,No,Yes,Cellular,25,Aug,40,15,-1,0,Unknown,No,2023-08-25
27,Services,Single,Secondary,No,-124,No,No,Cellular,18,Jul,217,1,-1,0,Unknown,No,2023-07-18
31,Blue-Collar,Married,Secondary,No,79,Yes,Yes,Cellular,23,Jul,235,11,-1,0,Unknown,No,2023-07-23
44,Unemployed,Single,Secondary,No,3945,No,No,Cellular,28,Jan,255,1,-1,0,Unknown,No,2023-01-28
55,Retired,Married,Tertiary,No,197,No,Yes,Cellular,8,Jul,256,1,-1,0,Unknown,No,2023-07-08
51,Blue-Collar,Divorced,Primary,No,837,No,No,Telephone,30,Jul,41,2,-1,0,Unknown,No,2023-07-30
50,Management,Married,Tertiary,No,-94,No,Yes,Unknown,25,Jun,75,1,-1,0,Unknown,No,2023-06-25
30,Services,Married,Secondary,No,1743,Yes,No,Cellular,5,Feb,192,4,-1,0,Unknown,No,2023-02-05
46,Technician,Married,Secondary,No,57,No,No,Unknown,28,May,796,1,-1,0,Unknown,Yes,2023-05-28
49,Admin.,Married,Secondary,No,635,No,No,Cellular,25,Aug,220,3,-1,0,Unknown,No,2023-08-25
56,Retired,Married,Secondary,No,-113,Yes,Yes,Cellular,12,Aug,614,2,-1,0,Unknown,No,2023-08-12
47,Admin.,Divorced,Secondary,No,225,No,No,Cellular,28,Aug,1126,4,-1,0,Unknown,Yes,2023-08-28
30,Admin.,Married,Secondary,No,124,No,No,Telephone,16,Jun,161,2,-1,0,Unknown,No,2023-06-16
36,Entrepreneur,Single,Secondary,No,475,No,No,Cellular,25,Jul,141,3,-1,0,Unknown,No,2023-07-25
40,Management,Married,Tertiary,No,-7,No,Yes,Telephone,25,Jul,697,1,-1,0,Unknown,No,2023-07-25
37,Technician,Single,Secondary,Yes,375,No,No,Unknown,9,Jun,223,2,-1,0,Unknown,No,2023-06-09
42,Admin.,Divorced,Secondary,No,936,No,No,Cellular,30,Jan,931,1,-1,0,Unknown,Yes,2023-01-30
45,Technician,Married,Secondary,No,1415,Yes,No,Cellular,17,Nov,483,1,116,1,Failure,No,2023-11-17
34,Unemployed,Single,Secondary,No,0,No,No,Cellular,17,Nov,63,2,-1,0,Unknown,No,2023-11-17
27,Admin.,Single,Secondary,No,3638,No,No,Cellular,11,Jul,271,5,-1,0,Unknown,No,2023-07-11
30,Blue-Collar,Married,Secondary,No,-99,Yes,No,Cellular,15,May,144,5,-1,0,Unknown,No,2023-05-15
32,Technician,Married,Secondary,No,167,Yes,Yes,Cellular,8,Aug,79,3,-1,0,Unknown,No,2023-08-08
46,Housemaid,Married,Primary,No,19,Yes,No,Telephone,21,Jul,171,1,-1,0,Unknown,No,2023-07-21
29,Self-Employed,Married,Tertiary,No,242,Yes,No,Cellular,18,Jul,73,4,-1,0,Unknown,No,2023-07-18
53,Unknown,Married,Unknown,No,13,No,No,Telephone,28,Jan,69,1,-1,0,Unknown,No,2023-01-28
32,Technician,Married,Secondary,No,286,No,No,Cellular,20,Apr,60,1,343,4,Failure,No,2023-04-20
49,Unemployed,Married,Secondary,No,769,Yes,No,Unknown,14,May,257,1,-1,0,Unknown,No,2023-05-14
35,Management,Married,Tertiary,No,93,No,No,Cellular,4,May,198,2,88,1,Other,No,2023-05-04
38,Blue-Collar,Married,Secondary,No,1663,Yes,No,Cellular,13,Apr,217,3,327,1,Failure,No,2023-04-13
39,Entrepreneur,Married,Primary,No,238,Yes,Yes,Cellular,19,Nov,134,1,-1,0,Unknown,No,2023-11-19
34,Technician,Single,Secondary,No,2178,Yes,No,Cellular,26,May,41,1,-1,0,Unknown,No,2023-05-26
42,Blue-Collar,Married,Primary,No,792,Yes,Yes,Cellular,19,Nov,611,2,175,12,Other,No,2023-11-19
35,Blue-Collar,Single,Unknown,No,871,Yes,No,Unknown,6,Jun,216,3,-1,0,Unknown,No,2023-06-06
60,Admin.,Married,Secondary,No,1025,No,No,Cellular,6,Aug,388,8,-1,0,Unknown,No,2023-08-06
57,Technician,Divorced,Secondary,No,63,Yes,No,Unknown,5,May,242,1,-1,0,Unknown,No,2023-05-05
31,Blue-Collar,Single,Secondary,No,16,No,No,Cellular,7,Jul,387,1,-1,0,Unknown,No,2023-07-07
29,Management,Single,Secondary,No,417,No,No,Cellular,7,Oct,90,1,-1,0,Unknown,No,2023-10-07
41,Services,Married,Secondary,No,3992,Yes,No,Telephone,20,Nov,281,2,-1,0,Unknown,No,2023-11-20
46,Blue-Collar,Married,Primary,No,2749,Yes,No,Cellular,17,Nov,332,1,-1,0,Unknown,No,2023-11-17
33,Technician,Married,Secondary,No,133,No,No,Cellular,4,May,218,1,-1,0,Unknown,Yes,2023-05-04
32,Blue-Collar,Single,Secondary,No,1721,Yes,No,Unknown,21,May,650,2,-1,0,Unknown,No,2023-05-21
54,Management,Divorced,Tertiary,No,2171,Yes,Yes,Telephone,18,Nov,1034,1,-1,0,Unknown,Yes,2023-11-18
37,Services,Married,Secondary,No,4760,Yes,No,Cellular,8,May,182,2,169,2,Failure,No,2023-05-08
32,Technician,Single,Secondary,No,2979,No,No,Cellular,25,May,156,1,-1,0,Unknown,No,2023-05-25
43,Management,Married,Tertiary,No,690,Yes,No,Cellular,6,Aug,171,3,-1,0,Unknown,No,2023-08-06
50,Blue-Collar,Divorced,Secondary,No,203,Yes,No,Telephone,19,Nov,265,1,127,4,Other,No,2023-11-19
34,Blue-Collar,Married,Secondary,No,322,Yes,No,Cellular,20,Apr,10,3,-1,0,Unknown,No,2023-04-20
31,Admin.,Divorced,Secondary,No,1210,No,No,Cellular,16,Jul,350,1,-1,0,Unknown,No,2023-07-16
43,Self-Employed,Married,Secondary,No,634,Yes,No,Cellular,17,Nov,65,1,131,1,Failure,No,2023-11-17
49,Entrepreneur,Married,Secondary,No,273,No,No,Cellular,23,Jul,58,1,-1,0,Unknown,No,2023-07-23
22,Student,Single,Unknown,No,47,No,No,Cellular,3,Jul,69,3,-1,0,Unknown,No,2023-07-03
35,Management,Married,Tertiary,No,1100,No,Yes,Cellular,29,Jan,127,2,-1,0,Unknown,No,2023-01-29
56,Admin.,Married,Secondary,No,0,Yes,No,Telephone,19,Nov,154,2,-1,0,Unknown,No,2023-11-19
53,Blue-Collar,Married,Secondary,No,0,No,No,Telephone,31,Jul,36,4,-1,0,Unknown,No,2023-07-31
54,Entrepreneur,Married,Tertiary,No,1544,No,Yes,Cellular,5,Feb,85,7,196,3,Failure,No,2023-02-05
32,Services,Single,Unknown,No,6145,Yes,No,Cellular,14,May,362,1,287,13,Failure,No,2023-05-14
41,Self-Employed,Married,Secondary,No,28,Yes,No,Cellular,11,May,49,1,-1,0,Unknown,No,2023-05-11
40,Blue-Collar,Married,Secondary,No,1012,Yes,No,Cellular,6,May,410,1,-1,0,Unknown,No,2023-05-06
33,Blue-Collar,Married,Primary,No,245,Yes,Yes,Cellular,8,May,253,3,-1,0,Unknown,No,2023-05-08
33,Management,Single,Tertiary,No,1998,No,No,Cellular,19,Nov,570,1,-1,0,Unknown,No,2023-11-19
34,Blue-Collar,Married,Secondary,No,3990,Yes,No,Cellular,24,Jul,633,7,-1,0,Unknown,No,2023-07-24
36,Services,Married,Secondary,No,1328,Yes,No,Unknown,6,Jun,82,4,-1,0,Unknown,No,2023-06-06
34,Entrepreneur,Married,Tertiary,No,412,Yes,Yes,Cellular,8,Jul,164,1,-1,0,Unknown,No,2023-07-08
55,Management,Married,Primary,No,229,No,Yes,Unknown,9,Jun,175,3,-1,0,Unknown,No,2023-06-09
28,Student,Single,Tertiary,No,1562,No,No,Cellular,15,Feb,659,4,-1,0,Unknown,Yes,2023-02-15
29,Admin.,Single,Secondary,No,3432,Yes,No,Cellular,17,Apr,139,2,-1,0,Unknown,No,2023-04-17
31,Admin.,Single,Secondary,No,144,Yes,No,Unknown,4,Jul,43,11,-1,0,Unknown,No,2023-07-04
52,Management,Married,Tertiary,No,1339,Yes,No,Cellular,22,Aug,343,5,-1,0,Unknown,No,2023-08-22
54,Services,Married,Unknown,No,386,No,Yes,Cellular,19,Nov,74,1,152,1,Success,No,2023-11-19
43,Blue-Collar,Married,Primary,No,7727,Yes,No,Unknown,15,May,302,8,-1,0,Unknown,No,2023-05-15
55,Entrepreneur,Married,Secondary,No,204,No,No,Cellular,14,Jul,455,13,-1,0,Unknown,No,2023-07-14
28,Blue-Collar,Divorced,Unknown,No,101,Yes,No,Unknown,28,May,126,4,-1,0,Unknown,No,2023-05-28
45,Unemployed,Divorced,Secondary,No,728,Yes,Yes,Cellular,18,Nov,107,1,-1,0,Unknown,No,2023-11-18
45,Entrepreneur,Married,Primary,No,2418,Yes,No,Unknown,14,May,120,1,-1,0,Unknown,No,2023-05-14
51,Management,Married,Tertiary,No,2934,Yes,No,Cellular,18,Nov,727,4,-1,0,Unknown,No,2023-11-18
42,Technician,Single,Secondary,No,0,Yes,No,Unknown,7,May,275,4,-1,0,Unknown,No,2023-05-07
43,Unknown,Single,Unknown,No,181,No,No,Telephone,28,Jan,41,1,-1,0,Unknown,No,2023-01-28
34,Management,Married,Tertiary,No,176,No,No,Cellular,18,Aug,61,4,-1,0,Unknown,No,2023-08-18
36,Blue-Collar,Married,Primary,No,49,Yes,No,Cellular,15,May,232,2,365,5,Other,No,2023-05-15
37,Blue-Collar,Married,Secondary,No,2023,Yes,No,Cellular,10,Jul,214,1,-1,0,Unknown,No,2023-07-10
50,Blue-Collar,Married,Secondary,No,372,Yes,No,Telephone,11,May,21,1,-1,0,Unknown,No,2023-05-11
42,Management,Divorced,Unknown,No,7702,No,No,Cellular,16,Feb,138,2,-1,0,Unknown,Yes,2023-02-16
34,Blue-Collar,Single,Primary,No,464,Yes,No,Cellular,18,May,173,1,299,2,Other,No,2023-05-18
48,Management,Married,Secondary,No,117,Yes,No,Cellular,16,Apr,635,1,-1,0,Unknown,No,2023-04-16
47,Admin.,Married,Secondary,No,104,Yes,Yes,Cellular,14,Jul,77,2,-1,0,Unknown,No,2023-07-14
40,Management,Married,Tertiary,No,1041,Yes,No,Unknown,12,Jun,73,1,-1,0,Unknown,No,2023-06-12
37,Management,Married,Tertiary,No,539,No,No,Cellular,18,Jan,540,2,115,3,Failure,No,2023-01-18
38,Blue-Collar,Married,Primary,No,0,Yes,No,Unknown,3,Jun,179,2,-1,0,Unknown,No,2023-06-03
29,Technician,Single,Tertiary,No,406,Yes,No,Cellular,17,Jul,119,1,-1,0,Unknown,No,2023-07-17
46,Blue-Collar,Married,Primary,No,2558,Yes,No,Telephone,20,Nov,107,1,167,1,Other,No,2023-11-20
26,Blue-Collar,Married,Secondary,No,484,Yes,No,Unknown,19,May,48,2,-1,0,Unknown,No,2023-05-19
30,Services,Single,Tertiary,No,3516,Yes,No,Unknown,29,May,447,4,-1,0,Unknown,No,2023-05-29
42,Blue-Collar,Married,Secondary,No,5639,Yes,No,Cellular,17,Jul,430,2,-1,0,Unknown,No,2023-07-17
42,Management,Single,Tertiary,No,100,No,No,Cellular,7,Aug,64,2,-1,0,Unknown,No,2023-08-07
31,Admin.,Single,Secondary,No,1306,Yes,No,Unknown,28,May,217,5,-1,0,Unknown,No,2023-05-28
37,Management,Single,Tertiary,No,815,Yes,No,Cellular,7,May,77,1,-1,0,Unknown,No,2023-05-07
26,Blue-Collar,Married,Secondary,No,245,Yes,No,Unknown,26,May,16,11,-1,0,Unknown,No,2023-05-26
54,Blue-Collar,Married,Unknown,No,191,No,No,Cellular,4,Aug,753,2,-1,0,Unknown,No,2023-08-04
70,Retired,Married,Secondary,No,2815,No,No,Cellular,26,Apr,125,2,182,1,Failure,No,2023-04-26
29,Self-Employed,Single,Secondary,No,3672,Yes,Yes,Unknown,28,May,1210,1,-1,0,Unknown,No,2023-05-28
50,Services,Married,Secondary,No,1572,Yes,No,Cellular,9,Jul,185,1,-1,0,Unknown,No,2023-07-09
60,Unemployed,Divorced,Secondary,No,385,Yes,No,Cellular,4,Feb,80,1,-1,0,Unknown,No,2023-02-04
32,Technician,Single,Secondary,No,29,No,No,Cellular,19,Aug,156,2,-1,0,Unknown,No,2023-08-19
32,Technician,Married,Secondary,No,84,No,Yes,Cellular,29,Jul,403,3,-1,0,Unknown,No,2023-07-29
34,Self-Employed,Single,Tertiary,No,876,Yes,No,Cellular,17,Nov,145,2,-1,0,Unknown,No,2023-11-17
48,Services,Single,Primary,No,1499,Yes,No,Cellular,12,May,17,7,-1,0,Unknown,No,2023-05-12
25,Student,Married,Tertiary,No,0,Yes,No,Cellular,9,Jul,160,1,-1,0,Unknown,No,2023-07-09
32,Management,Married,Secondary,No,6217,Yes,Yes,Cellular,18,Nov,486,2,181,2,Failure,No,2023-11-18
32,Blue-Collar,Married,Primary,No,329,Yes,No,Cellular,3,Feb,321,1,-1,0,Unknown,No,2023-02-03
47,Admin.,Divorced,Secondary,No,162,Yes,No,Unknown,9,May,203,4,-1,0,Unknown,No,2023-05-09
32,Technician,Married,Unknown,No,14533,No,No,Cellular,31,Dec,646,3,198,2,Success,No,2023-12-31
49,Management,Single,Tertiary,No,151,Yes,No,Cellular,8,Jul,97,3,-1,0,Unknown,Yes,2023-07-08
53,Services,Married,Secondary,No,-2,Yes,Yes,Cellular,16,Apr,144,2,-1,0,Unknown,No,2023-04-16
41,Blue-Collar,Single,Unknown,No,4684,No,No,Unknown,20,Jun,30,6,-1,0,Unknown,No,2023-06-20
47,Management,Divorced,Tertiary,No,1149,No,Yes,Cellular,15,Jul,82,2,-1,0,Unknown,No,2023-07-15
35,Blue-Collar,Married,Primary,No,11,Yes,No,Unknown,13,May,326,4,-1,0,Unknown,No,2023-05-13
33,Management,Single,Secondary,No,8004,No,No,Cellular,19,Nov,414,3,-1,0,Unknown,No,2023-11-19
49,Blue-Collar,Married,Primary,No,1019,Yes,No,Cellular,16,Apr,285,5,-1,0,Unknown,No,2023-04-16
46,Management,Divorced,Tertiary,No,1297,No,No,Cellular,11,Aug,716,3,-1,0,Unknown,Yes,2023-08-11
29,Management,Divorced,Tertiary,No,415,Yes,Yes,Unknown,28,May,449,4,-1,0,Unknown,No,2023-05-28
58,Self-Employed,Married,Primary,No,671,Yes,No,Unknown,17,Jun,16,3,-1,0,Unknown,No,2023-06-17
40,Admin.,Single,Secondary,No,2378,Yes,No,Unknown,2,Jun,65,1,-1,0,Unknown,No,2023-06-02
34,Management,Married,Tertiary,No,417,Yes,No,Cellular,18,Nov,138,1,-1,0,Unknown,No,2023-11-18
60,Retired,Married,Primary,No,71,No,No,Cellular,10,Jul,121,3,-1,0,Unknown,No,2023-07-10
43,Management,Married,Tertiary,No,1188,No,No,Cellular,27,May,140,2,-1,0,Unknown,No,2023-05-27
50,Blue-Collar,Married,Primary,No,8139,Yes,No,Cellular,18,Aug,256,6,-1,0,Unknown,No,2023-08-18
33,Blue-Collar,Married,Secondary,No,249,Yes,No,Cellular,31,Jul,61,4,-1,0,Unknown,No,2023-07-31
37,Blue-Collar,Married,Primary,No,689,Yes,No,Cellular,14,Jul,367,2,-1,0,Unknown,No,2023-07-14
55,Self-Employed,Married,Secondary,No,203,Yes,No,Telephone,14,May,9,5,174,12,Other,No,2023-05-14
45,Blue-Collar,Single,Primary,Yes,-183,No,Yes,Cellular,15,Jul,395,4,-1,0,Unknown,No,2023-07-15
47,Blue-Collar,Married,Primary,No,3451,No,Yes,Cellular,21,Nov,125,2,-1,0,Unknown,No,2023-11-21
58,Technician,Married,Secondary,No,116,No,No,Unknown,16,Jun,580,3,-1,0,Unknown,No,2023-06-16
36,Services,Married,Secondary,No,1746,Yes,No,Cellular,7,Apr,15,1,316,1,Failure,No,2023-04-07
55,Technician,Married,Secondary,No,0,Yes,No,Unknown,30,May,119,2,-1,0,Unknown,No,2023-05-30
31,Blue-Collar,Married,Secondary,No,897,Yes,No,Unknown,20,May,26,2,-1,0,Unknown,No,2023-05-20
38,Technician,Married,Secondary,No,821,Yes,Yes,Cellular,17,Nov,224,2,180,1,Failure,No,2023-11-17
42,Blue-Collar,Married,Secondary,No,130,Yes,No,Unknown,29,May,285,1,-1,0,Unknown,No,2023-05-29
32,Management,Divorced,Tertiary,No,1,Yes,No,Unknown,8,May,399,4,-1,0,Unknown,No,2023-05-08
39,Blue-Collar,Married,Secondary,No,8,No,No,Cellular,30,Jul,88,3,-1,0,Unknown,No,2023-07-30
41,Technician,Married,Secondary,No,55,Yes,No,Cellular,6,Aug,185,4,-1,0,Unknown,No,2023-08-06
59,Blue-Collar,Married,Primary,No,699,No,No,Cellular,28,Jan,98,1,154,6,Failure,No,2023-01-28
42,Unemployed,Divorced,Secondary,No,759,No,No,Cellular,28,Jan,97,1,169,3,Failure,No,2023-01-28
33,Blue-Collar,Married,Secondary,No,687,Yes,No,Cellular,14,May,72,2,370,1,Failure,No,2023-05-14
53,Retired,Married,Secondary,No,4968,No,No,Cellular,6,May,109,1,87,2,Failure,No,2023-05-06
43,Blue-Collar,Married,Primary,No,1211,Yes,No,Unknown,6,May,208,3,-1,0,Unknown,No,2023-05-06
39,Self-Employed,Single,Tertiary,No,426,No,No,Unknown,18,Jun,1029,1,-1,0,Unknown,Yes,2023-06-18
27,Entrepreneur,Single,Secondary,No,376,Yes,Yes,Cellular,5,May,273,1,-1,0,Unknown,No,2023-05-05
39,Management,Married,Tertiary,No,12,Yes,No,Unknown,23,May,130,1,-1,0,Unknown,No,2023-05-23
27,Blue-Collar,Single,Secondary,No,23,No,No,Cellular,26,Feb,590,2,-1,0,Unknown,No,2023-02-26
33,Admin.,Married,Secondary,No,353,Yes,No,Cellular,19,Nov,107,2,-1,0,Unknown,No,2023-11-19
29,Services,Divorced,Secondary,No,330,Yes,No,Unknown,12,May,88,2,-1,0,Unknown,No,2023-05-12
33,Management,Divorced,Tertiary,No,0,No,No,Cellular,13,Aug,305,2,-1,0,Unknown,No,2023-08-13
41,Entrepreneur,Married,Secondary,No,353,No,No,Cellular,19,Nov,90,2,-1,0,Unknown,No,2023-11-19
38,Technician,Single,Tertiary,No,2273,Yes,No,Cellular,17,Apr,222,1,-1,0,Unknown,No,2023-04-17
30,Management,Married,Tertiary,No,0,Yes,No,Cellular,9,Jul,127,1,-1,0,Unknown,No,2023-07-09
58,Unemployed,Married,Tertiary,No,744,No,No,Telephone,28,Jan,38,1,-1,0,Unknown,No,2023-01-28
37,Services,Single,Secondary,No,608,No,No,Cellular,14,May,380,3,-1,0,Unknown,No,2023-05-14
36,Admin.,Divorced,Secondary,No,356,Yes,No,Cellular,7,Apr,244,3,313,1,Failure,No,2023-04-07
45,Blue-Collar,Married,Primary,No,1291,Yes,No,Cellular,28,Aug,189,17,-1,0,Unknown,No,2023-08-28
23,Technician,Single,Secondary,No,-306,Yes,No,Unknown,4,Jun,217,2,-1,0,Unknown,No,2023-06-04
53,Blue-Collar,Married,Primary,No,306,No,No,Cellular,28,Jul,388,3,181,1,Success,Yes,2023-07-28
44,Blue-Collar,Married,Primary,No,-312,Yes,No,Unknown,20,Jun,22,3,-1,0,Unknown,No,2023-06-20
32,Technician,Single,Secondary,No,493,No,No,Cellular,13,Aug,289,2,-1,0,Unknown,No,2023-08-13
32,Management,Married,Tertiary,No,71,Yes,No,Cellular,21,Jul,221,8,-1,0,Unknown,No,2023-07-21
38,Admin.,Married,Tertiary,No,669,Yes,Yes,Cellular,31,Jul,129,2,-1,0,Unknown,No,2023-07-31
47,Blue-Collar,Married,Primary,No,556,Yes,No,Cellular,4,Feb,147,2,264,4,Other,No,2023-02-04
34,Services,Single,Secondary,No,84,Yes,No,Unknown,23,May,299,1,-1,0,Unknown,No,2023-05-23
52,Services,Married,Secondary,No,108,Yes,No,Unknown,15,May,543,12,-1,0,Unknown,No,2023-05-15
45,Admin.,Single,Secondary,No,-11,Yes,No,Cellular,5,May,247,1,-1,0,Unknown,No,2023-05-05
50,Blue-Collar,Married,Primary,No,1164,Yes,No,Unknown,8,May,166,2,-1,0,Unknown,No,2023-05-08
52,Blue-Collar,Divorced,Primary,No,-191,Yes,No,Unknown,15,May,755,1,-1,0,Unknown,Yes,2023-05-15
37,Blue-Collar,Married,Secondary,No,132,No,No,Unknown,27,May,336,2,-1,0,Unknown,No,2023-05-27
51,Blue-Collar,Married,Secondary,No,2237,Yes,No,Unknown,29,May,619,1,-1,0,Unknown,No,2023-05-29
32,Management,Married,Tertiary,No,4761,Yes,No,Cellular,5,May,159,2,350,2,Failure,No,2023-05-05
33,Blue-Collar,Married,Secondary,No,-346,Yes,Yes,Unknown,23,May,29,3,-1,0,Unknown,No,2023-05-23
28,Unemployed,Married,Secondary,No,655,Yes,No,Unknown,4,Jun,606,2,-1,0,Unknown,No,2023-06-04
66,Management,Married,Tertiary,No,1048,Yes,No,Cellular,23,Jun,971,2,-1,0,Unknown,No,2023-06-23
31,Services,Single,Secondary,No,0,Yes,No,Unknown,28,May,231,2,-1,0,Unknown,No,2023-05-28
35,Blue-Collar,Married,Primary,No,624,Yes,No,Unknown,7,May,163,1,-1,0,Unknown,No,2023-05-07
47,Services,Single,Unknown,No,1784,No,No,Cellular,19,Oct,385,2,-1,0,Unknown,Yes,2023-10-19
36,Admin.,Single,Secondary,No,1281,No,No,Telephone,24,Jul,119,2,-1,0,Unknown,No,2023-07-24
32,Technician,Single,Tertiary,No,569,No,Yes,Cellular,29,Jan,348,1,-1,0,Unknown,No,2023-01-29
34,Blue-Collar,Married,Primary,No,1666,Yes,No,Unknown,31,Mar,30,1,-1,0,Unknown,No,2023-03-31
40,Admin.,Married,Secondary,No,168,Yes,No,Cellular,7,May,249,2,169,1,Failure,No,2023-05-07
33,Self-Employed,Married,Tertiary,No,263,No,No,Cellular,4,May,119,2,-1,0,Unknown,No,2023-05-04
39,Blue-Collar,Married,Secondary,No,-405,Yes,No,Cellular,8,May,177,1,-1,0,Unknown,No,2023-05-08
38,Self-Employed,Married,Secondary,No,279,Yes,No,Unknown,28,May,110,5,-1,0,Unknown,No,2023-05-28
32,Technician,Single,Secondary,No,0,No,No,Cellular,18,Aug,594,4,-1,0,Unknown,Yes,2023-08-18
65,Unknown,Married,Unknown,No,300,No,No,Cellular,12,Jan,105,1,-1,0,Unknown,No,2023-01-12
34,Unemployed,Single,Tertiary,No,415,No,No,Cellular,12,Aug,123,1,-1,0,Unknown,No,2023-08-12
34,Admin.,Single,Primary,No,0,Yes,Yes,Cellular,6,May,172,4,-1,0,Unknown,No,2023-05-06
42,Blue-Collar,Single,Primary,No,1322,Yes,Yes,Cellular,8,Jul,178,1,-1,0,Unknown,No,2023-07-08
31,Services,Married,Secondary,No,1062,Yes,Yes,Cellular,6,Apr,230,1,-1,0,Unknown,No,2023-04-06
47,Technician,Married,Secondary,No,302,Yes,No,Unknown,20,Jun,89,3,-1,0,Unknown,No,2023-06-20
44,Technician,Divorced,Secondary,No,809,Yes,No,Unknown,15,May,118,4,-1,0,Unknown,No,2023-05-15
38,Housemaid,Married,Secondary,No,-278,Yes,No,Cellular,28,Jul,143,2,-1,0,Unknown,No,2023-07-28
28,Management,Single,Tertiary,No,3238,Yes,No,Unknown,19,May,7,1,-1,0,Unknown,No,2023-05-19
46,Admin.,Single,Secondary,No,751,Yes,No,Unknown,13,May,104,2,-1,0,Unknown,No,2023-05-13
51,Blue-Collar,Divorced,Primary,No,-28,No,Yes,Unknown,2,Jul,220,2,-1,0,Unknown,No,2023-07-02
42,Management,Divorced,Tertiary,No,0,No,No,Unknown,20,Jun,85,2,-1,0,Unknown,No,2023-06-20
37,Technician,Single,Secondary,No,2442,No,No,Cellular,16,Feb,91,3,-1,0,Unknown,Yes,2023-02-16
58,Unemployed,Married,Tertiary,No,1798,Yes,No,Cellular,5,Feb,19,8,-1,0,Unknown,No,2023-02-05
43,Admin.,Married,Secondary,No,132,No,No,Cellular,19,Aug,574,1,84,3,Success,Yes,2023-08-19
36,Management,Single,Tertiary,No,260,Yes,No,Cellular,7,May,49,1,-1,0,Unknown,No,2023-05-07
34,Blue-Collar,Married,Secondary,No,7,Yes,Yes,Cellular,2,Feb,171,2,193,2,Other,No,2023-02-02
31,Management,Single,Tertiary,No,3283,No,No,Cellular,2,Feb,258,1,73,1,Failure,Yes,2023-02-02
49,Technician,Married,Unknown,No,323,Yes,No,Cellular,18,Nov,41,2,-1,0,Unknown,No,2023-11-18
54,Management,Married,Tertiary,No,2960,Yes,No,Cellular,20,Nov,83,1,-1,0,Unknown,No,2023-11-20
29,Unemployed,Single,Secondary,No,486,No,No,Telephone,30,Apr,95,1,-1,0,Unknown,No,2023-04-30
51,Retired,Divorced,Secondary,No,343,Yes,No,Unknown,30,May,78,2,-1,0,Unknown,No,2023-05-30
40,Unemployed,Divorced,Secondary,No,507,Yes,No,Cellular,2,Feb,134,1,266,7,Failure,No,2023-02-02
35,Management,Single,Tertiary,No,5958,Yes,No,Cellular,22,Mar,215,1,-1,0,Unknown,Yes,2023-03-22
25,Student,Single,Secondary,No,304,No,No,Cellular,26,May,226,2,-1,0,Unknown,Yes,2023-05-26
32,Blue-Collar,Single,Secondary,No,118,Yes,No,Cellular,17,Jul,1275,1,-1,0,Unknown,Yes,2023-07-17
30,Self-Employed,Married,Secondary,No,123,No,Yes,Unknown,17,Jul,66,1,85,5,Other,No,2023-07-17
38,Management,Married,Tertiary,No,76,Yes,No,Cellular,7,Jul,196,3,-1,0,Unknown,No,2023-07-07
46,Admin.,Married,Secondary,No,70,Yes,No,Cellular,27,Mar,229,2,-1,0,Unknown,Yes,2023-03-27
43,Unemployed,Married,Primary,No,960,Yes,Yes,Unknown,15,May,241,2,-1,0,Unknown,No,2023-05-15
32,Technician,Single,Tertiary,No,2185,No,No,Cellular,20,Nov,354,2,-1,0,Unknown,No,2023-11-20
29,Blue-Collar,Single,Secondary,No,309,Yes,No,Cellular,11,May,471,3,-1,0,Unknown,No,2023-05-11
56,Blue-Collar,Married,Secondary,No,2190,No,Yes,Cellular,30,Jan,90,2,232,1,Failure,No,2023-01-30
57,Technician,Married,Primary,No,0,No,No,Unknown,5,Jun,58,8,-1,0,Unknown,No,2023-06-05
38,Admin.,Married,Secondary,No,3732,Yes,No,Unknown,21,May,379,2,-1,0,Unknown,No,2023-05-21
51,Technician,Married,Primary,No,1550,No,No,Unknown,20,Jun,12,5,-1,0,Unknown,No,2023-06-20
35,Admin.,Single,Tertiary,No,62,No,Yes,Cellular,30,Apr,67,1,-1,0,Unknown,No,2023-04-30
37,Blue-Collar,Married,Primary,No,704,No,No,Unknown,18,Jun,165,7,-1,0,Unknown,No,2023-06-18
48,Management,Married,Secondary,No,4415,Yes,No,Cellular,8,Apr,1032,3,141,7,Failure,Yes,2023-04-08
30,Blue-Collar,Single,Secondary,Yes,4,Yes,No,Unknown,23,May,84,3,-1,0,Unknown,No,2023-05-23
60,Retired,Married,Secondary,No,262,No,No,Cellular,18,Aug,393,4,-1,0,Unknown,No,2023-08-18
56,Management,Married,Secondary,No,238,Yes,No,Cellular,19,Nov,808,1,-1,0,Unknown,No,2023-11-19
45,Blue-Collar,Married,Primary,No,97,Yes,No,Unknown,7,May,923,3,-1,0,Unknown,No,2023-05-07
38,Technician,Divorced,Secondary,No,410,No,No,Cellular,11,Aug,63,6,-1,0,Unknown,No,2023-08-11
20,Student,Single,Secondary,No,1191,No,No,Cellular,12,Feb,274,1,-1,0,Unknown,No,2023-02-12
59,Retired,Married,Primary,No,-47,Yes,No,Cellular,27,Aug,84,4,-1,0,Unknown,No,2023-08-27
34,Technician,Married,Tertiary,No,197,No,No,Cellular,20,Aug,78,3,-1,0,Unknown,Yes,2023-08-20
36,Blue-Collar,Married,Unknown,No,6,No,No,Unknown,20,Jun,41,7,-1,0,Unknown,No,2023-06-20
53,Admin.,Single,Secondary,No,2398,Yes,No,Cellular,2,Aug,317,1,180,2,Failure,Yes,2023-08-02
51,Management,Married,Tertiary,No,630,Yes,No,Cellular,5,May,138,1,-1,0,Unknown,No,2023-05-05
58,Retired,Married,Secondary,No,235,No,No,Cellular,27,Aug,88,4,-1,0,Unknown,No,2023-08-27
48,Management,Married,Primary,No,1910,Yes,No,Unknown,29,May,413,2,-1,0,Unknown,No,2023-05-29
56,Management,Married,Tertiary,No,3172,Yes,No,Cellular,5,Feb,139,1,-1,0,Unknown,No,2023-02-05
51,Blue-Collar,Married,Primary,No,872,No,No,Cellular,8,Aug,82,2,-1,0,Unknown,No,2023-08-08
35,Blue-Collar,Married,Secondary,No,407,Yes,No,Cellular,20,Apr,12,6,-1,0,Unknown,No,2023-04-20
40,Admin.,Single,Secondary,No,100,Yes,No,Cellular,11,Aug,221,1,461,1,Success,Yes,2023-08-11
59,Housemaid,Married,Secondary,No,345,No,No,Unknown,9,Jun,38,1,-1,0,Unknown,No,2023-06-09
44,Management,Divorced,Tertiary,No,2058,No,Yes,Cellular,21,Nov,661,1,-1,0,Unknown,No,2023-11-21
49,Housemaid,Married,Primary,No,889,No,No,Telephone,7,Jul,388,1,-1,0,Unknown,Yes,2023-07-07
35,Admin.,Married,Tertiary,No,0,Yes,No,Cellular,28,Jul,151,7,-1,0,Unknown,No,2023-07-28
41,Management,Married,Tertiary,No,51,No,No,Cellular,25,Aug,140,8,-1,0,Unknown,No,2023-08-25
55,Retired,Married,Primary,No,150,No,No,Cellular,8,Jul,124,1,-1,0,Unknown,No,2023-07-08
51,Self-Employed,Married,Secondary,Yes,34,No,Yes,Cellular,7,Jul,200,1,-1,0,Unknown,No,2023-07-07
27,Services,Single,Secondary,No,795,No,No,Cellular,6,Feb,101,3,-1,0,Unknown,No,2023-02-06
57,Blue-Collar,Married,Primary,No,282,No,Yes,Cellular,7,Jul,261,12,-1,0,Unknown,No,2023-07-07
51,Management,Single,Tertiary,No,2139,No,No,Cellular,17,Nov,176,2,-1,0,Unknown,No,2023-11-17
38,Management,Married,Tertiary,No,-469,Yes,No,Unknown,16,Jun,209,12,-1,0,Unknown,No,2023-06-16
49,Admin.,Married,Secondary,No,197,Yes,No,Cellular,13,Apr,223,1,182,2,Failure,Yes,2023-04-13
40,Technician,Single,Tertiary,No,825,Yes,No,Cellular,20,Apr,38,1,335,1,Other,No,2023-04-20
47,Housemaid,Single,Tertiary,No,3232,No,No,Telephone,6,Oct,541,1,204,3,Failure,No,2023-10-06
48,Management,Divorced,Secondary,No,1598,Yes,No,Unknown,29,May,84,1,-1,0,Unknown,No,2023-05-29
47,Services,Married,Tertiary,No,871,No,No,Cellular,22,Aug,602,9,-1,0,Unknown,No,2023-08-22
56,Services,Married,Secondary,No,83,No,No,Cellular,27,Aug,26,11,-1,0,Unknown,No,2023-08-27
29,Management,Single,Tertiary,No,1445,No,No,Cellular,26,Apr,328,2,143,2,Success,Yes,2023-04-26
38,Technician,Married,Secondary,No,226,Yes,No,Unknown,30,May,762,3,-1,0,Unknown,Yes,2023-05-30
32,Management,Married,Tertiary,No,-55,Yes,No,Cellular,26,Aug,107,4,-1,0,Unknown,No,2023-08-26
42,Admin.,Single,Secondary,No,243,Yes,No,Unknown,14,May,46,5,-1,0,Unknown,No,2023-05-14
30,Blue-Collar,Married,Primary,No,-336,No,No,Cellular,10,Jul,128,6,-1,0,Unknown,No,2023-07-10
26,Admin.,Single,Tertiary,No,3672,Yes,No,Unknown,29,May,360,5,-1,0,Unknown,No,2023-05-29
35,Technician,Married,Secondary,No,0,Yes,No,Cellular,9,Nov,524,1,96,5,Success,Yes,2023-11-09
35,Technician,Married,Secondary,No,251,Yes,Yes,Unknown,1,Jul,128,3,-1,0,Unknown,No,2023-07-01
35,Self-Employed,Single,Tertiary,No,44,No,No,Cellular,7,Sep,310,2,96,2,Other,No,2023-09-07
57,Blue-Collar,Married,Secondary,No,2887,No,No,Cellular,21,Aug,819,10,-1,0,Unknown,Yes,2023-08-21
29,Admin.,Single,Secondary,No,1992,No,No,Cellular,8,Jul,202,1,87,2,Failure,No,2023-07-08
32,Blue-Collar,Single,Secondary,No,2,No,No,Unknown,9,May,144,2,-1,0,Unknown,No,2023-05-09
45,Technician,Married,Secondary,No,1415,Yes,No,Cellular,24,Jul,311,1,-1,0,Unknown,No,2023-07-24
51,Management,Single,Tertiary,No,297,Yes,No,Cellular,15,May,415,4,375,1,Failure,Yes,2023-05-15
31,Technician,Single,Secondary,No,1094,Yes,No,Unknown,12,Jun,93,8,-1,0,Unknown,No,2023-06-12
50,Self-Employed,Married,Unknown,No,-84,Yes,No,Unknown,6,May,101,1,-1,0,Unknown,No,2023-05-06
38,Blue-Collar,Single,Secondary,No,-1,Yes,No,Unknown,7,May,72,1,-1,0,Unknown,No,2023-05-07
37,Management,Married,Tertiary,No,347,Yes,No,Cellular,22,Jul,282,1,-1,0,Unknown,No,2023-07-22
35,Management,Married,Tertiary,No,1253,Yes,No,Unknown,19,May,210,2,-1,0,Unknown,No,2023-05-19
37,Unemployed,Married,Unknown,No,4565,No,No,Cellular,4,Sep,369,1,-1,0,Unknown,No,2023-09-04
28,Management,Single,Tertiary,No,781,No,No,Cellular,9,Apr,125,6,-1,0,Unknown,No,2023-04-09
38,Management,Married,Tertiary,No,7124,No,No,Unknown,16,Jun,301,6,-1,0,Unknown,No,2023-06-16
43,Management,Married,Secondary,No,17555,No,No,Cellular,26,Aug,14,14,-1,0,Unknown,No,2023-08-26
43,Management,Married,Unknown,No,5172,Yes,No,Unknown,29,May,57,3,-1,0,Unknown,No,2023-05-29
56,Management,Married,Tertiary,No,15520,No,No,Cellular,18,Nov,420,1,-1,0,Unknown,No,2023-11-18
32,Technician,Single,Tertiary,No,13711,Yes,No,Cellular,14,May,638,1,175,3,Success,No,2023-05-14
58,Management,Divorced,Tertiary,No,1533,No,No,Unknown,15,May,137,2,-1,0,Unknown,No,2023-05-15
47,Management,Married,Tertiary,No,286,No,No,Cellular,22,Aug,557,7,-1,0,Unknown,No,2023-08-22
31,Blue-Collar,Single,Secondary,No,-219,Yes,No,Unknown,30,May,66,2,-1,0,Unknown,No,2023-05-30
38,Management,Married,Tertiary,No,0,Yes,No,Unknown,20,May,206,1,-1,0,Unknown,No,2023-05-20
50,Blue-Collar,Married,Secondary,No,810,Yes,No,Unknown,14,May,19,14,-1,0,Unknown,No,2023-05-14
32,Blue-Collar,Married,Secondary,No,300,No,No,Cellular,6,Feb,166,2,-1,0,Unknown,No,2023-02-06
37,Services,Single,Secondary,No,1175,Yes,No,Cellular,15,May,102,1,333,2,Failure,No,2023-05-15
39,Management,Married,Tertiary,No,0,Yes,No,Unknown,2,Jun,46,2,-1,0,Unknown,No,2023-06-02
40,Services,Married,Secondary,No,113,Yes,No,Unknown,4,Jun,126,1,-1,0,Unknown,No,2023-06-04
41,Blue-Collar,Married,Secondary,No,641,Yes,No,Unknown,13,May,161,1,-1,0,Unknown,No,2023-05-13
45,Technician,Married,Secondary,No,1477,Yes,No,Cellular,8,Jul,355,1,-1,0,Unknown,No,2023-07-08
31,Admin.,Married,Secondary,No,0,Yes,No,Unknown,14,May,40,2,-1,0,Unknown,No,2023-05-14
54,Services,Married,Primary,No,8,Yes,No,Cellular,14,May,143,1,-1,0,Unknown,No,2023-05-14
39,Admin.,Divorced,Secondary,No,399,Yes,Yes,Cellular,14,Aug,133,2,-1,0,Unknown,No,2023-08-14
56,Admin.,Divorced,Secondary,Yes,-435,Yes,Yes,Unknown,9,May,185,2,-1,0,Unknown,No,2023-05-09
35,Admin.,Single,Secondary,No,2830,No,No,Unknown,20,Jun,22,12,-1,0,Unknown,No,2023-06-20
34,Management,Married,Secondary,No,15,No,No,Cellular,25,Aug,184,7,-1,0,Unknown,No,2023-08-25
31,Technician,Single,Secondary,No,125,No,No,Cellular,22,Aug,78,2,-1,0,Unknown,No,2023-08-22
38,Technician,Married,Tertiary,No,45,No,No,Cellular,22,Jul,125,4,-1,0,Unknown,No,2023-07-22
41,Technician,Married,Tertiary,No,13,No,No,Unknown,5,Jun,189,2,-1,0,Unknown,No,2023-06-05
44,Entrepreneur,Married,Tertiary,No,0,Yes,No,Unknown,9,Jul,300,1,-1,0,Unknown,No,2023-07-09
49,Blue-Collar,Married,Secondary,No,579,Yes,No,Unknown,28,May,396,1,-1,0,Unknown,No,2023-05-28
30,Services,Single,Secondary,No,432,Yes,No,Unknown,20,May,340,3,-1,0,Unknown,No,2023-05-20
31,Services,Single,Secondary,No,1987,Yes,No,Telephone,20,Nov,55,2,-1,0,Unknown,No,2023-11-20
34,Management,Married,Secondary,No,857,Yes,No,Cellular,22,Aug,238,6,-1,0,Unknown,No,2023-08-22
70,Retired,Married,Tertiary,No,15834,No,No,Cellular,5,Apr,172,3,186,1,Failure,No,2023-04-05
45,Management,Married,Tertiary,No,3370,No,No,Unknown,12,Jun,36,3,-1,0,Unknown,No,2023-06-12
31,Management,Married,Tertiary,No,6290,No,No,Cellular,20,Nov,303,2,-1,0,Unknown,No,2023-11-20
57,Admin.,Married,Secondary,No,808,No,No,Cellular,14,Jul,417,3,-1,0,Unknown,No,2023-07-14
40,Services,Married,Unknown,No,4075,Yes,No,Unknown,16,Jun,162,3,-1,0,Unknown,No,2023-06-16
28,Blue-Collar,Married,Secondary,No,373,Yes,No,Cellular,14,May,10,9,344,1,Failure,No,2023-05-14
44,Admin.,Single,Secondary,No,-101,Yes,No,Cellular,10,Jul,99,1,-1,0,Unknown,No,2023-07-10
49,Services,Divorced,Secondary,No,3250,No,No,Unknown,16,Jun,32,3,-1,0,Unknown,No,2023-06-16
46,Management,Married,Tertiary,No,1375,Yes,No,Cellular,17,Nov,308,3,-1,0,Unknown,No,2023-11-17
34,Management,Married,Tertiary,No,180,No,No,Cellular,16,Jun,298,3,-1,0,Unknown,No,2023-06-16
58,Technician,Married,Secondary,No,175,No,No,Cellular,12,Aug,92,4,-1,0,Unknown,No,2023-08-12
52,Services,Married,Secondary,No,381,No,Yes,Cellular,25,Aug,288,12,-1,0,Unknown,No,2023-08-25
27,Blue-Collar,Married,Secondary,No,2171,Yes,No,Cellular,16,Apr,130,1,323,1,Other,No,2023-04-16
48,Technician,Married,Secondary,No,340,Yes,No,Cellular,28,Jan,255,2,-1,0,Unknown,No,2023-01-28
33,Technician,Divorced,Secondary,Yes,10,Yes,Yes,Cellular,18,Nov,167,5,-1,0,Unknown,No,2023-11-18
46,Admin.,Married,Secondary,No,4958,Yes,No,Cellular,17,Nov,64,3,150,5,Other,No,2023-11-17
51,Housemaid,Married,Unknown,No,21244,No,Yes,Cellular,4,Aug,166,2,-1,0,Unknown,No,2023-08-04
31,Management,Married,Tertiary,No,156,No,No,Cellular,13,Aug,657,7,-1,0,Unknown,Yes,2023-08-13
35,Technician,Divorced,Secondary,No,473,Yes,Yes,Unknown,26,May,434,4,-1,0,Unknown,No,2023-05-26
37,Admin.,Single,Secondary,No,781,No,No,Cellular,20,Aug,75,1,-1,0,Unknown,No,2023-08-20
60,Entrepreneur,Married,Primary,No,0,No,No,Telephone,23,Jul,40,1,-1,0,Unknown,No,2023-07-23
40,Technician,Married,Secondary,No,1819,No,No,Cellular,5,Jun,398,2,-1,0,Unknown,No,2023-06-05
50,Management,Married,Tertiary,No,4374,Yes,No,Cellular,21,Nov,163,2,113,3,Failure,No,2023-11-21
34,Entrepreneur,Married,Secondary,No,456,Yes,Yes,Cellular,28,Aug,137,8,-1,0,Unknown,No,2023-08-28
32,Technician,Married,Secondary,No,253,Yes,No,Unknown,4,Jun,257,3,-1,0,Unknown,No,2023-06-04
36,Services,Single,Secondary,No,774,Yes,No,Cellular,3,Feb,231,2,259,1,Failure,No,2023-02-03
32,Admin.,Single,Tertiary,No,-59,No,Yes,Unknown,4,Jul,192,1,-1,0,Unknown,No,2023-07-04
40,Services,Divorced,Secondary,No,-81,No,Yes,Cellular,23,Jul,186,1,-1,0,Unknown,No,2023-07-23
37,Blue-Collar,Married,Primary,No,0,Yes,No,Cellular,6,May,226,1,363,3,Other,No,2023-05-06
57,Management,Married,Tertiary,No,0,Yes,No,Cellular,21,Nov,67,1,-1,0,Unknown,No,2023-11-21
46,Management,Married,Tertiary,No,-3,No,No,Cellular,28,Aug,205,2,-1,0,Unknown,No,2023-08-28
31,Blue-Collar,Single,Primary,No,2488,Yes,No,Cellular,20,Apr,14,1,-1,0,Unknown,No,2023-04-20
39,Technician,Divorced,Tertiary,Yes,3,No,No,Cellular,6,May,488,1,-1,0,Unknown,Yes,2023-05-06
35,Management,Married,Secondary,No,839,Yes,No,Unknown,23,May,50,3,-1,0,Unknown,No,2023-05-23
32,Blue-Collar,Married,Primary,No,103,No,No,Cellular,23,Jul,312,1,-1,0,Unknown,No,2023-07-23
44,Technician,Divorced,Secondary,No,316,Yes,No,Cellular,21,Jul,163,3,-1,0,Unknown,No,2023-07-21
41,Technician,Single,Secondary,No,1680,Yes,No,Unknown,2,Jun,76,2,-1,0,Unknown,No,2023-06-02
59,Retired,Divorced,Primary,No,7179,No,No,Cellular,5,Feb,150,1,-1,0,Unknown,No,2023-02-05
39,Services,Married,Secondary,No,247,Yes,No,Cellular,17,Apr,244,2,-1,0,Unknown,No,2023-04-17
54,Management,Married,Tertiary,No,8295,No,No,Cellular,5,Jun,207,1,-1,0,Unknown,Yes,2023-06-05
27,Services,Single,Secondary,No,261,Yes,Yes,Cellular,18,May,113,1,-1,0,Unknown,No,2023-05-18
51,Self-Employed,Married,Secondary,No,95,Yes,No,Cellular,23,Jul,1309,4,-1,0,Unknown,Yes,2023-07-23
33,Technician,Single,Secondary,No,291,No,No,Cellular,25,Aug,72,6,-1,0,Unknown,No,2023-08-25
38,Blue-Collar,Married,Primary,No,2240,Yes,No,Cellular,19,Nov,551,1,183,1,Failure,No,2023-11-19
52,Entrepreneur,Married,Tertiary,No,0,No,No,Unknown,19,Jun,163,3,-1,0,Unknown,No,2023-06-19
54,Management,Divorced,Tertiary,No,1295,Yes,No,Cellular,21,Jul,179,10,-1,0,Unknown,No,2023-07-21
33,Blue-Collar,Married,Primary,No,324,Yes,No,Cellular,13,May,217,2,-1,0,Unknown,No,2023-05-13
50,Technician,Married,Secondary,No,669,Yes,No,Unknown,2,Jun,88,1,-1,0,Unknown,No,2023-06-02
39,Blue-Collar,Single,Secondary,No,4143,Yes,Yes,Unknown,2,Jun,21,1,-1,0,Unknown,No,2023-06-02
34,Management,Single,Tertiary,No,2646,No,No,Cellular,14,Apr,142,1,-1,0,Unknown,Yes,2023-04-14
41,Technician,Single,Secondary,No,618,No,No,Cellular,5,Feb,1056,1,-1,0,Unknown,No,2023-02-05
48,Management,Divorced,Tertiary,No,541,Yes,No,Cellular,14,May,72,1,363,2,Other,No,2023-05-14
38,Services,Married,Secondary,No,434,Yes,No,Unknown,20,May,411,1,-1,0,Unknown,No,2023-05-20
34,Blue-Collar,Married,Secondary,No,622,Yes,No,Unknown,21,May,145,1,-1,0,Unknown,No,2023-05-21
32,Blue-Collar,Married,Secondary,No,0,Yes,No,Cellular,8,May,80,2,-1,0,Unknown,No,2023-05-08
48,Management,Married,Secondary,No,99,Yes,No,Unknown,28,May,344,1,-1,0,Unknown,No,2023-05-28
28,Services,Single,Secondary,No,290,Yes,No,Cellular,18,May,128,1,-1,0,Unknown,No,2023-05-18
47,Blue-Collar,Married,Secondary,No,1230,Yes,No,Cellular,30,Apr,412,1,169,1,Success,Yes,2023-04-30
32,Admin.,Single,Secondary,No,45,Yes,Yes,Cellular,14,May,908,3,344,7,Other,No,2023-05-14
32,Admin.,Married,Secondary,No,923,Yes,No,Cellular,17,Apr,819,4,-1,0,Unknown,No,2023-04-17
38,Management,Married,Tertiary,No,950,No,No,Cellular,5,Aug,210,2,-1,0,Unknown,No,2023-08-05
86,Retired,Married,Secondary,No,1503,No,No,Telephone,18,Mar,165,3,101,1,Other,No,2023-03-18
47,Technician,Married,Secondary,No,65,No,No,Cellular,28,Aug,118,8,-1,0,Unknown,No,2023-08-28
42,Management,Married,Primary,No,-679,Yes,Yes,Cellular,6,May,159,1,343,2,Failure,No,2023-05-06
44,Management,Married,Tertiary,No,773,No,Yes,Cellular,9,Jul,618,1,-1,0,Unknown,No,2023-07-09
25,Student,Single,Unknown,No,10788,No,No,Cellular,23,Dec,102,2,210,2,Other,No,2023-12-23
34,Services,Divorced,Secondary,No,991,Yes,No,Cellular,6,May,89,1,344,1,Failure,No,2023-05-06
34,Admin.,Married,Secondary,No,247,No,No,Cellular,8,Oct,401,2,-1,0,Unknown,Yes,2023-10-08
53,Blue-Collar,Married,Primary,No,4143,No,No,Cellular,15,Jul,200,3,-1,0,Unknown,No,2023-07-15
42,Blue-Collar,Married,Unknown,No,-406,Yes,No,Cellular,30,Jul,152,5,-1,0,Unknown,No,2023-07-30
30,Blue-Collar,Single,Secondary,No,180,No,No,Cellular,14,Jul,203,1,183,2,Failure,No,2023-07-14
26,Blue-Collar,Single,Primary,No,-887,Yes,No,Cellular,18,May,827,2,-1,0,Unknown,Yes,2023-05-18
40,Services,Married,Secondary,No,4157,Yes,No,Unknown,15,May,735,1,-1,0,Unknown,No,2023-05-15
34,Technician,Single,Secondary,No,1386,Yes,Yes,Unknown,28,May,185,6,-1,0,Unknown,No,2023-05-28
34,Services,Married,Secondary,No,2211,No,No,Unknown,8,May,149,1,-1,0,Unknown,No,2023-05-08
40,Management,Married,Tertiary,No,-495,No,Yes,Cellular,29,Jul,303,2,-1,0,Unknown,No,2023-07-29
36,Management,Married,Tertiary,No,27359,Yes,No,Unknown,3,Jun,71,2,-1,0,Unknown,No,2023-06-03
34,Technician,Single,Secondary,No,440,Yes,No,Cellular,6,May,445,2,345,2,Failure,No,2023-05-06
32,Blue-Collar,Single,Secondary,No,135,Yes,No,Cellular,18,May,232,2,-1,0,Unknown,No,2023-05-18
39,Technician,Married,Secondary,No,-735,Yes,No,Cellular,30,Jan,144,5,248,2,Failure,No,2023-01-30
36,Technician,Married,Tertiary,No,60,No,No,Cellular,19,Aug,209,2,-1,0,Unknown,No,2023-08-19
39,Technician,Divorced,Secondary,No,902,Yes,No,Cellular,10,Feb,691,2,180,5,Failure,Yes,2023-02-10
33,Management,Married,Unknown,No,18347,Yes,No,Unknown,23,May,415,1,-1,0,Unknown,No,2023-05-23
34,Blue-Collar,Single,Secondary,No,-72,Yes,No,Cellular,7,Jul,273,5,-1,0,Unknown,No,2023-07-07
42,Management,Married,Tertiary,No,1205,No,No,Telephone,8,Sep,376,2,-1,0,Unknown,Yes,2023-09-08
46,Technician,Married,Secondary,No,499,Yes,No,Cellular,31,Jul,37,10,-1,0,Unknown,No,2023-07-31
32,Management,Single,Tertiary,No,656,Yes,Yes,Cellular,20,Apr,148,2,-1,0,Unknown,No,2023-04-20
27,Services,Married,Secondary,No,100,No,No,Cellular,16,Jul,57,2,-1,0,Unknown,No,2023-07-16
35,Technician,Divorced,Secondary,No,69,Yes,No,Unknown,8,May,461,3,-1,0,Unknown,No,2023-05-08
53,Technician,Married,Unknown,No,619,No,No,Unknown,17,Jun,198,6,-1,0,Unknown,No,2023-06-17
29,Services,Single,Secondary,No,192,No,No,Cellular,30,Jan,327,4,-1,0,Unknown,No,2023-01-30
35,Management,Single,Tertiary,No,0,No,No,Cellular,29,Aug,669,6,-1,0,Unknown,No,2023-08-29
49,Management,Married,Tertiary,No,87,No,No,Cellular,29,Jan,165,1,-1,0,Unknown,No,2023-01-29
58,Management,Married,Tertiary,No,3228,No,No,Cellular,19,Aug,58,2,-1,0,Unknown,No,2023-08-19
40,Management,Single,Tertiary,No,1361,No,No,Cellular,29,Jan,1473,1,-1,0,Unknown,Yes,2023-01-29
19,Student,Single,Unknown,No,0,No,No,Cellular,11,Feb,123,3,-1,0,Unknown,No,2023-02-11
30,Student,Single,Tertiary,No,34,Yes,No,Unknown,6,May,289,1,-1,0,Unknown,No,2023-05-06
34,Technician,Single,Secondary,No,318,No,Yes,Cellular,25,Jul,239,5,-1,0,Unknown,No,2023-07-25
60,Retired,Married,Secondary,No,197,No,No,Cellular,7,Oct,1386,1,-1,0,Unknown,No,2023-10-07
28,Student,Single,Tertiary,No,0,No,No,Cellular,28,Sep,294,2,105,7,Other,Yes,2023-09-28
46,Management,Married,Tertiary,No,273,Yes,No,Cellular,18,Mar,910,2,184,4,Success,Yes,2023-03-18
49,Blue-Collar,Divorced,Primary,No,15,Yes,No,Unknown,27,May,550,7,-1,0,Unknown,No,2023-05-27
59,Management,Divorced,Tertiary,No,7813,Yes,No,Cellular,21,Nov,75,1,-1,0,Unknown,No,2023-11-21
44,Technician,Single,Secondary,No,-27,Yes,Yes,Unknown,14,May,100,3,-1,0,Unknown,No,2023-05-14
33,Technician,Married,Tertiary,No,75,No,No,Cellular,21,Jul,204,4,-1,0,Unknown,No,2023-07-21
54,Retired,Married,Secondary,No,1139,Yes,No,Cellular,14,May,155,1,177,7,Failure,No,2023-05-14
26,Blue-Collar,Married,Secondary,No,115,Yes,No,Unknown,4,Jul,46,3,-1,0,Unknown,No,2023-07-04
54,Blue-Collar,Married,Secondary,No,0,No,No,Telephone,16,Apr,1366,1,150,1,Failure,No,2023-04-16
48,Housemaid,Married,Primary,No,7195,No,No,Cellular,21,Nov,609,2,-1,0,Unknown,Yes,2023-11-21
30,Services,Single,Tertiary,No,-477,No,Yes,Cellular,21,Aug,1532,2,-1,0,Unknown,Yes,2023-08-21
29,Management,Single,Tertiary,No,1026,No,No,Cellular,12,Nov,226,1,92,1,Other,Yes,2023-11-12
51,Entrepreneur,Married,Tertiary,No,3921,Yes,No,Cellular,5,May,168,1,-1,0,Unknown,No,2023-05-05
53,Unemployed,Married,Primary,No,980,Yes,No,Cellular,3,Dec,352,1,-1,0,Unknown,Yes,2023-12-03
43,Blue-Collar,Married,Secondary,No,-179,Yes,No,Cellular,30,Jul,335,6,-1,0,Unknown,No,2023-07-30
34,Admin.,Married,Tertiary,No,2552,Yes,Yes,Cellular,25,Sep,74,1,-1,0,Unknown,No,2023-09-25
40,Entrepreneur,Married,Tertiary,No,1729,Yes,No,Cellular,12,May,85,1,-1,0,Unknown,No,2023-05-12
43,Technician,Married,Secondary,No,434,Yes,No,Unknown,5,May,117,1,-1,0,Unknown,No,2023-05-05
33,Admin.,Single,Secondary,No,-300,Yes,Yes,Cellular,25,Jul,184,1,-1,0,Unknown,No,2023-07-25
66,Retired,Married,Secondary,No,4785,No,No,Cellular,13,Aug,72,3,-1,0,Unknown,No,2023-08-13
44,Technician,Divorced,Secondary,No,-329,Yes,No,Unknown,7,May,171,1,-1,0,Unknown,No,2023-05-07
33,Services,Married,Secondary,No,0,Yes,No,Telephone,22,Jul,44,8,-1,0,Unknown,No,2023-07-22
31,Technician,Single,Secondary,No,391,No,No,Cellular,13,Aug,336,2,-1,0,Unknown,No,2023-08-13
71,Retired,Married,Primary,No,4657,No,No,Cellular,16,Feb,93,5,-1,0,Unknown,Yes,2023-02-16
22,Student,Single,Primary,No,3472,No,No,Cellular,20,Oct,332,1,183,3,Failure,Yes,2023-10-20
46,Unemployed,Single,Tertiary,No,705,No,No,Cellular,4,Feb,398,1,-1,0,Unknown,No,2023-02-04
32,Services,Married,Secondary,No,255,Yes,Yes,Unknown,21,May,86,2,-1,0,Unknown,No,2023-05-21
45,Blue-Collar,Married,Secondary,No,4365,No,Yes,Cellular,9,Feb,45,2,-1,0,Unknown,No,2023-02-09
32,Management,Married,Secondary,No,350,Yes,No,Unknown,28,May,110,2,-1,0,Unknown,No,2023-05-28
49,Blue-Collar,Married,Primary,No,474,Yes,Yes,Telephone,9,Feb,152,3,221,1,Failure,No,2023-02-09
27,Technician,Single,Secondary,No,489,Yes,No,Cellular,30,Jul,356,4,-1,0,Unknown,Yes,2023-07-30
46,Entrepreneur,Married,Secondary,No,757,No,No,Unknown,16,Jun,382,3,-1,0,Unknown,No,2023-06-16
37,Management,Single,Tertiary,No,695,No,No,Cellular,28,Jan,233,1,-1,0,Unknown,No,2023-01-28
30,Unemployed,Single,Secondary,Yes,-770,Yes,No,Unknown,28,May,87,1,-1,0,Unknown,No,2023-05-28
44,Self-Employed,Divorced,Secondary,No,80,Yes,Yes,Unknown,14,May,387,2,-1,0,Unknown,No,2023-05-14
45,Technician,Married,Secondary,No,315,Yes,No,Cellular,30,Jun,103,1,-1,0,Unknown,No,2023-06-30
27,Student,Single,Secondary,No,213,No,No,Cellular,27,Mar,378,1,-1,0,Unknown,Yes,2023-03-27
57,Housemaid,Married,Primary,No,0,No,No,Unknown,9,Jun,257,2,-1,0,Unknown,No,2023-06-09
66,Management,Married,Tertiary,No,2169,No,No,Cellular,7,Jul,282,1,-1,0,Unknown,No,2023-07-07
40,Admin.,Divorced,Secondary,No,212,No,No,Unknown,7,Jan,176,1,-1,0,Unknown,No,2023-01-07
48,Blue-Collar,Married,Secondary,No,333,Yes,No,Cellular,14,May,24,6,-1,0,Unknown,No,2023-05-14
33,Blue-Collar,Single,Secondary,No,4404,Yes,No,Cellular,20,Nov,766,3,-1,0,Unknown,No,2023-11-20
42,Services,Divorced,Secondary,No,257,Yes,No,Cellular,12,May,955,2,-1,0,Unknown,Yes,2023-05-12
47,Unemployed,Married,Secondary,No,3188,Yes,No,Cellular,3,Feb,426,3,-1,0,Unknown,No,2023-02-03
27,Technician,Single,Tertiary,No,3083,Yes,No,Unknown,29,May,244,2,-1,0,Unknown,No,2023-05-29
78,Retired,Married,Tertiary,No,226,No,No,Telephone,6,Nov,136,1,-1,0,Unknown,No,2023-11-06
50,Services,Married,Primary,No,1260,No,No,Cellular,18,Nov,172,1,-1,0,Unknown,No,2023-11-18
46,Entrepreneur,Single,Tertiary,No,1410,Yes,No,Cellular,19,Nov,93,1,189,8,Failure,No,2023-11-19
41,Admin.,Divorced,Secondary,No,6046,Yes,Yes,Telephone,15,Mar,300,6,182,2,Success,Yes,2023-03-15
36,Admin.,Single,Tertiary,No,980,No,No,Cellular,11,Nov,118,4,104,7,Failure,No,2023-11-11
49,Retired,Married,Primary,No,-37,No,No,Unknown,4,Jul,191,2,-1,0,Unknown,No,2023-07-04
46,Management,Divorced,Tertiary,No,-154,Yes,Yes,Unknown,27,May,107,2,-1,0,Unknown,No,2023-05-27
77,Retired,Married,Primary,No,680,No,No,Telephone,24,Feb,513,2,89,7,Failure,No,2023-02-24
30,Technician,Single,Tertiary,No,799,Yes,Yes,Unknown,6,Jun,91,18,-1,0,Unknown,No,2023-06-06
43,Management,Single,Secondary,Yes,-1164,Yes,Yes,Cellular,18,Jul,76,4,-1,0,Unknown,No,2023-07-18
44,Blue-Collar,Married,Secondary,No,2523,Yes,No,Unknown,29,May,1236,2,-1,0,Unknown,No,2023-05-29
40,Blue-Collar,Married,Primary,No,98,Yes,No,Unknown,2,Jun,193,5,-1,0,Unknown,No,2023-06-02
38,Blue-Collar,Married,Primary,No,3419,Yes,No,Unknown,20,Jun,324,5,-1,0,Unknown,No,2023-06-20
25,Unemployed,Single,Tertiary,No,343,No,No,Cellular,1,Jun,377,1,-1,0,Unknown,Yes,2023-06-01
49,Management,Married,Tertiary,No,852,Yes,No,Cellular,20,Nov,408,1,-1,0,Unknown,No,2023-11-20
33,Blue-Collar,Married,Primary,No,50,Yes,No,Cellular,7,May,246,2,-1,0,Unknown,No,2023-05-07
40,Management,Single,Tertiary,No,0,No,No,Cellular,26,Aug,58,7,-1,0,Unknown,No,2023-08-26
44,Blue-Collar,Married,Primary,No,10,Yes,No,Cellular,17,Jul,196,1,-1,0,Unknown,No,2023-07-17
32,Blue-Collar,Married,Secondary,No,950,Yes,Yes,Cellular,20,Apr,219,4,-1,0,Unknown,No,2023-04-20
52,Management,Married,Tertiary,No,0,Yes,No,Cellular,9,Jul,197,1,-1,0,Unknown,No,2023-07-09
35,Management,Married,Tertiary,No,175,Yes,No,Cellular,7,Aug,257,2,-1,0,Unknown,No,2023-08-07
35,Technician,Married,Secondary,No,-259,Yes,No,Cellular,29,Jan,381,1,247,2,Failure,No,2023-01-29
32,Management,Married,Secondary,No,6217,Yes,Yes,Unknown,21,May,486,2,-1,0,Unknown,No,2023-05-21
42,Technician,Married,Secondary,No,-1310,Yes,Yes,Unknown,28,May,162,1,-1,0,Unknown,No,2023-05-28
59,Blue-Collar,Married,Unknown,No,139,No,No,Unknown,5,Jun,153,1,-1,0,Unknown,No,2023-06-05
44,Technician,Single,Secondary,No,7138,No,No,Cellular,8,Aug,809,2,-1,0,Unknown,Yes,2023-08-08
50,Admin.,Divorced,Secondary,No,1111,Yes,No,Cellular,17,Apr,50,1,-1,0,Unknown,No,2023-04-17
27,Blue-Collar,Single,Secondary,No,113,No,No,Cellular,22,Jul,39,17,-1,0,Unknown,No,2023-07-22
55,Management,Divorced,Tertiary,No,-612,No,No,Cellular,26,Aug,131,2,-1,0,Unknown,No,2023-08-26
54,Blue-Collar,Married,Unknown,No,310,Yes,No,Telephone,28,Jan,526,4,258,3,Other,No,2023-01-28
31,Unemployed,Single,Secondary,No,-186,Yes,No,Unknown,26,May,172,3,-1,0,Unknown,No,2023-05-26
56,Admin.,Married,Unknown,No,2038,No,No,Cellular,8,Feb,405,1,305,1,Success,No,2023-02-08
51,Self-Employed,Married,Tertiary,No,833,No,No,Cellular,31,Jul,77,3,-1,0,Unknown,No,2023-07-31
61,Blue-Collar,Married,Primary,No,625,Yes,No,Unknown,19,May,158,2,-1,0,Unknown,No,2023-05-19
34,Technician,Single,Secondary,No,105,Yes,No,Cellular,7,May,146,2,171,3,Failure,No,2023-05-07
56,Blue-Collar,Married,Primary,No,551,No,No,Unknown,29,May,27,1,-1,0,Unknown,No,2023-05-29
29,Student,Single,Unknown,No,145,No,No,Cellular,14,Aug,105,1,-1,0,Unknown,No,2023-08-14
34,Management,Single,Tertiary,No,618,Yes,No,Unknown,3,Jun,119,4,-1,0,Unknown,No,2023-06-03
35,Services,Single,Secondary,No,1063,Yes,Yes,Cellular,16,Apr,327,1,-1,0,Unknown,No,2023-04-16
56,Admin.,Divorced,Secondary,No,985,No,Yes,Cellular,18,Aug,150,2,-1,0,Unknown,No,2023-08-18
45,Blue-Collar,Married,Secondary,No,2926,Yes,Yes,Cellular,19,Nov,482,3,120,2,Failure,No,2023-11-19
31,Admin.,Single,Secondary,No,-449,Yes,No,Unknown,28,May,81,2,-1,0,Unknown,No,2023-05-28
37,Entrepreneur,Divorced,Tertiary,No,66,No,No,Cellular,18,Nov,1164,2,-1,0,Unknown,Yes,2023-11-18
43,Admin.,Married,Secondary,No,0,Yes,No,Cellular,17,Jul,674,3,-1,0,Unknown,No,2023-07-17
40,Management,Married,Unknown,No,419,Yes,No,Cellular,10,Jul,347,1,-1,0,Unknown,No,2023-07-10
44,Management,Married,Primary,No,4758,Yes,No,Cellular,22,Jul,712,6,-1,0,Unknown,Yes,2023-07-22
38,Admin.,Single,Secondary,No,-23,No,No,Cellular,20,Nov,48,2,-1,0,Unknown,No,2023-11-20
58,Management,Divorced,Tertiary,No,1573,Yes,Yes,Cellular,17,Nov,279,1,-1,0,Unknown,No,2023-11-17
24,Blue-Collar,Single,Secondary,No,77,Yes,No,Unknown,16,May,236,2,-1,0,Unknown,No,2023-05-16
53,Services,Married,Secondary,No,1378,Yes,No,Cellular,18,Jul,91,2,-1,0,Unknown,No,2023-07-18
36,Blue-Collar,Married,Secondary,No,-73,Yes,Yes,Cellular,18,May,15,8,-1,0,Unknown,No,2023-05-18
28,Blue-Collar,Married,Primary,No,60,Yes,No,Cellular,6,May,161,1,337,1,Failure,No,2023-05-06
45,Blue-Collar,Married,Primary,No,137,Yes,Yes,Unknown,16,May,187,19,-1,0,Unknown,No,2023-05-16
32,Admin.,Single,Tertiary,No,1583,Yes,No,Cellular,19,Nov,100,1,182,1,Failure,No,2023-11-19
46,Admin.,Married,Secondary,No,-121,Yes,Yes,Cellular,8,Jul,214,4,-1,0,Unknown,No,2023-07-08
28,Blue-Collar,Single,Secondary,No,1065,Yes,Yes,Cellular,17,Apr,406,1,317,1,Failure,No,2023-04-17
51,Unemployed,Married,Secondary,No,-13,Yes,No,Cellular,13,May,361,1,364,1,Failure,No,2023-05-13
51,Blue-Collar,Married,Primary,No,1869,No,No,Unknown,17,Jun,30,3,-1,0,Unknown,No,2023-06-17
30,Technician,Single,Secondary,No,4787,Yes,No,Unknown,4,Jun,99,2,-1,0,Unknown,No,2023-06-04
39,Technician,Married,Secondary,Yes,-183,Yes,No,Unknown,14,May,202,2,-1,0,Unknown,No,2023-05-14
28,Blue-Collar,Married,Primary,No,702,Yes,No,Unknown,26,Jun,318,2,-1,0,Unknown,No,2023-06-26
31,Management,Single,Tertiary,No,1494,No,No,Cellular,13,Aug,275,12,-1,0,Unknown,No,2023-08-13
31,Blue-Collar,Married,Primary,No,0,Yes,Yes,Unknown,12,May,59,4,-1,0,Unknown,No,2023-05-12
38,Management,Married,Tertiary,No,46,No,No,Cellular,29,Aug,70,4,-1,0,Unknown,No,2023-08-29
31,Blue-Collar,Single,Secondary,No,609,Yes,No,Cellular,14,Apr,1126,1,335,1,Failure,No,2023-04-14
74,Retired,Divorced,Secondary,No,4079,No,No,Cellular,19,Oct,343,3,-1,0,Unknown,Yes,2023-10-19
40,Management,Single,Tertiary,No,0,Yes,No,Cellular,23,Feb,228,2,182,6,Failure,Yes,2023-02-23
43,Technician,Married,Secondary,No,7876,Yes,No,Cellular,11,Aug,209,2,-1,0,Unknown,No,2023-08-11
34,Technician,Single,Tertiary,No,925,Yes,No,Cellular,13,Apr,709,1,-1,0,Unknown,Yes,2023-04-13
54,Management,Divorced,Tertiary,No,7010,No,No,Cellular,11,Mar,275,2,-1,0,Unknown,No,2023-03-11
51,Blue-Collar,Married,Primary,No,42,Yes,No,Cellular,12,May,51,2,342,3,Failure,No,2023-05-12
33,Blue-Collar,Married,Secondary,No,285,No,Yes,Unknown,3,Jul,267,1,-1,0,Unknown,No,2023-07-03
41,Technician,Married,Tertiary,No,0,No,No,Unknown,20,Jun,95,1,-1,0,Unknown,No,2023-06-20
33,Management,Single,Tertiary,No,3170,No,No,Cellular,28,Oct,246,2,-1,0,Unknown,No,2023-10-28
48,Admin.,Married,Secondary,No,8,No,Yes,Cellular,7,Jul,46,1,-1,0,Unknown,No,2023-07-07
42,Self-Employed,Divorced,Tertiary,No,216,Yes,No,Cellular,8,May,144,3,-1,0,Unknown,No,2023-05-08
35,Management,Single,Tertiary,No,2975,No,No,Cellular,8,Aug,249,2,-1,0,Unknown,No,2023-08-08
25,Admin.,Married,Secondary,No,894,Yes,No,Unknown,28,May,328,1,-1,0,Unknown,No,2023-05-28
38,Blue-Collar,Single,Primary,No,490,Yes,Yes,Unknown,25,Aug,17,1,-1,0,Unknown,No,2023-08-25
45,Entrepreneur,Married,Secondary,No,245,Yes,No,Unknown,14,May,126,3,-1,0,Unknown,No,2023-05-14
59,Management,Divorced,Tertiary,No,0,Yes,No,Cellular,31,Jul,52,8,-1,0,Unknown,No,2023-07-31
47,Management,Married,Unknown,No,150,No,No,Unknown,9,Jun,52,1,-1,0,Unknown,No,2023-06-09
33,Management,Married,Tertiary,No,4,Yes,No,Cellular,16,Jul,285,5,-1,0,Unknown,No,2023-07-16
59,Management,Married,Primary,No,1727,No,No,Telephone,25,May,500,4,358,2,Failure,Yes,2023-05-25
41,Blue-Collar,Divorced,Primary,No,664,No,Yes,Cellular,15,Jul,955,5,-1,0,Unknown,Yes,2023-07-15
42,Technician,Married,Secondary,No,473,Yes,No,Cellular,7,Jul,216,5,-1,0,Unknown,No,2023-07-07
51,Technician,Divorced,Tertiary,No,0,No,No,Cellular,28,Aug,84,7,-1,0,Unknown,No,2023-08-28
45,Management,Married,Tertiary,No,-192,Yes,No,Cellular,6,May,138,3,-1,0,Unknown,No,2023-05-06
30,Management,Married,Tertiary,No,1942,Yes,Yes,Cellular,21,Nov,436,2,178,3,Other,Yes,2023-11-21
33,Blue-Collar,Single,Secondary,No,5137,Yes,No,Cellular,6,May,123,1,-1,0,Unknown,No,2023-05-06
43,Management,Married,Tertiary,No,13044,No,No,Cellular,18,Aug,36,4,-1,0,Unknown,No,2023-08-18
37,Blue-Collar,Married,Secondary,No,1053,No,No,Unknown,16,Jun,405,3,-1,0,Unknown,No,2023-06-16
73,Retired,Married,Primary,No,154,No,No,Cellular,15,Oct,103,1,-1,0,Unknown,No,2023-10-15
43,Blue-Collar,Married,Secondary,No,625,Yes,No,Unknown,30,Sep,175,1,-1,0,Unknown,No,2023-09-30
52,Unemployed,Married,Primary,No,255,No,Yes,Cellular,10,Jul,374,3,-1,0,Unknown,No,2023-07-10
44,Management,Married,Tertiary,No,529,Yes,No,Unknown,4,Jun,129,4,-1,0,Unknown,No,2023-06-04
56,Management,Married,Tertiary,No,318,No,Yes,Telephone,9,Jul,246,3,-1,0,Unknown,No,2023-07-09
21,Services,Single,Secondary,No,1903,Yes,No,Unknown,29,May,107,2,-1,0,Unknown,No,2023-05-29
43,Unknown,Married,Tertiary,No,1937,No,No,Unknown,19,Jun,385,1,-1,0,Unknown,No,2023-06-19
54,Management,Married,Primary,No,3859,No,Yes,Cellular,20,Nov,104,3,-1,0,Unknown,No,2023-11-20
59,Technician,Married,Primary,No,4198,No,No,Cellular,14,Jan,309,1,91,10,Success,Yes,2023-01-14
52,Blue-Collar,Married,Primary,No,230,Yes,No,Cellular,6,May,198,2,170,2,Failure,No,2023-05-06
31,Admin.,Single,Secondary,No,747,Yes,No,Unknown,26,May,543,2,-1,0,Unknown,Yes,2023-05-26
53,Admin.,Married,Secondary,No,263,No,Yes,Cellular,18,Jul,143,7,-1,0,Unknown,No,2023-07-18
24,Technician,Single,Secondary,No,-46,Yes,No,Unknown,19,May,23,1,-1,0,Unknown,No,2023-05-19
57,Retired,Married,Secondary,No,0,No,Yes,Unknown,30,Jun,104,2,-1,0,Unknown,No,2023-06-30
48,Technician,Married,Secondary,No,568,Yes,No,Cellular,2,Sep,378,2,386,1,Success,Yes,2023-09-02
57,Technician,Married,Secondary,No,1469,Yes,No,Cellular,17,Nov,364,1,-1,0,Unknown,No,2023-11-17
51,Technician,Married,Secondary,No,18,No,Yes,Cellular,25,Jul,363,6,-1,0,Unknown,No,2023-07-25
50,Management,Divorced,Tertiary,No,201,Yes,No,Cellular,24,Jul,248,1,-1,0,Unknown,No,2023-07-24
34,Blue-Collar,Married,Secondary,No,1412,Yes,Yes,Unknown,27,May,157,2,-1,0,Unknown,No,2023-05-27
43,Blue-Collar,Married,Primary,No,-93,Yes,No,Unknown,26,May,402,2,-1,0,Unknown,No,2023-05-26
31,Services,Married,Secondary,No,-331,Yes,No,Unknown,23,May,203,5,-1,0,Unknown,No,2023-05-23
29,Blue-Collar,Married,Unknown,No,486,Yes,No,Cellular,6,May,422,1,363,1,Failure,No,2023-05-06
39,Blue-Collar,Married,Primary,No,694,Yes,No,Cellular,21,Nov,44,1,-1,0,Unknown,No,2023-11-21
36,Management,Single,Tertiary,No,2806,Yes,No,Unknown,30,May,358,4,-1,0,Unknown,No,2023-05-30
38,Unemployed,Single,Tertiary,No,0,No,No,Cellular,6,Feb,39,2,-1,0,Unknown,No,2023-02-06
56,Management,Divorced,Tertiary,No,2959,Yes,No,Telephone,18,May,325,1,-1,0,Unknown,No,2023-05-18
41,Housemaid,Divorced,Primary,No,22,Yes,No,Cellular,18,Nov,238,3,126,4,Other,No,2023-11-18
47,Technician,Married,Secondary,No,1167,Yes,No,Cellular,30,Apr,968,1,87,5,Failure,Yes,2023-04-30
38,Management,Single,Tertiary,No,35,Yes,No,Cellular,17,Apr,156,1,273,3,Failure,No,2023-04-17
80,Retired,Married,Secondary,No,8304,No,No,Telephone,6,Apr,681,1,118,11,Success,No,2023-04-06
37,Services,Married,Secondary,No,4760,Yes,No,Cellular,20,Nov,187,2,-1,0,Unknown,No,2023-11-20
44,Management,Single,Tertiary,No,-1313,Yes,Yes,Cellular,15,May,104,10,-1,0,Unknown,No,2023-05-15
33,Blue-Collar,Single,Secondary,No,697,No,No,Cellular,6,Feb,860,2,-1,0,Unknown,Yes,2023-02-06
53,Technician,Married,Secondary,No,230,No,Yes,Cellular,13,Aug,112,2,-1,0,Unknown,No,2023-08-13
69,Retired,Married,Tertiary,No,473,No,No,Cellular,7,Jul,112,1,78,1,Failure,No,2023-07-07
46,Technician,Married,Secondary,No,1427,Yes,No,Unknown,14,May,32,3,-1,0,Unknown,No,2023-05-14
30,Management,Single,Tertiary,No,201,Yes,No,Cellular,17,Mar,325,2,-1,0,Unknown,Yes,2023-03-17
31,Self-Employed,Single,Secondary,No,1086,No,No,Cellular,20,Nov,410,1,-1,0,Unknown,No,2023-11-20
38,Management,Divorced,Tertiary,No,4335,Yes,No,Cellular,20,Nov,640,1,-1,0,Unknown,No,2023-11-20
34,Services,Divorced,Secondary,No,44,No,No,Unknown,9,Jun,118,1,-1,0,Unknown,No,2023-06-09
48,Unknown,Married,Unknown,No,286,No,No,Cellular,30,Jul,166,2,-1,0,Unknown,No,2023-07-30
46,Blue-Collar,Divorced,Primary,No,216,No,No,Cellular,2,Feb,173,1,-1,0,Unknown,No,2023-02-02
42,Admin.,Married,Secondary,No,214,Yes,No,Unknown,28,May,21,24,-1,0,Unknown,No,2023-05-28
41,Blue-Collar,Married,Secondary,No,343,Yes,No,Unknown,14,May,89,7,-1,0,Unknown,No,2023-05-14
33,Blue-Collar,Married,Secondary,No,-77,Yes,No,Cellular,28,Jul,151,3,-1,0,Unknown,No,2023-07-28
39,Blue-Collar,Married,Primary,No,1046,No,No,Unknown,19,Jun,112,4,-1,0,Unknown,No,2023-06-19
27,Student,Single,Secondary,No,1566,No,No,Cellular,30,Jan,164,5,-1,0,Unknown,No,2023-01-30
26,Management,Single,Tertiary,No,592,No,No,Telephone,29,Jan,145,2,164,1,Other,No,2023-01-29
38,Management,Single,Tertiary,No,104,Yes,No,Cellular,6,May,606,3,-1,0,Unknown,Yes,2023-05-06
48,Blue-Collar,Married,Secondary,No,0,Yes,No,Unknown,26,May,105,1,-1,0,Unknown,No,2023-05-26
54,Services,Married,Secondary,No,-22,No,Yes,Cellular,9,Jul,85,1,-1,0,Unknown,No,2023-07-09
51,Services,Married,Secondary,No,0,No,No,Cellular,18,Jul,439,3,-1,0,Unknown,No,2023-07-18
47,Technician,Married,Secondary,No,72,No,No,Unknown,29,May,278,1,-1,0,Unknown,No,2023-05-29
53,Technician,Married,Secondary,No,100,No,No,Cellular,13,Aug,205,4,-1,0,Unknown,No,2023-08-13
35,Blue-Collar,Married,Primary,No,319,Yes,No,Cellular,16,Jul,221,1,-1,0,Unknown,No,2023-07-16
58,Management,Married,Tertiary,No,9339,Yes,No,Telephone,18,Nov,52,3,172,3,Other,No,2023-11-18
52,Management,Divorced,Tertiary,No,50,Yes,No,Unknown,12,Jun,84,3,-1,0,Unknown,No,2023-06-12
57,Retired,Married,Secondary,Yes,32,Yes,No,Cellular,15,May,476,3,-1,0,Unknown,No,2023-05-15
52,Management,Married,Tertiary,No,6922,No,No,Cellular,20,Nov,371,1,-1,0,Unknown,No,2023-11-20
35,Management,Single,Tertiary,No,633,Yes,No,Cellular,17,Apr,128,3,-1,0,Unknown,No,2023-04-17
48,Technician,Married,Secondary,No,4265,Yes,No,Unknown,13,May,220,2,-1,0,Unknown,No,2023-05-13
46,Entrepreneur,Married,Tertiary,No,2262,No,No,Telephone,14,Jul,44,14,-1,0,Unknown,No,2023-07-14
39,Services,Married,Secondary,No,1970,Yes,No,Unknown,8,Jun,30,1,404,2,Success,No,2023-06-08
38,Self-Employed,Divorced,Tertiary,No,1513,No,No,Cellular,7,May,330,1,342,1,Failure,No,2023-05-07
34,Entrepreneur,Married,Secondary,No,4659,Yes,No,Unknown,30,Aug,28,1,-1,0,Unknown,No,2023-08-30
47,Entrepreneur,Married,Primary,No,668,No,No,Cellular,12,May,908,1,-1,0,Unknown,No,2023-05-12
35,Management,Divorced,Tertiary,No,649,No,No,Cellular,16,Apr,177,1,-1,0,Unknown,No,2023-04-16
46,Blue-Collar,Divorced,Primary,No,452,Yes,No,Unknown,9,May,113,4,-1,0,Unknown,No,2023-05-09
27,Admin.,Single,Secondary,No,-145,Yes,No,Telephone,15,May,289,8,-1,0,Unknown,No,2023-05-15
31,Blue-Collar,Married,Secondary,No,-498,Yes,No,Cellular,21,Jul,357,1,-1,0,Unknown,No,2023-07-21
31,Management,Single,Tertiary,No,0,No,No,Cellular,28,Aug,38,16,-1,0,Unknown,No,2023-08-28
46,Admin.,Married,Secondary,No,22,Yes,No,Cellular,7,Aug,414,4,-1,0,Unknown,No,2023-08-07
31,Admin.,Married,Secondary,No,2304,Yes,No,Cellular,20,Nov,257,2,-1,0,Unknown,No,2023-11-20
33,Management,Married,Tertiary,No,1412,Yes,No,Unknown,19,Aug,480,1,-1,0,Unknown,Yes,2023-08-19
42,Housemaid,Married,Primary,No,145,No,No,Cellular,20,Aug,252,2,-1,0,Unknown,No,2023-08-20
33,Management,Single,Primary,No,4897,Yes,No,Unknown,20,May,151,1,-1,0,Unknown,No,2023-05-20
40,Housemaid,Married,Primary,No,1832,No,No,Cellular,6,Feb,213,4,-1,0,Unknown,No,2023-02-06
51,Blue-Collar,Married,Primary,No,3726,No,Yes,Cellular,27,Aug,119,12,-1,0,Unknown,No,2023-08-27
31,Unemployed,Married,Tertiary,No,591,No,No,Cellular,21,Nov,161,2,-1,0,Unknown,No,2023-11-21
62,Retired,Divorced,Tertiary,No,0,No,No,Cellular,13,Nov,227,2,-1,0,Unknown,Yes,2023-11-13
24,Student,Single,Secondary,No,508,Yes,No,Telephone,18,May,12,3,374,1,Other,No,2023-05-18
48,Unemployed,Married,Secondary,No,817,No,No,Cellular,14,Jan,517,1,282,4,Success,Yes,2023-01-14
41,Technician,Divorced,Secondary,No,348,Yes,No,Cellular,7,May,225,2,275,2,Failure,No,2023-05-07
43,Management,Married,Tertiary,No,291,Yes,No,Unknown,9,May,150,2,-1,0,Unknown,No,2023-05-09
52,Technician,Married,Secondary,No,3554,No,Yes,Cellular,8,Jul,89,1,-1,0,Unknown,No,2023-07-08
54,Blue-Collar,Married,Primary,No,781,Yes,No,Unknown,9,May,103,2,-1,0,Unknown,No,2023-05-09
32,Technician,Divorced,Tertiary,No,267,No,No,Cellular,26,May,128,1,-1,0,Unknown,No,2023-05-26
38,Blue-Collar,Married,Primary,No,1327,Yes,No,Cellular,20,Nov,277,1,-1,0,Unknown,No,2023-11-20
41,Admin.,Married,Primary,No,-306,Yes,No,Unknown,15,May,500,1,-1,0,Unknown,Yes,2023-05-15
31,Blue-Collar,Single,Primary,No,864,Yes,No,Telephone,14,May,113,2,-1,0,Unknown,No,2023-05-14
35,Housemaid,Married,Tertiary,No,1265,Yes,No,Cellular,15,May,326,5,179,4,Failure,Yes,2023-05-15
26,Admin.,Married,Secondary,No,0,No,No,Unknown,27,May,755,1,-1,0,Unknown,No,2023-05-27
52,Technician,Married,Tertiary,No,214,No,No,Cellular,29,Aug,161,3,-1,0,Unknown,No,2023-08-29
58,Retired,Married,Secondary,No,425,Yes,Yes,Cellular,17,Nov,100,1,-1,0,Unknown,No,2023-11-17
57,Housemaid,Married,Tertiary,No,3,No,No,Cellular,4,Aug,142,2,-1,0,Unknown,No,2023-08-04
34,Management,Married,Tertiary,No,0,Yes,No,Unknown,8,May,214,2,-1,0,Unknown,No,2023-05-08
59,Blue-Collar,Married,Primary,No,0,No,No,Cellular,18,Nov,167,2,-1,0,Unknown,No,2023-11-18
27,Technician,Single,Secondary,No,282,No,Yes,Cellular,9,Jul,676,5,-1,0,Unknown,No,2023-07-09
42,Entrepreneur,Married,Tertiary,No,0,No,No,Cellular,9,Jul,236,1,-1,0,Unknown,No,2023-07-09
47,Housemaid,Single,Tertiary,No,3727,No,No,Unknown,12,Jun,993,6,-1,0,Unknown,Yes,2023-06-12
33,Blue-Collar,Married,Secondary,No,0,Yes,Yes,Cellular,28,Jul,83,12,-1,0,Unknown,No,2023-07-28
31,Services,Single,Secondary,No,864,Yes,No,Cellular,6,May,100,1,-1,0,Unknown,No,2023-05-06
37,Management,Married,Tertiary,No,4089,Yes,No,Cellular,2,Feb,289,2,174,4,Other,Yes,2023-02-02
29,Blue-Collar,Married,Secondary,No,-478,No,Yes,Cellular,8,Jul,528,2,-1,0,Unknown,No,2023-07-08
38,Unemployed,Married,Primary,No,-363,No,No,Unknown,12,Jun,340,2,-1,0,Unknown,No,2023-06-12
35,Self-Employed,Married,Secondary,No,8883,No,No,Cellular,21,Nov,33,3,-1,0,Unknown,No,2023-11-21
31,Technician,Single,Secondary,No,1970,No,No,Telephone,17,Apr,284,3,-1,0,Unknown,No,2023-04-17
62,Management,Married,Tertiary,No,1859,No,No,Telephone,6,Aug,245,3,-1,0,Unknown,Yes,2023-08-06
32,Technician,Single,Tertiary,No,1059,Yes,No,Cellular,17,Apr,115,1,-1,0,Unknown,No,2023-04-17
31,Services,Married,Secondary,No,388,Yes,No,Unknown,5,May,730,2,-1,0,Unknown,No,2023-05-05
51,Blue-Collar,Divorced,Primary,No,602,Yes,No,Cellular,11,May,347,1,284,2,Failure,No,2023-05-11
29,Services,Single,Secondary,No,0,No,No,Cellular,17,Jul,58,1,-1,0,Unknown,No,2023-07-17
43,Blue-Collar,Married,Primary,No,255,Yes,No,Cellular,17,Jul,180,1,-1,0,Unknown,No,2023-07-17
36,Blue-Collar,Married,Secondary,No,63,Yes,No,Unknown,2,Jun,56,8,-1,0,Unknown,No,2023-06-02
34,Self-Employed,Married,Primary,No,712,Yes,No,Unknown,2,Jun,326,3,-1,0,Unknown,No,2023-06-02
29,Services,Married,Secondary,No,57,Yes,No,Telephone,21,Jul,342,9,-1,0,Unknown,No,2023-07-21
57,Retired,Married,Secondary,No,523,No,Yes,Cellular,2,Feb,49,6,-1,0,Unknown,No,2023-02-02
43,Management,Married,Tertiary,No,422,No,No,Cellular,12,Aug,110,1,-1,0,Unknown,No,2023-08-12
33,Services,Married,Secondary,No,386,No,No,Cellular,12,Nov,253,1,92,4,Failure,Yes,2023-11-12
60,Management,Married,Tertiary,No,3387,No,No,Cellular,14,Aug,636,2,-1,0,Unknown,No,2023-08-14
51,Technician,Married,Primary,No,260,No,No,Cellular,19,Aug,137,2,-1,0,Unknown,No,2023-08-19
40,Admin.,Single,Secondary,No,-1,No,No,Cellular,7,Jul,173,1,-1,0,Unknown,No,2023-07-07
51,Technician,Married,Secondary,No,1490,Yes,No,Cellular,18,Jul,227,2,-1,0,Unknown,No,2023-07-18
38,Services,Married,Secondary,No,497,Yes,Yes,Unknown,19,May,88,5,-1,0,Unknown,No,2023-05-19
35,Technician,Married,Secondary,No,1707,Yes,No,Unknown,2,Jun,426,3,-1,0,Unknown,No,2023-06-02
47,Technician,Married,Secondary,No,826,Yes,No,Telephone,18,Nov,195,3,112,8,Other,No,2023-11-18
45,Blue-Collar,Married,Primary,No,907,No,No,Cellular,18,Aug,230,8,-1,0,Unknown,No,2023-08-18
40,Services,Married,Secondary,No,1836,Yes,No,Cellular,12,May,750,2,-1,0,Unknown,Yes,2023-05-12
29,Entrepreneur,Single,Secondary,No,404,No,No,Cellular,30,Jan,413,3,-1,0,Unknown,No,2023-01-30
52,Management,Divorced,Tertiary,No,907,Yes,No,Unknown,4,Jun,104,2,-1,0,Unknown,No,2023-06-04
26,Technician,Married,Secondary,No,18,Yes,Yes,Cellular,5,May,138,1,-1,0,Unknown,No,2023-05-05
31,Blue-Collar,Single,Primary,No,-495,Yes,No,Unknown,29,May,334,2,-1,0,Unknown,No,2023-05-29
55,Services,Married,Unknown,No,1210,Yes,No,Unknown,30,May,868,1,-1,0,Unknown,No,2023-05-30
35,Services,Married,Secondary,No,819,Yes,No,Telephone,14,Jul,102,14,-1,0,Unknown,No,2023-07-14
56,Management,Divorced,Tertiary,No,442,No,No,Unknown,28,May,77,3,-1,0,Unknown,No,2023-05-28
28,Blue-Collar,Single,Secondary,No,-46,Yes,No,Cellular,1,Sep,199,1,92,14,Success,Yes,2023-09-01
27,Student,Single,Secondary,No,671,Yes,No,Unknown,7,May,332,2,-1,0,Unknown,No,2023-05-07
30,Technician,Married,Secondary,No,371,No,No,Cellular,7,Aug,124,2,-1,0,Unknown,No,2023-08-07
51,Technician,Married,Tertiary,No,-3,No,No,Cellular,25,Aug,91,9,-1,0,Unknown,No,2023-08-25
33,Management,Married,Secondary,No,11,Yes,No,Cellular,4,May,104,3,-1,0,Unknown,No,2023-05-04
32,Blue-Collar,Single,Secondary,No,33,Yes,No,Cellular,18,May,125,1,368,4,Failure,No,2023-05-18
43,Entrepreneur,Married,Secondary,No,104,Yes,No,Cellular,18,Jul,635,3,-1,0,Unknown,Yes,2023-07-18
46,Blue-Collar,Married,Primary,No,174,No,Yes,Cellular,15,Jul,90,1,-1,0,Unknown,No,2023-07-15
32,Management,Married,Tertiary,No,3107,Yes,Yes,Cellular,25,Jul,310,1,-1,0,Unknown,No,2023-07-25
40,Services,Married,Secondary,No,1438,Yes,No,Cellular,6,May,207,1,351,2,Failure,No,2023-05-06
39,Blue-Collar,Married,Secondary,No,1367,No,No,Unknown,12,Jun,43,1,-1,0,Unknown,No,2023-06-12
51,Blue-Collar,Married,Primary,No,-11,No,No,Telephone,16,Jul,126,4,-1,0,Unknown,No,2023-07-16
46,Admin.,Single,Secondary,No,1693,Yes,No,Cellular,25,Jan,137,1,97,1,Success,No,2023-01-25
43,Blue-Collar,Married,Primary,No,778,Yes,Yes,Unknown,15,May,284,5,-1,0,Unknown,No,2023-05-15
36,Technician,Married,Tertiary,No,837,No,No,Cellular,28,Aug,68,6,-1,0,Unknown,No,2023-08-28
48,Management,Married,Tertiary,No,363,No,No,Cellular,18,Nov,67,1,-1,0,Unknown,No,2023-11-18
26,Admin.,Single,Secondary,No,236,Yes,Yes,Cellular,18,May,8,2,-1,0,Unknown,No,2023-05-18
39,Admin.,Single,Unknown,No,0,Yes,No,Cellular,11,May,62,1,-1,0,Unknown,No,2023-05-11
47,Management,Married,Tertiary,No,-50,No,Yes,Cellular,7,Jul,175,1,-1,0,Unknown,No,2023-07-07
23,Entrepreneur,Single,Primary,No,4,Yes,No,Unknown,13,May,395,2,-1,0,Unknown,Yes,2023-05-13
54,Management,Divorced,Tertiary,No,26306,Yes,No,Cellular,11,Feb,27,1,84,3,Failure,No,2023-02-11
38,Admin.,Married,Secondary,No,46,Yes,Yes,Unknown,6,May,195,1,-1,0,Unknown,No,2023-05-06
33,Technician,Married,Secondary,No,575,No,Yes,Cellular,4,Feb,254,2,-1,0,Unknown,No,2023-02-04
35,Admin.,Divorced,Secondary,No,148,No,Yes,Cellular,8,Jul,199,1,-1,0,Unknown,No,2023-07-08
52,Services,Married,Secondary,No,431,No,No,Cellular,26,Aug,73,17,-1,0,Unknown,No,2023-08-26
25,Technician,Single,Tertiary,No,777,Yes,No,Unknown,14,May,351,1,-1,0,Unknown,No,2023-05-14
29,Management,Married,Tertiary,No,199,Yes,Yes,Unknown,7,May,1689,4,-1,0,Unknown,Yes,2023-05-07
35,Technician,Single,Tertiary,No,3552,No,No,Cellular,21,Nov,267,1,-1,0,Unknown,No,2023-11-21
49,Services,Married,Secondary,No,47,No,No,Unknown,5,May,234,2,-1,0,Unknown,No,2023-05-05
41,Admin.,Divorced,Secondary,No,3823,No,No,Cellular,26,Apr,234,10,-1,0,Unknown,No,2023-04-26
32,Management,Married,Tertiary,No,138,No,No,Cellular,20,Aug,94,4,-1,0,Unknown,No,2023-08-20
29,Admin.,Single,Secondary,No,1117,Yes,No,Unknown,8,May,77,2,-1,0,Unknown,No,2023-05-08
28,Blue-Collar,Married,Secondary,No,1325,Yes,No,Cellular,15,May,242,1,-1,0,Unknown,No,2023-05-15
59,Retired,Married,Secondary,No,0,No,No,Cellular,18,Jul,247,4,-1,0,Unknown,No,2023-07-18
34,Entrepreneur,Married,Tertiary,No,4343,No,No,Unknown,9,Jun,85,4,-1,0,Unknown,No,2023-06-09
55,Management,Divorced,Tertiary,No,1598,No,No,Cellular,22,Aug,607,4,-1,0,Unknown,No,2023-08-22
34,Management,Married,Tertiary,No,3301,Yes,No,Cellular,17,Jun,485,2,227,4,Failure,Yes,2023-06-17
24,Student,Single,Secondary,No,822,No,No,Cellular,27,Oct,184,1,91,2,Failure,Yes,2023-10-27
42,Technician,Divorced,Secondary,No,-280,Yes,No,Unknown,26,May,258,1,-1,0,Unknown,No,2023-05-26
34,Management,Single,Unknown,No,1534,Yes,No,Cellular,16,Apr,156,1,147,7,Other,No,2023-04-16
34,Admin.,Married,Secondary,No,1671,No,No,Unknown,21,May,160,1,-1,0,Unknown,No,2023-05-21
51,Self-Employed,Married,Tertiary,No,2007,No,No,Unknown,16,Jun,1021,1,-1,0,Unknown,No,2023-06-16
58,Blue-Collar,Married,Primary,No,0,Yes,No,Cellular,31,Jul,5,25,-1,0,Unknown,No,2023-07-31
44,Technician,Married,Secondary,No,2776,Yes,No,Cellular,27,Jan,701,1,-1,0,Unknown,Yes,2023-01-27
33,Blue-Collar,Married,Secondary,No,139,Yes,Yes,Cellular,18,May,732,2,291,5,Failure,Yes,2023-05-18
34,Management,Married,Tertiary,No,573,No,No,Cellular,10,Aug,122,1,-1,0,Unknown,No,2023-08-10
34,Admin.,Married,Secondary,No,475,Yes,No,Unknown,7,May,559,1,-1,0,Unknown,No,2023-05-07
42,Blue-Collar,Divorced,Secondary,No,47,Yes,Yes,Unknown,8,May,141,1,-1,0,Unknown,No,2023-05-08
46,Management,Single,Tertiary,No,2154,Yes,No,Cellular,21,Jul,87,4,-1,0,Unknown,No,2023-07-21
31,Self-Employed,Single,Tertiary,No,96,No,No,Cellular,5,Feb,577,1,-1,0,Unknown,No,2023-02-05
39,Entrepreneur,Married,Tertiary,No,83,Yes,No,Cellular,11,Jul,193,2,-1,0,Unknown,No,2023-07-11
34,Management,Single,Tertiary,No,6766,No,No,Cellular,28,Aug,210,5,-1,0,Unknown,No,2023-08-28
47,Technician,Married,Secondary,No,3973,No,No,Cellular,6,Aug,732,2,-1,0,Unknown,No,2023-08-06
42,Services,Divorced,Secondary,No,372,Yes,Yes,Unknown,6,May,121,2,-1,0,Unknown,No,2023-05-06
48,Blue-Collar,Single,Secondary,No,-552,No,Yes,Cellular,21,Nov,150,2,-1,0,Unknown,No,2023-11-21
30,Self-Employed,Single,Tertiary,No,48,No,No,Cellular,21,Nov,140,1,-1,0,Unknown,No,2023-11-21
38,Technician,Married,Secondary,No,7696,Yes,No,Cellular,20,Nov,386,2,-1,0,Unknown,No,2023-11-20
24,Services,Married,Secondary,No,4500,Yes,No,Cellular,11,May,733,2,-1,0,Unknown,Yes,2023-05-11
34,Technician,Married,Secondary,No,1,Yes,No,Cellular,19,Nov,108,1,-1,0,Unknown,No,2023-11-19
46,Management,Single,Tertiary,No,46,No,Yes,Cellular,17,Nov,80,1,152,1,Failure,No,2023-11-17
32,Admin.,Divorced,Secondary,Yes,-18,Yes,No,Unknown,12,May,155,3,-1,0,Unknown,No,2023-05-12
46,Services,Married,Secondary,No,451,Yes,Yes,Cellular,13,May,389,4,-1,0,Unknown,No,2023-05-13
26,Self-Employed,Married,Tertiary,No,479,Yes,No,Cellular,9,Feb,133,3,-1,0,Unknown,No,2023-02-09
42,Blue-Collar,Married,Secondary,No,0,Yes,No,Cellular,21,Nov,328,6,-1,0,Unknown,No,2023-11-21
50,Technician,Married,Secondary,No,1130,Yes,No,Cellular,23,Jul,119,2,-1,0,Unknown,No,2023-07-23
41,Blue-Collar,Married,Primary,No,389,Yes,No,Unknown,16,Jun,87,6,-1,0,Unknown,No,2023-06-16
34,Admin.,Single,Secondary,No,10,No,Yes,Cellular,18,Nov,162,1,173,3,Failure,No,2023-11-18
32,Services,Married,Secondary,No,401,Yes,No,Unknown,15,May,294,2,-1,0,Unknown,No,2023-05-15
58,Housemaid,Single,Tertiary,No,145,Yes,Yes,Cellular,16,Jul,128,2,-1,0,Unknown,No,2023-07-16
45,Technician,Married,Secondary,No,115,Yes,No,Cellular,6,May,108,1,-1,0,Unknown,No,2023-05-06
28,Admin.,Single,Secondary,No,89,Yes,Yes,Cellular,6,Feb,172,2,-1,0,Unknown,No,2023-02-06
35,Technician,Married,Secondary,No,94,Yes,Yes,Unknown,14,May,208,5,-1,0,Unknown,No,2023-05-14
39,Services,Married,Secondary,No,1438,Yes,No,Unknown,20,May,212,2,-1,0,Unknown,No,2023-05-20
49,Unemployed,Divorced,Tertiary,No,780,No,No,Cellular,8,Nov,148,1,871,2,Failure,No,2023-11-08
50,Management,Married,Tertiary,No,207,Yes,No,Cellular,4,Feb,99,1,-1,0,Unknown,No,2023-02-04
37,Management,Married,Tertiary,No,238,No,No,Cellular,3,Feb,185,1,92,1,Success,Yes,2023-02-03
45,Blue-Collar,Married,Primary,No,2433,No,No,Cellular,6,Aug,133,2,-1,0,Unknown,No,2023-08-06
30,Housemaid,Single,Secondary,No,1924,No,No,Cellular,6,Feb,170,1,-1,0,Unknown,No,2023-02-06
48,Unemployed,Married,Tertiary,No,-471,Yes,No,Unknown,19,May,668,7,-1,0,Unknown,No,2023-05-19
36,Management,Single,Tertiary,No,1531,Yes,No,Cellular,8,May,81,3,170,1,Failure,No,2023-05-08
41,Management,Single,Secondary,No,764,No,No,Cellular,12,Jun,230,2,-1,0,Unknown,No,2023-06-12
55,Blue-Collar,Married,Secondary,No,383,No,No,Unknown,5,May,287,1,-1,0,Unknown,No,2023-05-05
70,Retired,Married,Primary,No,3782,No,No,Cellular,16,Mar,618,1,-1,0,Unknown,No,2023-03-16
41,Management,Married,Tertiary,No,326,Yes,No,Cellular,5,May,788,1,-1,0,Unknown,Yes,2023-05-05
47,Services,Divorced,Secondary,No,691,No,No,Cellular,6,Feb,285,6,-1,0,Unknown,No,2023-02-06
34,Technician,Single,Secondary,No,0,No,No,Cellular,21,Aug,163,2,-1,0,Unknown,No,2023-08-21
33,Management,Single,Tertiary,No,99,No,No,Cellular,8,Jul,159,1,-1,0,Unknown,No,2023-07-08
58,Retired,Married,Secondary,No,502,Yes,No,Cellular,12,May,197,2,370,3,Failure,No,2023-05-12
51,Management,Married,Tertiary,No,-15,No,No,Cellular,25,Jul,212,2,-1,0,Unknown,No,2023-07-25
45,Management,Married,Tertiary,No,1929,Yes,No,Unknown,29,May,44,15,-1,0,Unknown,No,2023-05-29
55,Admin.,Married,Secondary,No,0,No,No,Cellular,23,Sep,180,2,238,3,Success,No,2023-09-23
30,Blue-Collar,Single,Primary,No,185,No,No,Unknown,26,Jun,11,1,-1,0,Unknown,No,2023-06-26
33,Management,Single,Secondary,No,-424,Yes,No,Unknown,26,May,863,1,-1,0,Unknown,No,2023-05-26
27,Services,Single,Secondary,No,0,Yes,No,Unknown,7,May,388,7,-1,0,Unknown,No,2023-05-07
59,Retired,Married,Secondary,No,319,Yes,No,Unknown,5,May,143,3,-1,0,Unknown,No,2023-05-05
34,Management,Single,Tertiary,No,171,Yes,No,Cellular,7,May,191,1,294,1,Failure,No,2023-05-07
47,Technician,Divorced,Tertiary,No,-1148,Yes,Yes,Unknown,27,May,62,2,-1,0,Unknown,No,2023-05-27
44,Blue-Collar,Married,Primary,No,-11,Yes,No,Unknown,9,May,13,1,-1,0,Unknown,No,2023-05-09
35,Admin.,Single,Secondary,No,0,Yes,No,Cellular,13,May,1073,1,-1,0,Unknown,Yes,2023-05-13
45,Management,Married,Tertiary,No,-206,Yes,No,Cellular,6,May,337,2,-1,0,Unknown,No,2023-05-06
42,Blue-Collar,Married,Primary,No,704,Yes,Yes,Telephone,31,Jul,88,10,-1,0,Unknown,No,2023-07-31
38,Technician,Married,Secondary,No,1931,No,No,Cellular,2,Jun,167,1,298,10,Other,No,2023-06-02
34,Technician,Single,Secondary,No,943,No,No,Cellular,29,Aug,96,4,-1,0,Unknown,No,2023-08-29
35,Technician,Married,Secondary,No,327,Yes,No,Cellular,13,Apr,537,3,-1,0,Unknown,No,2023-04-13
29,Management,Single,Secondary,No,-105,Yes,No,Unknown,27,May,5,3,-1,0,Unknown,No,2023-05-27
58,Retired,Married,Secondary,No,983,No,No,Cellular,5,Aug,139,1,-1,0,Unknown,No,2023-08-05
44,Blue-Collar,Single,Primary,No,787,Yes,No,Unknown,30,May,570,2,-1,0,Unknown,No,2023-05-30
45,Entrepreneur,Married,Tertiary,No,0,Yes,No,Cellular,29,Jul,100,3,-1,0,Unknown,No,2023-07-29
43,Blue-Collar,Married,Secondary,No,3060,Yes,No,Unknown,15,May,253,2,-1,0,Unknown,No,2023-05-15
44,Services,Married,Secondary,No,5780,Yes,No,Cellular,1,Apr,525,2,-1,0,Unknown,No,2023-04-01
30,Technician,Single,Secondary,No,790,No,No,Cellular,20,Aug,696,3,-1,0,Unknown,No,2023-08-20
38,Unemployed,Married,Tertiary,No,1449,No,No,Unknown,26,May,535,6,-1,0,Unknown,No,2023-05-26
50,Technician,Married,Secondary,No,1412,No,No,Cellular,6,Aug,131,3,-1,0,Unknown,No,2023-08-06
21,Student,Single,Secondary,No,681,No,No,Unknown,20,Aug,6,1,-1,0,Unknown,No,2023-08-20
38,Entrepreneur,Married,Tertiary,No,228,Yes,No,Cellular,5,Feb,105,1,-1,0,Unknown,No,2023-02-05
42,Admin.,Married,Secondary,No,0,No,No,Unknown,19,Jun,370,1,-1,0,Unknown,No,2023-06-19
45,Technician,Single,Tertiary,No,2087,No,No,Cellular,29,Aug,29,14,-1,0,Unknown,No,2023-08-29
34,Entrepreneur,Married,Secondary,No,2,Yes,Yes,Cellular,5,May,184,1,167,6,Failure,No,2023-05-05
48,Technician,Married,Secondary,No,197,No,Yes,Cellular,3,Feb,47,2,222,3,Other,No,2023-02-03
34,Services,Married,Secondary,No,0,No,Yes,Unknown,2,Jul,193,4,-1,0,Unknown,No,2023-07-02
32,Blue-Collar,Married,Secondary,No,1905,Yes,No,Cellular,16,Jul,709,2,-1,0,Unknown,Yes,2023-07-16
35,Technician,Married,Tertiary,No,118,No,No,Cellular,6,Aug,358,2,-1,0,Unknown,No,2023-08-06
39,Entrepreneur,Married,Tertiary,No,2644,Yes,No,Unknown,20,May,253,1,-1,0,Unknown,No,2023-05-20
36,Self-Employed,Married,Tertiary,No,16430,Yes,No,Unknown,6,Jun,197,3,-1,0,Unknown,No,2023-06-06
35,Technician,Married,Secondary,No,13,No,No,Cellular,22,Aug,94,2,-1,0,Unknown,No,2023-08-22
57,Services,Divorced,Secondary,No,14,No,Yes,Cellular,22,Jul,445,2,-1,0,Unknown,No,2023-07-22
28,Technician,Single,Secondary,No,769,Yes,No,Cellular,15,May,153,1,371,2,Failure,No,2023-05-15
43,Admin.,Married,Unknown,No,3485,No,No,Unknown,18,Jun,113,1,-1,0,Unknown,No,2023-06-18
57,Management,Married,Secondary,No,139,No,No,Cellular,17,Aug,80,1,-1,0,Unknown,No,2023-08-17
34,Services,Divorced,Secondary,No,202,Yes,No,Unknown,15,May,318,1,-1,0,Unknown,No,2023-05-15
36,Technician,Married,Tertiary,No,6,Yes,No,Cellular,27,Jan,100,1,435,1,Failure,No,2023-01-27
47,Management,Divorced,Tertiary,No,2515,No,No,Unknown,20,Jun,40,3,-1,0,Unknown,No,2023-06-20
36,Management,Divorced,Tertiary,No,5195,Yes,No,Unknown,2,Jun,55,25,-1,0,Unknown,No,2023-06-02
33,Management,Married,Tertiary,No,2098,No,No,Cellular,20,Nov,67,1,-1,0,Unknown,No,2023-11-20
57,Management,Married,Tertiary,No,320,No,No,Cellular,7,Aug,76,2,-1,0,Unknown,No,2023-08-07
57,Management,Married,Tertiary,No,3431,Yes,No,Unknown,16,May,73,1,-1,0,Unknown,No,2023-05-16
34,Admin.,Married,Secondary,No,50,Yes,No,Unknown,20,May,89,2,-1,0,Unknown,No,2023-05-20
51,Housemaid,Divorced,Tertiary,No,370,Yes,No,Cellular,19,Aug,109,3,-1,0,Unknown,No,2023-08-19
54,Blue-Collar,Divorced,Primary,No,-182,No,No,Cellular,9,Jul,98,1,-1,0,Unknown,No,2023-07-09
52,Self-Employed,Single,Tertiary,No,1623,Yes,No,Unknown,5,Jun,21,17,-1,0,Unknown,No,2023-06-05
43,Entrepreneur,Married,Tertiary,No,13342,Yes,No,Cellular,18,Nov,465,1,-1,0,Unknown,No,2023-11-18
58,Retired,Single,Primary,No,6570,No,No,Cellular,21,Jul,106,3,-1,0,Unknown,No,2023-07-21
53,Admin.,Married,Secondary,No,225,Yes,No,Cellular,20,Apr,304,1,340,1,Failure,No,2023-04-20
44,Management,Married,Secondary,No,-665,No,No,Cellular,30,Jul,342,3,-1,0,Unknown,No,2023-07-30
29,Management,Single,Tertiary,No,0,No,No,Unknown,16,May,16,25,-1,0,Unknown,No,2023-05-16
27,Services,Single,Secondary,No,54,Yes,No,Unknown,28,May,543,2,-1,0,Unknown,Yes,2023-05-28
35,Blue-Collar,Married,Primary,No,46,No,No,Cellular,8,Jul,338,3,-1,0,Unknown,No,2023-07-08
40,Self-Employed,Married,Secondary,No,2,No,No,Cellular,22,Aug,197,5,-1,0,Unknown,No,2023-08-22
34,Blue-Collar,Married,Secondary,No,103,Yes,Yes,Unknown,8,May,956,2,-1,0,Unknown,No,2023-05-08
38,Admin.,Single,Secondary,No,883,Yes,No,Cellular,12,May,95,1,327,9,Other,No,2023-05-12
32,Services,Married,Secondary,No,55,Yes,No,Unknown,15,May,546,9,-1,0,Unknown,No,2023-05-15
41,Admin.,Married,Secondary,No,8238,Yes,Yes,Unknown,30,May,124,4,-1,0,Unknown,No,2023-05-30
25,Blue-Collar,Single,Secondary,No,913,Yes,No,Cellular,7,Jul,113,4,-1,0,Unknown,No,2023-07-07
38,Blue-Collar,Divorced,Secondary,No,595,Yes,No,Cellular,7,May,245,3,-1,0,Unknown,No,2023-05-07
26,Technician,Single,Secondary,No,7,Yes,No,Cellular,22,Jul,188,2,-1,0,Unknown,No,2023-07-22
37,Technician,Single,Tertiary,No,1661,No,No,Cellular,19,Aug,199,5,-1,0,Unknown,No,2023-08-19
30,Management,Married,Tertiary,No,102,Yes,No,Cellular,5,Apr,470,7,426,3,Other,Yes,2023-04-05
36,Services,Married,Secondary,No,338,No,No,Unknown,14,May,90,1,-1,0,Unknown,No,2023-05-14
33,Management,Married,Secondary,No,3132,Yes,No,Unknown,23,May,350,5,-1,0,Unknown,No,2023-05-23
33,Admin.,Single,Tertiary,No,490,Yes,No,Cellular,7,May,31,1,363,2,Failure,No,2023-05-07
35,Management,Married,Tertiary,No,2682,Yes,No,Cellular,9,Jul,156,1,-1,0,Unknown,No,2023-07-09
24,Services,Married,Tertiary,No,0,Yes,No,Unknown,27,May,299,1,-1,0,Unknown,No,2023-05-27
29,Unemployed,Married,Secondary,No,596,No,No,Cellular,30,Jan,510,2,-1,0,Unknown,No,2023-01-30
54,Blue-Collar,Married,Secondary,No,2059,Yes,No,Cellular,25,Aug,177,4,-1,0,Unknown,No,2023-08-25
27,Admin.,Married,Secondary,No,132,No,No,Cellular,13,Oct,123,2,-1,0,Unknown,No,2023-10-13
34,Management,Married,Secondary,No,0,No,No,Cellular,2,Feb,270,1,-1,0,Unknown,No,2023-02-02
39,Blue-Collar,Married,Primary,No,385,Yes,No,Unknown,16,May,225,4,-1,0,Unknown,No,2023-05-16
38,Management,Married,Tertiary,No,223,No,No,Cellular,28,Jan,63,1,-1,0,Unknown,No,2023-01-28
37,Management,Married,Tertiary,No,0,Yes,No,Unknown,3,Jun,247,13,-1,0,Unknown,No,2023-06-03
26,Services,Single,Secondary,No,512,Yes,Yes,Cellular,30,Jan,206,5,239,3,Failure,No,2023-01-30
36,Entrepreneur,Married,Tertiary,No,1169,Yes,No,Unknown,6,May,168,2,-1,0,Unknown,No,2023-05-06
35,Management,Single,Tertiary,No,71,Yes,No,Unknown,21,May,836,12,-1,0,Unknown,No,2023-05-21
30,Management,Single,Tertiary,No,940,No,No,Cellular,8,Aug,131,2,-1,0,Unknown,No,2023-08-08
25,Technician,Single,Secondary,No,-80,Yes,Yes,Unknown,3,Jun,89,1,-1,0,Unknown,No,2023-06-03
34,Technician,Married,Secondary,No,0,Yes,No,Cellular,29,Aug,116,4,-1,0,Unknown,No,2023-08-29
52,Unknown,Married,Unknown,No,1317,No,No,Unknown,12,Jun,58,1,-1,0,Unknown,No,2023-06-12
39,Admin.,Married,Secondary,No,179,No,No,Unknown,6,Sep,36,1,-1,0,Unknown,No,2023-09-06
34,Management,Married,Secondary,No,1007,Yes,No,Cellular,21,Jul,240,2,-1,0,Unknown,No,2023-07-21
34,Management,Single,Secondary,No,0,No,No,Cellular,22,Aug,132,4,-1,0,Unknown,No,2023-08-22
30,Services,Married,Secondary,No,1286,Yes,Yes,Cellular,17,Jul,544,1,-1,0,Unknown,No,2023-07-17
33,Services,Married,Secondary,No,804,Yes,Yes,Unknown,8,May,266,1,-1,0,Unknown,No,2023-05-08
30,Student,Single,Secondary,No,4,No,No,Cellular,4,Feb,443,2,-1,0,Unknown,No,2023-02-04
51,Blue-Collar,Married,Primary,No,0,Yes,No,Cellular,10,Jul,324,1,-1,0,Unknown,No,2023-07-10
36,Services,Single,Secondary,No,417,Yes,No,Cellular,6,Feb,15,10,207,3,Failure,No,2023-02-06
48,Blue-Collar,Married,Primary,No,1678,No,No,Cellular,28,Jan,263,2,-1,0,Unknown,No,2023-01-28
37,Services,Divorced,Secondary,No,532,Yes,No,Unknown,11,Jun,199,1,-1,0,Unknown,No,2023-06-11
58,Management,Married,Secondary,No,407,Yes,No,Cellular,29,Jul,145,2,-1,0,Unknown,No,2023-07-29
56,Management,Divorced,Tertiary,No,659,No,Yes,Cellular,2,Jun,56,1,-1,0,Unknown,No,2023-06-02
34,Blue-Collar,Married,Secondary,No,393,Yes,No,Cellular,5,May,11,9,-1,0,Unknown,No,2023-05-05
33,Admin.,Divorced,Secondary,No,661,Yes,No,Cellular,18,Nov,411,1,173,2,Other,No,2023-11-18
26,Services,Single,Secondary,No,0,No,No,Cellular,29,Jul,165,23,-1,0,Unknown,No,2023-07-29
40,Management,Single,Unknown,No,838,Yes,No,Unknown,12,May,619,3,-1,0,Unknown,No,2023-05-12
35,Services,Married,Secondary,No,195,Yes,No,Cellular,17,Apr,203,1,-1,0,Unknown,No,2023-04-17
45,Entrepreneur,Married,Secondary,No,68,Yes,No,Unknown,7,May,254,1,-1,0,Unknown,No,2023-05-07
37,Technician,Single,Secondary,No,-242,Yes,No,Cellular,13,Aug,1149,6,-1,0,Unknown,Yes,2023-08-13
35,Management,Divorced,Tertiary,No,321,Yes,No,Unknown,9,May,189,1,-1,0,Unknown,No,2023-05-09
43,Services,Single,Secondary,No,3403,Yes,No,Cellular,12,Nov,707,2,97,2,Success,Yes,2023-11-12
28,Blue-Collar,Married,Secondary,No,8,Yes,No,Cellular,15,May,196,1,-1,0,Unknown,No,2023-05-15
32,Blue-Collar,Divorced,Secondary,No,739,Yes,No,Unknown,9,May,171,1,-1,0,Unknown,No,2023-05-09
26,Unemployed,Single,Secondary,No,622,No,No,Cellular,28,Jan,1451,2,-1,0,Unknown,Yes,2023-01-28
35,Services,Married,Secondary,No,152,Yes,No,Unknown,2,Jun,563,1,-1,0,Unknown,Yes,2023-06-02
35,Technician,Single,Secondary,No,2,No,No,Cellular,11,Aug,239,4,-1,0,Unknown,No,2023-08-11
39,Blue-Collar,Married,Secondary,No,1439,Yes,No,Telephone,28,Jul,73,6,-1,0,Unknown,No,2023-07-28
42,Blue-Collar,Divorced,Secondary,No,1491,Yes,No,Cellular,6,May,203,2,334,2,Failure,No,2023-05-06
32,Technician,Single,Secondary,No,6402,Yes,No,Cellular,6,May,158,1,167,1,Success,No,2023-05-06
30,Unemployed,Married,Secondary,No,1210,No,No,Cellular,9,Jul,100,4,-1,0,Unknown,No,2023-07-09
26,Management,Single,Tertiary,No,122,No,Yes,Cellular,8,Jul,160,1,-1,0,Unknown,No,2023-07-08
30,Student,Single,Secondary,No,0,Yes,No,Cellular,19,Nov,661,1,-1,0,Unknown,No,2023-11-19
32,Management,Married,Tertiary,No,62,Yes,No,Cellular,14,May,166,1,-1,0,Unknown,No,2023-05-14
47,Services,Married,Secondary,No,3333,Yes,Yes,Cellular,29,Jul,114,2,-1,0,Unknown,No,2023-07-29
33,Technician,Married,Tertiary,No,16992,Yes,No,Unknown,29,May,58,1,-1,0,Unknown,No,2023-05-29
57,Blue-Collar,Married,Primary,No,23,Yes,No,Telephone,31,Jul,25,8,-1,0,Unknown,No,2023-07-31
35,Admin.,Married,Secondary,No,0,Yes,No,Cellular,7,May,121,2,-1,0,Unknown,No,2023-05-07
53,Technician,Married,Tertiary,No,6072,No,Yes,Unknown,16,Jun,226,4,-1,0,Unknown,No,2023-06-16
24,Retired,Single,Secondary,No,366,No,Yes,Unknown,16,May,234,2,-1,0,Unknown,No,2023-05-16
54,Management,Divorced,Tertiary,No,0,No,Yes,Cellular,10,Jul,88,1,-1,0,Unknown,No,2023-07-10
31,Management,Married,Tertiary,No,1343,Yes,Yes,Unknown,21,May,85,1,-1,0,Unknown,No,2023-05-21
41,Entrepreneur,Married,Secondary,No,2105,Yes,No,Cellular,18,Nov,134,1,-1,0,Unknown,No,2023-11-18
44,Unknown,Married,Secondary,No,2319,No,No,Cellular,4,Aug,251,3,-1,0,Unknown,No,2023-08-04
35,Services,Single,Secondary,No,35,Yes,No,Cellular,14,May,152,1,-1,0,Unknown,No,2023-05-14
30,Management,Married,Tertiary,No,877,No,No,Cellular,13,Aug,202,1,83,5,Failure,No,2023-08-13
43,Blue-Collar,Single,Primary,No,30,Yes,No,Unknown,30,May,379,17,-1,0,Unknown,No,2023-05-30
51,Entrepreneur,Married,Secondary,Yes,-2082,No,Yes,Cellular,28,Jul,123,6,-1,0,Unknown,No,2023-07-28
60,Retired,Married,Secondary,No,89,No,No,Cellular,30,Apr,156,2,-1,0,Unknown,No,2023-04-30
43,Self-Employed,Married,Secondary,No,104,No,No,Unknown,17,Jun,332,1,-1,0,Unknown,No,2023-06-17
31,Management,Married,Tertiary,No,1750,Yes,No,Telephone,14,May,90,3,-1,0,Unknown,No,2023-05-14
56,Management,Married,Primary,No,772,Yes,No,Telephone,20,Nov,291,1,-1,0,Unknown,No,2023-11-20
42,Technician,Married,Secondary,No,1048,Yes,No,Telephone,6,Feb,23,2,-1,0,Unknown,No,2023-02-06
52,Entrepreneur,Married,Primary,No,592,No,No,Cellular,21,Jul,122,2,-1,0,Unknown,No,2023-07-21
40,Technician,Married,Secondary,No,0,Yes,Yes,Cellular,26,Jul,105,2,172,1,Failure,No,2023-07-26
36,Services,Married,Secondary,No,3064,Yes,No,Telephone,11,May,1143,4,-1,0,Unknown,No,2023-05-11
40,Services,Married,Primary,No,33,No,No,Unknown,26,May,70,3,-1,0,Unknown,No,2023-05-26
46,Blue-Collar,Married,Secondary,No,0,Yes,No,Cellular,8,May,264,2,-1,0,Unknown,No,2023-05-08
32,Admin.,Single,Secondary,No,1649,No,No,Cellular,27,May,204,2,-1,0,Unknown,No,2023-05-27
31,Housemaid,Single,Tertiary,No,287,Yes,No,Cellular,19,Nov,182,1,-1,0,Unknown,No,2023-11-19
41,Technician,Divorced,Secondary,No,0,Yes,No,Cellular,17,Nov,386,2,-1,0,Unknown,No,2023-11-17
58,Housemaid,Married,Primary,No,419,No,Yes,Unknown,5,Jun,295,3,-1,0,Unknown,No,2023-06-05
36,Services,Married,Secondary,No,257,Yes,No,Cellular,12,May,86,2,-1,0,Unknown,No,2023-05-12
52,Technician,Married,Secondary,No,118,No,No,Cellular,28,Aug,16,20,-1,0,Unknown,No,2023-08-28
42,Management,Married,Tertiary,No,251,No,No,Cellular,20,Aug,413,2,-1,0,Unknown,No,2023-08-20
32,Management,Single,Tertiary,No,1731,Yes,Yes,Unknown,29,May,323,3,-1,0,Unknown,No,2023-05-29
62,Management,Married,Tertiary,No,0,No,No,Cellular,13,Oct,78,3,-1,0,Unknown,No,2023-10-13
31,Technician,Single,Tertiary,No,23,No,No,Cellular,25,Aug,121,3,-1,0,Unknown,No,2023-08-25
41,Blue-Collar,Single,Secondary,Yes,-386,No,Yes,Cellular,20,Nov,477,1,-1,0,Unknown,Yes,2023-11-20
34,Self-Employed,Married,Tertiary,No,5498,No,No,Cellular,19,Nov,265,1,-1,0,Unknown,No,2023-11-19
44,Management,Single,Tertiary,No,5063,No,No,Cellular,27,Oct,418,2,-1,0,Unknown,Yes,2023-10-27
42,Blue-Collar,Married,Primary,No,7041,Yes,No,Cellular,28,Jul,386,4,-1,0,Unknown,No,2023-07-28
37,Entrepreneur,Single,Secondary,No,654,No,No,Unknown,19,May,594,2,-1,0,Unknown,No,2023-05-19
47,Management,Married,Tertiary,No,1890,No,No,Cellular,8,Jul,161,1,-1,0,Unknown,No,2023-07-08
32,Unemployed,Married,Secondary,No,2400,Yes,Yes,Cellular,5,Feb,450,3,-1,0,Unknown,No,2023-02-05
46,Blue-Collar,Married,Secondary,No,519,Yes,No,Cellular,25,Aug,217,6,-1,0,Unknown,No,2023-08-25
39,Technician,Single,Tertiary,No,1190,No,No,Cellular,8,Aug,136,1,-1,0,Unknown,No,2023-08-08
28,Services,Single,Secondary,No,229,Yes,No,Unknown,9,May,322,1,-1,0,Unknown,No,2023-05-09
26,Student,Single,Secondary,No,203,No,No,Cellular,16,Nov,104,1,196,1,Failure,No,2023-11-16
52,Technician,Married,Secondary,No,1818,No,Yes,Cellular,17,Nov,189,2,111,4,Failure,No,2023-11-17
42,Unemployed,Married,Secondary,No,1289,No,No,Cellular,15,Jul,250,4,415,2,Failure,Yes,2023-07-15
33,Technician,Divorced,Tertiary,No,39,No,No,Cellular,19,Aug,123,5,-1,0,Unknown,No,2023-08-19
73,Retired,Married,Primary,No,796,No,No,Cellular,23,Oct,427,1,182,2,Failure,Yes,2023-10-23
35,Admin.,Single,Secondary,No,57,No,Yes,Cellular,8,Jul,632,2,-1,0,Unknown,No,2023-07-08
40,Management,Married,Tertiary,No,1548,Yes,No,Cellular,13,Apr,101,3,-1,0,Unknown,No,2023-04-13
51,Technician,Married,Secondary,No,117,No,No,Cellular,24,Aug,467,2,88,4,Other,Yes,2023-08-24
37,Admin.,Single,Secondary,No,0,Yes,No,Cellular,16,Apr,640,2,-1,0,Unknown,No,2023-04-16
39,Management,Married,Tertiary,No,691,Yes,Yes,Cellular,16,Apr,517,1,255,1,Failure,No,2023-04-16
28,Blue-Collar,Married,Secondary,No,64,Yes,No,Unknown,13,May,160,3,-1,0,Unknown,No,2023-05-13
49,Technician,Divorced,Tertiary,No,0,Yes,No,Cellular,12,Jun,177,3,-1,0,Unknown,No,2023-06-12
36,Admin.,Married,Secondary,No,957,Yes,No,Unknown,21,May,206,1,-1,0,Unknown,No,2023-05-21
45,Technician,Married,Secondary,No,118,Yes,No,Unknown,7,May,208,2,-1,0,Unknown,No,2023-05-07
29,Technician,Single,Tertiary,No,218,Yes,No,Cellular,12,Apr,169,1,-1,0,Unknown,No,2023-04-12
35,Management,Married,Secondary,No,724,Yes,No,Cellular,14,Jul,287,2,415,1,Failure,Yes,2023-07-14
35,Housemaid,Married,Tertiary,No,20,Yes,Yes,Cellular,17,Jul,505,3,-1,0,Unknown,No,2023-07-17
30,Blue-Collar,Married,Secondary,No,-28,Yes,No,Cellular,18,May,284,2,371,1,Failure,No,2023-05-18
46,Blue-Collar,Married,Primary,No,665,No,No,Cellular,30,Jan,89,4,235,2,Failure,No,2023-01-30
25,Student,Single,Tertiary,No,5,No,No,Cellular,29,Sep,138,1,-1,0,Unknown,No,2023-09-29
36,Management,Married,Tertiary,No,925,No,No,Cellular,14,Dec,321,3,189,4,Success,Yes,2023-12-14
42,Blue-Collar,Married,Primary,No,2519,Yes,No,Unknown,15,May,262,4,-1,0,Unknown,No,2023-05-15
57,Admin.,Married,Secondary,No,3927,No,No,Cellular,13,Oct,61,1,-1,0,Unknown,No,2023-10-13
42,Management,Divorced,Tertiary,No,401,Yes,No,Cellular,24,Jul,217,9,-1,0,Unknown,No,2023-07-24
29,Management,Married,Tertiary,No,581,Yes,Yes,Cellular,14,Jul,192,2,-1,0,Unknown,No,2023-07-14
36,Technician,Married,Tertiary,No,1327,No,No,Cellular,29,Oct,174,2,-1,0,Unknown,No,2023-10-29
31,Unemployed,Married,Secondary,No,3242,No,No,Unknown,25,Jun,292,2,-1,0,Unknown,No,2023-06-25
59,Technician,Married,Primary,No,3163,Yes,No,Unknown,29,May,240,2,-1,0,Unknown,No,2023-05-29
50,Unemployed,Divorced,Secondary,No,32,No,No,Cellular,4,Aug,282,2,-1,0,Unknown,No,2023-08-04
47,Admin.,Married,Secondary,No,310,Yes,Yes,Telephone,14,Aug,128,6,-1,0,Unknown,No,2023-08-14
46,Housemaid,Married,Primary,No,0,No,No,Telephone,2,Feb,161,1,-1,0,Unknown,No,2023-02-02
26,Blue-Collar,Single,Primary,No,155,Yes,No,Cellular,29,Jan,291,1,244,4,Failure,No,2023-01-29
31,Services,Single,Secondary,No,11386,Yes,No,Cellular,20,Nov,356,1,-1,0,Unknown,No,2023-11-20
30,Services,Married,Tertiary,No,1380,Yes,No,Unknown,21,May,294,2,-1,0,Unknown,No,2023-05-21
47,Blue-Collar,Single,Unknown,No,2443,No,No,Unknown,18,Jun,422,1,-1,0,Unknown,No,2023-06-18
23,Technician,Single,Tertiary,No,1129,Yes,No,Unknown,28,May,806,1,-1,0,Unknown,Yes,2023-05-28
44,Unemployed,Single,Primary,No,4232,No,No,Unknown,16,Jun,227,1,-1,0,Unknown,No,2023-06-16
42,Self-Employed,Married,Secondary,No,5564,No,No,Cellular,17,Nov,560,2,-1,0,Unknown,No,2023-11-17
32,Services,Single,Secondary,No,-402,Yes,No,Cellular,17,Apr,135,1,-1,0,Unknown,No,2023-04-17
28,Admin.,Single,Secondary,No,1323,Yes,No,Unknown,3,Jun,361,1,-1,0,Unknown,No,2023-06-03
57,Retired,Married,Primary,No,1623,Yes,Yes,Cellular,18,Jul,246,1,-1,0,Unknown,No,2023-07-18
38,Technician,Married,Tertiary,No,1042,Yes,No,Cellular,4,Feb,419,2,-1,0,Unknown,No,2023-02-04
22,Student,Single,Secondary,No,2488,No,No,Cellular,8,Nov,449,2,38,10,Other,Yes,2023-11-08
54,Admin.,Married,Secondary,No,865,Yes,No,Cellular,17,Nov,71,1,-1,0,Unknown,No,2023-11-17
32,Technician,Married,Tertiary,No,-1053,Yes,No,Cellular,21,Jul,357,3,-1,0,Unknown,No,2023-07-21
32,Management,Married,Tertiary,No,1667,Yes,No,Cellular,18,Nov,164,2,179,3,Failure,No,2023-11-18
59,Admin.,Divorced,Secondary,No,975,Yes,No,Unknown,15,May,263,4,-1,0,Unknown,No,2023-05-15
45,Technician,Married,Secondary,No,2571,No,No,Unknown,18,Jun,146,2,-1,0,Unknown,No,2023-06-18
53,Unknown,Married,Primary,No,732,No,No,Cellular,27,Oct,759,2,-1,0,Unknown,Yes,2023-10-27
50,Admin.,Divorced,Secondary,No,769,No,No,Cellular,28,Jul,72,2,363,4,Failure,No,2023-07-28
34,Technician,Married,Secondary,No,-136,Yes,Yes,Cellular,12,Aug,131,2,-1,0,Unknown,No,2023-08-12
35,Admin.,Divorced,Secondary,No,3636,No,Yes,Cellular,21,Nov,808,2,-1,0,Unknown,Yes,2023-11-21
30,Management,Married,Tertiary,No,931,No,No,Cellular,17,Jul,1183,1,-1,0,Unknown,No,2023-07-17
62,Housemaid,Married,Secondary,No,565,No,No,Cellular,4,Sep,123,3,-1,0,Unknown,No,2023-09-04
40,Blue-Collar,Married,Secondary,No,271,Yes,No,Unknown,29,May,483,2,-1,0,Unknown,No,2023-05-29
26,Self-Employed,Single,Tertiary,No,1153,No,No,Cellular,4,May,238,3,-1,0,Unknown,No,2023-05-04
34,Management,Married,Tertiary,No,-73,Yes,No,Cellular,11,Jul,90,1,-1,0,Unknown,No,2023-07-11
50,Unknown,Married,Unknown,No,558,No,No,Cellular,9,Jul,464,1,683,6,Failure,Yes,2023-07-09
31,Unknown,Divorced,Tertiary,No,137,No,No,Cellular,22,Aug,385,9,-1,0,Unknown,No,2023-08-22
35,Technician,Married,Secondary,No,700,Yes,No,Unknown,23,May,240,2,-1,0,Unknown,No,2023-05-23
55,Retired,Married,Primary,No,-966,No,Yes,Cellular,14,May,104,1,-1,0,Unknown,No,2023-05-14
34,Admin.,Married,Secondary,No,96,No,No,Cellular,29,Aug,109,2,-1,0,Unknown,No,2023-08-29
58,Retired,Married,Primary,No,4007,No,No,Cellular,30,Nov,598,4,-1,0,Unknown,No,2023-11-30
50,Management,Single,Tertiary,No,567,Yes,No,Unknown,16,May,274,8,-1,0,Unknown,No,2023-05-16
31,Technician,Single,Secondary,No,40,No,No,Cellular,7,Aug,123,2,-1,0,Unknown,No,2023-08-07
47,Admin.,Divorced,Secondary,No,136,No,Yes,Cellular,23,Jul,70,1,-1,0,Unknown,No,2023-07-23
38,Self-Employed,Single,Tertiary,No,917,Yes,No,Unknown,23,May,260,1,-1,0,Unknown,No,2023-05-23
46,Management,Single,Tertiary,No,593,Yes,No,Cellular,29,Jan,190,3,-1,0,Unknown,No,2023-01-29
42,Blue-Collar,Married,Primary,No,505,Yes,No,Unknown,14,May,521,2,-1,0,Unknown,No,2023-05-14
34,Blue-Collar,Married,Secondary,No,2542,Yes,No,Cellular,14,May,228,1,-1,0,Unknown,No,2023-05-14
37,Management,Married,Tertiary,No,5355,No,No,Telephone,17,Feb,466,4,-1,0,Unknown,Yes,2023-02-17
38,Student,Single,Tertiary,No,807,No,No,Cellular,27,Feb,74,2,-1,0,Unknown,No,2023-02-27
59,Retired,Married,Secondary,No,9976,Yes,No,Unknown,29,May,57,2,-1,0,Unknown,No,2023-05-29
32,Admin.,Married,Secondary,No,0,No,No,Cellular,30,Jan,119,3,-1,0,Unknown,No,2023-01-30
55,Management,Married,Tertiary,No,540,No,No,Cellular,19,Nov,124,2,-1,0,Unknown,No,2023-11-19
35,Blue-Collar,Married,Secondary,No,280,Yes,Yes,Cellular,31,Jul,65,50,-1,0,Unknown,No,2023-07-31
56,Management,Divorced,Tertiary,No,-59,No,Yes,Cellular,28,Jul,127,6,-1,0,Unknown,No,2023-07-28
27,Admin.,Married,Secondary,Yes,-517,Yes,No,Cellular,14,Jul,172,3,-1,0,Unknown,No,2023-07-14
42,Unemployed,Single,Secondary,No,2613,Yes,No,Cellular,30,Jul,174,6,-1,0,Unknown,No,2023-07-30
42,Student,Married,Unknown,No,-7,No,No,Telephone,31,Jul,41,6,-1,0,Unknown,No,2023-07-31
41,Blue-Collar,Married,Primary,No,0,Yes,No,Unknown,30,May,232,3,-1,0,Unknown,No,2023-05-30
53,Retired,Divorced,Secondary,Yes,-200,No,Yes,Unknown,6,Jun,161,1,-1,0,Unknown,No,2023-06-06
67,Retired,Married,Primary,No,2301,No,No,Cellular,16,Apr,124,1,-1,0,Unknown,No,2023-04-16
53,Housemaid,Married,Primary,No,104,No,Yes,Unknown,5,Jun,701,1,-1,0,Unknown,Yes,2023-06-05
33,Blue-Collar,Married,Primary,No,191,Yes,No,Unknown,9,May,162,2,-1,0,Unknown,No,2023-05-09
31,Technician,Single,Unknown,No,694,Yes,No,Unknown,6,Jun,431,2,-1,0,Unknown,No,2023-06-06
31,Admin.,Married,Secondary,No,212,Yes,No,Cellular,18,Jul,191,3,-1,0,Unknown,No,2023-07-18
30,Management,Married,Tertiary,No,1882,Yes,No,Cellular,11,Aug,249,5,-1,0,Unknown,No,2023-08-11
48,Blue-Collar,Married,Unknown,No,131,Yes,No,Unknown,6,May,189,1,-1,0,Unknown,No,2023-05-06
30,Technician,Single,Secondary,No,175,No,No,Cellular,25,Aug,167,4,-1,0,Unknown,No,2023-08-25
43,Technician,Single,Tertiary,Yes,0,No,No,Cellular,29,Aug,73,4,-1,0,Unknown,No,2023-08-29
38,Management,Divorced,Tertiary,No,4425,Yes,No,Unknown,30,May,162,1,-1,0,Unknown,No,2023-05-30
46,Unemployed,Married,Secondary,No,3533,Yes,No,Cellular,12,Aug,235,2,-1,0,Unknown,No,2023-08-12
59,Blue-Collar,Divorced,Secondary,No,3573,No,No,Cellular,15,May,44,1,-1,0,Unknown,No,2023-05-15
44,Management,Divorced,Tertiary,No,476,Yes,Yes,Unknown,26,May,127,2,-1,0,Unknown,No,2023-05-26
35,Blue-Collar,Married,Secondary,No,1257,Yes,No,Cellular,20,Apr,93,3,329,7,Failure,No,2023-04-20
55,Blue-Collar,Married,Unknown,No,23,No,No,Cellular,30,Jan,143,1,2,3,Other,No,2023-01-30
39,Management,Single,Tertiary,No,0,Yes,No,Cellular,16,Apr,81,2,-1,0,Unknown,No,2023-04-16
36,Services,Single,Secondary,No,398,Yes,Yes,Unknown,17,Jun,77,2,-1,0,Unknown,No,2023-06-17
33,Blue-Collar,Married,Secondary,No,745,Yes,No,Unknown,23,May,115,4,-1,0,Unknown,No,2023-05-23
48,Management,Single,Tertiary,No,8106,No,No,Unknown,17,Nov,125,1,111,3,Failure,No,2023-11-17
33,Management,Single,Tertiary,No,0,No,No,Cellular,19,Aug,53,4,-1,0,Unknown,No,2023-08-19
67,Retired,Married,Unknown,No,696,No,No,Telephone,4,May,77,2,-1,0,Unknown,No,2023-05-04
48,Unemployed,Divorced,Secondary,No,1266,Yes,No,Telephone,3,Feb,45,1,-1,0,Unknown,No,2023-02-03
57,Management,Married,Tertiary,No,2416,No,No,Cellular,11,Aug,74,2,-1,0,Unknown,No,2023-08-11
31,Housemaid,Married,Primary,No,25,No,No,Cellular,21,Aug,169,5,-1,0,Unknown,No,2023-08-21
30,Student,Single,Tertiary,No,7513,No,No,Cellular,11,Aug,269,2,-1,0,Unknown,No,2023-08-11
56,Entrepreneur,Divorced,Primary,No,29,No,No,Cellular,29,Jan,52,2,227,1,Failure,No,2023-01-29
26,Blue-Collar,Married,Primary,No,5116,Yes,No,Cellular,22,Jul,246,3,-1,0,Unknown,No,2023-07-22
44,Management,Married,Secondary,No,-1746,Yes,No,Unknown,20,Jun,218,1,-1,0,Unknown,No,2023-06-20
44,Technician,Divorced,Secondary,No,14,No,No,Cellular,13,Nov,167,1,92,1,Success,Yes,2023-11-13
31,Management,Married,Tertiary,No,4148,Yes,No,Cellular,21,Nov,316,3,99,9,Other,Yes,2023-11-21
47,Self-Employed,Married,Unknown,No,14,Yes,No,Cellular,15,May,142,1,-1,0,Unknown,No,2023-05-15
30,Admin.,Single,Secondary,No,105,Yes,No,Cellular,21,Nov,75,1,-1,0,Unknown,No,2023-11-21
37,Management,Married,Tertiary,No,767,No,Yes,Cellular,2,Feb,204,1,-1,0,Unknown,No,2023-02-02
56,Admin.,Divorced,Primary,No,0,No,Yes,Cellular,10,Jul,542,1,-1,0,Unknown,No,2023-07-10
43,Management,Single,Secondary,No,-228,Yes,Yes,Unknown,16,May,122,2,-1,0,Unknown,No,2023-05-16
42,Services,Married,Secondary,No,508,Yes,No,Unknown,30,May,70,1,-1,0,Unknown,No,2023-05-30
60,Management,Married,Secondary,No,725,Yes,No,Cellular,8,Jul,266,1,-1,0,Unknown,No,2023-07-08
34,Blue-Collar,Married,Unknown,No,41,Yes,No,Cellular,6,May,34,9,-1,0,Unknown,No,2023-05-06
34,Management,Single,Tertiary,No,184,No,No,Cellular,22,Jul,203,4,-1,0,Unknown,No,2023-07-22
41,Management,Married,Tertiary,No,251,No,Yes,Unknown,6,Jun,85,3,-1,0,Unknown,No,2023-06-06
38,Management,Divorced,Secondary,No,-17,No,No,Cellular,21,Nov,11,4,-1,0,Unknown,No,2023-11-21
23,Services,Married,Secondary,No,-19,Yes,No,Unknown,20,Jun,13,10,-1,0,Unknown,No,2023-06-20
33,Management,Married,Tertiary,No,1064,Yes,No,Cellular,13,May,562,1,-1,0,Unknown,Yes,2023-05-13
36,Blue-Collar,Married,Secondary,No,777,Yes,No,Cellular,6,May,185,3,-1,0,Unknown,No,2023-05-06
49,Unemployed,Married,Tertiary,No,377,No,No,Cellular,22,May,158,1,59,2,Failure,No,2023-05-22
34,Admin.,Divorced,Secondary,No,479,Yes,No,Cellular,12,May,515,1,350,5,Failure,Yes,2023-05-12
40,Technician,Divorced,Secondary,No,-375,Yes,No,Cellular,13,May,60,5,-1,0,Unknown,No,2023-05-13
72,Retired,Married,Primary,No,796,No,No,Cellular,24,Apr,173,2,-1,0,Unknown,No,2023-04-24
43,Technician,Married,Secondary,No,17,Yes,No,Unknown,16,May,353,4,-1,0,Unknown,No,2023-05-16
44,Blue-Collar,Married,Secondary,No,1071,Yes,No,Cellular,11,May,143,3,357,1,Failure,No,2023-05-11
35,Admin.,Married,Secondary,No,0,Yes,No,Cellular,20,Apr,18,5,-1,0,Unknown,No,2023-04-20
46,Admin.,Divorced,Secondary,No,7378,No,No,Cellular,18,Nov,466,1,-1,0,Unknown,No,2023-11-18
55,Admin.,Married,Secondary,No,865,Yes,No,Cellular,17,Apr,85,1,151,1,Failure,No,2023-04-17
50,Technician,Divorced,Secondary,No,-701,Yes,Yes,Cellular,24,Jul,148,1,-1,0,Unknown,No,2023-07-24
23,Blue-Collar,Single,Unknown,No,817,Yes,No,Cellular,18,May,123,1,-1,0,Unknown,No,2023-05-18
34,Student,Married,Unknown,No,1387,No,No,Cellular,30,Apr,121,1,-1,0,Unknown,No,2023-04-30
40,Blue-Collar,Married,Secondary,No,0,Yes,Yes,Unknown,29,May,245,3,-1,0,Unknown,No,2023-05-29
61,Retired,Married,Secondary,No,2917,No,No,Cellular,6,Oct,215,1,-1,0,Unknown,Yes,2023-10-06
53,Technician,Married,Secondary,No,4541,Yes,No,Unknown,15,May,190,6,-1,0,Unknown,No,2023-05-15
57,Technician,Married,Secondary,No,0,No,No,Unknown,13,May,44,1,-1,0,Unknown,No,2023-05-13
28,Blue-Collar,Married,Secondary,No,4287,No,No,Cellular,30,Apr,171,1,-1,0,Unknown,No,2023-04-30
25,Admin.,Married,Secondary,No,242,Yes,No,Cellular,30,Jul,62,12,-1,0,Unknown,No,2023-07-30
38,Blue-Collar,Married,Secondary,No,171,Yes,Yes,Unknown,20,May,172,1,-1,0,Unknown,No,2023-05-20
27,Services,Single,Secondary,No,259,Yes,No,Unknown,23,May,78,10,-1,0,Unknown,No,2023-05-23
45,Blue-Collar,Married,Secondary,No,827,Yes,No,Unknown,15,May,319,5,-1,0,Unknown,No,2023-05-15
31,Services,Single,Secondary,No,469,No,Yes,Cellular,2,Feb,111,1,-1,0,Unknown,No,2023-02-02
39,Blue-Collar,Married,Primary,No,2226,Yes,No,Unknown,6,May,158,1,-1,0,Unknown,No,2023-05-06
42,Technician,Married,Secondary,No,0,No,No,Cellular,29,Aug,82,12,-1,0,Unknown,No,2023-08-29
46,Management,Married,Tertiary,No,477,Yes,No,Unknown,20,May,128,6,-1,0,Unknown,No,2023-05-20
36,Services,Married,Secondary,No,42,Yes,No,Unknown,8,May,102,4,-1,0,Unknown,No,2023-05-08
30,Management,Single,Tertiary,No,775,Yes,No,Unknown,16,Jun,124,2,-1,0,Unknown,No,2023-06-16
32,Blue-Collar,Married,Secondary,No,9,Yes,No,Cellular,17,Apr,334,2,-1,0,Unknown,No,2023-04-17
52,Technician,Married,Tertiary,No,2557,No,No,Cellular,28,Jan,134,5,204,2,Success,Yes,2023-01-28
31,Management,Married,Tertiary,No,2395,No,No,Cellular,27,Apr,218,1,-1,0,Unknown,No,2023-04-27
60,Management,Married,Primary,No,4895,No,No,Unknown,9,Jun,313,1,-1,0,Unknown,No,2023-06-09
35,Blue-Collar,Single,Secondary,No,376,Yes,Yes,Unknown,6,May,207,3,-1,0,Unknown,No,2023-05-06
38,Management,Married,Tertiary,No,389,Yes,No,Unknown,6,May,262,1,-1,0,Unknown,No,2023-05-06
46,Management,Divorced,Tertiary,No,134,No,No,Cellular,19,Aug,134,2,-1,0,Unknown,No,2023-08-19
45,Entrepreneur,Divorced,Tertiary,No,1273,Yes,Yes,Unknown,11,Jun,197,3,-1,0,Unknown,No,2023-06-11
59,Services,Married,Secondary,No,0,Yes,No,Cellular,12,May,214,3,-1,0,Unknown,No,2023-05-12
34,Management,Married,Tertiary,No,2892,Yes,Yes,Cellular,30,Jul,1165,7,-1,0,Unknown,No,2023-07-30
33,Technician,Divorced,Secondary,No,0,Yes,No,Cellular,7,May,177,2,-1,0,Unknown,No,2023-05-07
46,Management,Single,Secondary,No,295,Yes,No,Unknown,23,May,141,6,-1,0,Unknown,No,2023-05-23
48,Admin.,Married,Secondary,No,292,Yes,Yes,Cellular,29,Jul,164,6,-1,0,Unknown,No,2023-07-29
31,Services,Single,Secondary,No,85,No,No,Cellular,16,Jul,151,1,-1,0,Unknown,No,2023-07-16
32,Technician,Married,Secondary,No,4,No,No,Cellular,4,Feb,145,2,260,4,Failure,No,2023-02-04
35,Blue-Collar,Divorced,Primary,No,-587,Yes,No,Unknown,26,May,111,1,-1,0,Unknown,No,2023-05-26
36,Blue-Collar,Single,Primary,No,367,No,No,Cellular,2,Feb,217,1,221,1,Failure,No,2023-02-02
52,Management,Married,Tertiary,No,-1224,Yes,No,Cellular,7,May,253,4,-1,0,Unknown,No,2023-05-07
45,Management,Divorced,Tertiary,No,959,No,No,Unknown,18,Jun,74,1,-1,0,Unknown,No,2023-06-18
34,Management,Married,Tertiary,No,0,No,No,Cellular,20,Aug,263,2,-1,0,Unknown,No,2023-08-20
25,Blue-Collar,Married,Primary,Yes,-589,Yes,No,Unknown,3,Jun,233,1,-1,0,Unknown,No,2023-06-03
26,Management,Single,Tertiary,No,-8,No,No,Cellular,13,Aug,402,2,-1,0,Unknown,No,2023-08-13
57,Management,Married,Unknown,No,0,No,No,Cellular,30,Sep,585,1,-1,0,Unknown,No,2023-09-30
48,Management,Married,Primary,No,247,Yes,Yes,Unknown,14,May,145,1,-1,0,Unknown,No,2023-05-14
48,Technician,Married,Unknown,No,5543,No,No,Unknown,16,Jun,143,5,-1,0,Unknown,No,2023-06-16
32,Blue-Collar,Married,Primary,No,642,No,Yes,Cellular,8,Jul,524,1,-1,0,Unknown,No,2023-07-08
58,Retired,Married,Secondary,No,11,No,No,Cellular,11,Aug,270,1,-1,0,Unknown,No,2023-08-11
57,Management,Married,Primary,No,-226,Yes,No,Unknown,4,Jun,272,1,-1,0,Unknown,No,2023-06-04
31,Entrepreneur,Married,Tertiary,No,5191,No,No,Cellular,20,Nov,187,2,-1,0,Unknown,No,2023-11-20
33,Blue-Collar,Single,Secondary,No,-320,No,No,Cellular,18,May,268,2,-1,0,Unknown,No,2023-05-18
53,Entrepreneur,Married,Tertiary,No,2289,Yes,Yes,Cellular,17,Nov,183,1,-1,0,Unknown,No,2023-11-17
36,Admin.,Married,Secondary,No,725,Yes,No,Cellular,27,Feb,123,3,99,8,Failure,No,2023-02-27
32,Technician,Single,Tertiary,No,705,Yes,No,Cellular,20,Apr,20,4,-1,0,Unknown,No,2023-04-20
45,Blue-Collar,Married,Secondary,No,776,Yes,No,Cellular,6,Feb,232,4,253,1,Failure,No,2023-02-06
35,Unemployed,Married,Tertiary,No,816,Yes,No,Cellular,19,Nov,547,7,-1,0,Unknown,No,2023-11-19
41,Services,Married,Secondary,No,171,No,No,Cellular,21,Jul,71,9,-1,0,Unknown,No,2023-07-21
54,Services,Married,Secondary,No,812,No,No,Cellular,31,Jul,113,6,-1,0,Unknown,No,2023-07-31
49,Services,Married,Secondary,No,823,No,No,Cellular,8,Aug,780,4,-1,0,Unknown,Yes,2023-08-08
28,Technician,Single,Secondary,No,1453,Yes,No,Cellular,12,May,246,1,343,1,Other,No,2023-05-12
24,Blue-Collar,Single,Unknown,No,431,Yes,No,Unknown,3,Jun,108,12,-1,0,Unknown,No,2023-06-03
30,Admin.,Single,Secondary,No,1009,Yes,No,Cellular,29,Jan,253,1,-1,0,Unknown,No,2023-01-29
32,Self-Employed,Married,Primary,No,286,Yes,No,Cellular,6,Aug,175,1,-1,0,Unknown,No,2023-08-06
53,Entrepreneur,Married,Tertiary,No,22370,Yes,No,Unknown,15,May,106,1,-1,0,Unknown,No,2023-05-15
42,Blue-Collar,Married,Primary,No,2111,Yes,No,Cellular,7,May,86,2,-1,0,Unknown,No,2023-05-07
48,Blue-Collar,Married,Primary,No,5366,Yes,No,Unknown,21,May,248,3,-1,0,Unknown,No,2023-05-21
33,Technician,Married,Secondary,No,181,Yes,Yes,Telephone,28,Jul,265,2,-1,0,Unknown,No,2023-07-28
31,Blue-Collar,Divorced,Secondary,No,-452,Yes,No,Unknown,26,May,182,5,-1,0,Unknown,No,2023-05-26
56,Unemployed,Divorced,Primary,No,1770,No,No,Cellular,5,Feb,916,3,-1,0,Unknown,No,2023-02-05
58,Retired,Married,Primary,No,0,No,No,Cellular,4,Aug,506,1,-1,0,Unknown,No,2023-08-04
37,Admin.,Single,Secondary,No,-296,Yes,No,Cellular,20,Apr,81,1,-1,0,Unknown,No,2023-04-20
59,Management,Married,Primary,No,2358,Yes,No,Cellular,17,Apr,30,1,-1,0,Unknown,No,2023-04-17
50,Management,Single,Tertiary,No,1200,No,No,Cellular,14,Aug,904,3,-1,0,Unknown,Yes,2023-08-14
39,Housemaid,Single,Primary,No,109,Yes,No,Unknown,6,May,699,3,-1,0,Unknown,No,2023-05-06
30,Technician,Married,Secondary,No,616,Yes,No,Cellular,6,May,19,1,-1,0,Unknown,No,2023-05-06
47,Services,Divorced,Secondary,No,4906,Yes,No,Unknown,14,May,389,1,-1,0,Unknown,No,2023-05-14
44,Self-Employed,Married,Secondary,No,313,No,No,Cellular,6,Aug,211,4,-1,0,Unknown,No,2023-08-06
38,Blue-Collar,Married,Primary,No,290,Yes,No,Cellular,16,Apr,283,1,-1,0,Unknown,No,2023-04-16
50,Management,Married,Tertiary,No,1240,No,No,Cellular,12,Aug,474,2,-1,0,Unknown,No,2023-08-12
27,Admin.,Single,Tertiary,No,3672,Yes,No,Cellular,15,May,157,2,351,5,Failure,No,2023-05-15
73,Retired,Married,Secondary,No,19,No,No,Cellular,5,Nov,509,2,-1,0,Unknown,No,2023-11-05
46,Blue-Collar,Married,Primary,No,143,Yes,No,Unknown,7,May,279,1,-1,0,Unknown,No,2023-05-07
56,Retired,Divorced,Secondary,No,212,No,Yes,Telephone,17,Jul,27,1,-1,0,Unknown,No,2023-07-17
36,Management,Married,Tertiary,No,9,No,No,Cellular,11,Aug,386,4,-1,0,Unknown,Yes,2023-08-11
33,Blue-Collar,Married,Primary,No,3074,No,No,Cellular,18,Nov,679,1,-1,0,Unknown,No,2023-11-18
40,Management,Married,Tertiary,No,1734,Yes,No,Unknown,2,Jun,169,1,-1,0,Unknown,No,2023-06-02
52,Management,Married,Tertiary,No,575,No,No,Unknown,3,Jun,315,1,-1,0,Unknown,No,2023-06-03
51,Blue-Collar,Married,Secondary,No,397,Yes,No,Cellular,20,Aug,293,2,-1,0,Unknown,No,2023-08-20
33,Blue-Collar,Married,Secondary,No,640,Yes,No,Cellular,3,Feb,439,3,-1,0,Unknown,No,2023-02-03
54,Services,Married,Secondary,No,158,Yes,No,Unknown,19,May,198,1,-1,0,Unknown,No,2023-05-19
44,Management,Married,Secondary,No,2984,Yes,No,Unknown,15,May,770,2,-1,0,Unknown,No,2023-05-15
50,Entrepreneur,Married,Secondary,No,1011,Yes,No,Telephone,30,Jul,340,2,-1,0,Unknown,No,2023-07-30
45,Blue-Collar,Single,Secondary,No,0,Yes,No,Cellular,26,Apr,1472,1,192,4,Failure,Yes,2023-04-26
36,Management,Married,Tertiary,No,1133,Yes,No,Cellular,4,Aug,293,1,181,2,Other,Yes,2023-08-04
42,Technician,Married,Secondary,No,4945,Yes,No,Cellular,2,Mar,311,2,-1,0,Unknown,Yes,2023-03-02
37,Technician,Married,Secondary,No,712,Yes,No,Cellular,18,Nov,291,2,-1,0,Unknown,No,2023-11-18
28,Services,Single,Secondary,No,-427,Yes,Yes,Unknown,21,May,965,2,-1,0,Unknown,No,2023-05-21
56,Admin.,Married,Secondary,No,2146,No,Yes,Unknown,9,Jun,594,1,-1,0,Unknown,No,2023-06-09
59,Admin.,Married,Secondary,No,92,Yes,No,Cellular,12,May,139,2,350,1,Failure,No,2023-05-12
32,Unemployed,Married,Secondary,No,10,Yes,No,Unknown,6,May,501,4,-1,0,Unknown,No,2023-05-06
57,Retired,Married,Primary,No,1238,Yes,No,Cellular,15,Jul,274,1,-1,0,Unknown,No,2023-07-15
49,Admin.,Single,Secondary,No,981,Yes,No,Telephone,21,Nov,10,3,-1,0,Unknown,No,2023-11-21
56,Entrepreneur,Married,Unknown,No,575,No,No,Unknown,20,Jun,18,2,-1,0,Unknown,No,2023-06-20
48,Admin.,Divorced,Unknown,No,-70,No,No,Cellular,14,May,243,1,-1,0,Unknown,No,2023-05-14
27,Student,Single,Tertiary,No,3733,Yes,No,Cellular,22,May,198,1,98,6,Success,Yes,2023-05-22
31,Management,Single,Tertiary,No,574,Yes,No,Cellular,16,Jul,410,2,-1,0,Unknown,No,2023-07-16
28,Blue-Collar,Single,Secondary,No,43,No,No,Unknown,19,May,190,1,-1,0,Unknown,No,2023-05-19
36,Management,Married,Tertiary,No,428,No,No,Unknown,28,May,121,1,-1,0,Unknown,No,2023-05-28
58,Housemaid,Married,Primary,No,0,Yes,No,Telephone,9,Jul,148,1,-1,0,Unknown,No,2023-07-09
46,Admin.,Married,Secondary,No,0,Yes,Yes,Cellular,20,Apr,239,2,259,2,Failure,No,2023-04-20
32,Management,Single,Tertiary,No,474,Yes,No,Cellular,7,Aug,90,3,-1,0,Unknown,No,2023-08-07
39,Services,Married,Secondary,No,-540,No,No,Unknown,6,Jun,29,1,-1,0,Unknown,No,2023-06-06
35,Self-Employed,Married,Tertiary,No,560,Yes,No,Cellular,2,Apr,58,1,136,1,Failure,No,2023-04-02
31,Management,Married,Tertiary,No,325,Yes,No,Cellular,18,Jul,1139,2,-1,0,Unknown,Yes,2023-07-18
29,Management,Single,Tertiary,No,437,No,No,Cellular,5,Aug,504,1,92,1,Success,Yes,2023-08-05
48,Blue-Collar,Married,Primary,No,574,No,No,Cellular,5,Aug,348,1,-1,0,Unknown,No,2023-08-05
60,Retired,Married,Primary,No,0,No,No,Telephone,30,Jul,130,3,-1,0,Unknown,No,2023-07-30
74,Retired,Married,Secondary,No,935,No,No,Cellular,26,Jan,100,1,104,1,Other,No,2023-01-26
30,Services,Married,Secondary,No,699,Yes,No,Unknown,29,May,544,1,-1,0,Unknown,No,2023-05-29
52,Admin.,Single,Primary,No,0,No,No,Unknown,19,May,182,11,-1,0,Unknown,No,2023-05-19
24,Blue-Collar,Married,Secondary,No,-220,Yes,No,Cellular,2,Apr,90,1,-1,0,Unknown,No,2023-04-02
29,Services,Married,Secondary,No,11417,Yes,No,Unknown,28,May,272,2,-1,0,Unknown,No,2023-05-28
33,Housemaid,Married,Primary,No,212,Yes,No,Cellular,11,Jul,260,2,-1,0,Unknown,No,2023-07-11
34,Blue-Collar,Married,Secondary,No,67,Yes,Yes,Unknown,8,May,672,3,-1,0,Unknown,No,2023-05-08
45,Admin.,Divorced,Secondary,No,0,No,No,Cellular,29,Oct,264,1,-1,0,Unknown,Yes,2023-10-29
31,Blue-Collar,Married,Secondary,No,0,No,Yes,Telephone,15,Jul,275,2,-1,0,Unknown,No,2023-07-15
45,Technician,Married,Secondary,No,1673,No,No,Cellular,23,Oct,76,1,-1,0,Unknown,No,2023-10-23
27,Services,Married,Secondary,No,-1202,Yes,No,Unknown,4,Jun,749,2,-1,0,Unknown,No,2023-06-04
30,Management,Single,Tertiary,No,4213,No,No,Cellular,25,Aug,142,4,-1,0,Unknown,No,2023-08-25
45,Blue-Collar,Married,Primary,No,0,No,No,Cellular,26,Aug,454,2,-1,0,Unknown,No,2023-08-26
57,Blue-Collar,Married,Secondary,No,1521,Yes,Yes,Cellular,18,May,102,2,178,5,Failure,No,2023-05-18
34,Management,Married,Tertiary,No,1310,No,No,Telephone,30,Jan,521,3,158,7,Other,No,2023-01-30
40,Admin.,Married,Secondary,No,0,Yes,Yes,Cellular,17,Nov,57,1,-1,0,Unknown,No,2023-11-17
39,Management,Married,Tertiary,No,399,No,No,Cellular,9,Apr,504,1,-1,0,Unknown,No,2023-04-09
46,Technician,Married,Tertiary,No,405,No,No,Cellular,11,Aug,138,3,-1,0,Unknown,No,2023-08-11
55,Management,Divorced,Tertiary,No,9756,Yes,No,Cellular,5,Jun,103,2,95,1,Other,Yes,2023-06-05
25,Management,Single,Tertiary,No,2506,No,No,Cellular,17,Feb,485,1,-1,0,Unknown,Yes,2023-02-17
34,Management,Married,Tertiary,No,697,No,No,Cellular,5,Aug,166,1,-1,0,Unknown,No,2023-08-05
37,Blue-Collar,Married,Primary,No,403,Yes,No,Cellular,8,May,318,2,338,1,Success,No,2023-05-08
64,Retired,Divorced,Tertiary,No,890,No,No,Cellular,3,Jul,531,3,-1,0,Unknown,No,2023-07-03
45,Technician,Divorced,Secondary,No,809,Yes,No,Cellular,13,May,155,2,363,4,Failure,No,2023-05-13
57,Housemaid,Married,Secondary,No,158,Yes,No,Telephone,10,Jul,73,1,-1,0,Unknown,No,2023-07-10
21,Student,Single,Unknown,No,137,Yes,No,Unknown,12,May,198,3,-1,0,Unknown,No,2023-05-12
58,Housemaid,Married,Secondary,No,2705,No,No,Telephone,14,Aug,137,1,-1,0,Unknown,No,2023-08-14
41,Blue-Collar,Single,Secondary,No,75,Yes,No,Unknown,1,Jul,479,9,-1,0,Unknown,Yes,2023-07-01
41,Management,Married,Unknown,No,2457,Yes,No,Unknown,9,May,285,1,-1,0,Unknown,No,2023-05-09
58,Management,Married,Tertiary,No,541,Yes,No,Cellular,8,May,98,1,-1,0,Unknown,No,2023-05-08
33,Management,Married,Tertiary,No,287,Yes,No,Cellular,15,May,199,2,274,3,Other,No,2023-05-15
32,Management,Married,Tertiary,No,273,Yes,Yes,Cellular,18,Jul,97,3,-1,0,Unknown,No,2023-07-18
44,Services,Divorced,Secondary,No,0,Yes,No,Unknown,4,Jun,389,5,-1,0,Unknown,No,2023-06-04
47,Unknown,Married,Unknown,No,677,No,No,Cellular,7,Aug,384,1,99,4,Success,No,2023-08-07
41,Self-Employed,Married,Primary,No,340,No,No,Unknown,6,Jun,37,3,-1,0,Unknown,No,2023-06-06
54,Technician,Married,Tertiary,No,98,No,No,Cellular,8,Aug,420,4,-1,0,Unknown,No,2023-08-08
47,Technician,Divorced,Tertiary,No,477,Yes,No,Telephone,7,May,973,1,366,1,Failure,No,2023-05-07
32,Management,Single,Tertiary,No,2629,No,No,Cellular,28,Aug,77,4,-1,0,Unknown,No,2023-08-28
59,Housemaid,Married,Tertiary,No,0,No,Yes,Cellular,29,Jul,376,2,-1,0,Unknown,No,2023-07-29
29,Technician,Single,Tertiary,No,2325,No,No,Cellular,2,Feb,125,1,-1,0,Unknown,Yes,2023-02-02
48,Services,Married,Secondary,Yes,-20,No,No,Cellular,20,Aug,142,2,-1,0,Unknown,No,2023-08-20
32,Technician,Single,Secondary,No,230,Yes,No,Cellular,18,May,442,1,266,8,Failure,Yes,2023-05-18
46,Management,Divorced,Secondary,No,-852,No,Yes,Cellular,29,Aug,728,2,-1,0,Unknown,No,2023-08-29
31,Blue-Collar,Single,Primary,No,-280,No,No,Unknown,21,May,281,3,-1,0,Unknown,No,2023-05-21
53,Blue-Collar,Married,Secondary,No,25,No,No,Cellular,22,Aug,528,2,-1,0,Unknown,Yes,2023-08-22
34,Technician,Single,Tertiary,No,9851,Yes,No,Cellular,20,Nov,128,5,-1,0,Unknown,No,2023-11-20
48,Services,Single,Unknown,No,5095,Yes,No,Unknown,16,Jun,71,1,-1,0,Unknown,No,2023-06-16
32,Technician,Married,Secondary,No,687,No,No,Cellular,20,Aug,161,4,-1,0,Unknown,No,2023-08-20
31,Management,Married,Secondary,No,1368,Yes,No,Cellular,12,Aug,129,4,-1,0,Unknown,No,2023-08-12
27,Blue-Collar,Single,Primary,No,-179,Yes,No,Cellular,15,May,54,2,-1,0,Unknown,No,2023-05-15
60,Admin.,Married,Secondary,No,-396,Yes,No,Cellular,11,May,443,1,350,1,Failure,No,2023-05-11
34,Blue-Collar,Single,Tertiary,No,1011,Yes,No,Unknown,6,May,136,1,-1,0,Unknown,No,2023-05-06
52,Self-Employed,Married,Secondary,No,9,No,Yes,Unknown,6,Jun,44,1,-1,0,Unknown,No,2023-06-06
48,Blue-Collar,Married,Secondary,No,1159,Yes,Yes,Cellular,15,May,1181,9,-1,0,Unknown,No,2023-05-15
45,Technician,Married,Primary,No,-322,No,No,Unknown,9,Jun,225,2,-1,0,Unknown,No,2023-06-09
54,Technician,Divorced,Secondary,No,1114,Yes,No,Cellular,30,Jan,81,1,-1,0,Unknown,No,2023-01-30
52,Services,Married,Secondary,No,2072,No,No,Cellular,10,Jul,224,1,-1,0,Unknown,No,2023-07-10
47,Entrepreneur,Married,Tertiary,No,459,Yes,No,Cellular,29,Jul,189,4,-1,0,Unknown,No,2023-07-29
54,Unknown,Married,Secondary,No,1157,No,No,Cellular,26,May,98,2,-1,0,Unknown,No,2023-05-26
34,Blue-Collar,Married,Secondary,No,8309,Yes,Yes,Cellular,19,Nov,50,1,-1,0,Unknown,No,2023-11-19
39,Technician,Single,Tertiary,No,1043,No,No,Cellular,18,Aug,195,10,-1,0,Unknown,No,2023-08-18
46,Technician,Married,Secondary,No,2098,No,No,Cellular,7,Aug,110,2,-1,0,Unknown,No,2023-08-07
26,Unemployed,Single,Secondary,No,461,No,No,Cellular,28,Jan,214,1,-1,0,Unknown,No,2023-01-28
37,Technician,Single,Secondary,No,61,Yes,No,Unknown,19,May,182,8,-1,0,Unknown,No,2023-05-19
47,Blue-Collar,Married,Secondary,No,1203,Yes,No,Cellular,17,Apr,239,2,-1,0,Unknown,No,2023-04-17
35,Technician,Married,Secondary,No,1067,No,Yes,Cellular,12,Aug,179,6,-1,0,Unknown,No,2023-08-12
57,Unemployed,Married,Primary,No,0,No,No,Unknown,9,Jun,540,1,-1,0,Unknown,No,2023-06-09
34,Management,Married,Tertiary,No,1657,Yes,No,Cellular,18,May,566,2,356,4,Failure,No,2023-05-18
47,Technician,Married,Secondary,No,1219,No,No,Cellular,18,Aug,697,4,-1,0,Unknown,Yes,2023-08-18
27,Technician,Married,Secondary,No,7,Yes,No,Unknown,15,May,98,2,-1,0,Unknown,No,2023-05-15
40,Blue-Collar,Married,Secondary,No,-839,Yes,Yes,Cellular,16,Jul,1018,2,-1,0,Unknown,Yes,2023-07-16
39,Technician,Married,Secondary,No,994,No,No,Cellular,5,Feb,221,1,241,1,Failure,No,2023-02-05
36,Entrepreneur,Married,Tertiary,No,6,No,No,Telephone,30,Oct,246,1,-1,0,Unknown,No,2023-10-30
42,Technician,Single,Secondary,No,0,No,No,Cellular,21,Aug,656,2,-1,0,Unknown,No,2023-08-21
23,Blue-Collar,Single,Primary,No,8627,Yes,No,Unknown,3,Jun,281,1,-1,0,Unknown,No,2023-06-03
34,Management,Married,Tertiary,No,133,Yes,No,Unknown,8,May,65,1,-1,0,Unknown,No,2023-05-08
34,Blue-Collar,Married,Secondary,No,247,Yes,Yes,Unknown,26,May,193,5,-1,0,Unknown,No,2023-05-26
49,Services,Married,Secondary,No,1114,No,No,Cellular,17,Nov,283,1,-1,0,Unknown,No,2023-11-17
57,Blue-Collar,Married,Primary,No,1592,No,Yes,Unknown,20,Jun,78,4,-1,0,Unknown,No,2023-06-20
59,Retired,Married,Unknown,No,0,No,No,Unknown,8,May,425,6,-1,0,Unknown,No,2023-05-08
57,Admin.,Married,Tertiary,No,46,No,No,Cellular,7,Aug,238,2,-1,0,Unknown,No,2023-08-07
34,Blue-Collar,Married,Secondary,No,1221,Yes,No,Cellular,6,May,182,1,90,8,Failure,No,2023-05-06
61,Management,Married,Secondary,No,985,No,No,Cellular,18,Aug,998,6,-1,0,Unknown,Yes,2023-08-18
35,Blue-Collar,Divorced,Secondary,No,0,Yes,No,Unknown,8,May,477,1,-1,0,Unknown,No,2023-05-08
42,Management,Married,Tertiary,No,520,No,No,Cellular,4,Nov,158,1,-1,0,Unknown,No,2023-11-04
57,Services,Married,Tertiary,No,10,No,No,Telephone,8,Jul,320,3,-1,0,Unknown,No,2023-07-08
42,Blue-Collar,Married,Secondary,No,2157,Yes,No,Cellular,13,May,149,1,364,2,Failure,No,2023-05-13
53,Retired,Married,Secondary,No,6095,Yes,Yes,Cellular,14,May,410,5,-1,0,Unknown,No,2023-05-14
63,Retired,Married,Tertiary,No,133,Yes,No,Cellular,13,Feb,104,2,-1,0,Unknown,No,2023-02-13
47,Self-Employed,Married,Secondary,No,1121,No,No,Unknown,20,Jun,454,6,-1,0,Unknown,No,2023-06-20
54,Services,Married,Secondary,No,88,Yes,No,Unknown,13,May,190,1,-1,0,Unknown,No,2023-05-13
45,Admin.,Married,Secondary,No,0,No,No,Cellular,19,Aug,145,10,-1,0,Unknown,No,2023-08-19
28,Management,Single,Tertiary,No,-328,Yes,No,Telephone,2,Feb,318,2,-1,0,Unknown,No,2023-02-02
58,Unemployed,Married,Secondary,No,610,Yes,No,Telephone,29,Jul,246,2,-1,0,Unknown,No,2023-07-29
48,Management,Single,Tertiary,No,414,No,No,Cellular,21,Jul,761,2,-1,0,Unknown,No,2023-07-21
35,Management,Divorced,Tertiary,No,0,Yes,No,Telephone,29,Oct,171,1,-1,0,Unknown,Yes,2023-10-29
37,Self-Employed,Married,Tertiary,No,0,No,No,Unknown,6,Jun,143,1,-1,0,Unknown,No,2023-06-06
37,Blue-Collar,Married,Secondary,No,685,Yes,No,Unknown,6,Jun,968,1,-1,0,Unknown,No,2023-06-06
37,Management,Married,Primary,No,22856,No,No,Cellular,2,Jul,154,1,388,1,Failure,No,2023-07-02
25,Services,Single,Secondary,No,-352,No,No,Cellular,15,Jul,246,1,-1,0,Unknown,No,2023-07-15
58,Blue-Collar,Married,Secondary,No,602,Yes,No,Cellular,13,May,201,1,-1,0,Unknown,No,2023-05-13
52,Management,Married,Secondary,No,-588,Yes,No,Cellular,22,Jul,81,4,-1,0,Unknown,No,2023-07-22
19,Student,Single,Secondary,No,302,No,No,Cellular,16,Jul,205,1,-1,0,Unknown,Yes,2023-07-16
59,Blue-Collar,Married,Secondary,No,5314,Yes,No,Cellular,5,May,200,3,-1,0,Unknown,No,2023-05-05
41,Technician,Married,Secondary,No,64,Yes,Yes,Unknown,8,May,210,2,-1,0,Unknown,No,2023-05-08
34,Technician,Single,Tertiary,No,632,No,No,Cellular,22,Aug,215,10,-1,0,Unknown,No,2023-08-22
35,Technician,Single,Secondary,No,5731,Yes,No,Cellular,4,May,164,2,167,4,Other,No,2023-05-04
41,Technician,Married,Secondary,No,902,No,No,Unknown,16,Jun,35,6,-1,0,Unknown,No,2023-06-16
28,Blue-Collar,Single,Secondary,No,6307,Yes,No,Unknown,28,May,615,1,-1,0,Unknown,No,2023-05-28
53,Management,Divorced,Secondary,No,112,No,Yes,Cellular,11,Aug,246,3,-1,0,Unknown,No,2023-08-11
35,Services,Married,Secondary,No,0,No,Yes,Telephone,9,Jul,42,1,-1,0,Unknown,No,2023-07-09
33,Admin.,Single,Tertiary,No,621,No,No,Cellular,8,Jul,217,1,-1,0,Unknown,No,2023-07-08
37,Technician,Single,Secondary,No,435,Yes,No,Unknown,26,May,210,1,-1,0,Unknown,No,2023-05-26
32,Technician,Married,Secondary,No,782,Yes,No,Unknown,26,May,116,4,-1,0,Unknown,No,2023-05-26
32,Blue-Collar,Married,Secondary,No,478,Yes,No,Unknown,3,Jun,200,1,-1,0,Unknown,No,2023-06-03
54,Services,Married,Unknown,No,7864,Yes,No,Unknown,15,May,145,4,-1,0,Unknown,No,2023-05-15
44,Blue-Collar,Married,Secondary,No,1910,Yes,No,Unknown,5,Jun,41,1,-1,0,Unknown,No,2023-06-05
36,Technician,Divorced,Tertiary,No,1174,Yes,No,Cellular,18,Nov,192,2,-1,0,Unknown,No,2023-11-18
56,Admin.,Married,Secondary,No,1270,Yes,No,Cellular,17,Nov,80,2,165,2,Other,No,2023-11-17
30,Management,Single,Tertiary,No,18,No,No,Unknown,20,May,121,11,-1,0,Unknown,No,2023-05-20
36,Blue-Collar,Married,Secondary,No,141,Yes,No,Unknown,23,May,106,3,-1,0,Unknown,No,2023-05-23
43,Management,Married,Tertiary,No,2886,No,No,Cellular,20,Nov,230,1,-1,0,Unknown,No,2023-11-20
40,Technician,Married,Secondary,No,2715,Yes,No,Unknown,29,May,125,2,-1,0,Unknown,No,2023-05-29
32,Technician,Single,Tertiary,No,1100,Yes,Yes,Cellular,11,Aug,67,1,-1,0,Unknown,No,2023-08-11
34,Blue-Collar,Married,Secondary,No,516,Yes,Yes,Unknown,2,Jun,26,1,-1,0,Unknown,No,2023-06-02
37,Services,Married,Secondary,No,1,No,No,Unknown,15,May,395,2,-1,0,Unknown,No,2023-05-15
28,Admin.,Single,Secondary,No,775,No,No,Cellular,29,Jan,603,2,-1,0,Unknown,No,2023-01-29
35,Unknown,Married,Primary,No,634,No,No,Cellular,7,Jul,185,2,-1,0,Unknown,No,2023-07-07
53,Blue-Collar,Single,Secondary,No,5715,No,No,Cellular,28,Jan,287,2,-1,0,Unknown,No,2023-01-28
60,Admin.,Married,Unknown,No,1088,Yes,No,Cellular,26,May,149,1,-1,0,Unknown,No,2023-05-26
40,Entrepreneur,Married,Secondary,No,1532,Yes,Yes,Cellular,18,Nov,173,7,-1,0,Unknown,No,2023-11-18
57,Retired,Married,Primary,No,75,No,No,Cellular,28,Aug,118,2,-1,0,Unknown,No,2023-08-28
29,Technician,Single,Secondary,No,103,No,No,Unknown,19,May,314,1,-1,0,Unknown,No,2023-05-19
44,Blue-Collar,Married,Primary,No,134,Yes,No,Cellular,7,May,378,1,-1,0,Unknown,No,2023-05-07
41,Admin.,Single,Secondary,No,748,No,No,Telephone,21,Nov,94,7,130,3,Other,No,2023-11-21
47,Technician,Married,Secondary,No,1990,Yes,Yes,Cellular,25,Aug,108,4,-1,0,Unknown,No,2023-08-25
43,Technician,Married,Tertiary,No,192,No,No,Cellular,5,Aug,203,2,-1,0,Unknown,No,2023-08-05
37,Technician,Single,Secondary,No,267,No,No,Cellular,13,May,121,1,-1,0,Unknown,No,2023-05-13
34,Technician,Single,Tertiary,No,586,Yes,No,Unknown,16,May,489,2,-1,0,Unknown,No,2023-05-16
30,Blue-Collar,Single,Secondary,No,648,Yes,Yes,Unknown,8,May,287,1,-1,0,Unknown,No,2023-05-08
57,Entrepreneur,Divorced,Secondary,Yes,25,Yes,No,Cellular,11,May,652,1,370,4,Other,No,2023-05-11
26,Admin.,Single,Secondary,No,96,Yes,No,Cellular,13,May,612,2,348,3,Other,No,2023-05-13
34,Management,Married,Tertiary,No,1116,Yes,No,Cellular,25,Jul,53,5,-1,0,Unknown,No,2023-07-25
46,Technician,Divorced,Secondary,No,-90,No,Yes,Telephone,17,Oct,270,1,-1,0,Unknown,Yes,2023-10-17
38,Entrepreneur,Married,Tertiary,No,170,Yes,No,Cellular,18,May,442,1,-1,0,Unknown,Yes,2023-05-18
37,Technician,Single,Secondary,No,3665,No,No,Cellular,12,Aug,664,3,-1,0,Unknown,Yes,2023-08-12
28,Management,Single,Tertiary,No,2380,No,No,Cellular,14,Sep,394,2,-1,0,Unknown,No,2023-09-14
57,Blue-Collar,Married,Primary,No,179,No,No,Unknown,9,Jun,230,3,-1,0,Unknown,No,2023-06-09
39,Management,Married,Tertiary,No,763,Yes,No,Cellular,11,May,877,7,300,2,Other,Yes,2023-05-11
49,Services,Married,Secondary,No,320,No,No,Telephone,9,Feb,1971,4,-1,0,Unknown,Yes,2023-02-09
38,Technician,Married,Secondary,No,1960,Yes,No,Cellular,21,Aug,161,2,-1,0,Unknown,No,2023-08-21
27,Blue-Collar,Married,Secondary,No,818,Yes,No,Unknown,3,Jun,188,5,-1,0,Unknown,No,2023-06-03
30,Admin.,Married,Secondary,No,2678,Yes,No,Cellular,18,May,23,5,-1,0,Unknown,No,2023-05-18
38,Admin.,Married,Tertiary,No,1980,No,No,Cellular,5,Aug,176,2,-1,0,Unknown,No,2023-08-05
36,Management,Married,Tertiary,No,1582,No,No,Telephone,3,Feb,26,2,197,1,Failure,No,2023-02-03
38,Retired,Single,Unknown,No,62,No,No,Unknown,19,Jun,212,1,-1,0,Unknown,No,2023-06-19
59,Housemaid,Married,Primary,No,235,No,No,Cellular,13,Aug,119,2,-1,0,Unknown,No,2023-08-13
37,Management,Married,Tertiary,No,489,Yes,No,Cellular,7,Aug,205,5,-1,0,Unknown,No,2023-08-07
29,Self-Employed,Married,Tertiary,No,3931,Yes,No,Unknown,3,Jun,73,4,-1,0,Unknown,No,2023-06-03
43,Blue-Collar,Married,Secondary,No,699,Yes,Yes,Cellular,20,Nov,1258,2,122,2,Other,Yes,2023-11-20
33,Technician,Married,Secondary,No,58,Yes,No,Telephone,29,Aug,57,2,-1,0,Unknown,No,2023-08-29
54,Housemaid,Divorced,Secondary,No,1327,No,No,Unknown,5,Jun,115,2,-1,0,Unknown,No,2023-06-05
55,Services,Married,Secondary,No,557,No,No,Unknown,19,Jun,58,1,-1,0,Unknown,No,2023-06-19
32,Technician,Single,Tertiary,No,741,Yes,No,Cellular,11,Aug,238,1,-1,0,Unknown,No,2023-08-11
48,Management,Married,Primary,No,3230,Yes,No,Telephone,20,Nov,207,3,-1,0,Unknown,No,2023-11-20
33,Management,Single,Tertiary,No,1439,Yes,No,Cellular,3,Jun,178,2,-1,0,Unknown,No,2023-06-03
46,Admin.,Married,Secondary,No,120,Yes,No,Unknown,14,May,20,11,-1,0,Unknown,No,2023-05-14
44,Management,Married,Tertiary,No,1058,No,No,Cellular,11,Mar,188,3,-1,0,Unknown,Yes,2023-03-11
47,Blue-Collar,Married,Primary,No,881,Yes,No,Cellular,14,May,143,1,370,2,Failure,No,2023-05-14
38,Technician,Married,Secondary,No,6728,No,No,Cellular,25,Nov,232,1,96,4,Success,Yes,2023-11-25
80,Retired,Married,Secondary,No,462,No,No,Cellular,7,Dec,127,2,-1,0,Unknown,No,2023-12-07
40,Self-Employed,Married,Secondary,No,167,Yes,Yes,Cellular,8,May,380,4,295,1,Failure,No,2023-05-08
43,Entrepreneur,Married,Tertiary,No,1574,Yes,No,Cellular,19,Nov,167,3,-1,0,Unknown,No,2023-11-19
32,Technician,Single,Tertiary,No,1625,No,No,Cellular,22,May,796,1,109,1,Failure,Yes,2023-05-22
39,Management,Married,Tertiary,No,562,No,No,Cellular,13,Sep,303,2,-1,0,Unknown,No,2023-09-13
33,Technician,Married,Secondary,No,9305,Yes,No,Cellular,17,Apr,407,2,-1,0,Unknown,No,2023-04-17
31,Technician,Single,Secondary,No,35,No,Yes,Cellular,16,Jul,229,1,-1,0,Unknown,No,2023-07-16
36,Management,Single,Tertiary,No,0,No,No,Cellular,11,Aug,108,2,-1,0,Unknown,No,2023-08-11
35,Management,Single,Tertiary,No,2486,Yes,No,Cellular,25,May,265,1,-1,0,Unknown,No,2023-05-25
25,Services,Single,Secondary,No,368,No,No,Telephone,25,Jul,168,1,-1,0,Unknown,No,2023-07-25
33,Management,Single,Secondary,No,1558,Yes,No,Cellular,17,Apr,97,1,-1,0,Unknown,No,2023-04-17
23,Blue-Collar,Single,Primary,No,8627,Yes,No,Cellular,15,May,169,1,346,1,Failure,No,2023-05-15
31,Management,Single,Tertiary,No,2590,No,No,Cellular,23,Sep,103,2,484,2,Other,No,2023-09-23
36,Management,Married,Tertiary,No,0,Yes,Yes,Unknown,3,Jun,599,3,-1,0,Unknown,No,2023-06-03
44,Technician,Single,Tertiary,No,900,Yes,No,Cellular,29,Jan,322,2,-1,0,Unknown,No,2023-01-29
31,Management,Single,Tertiary,No,385,Yes,No,Unknown,21,May,304,1,-1,0,Unknown,No,2023-05-21
55,Blue-Collar,Married,Primary,No,1649,Yes,No,Cellular,12,May,52,3,-1,0,Unknown,No,2023-05-12
51,Housemaid,Divorced,Secondary,No,9228,No,No,Cellular,18,Jul,655,4,-1,0,Unknown,Yes,2023-07-18
36,Admin.,Married,Secondary,No,0,Yes,Yes,Cellular,9,Feb,101,2,-1,0,Unknown,No,2023-02-09
27,Unemployed,Single,Tertiary,No,1,No,No,Cellular,3,Feb,65,2,-1,0,Unknown,No,2023-02-03
40,Services,Married,Secondary,No,771,Yes,No,Cellular,15,May,173,4,-1,0,Unknown,No,2023-05-15
49,Services,Married,Secondary,No,280,Yes,No,Telephone,14,Jul,162,3,-1,0,Unknown,No,2023-07-14
59,Retired,Married,Primary,No,46,No,No,Cellular,14,Aug,78,2,-1,0,Unknown,No,2023-08-14
32,Management,Married,Tertiary,No,2431,Yes,No,Cellular,14,May,646,5,-1,0,Unknown,Yes,2023-05-14
42,Retired,Single,Tertiary,No,308,No,No,Cellular,30,Jan,114,2,-1,0,Unknown,No,2023-01-30
35,Management,Divorced,Tertiary,No,160,Yes,No,Unknown,4,Jun,141,6,-1,0,Unknown,No,2023-06-04
29,Blue-Collar,Single,Secondary,No,555,Yes,No,Cellular,15,May,133,4,-1,0,Unknown,No,2023-05-15
29,Technician,Single,Secondary,No,778,Yes,No,Unknown,6,Jun,1994,2,-1,0,Unknown,No,2023-06-06
37,Blue-Collar,Single,Secondary,No,48,No,No,Cellular,6,May,140,2,-1,0,Unknown,No,2023-05-06
49,Admin.,Married,Primary,No,169,Yes,No,Cellular,15,May,82,3,-1,0,Unknown,No,2023-05-15
51,Services,Divorced,Secondary,No,12,Yes,No,Cellular,17,Nov,150,1,-1,0,Unknown,No,2023-11-17
61,Housemaid,Married,Primary,No,848,No,No,Cellular,27,Apr,605,1,187,1,Other,No,2023-04-27
43,Management,Married,Secondary,No,481,Yes,No,Telephone,18,Nov,164,1,110,2,Other,No,2023-11-18
42,Services,Married,Tertiary,No,12223,Yes,No,Cellular,19,Nov,36,1,-1,0,Unknown,No,2023-11-19
24,Blue-Collar,Married,Secondary,No,-254,Yes,Yes,Unknown,27,May,290,2,-1,0,Unknown,No,2023-05-27
46,Self-Employed,Married,Tertiary,No,1148,No,No,Telephone,29,Jul,104,2,-1,0,Unknown,No,2023-07-29
23,Admin.,Single,Secondary,No,5,No,No,Unknown,12,May,413,1,-1,0,Unknown,No,2023-05-12
26,Services,Single,Secondary,No,50,Yes,No,Cellular,12,Aug,153,1,-1,0,Unknown,No,2023-08-12
43,Blue-Collar,Divorced,Primary,No,92,Yes,No,Unknown,15,May,237,2,-1,0,Unknown,No,2023-05-15
35,Technician,Single,Tertiary,No,470,Yes,No,Cellular,25,Jul,743,13,-1,0,Unknown,Yes,2023-07-25
38,Technician,Married,Secondary,No,0,No,No,Cellular,28,Aug,82,4,-1,0,Unknown,No,2023-08-28
56,Unemployed,Divorced,Primary,No,109,No,No,Cellular,15,Jul,924,4,-1,0,Unknown,No,2023-07-15
31,Services,Married,Secondary,No,440,Yes,No,Unknown,17,Jun,117,3,-1,0,Unknown,No,2023-06-17
32,Management,Single,Tertiary,No,0,No,No,Cellular,5,Feb,550,4,-1,0,Unknown,Yes,2023-02-05
28,Services,Single,Secondary,No,2685,No,Yes,Unknown,24,Aug,5,1,-1,0,Unknown,No,2023-08-24
26,Admin.,Divorced,Secondary,Yes,-3,Yes,No,Unknown,13,May,181,5,-1,0,Unknown,No,2023-05-13
49,Management,Married,Tertiary,No,7007,No,No,Cellular,17,Nov,325,2,-1,0,Unknown,No,2023-11-17
33,Admin.,Married,Secondary,No,220,Yes,No,Unknown,27,May,345,1,-1,0,Unknown,No,2023-05-27
80,Retired,Married,Primary,No,1548,No,No,Cellular,6,Aug,331,2,-1,0,Unknown,No,2023-08-06
40,Blue-Collar,Married,Secondary,No,326,Yes,Yes,Cellular,7,Jul,112,1,-1,0,Unknown,No,2023-07-07
42,Technician,Divorced,Secondary,No,0,Yes,No,Unknown,30,May,115,6,-1,0,Unknown,No,2023-05-30
46,Blue-Collar,Married,Secondary,No,123,No,No,Cellular,20,Aug,381,3,-1,0,Unknown,No,2023-08-20
32,Management,Single,Tertiary,No,697,No,No,Cellular,7,Aug,119,1,99,3,Failure,No,2023-08-07
37,Services,Single,Tertiary,No,223,Yes,No,Unknown,28,May,25,1,-1,0,Unknown,No,2023-05-28
32,Student,Married,Secondary,No,1694,Yes,No,Cellular,28,Jan,929,1,-1,0,Unknown,No,2023-01-28
53,Management,Married,Tertiary,No,4446,Yes,No,Unknown,14,May,429,1,-1,0,Unknown,No,2023-05-14
39,Management,Married,Tertiary,No,894,Yes,No,Cellular,20,Apr,491,1,326,1,Other,No,2023-04-20
31,Technician,Divorced,Secondary,No,202,Yes,No,Cellular,18,Jul,146,1,-1,0,Unknown,No,2023-07-18
34,Management,Single,Tertiary,No,0,No,No,Cellular,21,Aug,191,2,-1,0,Unknown,No,2023-08-21
44,Technician,Married,Tertiary,No,1707,No,No,Cellular,8,Aug,406,3,-1,0,Unknown,No,2023-08-08
35,Technician,Married,Secondary,No,13658,Yes,No,Telephone,9,Dec,220,2,-1,0,Unknown,No,2023-12-09
39,Admin.,Married,Secondary,No,406,No,No,Cellular,30,Jul,253,5,-1,0,Unknown,No,2023-07-30
55,Services,Married,Secondary,No,96,No,No,Telephone,30,Jul,340,2,-1,0,Unknown,No,2023-07-30
34,Housemaid,Married,Secondary,No,0,Yes,No,Unknown,30,Oct,154,1,-1,0,Unknown,Yes,2023-10-30
39,Technician,Married,Tertiary,No,-276,No,Yes,Cellular,11,Aug,121,4,-1,0,Unknown,No,2023-08-11
58,Retired,Married,Secondary,No,413,No,No,Cellular,27,Aug,104,5,-1,0,Unknown,No,2023-08-27
37,Blue-Collar,Married,Primary,No,655,Yes,No,Cellular,5,Feb,127,2,258,4,Failure,No,2023-02-05
56,Retired,Divorced,Primary,No,694,No,No,Cellular,29,Jan,144,1,102,1,Other,Yes,2023-01-29
32,Admin.,Single,Secondary,No,10218,Yes,No,Cellular,19,Nov,149,2,-1,0,Unknown,No,2023-11-19
41,Technician,Single,Tertiary,No,1646,Yes,No,Cellular,4,Feb,261,1,184,6,Success,Yes,2023-02-04
29,Admin.,Single,Tertiary,No,14,No,No,Cellular,29,Sep,87,1,120,1,Failure,No,2023-09-29
44,Management,Married,Tertiary,No,7635,No,No,Cellular,21,Aug,719,5,-1,0,Unknown,No,2023-08-21
24,Blue-Collar,Married,Secondary,No,9,Yes,No,Unknown,27,May,292,7,-1,0,Unknown,No,2023-05-27
43,Management,Single,Secondary,No,1029,Yes,No,Unknown,2,Jun,145,1,-1,0,Unknown,No,2023-06-02
26,Admin.,Married,Tertiary,No,2855,No,No,Cellular,30,Mar,52,3,-1,0,Unknown,No,2023-03-30
39,Admin.,Married,Secondary,No,260,Yes,No,Cellular,17,Apr,146,1,281,1,Failure,No,2023-04-17
49,Blue-Collar,Married,Secondary,No,2039,Yes,No,Cellular,6,May,451,1,169,2,Failure,Yes,2023-05-06
52,Blue-Collar,Divorced,Primary,No,-97,Yes,Yes,Unknown,9,May,167,4,-1,0,Unknown,No,2023-05-09
33,Blue-Collar,Married,Tertiary,No,1465,No,No,Cellular,19,Aug,98,4,-1,0,Unknown,No,2023-08-19
30,Blue-Collar,Married,Secondary,No,125,Yes,No,Unknown,29,May,238,2,-1,0,Unknown,No,2023-05-29
32,Technician,Single,Tertiary,No,930,No,No,Cellular,27,Aug,85,7,-1,0,Unknown,No,2023-08-27
27,Management,Single,Tertiary,No,0,Yes,No,Cellular,30,Jan,323,4,-1,0,Unknown,No,2023-01-30
58,Blue-Collar,Married,Primary,No,73,No,No,Unknown,17,Jun,116,1,-1,0,Unknown,No,2023-06-17
46,Retired,Married,Primary,No,-35,Yes,No,Cellular,7,May,304,3,-1,0,Unknown,No,2023-05-07
28,Management,Single,Tertiary,No,1351,No,No,Cellular,10,Dec,267,1,-1,0,Unknown,No,2023-12-10
39,Services,Married,Primary,No,1601,Yes,No,Unknown,23,May,201,2,-1,0,Unknown,No,2023-05-23
41,Services,Married,Unknown,No,88,Yes,No,Cellular,11,May,105,1,336,2,Failure,No,2023-05-11
38,Services,Married,Secondary,No,435,Yes,No,Unknown,23,May,193,2,-1,0,Unknown,No,2023-05-23
50,Unemployed,Divorced,Secondary,No,717,Yes,No,Cellular,30,Jan,113,1,-1,0,Unknown,No,2023-01-30
56,Services,Married,Secondary,No,705,Yes,No,Unknown,29,May,151,2,-1,0,Unknown,No,2023-05-29
34,Technician,Married,Secondary,No,1553,No,No,Cellular,20,Aug,200,2,-1,0,Unknown,No,2023-08-20
33,Blue-Collar,Divorced,Secondary,No,-131,Yes,No,Unknown,16,May,145,1,-1,0,Unknown,No,2023-05-16
61,Technician,Married,Secondary,No,1191,No,No,Cellular,21,May,214,4,-1,0,Unknown,Yes,2023-05-21
36,Admin.,Single,Secondary,No,47,No,Yes,Cellular,9,Jul,36,6,-1,0,Unknown,No,2023-07-09
34,Technician,Married,Tertiary,No,544,Yes,Yes,Cellular,18,Nov,58,2,-1,0,Unknown,No,2023-11-18
36,Blue-Collar,Married,Secondary,No,688,Yes,No,Unknown,6,May,174,2,-1,0,Unknown,No,2023-05-06
45,Management,Married,Tertiary,No,242,No,No,Cellular,30,Apr,587,1,-1,0,Unknown,Yes,2023-04-30
27,Student,Single,Tertiary,No,118,No,No,Cellular,25,May,112,1,-1,0,Unknown,No,2023-05-25
45,Admin.,Married,Secondary,No,-388,Yes,No,Cellular,14,Jul,175,2,-1,0,Unknown,No,2023-07-14
40,Self-Employed,Married,Tertiary,No,1603,No,No,Unknown,17,Jun,279,1,-1,0,Unknown,No,2023-06-17
36,Management,Single,Secondary,No,1511,Yes,No,Cellular,16,Nov,270,1,-1,0,Unknown,Yes,2023-11-16
46,Blue-Collar,Married,Primary,No,147,Yes,No,Cellular,6,May,116,2,169,3,Failure,No,2023-05-06
37,Entrepreneur,Married,Tertiary,No,836,Yes,No,Unknown,27,May,129,2,-1,0,Unknown,No,2023-05-27
36,Technician,Married,Secondary,No,55,Yes,No,Cellular,13,May,38,2,369,4,Failure,No,2023-05-13
37,Admin.,Married,Secondary,No,1123,No,Yes,Unknown,28,May,138,1,-1,0,Unknown,No,2023-05-28
22,Student,Single,Tertiary,No,691,No,No,Cellular,19,Aug,338,1,-1,0,Unknown,Yes,2023-08-19
51,Services,Married,Secondary,No,0,No,Yes,Unknown,26,Jun,565,3,-1,0,Unknown,No,2023-06-26
49,Technician,Married,Secondary,No,12531,No,No,Cellular,13,Aug,77,8,-1,0,Unknown,No,2023-08-13
35,Management,Married,Tertiary,No,552,Yes,Yes,Cellular,19,Nov,314,2,124,1,Failure,No,2023-11-19
50,Housemaid,Married,Primary,No,0,No,No,Unknown,20,Jun,179,2,-1,0,Unknown,No,2023-06-20
31,Services,Married,Tertiary,No,309,Yes,Yes,Unknown,7,May,294,1,-1,0,Unknown,No,2023-05-07
47,Services,Single,Secondary,No,33,Yes,No,Cellular,5,May,298,1,-1,0,Unknown,No,2023-05-05
59,Blue-Collar,Married,Secondary,No,681,Yes,No,Telephone,14,Apr,427,2,-1,0,Unknown,No,2023-04-14
32,Blue-Collar,Married,Secondary,No,1787,Yes,No,Cellular,12,May,87,4,357,4,Failure,No,2023-05-12
71,Retired,Married,Tertiary,No,14220,Yes,No,Cellular,9,Sep,397,1,-1,0,Unknown,Yes,2023-09-09
31,Management,Single,Tertiary,No,12569,No,No,Cellular,9,Sep,344,1,295,1,Failure,Yes,2023-09-09
41,Blue-Collar,Married,Primary,No,4,No,No,Cellular,23,Jul,74,5,-1,0,Unknown,No,2023-07-23
35,Blue-Collar,Married,Primary,No,3587,Yes,No,Unknown,30,May,148,4,-1,0,Unknown,No,2023-05-30
36,Management,Married,Tertiary,No,254,No,No,Unknown,6,Jun,161,3,-1,0,Unknown,No,2023-06-06
46,Blue-Collar,Divorced,Primary,No,1712,No,No,Unknown,19,Jun,110,1,-1,0,Unknown,No,2023-06-19
46,Blue-Collar,Married,Secondary,No,4855,Yes,No,Cellular,10,Aug,1529,1,397,1,Failure,No,2023-08-10
47,Technician,Married,Tertiary,No,2408,No,No,Cellular,12,Aug,236,1,104,1,Success,No,2023-08-12
35,Management,Single,Tertiary,No,252,Yes,No,Cellular,8,Aug,89,2,-1,0,Unknown,No,2023-08-08
37,Blue-Collar,Married,Secondary,No,346,Yes,No,Cellular,17,Apr,390,1,316,1,Failure,No,2023-04-17
56,Admin.,Married,Secondary,No,45,No,No,Unknown,5,May,1467,1,-1,0,Unknown,Yes,2023-05-05
46,Admin.,Married,Secondary,No,556,Yes,Yes,Unknown,15,May,646,3,-1,0,Unknown,Yes,2023-05-15
44,Management,Divorced,Tertiary,No,-710,Yes,No,Cellular,10,Jul,183,1,-1,0,Unknown,No,2023-07-10
48,Technician,Single,Tertiary,No,-551,Yes,No,Cellular,11,May,168,2,-1,0,Unknown,No,2023-05-11
28,Blue-Collar,Single,Secondary,No,56,Yes,No,Unknown,23,May,66,1,-1,0,Unknown,No,2023-05-23
38,Entrepreneur,Married,Tertiary,No,1514,No,Yes,Cellular,21,Nov,160,3,120,3,Failure,No,2023-11-21
34,Management,Single,Tertiary,No,178,Yes,No,Cellular,15,May,14,2,-1,0,Unknown,No,2023-05-15
56,Technician,Married,Secondary,No,359,Yes,No,Unknown,6,Jun,220,4,-1,0,Unknown,No,2023-06-06
55,Retired,Divorced,Secondary,No,1580,No,Yes,Unknown,19,Jun,1007,1,-1,0,Unknown,Yes,2023-06-19
44,Blue-Collar,Divorced,Secondary,No,221,No,No,Cellular,30,Jul,149,13,-1,0,Unknown,No,2023-07-30
38,Technician,Married,Tertiary,No,1161,Yes,No,Unknown,8,May,665,1,-1,0,Unknown,No,2023-05-08
53,Retired,Married,Secondary,No,1278,Yes,No,Telephone,15,Jul,174,3,-1,0,Unknown,No,2023-07-15
41,Admin.,Single,Tertiary,No,982,No,No,Cellular,23,Jul,105,1,-1,0,Unknown,No,2023-07-23
34,Technician,Single,Secondary,No,16,No,No,Cellular,13,Aug,990,1,-1,0,Unknown,Yes,2023-08-13
34,Management,Single,Tertiary,No,1,No,No,Cellular,19,Nov,582,1,-1,0,Unknown,No,2023-11-19
35,Services,Married,Secondary,No,128,Yes,No,Cellular,12,May,136,1,-1,0,Unknown,No,2023-05-12
38,Entrepreneur,Single,Secondary,No,2543,No,No,Cellular,10,Aug,223,1,414,4,Failure,Yes,2023-08-10
42,Entrepreneur,Married,Tertiary,No,42045,No,No,Cellular,8,Aug,205,2,-1,0,Unknown,No,2023-08-08
56,Blue-Collar,Married,Primary,No,828,Yes,No,Cellular,14,May,214,1,349,1,Failure,No,2023-05-14
37,Management,Divorced,Tertiary,No,0,Yes,No,Cellular,11,May,217,6,-1,0,Unknown,No,2023-05-11
47,Housemaid,Married,Secondary,No,3940,Yes,No,Cellular,9,Nov,171,2,96,5,Success,No,2023-11-09
29,Blue-Collar,Married,Secondary,No,125,Yes,No,Unknown,13,May,50,1,-1,0,Unknown,No,2023-05-13
41,Management,Married,Tertiary,No,140,Yes,No,Unknown,5,Jun,65,3,-1,0,Unknown,No,2023-06-05
43,Technician,Single,Secondary,No,593,Yes,No,Unknown,5,May,55,1,-1,0,Unknown,No,2023-05-05
38,Self-Employed,Married,Secondary,No,746,No,No,Unknown,20,Jun,256,3,-1,0,Unknown,No,2023-06-20
31,Technician,Married,Secondary,No,589,Yes,Yes,Unknown,21,May,151,1,-1,0,Unknown,No,2023-05-21
32,Management,Single,Tertiary,No,2343,No,No,Cellular,18,Jul,226,1,-1,0,Unknown,No,2023-07-18
40,Management,Married,Tertiary,No,294,Yes,No,Cellular,23,Jul,97,5,-1,0,Unknown,No,2023-07-23
45,Admin.,Married,Secondary,No,644,No,Yes,Telephone,22,Jul,92,1,-1,0,Unknown,No,2023-07-22
43,Management,Married,Secondary,No,-26,Yes,No,Unknown,16,May,343,1,-1,0,Unknown,No,2023-05-16
27,Services,Single,Secondary,No,3354,Yes,No,Cellular,14,May,493,5,-1,0,Unknown,No,2023-05-14
33,Management,Single,Tertiary,No,23,No,No,Cellular,20,Aug,216,3,-1,0,Unknown,No,2023-08-20
37,Admin.,Married,Secondary,No,7,Yes,No,Cellular,27,May,224,7,105,1,Other,No,2023-05-27
60,Admin.,Married,Secondary,No,3735,No,No,Cellular,22,Dec,190,1,188,9,Success,Yes,2023-12-22
51,Self-Employed,Married,Unknown,No,2094,No,No,Cellular,8,Jun,458,6,-1,0,Unknown,Yes,2023-06-08
44,Blue-Collar,Married,Secondary,No,508,Yes,No,Cellular,20,Apr,222,1,154,1,Failure,No,2023-04-20
48,Management,Married,Unknown,No,0,Yes,No,Cellular,8,May,612,1,344,1,Other,No,2023-05-08
57,Blue-Collar,Married,Primary,No,93,Yes,No,Telephone,17,Apr,137,1,-1,0,Unknown,No,2023-04-17
29,Technician,Single,Tertiary,No,0,Yes,No,Unknown,7,May,104,2,-1,0,Unknown,No,2023-05-07
50,Services,Married,Secondary,No,26394,No,No,Cellular,25,Aug,206,4,-1,0,Unknown,No,2023-08-25
36,Services,Married,Secondary,No,-11,Yes,No,Cellular,30,Jul,172,28,-1,0,Unknown,No,2023-07-30
49,Technician,Married,Tertiary,No,523,Yes,No,Cellular,3,Mar,152,2,-1,0,Unknown,Yes,2023-03-03
49,Technician,Married,Secondary,Yes,-74,Yes,No,Cellular,19,Nov,114,1,-1,0,Unknown,No,2023-11-19
35,Management,Married,Tertiary,No,0,No,No,Cellular,11,Jul,89,1,-1,0,Unknown,No,2023-07-11
39,Technician,Single,Secondary,No,122,Yes,No,Unknown,2,Jun,158,1,-1,0,Unknown,No,2023-06-02
34,Blue-Collar,Married,Primary,No,351,No,Yes,Cellular,14,Jul,326,11,-1,0,Unknown,No,2023-07-14
57,Self-Employed,Married,Secondary,No,35,No,Yes,Unknown,26,Jun,215,3,-1,0,Unknown,No,2023-06-26
37,Technician,Divorced,Secondary,No,2610,Yes,No,Cellular,13,May,53,1,-1,0,Unknown,No,2023-05-13
25,Services,Single,Secondary,No,64,No,No,Cellular,21,Jul,71,11,-1,0,Unknown,No,2023-07-21
43,Blue-Collar,Married,Primary,No,60,No,No,Cellular,8,May,487,2,367,2,Other,No,2023-05-08
37,Blue-Collar,Married,Secondary,No,342,Yes,No,Cellular,12,May,340,2,175,1,Failure,No,2023-05-12
36,Blue-Collar,Single,Tertiary,No,1830,No,No,Cellular,14,Oct,183,1,91,11,Failure,No,2023-10-14
49,Management,Divorced,Tertiary,No,1904,No,Yes,Cellular,17,Nov,131,2,-1,0,Unknown,No,2023-11-17
38,Management,Single,Tertiary,No,16957,Yes,No,Telephone,29,Jan,208,1,247,2,Failure,No,2023-01-29
39,Management,Divorced,Tertiary,No,26,No,No,Unknown,18,Jun,311,5,-1,0,Unknown,No,2023-06-18
40,Management,Married,Tertiary,No,0,No,No,Cellular,10,Nov,147,1,96,8,Success,Yes,2023-11-10
34,Admin.,Married,Secondary,No,79,Yes,No,Unknown,23,May,83,1,-1,0,Unknown,No,2023-05-23
39,Blue-Collar,Married,Primary,No,2303,Yes,No,Unknown,17,Jun,775,3,-1,0,Unknown,Yes,2023-06-17
53,Blue-Collar,Married,Secondary,No,65,No,No,Cellular,28,Aug,25,18,-1,0,Unknown,No,2023-08-28
44,Management,Married,Tertiary,No,332,Yes,No,Cellular,23,Jul,497,5,-1,0,Unknown,No,2023-07-23
32,Technician,Divorced,Secondary,No,-399,Yes,No,Unknown,2,Jun,180,1,-1,0,Unknown,No,2023-06-02
50,Technician,Divorced,Secondary,No,-54,Yes,Yes,Cellular,13,May,698,2,292,1,Failure,Yes,2023-05-13
29,Services,Married,Primary,No,-102,No,No,Unknown,4,Jul,134,1,-1,0,Unknown,No,2023-07-04
55,Unemployed,Married,Tertiary,No,4809,Yes,No,Cellular,21,Nov,223,2,186,3,Other,No,2023-11-21
73,Retired,Married,Primary,No,279,No,No,Cellular,28,Jan,399,3,-1,0,Unknown,Yes,2023-01-28
52,Technician,Married,Secondary,No,11,Yes,No,Unknown,13,May,420,1,-1,0,Unknown,No,2023-05-13
49,Services,Married,Secondary,No,2201,Yes,No,Unknown,15,May,233,3,-1,0,Unknown,No,2023-05-15
63,Retired,Married,Primary,No,8044,No,No,Cellular,12,Nov,702,1,-1,0,Unknown,No,2023-11-12
34,Admin.,Married,Secondary,No,2374,Yes,No,Cellular,9,Nov,161,1,209,2,Failure,Yes,2023-11-09
32,Admin.,Single,Secondary,No,92,Yes,No,Cellular,18,May,110,1,315,2,Failure,No,2023-05-18
49,Housemaid,Married,Tertiary,No,443,No,No,Cellular,8,Aug,27,6,-1,0,Unknown,No,2023-08-08
40,Blue-Collar,Married,Primary,No,1397,Yes,No,Telephone,12,May,58,2,334,1,Failure,No,2023-05-12
53,Entrepreneur,Married,Unknown,No,7,No,No,Cellular,20,Nov,68,1,-1,0,Unknown,No,2023-11-20
53,Technician,Married,Tertiary,No,3177,No,No,Cellular,8,Aug,92,2,-1,0,Unknown,No,2023-08-08
43,Blue-Collar,Married,Primary,No,232,No,Yes,Cellular,15,May,45,1,-1,0,Unknown,No,2023-05-15
35,Management,Single,Secondary,No,81,Yes,No,Cellular,29,Jan,79,1,-1,0,Unknown,No,2023-01-29
35,Services,Single,Secondary,No,414,Yes,No,Cellular,20,Apr,11,5,319,2,Other,No,2023-04-20
25,Student,Single,Tertiary,No,1433,Yes,No,Cellular,15,May,520,1,-1,0,Unknown,No,2023-05-15
31,Technician,Single,Unknown,No,187,No,No,Cellular,17,Jul,86,1,-1,0,Unknown,No,2023-07-17
48,Management,Married,Tertiary,No,0,No,No,Cellular,28,Aug,16,16,-1,0,Unknown,No,2023-08-28
40,Housemaid,Married,Secondary,No,4610,No,No,Cellular,14,Aug,154,2,-1,0,Unknown,No,2023-08-14
46,Blue-Collar,Married,Primary,No,1429,Yes,No,Unknown,14,May,91,1,-1,0,Unknown,No,2023-05-14
30,Services,Single,Secondary,No,334,No,No,Cellular,29,Jan,389,2,-1,0,Unknown,No,2023-01-29
47,Services,Married,Secondary,No,2,No,Yes,Cellular,21,Jul,71,15,-1,0,Unknown,No,2023-07-21
23,Services,Single,Secondary,No,500,Yes,No,Unknown,4,Jun,111,3,-1,0,Unknown,No,2023-06-04
29,Technician,Married,Tertiary,No,43,Yes,No,Unknown,20,May,68,2,-1,0,Unknown,No,2023-05-20
38,Technician,Married,Secondary,No,4030,Yes,No,Cellular,19,Nov,75,2,177,5,Failure,No,2023-11-19
56,Housemaid,Married,Primary,No,306,No,Yes,Cellular,8,Jul,212,1,-1,0,Unknown,No,2023-07-08
52,Admin.,Married,Secondary,No,0,No,No,Cellular,22,Apr,91,2,275,1,Failure,No,2023-04-22
55,Retired,Married,Secondary,No,168,No,No,Cellular,19,Aug,79,2,-1,0,Unknown,No,2023-08-19
43,Entrepreneur,Married,Tertiary,No,210,No,No,Cellular,29,Jul,646,2,-1,0,Unknown,No,2023-07-29
34,Blue-Collar,Married,Secondary,No,518,Yes,No,Cellular,11,May,206,1,-1,0,Unknown,No,2023-05-11
43,Management,Single,Tertiary,No,1696,Yes,No,Cellular,26,Aug,257,1,474,3,Failure,Yes,2023-08-26
55,Services,Married,Secondary,No,-31,No,Yes,Cellular,13,Aug,81,2,-1,0,Unknown,No,2023-08-13
34,Blue-Collar,Married,Secondary,No,856,Yes,No,Cellular,20,Apr,470,1,150,5,Other,No,2023-04-20
34,Management,Single,Tertiary,No,318,Yes,No,Unknown,9,May,133,2,-1,0,Unknown,No,2023-05-09
43,Self-Employed,Married,Tertiary,No,64,No,No,Unknown,6,Jun,230,2,-1,0,Unknown,No,2023-06-06
39,Blue-Collar,Married,Primary,No,800,Yes,No,Cellular,19,Nov,76,6,-1,0,Unknown,No,2023-11-19
39,Technician,Single,Unknown,No,75,No,No,Unknown,6,Jun,26,1,-1,0,Unknown,No,2023-06-06
34,Technician,Single,Secondary,No,347,Yes,No,Cellular,6,Feb,154,2,197,6,Failure,No,2023-02-06
55,Management,Married,Tertiary,No,2366,Yes,Yes,Cellular,30,Jul,94,4,-1,0,Unknown,No,2023-07-30
67,Retired,Married,Tertiary,No,701,No,No,Cellular,6,Aug,254,2,-1,0,Unknown,Yes,2023-08-06
34,Entrepreneur,Married,Tertiary,No,475,Yes,Yes,Cellular,9,Jul,1156,1,-1,0,Unknown,No,2023-07-09
47,Blue-Collar,Married,Secondary,No,3285,No,No,Cellular,31,Jul,248,5,-1,0,Unknown,No,2023-07-31
33,Blue-Collar,Married,Primary,No,925,No,No,Cellular,20,Nov,884,3,-1,0,Unknown,No,2023-11-20
45,Entrepreneur,Married,Secondary,No,128,No,Yes,Cellular,18,Nov,275,2,-1,0,Unknown,No,2023-11-18
36,Blue-Collar,Married,Secondary,No,1587,Yes,No,Cellular,28,Jul,200,2,-1,0,Unknown,No,2023-07-28
59,Technician,Divorced,Secondary,No,879,Yes,No,Unknown,26,May,228,1,-1,0,Unknown,No,2023-05-26
33,Services,Married,Secondary,No,478,No,No,Cellular,30,Apr,475,2,-1,0,Unknown,Yes,2023-04-30
52,Technician,Divorced,Secondary,No,280,No,No,Cellular,14,Jul,393,5,-1,0,Unknown,No,2023-07-14
53,Blue-Collar,Married,Primary,No,1868,No,No,Cellular,8,Aug,156,4,-1,0,Unknown,No,2023-08-08
41,Unemployed,Married,Primary,No,819,No,No,Cellular,9,Feb,244,3,-1,0,Unknown,No,2023-02-09
45,Blue-Collar,Married,Secondary,No,4646,Yes,No,Unknown,13,May,118,1,-1,0,Unknown,No,2023-05-13
60,Self-Employed,Single,Secondary,No,27,No,No,Cellular,22,Aug,40,2,-1,0,Unknown,No,2023-08-22
32,Blue-Collar,Married,Secondary,No,736,Yes,No,Unknown,23,May,700,3,-1,0,Unknown,No,2023-05-23
28,Management,Single,Tertiary,No,224,Yes,No,Cellular,2,Feb,97,3,-1,0,Unknown,No,2023-02-02
31,Technician,Single,Secondary,No,2544,No,No,Cellular,15,Jul,252,1,184,3,Success,Yes,2023-07-15
53,Blue-Collar,Married,Secondary,No,427,No,Yes,Cellular,14,Aug,360,4,-1,0,Unknown,No,2023-08-14
58,Management,Married,Tertiary,No,2764,No,No,Cellular,17,Nov,235,1,-1,0,Unknown,No,2023-11-17
38,Blue-Collar,Married,Secondary,No,376,Yes,No,Unknown,7,May,1521,1,-1,0,Unknown,No,2023-05-07
46,Management,Married,Tertiary,No,523,Yes,No,Cellular,6,May,105,4,366,2,Failure,No,2023-05-06
53,Entrepreneur,Married,Tertiary,No,71,No,Yes,Cellular,29,Jan,86,1,-1,0,Unknown,No,2023-01-29
56,Retired,Married,Secondary,No,3948,No,No,Cellular,3,Apr,484,1,135,3,Failure,No,2023-04-03
52,Services,Single,Secondary,No,1810,No,No,Telephone,19,Nov,117,1,-1,0,Unknown,No,2023-11-19
38,Technician,Married,Secondary,No,994,No,No,Unknown,9,Jun,119,1,-1,0,Unknown,No,2023-06-09
37,Services,Married,Primary,No,52,Yes,No,Unknown,7,May,359,1,-1,0,Unknown,No,2023-05-07
37,Blue-Collar,Married,Primary,No,11,No,No,Telephone,30,Jul,109,8,-1,0,Unknown,No,2023-07-30
37,Technician,Married,Secondary,Yes,0,No,No,Unknown,18,Jun,236,1,-1,0,Unknown,No,2023-06-18
66,Retired,Married,Primary,No,747,No,No,Telephone,28,Jan,203,3,93,1,Failure,No,2023-01-28
44,Blue-Collar,Married,Primary,No,2657,Yes,No,Unknown,20,Jun,202,2,-1,0,Unknown,No,2023-06-20
61,Retired,Married,Secondary,No,313,No,Yes,Unknown,3,Jul,42,1,-1,0,Unknown,No,2023-07-03
34,Admin.,Married,Secondary,No,61,No,Yes,Unknown,5,May,21,1,-1,0,Unknown,No,2023-05-05
33,Admin.,Single,Secondary,No,2557,Yes,No,Cellular,18,May,186,1,-1,0,Unknown,No,2023-05-18
30,Services,Divorced,Secondary,No,0,Yes,No,Cellular,13,May,172,1,-1,0,Unknown,No,2023-05-13
27,Services,Divorced,Secondary,No,10,Yes,No,Cellular,22,Jul,527,1,-1,0,Unknown,No,2023-07-22
37,Services,Married,Secondary,No,658,Yes,No,Telephone,23,Jul,175,1,-1,0,Unknown,No,2023-07-23
38,Blue-Collar,Married,Primary,No,1679,Yes,No,Unknown,20,Jun,21,18,-1,0,Unknown,No,2023-06-20
35,Management,Single,Tertiary,No,0,No,Yes,Cellular,14,Aug,370,4,-1,0,Unknown,No,2023-08-14
50,Technician,Married,Secondary,No,841,Yes,No,Unknown,29,May,54,2,-1,0,Unknown,No,2023-05-29
39,Management,Married,Secondary,No,0,Yes,No,Cellular,27,Aug,63,3,-1,0,Unknown,No,2023-08-27
35,Management,Married,Secondary,No,1160,Yes,No,Unknown,27,May,116,3,-1,0,Unknown,No,2023-05-27
36,Admin.,Divorced,Secondary,No,-37,Yes,No,Unknown,27,May,151,1,-1,0,Unknown,No,2023-05-27
28,Services,Single,Secondary,No,94,Yes,No,Cellular,16,Apr,300,1,-1,0,Unknown,No,2023-04-16
39,Self-Employed,Married,Tertiary,No,585,Yes,No,Cellular,18,Nov,48,1,181,3,Failure,No,2023-11-18
39,Self-Employed,Married,Secondary,No,235,No,No,Unknown,9,Jun,217,1,-1,0,Unknown,No,2023-06-09
30,Blue-Collar,Single,Secondary,No,2145,Yes,No,Cellular,18,May,727,2,-1,0,Unknown,Yes,2023-05-18
32,Services,Married,Secondary,No,1464,Yes,No,Unknown,3,Jun,193,1,-1,0,Unknown,No,2023-06-03
28,Technician,Married,Secondary,No,232,Yes,Yes,Cellular,29,Jan,72,1,261,1,Failure,No,2023-01-29
47,Technician,Married,Primary,No,187,Yes,No,Unknown,9,May,165,1,-1,0,Unknown,No,2023-05-09
53,Management,Married,Tertiary,No,12,No,No,Cellular,27,Aug,345,10,-1,0,Unknown,No,2023-08-27
57,Blue-Collar,Married,Primary,No,318,Yes,No,Unknown,27,May,206,2,-1,0,Unknown,No,2023-05-27
47,Services,Married,Secondary,No,405,No,Yes,Cellular,8,Aug,994,2,-1,0,Unknown,Yes,2023-08-08
56,Management,Married,Tertiary,No,334,Yes,No,Unknown,15,May,127,2,-1,0,Unknown,No,2023-05-15
38,Admin.,Married,Primary,No,0,Yes,No,Unknown,2,Jun,29,32,-1,0,Unknown,No,2023-06-02
52,Blue-Collar,Married,Primary,No,2,No,No,Unknown,9,Jun,70,3,-1,0,Unknown,No,2023-06-09
46,Technician,Married,Secondary,No,966,Yes,Yes,Cellular,19,Aug,40,2,-1,0,Unknown,No,2023-08-19
57,Blue-Collar,Married,Primary,Yes,195,No,Yes,Telephone,30,Jul,185,4,-1,0,Unknown,No,2023-07-30
42,Blue-Collar,Divorced,Unknown,No,0,No,No,Cellular,7,Jul,64,2,-1,0,Unknown,No,2023-07-07
57,Unemployed,Married,Secondary,No,0,No,No,Unknown,19,Jun,97,1,-1,0,Unknown,No,2023-06-19
51,Housemaid,Married,Secondary,No,260,No,No,Cellular,27,Aug,316,5,-1,0,Unknown,No,2023-08-27
53,Self-Employed,Married,Tertiary,No,451,Yes,No,Cellular,2,Feb,125,1,249,2,Failure,No,2023-02-02
37,Blue-Collar,Married,Primary,No,3242,Yes,No,Unknown,21,May,233,1,-1,0,Unknown,No,2023-05-21
47,Self-Employed,Divorced,Secondary,No,8515,Yes,No,Unknown,20,Nov,14,7,112,4,Other,No,2023-11-20
48,Management,Married,Tertiary,No,1808,Yes,No,Cellular,26,Feb,245,1,-1,0,Unknown,Yes,2023-02-26
39,Blue-Collar,Married,Primary,No,20,Yes,No,Unknown,7,May,109,1,-1,0,Unknown,No,2023-05-07
42,Blue-Collar,Married,Secondary,No,3068,Yes,Yes,Cellular,11,May,429,2,-1,0,Unknown,No,2023-05-11
36,Management,Married,Tertiary,No,23,No,No,Cellular,26,Aug,133,11,-1,0,Unknown,No,2023-08-26
34,Technician,Single,Secondary,No,1076,No,No,Cellular,8,Aug,70,2,-1,0,Unknown,No,2023-08-08
61,Retired,Married,Primary,No,1060,Yes,No,Unknown,13,May,118,1,-1,0,Unknown,No,2023-05-13
32,Admin.,Single,Secondary,No,678,Yes,No,Cellular,4,Feb,1579,1,246,4,Failure,Yes,2023-02-04
35,Blue-Collar,Single,Primary,No,1147,Yes,Yes,Telephone,7,May,29,1,-1,0,Unknown,No,2023-05-07
54,Blue-Collar,Married,Secondary,No,-630,No,No,Unknown,23,May,173,1,-1,0,Unknown,No,2023-05-23
31,Management,Married,Tertiary,No,459,No,No,Cellular,28,Aug,13,14,-1,0,Unknown,No,2023-08-28
45,Technician,Divorced,Secondary,No,976,Yes,No,Cellular,17,Apr,183,1,338,2,Failure,No,2023-04-17
32,Housemaid,Married,Tertiary,No,357,Yes,No,Cellular,18,Nov,175,2,-1,0,Unknown,No,2023-11-18
52,Unemployed,Married,Secondary,No,-9,No,No,Unknown,9,Jun,123,1,-1,0,Unknown,No,2023-06-09
36,Admin.,Single,Secondary,No,1927,Yes,No,Cellular,18,Nov,288,1,137,1,Other,No,2023-11-18
31,Services,Married,Secondary,No,500,Yes,No,Unknown,6,Jun,19,18,-1,0,Unknown,No,2023-06-06
53,Technician,Married,Secondary,No,9146,No,No,Cellular,13,Aug,136,4,-1,0,Unknown,No,2023-08-13
43,Entrepreneur,Married,Secondary,No,59,No,No,Unknown,13,May,437,2,-1,0,Unknown,No,2023-05-13
47,Housemaid,Married,Primary,No,0,No,No,Cellular,10,Aug,1225,2,-1,0,Unknown,No,2023-08-10
46,Blue-Collar,Married,Primary,No,328,Yes,No,Unknown,21,May,526,8,-1,0,Unknown,No,2023-05-21
34,Management,Divorced,Secondary,No,291,No,No,Cellular,7,Aug,91,2,-1,0,Unknown,No,2023-08-07
55,Technician,Single,Tertiary,No,-703,Yes,No,Cellular,8,May,123,3,-1,0,Unknown,No,2023-05-08
23,Admin.,Single,Secondary,No,589,Yes,No,Cellular,6,May,62,1,-1,0,Unknown,No,2023-05-06
75,Blue-Collar,Married,Secondary,No,6053,No,No,Cellular,11,Feb,865,2,190,1,Failure,No,2023-02-11
58,Admin.,Married,Secondary,No,1142,No,No,Telephone,4,Feb,82,3,-1,0,Unknown,No,2023-02-04
35,Admin.,Married,Secondary,No,725,Yes,No,Cellular,20,Nov,219,7,133,1,Failure,No,2023-11-20
27,Management,Married,Tertiary,No,802,No,No,Cellular,22,Sep,569,1,-1,0,Unknown,Yes,2023-09-22
24,Technician,Married,Secondary,No,556,Yes,No,Cellular,18,Aug,460,2,-1,0,Unknown,Yes,2023-08-18
48,Admin.,Married,Secondary,No,191,Yes,No,Cellular,5,Feb,238,3,-1,0,Unknown,No,2023-02-05
31,Technician,Single,Secondary,No,373,No,No,Cellular,22,Aug,346,5,-1,0,Unknown,No,2023-08-22
57,Technician,Married,Secondary,No,6164,No,No,Cellular,19,Nov,161,2,-1,0,Unknown,No,2023-11-19
53,Management,Married,Tertiary,No,37,No,No,Cellular,28,Aug,51,9,-1,0,Unknown,No,2023-08-28
42,Blue-Collar,Married,Primary,No,1156,Yes,No,Telephone,20,Apr,37,1,-1,0,Unknown,No,2023-04-20
50,Entrepreneur,Married,Secondary,No,806,Yes,Yes,Cellular,7,May,141,8,297,2,Other,No,2023-05-07
59,Admin.,Married,Secondary,No,2381,No,No,Cellular,30,Apr,173,2,-1,0,Unknown,No,2023-04-30
38,Services,Married,Secondary,No,-314,Yes,No,Unknown,28,May,66,2,-1,0,Unknown,No,2023-05-28
39,Blue-Collar,Married,Secondary,No,285,Yes,Yes,Unknown,6,May,209,1,-1,0,Unknown,No,2023-05-06
28,Blue-Collar,Single,Primary,No,1199,Yes,No,Cellular,30,Jul,1011,20,-1,0,Unknown,No,2023-07-30
55,Management,Divorced,Tertiary,No,481,Yes,No,Telephone,8,May,147,2,298,3,Failure,No,2023-05-08
33,Technician,Single,Tertiary,No,137,No,No,Cellular,25,Aug,88,4,-1,0,Unknown,No,2023-08-25
36,Blue-Collar,Single,Secondary,No,168,Yes,No,Telephone,12,May,52,1,-1,0,Unknown,No,2023-05-12
38,Admin.,Divorced,Secondary,No,156,Yes,No,Unknown,17,Jun,544,3,-1,0,Unknown,No,2023-06-17
28,Admin.,Single,Secondary,No,4745,No,No,Telephone,12,May,360,1,181,5,Success,Yes,2023-05-12
32,Management,Single,Tertiary,No,11797,Yes,No,Cellular,11,Aug,95,2,-1,0,Unknown,No,2023-08-11
35,Admin.,Married,Secondary,No,786,No,Yes,Cellular,25,Jul,322,1,-1,0,Unknown,No,2023-07-25
58,Technician,Married,Primary,No,4015,No,No,Unknown,20,Jun,106,3,-1,0,Unknown,No,2023-06-20
30,Services,Married,Secondary,No,0,Yes,No,Unknown,9,May,20,1,-1,0,Unknown,No,2023-05-09
33,Blue-Collar,Married,Secondary,No,331,Yes,No,Cellular,14,May,178,7,365,5,Other,No,2023-05-14
36,Blue-Collar,Married,Secondary,No,1554,Yes,No,Unknown,12,May,325,4,-1,0,Unknown,No,2023-05-12
32,Services,Married,Secondary,No,132,Yes,Yes,Unknown,19,May,343,2,-1,0,Unknown,No,2023-05-19
34,Management,Single,Tertiary,No,5086,No,No,Cellular,25,May,213,4,-1,0,Unknown,Yes,2023-05-25
42,Admin.,Married,Secondary,No,529,Yes,Yes,Cellular,19,Nov,193,3,-1,0,Unknown,No,2023-11-19
41,Management,Married,Tertiary,No,4824,No,Yes,Cellular,18,Jul,168,7,-1,0,Unknown,No,2023-07-18
63,Retired,Married,Secondary,No,474,No,No,Cellular,25,Jan,423,1,-1,0,Unknown,Yes,2023-01-25
38,Admin.,Divorced,Tertiary,No,86,Yes,No,Unknown,6,May,218,1,-1,0,Unknown,No,2023-05-06
54,Blue-Collar,Married,Primary,No,2281,Yes,No,Unknown,20,Jun,158,1,-1,0,Unknown,No,2023-06-20
39,Services,Married,Secondary,No,186,Yes,No,Cellular,17,Apr,433,1,-1,0,Unknown,No,2023-04-17
46,Blue-Collar,Married,Secondary,No,137,No,No,Unknown,20,Jun,252,3,-1,0,Unknown,No,2023-06-20
37,Technician,Married,Tertiary,No,6968,No,No,Cellular,1,Jun,175,1,-1,0,Unknown,No,2023-06-01
76,Retired,Divorced,Primary,No,86,No,No,Cellular,12,Aug,192,1,-1,0,Unknown,No,2023-08-12
28,Management,Single,Unknown,No,81,No,Yes,Cellular,8,Jul,158,1,-1,0,Unknown,No,2023-07-08
33,Services,Married,Primary,No,6904,No,No,Telephone,20,Nov,114,2,-1,0,Unknown,No,2023-11-20
46,Self-Employed,Married,Tertiary,No,137,Yes,Yes,Unknown,5,May,246,1,-1,0,Unknown,No,2023-05-05
30,Student,Single,Secondary,No,25,No,No,Telephone,30,Apr,44,1,-1,0,Unknown,No,2023-04-30
60,Management,Married,Tertiary,No,759,No,No,Cellular,14,Aug,136,2,-1,0,Unknown,No,2023-08-14
56,Housemaid,Married,Tertiary,No,1922,Yes,No,Cellular,24,Jul,247,2,-1,0,Unknown,No,2023-07-24
24,Student,Single,Unknown,No,3298,Yes,No,Unknown,28,May,227,1,-1,0,Unknown,No,2023-05-28
58,Retired,Married,Secondary,No,764,No,No,Cellular,12,Aug,219,4,-1,0,Unknown,No,2023-08-12
79,Retired,Married,Primary,No,8556,No,No,Telephone,18,Jan,326,2,272,2,Success,Yes,2023-01-18
32,Blue-Collar,Married,Secondary,No,3514,Yes,No,Unknown,20,May,226,2,-1,0,Unknown,No,2023-05-20
33,Services,Married,Primary,No,0,Yes,No,Cellular,18,Jul,351,2,-1,0,Unknown,No,2023-07-18
77,Retired,Married,Primary,No,680,No,No,Telephone,27,Nov,341,4,94,3,Failure,No,2023-11-27
60,Housemaid,Married,Primary,No,0,No,Yes,Telephone,22,Jul,124,1,-1,0,Unknown,No,2023-07-22
54,Management,Married,Tertiary,No,2819,No,No,Cellular,7,Aug,123,3,-1,0,Unknown,No,2023-08-07
30,Blue-Collar,Married,Primary,No,-518,Yes,Yes,Unknown,28,May,244,6,-1,0,Unknown,No,2023-05-28
50,Services,Married,Secondary,No,60,No,Yes,Cellular,27,Aug,151,8,-1,0,Unknown,No,2023-08-27
50,Management,Married,Secondary,No,732,No,No,Cellular,7,Apr,736,7,-1,0,Unknown,No,2023-04-07
37,Technician,Married,Secondary,No,2707,Yes,No,Telephone,16,Jul,109,1,-1,0,Unknown,No,2023-07-16
41,Technician,Married,Tertiary,No,177,Yes,No,Telephone,11,Jul,117,2,-1,0,Unknown,No,2023-07-11
49,Admin.,Married,Secondary,No,13229,No,Yes,Telephone,8,Jul,77,2,-1,0,Unknown,No,2023-07-08
41,Blue-Collar,Married,Primary,No,-204,Yes,Yes,Unknown,6,Jun,42,1,-1,0,Unknown,No,2023-06-06
40,Technician,Married,Secondary,No,990,Yes,No,Cellular,6,Feb,252,3,-1,0,Unknown,No,2023-02-06
38,Blue-Collar,Married,Secondary,No,648,Yes,No,Unknown,3,Jun,179,1,-1,0,Unknown,No,2023-06-03
34,Technician,Married,Secondary,No,50,No,No,Cellular,11,Aug,106,3,-1,0,Unknown,No,2023-08-11
49,Entrepreneur,Married,Secondary,No,1916,No,Yes,Telephone,14,Jul,281,3,-1,0,Unknown,No,2023-07-14
72,Retired,Married,Primary,No,763,No,No,Cellular,24,Apr,384,2,-1,0,Unknown,Yes,2023-04-24
34,Blue-Collar,Married,Secondary,No,470,Yes,Yes,Cellular,20,Apr,217,1,-1,0,Unknown,No,2023-04-20
31,Technician,Married,Secondary,No,0,No,Yes,Cellular,19,Aug,144,4,-1,0,Unknown,No,2023-08-19
33,Blue-Collar,Single,Secondary,No,5739,Yes,Yes,Cellular,21,Nov,374,1,-1,0,Unknown,No,2023-11-21
31,Management,Married,Tertiary,No,0,No,No,Unknown,14,May,298,1,-1,0,Unknown,No,2023-05-14
55,Management,Married,Tertiary,No,-375,No,No,Cellular,30,Jul,814,2,-1,0,Unknown,Yes,2023-07-30
25,Unemployed,Married,Secondary,No,157,Yes,No,Cellular,28,Jul,33,31,-1,0,Unknown,No,2023-07-28
34,Management,Married,Tertiary,No,1518,Yes,No,Cellular,20,Nov,128,2,-1,0,Unknown,No,2023-11-20
53,Management,Married,Tertiary,No,1343,No,No,Cellular,5,Aug,129,4,-1,0,Unknown,No,2023-08-05
39,Management,Single,Tertiary,Yes,-401,Yes,No,Cellular,19,Aug,274,4,-1,0,Unknown,No,2023-08-19
41,Management,Married,Primary,No,5310,Yes,No,Cellular,17,Nov,984,1,-1,0,Unknown,Yes,2023-11-17
32,Blue-Collar,Single,Secondary,No,2285,Yes,No,Unknown,14,May,413,2,-1,0,Unknown,No,2023-05-14
29,Admin.,Married,Secondary,No,22171,Yes,No,Cellular,18,May,44,1,355,3,Failure,No,2023-05-18
56,Management,Married,Tertiary,No,856,Yes,Yes,Cellular,4,Feb,70,4,7,7,Other,No,2023-02-04
19,Student,Single,Unknown,No,1169,No,No,Cellular,6,Feb,463,18,-1,0,Unknown,No,2023-02-06
39,Management,Single,Tertiary,No,3797,No,No,Cellular,2,Jun,96,2,-1,0,Unknown,No,2023-06-02
32,Blue-Collar,Single,Secondary,No,53,Yes,No,Cellular,18,Nov,276,1,195,1,Failure,No,2023-11-18
43,Blue-Collar,Married,Primary,No,2519,Yes,No,Cellular,16,Apr,257,2,146,9,Other,No,2023-04-16
32,Entrepreneur,Married,Primary,No,795,No,No,Cellular,8,Aug,131,3,-1,0,Unknown,No,2023-08-08
53,Admin.,Divorced,Secondary,No,0,Yes,Yes,Cellular,30,Apr,586,2,-1,0,Unknown,No,2023-04-30
52,Blue-Collar,Married,Secondary,No,2087,Yes,No,Cellular,31,Aug,267,1,474,1,Failure,Yes,2023-08-31
43,Technician,Single,Secondary,No,34,No,No,Telephone,30,Jul,29,1,-1,0,Unknown,No,2023-07-30
48,Technician,Married,Secondary,No,5,No,No,Unknown,9,Jun,65,6,-1,0,Unknown,No,2023-06-09
27,Technician,Single,Secondary,No,15,Yes,No,Cellular,25,Jul,67,3,-1,0,Unknown,No,2023-07-25
27,Management,Single,Tertiary,No,390,No,No,Cellular,28,Oct,190,1,82,1,Success,No,2023-10-28
51,Management,Married,Unknown,No,712,No,No,Cellular,13,Aug,287,2,-1,0,Unknown,No,2023-08-13
39,Admin.,Single,Tertiary,No,2600,Yes,No,Unknown,17,Jun,77,1,-1,0,Unknown,No,2023-06-17
33,Blue-Collar,Married,Secondary,No,-241,Yes,Yes,Unknown,27,May,169,1,-1,0,Unknown,No,2023-05-27
50,Blue-Collar,Divorced,Primary,No,1545,Yes,No,Cellular,20,Nov,25,1,-1,0,Unknown,No,2023-11-20
59,Retired,Divorced,Secondary,No,1026,No,No,Unknown,5,Nov,669,1,-1,0,Unknown,Yes,2023-11-05
58,Housemaid,Married,Primary,No,435,Yes,No,Telephone,28,Jul,122,6,-1,0,Unknown,No,2023-07-28
54,Technician,Married,Tertiary,No,876,No,No,Cellular,27,Oct,269,3,541,3,Success,Yes,2023-10-27
60,Blue-Collar,Married,Secondary,No,1801,No,No,Telephone,29,Oct,167,1,-1,0,Unknown,No,2023-10-29
38,Management,Married,Tertiary,No,2278,Yes,Yes,Cellular,13,May,244,1,-1,0,Unknown,No,2023-05-13
39,Blue-Collar,Married,Unknown,No,157,Yes,No,Unknown,30,May,99,6,-1,0,Unknown,No,2023-05-30
40,Admin.,Married,Secondary,No,1327,Yes,Yes,Unknown,26,May,76,2,-1,0,Unknown,No,2023-05-26
55,Blue-Collar,Married,Primary,No,284,No,Yes,Telephone,14,Jul,252,4,-1,0,Unknown,No,2023-07-14
36,Management,Married,Tertiary,No,495,No,No,Cellular,12,Mar,213,3,182,6,Success,Yes,2023-03-12
31,Admin.,Single,Secondary,No,1588,Yes,No,Unknown,3,Jun,14,1,-1,0,Unknown,No,2023-06-03
38,Services,Married,Secondary,No,0,Yes,No,Telephone,28,Jul,121,2,-1,0,Unknown,No,2023-07-28
52,Management,Married,Secondary,No,428,Yes,No,Unknown,30,May,153,1,-1,0,Unknown,No,2023-05-30
45,Admin.,Married,Primary,No,542,No,No,Cellular,11,May,8,5,350,3,Other,No,2023-05-11
32,Blue-Collar,Married,Primary,No,66,No,No,Cellular,19,Nov,244,1,-1,0,Unknown,No,2023-11-19
58,Blue-Collar,Divorced,Secondary,No,314,No,No,Unknown,25,Jun,67,2,-1,0,Unknown,No,2023-06-25
35,Management,Married,Tertiary,No,24,Yes,No,Cellular,8,Apr,169,1,231,2,Failure,No,2023-04-08
36,Management,Single,Tertiary,No,613,No,No,Cellular,7,Aug,86,2,-1,0,Unknown,No,2023-08-07
55,Retired,Married,Secondary,No,1467,No,Yes,Cellular,29,Jul,277,2,-1,0,Unknown,No,2023-07-29
45,Blue-Collar,Married,Secondary,No,192,Yes,No,Cellular,13,May,154,5,176,1,Other,No,2023-05-13
49,Management,Married,Secondary,No,321,No,No,Unknown,9,Jun,135,3,-1,0,Unknown,No,2023-06-09
44,Blue-Collar,Married,Secondary,No,788,Yes,No,Cellular,17,Apr,392,1,-1,0,Unknown,No,2023-04-17
37,Blue-Collar,Divorced,Secondary,No,48,Yes,No,Unknown,8,May,133,2,-1,0,Unknown,No,2023-05-08
35,Blue-Collar,Married,Secondary,No,262,No,No,Cellular,2,Jul,96,2,109,4,Success,No,2023-07-02
36,Blue-Collar,Married,Secondary,No,4438,Yes,No,Unknown,20,May,446,1,-1,0,Unknown,Yes,2023-05-20
44,Services,Single,Secondary,No,5045,Yes,No,Cellular,21,Nov,20,6,175,15,Other,No,2023-11-21
32,Blue-Collar,Single,Tertiary,No,3014,Yes,No,Cellular,7,May,291,2,-1,0,Unknown,No,2023-05-07
56,Management,Married,Tertiary,No,21664,No,No,Unknown,17,Jun,214,8,-1,0,Unknown,No,2023-06-17
32,Management,Married,Tertiary,No,5878,No,No,Cellular,19,Aug,159,2,-1,0,Unknown,No,2023-08-19
35,Entrepreneur,Married,Tertiary,No,2723,Yes,Yes,Cellular,8,Aug,275,4,-1,0,Unknown,No,2023-08-08
44,Management,Married,Secondary,No,576,Yes,No,Unknown,8,May,128,3,-1,0,Unknown,No,2023-05-08
59,Entrepreneur,Married,Primary,No,0,No,No,Telephone,19,Nov,207,2,153,1,Failure,No,2023-11-19
31,Blue-Collar,Single,Tertiary,No,2197,Yes,No,Unknown,23,May,146,3,-1,0,Unknown,No,2023-05-23
60,Blue-Collar,Married,Unknown,No,104,Yes,No,Unknown,5,May,22,1,-1,0,Unknown,No,2023-05-05
33,Technician,Single,Secondary,No,1279,Yes,No,Cellular,18,May,239,2,349,3,Success,No,2023-05-18
45,Admin.,Married,Secondary,No,295,Yes,No,Cellular,23,Jul,92,1,-1,0,Unknown,No,2023-07-23
45,Blue-Collar,Married,Primary,No,2128,Yes,No,Unknown,19,May,149,4,-1,0,Unknown,No,2023-05-19
57,Admin.,Married,Secondary,No,367,No,No,Telephone,16,Nov,107,2,-1,0,Unknown,No,2023-11-16
36,Management,Married,Tertiary,No,1477,No,No,Cellular,7,Aug,71,2,-1,0,Unknown,No,2023-08-07
30,Blue-Collar,Single,Primary,No,71,Yes,No,Unknown,19,May,122,6,-1,0,Unknown,No,2023-05-19
30,Admin.,Single,Secondary,No,127,Yes,No,Cellular,18,May,16,6,368,1,Other,No,2023-05-18
59,Unemployed,Divorced,Secondary,No,2921,No,No,Telephone,3,Feb,251,1,-1,0,Unknown,No,2023-02-03
58,Management,Married,Tertiary,No,16264,No,No,Telephone,17,Nov,215,3,-1,0,Unknown,No,2023-11-17
49,Retired,Married,Primary,No,1672,No,No,Cellular,17,Jul,128,3,-1,0,Unknown,No,2023-07-17
48,Technician,Married,Tertiary,No,9207,No,No,Cellular,18,Aug,445,3,-1,0,Unknown,No,2023-08-18
28,Technician,Single,Tertiary,No,356,No,No,Cellular,2,Mar,76,2,-1,0,Unknown,No,2023-03-02
59,Management,Divorced,Primary,No,133,Yes,No,Cellular,9,Jul,206,1,-1,0,Unknown,No,2023-07-09
40,Management,Married,Tertiary,No,1217,Yes,Yes,Cellular,18,Nov,155,1,-1,0,Unknown,No,2023-11-18
32,Technician,Divorced,Secondary,No,202,Yes,No,Cellular,4,Feb,429,1,201,1,Failure,No,2023-02-04
58,Blue-Collar,Married,Secondary,No,590,No,Yes,Unknown,5,Jun,133,1,-1,0,Unknown,No,2023-06-05
28,Self-Employed,Single,Tertiary,No,442,No,No,Cellular,19,Jun,474,3,95,3,Other,Yes,2023-06-19
27,Technician,Single,Tertiary,No,808,Yes,No,Cellular,15,May,578,1,364,1,Other,No,2023-05-15
38,Management,Single,Tertiary,No,427,Yes,No,Cellular,6,May,17,3,169,2,Failure,No,2023-05-06
53,Technician,Married,Tertiary,No,431,Yes,No,Unknown,11,Jun,74,1,-1,0,Unknown,No,2023-06-11
60,Services,Married,Tertiary,No,4256,Yes,No,Cellular,16,Aug,239,3,761,1,Other,Yes,2023-08-16
33,Management,Divorced,Tertiary,No,0,Yes,Yes,Cellular,19,Aug,275,8,-1,0,Unknown,No,2023-08-19
52,Services,Divorced,Secondary,No,238,Yes,No,Cellular,6,May,101,1,362,5,Other,No,2023-05-06
64,Retired,Married,Tertiary,No,846,No,No,Cellular,11,Feb,671,1,181,3,Failure,Yes,2023-02-11
40,Blue-Collar,Single,Secondary,No,3,No,No,Cellular,19,Nov,998,1,-1,0,Unknown,Yes,2023-11-19
52,Admin.,Married,Secondary,No,693,No,No,Unknown,12,Jun,271,1,-1,0,Unknown,No,2023-06-12
28,Student,Single,Secondary,No,0,Yes,No,Unknown,15,May,133,3,-1,0,Unknown,No,2023-05-15
49,Management,Married,Secondary,No,362,Yes,No,Unknown,4,Jun,84,2,-1,0,Unknown,No,2023-06-04
28,Technician,Single,Secondary,No,618,Yes,No,Cellular,7,May,281,1,-1,0,Unknown,No,2023-05-07
29,Technician,Single,Tertiary,No,2893,Yes,No,Unknown,3,Jun,250,1,-1,0,Unknown,No,2023-06-03
87,Retired,Married,Primary,No,230,No,No,Cellular,30,Oct,144,1,-1,0,Unknown,Yes,2023-10-30
37,Management,Divorced,Secondary,No,1287,Yes,No,Cellular,14,May,432,1,-1,0,Unknown,No,2023-05-14
36,Services,Married,Primary,No,179,No,No,Unknown,9,Jun,411,1,-1,0,Unknown,No,2023-06-09
35,Self-Employed,Married,Tertiary,No,980,No,No,Cellular,2,Aug,428,2,336,6,Failure,No,2023-08-02
33,Admin.,Married,Tertiary,No,79,Yes,No,Cellular,22,Oct,249,2,335,2,Failure,Yes,2023-10-22
60,Admin.,Married,Secondary,No,3043,No,No,Cellular,19,Aug,235,3,-1,0,Unknown,No,2023-08-19
25,Management,Single,Tertiary,No,808,No,No,Cellular,18,Sep,267,2,114,2,Failure,Yes,2023-09-18
69,Retired,Married,Secondary,No,745,No,No,Telephone,9,Sep,595,1,-1,0,Unknown,No,2023-09-09
41,Student,Married,Secondary,No,1309,No,No,Unknown,20,Jun,28,4,-1,0,Unknown,No,2023-06-20
48,Management,Single,Secondary,No,290,Yes,No,Cellular,21,Jul,257,2,-1,0,Unknown,No,2023-07-21
35,Blue-Collar,Divorced,Primary,No,1792,Yes,No,Cellular,31,Jul,630,6,-1,0,Unknown,Yes,2023-07-31
30,Blue-Collar,Single,Secondary,No,178,Yes,No,Unknown,20,May,747,5,-1,0,Unknown,No,2023-05-20
59,Management,Married,Tertiary,No,0,No,No,Cellular,27,Aug,87,4,-1,0,Unknown,No,2023-08-27
32,Management,Single,Tertiary,No,537,No,No,Unknown,29,May,187,3,-1,0,Unknown,No,2023-05-29
28,Blue-Collar,Single,Secondary,No,416,Yes,No,Unknown,13,May,452,2,-1,0,Unknown,No,2023-05-13
60,Blue-Collar,Married,Primary,No,1472,No,No,Unknown,20,Jun,36,4,-1,0,Unknown,No,2023-06-20
36,Management,Married,Primary,No,3953,Yes,No,Cellular,19,Nov,277,1,-1,0,Unknown,No,2023-11-19
32,Management,Single,Tertiary,No,112,Yes,No,Cellular,5,May,118,1,-1,0,Unknown,No,2023-05-05
34,Management,Divorced,Tertiary,No,13204,Yes,Yes,Cellular,20,Nov,197,2,-1,0,Unknown,No,2023-11-20
58,Blue-Collar,Married,Secondary,No,0,No,Yes,Cellular,14,Apr,101,5,-1,0,Unknown,No,2023-04-14
53,Management,Married,Unknown,No,2240,Yes,No,Cellular,2,Jun,282,2,385,1,Success,Yes,2023-06-02
31,Management,Married,Tertiary,No,22546,Yes,No,Cellular,14,May,8,6,267,4,Failure,No,2023-05-14
33,Admin.,Married,Secondary,No,0,Yes,No,Telephone,17,Jul,1448,7,-1,0,Unknown,Yes,2023-07-17
46,Unemployed,Divorced,Primary,No,23,No,No,Cellular,21,Nov,344,1,-1,0,Unknown,No,2023-11-21
29,Blue-Collar,Married,Secondary,No,228,Yes,No,Cellular,11,May,12,8,342,9,Failure,No,2023-05-11
37,Self-Employed,Married,Secondary,No,215,Yes,No,Unknown,6,Jun,61,1,-1,0,Unknown,No,2023-06-06
58,Blue-Collar,Married,Primary,No,23,Yes,No,Unknown,20,May,91,6,-1,0,Unknown,No,2023-05-20
34,Management,Married,Secondary,No,293,Yes,No,Unknown,21,May,162,3,-1,0,Unknown,No,2023-05-21
34,Blue-Collar,Divorced,Secondary,No,0,No,Yes,Unknown,21,May,339,1,-1,0,Unknown,No,2023-05-21
49,Entrepreneur,Married,Primary,No,199,No,No,Unknown,13,May,113,2,-1,0,Unknown,No,2023-05-13
53,Admin.,Married,Secondary,No,459,No,No,Cellular,5,Apr,558,1,-1,0,Unknown,Yes,2023-04-05
42,Unemployed,Married,Secondary,No,8131,Yes,No,Unknown,30,May,69,1,-1,0,Unknown,No,2023-05-30
40,Services,Married,Secondary,No,-378,Yes,Yes,Cellular,13,May,541,1,295,6,Failure,No,2023-05-13
30,Blue-Collar,Single,Primary,No,395,No,No,Cellular,21,Nov,429,1,-1,0,Unknown,No,2023-11-21
31,Technician,Divorced,Secondary,No,10787,Yes,No,Unknown,4,Jun,135,2,-1,0,Unknown,No,2023-06-04
55,Admin.,Married,Secondary,No,865,Yes,No,Cellular,27,Oct,96,1,111,3,Failure,No,2023-10-27
36,Management,Married,Tertiary,No,340,Yes,No,Cellular,20,Apr,68,2,-1,0,Unknown,No,2023-04-20
31,Blue-Collar,Single,Secondary,No,1882,No,No,Cellular,7,May,529,2,-1,0,Unknown,No,2023-05-07
26,Management,Married,Tertiary,No,265,No,No,Cellular,30,Jan,650,2,-1,0,Unknown,No,2023-01-30
31,Admin.,Married,Secondary,No,389,Yes,No,Cellular,7,Dec,69,1,185,2,Failure,No,2023-12-07
49,Admin.,Married,Secondary,No,0,Yes,Yes,Cellular,29,Jul,71,7,-1,0,Unknown,No,2023-07-29
54,Management,Married,Tertiary,No,384,Yes,No,Cellular,12,May,30,7,-1,0,Unknown,No,2023-05-12
47,Management,Divorced,Tertiary,No,94,Yes,No,Cellular,31,Jul,9,19,-1,0,Unknown,No,2023-07-31
61,Management,Married,Secondary,No,1471,No,No,Cellular,12,Aug,331,2,-1,0,Unknown,No,2023-08-12
49,Blue-Collar,Married,Primary,No,937,Yes,No,Unknown,12,Jun,66,1,-1,0,Unknown,No,2023-06-12
51,Technician,Married,Secondary,No,500,Yes,No,Cellular,20,Nov,26,6,-1,0,Unknown,No,2023-11-20
53,Blue-Collar,Married,Primary,No,25,Yes,No,Unknown,6,May,266,3,-1,0,Unknown,No,2023-05-06
35,Management,Married,Tertiary,No,365,No,No,Cellular,21,Nov,168,2,-1,0,Unknown,No,2023-11-21
25,Unemployed,Single,Secondary,No,34,No,Yes,Unknown,4,Jul,316,1,-1,0,Unknown,No,2023-07-04
79,Retired,Married,Primary,No,429,No,No,Telephone,8,Jul,1006,2,-1,0,Unknown,Yes,2023-07-08
53,Technician,Married,Primary,No,6839,Yes,No,Cellular,19,Nov,77,1,-1,0,Unknown,No,2023-11-19
21,Student,Single,Secondary,No,6,No,No,Unknown,9,May,622,1,-1,0,Unknown,No,2023-05-09
33,Blue-Collar,Married,Secondary,No,467,Yes,No,Unknown,21,May,494,2,-1,0,Unknown,No,2023-05-21
40,Self-Employed,Divorced,Secondary,No,1876,No,Yes,Unknown,20,Jun,269,1,-1,0,Unknown,No,2023-06-20
34,Entrepreneur,Married,Secondary,No,1847,Yes,No,Cellular,9,Apr,543,3,321,6,Failure,No,2023-04-09
52,Unknown,Married,Primary,No,247,No,No,Cellular,29,Jul,268,6,-1,0,Unknown,No,2023-07-29
27,Admin.,Married,Secondary,No,897,No,No,Cellular,5,Jun,397,1,-1,0,Unknown,Yes,2023-06-05
57,Services,Divorced,Secondary,No,4664,No,No,Cellular,21,Nov,22,4,114,1,Failure,No,2023-11-21
51,Self-Employed,Divorced,Secondary,No,1291,Yes,No,Unknown,3,Jun,51,2,-1,0,Unknown,No,2023-06-03
31,Student,Single,Tertiary,No,64,No,No,Cellular,15,Sep,208,1,105,2,Success,No,2023-09-15
49,Unemployed,Married,Tertiary,No,-471,Yes,No,Cellular,20,Nov,77,3,185,7,Failure,No,2023-11-20
32,Management,Single,Tertiary,No,1160,Yes,Yes,Unknown,11,Jun,450,2,-1,0,Unknown,No,2023-06-11
28,Admin.,Single,Tertiary,No,14,No,No,Cellular,1,Jun,201,1,-1,0,Unknown,No,2023-06-01
33,Blue-Collar,Married,Secondary,No,26,Yes,No,Cellular,17,Apr,342,3,332,1,Other,No,2023-04-17
50,Blue-Collar,Married,Unknown,No,452,No,No,Cellular,20,Aug,181,2,-1,0,Unknown,No,2023-08-20
42,Blue-Collar,Single,Secondary,No,382,Yes,No,Cellular,13,May,294,1,-1,0,Unknown,No,2023-05-13
45,Admin.,Married,Unknown,No,2033,No,No,Cellular,30,Nov,123,1,186,4,Failure,No,2023-11-30
34,Unemployed,Married,Secondary,No,0,Yes,No,Cellular,13,May,172,1,-1,0,Unknown,No,2023-05-13
56,Admin.,Divorced,Unknown,No,789,Yes,No,Cellular,8,May,1022,1,360,2,Failure,No,2023-05-08
33,Blue-Collar,Single,Secondary,No,142,Yes,No,Cellular,14,May,123,1,360,3,Other,No,2023-05-14
34,Admin.,Married,Secondary,No,645,Yes,No,Unknown,19,May,420,1,-1,0,Unknown,No,2023-05-19
37,Blue-Collar,Married,Unknown,No,897,Yes,No,Cellular,13,Apr,119,2,280,2,Failure,No,2023-04-13
37,Blue-Collar,Married,Secondary,No,103,Yes,No,Cellular,12,May,153,1,-1,0,Unknown,No,2023-05-12
35,Admin.,Single,Secondary,No,847,Yes,No,Cellular,11,May,85,2,-1,0,Unknown,No,2023-05-11
38,Unknown,Single,Tertiary,No,0,No,No,Cellular,11,Sep,260,3,95,3,Success,Yes,2023-09-11
32,Blue-Collar,Married,Secondary,No,517,Yes,No,Unknown,5,May,528,1,-1,0,Unknown,No,2023-05-05
52,Technician,Single,Tertiary,No,1308,Yes,No,Unknown,29,May,361,1,-1,0,Unknown,No,2023-05-29
49,Services,Married,Secondary,No,66,Yes,Yes,Cellular,21,Nov,59,4,-1,0,Unknown,No,2023-11-21
46,Management,Divorced,Secondary,No,361,Yes,No,Unknown,19,May,86,7,-1,0,Unknown,No,2023-05-19
42,Entrepreneur,Married,Primary,Yes,66,Yes,Yes,Cellular,6,Feb,139,1,-1,0,Unknown,No,2023-02-06
36,Blue-Collar,Married,Unknown,No,70,Yes,No,Unknown,8,May,219,4,-1,0,Unknown,No,2023-05-08
32,Services,Married,Secondary,No,180,Yes,No,Telephone,15,May,45,2,-1,0,Unknown,No,2023-05-15
49,Technician,Married,Tertiary,No,279,Yes,No,Unknown,19,May,168,4,-1,0,Unknown,No,2023-05-19
46,Services,Married,Secondary,No,4,No,No,Cellular,30,Apr,268,1,261,5,Other,Yes,2023-04-30
40,Entrepreneur,Married,Secondary,No,1416,Yes,No,Unknown,14,May,210,2,-1,0,Unknown,No,2023-05-14
36,Admin.,Married,Secondary,No,465,Yes,No,Unknown,20,May,160,1,-1,0,Unknown,No,2023-05-20
36,Admin.,Married,Secondary,No,998,Yes,No,Unknown,14,May,1044,2,-1,0,Unknown,No,2023-05-14
34,Technician,Married,Secondary,No,550,No,Yes,Cellular,9,Jul,601,1,-1,0,Unknown,No,2023-07-09
46,Management,Married,Tertiary,No,1285,Yes,No,Unknown,27,May,89,1,-1,0,Unknown,No,2023-05-27
32,Services,Married,Tertiary,No,4908,No,Yes,Cellular,13,May,491,2,-1,0,Unknown,No,2023-05-13
32,Unemployed,Single,Tertiary,No,336,Yes,No,Unknown,8,May,139,1,-1,0,Unknown,No,2023-05-08
32,Management,Single,Tertiary,No,131,No,No,Unknown,3,Jun,267,3,-1,0,Unknown,No,2023-06-03
43,Management,Married,Tertiary,No,348,No,Yes,Cellular,15,Jul,88,3,-1,0,Unknown,No,2023-07-15
25,Self-Employed,Single,Tertiary,No,453,Yes,No,Cellular,17,Jul,134,1,-1,0,Unknown,No,2023-07-17
55,Admin.,Married,Secondary,No,1102,Yes,No,Unknown,15,May,126,2,-1,0,Unknown,No,2023-05-15
24,Admin.,Single,Secondary,No,926,Yes,Yes,Cellular,15,May,191,1,-1,0,Unknown,No,2023-05-15
40,Management,Divorced,Tertiary,No,502,Yes,No,Cellular,3,Feb,267,4,270,3,Other,No,2023-02-03
38,Management,Single,Tertiary,No,8669,Yes,No,Telephone,20,Apr,5,3,150,6,Failure,No,2023-04-20
48,Blue-Collar,Single,Primary,No,316,No,No,Unknown,5,Jun,560,2,-1,0,Unknown,No,2023-06-05
36,Management,Married,Tertiary,No,9324,Yes,No,Cellular,30,Mar,138,8,-1,0,Unknown,No,2023-03-30
57,Management,Married,Tertiary,No,0,No,No,Cellular,19,Aug,188,4,-1,0,Unknown,No,2023-08-19
45,Admin.,Married,Secondary,No,72,Yes,Yes,Cellular,15,May,262,2,352,2,Failure,No,2023-05-15
33,Self-Employed,Single,Tertiary,No,61,No,No,Cellular,19,Aug,836,3,-1,0,Unknown,Yes,2023-08-19
38,Technician,Single,Secondary,No,173,No,No,Cellular,29,Aug,150,4,-1,0,Unknown,No,2023-08-29
26,Services,Single,Secondary,Yes,-162,Yes,No,Cellular,15,May,44,2,-1,0,Unknown,No,2023-05-15
30,Management,Single,Tertiary,No,47,No,Yes,Cellular,31,Jul,11,17,-1,0,Unknown,No,2023-07-31
55,Services,Divorced,Tertiary,No,1983,Yes,No,Telephone,19,Nov,123,1,-1,0,Unknown,No,2023-11-19
34,Blue-Collar,Married,Secondary,No,326,Yes,Yes,Unknown,15,May,150,2,-1,0,Unknown,No,2023-05-15
60,Admin.,Married,Secondary,No,2552,No,Yes,Cellular,30,Jan,255,2,2,4,Other,No,2023-01-30
36,Management,Single,Tertiary,No,1283,No,No,Cellular,18,Aug,92,5,-1,0,Unknown,No,2023-08-18
65,Housemaid,Married,Primary,No,2179,Yes,No,Cellular,4,Sep,112,7,-1,0,Unknown,No,2023-09-04
39,Self-Employed,Married,Tertiary,No,1047,No,No,Unknown,6,Jun,554,1,-1,0,Unknown,Yes,2023-06-06
52,Blue-Collar,Married,Primary,No,36,No,No,Cellular,13,Aug,109,2,-1,0,Unknown,No,2023-08-13
55,Technician,Married,Secondary,Yes,-308,No,No,Cellular,2,Feb,781,1,-1,0,Unknown,Yes,2023-02-02
26,Management,Single,Tertiary,No,1177,No,No,Cellular,19,Oct,116,1,-1,0,Unknown,No,2023-10-19
40,Self-Employed,Married,Primary,No,2077,Yes,No,Cellular,13,May,363,1,173,24,Other,No,2023-05-13
52,Entrepreneur,Married,Secondary,No,0,No,No,Cellular,7,Aug,82,2,-1,0,Unknown,No,2023-08-07
29,Self-Employed,Married,Tertiary,No,1,No,No,Cellular,18,Jul,167,3,-1,0,Unknown,No,2023-07-18
41,Blue-Collar,Married,Primary,No,7735,Yes,No,Cellular,20,Nov,220,1,190,1,Failure,No,2023-11-20
30,Technician,Single,Tertiary,No,1922,Yes,No,Cellular,18,May,546,1,-1,0,Unknown,No,2023-05-18
28,Student,Single,Secondary,No,153,No,No,Cellular,23,Jul,1124,2,-1,0,Unknown,Yes,2023-07-23
26,Blue-Collar,Married,Secondary,No,2770,Yes,No,Unknown,8,May,141,1,-1,0,Unknown,No,2023-05-08
58,Management,Married,Secondary,No,139,No,No,Cellular,27,May,188,1,161,2,Other,No,2023-05-27
29,Management,Single,Tertiary,No,21,Yes,No,Cellular,14,May,107,4,371,3,Failure,No,2023-05-14
48,Technician,Married,Secondary,No,178,Yes,No,Unknown,17,Jun,320,4,-1,0,Unknown,No,2023-06-17
35,Blue-Collar,Married,Secondary,No,444,Yes,No,Cellular,15,Apr,244,3,-1,0,Unknown,No,2023-04-15
26,Services,Single,Secondary,No,209,Yes,No,Cellular,22,Jul,319,2,-1,0,Unknown,No,2023-07-22
49,Blue-Collar,Married,Unknown,No,3096,No,No,Unknown,16,Jun,147,2,-1,0,Unknown,No,2023-06-16
34,Admin.,Married,Secondary,No,5320,No,No,Cellular,3,Mar,114,6,467,5,Other,No,2023-03-03
32,Services,Married,Secondary,No,4885,Yes,Yes,Cellular,18,Nov,400,2,-1,0,Unknown,No,2023-11-18
31,Admin.,Married,Secondary,No,0,Yes,Yes,Cellular,18,Nov,79,3,-1,0,Unknown,No,2023-11-18
48,Unemployed,Married,Primary,No,5462,No,No,Unknown,6,Jun,29,4,-1,0,Unknown,No,2023-06-06
40,Blue-Collar,Married,Secondary,No,6767,Yes,No,Cellular,20,Nov,97,2,-1,0,Unknown,No,2023-11-20
42,Technician,Divorced,Secondary,No,2974,Yes,No,Unknown,21,May,187,5,-1,0,Unknown,No,2023-05-21
48,Technician,Married,Secondary,No,427,No,No,Unknown,14,May,201,1,-1,0,Unknown,No,2023-05-14
38,Services,Married,Secondary,No,8876,No,No,Cellular,2,Feb,280,1,75,1,Failure,No,2023-02-02
53,Management,Married,Tertiary,No,146,No,No,Unknown,30,May,150,1,-1,0,Unknown,No,2023-05-30
59,Retired,Divorced,Secondary,No,319,No,No,Cellular,24,Jul,129,1,-1,0,Unknown,No,2023-07-24
28,Unemployed,Single,Secondary,No,304,No,No,Cellular,14,Jun,516,1,-1,0,Unknown,No,2023-06-14
41,Blue-Collar,Married,Primary,No,389,Yes,No,Unknown,16,Jun,127,2,-1,0,Unknown,No,2023-06-16
50,Management,Single,Primary,No,766,No,No,Unknown,17,Jun,174,2,-1,0,Unknown,No,2023-06-17
31,Admin.,Married,Secondary,No,0,Yes,No,Cellular,29,Jul,82,5,-1,0,Unknown,No,2023-07-29
30,Technician,Single,Secondary,No,3107,Yes,No,Unknown,3,Jun,1516,2,-1,0,Unknown,No,2023-06-03
59,Admin.,Divorced,Secondary,No,174,Yes,No,Unknown,16,May,204,1,-1,0,Unknown,No,2023-05-16
33,Technician,Divorced,Secondary,Yes,-305,No,Yes,Unknown,9,May,109,1,-1,0,Unknown,No,2023-05-09
35,Self-Employed,Married,Secondary,No,670,No,No,Cellular,9,Jul,378,1,-1,0,Unknown,No,2023-07-09
30,Management,Single,Tertiary,No,6164,Yes,No,Unknown,27,May,152,11,-1,0,Unknown,No,2023-05-27
71,Retired,Married,Secondary,No,2850,No,No,Cellular,17,Feb,185,1,-1,0,Unknown,Yes,2023-02-17
30,Services,Single,Primary,No,79,Yes,No,Cellular,15,May,317,1,-1,0,Unknown,No,2023-05-15
24,Services,Married,Secondary,Yes,110,Yes,No,Unknown,23,May,27,1,-1,0,Unknown,No,2023-05-23
34,Technician,Single,Secondary,No,5039,No,No,Cellular,20,Nov,205,6,-1,0,Unknown,No,2023-11-20
34,Blue-Collar,Married,Secondary,No,360,Yes,No,Telephone,19,Nov,46,1,182,2,Failure,No,2023-11-19
52,Admin.,Married,Secondary,No,199,No,No,Cellular,28,Jan,978,2,189,1,Other,No,2023-01-28
33,Self-Employed,Single,Secondary,No,238,Yes,Yes,Cellular,5,Feb,45,5,-1,0,Unknown,No,2023-02-05
38,Blue-Collar,Married,Secondary,No,5092,Yes,No,Unknown,17,Jun,145,6,-1,0,Unknown,No,2023-06-17
41,Admin.,Divorced,Secondary,No,1088,Yes,No,Cellular,28,Jan,138,1,-1,0,Unknown,No,2023-01-28
42,Management,Divorced,Tertiary,No,221,Yes,No,Unknown,7,May,720,2,-1,0,Unknown,No,2023-05-07
38,Blue-Collar,Divorced,Secondary,No,889,No,Yes,Unknown,18,Jun,362,1,-1,0,Unknown,No,2023-06-18
48,Blue-Collar,Married,Primary,No,750,Yes,No,Cellular,18,May,90,6,-1,0,Unknown,No,2023-05-18
34,Technician,Single,Secondary,No,0,Yes,Yes,Unknown,16,May,214,1,-1,0,Unknown,No,2023-05-16
46,Blue-Collar,Married,Primary,No,1291,Yes,No,Cellular,14,May,142,3,259,17,Failure,No,2023-05-14
33,Technician,Married,Secondary,No,1844,Yes,No,Unknown,29,May,241,3,-1,0,Unknown,No,2023-05-29
40,Management,Married,Tertiary,No,89,Yes,Yes,Telephone,9,Feb,148,6,-1,0,Unknown,No,2023-02-09
36,Admin.,Married,Secondary,No,4280,No,No,Unknown,19,Jun,227,6,-1,0,Unknown,No,2023-06-19
32,Technician,Single,Secondary,No,0,No,No,Cellular,21,Aug,126,2,-1,0,Unknown,No,2023-08-21
33,Blue-Collar,Married,Secondary,No,625,Yes,No,Unknown,28,May,410,1,-1,0,Unknown,No,2023-05-28
55,Technician,Married,Unknown,No,574,Yes,No,Cellular,29,Jan,243,2,-1,0,Unknown,No,2023-01-29
58,Management,Married,Primary,No,320,Yes,No,Unknown,30,May,171,2,-1,0,Unknown,No,2023-05-30
25,Technician,Single,Tertiary,No,468,Yes,No,Unknown,15,May,147,1,-1,0,Unknown,No,2023-05-15
47,Services,Married,Secondary,No,440,Yes,No,Unknown,12,Jun,91,1,-1,0,Unknown,No,2023-06-12
40,Unemployed,Married,Secondary,No,0,Yes,No,Cellular,19,Nov,332,1,183,1,Failure,No,2023-11-19
59,Retired,Married,Secondary,No,5706,Yes,No,Cellular,25,Jul,471,2,-1,0,Unknown,No,2023-07-25
40,Management,Married,Tertiary,No,7780,No,No,Telephone,4,May,364,1,355,1,Other,No,2023-05-04
30,Management,Married,Secondary,No,-559,Yes,Yes,Cellular,7,May,98,1,167,2,Failure,No,2023-05-07
25,Entrepreneur,Single,Tertiary,No,16874,Yes,Yes,Cellular,15,May,117,2,-1,0,Unknown,No,2023-05-15
58,Retired,Married,Primary,No,1987,No,No,Telephone,14,Jul,185,4,-1,0,Unknown,No,2023-07-14
39,Entrepreneur,Married,Unknown,No,98,Yes,No,Telephone,15,May,59,3,367,1,Other,No,2023-05-15
40,Self-Employed,Married,Tertiary,No,642,No,No,Cellular,18,Nov,147,3,-1,0,Unknown,No,2023-11-18
38,Blue-Collar,Married,Secondary,No,526,Yes,Yes,Unknown,23,May,553,2,-1,0,Unknown,No,2023-05-23
66,Management,Single,Tertiary,No,6483,No,No,Cellular,13,Aug,275,1,-1,0,Unknown,No,2023-08-13
47,Management,Married,Tertiary,No,2306,No,No,Telephone,6,Aug,239,4,-1,0,Unknown,Yes,2023-08-06
37,Blue-Collar,Married,Secondary,No,954,Yes,No,Unknown,2,Jun,402,9,-1,0,Unknown,No,2023-06-02
36,Management,Single,Tertiary,No,-679,Yes,Yes,Cellular,7,May,172,1,93,1,Failure,No,2023-05-07
50,Blue-Collar,Married,Primary,No,-1,No,No,Cellular,19,Aug,195,2,-1,0,Unknown,No,2023-08-19
76,Retired,Married,Primary,No,2590,No,No,Telephone,9,Feb,68,12,-1,0,Unknown,No,2023-02-09
58,Management,Single,Tertiary,No,331,No,Yes,Cellular,28,Jul,82,3,-1,0,Unknown,No,2023-07-28
42,Admin.,Married,Secondary,No,4209,Yes,No,Unknown,5,Jun,57,6,-1,0,Unknown,No,2023-06-05
58,Services,Divorced,Secondary,No,462,No,No,Cellular,13,Nov,495,1,93,1,Success,Yes,2023-11-13
28,Self-Employed,Single,Tertiary,No,0,Yes,No,Cellular,21,Jul,479,1,-1,0,Unknown,No,2023-07-21
41,Technician,Married,Secondary,No,0,No,No,Cellular,29,Aug,141,2,-1,0,Unknown,No,2023-08-29
30,Management,Married,Tertiary,No,151,No,No,Cellular,19,Aug,82,4,-1,0,Unknown,No,2023-08-19
32,Management,Divorced,Tertiary,No,883,Yes,No,Cellular,10,Dec,798,1,185,5,Other,Yes,2023-12-10
27,Services,Single,Secondary,No,266,No,Yes,Cellular,7,Jul,232,1,-1,0,Unknown,No,2023-07-07
48,Management,Married,Tertiary,No,0,No,No,Cellular,26,Aug,60,5,-1,0,Unknown,No,2023-08-26
36,Technician,Married,Tertiary,No,491,Yes,No,Unknown,8,May,103,3,-1,0,Unknown,No,2023-05-08
54,Management,Married,Tertiary,No,3,No,Yes,Cellular,8,Jul,443,1,-1,0,Unknown,No,2023-07-08
36,Blue-Collar,Married,Secondary,No,198,Yes,No,Unknown,9,May,400,2,-1,0,Unknown,No,2023-05-09
52,Housemaid,Married,Secondary,No,14363,No,No,Unknown,5,Jun,132,1,-1,0,Unknown,No,2023-06-05
34,Technician,Divorced,Secondary,No,0,Yes,Yes,Cellular,18,Aug,374,16,-1,0,Unknown,No,2023-08-18
43,Technician,Married,Secondary,No,136,No,No,Cellular,25,Aug,363,7,-1,0,Unknown,Yes,2023-08-25
32,Management,Single,Tertiary,No,28,No,No,Cellular,8,Aug,111,2,-1,0,Unknown,No,2023-08-08
33,Management,Single,Tertiary,No,335,No,No,Cellular,29,Aug,130,4,-1,0,Unknown,No,2023-08-29
51,Housemaid,Married,Unknown,No,174,No,No,Telephone,29,Jul,308,3,-1,0,Unknown,No,2023-07-29
39,Unemployed,Married,Secondary,No,270,Yes,No,Unknown,3,Jun,116,1,-1,0,Unknown,No,2023-06-03
44,Management,Single,Tertiary,No,1206,No,No,Cellular,9,Jul,160,2,-1,0,Unknown,No,2023-07-09
49,Housemaid,Divorced,Primary,No,198,Yes,No,Unknown,13,May,205,3,-1,0,Unknown,No,2023-05-13
25,Technician,Married,Tertiary,No,914,Yes,No,Cellular,12,May,185,2,-1,0,Unknown,No,2023-05-12
39,Self-Employed,Married,Secondary,No,31,Yes,No,Cellular,20,Nov,61,2,181,4,Failure,No,2023-11-20
54,Technician,Married,Secondary,No,0,No,No,Telephone,14,Aug,159,2,106,6,Success,No,2023-08-14
32,Management,Single,Tertiary,No,347,Yes,No,Cellular,18,May,213,1,264,6,Failure,No,2023-05-18
36,Management,Married,Tertiary,No,860,Yes,No,Unknown,20,May,294,15,-1,0,Unknown,No,2023-05-20
54,Technician,Married,Secondary,No,89,Yes,No,Cellular,10,Jul,140,3,-1,0,Unknown,No,2023-07-10
31,Technician,Married,Secondary,No,0,Yes,Yes,Cellular,28,Jan,71,1,223,9,Other,No,2023-01-28
45,Services,Married,Secondary,No,0,No,Yes,Cellular,8,Jul,47,7,-1,0,Unknown,No,2023-07-08
31,Admin.,Single,Secondary,No,68,Yes,No,Cellular,16,Apr,570,2,-1,0,Unknown,No,2023-04-16
45,Technician,Married,Secondary,No,-149,Yes,No,Cellular,14,Jul,287,2,-1,0,Unknown,No,2023-07-14
33,Services,Divorced,Secondary,No,2411,Yes,No,Cellular,23,Oct,130,1,161,1,Failure,Yes,2023-10-23
46,Management,Divorced,Tertiary,No,225,Yes,No,Cellular,14,May,201,1,345,1,Other,No,2023-05-14
43,Unknown,Single,Tertiary,No,2731,No,No,Cellular,21,Nov,11,7,-1,0,Unknown,No,2023-11-21
50,Management,Married,Tertiary,No,112,Yes,No,Cellular,4,Nov,70,5,85,5,Other,No,2023-11-04
44,Management,Divorced,Tertiary,No,0,No,No,Cellular,22,Aug,54,2,-1,0,Unknown,No,2023-08-22
42,Services,Married,Secondary,No,3620,Yes,No,Unknown,27,May,22,16,-1,0,Unknown,No,2023-05-27
26,Blue-Collar,Single,Secondary,No,179,No,No,Cellular,30,Jul,103,3,-1,0,Unknown,No,2023-07-30
47,Admin.,Single,Secondary,No,1544,Yes,No,Cellular,6,Apr,104,1,312,1,Failure,No,2023-04-06
48,Blue-Collar,Married,Primary,No,199,No,No,Telephone,18,Aug,29,2,-1,0,Unknown,No,2023-08-18
60,Blue-Collar,Married,Unknown,No,231,Yes,No,Unknown,12,May,57,2,-1,0,Unknown,No,2023-05-12
27,Admin.,Divorced,Secondary,No,76,Yes,No,Unknown,4,Jun,236,1,-1,0,Unknown,No,2023-06-04
30,Unemployed,Single,Tertiary,No,302,No,No,Cellular,11,Feb,528,3,-1,0,Unknown,Yes,2023-02-11
28,Admin.,Single,Secondary,No,189,Yes,No,Cellular,31,Jul,68,2,-1,0,Unknown,No,2023-07-31
58,Retired,Married,Primary,No,565,No,No,Telephone,7,Jul,876,1,-1,0,Unknown,Yes,2023-07-07
37,Entrepreneur,Married,Tertiary,No,310,No,No,Cellular,1,Sep,76,1,-1,0,Unknown,No,2023-09-01
36,Services,Married,Secondary,No,1746,Yes,No,Unknown,26,May,99,1,-1,0,Unknown,No,2023-05-26
39,Technician,Married,Secondary,No,6,Yes,No,Cellular,18,May,122,3,357,4,Failure,No,2023-05-18
52,Unemployed,Married,Primary,No,-110,No,Yes,Cellular,29,Jan,141,1,-1,0,Unknown,No,2023-01-29
55,Retired,Married,Secondary,No,2749,Yes,Yes,Unknown,29,May,58,2,-1,0,Unknown,No,2023-05-29
30,Management,Single,Tertiary,No,6495,No,No,Cellular,30,Mar,78,3,-1,0,Unknown,No,2023-03-30
36,Blue-Collar,Single,Secondary,No,35,Yes,No,Unknown,3,Jun,435,3,-1,0,Unknown,No,2023-06-03
39,Admin.,Married,Secondary,No,-650,No,No,Cellular,15,May,123,2,364,1,Failure,No,2023-05-15
47,Blue-Collar,Married,Primary,No,292,No,Yes,Telephone,28,Jul,210,3,-1,0,Unknown,No,2023-07-28
42,Housemaid,Single,Primary,No,5774,Yes,No,Unknown,15,May,54,2,-1,0,Unknown,No,2023-05-15
42,Management,Married,Secondary,No,2416,Yes,No,Unknown,20,May,138,4,-1,0,Unknown,No,2023-05-20
58,Retired,Married,Secondary,No,35,No,No,Cellular,29,Jul,336,7,-1,0,Unknown,No,2023-07-29
68,Retired,Married,Secondary,No,19317,Yes,No,Cellular,4,Aug,249,1,-1,0,Unknown,Yes,2023-08-04
43,Technician,Married,Secondary,No,50,No,No,Unknown,28,May,63,1,-1,0,Unknown,No,2023-05-28
44,Blue-Collar,Married,Secondary,No,-674,Yes,No,Unknown,5,May,257,1,-1,0,Unknown,No,2023-05-05
49,Technician,Married,Tertiary,No,3726,No,No,Cellular,5,Aug,875,2,-1,0,Unknown,Yes,2023-08-05
57,Retired,Married,Tertiary,No,1180,Yes,Yes,Unknown,14,May,191,2,-1,0,Unknown,No,2023-05-14
61,Self-Employed,Divorced,Tertiary,No,6610,No,No,Cellular,24,Feb,481,2,-1,0,Unknown,Yes,2023-02-24
36,Admin.,Single,Secondary,No,319,Yes,No,Cellular,18,May,120,2,-1,0,Unknown,No,2023-05-18
31,Blue-Collar,Married,Secondary,No,1545,Yes,Yes,Cellular,13,May,207,1,-1,0,Unknown,No,2023-05-13
51,Technician,Married,Tertiary,No,1315,No,No,Telephone,5,Jun,303,2,-1,0,Unknown,No,2023-06-05
31,Technician,Single,Tertiary,No,424,No,No,Cellular,21,Aug,93,2,-1,0,Unknown,No,2023-08-21
56,Blue-Collar,Married,Primary,No,151,No,No,Cellular,3,Feb,128,1,-1,0,Unknown,No,2023-02-03
30,Technician,Single,Tertiary,No,-970,No,Yes,Cellular,21,Aug,194,2,-1,0,Unknown,No,2023-08-21
38,Services,Married,Secondary,No,-762,Yes,Yes,Unknown,30,May,408,2,-1,0,Unknown,No,2023-05-30
35,Services,Married,Secondary,No,181,Yes,No,Cellular,31,Jul,5,3,-1,0,Unknown,No,2023-07-31
31,Blue-Collar,Married,Unknown,No,-120,Yes,No,Cellular,17,Jul,231,2,-1,0,Unknown,No,2023-07-17
39,Admin.,Divorced,Secondary,No,1022,Yes,No,Unknown,20,Jun,20,3,-1,0,Unknown,No,2023-06-20
50,Management,Married,Tertiary,No,78,Yes,No,Cellular,14,Jan,218,3,161,9,Other,No,2023-01-14
39,Technician,Married,Tertiary,No,209,No,No,Unknown,23,Jul,36,2,-1,0,Unknown,No,2023-07-23
26,Admin.,Married,Secondary,No,2469,No,No,Cellular,16,Jul,136,8,-1,0,Unknown,No,2023-07-16
55,Technician,Married,Secondary,No,0,No,No,Cellular,19,Nov,336,1,-1,0,Unknown,No,2023-11-19
43,Blue-Collar,Divorced,Primary,No,328,No,Yes,Cellular,8,Jul,192,1,-1,0,Unknown,No,2023-07-08
34,Housemaid,Married,Tertiary,No,0,No,No,Cellular,26,May,141,1,188,1,Failure,No,2023-05-26
51,Self-Employed,Married,Primary,No,307,Yes,Yes,Unknown,17,Jun,65,2,-1,0,Unknown,No,2023-06-17
31,Management,Married,Tertiary,No,1384,Yes,No,Cellular,30,Jan,203,2,2,3,Other,No,2023-01-30
32,Management,Married,Tertiary,No,0,No,No,Cellular,26,Aug,104,9,-1,0,Unknown,No,2023-08-26
53,Technician,Married,Secondary,No,719,Yes,No,Unknown,14,May,230,1,-1,0,Unknown,No,2023-05-14
44,Management,Divorced,Tertiary,No,0,No,No,Cellular,10,Aug,71,1,-1,0,Unknown,No,2023-08-10
38,Entrepreneur,Married,Tertiary,No,6704,Yes,No,Unknown,21,May,205,2,-1,0,Unknown,No,2023-05-21
47,Self-Employed,Married,Tertiary,No,4543,Yes,No,Unknown,14,May,162,1,-1,0,Unknown,No,2023-05-14
36,Management,Married,Tertiary,No,0,Yes,No,Unknown,27,May,145,2,-1,0,Unknown,No,2023-05-27
30,Management,Single,Tertiary,No,149,Yes,No,Unknown,3,Jun,220,2,-1,0,Unknown,No,2023-06-03
46,Blue-Collar,Married,Secondary,No,-1400,Yes,No,Telephone,6,May,309,3,355,4,Failure,No,2023-05-06
33,Entrepreneur,Married,Secondary,No,-118,Yes,Yes,Unknown,27,May,421,3,-1,0,Unknown,No,2023-05-27
43,Blue-Collar,Married,Secondary,No,2160,No,No,Cellular,8,Sep,261,1,98,1,Success,Yes,2023-09-08
38,Management,Married,Tertiary,No,3452,No,No,Cellular,13,Aug,132,2,-1,0,Unknown,No,2023-08-13
27,Technician,Single,Secondary,No,842,No,No,Cellular,30,Jul,273,1,91,1,Other,No,2023-07-30
38,Management,Married,Unknown,No,3576,No,No,Cellular,25,Nov,349,2,183,1,Success,Yes,2023-11-25
41,Unemployed,Married,Tertiary,No,1666,No,No,Unknown,9,Jun,291,3,-1,0,Unknown,No,2023-06-09
29,Technician,Married,Secondary,No,0,Yes,No,Cellular,28,Jul,83,6,-1,0,Unknown,No,2023-07-28
39,Services,Married,Secondary,No,0,Yes,No,Unknown,20,May,793,2,-1,0,Unknown,No,2023-05-20
42,Blue-Collar,Single,Primary,No,1628,Yes,No,Cellular,5,Feb,119,1,195,8,Success,No,2023-02-05
47,Services,Married,Secondary,No,51,Yes,Yes,Unknown,16,May,312,1,-1,0,Unknown,No,2023-05-16
30,Blue-Collar,Single,Secondary,Yes,447,No,No,Unknown,14,May,103,6,-1,0,Unknown,No,2023-05-14
34,Admin.,Married,Secondary,No,396,Yes,No,Cellular,16,Jul,101,3,-1,0,Unknown,No,2023-07-16
45,Housemaid,Married,Primary,No,4994,No,No,Unknown,20,Jun,48,1,-1,0,Unknown,No,2023-06-20
43,Admin.,Married,Secondary,No,3215,Yes,No,Cellular,21,Jul,228,3,-1,0,Unknown,No,2023-07-21
59,Blue-Collar,Married,Primary,No,2814,No,No,Unknown,20,Jun,81,3,-1,0,Unknown,No,2023-06-20
50,Technician,Married,Secondary,No,0,No,No,Cellular,7,Jul,152,2,-1,0,Unknown,No,2023-07-07
39,Blue-Collar,Married,Secondary,No,293,Yes,No,Unknown,23,May,160,3,-1,0,Unknown,No,2023-05-23
36,Technician,Married,Secondary,No,474,Yes,No,Unknown,27,May,59,1,-1,0,Unknown,No,2023-05-27
44,Blue-Collar,Married,Secondary,No,16178,Yes,No,Cellular,21,Nov,297,1,-1,0,Unknown,No,2023-11-21
36,Technician,Married,Tertiary,No,0,No,No,Cellular,22,Aug,147,2,-1,0,Unknown,No,2023-08-22
27,Management,Single,Tertiary,No,88,No,No,Cellular,4,May,143,1,-1,0,Unknown,No,2023-05-04
29,Services,Married,Secondary,No,308,Yes,No,Unknown,28,May,75,1,-1,0,Unknown,No,2023-05-28
70,Retired,Married,Secondary,No,1164,No,No,Telephone,14,May,338,3,185,2,Failure,No,2023-05-14
44,Management,Married,Tertiary,No,13893,No,No,Unknown,11,Jun,29,2,-1,0,Unknown,No,2023-06-11
55,Management,Married,Tertiary,No,0,Yes,No,Unknown,14,May,159,2,-1,0,Unknown,No,2023-05-14
36,Technician,Divorced,Secondary,No,-435,Yes,No,Unknown,2,Jun,85,8,-1,0,Unknown,No,2023-06-02
28,Technician,Single,Secondary,No,389,Yes,No,Cellular,11,May,15,7,-1,0,Unknown,No,2023-05-11
50,Management,Divorced,Tertiary,No,356,No,No,Cellular,8,May,198,2,358,5,Other,No,2023-05-08
49,Technician,Married,Secondary,No,2718,No,No,Unknown,19,May,114,2,-1,0,Unknown,No,2023-05-19
71,Retired,Divorced,Tertiary,No,261,No,No,Cellular,12,Aug,1117,2,-1,0,Unknown,No,2023-08-12
31,Admin.,Single,Secondary,No,757,No,No,Cellular,3,Feb,343,2,-1,0,Unknown,No,2023-02-03
45,Management,Single,Tertiary,No,16,No,No,Cellular,31,Jul,59,2,-1,0,Unknown,No,2023-07-31
42,Blue-Collar,Married,Secondary,No,-422,No,No,Cellular,9,Jul,31,1,-1,0,Unknown,No,2023-07-09
45,Admin.,Married,Secondary,No,248,No,No,Cellular,16,Jul,212,2,-1,0,Unknown,No,2023-07-16
47,Technician,Married,Primary,No,145,Yes,No,Unknown,7,May,157,6,-1,0,Unknown,No,2023-05-07
60,Retired,Divorced,Secondary,No,598,No,Yes,Cellular,8,Jul,96,1,-1,0,Unknown,No,2023-07-08
35,Management,Married,Tertiary,No,949,Yes,No,Unknown,27,May,245,2,-1,0,Unknown,No,2023-05-27
31,Technician,Single,Tertiary,No,614,No,No,Cellular,11,Aug,72,4,-1,0,Unknown,No,2023-08-11
33,Blue-Collar,Married,Primary,No,1209,Yes,No,Cellular,16,Apr,700,1,-1,0,Unknown,No,2023-04-16
50,Self-Employed,Married,Tertiary,No,202,Yes,No,Cellular,15,Apr,107,1,148,4,Failure,No,2023-04-15
51,Blue-Collar,Married,Secondary,No,1840,Yes,No,Cellular,18,Aug,312,3,-1,0,Unknown,No,2023-08-18
34,Technician,Married,Secondary,No,114,Yes,Yes,Cellular,4,Jun,153,1,309,3,Other,No,2023-06-04
56,Services,Married,Secondary,No,-229,No,Yes,Cellular,23,Jul,55,10,-1,0,Unknown,No,2023-07-23
29,Services,Married,Secondary,No,182,Yes,No,Telephone,13,May,38,3,-1,0,Unknown,No,2023-05-13
31,Blue-Collar,Married,Secondary,No,401,No,No,Cellular,14,Aug,96,3,-1,0,Unknown,No,2023-08-14
44,Technician,Divorced,Unknown,No,759,Yes,No,Unknown,23,May,397,1,-1,0,Unknown,No,2023-05-23
55,Retired,Married,Secondary,No,4194,No,Yes,Telephone,30,Jul,208,3,-1,0,Unknown,No,2023-07-30
35,Student,Single,Unknown,No,0,No,No,Telephone,28,Jan,122,3,-1,0,Unknown,No,2023-01-28
36,Technician,Married,Tertiary,No,629,Yes,Yes,Cellular,29,Dec,109,1,246,1,Failure,No,2023-12-29
54,Retired,Married,Secondary,No,153,Yes,Yes,Unknown,26,May,74,1,-1,0,Unknown,No,2023-05-26
32,Management,Married,Tertiary,No,553,Yes,No,Cellular,22,Jul,72,1,-1,0,Unknown,No,2023-07-22
36,Management,Divorced,Tertiary,No,1057,No,No,Cellular,5,Feb,383,2,-1,0,Unknown,No,2023-02-05
60,Retired,Married,Secondary,No,78,Yes,No,Unknown,12,May,113,3,-1,0,Unknown,No,2023-05-12
32,Technician,Single,Secondary,No,-28,No,Yes,Unknown,4,Jul,400,1,-1,0,Unknown,No,2023-07-04
57,Management,Married,Tertiary,No,929,No,No,Cellular,19,Aug,387,8,-1,0,Unknown,No,2023-08-19
34,Blue-Collar,Married,Primary,No,428,Yes,No,Cellular,18,May,59,2,-1,0,Unknown,No,2023-05-18
27,Student,Single,Secondary,No,268,Yes,No,Cellular,13,May,528,1,358,2,Failure,No,2023-05-13
52,Management,Single,Tertiary,No,83,No,No,Cellular,26,Aug,1223,6,-1,0,Unknown,Yes,2023-08-26
45,Admin.,Divorced,Unknown,No,998,Yes,No,Telephone,30,Jul,38,2,-1,0,Unknown,No,2023-07-30
58,Admin.,Single,Secondary,No,2223,No,No,Cellular,4,Dec,1139,2,114,1,Success,No,2023-12-04
39,Blue-Collar,Single,Primary,No,6,Yes,No,Cellular,19,Nov,286,2,-1,0,Unknown,No,2023-11-19
48,Blue-Collar,Single,Secondary,No,312,Yes,Yes,Cellular,3,Feb,369,2,-1,0,Unknown,No,2023-02-03
36,Management,Single,Secondary,No,0,No,No,Cellular,13,Aug,333,5,-1,0,Unknown,No,2023-08-13
31,Technician,Single,Secondary,No,691,Yes,No,Cellular,8,May,198,1,-1,0,Unknown,No,2023-05-08
41,Management,Married,Tertiary,No,771,Yes,No,Cellular,26,Aug,106,8,-1,0,Unknown,No,2023-08-26
30,Self-Employed,Single,Secondary,No,192,No,No,Cellular,22,Jul,423,1,-1,0,Unknown,No,2023-07-22
57,Retired,Married,Tertiary,No,0,No,No,Cellular,12,Aug,116,4,-1,0,Unknown,No,2023-08-12
29,Admin.,Single,Secondary,No,1070,Yes,No,Unknown,19,May,30,1,357,1,Other,Yes,2023-05-19
29,Services,Divorced,Secondary,No,84,Yes,No,Cellular,13,Apr,1101,2,-1,0,Unknown,Yes,2023-04-13
30,Management,Single,Tertiary,No,2,No,No,Cellular,16,Jun,102,1,85,1,Failure,No,2023-06-16
44,Management,Married,Tertiary,No,1242,Yes,No,Cellular,6,Aug,384,6,-1,0,Unknown,No,2023-08-06
33,Student,Single,Unknown,No,5969,No,No,Cellular,4,Sep,156,2,127,8,Failure,No,2023-09-04
56,Admin.,Divorced,Secondary,No,3337,Yes,No,Telephone,17,Nov,99,3,-1,0,Unknown,No,2023-11-17
26,Services,Single,Secondary,No,1347,No,No,Telephone,18,Jun,280,6,92,5,Other,Yes,2023-06-18
52,Technician,Married,Secondary,No,64,No,No,Telephone,29,Aug,20,2,-1,0,Unknown,No,2023-08-29
32,Management,Single,Secondary,No,249,Yes,No,Unknown,2,Jun,258,1,-1,0,Unknown,No,2023-06-02
36,Technician,Single,Secondary,No,0,No,No,Cellular,29,Aug,85,6,-1,0,Unknown,No,2023-08-29
26,Blue-Collar,Married,Secondary,No,128,No,No,Unknown,4,Jul,355,1,-1,0,Unknown,No,2023-07-04
37,Blue-Collar,Married,Secondary,No,196,Yes,No,Unknown,5,Jun,66,3,-1,0,Unknown,No,2023-06-05
34,Technician,Married,Secondary,No,351,Yes,No,Cellular,18,Jul,467,1,-1,0,Unknown,No,2023-07-18
26,Services,Single,Secondary,No,5533,Yes,No,Cellular,7,May,582,2,283,4,Failure,No,2023-05-07
32,Services,Married,Secondary,No,38,Yes,No,Cellular,15,May,744,1,-1,0,Unknown,Yes,2023-05-15
30,Management,Single,Tertiary,Yes,35,No,No,Cellular,30,Jul,185,4,-1,0,Unknown,No,2023-07-30
27,Technician,Single,Secondary,No,235,Yes,No,Cellular,12,May,13,5,-1,0,Unknown,No,2023-05-12
42,Admin.,Single,Secondary,No,30,Yes,No,Cellular,4,Feb,98,1,266,3,Failure,No,2023-02-04
33,Blue-Collar,Single,Primary,No,92,Yes,No,Unknown,9,May,127,1,-1,0,Unknown,No,2023-05-09
37,Blue-Collar,Married,Secondary,No,67,No,No,Unknown,3,Jun,45,2,-1,0,Unknown,No,2023-06-03
45,Blue-Collar,Married,Secondary,No,4022,Yes,No,Cellular,29,Jan,244,3,-1,0,Unknown,No,2023-01-29
36,Entrepreneur,Married,Tertiary,No,3057,No,No,Unknown,16,Jun,2769,4,-1,0,Unknown,Yes,2023-06-16
39,Management,Single,Tertiary,No,0,Yes,No,Cellular,12,May,561,4,369,3,Failure,No,2023-05-12
33,Management,Single,Tertiary,No,349,No,No,Cellular,22,Aug,182,1,-1,0,Unknown,No,2023-08-22
47,Services,Married,Secondary,No,2322,No,No,Cellular,22,Aug,618,1,-1,0,Unknown,No,2023-08-22
49,Entrepreneur,Married,Secondary,No,167,Yes,Yes,Unknown,6,May,198,3,-1,0,Unknown,No,2023-05-06
46,Management,Divorced,Secondary,No,558,No,No,Cellular,19,Aug,126,6,-1,0,Unknown,No,2023-08-19
31,Services,Married,Secondary,No,-230,Yes,Yes,Cellular,16,Jul,715,1,-1,0,Unknown,No,2023-07-16
43,Unemployed,Divorced,Secondary,No,4094,Yes,No,Cellular,21,Nov,63,1,-1,0,Unknown,No,2023-11-21
30,Blue-Collar,Single,Secondary,Yes,239,Yes,No,Unknown,21,May,412,1,-1,0,Unknown,Yes,2023-05-21
43,Management,Divorced,Tertiary,No,497,No,No,Cellular,13,May,66,1,363,22,Failure,No,2023-05-13
42,Blue-Collar,Married,Secondary,No,179,Yes,No,Cellular,17,Nov,96,1,-1,0,Unknown,No,2023-11-17
30,Admin.,Single,Tertiary,No,305,No,No,Cellular,30,Apr,633,1,85,2,Success,Yes,2023-04-30
33,Management,Single,Tertiary,No,-67,Yes,No,Unknown,5,May,364,1,-1,0,Unknown,No,2023-05-05
41,Admin.,Married,Secondary,No,4539,No,No,Unknown,30,May,298,3,-1,0,Unknown,No,2023-05-30
29,Blue-Collar,Single,Secondary,No,770,Yes,No,Cellular,17,Apr,341,1,-1,0,Unknown,No,2023-04-17
38,Unemployed,Married,Secondary,No,-673,Yes,No,Unknown,26,May,364,1,-1,0,Unknown,No,2023-05-26
29,Technician,Married,Tertiary,No,858,Yes,No,Cellular,12,Jun,234,7,330,1,Failure,No,2023-06-12
80,Housemaid,Married,Primary,No,0,No,No,Cellular,23,Feb,639,1,189,1,Failure,Yes,2023-02-23
38,Management,Single,Tertiary,No,5244,No,No,Cellular,8,Aug,310,4,-1,0,Unknown,No,2023-08-08
36,Blue-Collar,Divorced,Primary,No,117,Yes,No,Unknown,2,Jun,123,4,-1,0,Unknown,No,2023-06-02
38,Self-Employed,Married,Tertiary,No,846,No,No,Cellular,2,Jun,253,1,-1,0,Unknown,No,2023-06-02
44,Management,Married,Secondary,Yes,0,Yes,No,Cellular,11,Jul,96,2,-1,0,Unknown,No,2023-07-11
31,Management,Married,Tertiary,No,1331,No,No,Cellular,30,Apr,297,1,86,3,Success,Yes,2023-04-30
31,Services,Single,Secondary,No,31,Yes,Yes,Unknown,26,May,501,2,-1,0,Unknown,No,2023-05-26
57,Admin.,Divorced,Primary,No,179,Yes,No,Cellular,15,May,67,1,368,2,Failure,No,2023-05-15
37,Blue-Collar,Married,Primary,No,543,Yes,No,Unknown,21,May,281,1,-1,0,Unknown,No,2023-05-21
50,Blue-Collar,Married,Secondary,No,253,Yes,Yes,Cellular,5,May,475,2,-1,0,Unknown,No,2023-05-05
60,Retired,Married,Primary,No,71188,No,No,Cellular,6,Oct,205,1,-1,0,Unknown,No,2023-10-06
51,Management,Married,Tertiary,No,5108,Yes,No,Cellular,8,Oct,272,1,102,8,Other,No,2023-10-08
48,Blue-Collar,Married,Secondary,No,1738,Yes,No,Cellular,15,Apr,349,1,-1,0,Unknown,No,2023-04-15
42,Blue-Collar,Married,Primary,No,-97,Yes,No,Cellular,3,Feb,216,4,271,5,Failure,No,2023-02-03
36,Blue-Collar,Married,Secondary,No,199,Yes,No,Cellular,9,Jul,183,1,-1,0,Unknown,No,2023-07-09
43,Management,Married,Tertiary,No,489,Yes,No,Cellular,8,May,130,1,172,2,Other,No,2023-05-08
31,Admin.,Married,Primary,No,355,Yes,Yes,Unknown,4,Jun,61,6,-1,0,Unknown,No,2023-06-04
49,Technician,Single,Secondary,No,-97,Yes,No,Unknown,6,Jun,92,2,-1,0,Unknown,No,2023-06-06
35,Management,Divorced,Tertiary,No,473,No,Yes,Cellular,5,Aug,37,2,-1,0,Unknown,No,2023-08-05
44,Entrepreneur,Married,Secondary,No,6649,Yes,No,Cellular,19,Nov,354,2,-1,0,Unknown,No,2023-11-19
34,Self-Employed,Married,Tertiary,No,263,No,No,Cellular,4,May,203,1,78,8,Other,No,2023-05-04
46,Blue-Collar,Married,Secondary,No,781,No,No,Unknown,13,May,152,1,-1,0,Unknown,No,2023-05-13
49,Blue-Collar,Married,Primary,No,1032,Yes,No,Unknown,2,Jun,41,5,-1,0,Unknown,No,2023-06-02
32,Blue-Collar,Married,Secondary,No,119,No,No,Cellular,4,May,20,5,-1,0,Unknown,No,2023-05-04
35,Management,Divorced,Tertiary,No,434,Yes,No,Cellular,11,May,277,1,271,2,Success,No,2023-05-11
51,Admin.,Married,Secondary,No,2967,No,No,Unknown,17,Jun,83,2,-1,0,Unknown,No,2023-06-17
57,Retired,Divorced,Secondary,No,-331,Yes,No,Unknown,6,May,531,1,-1,0,Unknown,No,2023-05-06
59,Management,Married,Tertiary,No,1585,No,No,Telephone,28,Aug,91,5,-1,0,Unknown,No,2023-08-28
40,Services,Divorced,Unknown,No,4384,Yes,No,Unknown,5,May,315,1,-1,0,Unknown,No,2023-05-05
49,Management,Single,Tertiary,No,588,No,No,Cellular,28,Aug,70,9,-1,0,Unknown,No,2023-08-28
51,Management,Married,Secondary,No,3180,Yes,No,Cellular,9,Jul,384,1,-1,0,Unknown,No,2023-07-09
35,Admin.,Married,Secondary,Yes,0,No,Yes,Unknown,4,Jul,105,3,-1,0,Unknown,No,2023-07-04
29,Self-Employed,Married,Secondary,No,-76,Yes,No,Unknown,27,May,305,2,-1,0,Unknown,No,2023-05-27
32,Services,Single,Secondary,No,152,Yes,No,Cellular,25,May,158,2,-1,0,Unknown,Yes,2023-05-25
37,Housemaid,Divorced,Secondary,No,1040,Yes,No,Cellular,13,May,199,1,173,2,Failure,No,2023-05-13
49,Unemployed,Married,Primary,No,-384,Yes,No,Unknown,27,May,25,1,-1,0,Unknown,No,2023-05-27
45,Technician,Married,Unknown,No,473,Yes,No,Unknown,27,May,147,1,-1,0,Unknown,No,2023-05-27
34,Technician,Single,Secondary,No,475,Yes,No,Cellular,29,Jul,538,8,-1,0,Unknown,No,2023-07-29
53,Technician,Married,Secondary,No,0,No,No,Cellular,22,Aug,77,9,-1,0,Unknown,No,2023-08-22
42,Entrepreneur,Married,Primary,No,149,No,No,Cellular,20,Aug,94,2,-1,0,Unknown,No,2023-08-20
43,Technician,Married,Secondary,No,3285,Yes,No,Unknown,13,May,1721,2,-1,0,Unknown,Yes,2023-05-13
52,Retired,Married,Secondary,No,424,No,No,Cellular,19,Nov,143,1,154,3,Failure,No,2023-11-19
34,Blue-Collar,Single,Secondary,No,79,No,Yes,Cellular,20,Nov,104,1,-1,0,Unknown,No,2023-11-20
34,Technician,Divorced,Tertiary,No,674,Yes,No,Cellular,7,Aug,587,2,-1,0,Unknown,Yes,2023-08-07
27,Services,Married,Secondary,No,0,Yes,No,Cellular,22,Jul,1608,13,-1,0,Unknown,Yes,2023-07-22
43,Unemployed,Married,Tertiary,No,58,Yes,No,Cellular,9,Feb,48,4,-1,0,Unknown,No,2023-02-09
41,Technician,Married,Tertiary,No,532,Yes,No,Cellular,9,Jul,74,1,-1,0,Unknown,No,2023-07-09
72,Retired,Married,Secondary,No,4130,No,No,Cellular,12,Nov,427,1,-1,0,Unknown,No,2023-11-12
35,Blue-Collar,Married,Primary,No,422,Yes,No,Cellular,14,May,73,1,-1,0,Unknown,No,2023-05-14
41,Management,Married,Tertiary,No,437,Yes,No,Unknown,3,Jun,14,21,-1,0,Unknown,No,2023-06-03
36,Blue-Collar,Divorced,Primary,No,-308,Yes,No,Cellular,12,May,725,1,-1,0,Unknown,Yes,2023-05-12
51,Housemaid,Married,Primary,No,30,Yes,No,Cellular,14,Jul,333,2,-1,0,Unknown,No,2023-07-14
37,Self-Employed,Married,Tertiary,No,137,No,No,Cellular,13,Aug,244,6,-1,0,Unknown,No,2023-08-13
42,Admin.,Single,Secondary,No,-247,Yes,Yes,Telephone,21,Oct,519,1,166,1,Other,Yes,2023-10-21
26,Admin.,Single,Secondary,No,321,Yes,No,Cellular,22,Jul,242,7,-1,0,Unknown,No,2023-07-22
23,Services,Single,Secondary,No,250,Yes,No,Cellular,18,May,222,1,-1,0,Unknown,No,2023-05-18
50,Management,Married,Tertiary,No,-470,Yes,No,Cellular,19,Nov,130,2,160,1,Failure,No,2023-11-19
37,Blue-Collar,Married,Secondary,No,140,Yes,Yes,Cellular,7,May,490,1,-1,0,Unknown,No,2023-05-07
35,Management,Married,Tertiary,No,2793,No,No,Cellular,20,Nov,258,2,-1,0,Unknown,No,2023-11-20
37,Management,Married,Tertiary,No,410,No,No,Cellular,29,Jan,337,2,-1,0,Unknown,No,2023-01-29
79,Retired,Divorced,Unknown,No,2628,No,No,Telephone,8,Jul,220,7,450,2,Failure,No,2023-07-08
39,Technician,Married,Secondary,No,116,No,No,Cellular,24,Aug,79,2,94,2,Success,No,2023-08-24
47,Services,Married,Secondary,No,0,Yes,No,Telephone,9,Jul,250,1,-1,0,Unknown,No,2023-07-09
44,Blue-Collar,Married,Secondary,No,878,Yes,No,Cellular,2,Jun,130,1,-1,0,Unknown,No,2023-06-02
36,Management,Single,Tertiary,No,2944,No,No,Cellular,18,Aug,882,8,-1,0,Unknown,Yes,2023-08-18
33,Blue-Collar,Single,Secondary,No,3975,Yes,Yes,Cellular,17,Apr,515,1,150,1,Other,No,2023-04-17
42,Services,Married,Secondary,No,96,Yes,No,Cellular,5,May,238,3,340,2,Failure,No,2023-05-05
35,Technician,Single,Tertiary,No,2288,No,No,Telephone,28,May,32,2,-1,0,Unknown,No,2023-05-28
31,Blue-Collar,Married,Secondary,No,472,Yes,No,Unknown,13,May,907,2,-1,0,Unknown,No,2023-05-13
58,Services,Married,Primary,No,65,No,No,Unknown,27,Jun,162,1,-1,0,Unknown,No,2023-06-27
46,Management,Married,Tertiary,No,0,No,No,Unknown,7,May,70,2,-1,0,Unknown,No,2023-05-07
41,Admin.,Single,Secondary,No,400,Yes,No,Unknown,4,Jun,99,6,-1,0,Unknown,No,2023-06-04
58,Technician,Married,Secondary,No,7495,Yes,No,Unknown,13,May,325,1,-1,0,Unknown,No,2023-05-13
33,Blue-Collar,Married,Secondary,No,137,No,Yes,Cellular,18,Jul,305,12,-1,0,Unknown,No,2023-07-18
31,Unemployed,Married,Secondary,No,24,Yes,No,Cellular,19,Nov,631,1,-1,0,Unknown,No,2023-11-19
55,Technician,Divorced,Secondary,No,3450,No,No,Cellular,10,Feb,169,1,183,1,Failure,Yes,2023-02-10
38,Technician,Single,Secondary,No,311,Yes,No,Cellular,28,May,61,2,-1,0,Unknown,No,2023-05-28
55,Housemaid,Married,Secondary,No,139,No,No,Cellular,22,Aug,256,2,-1,0,Unknown,No,2023-08-22
47,Management,Single,Tertiary,No,0,No,No,Unknown,11,Jun,58,3,-1,0,Unknown,No,2023-06-11
51,Housemaid,Married,Primary,No,492,Yes,No,Unknown,20,May,142,3,-1,0,Unknown,No,2023-05-20
46,Management,Single,Tertiary,No,334,Yes,No,Telephone,4,May,36,6,90,2,Other,No,2023-05-04
61,Management,Married,Tertiary,No,997,No,No,Cellular,10,Mar,106,1,-1,0,Unknown,Yes,2023-03-10
47,Management,Single,Tertiary,No,440,No,No,Cellular,21,Aug,71,4,-1,0,Unknown,No,2023-08-21
34,Technician,Married,Secondary,No,47,No,No,Cellular,25,Aug,132,6,-1,0,Unknown,No,2023-08-25
34,Blue-Collar,Married,Secondary,No,1298,Yes,No,Unknown,20,May,120,1,-1,0,Unknown,No,2023-05-20
41,Management,Divorced,Tertiary,No,3355,No,No,Cellular,14,Oct,181,2,500,1,Failure,No,2023-10-14
36,Blue-Collar,Divorced,Secondary,No,-11,No,No,Unknown,5,Jun,152,2,-1,0,Unknown,No,2023-06-05
26,Blue-Collar,Single,Secondary,No,396,Yes,No,Unknown,28,May,302,1,-1,0,Unknown,No,2023-05-28
35,Management,Married,Tertiary,No,8,No,No,Cellular,23,Apr,93,3,-1,0,Unknown,Yes,2023-04-23
36,Blue-Collar,Married,Secondary,No,1409,No,No,Unknown,17,Jun,235,2,-1,0,Unknown,No,2023-06-17
26,Management,Single,Tertiary,No,170,No,No,Cellular,15,Jun,129,1,-1,0,Unknown,Yes,2023-06-15
58,Management,Married,Primary,No,2769,Yes,No,Cellular,11,Jul,94,2,-1,0,Unknown,No,2023-07-11
50,Blue-Collar,Married,Secondary,No,2320,Yes,No,Cellular,7,Apr,310,1,-1,0,Unknown,No,2023-04-07
61,Retired,Married,Secondary,No,76,Yes,No,Cellular,15,Jul,195,7,-1,0,Unknown,No,2023-07-15
28,Technician,Single,Secondary,No,2034,Yes,No,Unknown,21,May,196,1,-1,0,Unknown,No,2023-05-21
49,Blue-Collar,Single,Primary,No,3018,Yes,No,Unknown,15,May,93,1,-1,0,Unknown,No,2023-05-15
74,Retired,Married,Secondary,No,921,No,No,Telephone,17,Apr,394,2,-1,0,Unknown,Yes,2023-04-17
53,Blue-Collar,Married,Secondary,No,483,Yes,No,Cellular,3,Feb,288,3,-1,0,Unknown,No,2023-02-03
46,Self-Employed,Married,Secondary,No,390,Yes,No,Cellular,31,Jul,208,2,-1,0,Unknown,No,2023-07-31
47,Management,Married,Tertiary,No,0,No,No,Cellular,27,Oct,508,1,-1,0,Unknown,Yes,2023-10-27
42,Blue-Collar,Single,Primary,No,92,No,No,Cellular,30,Jul,86,2,-1,0,Unknown,No,2023-07-30
56,Services,Married,Secondary,No,22196,Yes,No,Cellular,21,Nov,189,1,-1,0,Unknown,No,2023-11-21
42,Technician,Married,Secondary,No,2,No,No,Unknown,29,May,249,2,-1,0,Unknown,No,2023-05-29
49,Housemaid,Married,Primary,No,249,Yes,No,Cellular,21,Nov,450,1,-1,0,Unknown,No,2023-11-21
43,Unemployed,Single,Unknown,No,3274,Yes,No,Cellular,22,May,680,1,95,1,Failure,No,2023-05-22
39,Services,Married,Secondary,No,5731,Yes,No,Unknown,20,May,175,2,-1,0,Unknown,No,2023-05-20
66,Retired,Married,Primary,No,206,No,No,Cellular,9,Feb,479,1,-1,0,Unknown,Yes,2023-02-09
30,Technician,Single,Tertiary,No,2325,No,No,Cellular,5,Apr,270,3,241,4,Other,No,2023-04-05
38,Management,Single,Tertiary,No,0,No,No,Cellular,24,Jul,164,1,-1,0,Unknown,No,2023-07-24
31,Blue-Collar,Married,Secondary,No,1664,Yes,No,Cellular,20,Apr,158,1,182,1,Success,No,2023-04-20
32,Technician,Married,Secondary,No,3333,No,No,Cellular,8,Aug,50,4,-1,0,Unknown,No,2023-08-08
48,Technician,Married,Secondary,No,7020,No,No,Cellular,6,Aug,80,2,-1,0,Unknown,No,2023-08-06
34,Admin.,Married,Tertiary,No,37,No,No,Cellular,6,Feb,45,1,-1,0,Unknown,No,2023-02-06
28,Student,Single,Secondary,No,28,No,No,Cellular,29,Jan,220,2,-1,0,Unknown,No,2023-01-29
40,Admin.,Single,Secondary,No,1670,Yes,No,Unknown,18,Jun,161,2,-1,0,Unknown,No,2023-06-18
36,Entrepreneur,Married,Secondary,No,134,No,No,Unknown,20,May,98,1,-1,0,Unknown,No,2023-05-20
52,Retired,Married,Secondary,No,603,No,Yes,Unknown,9,Jun,79,1,-1,0,Unknown,No,2023-06-09
46,Admin.,Married,Primary,No,276,Yes,Yes,Unknown,6,May,157,2,-1,0,Unknown,No,2023-05-06
25,Technician,Single,Secondary,No,2157,Yes,No,Cellular,21,Jul,339,1,-1,0,Unknown,No,2023-07-21
52,Blue-Collar,Married,Secondary,No,161,Yes,No,Unknown,13,May,274,2,-1,0,Unknown,No,2023-05-13
40,Blue-Collar,Married,Primary,No,3658,Yes,No,Unknown,14,May,977,1,-1,0,Unknown,No,2023-05-14
26,Management,Divorced,Tertiary,Yes,-402,No,Yes,Unknown,12,May,127,2,-1,0,Unknown,No,2023-05-12
26,Blue-Collar,Single,Primary,No,3342,Yes,No,Unknown,4,Jun,329,4,-1,0,Unknown,No,2023-06-04
35,Self-Employed,Single,Secondary,No,1732,No,No,Telephone,21,Nov,1441,3,-1,0,Unknown,No,2023-11-21
40,Admin.,Single,Secondary,No,263,Yes,No,Unknown,6,May,231,1,-1,0,Unknown,No,2023-05-06
31,Management,Married,Tertiary,No,623,Yes,No,Cellular,13,May,96,2,349,5,Failure,No,2023-05-13
32,Admin.,Married,Secondary,No,3540,Yes,No,Cellular,18,May,213,1,178,1,Failure,No,2023-05-18
33,Admin.,Married,Secondary,No,95,Yes,No,Cellular,30,Apr,335,1,-1,0,Unknown,Yes,2023-04-30
53,Services,Divorced,Secondary,No,765,Yes,No,Cellular,14,May,959,3,174,7,Other,Yes,2023-05-14
46,Technician,Divorced,Secondary,No,-824,Yes,No,Cellular,7,Aug,429,3,-1,0,Unknown,Yes,2023-08-07
28,Management,Single,Tertiary,No,5549,No,No,Cellular,28,Jul,383,6,-1,0,Unknown,No,2023-07-28
31,Blue-Collar,Married,Secondary,No,191,Yes,No,Unknown,2,Jun,40,1,-1,0,Unknown,No,2023-06-02
44,Blue-Collar,Married,Primary,No,420,Yes,No,Unknown,7,May,110,2,-1,0,Unknown,No,2023-05-07
35,Admin.,Married,Secondary,No,0,No,No,Unknown,7,May,326,1,-1,0,Unknown,No,2023-05-07
50,Technician,Divorced,Unknown,No,2706,Yes,No,Unknown,28,May,179,3,-1,0,Unknown,No,2023-05-28
32,Technician,Married,Secondary,Yes,4,Yes,Yes,Cellular,25,Aug,132,8,-1,0,Unknown,No,2023-08-25
51,Admin.,Married,Secondary,No,423,Yes,Yes,Cellular,16,Oct,95,1,-1,0,Unknown,No,2023-10-16
51,Management,Married,Tertiary,No,-892,Yes,Yes,Cellular,14,Aug,248,2,-1,0,Unknown,No,2023-08-14
31,Blue-Collar,Married,Unknown,No,-120,Yes,No,Cellular,3,Feb,100,3,201,2,Failure,No,2023-02-03
41,Admin.,Divorced,Secondary,No,-365,Yes,No,Unknown,28,May,226,10,-1,0,Unknown,No,2023-05-28
57,Technician,Married,Tertiary,No,27069,No,Yes,Unknown,20,Jun,174,3,-1,0,Unknown,No,2023-06-20
34,Management,Single,Tertiary,No,8038,Yes,No,Cellular,20,Apr,29,3,152,1,Failure,No,2023-04-20
47,Technician,Married,Secondary,No,-938,Yes,No,Unknown,28,May,176,2,-1,0,Unknown,No,2023-05-28
47,Admin.,Divorced,Secondary,No,1139,Yes,No,Cellular,11,Jul,106,2,-1,0,Unknown,No,2023-07-11
36,Self-Employed,Married,Secondary,No,189,Yes,No,Cellular,19,Nov,136,1,120,1,Failure,No,2023-11-19
29,Housemaid,Single,Tertiary,No,19,No,No,Cellular,5,Feb,110,2,64,2,Success,Yes,2023-02-05
39,Technician,Married,Secondary,No,3663,No,No,Cellular,11,Aug,230,3,-1,0,Unknown,No,2023-08-11
53,Blue-Collar,Single,Unknown,No,0,No,No,Unknown,12,May,140,7,-1,0,Unknown,No,2023-05-12
47,Blue-Collar,Married,Secondary,Yes,-614,Yes,No,Unknown,26,May,118,2,-1,0,Unknown,No,2023-05-26
51,Technician,Divorced,Secondary,No,2323,Yes,Yes,Cellular,18,Aug,151,10,-1,0,Unknown,No,2023-08-18
48,Blue-Collar,Married,Secondary,No,425,Yes,No,Telephone,9,Jul,693,2,-1,0,Unknown,No,2023-07-09
32,Technician,Married,Secondary,No,5122,No,No,Cellular,13,Aug,31,1,-1,0,Unknown,No,2023-08-13
36,Management,Divorced,Tertiary,No,608,No,No,Cellular,26,Aug,125,2,-1,0,Unknown,No,2023-08-26
50,Unknown,Married,Primary,No,341,Yes,Yes,Cellular,20,Apr,670,4,340,2,Success,Yes,2023-04-20
39,Admin.,Married,Secondary,No,607,Yes,No,Cellular,12,May,454,2,364,3,Failure,Yes,2023-05-12
31,Blue-Collar,Married,Secondary,No,1495,Yes,Yes,Unknown,23,May,159,3,-1,0,Unknown,No,2023-05-23
49,Admin.,Married,Secondary,No,381,No,No,Cellular,5,Aug,504,2,-1,0,Unknown,No,2023-08-05
33,Unemployed,Divorced,Secondary,No,385,No,No,Telephone,27,Aug,29,28,-1,0,Unknown,No,2023-08-27
26,Management,Single,Tertiary,No,1274,Yes,No,Cellular,1,Jun,190,1,84,1,Failure,No,2023-06-01
27,Blue-Collar,Married,Secondary,No,362,Yes,No,Unknown,14,May,332,2,-1,0,Unknown,No,2023-05-14
51,Blue-Collar,Married,Primary,No,377,Yes,No,Telephone,3,Feb,143,4,272,1,Failure,No,2023-02-03
26,Admin.,Single,Secondary,No,802,No,No,Cellular,30,Jan,77,1,2,2,Other,No,2023-01-30
45,Admin.,Married,Secondary,No,194,No,No,Cellular,31,Jul,517,4,-1,0,Unknown,No,2023-07-31
54,Technician,Married,Secondary,No,-315,No,Yes,Cellular,10,Jul,2029,1,-1,0,Unknown,Yes,2023-07-10
49,Technician,Married,Tertiary,No,1843,Yes,No,Cellular,25,May,269,1,-1,0,Unknown,No,2023-05-25
47,Technician,Married,Secondary,No,-9,No,No,Cellular,14,Aug,457,2,-1,0,Unknown,No,2023-08-14
42,Housemaid,Married,Primary,No,83,No,Yes,Cellular,7,Aug,184,1,-1,0,Unknown,No,2023-08-07
50,Entrepreneur,Married,Tertiary,No,433,Yes,No,Cellular,18,May,47,4,-1,0,Unknown,No,2023-05-18
37,Admin.,Married,Secondary,No,-107,Yes,No,Unknown,28,May,158,2,-1,0,Unknown,No,2023-05-28
54,Blue-Collar,Married,Primary,No,4503,No,No,Telephone,21,Nov,168,3,-1,0,Unknown,No,2023-11-21
40,Services,Married,Secondary,No,51,Yes,No,Cellular,11,May,50,1,-1,0,Unknown,No,2023-05-11
50,Services,Married,Secondary,No,961,No,Yes,Cellular,14,Aug,757,4,-1,0,Unknown,No,2023-08-14
57,Retired,Married,Secondary,No,49,Yes,Yes,Cellular,25,Aug,93,4,-1,0,Unknown,No,2023-08-25
33,Technician,Married,Secondary,No,3470,No,No,Cellular,11,Aug,285,2,-1,0,Unknown,No,2023-08-11
49,Technician,Married,Secondary,No,-147,Yes,No,Cellular,20,Apr,390,1,-1,0,Unknown,No,2023-04-20
35,Services,Married,Secondary,No,0,Yes,No,Cellular,18,May,146,2,-1,0,Unknown,No,2023-05-18
28,Blue-Collar,Single,Secondary,No,0,Yes,No,Unknown,28,May,386,1,-1,0,Unknown,No,2023-05-28
58,Management,Married,Tertiary,No,172,No,No,Cellular,19,Aug,145,7,-1,0,Unknown,No,2023-08-19
31,Admin.,Single,Secondary,No,-407,No,Yes,Cellular,7,Jul,230,1,-1,0,Unknown,No,2023-07-07
36,Management,Divorced,Tertiary,No,649,No,No,Cellular,16,Jul,237,2,91,1,Failure,No,2023-07-16
49,Blue-Collar,Single,Primary,No,1040,No,No,Cellular,8,Jul,474,2,-1,0,Unknown,No,2023-07-08
30,Unemployed,Married,Secondary,No,142,Yes,No,Unknown,20,May,350,4,-1,0,Unknown,No,2023-05-20
29,Services,Single,Secondary,No,209,Yes,No,Cellular,28,Jul,487,7,-1,0,Unknown,No,2023-07-28
50,Management,Married,Unknown,No,3304,No,No,Unknown,5,Jun,1009,2,-1,0,Unknown,No,2023-06-05
26,Student,Single,Tertiary,No,294,No,No,Cellular,5,Mar,87,1,91,2,Success,Yes,2023-03-05
27,Housemaid,Married,Secondary,No,4848,Yes,Yes,Telephone,23,Jul,82,3,-1,0,Unknown,No,2023-07-23
32,Blue-Collar,Single,Secondary,No,1670,Yes,No,Cellular,18,May,183,1,-1,0,Unknown,No,2023-05-18
62,Unknown,Married,Secondary,No,367,No,No,Telephone,2,Mar,139,5,-1,0,Unknown,No,2023-03-02
34,Blue-Collar,Single,Secondary,No,13683,Yes,No,Unknown,3,Jun,115,3,-1,0,Unknown,No,2023-06-03
25,Admin.,Single,Tertiary,No,1420,No,No,Cellular,8,Apr,124,2,-1,0,Unknown,No,2023-04-08
34,Management,Single,Tertiary,No,340,Yes,No,Unknown,3,Jun,633,28,-1,0,Unknown,No,2023-06-03
44,Technician,Single,Secondary,No,1679,No,No,Telephone,20,Oct,718,1,-1,0,Unknown,Yes,2023-10-20
38,Management,Married,Tertiary,No,1198,Yes,No,Cellular,2,Feb,63,1,-1,0,Unknown,No,2023-02-02
57,Admin.,Married,Secondary,No,169,No,No,Cellular,14,Aug,180,1,106,2,Failure,No,2023-08-14
36,Self-Employed,Married,Tertiary,No,506,No,No,Cellular,25,Aug,47,1,120,1,Failure,No,2023-08-25
41,Entrepreneur,Married,Secondary,No,1249,Yes,No,Cellular,9,Jul,391,1,-1,0,Unknown,No,2023-07-09
36,Management,Single,Tertiary,No,678,No,Yes,Unknown,4,Jul,85,3,-1,0,Unknown,No,2023-07-04
27,Management,Single,Tertiary,No,212,Yes,No,Cellular,15,May,373,1,-1,0,Unknown,No,2023-05-15
37,Technician,Divorced,Secondary,No,23,No,No,Cellular,20,Aug,289,2,-1,0,Unknown,No,2023-08-20
47,Management,Single,Tertiary,No,4402,No,No,Telephone,10,Dec,805,1,190,1,Other,Yes,2023-12-10
31,Services,Divorced,Primary,No,459,Yes,No,Cellular,7,May,623,1,293,1,Success,Yes,2023-05-07
39,Self-Employed,Married,Secondary,No,4722,Yes,No,Unknown,17,Jun,483,1,-1,0,Unknown,No,2023-06-17
35,Admin.,Divorced,Tertiary,No,1555,Yes,No,Unknown,9,May,26,2,-1,0,Unknown,No,2023-05-09
40,Blue-Collar,Married,Secondary,No,61,Yes,No,Unknown,7,May,112,3,-1,0,Unknown,No,2023-05-07
38,Management,Single,Tertiary,No,0,Yes,No,Cellular,17,Nov,213,2,-1,0,Unknown,No,2023-11-17
31,Technician,Married,Secondary,No,3706,Yes,No,Cellular,20,Nov,129,1,-1,0,Unknown,No,2023-11-20
36,Blue-Collar,Married,Primary,No,1177,No,No,Cellular,15,Apr,330,1,311,4,Success,Yes,2023-04-15
53,Management,Married,Primary,No,2096,No,No,Unknown,9,Jun,104,1,-1,0,Unknown,No,2023-06-09
59,Blue-Collar,Married,Primary,No,748,No,No,Unknown,29,May,184,1,-1,0,Unknown,No,2023-05-29
29,Management,Single,Tertiary,No,3357,No,No,Cellular,21,Jul,120,3,-1,0,Unknown,No,2023-07-21
30,Admin.,Single,Secondary,No,3809,Yes,No,Unknown,3,Jun,159,4,-1,0,Unknown,No,2023-06-03
52,Admin.,Married,Secondary,No,395,Yes,No,Unknown,15,May,391,3,-1,0,Unknown,No,2023-05-15
55,Blue-Collar,Married,Secondary,No,1011,Yes,No,Cellular,12,Aug,112,2,-1,0,Unknown,No,2023-08-12
56,Blue-Collar,Married,Primary,No,420,Yes,No,Unknown,9,May,76,1,-1,0,Unknown,No,2023-05-09
32,Admin.,Married,Secondary,No,76,Yes,No,Unknown,21,May,189,2,-1,0,Unknown,No,2023-05-21
24,Blue-Collar,Married,Secondary,No,0,No,No,Unknown,28,May,94,1,-1,0,Unknown,No,2023-05-28
51,Blue-Collar,Married,Primary,No,844,Yes,No,Unknown,29,May,184,3,-1,0,Unknown,No,2023-05-29
36,Management,Married,Tertiary,No,1318,Yes,No,Cellular,7,Aug,100,2,-1,0,Unknown,No,2023-08-07
36,Technician,Married,Tertiary,No,167,Yes,No,Cellular,28,Jan,57,1,-1,0,Unknown,No,2023-01-28
42,Management,Married,Tertiary,No,2187,Yes,No,Cellular,17,Nov,525,3,-1,0,Unknown,Yes,2023-11-17
49,Admin.,Married,Secondary,No,14440,Yes,No,Cellular,21,Nov,60,1,-1,0,Unknown,No,2023-11-21
48,Management,Married,Secondary,No,2294,Yes,No,Unknown,26,May,251,11,-1,0,Unknown,No,2023-05-26
36,Management,Married,Secondary,No,80,Yes,No,Unknown,30,May,251,3,-1,0,Unknown,No,2023-05-30
48,Management,Married,Primary,No,2537,No,No,Cellular,26,Aug,219,6,-1,0,Unknown,No,2023-08-26
30,Technician,Married,Tertiary,No,569,No,No,Cellular,27,Aug,976,12,-1,0,Unknown,Yes,2023-08-27
27,Management,Single,Tertiary,Yes,0,No,Yes,Cellular,8,Jul,46,1,-1,0,Unknown,No,2023-07-08
38,Entrepreneur,Married,Tertiary,No,0,Yes,No,Cellular,18,Nov,185,3,-1,0,Unknown,No,2023-11-18
36,Technician,Single,Secondary,Yes,12,No,No,Cellular,12,Aug,587,2,-1,0,Unknown,Yes,2023-08-12
45,Technician,Married,Secondary,No,49,No,No,Cellular,29,Jul,65,2,-1,0,Unknown,No,2023-07-29
44,Housemaid,Married,Tertiary,No,460,No,No,Unknown,17,Jun,491,1,-1,0,Unknown,No,2023-06-17
42,Technician,Married,Secondary,No,613,Yes,No,Cellular,11,May,432,2,-1,0,Unknown,No,2023-05-11
37,Entrepreneur,Married,Tertiary,No,7944,No,No,Cellular,21,Nov,102,1,-1,0,Unknown,No,2023-11-21
48,Blue-Collar,Married,Secondary,No,1143,Yes,No,Cellular,17,Apr,264,1,317,1,Failure,No,2023-04-17
57,Retired,Married,Primary,No,-464,Yes,No,Cellular,4,Feb,75,1,190,6,Failure,No,2023-02-04
44,Services,Married,Secondary,No,1989,Yes,Yes,Cellular,20,Apr,106,2,-1,0,Unknown,No,2023-04-20
48,Technician,Married,Secondary,No,17,Yes,Yes,Cellular,17,Nov,81,1,-1,0,Unknown,No,2023-11-17
56,Retired,Married,Primary,No,-1,No,No,Cellular,27,Aug,89,23,-1,0,Unknown,No,2023-08-27
37,Management,Married,Tertiary,No,1698,Yes,No,Unknown,6,Jun,95,2,-1,0,Unknown,No,2023-06-06
47,Blue-Collar,Married,Secondary,No,5306,Yes,No,Unknown,15,May,322,1,-1,0,Unknown,No,2023-05-15
54,Housemaid,Married,Unknown,No,0,No,No,Cellular,14,Apr,94,5,145,3,Other,No,2023-04-14
51,Retired,Divorced,Secondary,No,1679,No,No,Cellular,12,Aug,417,1,365,9,Other,Yes,2023-08-12
47,Admin.,Married,Secondary,No,3676,No,No,Cellular,18,Oct,567,1,95,3,Success,Yes,2023-10-18
25,Management,Married,Tertiary,No,-242,Yes,Yes,Cellular,18,May,600,4,332,4,Other,Yes,2023-05-18
39,Services,Single,Secondary,No,471,No,No,Unknown,15,Oct,5,1,-1,0,Unknown,No,2023-10-15
40,Management,Married,Tertiary,No,8902,Yes,No,Cellular,14,Aug,464,5,-1,0,Unknown,No,2023-08-14
38,Management,Single,Tertiary,No,1704,No,No,Cellular,1,Sep,222,1,-1,0,Unknown,No,2023-09-01
34,Management,Married,Tertiary,No,3050,Yes,No,Cellular,13,May,469,1,-1,0,Unknown,Yes,2023-05-13
53,Housemaid,Married,Primary,No,2581,No,No,Cellular,15,Apr,99,1,-1,0,Unknown,No,2023-04-15
32,Services,Married,Secondary,No,162,Yes,No,Unknown,14,May,297,2,-1,0,Unknown,No,2023-05-14
35,Blue-Collar,Married,Secondary,No,243,Yes,No,Cellular,20,Apr,41,3,-1,0,Unknown,No,2023-04-20
24,Student,Single,Secondary,No,1847,No,No,Cellular,9,Dec,390,1,-1,0,Unknown,No,2023-12-09
58,Blue-Collar,Married,Primary,No,0,Yes,No,Unknown,29,May,535,2,-1,0,Unknown,No,2023-05-29
49,Management,Married,Primary,No,3371,No,No,Cellular,11,Nov,269,2,-1,0,Unknown,Yes,2023-11-11
45,Services,Single,Secondary,No,1757,Yes,No,Cellular,20,Apr,1010,3,326,1,Other,No,2023-04-20
55,Management,Married,Tertiary,No,171,Yes,No,Cellular,8,Aug,73,6,-1,0,Unknown,No,2023-08-08
42,Entrepreneur,Married,Tertiary,No,157,Yes,Yes,Unknown,7,May,650,1,-1,0,Unknown,No,2023-05-07
28,Admin.,Married,Secondary,No,934,Yes,No,Unknown,4,Jul,53,2,-1,0,Unknown,No,2023-07-04
48,Blue-Collar,Married,Secondary,No,-19,No,Yes,Unknown,4,Jul,270,1,-1,0,Unknown,No,2023-07-04
51,Management,Single,Tertiary,Yes,-55,Yes,No,Cellular,18,Aug,119,6,-1,0,Unknown,No,2023-08-18
38,Housemaid,Married,Primary,No,21,No,No,Cellular,26,Aug,634,2,-1,0,Unknown,No,2023-08-26
27,Blue-Collar,Single,Secondary,No,14,No,No,Unknown,14,May,72,2,-1,0,Unknown,No,2023-05-14
50,Technician,Single,Secondary,No,246,Yes,No,Cellular,17,Nov,270,1,123,2,Failure,No,2023-11-17
44,Blue-Collar,Married,Primary,No,887,Yes,No,Cellular,12,May,165,2,363,1,Failure,No,2023-05-12
40,Management,Married,Tertiary,No,51,No,No,Cellular,19,Aug,164,2,-1,0,Unknown,No,2023-08-19
29,Services,Single,Secondary,No,-287,Yes,No,Cellular,18,May,196,1,-1,0,Unknown,No,2023-05-18
34,Services,Married,Secondary,No,0,Yes,No,Cellular,14,Jul,78,4,-1,0,Unknown,No,2023-07-14
44,Self-Employed,Single,Tertiary,No,2734,Yes,No,Cellular,12,May,897,4,-1,0,Unknown,Yes,2023-05-12
50,Entrepreneur,Married,Tertiary,No,52,No,No,Cellular,31,Jul,22,8,-1,0,Unknown,No,2023-07-31
34,Management,Married,Tertiary,No,2594,Yes,No,Cellular,21,Nov,161,3,-1,0,Unknown,No,2023-11-21
54,Retired,Divorced,Primary,No,22,No,No,Unknown,20,Jun,23,4,-1,0,Unknown,No,2023-06-20
34,Technician,Married,Tertiary,No,1611,Yes,No,Cellular,11,May,490,2,-1,0,Unknown,No,2023-05-11
34,Admin.,Single,Tertiary,No,18,Yes,Yes,Cellular,30,Apr,359,1,-1,0,Unknown,Yes,2023-04-30
52,Blue-Collar,Married,Primary,No,1331,Yes,No,Cellular,29,Jul,213,2,-1,0,Unknown,No,2023-07-29
60,Unknown,Married,Unknown,No,7337,No,No,Cellular,4,Aug,122,1,-1,0,Unknown,No,2023-08-04
39,Management,Single,Secondary,No,835,Yes,No,Unknown,29,May,587,4,-1,0,Unknown,No,2023-05-29
58,Retired,Married,Primary,No,5092,No,No,Unknown,11,Jun,199,6,-1,0,Unknown,No,2023-06-11
41,Technician,Divorced,Secondary,No,52,No,No,Cellular,20,Aug,261,2,-1,0,Unknown,No,2023-08-20
48,Technician,Married,Secondary,No,10655,No,No,Telephone,31,Jul,5,3,-1,0,Unknown,No,2023-07-31
58,Management,Married,Tertiary,No,1831,No,No,Cellular,17,Nov,1531,1,-1,0,Unknown,No,2023-11-17
40,Self-Employed,Married,Primary,No,92,Yes,No,Unknown,13,May,92,1,-1,0,Unknown,No,2023-05-13
48,Management,Married,Tertiary,No,586,Yes,Yes,Cellular,6,May,179,2,-1,0,Unknown,No,2023-05-06
52,Blue-Collar,Divorced,Primary,No,1758,Yes,No,Unknown,15,May,41,1,-1,0,Unknown,No,2023-05-15
50,Self-Employed,Married,Secondary,No,2061,Yes,Yes,Cellular,29,Jan,197,2,244,3,Failure,No,2023-01-29
25,Technician,Single,Secondary,No,959,No,No,Cellular,9,Jul,144,5,-1,0,Unknown,No,2023-07-09
54,Retired,Married,Primary,No,208,No,No,Unknown,12,May,255,1,-1,0,Unknown,No,2023-05-12
34,Services,Married,Secondary,No,-315,Yes,No,Unknown,8,May,56,2,-1,0,Unknown,No,2023-05-08
48,Management,Married,Tertiary,Yes,-13,Yes,No,Cellular,15,May,20,6,291,2,Other,No,2023-05-15
37,Admin.,Married,Tertiary,No,801,No,No,Cellular,11,Aug,331,7,-1,0,Unknown,No,2023-08-11
66,Retired,Married,Tertiary,No,1948,No,No,Cellular,28,Jan,216,1,91,4,Success,Yes,2023-01-28
32,Management,Single,Tertiary,No,751,Yes,No,Unknown,8,May,64,1,-1,0,Unknown,No,2023-05-08
45,Blue-Collar,Married,Secondary,No,784,Yes,Yes,Unknown,3,Jun,34,1,-1,0,Unknown,No,2023-06-03
43,Blue-Collar,Single,Secondary,No,24,No,No,Cellular,12,May,68,1,363,1,Failure,No,2023-05-12
41,Management,Married,Tertiary,No,72,Yes,No,Unknown,7,May,764,3,-1,0,Unknown,No,2023-05-07
40,Technician,Divorced,Tertiary,No,1871,Yes,No,Cellular,17,Nov,64,1,-1,0,Unknown,No,2023-11-17
44,Services,Single,Secondary,No,1378,Yes,No,Unknown,8,May,257,2,-1,0,Unknown,No,2023-05-08
43,Blue-Collar,Married,Primary,No,188,Yes,No,Cellular,12,May,58,3,347,5,Failure,No,2023-05-12
30,Unknown,Single,Tertiary,No,6836,No,No,Cellular,27,Feb,30,3,-1,0,Unknown,No,2023-02-27
32,Services,Married,Secondary,No,61,Yes,No,Cellular,8,Jul,529,5,-1,0,Unknown,No,2023-07-08
57,Admin.,Married,Secondary,No,-967,Yes,No,Telephone,15,May,8,7,-1,0,Unknown,No,2023-05-15
31,Blue-Collar,Single,Tertiary,No,462,Yes,Yes,Unknown,19,May,147,1,-1,0,Unknown,No,2023-05-19
49,Unknown,Married,Secondary,No,0,No,No,Cellular,28,Aug,173,2,-1,0,Unknown,No,2023-08-28
31,Admin.,Single,Secondary,No,5527,Yes,No,Unknown,21,May,132,1,-1,0,Unknown,No,2023-05-21
41,Admin.,Married,Tertiary,No,1287,No,No,Unknown,16,Jun,286,1,-1,0,Unknown,No,2023-06-16
44,Management,Married,Tertiary,No,17361,No,No,Unknown,18,Jun,476,1,-1,0,Unknown,No,2023-06-18
54,Entrepreneur,Married,Unknown,No,1956,No,No,Cellular,19,Nov,221,5,-1,0,Unknown,No,2023-11-19
37,Blue-Collar,Divorced,Secondary,No,0,Yes,No,Cellular,21,Apr,146,4,-1,0,Unknown,Yes,2023-04-21
34,Management,Married,Secondary,No,-294,Yes,No,Unknown,27,May,532,2,-1,0,Unknown,No,2023-05-27
43,Technician,Married,Secondary,No,275,No,No,Cellular,25,Aug,69,6,-1,0,Unknown,No,2023-08-25
44,Management,Married,Tertiary,No,724,Yes,No,Cellular,17,Nov,157,2,172,1,Failure,No,2023-11-17
44,Services,Married,Secondary,No,27,No,No,Cellular,25,May,485,1,-1,0,Unknown,No,2023-05-25
53,Admin.,Divorced,Secondary,No,26,Yes,No,Cellular,7,May,56,1,359,1,Failure,No,2023-05-07
36,Technician,Married,Secondary,No,191,No,No,Cellular,31,Aug,69,1,-1,0,Unknown,No,2023-08-31
58,Technician,Divorced,Secondary,No,-123,No,No,Cellular,5,Aug,131,2,-1,0,Unknown,No,2023-08-05
26,Student,Single,Secondary,No,-147,No,No,Unknown,4,Jun,95,2,-1,0,Unknown,No,2023-06-04
34,Technician,Single,Secondary,No,179,No,No,Cellular,19,Aug,294,3,-1,0,Unknown,No,2023-08-19
55,Blue-Collar,Married,Primary,No,1086,Yes,No,Cellular,6,May,146,1,272,2,Failure,No,2023-05-06
55,Blue-Collar,Married,Secondary,No,471,Yes,No,Unknown,30,May,58,2,-1,0,Unknown,No,2023-05-30
34,Entrepreneur,Married,Tertiary,No,105,Yes,No,Unknown,28,May,249,2,-1,0,Unknown,No,2023-05-28
41,Entrepreneur,Divorced,Secondary,No,1588,Yes,Yes,Unknown,20,Jun,10,8,-1,0,Unknown,No,2023-06-20
38,Housemaid,Divorced,Secondary,No,70,No,No,Cellular,27,Oct,255,3,148,1,Success,Yes,2023-10-27
28,Blue-Collar,Single,Secondary,No,2700,No,No,Cellular,3,Feb,337,4,-1,0,Unknown,No,2023-02-03
41,Technician,Married,Secondary,No,1602,Yes,No,Cellular,2,Jun,142,1,-1,0,Unknown,No,2023-06-02
30,Admin.,Married,Tertiary,No,0,Yes,No,Cellular,24,Jul,209,2,-1,0,Unknown,No,2023-07-24
39,Technician,Married,Unknown,No,839,No,No,Unknown,30,May,825,2,-1,0,Unknown,No,2023-05-30
41,Admin.,Married,Secondary,No,21515,Yes,No,Unknown,5,Jun,87,1,-1,0,Unknown,No,2023-06-05
36,Technician,Married,Secondary,No,5902,Yes,No,Unknown,23,May,219,4,-1,0,Unknown,No,2023-05-23
37,Management,Married,Tertiary,No,547,Yes,Yes,Unknown,21,May,143,1,-1,0,Unknown,No,2023-05-21
59,Self-Employed,Married,Tertiary,No,3800,No,Yes,Cellular,9,Jul,70,1,-1,0,Unknown,No,2023-07-09
26,Technician,Single,Secondary,No,261,Yes,No,Unknown,27,May,371,2,-1,0,Unknown,No,2023-05-27
43,Technician,Married,Secondary,No,0,Yes,Yes,Cellular,4,Feb,539,8,204,5,Failure,No,2023-02-04
42,Management,Married,Secondary,Yes,-34,No,No,Cellular,5,Feb,176,1,-1,0,Unknown,No,2023-02-05
46,Blue-Collar,Married,Unknown,No,9328,Yes,No,Cellular,5,May,725,3,-1,0,Unknown,Yes,2023-05-05
31,Admin.,Married,Secondary,No,5,Yes,Yes,Cellular,16,Jul,101,7,-1,0,Unknown,No,2023-07-16
43,Unemployed,Married,Secondary,No,3529,No,No,Cellular,5,Feb,169,2,-1,0,Unknown,No,2023-02-05
48,Blue-Collar,Single,Tertiary,No,2330,Yes,No,Unknown,4,Jun,15,1,-1,0,Unknown,No,2023-06-04
41,Blue-Collar,Married,Secondary,No,1334,Yes,No,Cellular,20,Apr,234,5,-1,0,Unknown,No,2023-04-20
32,Self-Employed,Married,Tertiary,No,3601,No,No,Cellular,22,Aug,171,15,-1,0,Unknown,No,2023-08-22
45,Technician,Married,Tertiary,No,265,No,No,Cellular,28,Aug,14,3,-1,0,Unknown,No,2023-08-28
52,Admin.,Single,Unknown,No,2227,No,No,Cellular,24,Feb,242,2,-1,0,Unknown,Yes,2023-02-24
37,Self-Employed,Married,Secondary,No,487,No,Yes,Cellular,27,Aug,155,15,-1,0,Unknown,No,2023-08-27
38,Blue-Collar,Divorced,Secondary,No,0,Yes,No,Cellular,11,May,580,1,173,1,Failure,No,2023-05-11
36,Services,Single,Secondary,No,174,Yes,No,Unknown,7,May,223,2,-1,0,Unknown,No,2023-05-07
58,Retired,Married,Secondary,No,14412,No,No,Cellular,18,Nov,297,1,-1,0,Unknown,No,2023-11-18
37,Management,Married,Tertiary,No,3288,No,No,Cellular,8,Aug,124,2,-1,0,Unknown,No,2023-08-08
30,Technician,Single,Secondary,No,57,No,No,Cellular,2,Feb,465,2,-1,0,Unknown,No,2023-02-02
47,Technician,Married,Secondary,No,2246,Yes,No,Cellular,10,Jul,330,1,-1,0,Unknown,No,2023-07-10
40,Technician,Married,Secondary,No,4441,Yes,No,Cellular,20,Nov,153,2,183,2,Failure,No,2023-11-20
42,Management,Divorced,Tertiary,No,0,No,No,Unknown,19,May,131,2,-1,0,Unknown,No,2023-05-19
71,Unknown,Married,Tertiary,No,353,No,No,Cellular,27,Jan,208,1,93,2,Failure,No,2023-01-27
54,Blue-Collar,Married,Secondary,No,448,Yes,Yes,Cellular,5,Aug,98,1,-1,0,Unknown,No,2023-08-05
53,Entrepreneur,Married,Primary,No,27,Yes,No,Telephone,10,Sep,230,3,-1,0,Unknown,Yes,2023-09-10
33,Blue-Collar,Divorced,Secondary,No,474,No,No,Cellular,22,Jul,400,2,-1,0,Unknown,No,2023-07-22
30,Technician,Single,Tertiary,No,1185,Yes,No,Cellular,30,Apr,284,1,339,1,Failure,No,2023-04-30
39,Services,Divorced,Secondary,No,282,Yes,No,Cellular,17,Jul,243,1,-1,0,Unknown,No,2023-07-17
32,Blue-Collar,Married,Secondary,No,2,Yes,No,Cellular,15,May,16,9,309,1,Failure,No,2023-05-15
34,Technician,Single,Secondary,No,60,No,No,Cellular,7,Aug,274,2,-1,0,Unknown,No,2023-08-07
39,Self-Employed,Single,Tertiary,No,3972,No,No,Cellular,30,Jul,122,3,-1,0,Unknown,No,2023-07-30
75,Retired,Married,Secondary,No,26452,No,No,Telephone,15,Jul,219,2,-1,0,Unknown,No,2023-07-15
33,Admin.,Divorced,Secondary,No,818,Yes,Yes,Cellular,16,Apr,301,3,-1,0,Unknown,No,2023-04-16
40,Services,Married,Secondary,No,9374,Yes,No,Cellular,21,Nov,7,8,185,1,Failure,No,2023-11-21
37,Technician,Married,Unknown,No,47,No,No,Unknown,19,Jun,374,3,-1,0,Unknown,No,2023-06-19
69,Retired,Married,Primary,No,279,No,No,Telephone,12,Aug,26,1,-1,0,Unknown,No,2023-08-12
52,Unemployed,Married,Primary,No,20,Yes,No,Telephone,28,Jan,172,1,-1,0,Unknown,No,2023-01-28
31,Admin.,Divorced,Secondary,No,360,No,No,Cellular,15,May,332,1,297,2,Other,No,2023-05-15
28,Technician,Single,Secondary,No,1532,No,No,Cellular,22,May,253,1,107,5,Failure,No,2023-05-22
29,Management,Single,Tertiary,No,1673,No,No,Cellular,16,Aug,200,2,159,3,Other,No,2023-08-16
46,Services,Married,Secondary,No,2420,No,No,Cellular,19,Nov,405,2,-1,0,Unknown,No,2023-11-19
28,Blue-Collar,Married,Secondary,No,100,Yes,Yes,Unknown,27,May,132,2,-1,0,Unknown,No,2023-05-27
41,Admin.,Married,Secondary,No,0,No,No,Unknown,20,Jun,89,1,-1,0,Unknown,No,2023-06-20
42,Technician,Divorced,Secondary,No,1533,No,Yes,Cellular,5,Aug,86,1,-1,0,Unknown,No,2023-08-05
34,Admin.,Single,Secondary,No,296,No,No,Cellular,7,Jul,147,4,-1,0,Unknown,No,2023-07-07
28,Blue-Collar,Married,Secondary,No,2788,Yes,No,Unknown,6,Jun,369,2,-1,0,Unknown,Yes,2023-06-06
43,Management,Single,Secondary,No,109,Yes,No,Unknown,27,May,64,3,-1,0,Unknown,No,2023-05-27
32,Technician,Married,Secondary,No,485,No,No,Cellular,26,Aug,98,14,-1,0,Unknown,No,2023-08-26
33,Technician,Single,Tertiary,No,125,No,No,Telephone,29,Aug,66,2,-1,0,Unknown,No,2023-08-29
70,Retired,Married,Secondary,No,616,No,No,Cellular,27,Apr,149,2,182,1,Failure,No,2023-04-27
36,Services,Married,Secondary,No,3064,Yes,No,Telephone,26,Aug,240,3,107,4,Failure,No,2023-08-26
53,Technician,Married,Secondary,No,206,No,No,Cellular,26,Aug,87,6,-1,0,Unknown,No,2023-08-26
30,Blue-Collar,Single,Secondary,No,6900,No,No,Cellular,21,Nov,816,1,-1,0,Unknown,No,2023-11-21
45,Services,Divorced,Secondary,No,-179,No,No,Unknown,3,Jul,155,2,-1,0,Unknown,No,2023-07-03
31,Services,Single,Secondary,No,481,Yes,No,Cellular,20,Nov,106,2,183,2,Failure,No,2023-11-20
28,Admin.,Married,Secondary,No,12,Yes,No,Cellular,30,Jan,73,3,256,3,Other,No,2023-01-30
45,Blue-Collar,Married,Primary,No,0,No,No,Unknown,23,May,574,5,-1,0,Unknown,No,2023-05-23
51,Management,Married,Tertiary,No,176,Yes,Yes,Unknown,1,Jun,8,1,687,2,Failure,No,2023-06-01
53,Management,Married,Primary,No,4086,No,No,Unknown,20,Jun,14,3,-1,0,Unknown,No,2023-06-20
40,Technician,Married,Secondary,No,257,Yes,No,Unknown,16,May,731,4,-1,0,Unknown,No,2023-05-16
53,Blue-Collar,Married,Primary,No,53,Yes,No,Cellular,7,Apr,208,1,140,1,Failure,No,2023-04-07
31,Blue-Collar,Divorced,Secondary,No,6,Yes,No,Cellular,29,Jan,821,1,-1,0,Unknown,No,2023-01-29
30,Management,Married,Tertiary,No,562,No,No,Cellular,21,Aug,137,4,-1,0,Unknown,No,2023-08-21
53,Entrepreneur,Married,Secondary,No,-118,Yes,No,Unknown,9,May,101,3,-1,0,Unknown,No,2023-05-09
40,Blue-Collar,Married,Primary,No,2805,Yes,No,Cellular,14,May,173,6,353,23,Failure,No,2023-05-14
26,Management,Single,Secondary,No,565,Yes,No,Unknown,6,Jun,582,11,-1,0,Unknown,No,2023-06-06
47,Blue-Collar,Married,Secondary,No,0,Yes,No,Cellular,21,Jul,676,1,-1,0,Unknown,No,2023-07-21
51,Management,Married,Tertiary,No,1612,No,No,Cellular,16,Mar,384,1,182,5,Failure,No,2023-03-16
45,Unemployed,Married,Primary,No,180,Yes,Yes,Unknown,27,May,62,2,-1,0,Unknown,No,2023-05-27
35,Management,Married,Tertiary,No,0,Yes,No,Cellular,21,Jul,295,3,-1,0,Unknown,No,2023-07-21
36,Management,Single,Tertiary,No,876,Yes,No,Unknown,23,May,241,2,-1,0,Unknown,No,2023-05-23
57,Admin.,Married,Secondary,No,2137,No,No,Telephone,8,Jul,132,7,-1,0,Unknown,No,2023-07-08
42,Blue-Collar,Married,Primary,No,260,Yes,No,Telephone,31,Jul,175,2,-1,0,Unknown,No,2023-07-31
32,Blue-Collar,Married,Secondary,Yes,-53,Yes,No,Cellular,16,Apr,648,1,272,1,Other,Yes,2023-04-16
30,Management,Married,Tertiary,No,944,No,No,Cellular,29,Oct,251,2,-1,0,Unknown,Yes,2023-10-29
36,Technician,Married,Secondary,No,2394,No,No,Cellular,14,Aug,184,2,-1,0,Unknown,No,2023-08-14
43,Technician,Married,Secondary,No,297,Yes,No,Cellular,14,Oct,119,3,-1,0,Unknown,No,2023-10-14
69,Retired,Single,Tertiary,No,2144,No,No,Cellular,29,Jul,417,1,184,4,Success,Yes,2023-07-29
31,Technician,Single,Tertiary,No,969,No,No,Cellular,15,Jun,95,1,-1,0,Unknown,No,2023-06-15
35,Technician,Married,Secondary,No,0,No,No,Cellular,14,Jul,125,2,-1,0,Unknown,No,2023-07-14
26,Entrepreneur,Married,Tertiary,No,37,Yes,Yes,Cellular,6,May,207,1,363,2,Failure,No,2023-05-06
46,Technician,Married,Secondary,No,410,No,Yes,Cellular,21,Nov,162,5,-1,0,Unknown,No,2023-11-21
30,Technician,Married,Secondary,No,1211,Yes,No,Cellular,18,May,176,1,-1,0,Unknown,No,2023-05-18
33,Management,Single,Tertiary,No,71,No,No,Cellular,22,Aug,107,6,-1,0,Unknown,No,2023-08-22
34,Management,Married,Tertiary,No,436,Yes,No,Cellular,17,Apr,28,1,345,1,Failure,No,2023-04-17
48,Blue-Collar,Married,Primary,No,559,Yes,No,Unknown,15,May,1231,2,-1,0,Unknown,No,2023-05-15
31,Management,Married,Tertiary,No,1170,No,No,Cellular,20,Aug,200,4,-1,0,Unknown,No,2023-08-20
46,Management,Divorced,Tertiary,No,25,No,No,Unknown,26,May,103,2,-1,0,Unknown,No,2023-05-26
40,Services,Married,Secondary,No,1325,No,No,Unknown,11,Jun,150,2,-1,0,Unknown,No,2023-06-11
39,Entrepreneur,Married,Secondary,No,0,No,No,Cellular,21,Nov,108,7,-1,0,Unknown,No,2023-11-21
33,Technician,Single,Secondary,No,647,Yes,Yes,Cellular,4,Feb,124,1,273,1,Other,No,2023-02-04
50,Blue-Collar,Married,Primary,No,2142,Yes,No,Cellular,29,Jan,309,2,224,1,Other,No,2023-01-29
84,Retired,Divorced,Primary,No,639,No,No,Telephone,18,May,353,3,-1,0,Unknown,Yes,2023-05-18
40,Blue-Collar,Married,Primary,No,177,Yes,Yes,Telephone,21,Jul,742,4,-1,0,Unknown,No,2023-07-21
55,Management,Married,Tertiary,No,236,No,No,Cellular,4,Aug,200,1,-1,0,Unknown,No,2023-08-04
40,Services,Divorced,Secondary,No,1959,Yes,No,Unknown,30,May,177,1,-1,0,Unknown,No,2023-05-30
46,Admin.,Married,Primary,No,96,No,No,Telephone,4,Feb,151,2,-1,0,Unknown,No,2023-02-04
43,Self-Employed,Single,Tertiary,No,0,No,No,Unknown,19,Jun,147,1,-1,0,Unknown,No,2023-06-19
34,Blue-Collar,Married,Secondary,No,250,Yes,No,Unknown,29,May,193,6,-1,0,Unknown,No,2023-05-29
35,Technician,Single,Secondary,No,126,No,No,Cellular,22,Aug,112,2,-1,0,Unknown,No,2023-08-22
57,Retired,Married,Unknown,No,1621,Yes,No,Unknown,19,Jun,108,1,-1,0,Unknown,No,2023-06-19
25,Student,Single,Secondary,No,8,No,No,Cellular,22,Apr,107,2,-1,0,Unknown,Yes,2023-04-22
32,Self-Employed,Married,Tertiary,No,189,Yes,No,Unknown,6,Jun,106,2,-1,0,Unknown,No,2023-06-06
52,Retired,Single,Secondary,No,316,No,No,Cellular,12,May,463,3,-1,0,Unknown,No,2023-05-12
31,Self-Employed,Single,Tertiary,Yes,-282,Yes,No,Cellular,20,Nov,131,3,-1,0,Unknown,No,2023-11-20
34,Management,Married,Tertiary,No,-308,Yes,No,Cellular,30,Apr,140,2,-1,0,Unknown,No,2023-04-30
42,Technician,Divorced,Secondary,No,248,No,No,Cellular,19,Aug,163,4,-1,0,Unknown,No,2023-08-19
47,Blue-Collar,Divorced,Primary,No,126,Yes,No,Unknown,3,Jun,2456,2,-1,0,Unknown,Yes,2023-06-03
50,Self-Employed,Divorced,Tertiary,No,13,Yes,No,Cellular,20,Apr,76,1,-1,0,Unknown,Yes,2023-04-20
30,Technician,Married,Secondary,No,-393,Yes,Yes,Cellular,16,Jul,435,1,-1,0,Unknown,Yes,2023-07-16
33,Services,Single,Secondary,No,358,Yes,No,Cellular,7,May,302,1,356,3,Failure,No,2023-05-07
56,Technician,Single,Tertiary,No,917,No,No,Unknown,9,Jun,306,1,-1,0,Unknown,No,2023-06-09
34,Admin.,Divorced,Secondary,No,1268,Yes,No,Cellular,15,May,259,3,-1,0,Unknown,No,2023-05-15
33,Technician,Married,Secondary,No,-163,Yes,Yes,Cellular,8,Aug,502,2,-1,0,Unknown,No,2023-08-08
32,Management,Single,Tertiary,No,473,Yes,No,Cellular,11,May,72,2,361,1,Other,No,2023-05-11
34,Management,Married,Tertiary,No,4831,Yes,No,Cellular,4,Feb,265,1,-1,0,Unknown,No,2023-02-04
37,Technician,Married,Secondary,No,1063,Yes,No,Cellular,31,Jul,413,2,-1,0,Unknown,No,2023-07-31
30,Management,Married,Secondary,No,0,Yes,No,Cellular,12,May,756,3,-1,0,Unknown,No,2023-05-12
29,Blue-Collar,Married,Secondary,No,424,Yes,Yes,Unknown,14,May,241,2,-1,0,Unknown,No,2023-05-14
56,Unemployed,Divorced,Primary,No,802,No,No,Telephone,3,Feb,258,2,-1,0,Unknown,No,2023-02-03
31,Management,Married,Tertiary,No,430,Yes,No,Cellular,25,Jul,137,16,-1,0,Unknown,No,2023-07-25
59,Unknown,Married,Unknown,No,3940,No,No,Unknown,5,Jun,48,2,-1,0,Unknown,No,2023-06-05
36,Housemaid,Married,Secondary,No,2880,No,No,Unknown,12,Jun,283,1,-1,0,Unknown,No,2023-06-12
51,Blue-Collar,Divorced,Secondary,No,1069,Yes,No,Unknown,30,May,247,2,-1,0,Unknown,No,2023-05-30
54,Self-Employed,Divorced,Primary,No,4382,Yes,No,Telephone,18,May,193,4,-1,0,Unknown,No,2023-05-18
37,Management,Married,Tertiary,No,0,No,No,Cellular,11,Mar,129,4,107,2,Failure,No,2023-03-11
32,Technician,Married,Tertiary,No,3939,No,No,Cellular,8,Aug,209,2,-1,0,Unknown,No,2023-08-08
42,Self-Employed,Married,Tertiary,No,753,No,No,Unknown,17,Jun,31,1,-1,0,Unknown,No,2023-06-17
29,Blue-Collar,Married,Secondary,No,358,No,No,Cellular,21,Jul,88,5,-1,0,Unknown,No,2023-07-21
52,Blue-Collar,Married,Primary,No,1141,Yes,No,Cellular,12,May,22,5,-1,0,Unknown,No,2023-05-12
40,Technician,Married,Secondary,No,1259,No,No,Unknown,20,May,234,5,-1,0,Unknown,No,2023-05-20
30,Services,Married,Secondary,No,227,No,Yes,Unknown,3,Jun,23,1,-1,0,Unknown,No,2023-06-03
55,Entrepreneur,Divorced,Secondary,No,538,Yes,No,Cellular,7,Aug,353,2,-1,0,Unknown,Yes,2023-08-07
49,Management,Married,Tertiary,No,92,Yes,No,Unknown,6,May,221,2,-1,0,Unknown,No,2023-05-06
33,Technician,Married,Tertiary,No,8023,No,No,Cellular,25,Feb,196,1,87,4,Failure,No,2023-02-25
32,Services,Single,Secondary,No,2478,No,Yes,Cellular,20,Nov,395,1,-1,0,Unknown,No,2023-11-20
21,Student,Single,Secondary,No,6844,No,No,Cellular,14,Aug,126,3,127,7,Other,No,2023-08-14
42,Technician,Married,Secondary,No,440,Yes,No,Cellular,3,Feb,13,5,-1,0,Unknown,No,2023-02-03
56,Self-Employed,Married,Secondary,No,800,No,Yes,Cellular,9,Jul,170,1,-1,0,Unknown,No,2023-07-09
39,Unknown,Single,Secondary,No,914,No,No,Unknown,5,Jun,20,1,-1,0,Unknown,No,2023-06-05
30,Entrepreneur,Single,Secondary,No,638,No,No,Cellular,14,Jul,358,6,-1,0,Unknown,No,2023-07-14
55,Retired,Married,Secondary,No,159,No,No,Cellular,28,Aug,159,1,-1,0,Unknown,No,2023-08-28
43,Blue-Collar,Married,Primary,No,483,Yes,No,Cellular,12,May,225,3,-1,0,Unknown,No,2023-05-12
53,Unemployed,Married,Secondary,No,94,No,No,Cellular,10,Aug,493,1,181,14,Success,Yes,2023-08-10
57,Retired,Married,Secondary,No,1044,No,No,Telephone,11,Jan,585,1,192,2,Success,Yes,2023-01-11
39,Self-Employed,Single,Unknown,No,0,No,No,Unknown,20,Jun,13,11,-1,0,Unknown,No,2023-06-20
56,Technician,Divorced,Tertiary,No,401,Yes,No,Telephone,20,Nov,26,1,-1,0,Unknown,No,2023-11-20
29,Services,Single,Unknown,No,33,No,No,Unknown,1,Jul,161,1,-1,0,Unknown,No,2023-07-01
38,Blue-Collar,Married,Primary,No,506,Yes,Yes,Unknown,12,Jun,122,1,-1,0,Unknown,No,2023-06-12
59,Management,Married,Tertiary,No,1881,No,No,Cellular,19,Nov,456,2,-1,0,Unknown,No,2023-11-19
42,Technician,Single,Unknown,No,344,Yes,No,Unknown,3,Jun,26,7,-1,0,Unknown,No,2023-06-03
46,Blue-Collar,Married,Primary,No,0,Yes,No,Unknown,12,May,51,9,-1,0,Unknown,No,2023-05-12
31,Admin.,Married,Secondary,No,3,Yes,No,Cellular,28,Jul,37,12,-1,0,Unknown,No,2023-07-28
35,Services,Divorced,Secondary,No,221,Yes,No,Cellular,14,May,150,1,360,1,Failure,No,2023-05-14
50,Self-Employed,Married,Secondary,No,36,No,No,Cellular,13,Aug,104,10,-1,0,Unknown,No,2023-08-13
42,Blue-Collar,Married,Primary,No,969,Yes,No,Cellular,13,May,721,1,-1,0,Unknown,No,2023-05-13
36,Services,Single,Secondary,No,760,No,No,Unknown,20,Jun,9,13,-1,0,Unknown,No,2023-06-20
25,Admin.,Single,Tertiary,No,220,No,No,Cellular,26,May,68,1,-1,0,Unknown,No,2023-05-26
42,Management,Single,Tertiary,No,10907,No,No,Cellular,4,May,74,3,-1,0,Unknown,No,2023-05-04
27,Student,Single,Tertiary,No,-148,Yes,No,Cellular,11,Sep,146,3,224,1,Other,No,2023-09-11
32,Blue-Collar,Married,Primary,No,415,Yes,No,Unknown,2,Jun,777,4,-1,0,Unknown,Yes,2023-06-02
57,Management,Married,Tertiary,No,1341,Yes,No,Unknown,8,May,339,2,-1,0,Unknown,No,2023-05-08
48,Blue-Collar,Married,Secondary,No,865,Yes,No,Cellular,13,May,78,2,-1,0,Unknown,No,2023-05-13
34,Blue-Collar,Divorced,Secondary,No,-566,Yes,No,Unknown,26,May,248,2,-1,0,Unknown,No,2023-05-26
33,Services,Married,Secondary,No,210,Yes,Yes,Unknown,20,May,201,1,-1,0,Unknown,No,2023-05-20
26,Technician,Single,Secondary,No,1275,Yes,No,Unknown,20,Jun,18,9,-1,0,Unknown,No,2023-06-20
50,Blue-Collar,Married,Secondary,No,579,No,No,Cellular,26,Aug,83,4,-1,0,Unknown,No,2023-08-26
60,Technician,Single,Tertiary,No,2934,No,No,Cellular,8,Aug,233,2,-1,0,Unknown,No,2023-08-08
47,Management,Married,Tertiary,No,6637,Yes,No,Cellular,17,Apr,174,2,-1,0,Unknown,No,2023-04-17
31,Management,Married,Tertiary,No,271,No,No,Cellular,18,Nov,89,1,-1,0,Unknown,No,2023-11-18
52,Technician,Married,Tertiary,No,0,No,No,Cellular,9,Aug,145,3,94,4,Success,No,2023-08-09
36,Services,Married,Secondary,No,472,Yes,No,Unknown,19,Jun,1017,1,-1,0,Unknown,No,2023-06-19
43,Blue-Collar,Married,Primary,No,487,Yes,No,Unknown,7,May,548,2,-1,0,Unknown,No,2023-05-07
30,Technician,Single,Tertiary,No,699,Yes,No,Cellular,11,Aug,213,4,-1,0,Unknown,No,2023-08-11
32,Blue-Collar,Married,Secondary,No,150,No,No,Cellular,5,Feb,210,1,-1,0,Unknown,No,2023-02-05
31,Management,Single,Tertiary,No,1130,Yes,No,Cellular,17,Apr,224,3,74,4,Failure,No,2023-04-17
29,Management,Single,Secondary,No,584,Yes,No,Unknown,16,Jun,541,19,-1,0,Unknown,No,2023-06-16
48,Services,Divorced,Secondary,No,3186,No,Yes,Cellular,9,Apr,104,1,-1,0,Unknown,No,2023-04-09
32,Services,Single,Secondary,No,133,No,No,Cellular,15,Apr,171,1,-1,0,Unknown,Yes,2023-04-15
30,Housemaid,Single,Tertiary,No,868,No,No,Cellular,7,Aug,387,2,-1,0,Unknown,No,2023-08-07
48,Blue-Collar,Married,Secondary,No,480,Yes,No,Cellular,15,May,830,1,352,2,Failure,Yes,2023-05-15
51,Blue-Collar,Married,Unknown,No,1883,Yes,No,Unknown,5,May,57,1,-1,0,Unknown,No,2023-05-05
34,Management,Married,Tertiary,No,606,No,No,Cellular,20,Apr,97,1,-1,0,Unknown,Yes,2023-04-20
35,Blue-Collar,Married,Secondary,No,603,Yes,No,Cellular,17,Apr,474,2,-1,0,Unknown,No,2023-04-17
49,Management,Single,Primary,No,548,No,No,Telephone,31,Jul,115,6,-1,0,Unknown,No,2023-07-31
36,Unemployed,Married,Secondary,No,-872,Yes,Yes,Cellular,20,Nov,153,1,183,1,Failure,No,2023-11-20
37,Blue-Collar,Divorced,Secondary,No,33,Yes,No,Cellular,20,Nov,106,2,167,1,Failure,No,2023-11-20
37,Management,Married,Tertiary,No,1689,Yes,No,Unknown,29,May,645,2,-1,0,Unknown,No,2023-05-29
49,Blue-Collar,Married,Primary,No,902,No,No,Unknown,9,Jun,210,2,-1,0,Unknown,No,2023-06-09
44,Services,Divorced,Secondary,No,0,Yes,Yes,Unknown,13,May,97,1,-1,0,Unknown,No,2023-05-13
40,Student,Married,Secondary,No,260,No,No,Cellular,19,Nov,52,1,152,6,Failure,No,2023-11-19
57,Technician,Married,Secondary,No,589,Yes,No,Cellular,2,Feb,223,1,76,4,Failure,No,2023-02-02
39,Technician,Married,Secondary,No,626,Yes,No,Cellular,11,May,126,2,-1,0,Unknown,No,2023-05-11
38,Services,Married,Secondary,No,0,No,Yes,Cellular,16,Jul,1473,6,-1,0,Unknown,No,2023-07-16
51,Blue-Collar,Divorced,Secondary,No,78,Yes,No,Unknown,27,May,723,2,-1,0,Unknown,No,2023-05-27
27,Blue-Collar,Single,Secondary,No,3792,No,No,Cellular,22,Apr,279,2,-1,0,Unknown,Yes,2023-04-22
38,Blue-Collar,Single,Tertiary,No,14058,No,No,Telephone,17,Jul,293,20,-1,0,Unknown,No,2023-07-17
30,Technician,Single,Secondary,No,-522,Yes,Yes,Cellular,5,May,670,2,286,6,Failure,Yes,2023-05-05
36,Student,Single,Unknown,No,386,No,No,Unknown,18,Jun,359,2,-1,0,Unknown,No,2023-06-18
37,Unemployed,Married,Secondary,No,1978,No,No,Cellular,9,Sep,404,1,182,1,Success,Yes,2023-09-09
53,Admin.,Married,Secondary,No,459,No,No,Cellular,14,Oct,317,6,192,1,Success,No,2023-10-14
38,Unemployed,Married,Tertiary,No,2812,Yes,No,Cellular,30,Apr,830,1,-1,0,Unknown,Yes,2023-04-30
48,Management,Married,Tertiary,No,5057,No,Yes,Cellular,19,Nov,37,1,-1,0,Unknown,No,2023-11-19
26,Housemaid,Married,Secondary,No,-759,Yes,No,Cellular,11,Jul,191,1,-1,0,Unknown,No,2023-07-11
33,Blue-Collar,Single,Secondary,No,-416,Yes,No,Unknown,16,May,767,2,-1,0,Unknown,Yes,2023-05-16
47,Technician,Married,Unknown,No,2106,Yes,No,Unknown,6,May,168,1,-1,0,Unknown,No,2023-05-06
45,Management,Divorced,Tertiary,No,220,Yes,No,Unknown,18,Jun,89,4,-1,0,Unknown,No,2023-06-18
32,Blue-Collar,Divorced,Secondary,No,0,Yes,No,Unknown,2,Jun,746,2,-1,0,Unknown,No,2023-06-02
69,Retired,Married,Unknown,No,426,No,No,Telephone,9,Mar,225,1,90,1,Success,Yes,2023-03-09
65,Unknown,Married,Unknown,No,4717,No,No,Telephone,6,Aug,256,1,-1,0,Unknown,Yes,2023-08-06
37,Blue-Collar,Married,Secondary,No,395,Yes,No,Unknown,6,May,219,2,-1,0,Unknown,No,2023-05-06
45,Blue-Collar,Divorced,Primary,No,0,Yes,No,Cellular,21,Jul,211,2,-1,0,Unknown,No,2023-07-21
36,Blue-Collar,Married,Secondary,No,-206,Yes,No,Unknown,8,May,177,2,-1,0,Unknown,No,2023-05-08
62,Self-Employed,Divorced,Tertiary,No,6,Yes,No,Cellular,13,Oct,216,1,183,4,Success,Yes,2023-10-13
37,Management,Married,Tertiary,No,4039,No,Yes,Cellular,25,Jul,106,2,-1,0,Unknown,No,2023-07-25
39,Services,Divorced,Secondary,No,687,Yes,No,Cellular,9,Jul,869,1,-1,0,Unknown,Yes,2023-07-09
38,Technician,Single,Secondary,No,-242,Yes,No,Cellular,18,May,1173,3,278,6,Success,Yes,2023-05-18
31,Management,Married,Tertiary,No,582,Yes,No,Cellular,15,Jul,58,2,-1,0,Unknown,No,2023-07-15
58,Blue-Collar,Divorced,Primary,No,8218,Yes,No,Cellular,31,Jul,124,10,-1,0,Unknown,No,2023-07-31
44,Management,Single,Tertiary,No,1424,Yes,No,Cellular,8,Aug,201,2,-1,0,Unknown,No,2023-08-08
31,Blue-Collar,Married,Secondary,No,92,Yes,No,Unknown,16,May,688,1,-1,0,Unknown,Yes,2023-05-16
33,Technician,Single,Secondary,No,2085,No,No,Cellular,9,Feb,501,2,-1,0,Unknown,Yes,2023-02-09
36,Technician,Single,Tertiary,No,197,No,No,Cellular,30,Apr,260,1,-1,0,Unknown,Yes,2023-04-30
31,Technician,Single,Secondary,No,2305,No,No,Cellular,4,Aug,139,1,-1,0,Unknown,No,2023-08-04
45,Admin.,Married,Secondary,No,-547,Yes,No,Unknown,3,Jun,214,2,-1,0,Unknown,No,2023-06-03
30,Technician,Single,Tertiary,No,411,No,No,Cellular,21,Apr,142,1,-1,0,Unknown,No,2023-04-21
34,Blue-Collar,Married,Secondary,No,584,Yes,No,Cellular,18,Jul,154,2,-1,0,Unknown,No,2023-07-18
34,Management,Married,Tertiary,No,997,Yes,Yes,Cellular,21,Nov,81,1,-1,0,Unknown,No,2023-11-21
39,Admin.,Divorced,Secondary,No,83,Yes,No,Cellular,30,Jul,69,6,-1,0,Unknown,No,2023-07-30
41,Management,Married,Tertiary,No,6563,No,No,Cellular,27,Aug,136,8,-1,0,Unknown,No,2023-08-27
32,Services,Single,Secondary,No,0,Yes,No,Cellular,31,Jul,99,13,-1,0,Unknown,No,2023-07-31
32,Management,Single,Tertiary,No,0,No,No,Cellular,21,Nov,9,6,-1,0,Unknown,No,2023-11-21
36,Blue-Collar,Married,Primary,No,398,Yes,No,Unknown,12,Jun,278,1,-1,0,Unknown,No,2023-06-12
35,Admin.,Married,Tertiary,No,1145,Yes,No,Cellular,2,Feb,82,2,-1,0,Unknown,No,2023-02-02
32,Management,Single,Tertiary,No,2,Yes,No,Cellular,11,Sep,100,2,-1,0,Unknown,Yes,2023-09-11
33,Management,Single,Tertiary,No,201,Yes,No,Cellular,19,Nov,171,1,183,1,Failure,No,2023-11-19
49,Entrepreneur,Married,Primary,No,563,No,No,Unknown,19,Jun,84,1,-1,0,Unknown,No,2023-06-19
35,Management,Married,Tertiary,No,3161,No,No,Cellular,8,Aug,433,2,-1,0,Unknown,No,2023-08-08
31,Technician,Married,Secondary,No,0,No,Yes,Cellular,15,Jul,624,6,-1,0,Unknown,No,2023-07-15
42,Management,Married,Secondary,No,1331,No,No,Cellular,23,Jul,698,2,-1,0,Unknown,No,2023-07-23
34,Housemaid,Married,Primary,No,2929,No,No,Cellular,14,Aug,518,2,-1,0,Unknown,Yes,2023-08-14
32,Services,Married,Secondary,Yes,-220,Yes,Yes,Cellular,25,Jul,123,2,-1,0,Unknown,No,2023-07-25
29,Management,Single,Tertiary,No,5980,Yes,No,Unknown,28,May,317,1,-1,0,Unknown,No,2023-05-28
32,Services,Single,Secondary,No,48,Yes,No,Cellular,20,Apr,8,3,-1,0,Unknown,No,2023-04-20
50,Housemaid,Single,Unknown,No,0,No,No,Telephone,28,Jul,118,8,-1,0,Unknown,No,2023-07-28
58,Retired,Married,Secondary,No,3382,No,Yes,Cellular,28,May,294,2,309,2,Failure,No,2023-05-28
59,Technician,Married,Secondary,No,2308,No,No,Cellular,30,Apr,815,1,87,1,Other,Yes,2023-04-30
25,Student,Married,Tertiary,No,10,Yes,No,Cellular,21,Jul,857,4,-1,0,Unknown,Yes,2023-07-21
57,Services,Married,Secondary,No,162,Yes,No,Unknown,5,May,174,1,-1,0,Unknown,No,2023-05-05
30,Blue-Collar,Single,Secondary,No,1073,Yes,No,Cellular,5,May,1130,4,-1,0,Unknown,No,2023-05-05
26,Services,Single,Secondary,No,1700,Yes,No,Cellular,7,May,13,5,-1,0,Unknown,No,2023-05-07
50,Services,Single,Primary,No,148,Yes,No,Unknown,7,May,198,2,-1,0,Unknown,No,2023-05-07
39,Services,Married,Secondary,No,0,Yes,No,Cellular,8,May,503,1,-1,0,Unknown,No,2023-05-08
45,Blue-Collar,Married,Primary,No,185,Yes,No,Cellular,29,Jan,249,3,-1,0,Unknown,No,2023-01-29
37,Management,Divorced,Tertiary,No,896,No,Yes,Cellular,14,Aug,343,2,-1,0,Unknown,No,2023-08-14
47,Blue-Collar,Divorced,Primary,No,1279,Yes,No,Cellular,6,Feb,479,2,-1,0,Unknown,No,2023-02-06
50,Technician,Married,Tertiary,No,199,Yes,Yes,Cellular,3,Feb,116,2,253,1,Failure,No,2023-02-03
40,Management,Married,Secondary,No,99,No,No,Cellular,9,Feb,15,5,-1,0,Unknown,No,2023-02-09
35,Blue-Collar,Married,Primary,No,378,Yes,No,Unknown,16,May,427,3,-1,0,Unknown,No,2023-05-16
53,Management,Married,Tertiary,No,15,No,No,Cellular,20,Aug,921,2,-1,0,Unknown,Yes,2023-08-20
35,Admin.,Married,Secondary,No,147,Yes,Yes,Cellular,29,Jan,41,1,184,7,Failure,No,2023-01-29
54,Technician,Married,Secondary,No,2225,No,Yes,Cellular,13,Aug,73,2,-1,0,Unknown,No,2023-08-13
35,Admin.,Single,Secondary,No,1810,Yes,No,Cellular,25,May,65,2,-1,0,Unknown,No,2023-05-25
31,Housemaid,Married,Unknown,Yes,-6,No,Yes,Telephone,7,Jul,94,2,-1,0,Unknown,No,2023-07-07
46,Technician,Divorced,Secondary,No,435,Yes,No,Unknown,15,May,192,3,-1,0,Unknown,No,2023-05-15
52,Management,Married,Secondary,No,335,No,No,Cellular,21,Oct,411,1,182,1,Failure,Yes,2023-10-21
34,Admin.,Divorced,Secondary,No,-251,No,No,Cellular,18,Jul,641,1,-1,0,Unknown,Yes,2023-07-18
46,Services,Divorced,Secondary,No,5,Yes,Yes,Cellular,29,Jan,305,2,-1,0,Unknown,No,2023-01-29
54,Self-Employed,Married,Secondary,No,641,Yes,No,Cellular,17,Apr,472,1,148,2,Failure,No,2023-04-17
37,Admin.,Married,Tertiary,No,0,Yes,No,Cellular,21,Jul,115,1,-1,0,Unknown,No,2023-07-21
39,Admin.,Married,Tertiary,No,722,No,No,Telephone,23,Apr,141,1,-1,0,Unknown,No,2023-04-23
50,Technician,Married,Tertiary,No,3337,Yes,Yes,Telephone,31,Jul,24,14,-1,0,Unknown,No,2023-07-31
44,Technician,Divorced,Secondary,No,0,No,No,Cellular,28,Jul,264,5,-1,0,Unknown,No,2023-07-28
56,Admin.,Married,Secondary,No,1504,Yes,No,Unknown,29,May,66,2,-1,0,Unknown,No,2023-05-29
40,Services,Married,Tertiary,No,35,No,No,Cellular,3,Jul,318,4,317,3,Failure,No,2023-07-03
36,Services,Married,Secondary,No,895,Yes,Yes,Unknown,4,Jun,622,1,-1,0,Unknown,No,2023-06-04
33,Management,Married,Tertiary,No,752,Yes,No,Cellular,11,Aug,104,4,-1,0,Unknown,No,2023-08-11
33,Blue-Collar,Single,Secondary,No,1925,Yes,No,Cellular,2,Mar,76,2,-1,0,Unknown,No,2023-03-02
42,Services,Married,Secondary,No,-246,Yes,No,Unknown,7,May,149,1,-1,0,Unknown,No,2023-05-07
30,Self-Employed,Single,Tertiary,No,901,Yes,Yes,Unknown,16,May,601,1,-1,0,Unknown,No,2023-05-16
33,Admin.,Single,Secondary,No,894,No,No,Cellular,5,Feb,509,2,-1,0,Unknown,No,2023-02-05
26,Blue-Collar,Single,Secondary,No,592,Yes,Yes,Unknown,27,May,174,1,-1,0,Unknown,No,2023-05-27
26,Admin.,Single,Secondary,No,3529,No,Yes,Cellular,7,Sep,57,2,-1,0,Unknown,No,2023-09-07
37,Services,Married,Secondary,No,0,Yes,Yes,Cellular,31,Jul,187,2,-1,0,Unknown,No,2023-07-31
59,Retired,Married,Primary,No,0,No,No,Cellular,5,Jun,493,2,-1,0,Unknown,Yes,2023-06-05
49,Blue-Collar,Married,Primary,No,371,Yes,No,Cellular,31,Jul,18,44,-1,0,Unknown,No,2023-07-31
33,Blue-Collar,Single,Primary,No,1,Yes,No,Cellular,20,Apr,257,1,-1,0,Unknown,No,2023-04-20
46,Technician,Single,Secondary,No,834,Yes,No,Cellular,11,Jul,196,2,-1,0,Unknown,No,2023-07-11
55,Entrepreneur,Married,Primary,No,298,Yes,No,Unknown,8,May,144,3,-1,0,Unknown,No,2023-05-08
49,Services,Married,Tertiary,No,306,Yes,No,Cellular,18,Aug,285,7,-1,0,Unknown,No,2023-08-18
51,Technician,Married,Secondary,No,143,Yes,No,Unknown,16,May,627,1,-1,0,Unknown,No,2023-05-16
27,Admin.,Married,Secondary,No,186,Yes,No,Unknown,27,May,136,2,-1,0,Unknown,No,2023-05-27
44,Technician,Married,Secondary,No,5597,No,No,Unknown,20,Jun,27,3,-1,0,Unknown,No,2023-06-20
40,Services,Single,Secondary,No,1547,Yes,No,Cellular,12,May,88,2,173,1,Success,No,2023-05-12
36,Management,Married,Tertiary,No,1852,No,No,Unknown,8,May,362,1,-1,0,Unknown,No,2023-05-08
46,Admin.,Single,Secondary,No,1790,Yes,No,Unknown,5,Jun,214,5,-1,0,Unknown,No,2023-06-05
30,Services,Single,Secondary,No,20,Yes,No,Cellular,20,Apr,404,6,340,1,Failure,No,2023-04-20
35,Admin.,Married,Secondary,No,8652,Yes,No,Unknown,24,Jun,103,6,-1,0,Unknown,No,2023-06-24
31,Technician,Single,Secondary,No,1626,No,No,Cellular,7,May,356,2,286,3,Failure,No,2023-05-07
37,Admin.,Married,Secondary,No,749,No,No,Cellular,21,Apr,219,1,-1,0,Unknown,No,2023-04-21
49,Blue-Collar,Married,Unknown,No,51,Yes,No,Unknown,7,May,984,1,-1,0,Unknown,No,2023-05-07
27,Services,Single,Secondary,Yes,-1,No,No,Cellular,22,Jul,60,2,-1,0,Unknown,No,2023-07-22
32,Blue-Collar,Married,Secondary,No,-32,Yes,No,Cellular,12,May,145,1,-1,0,Unknown,No,2023-05-12
70,Retired,Divorced,Secondary,No,6850,No,No,Telephone,5,Mar,252,3,183,1,Failure,No,2023-03-05
22,Technician,Single,Secondary,No,333,No,Yes,Telephone,12,Nov,129,1,-1,0,Unknown,No,2023-11-12
58,Blue-Collar,Married,Secondary,No,-27,No,Yes,Telephone,31,Jul,77,13,-1,0,Unknown,No,2023-07-31
33,Blue-Collar,Married,Secondary,No,932,Yes,No,Unknown,21,May,226,1,-1,0,Unknown,No,2023-05-21
83,Retired,Divorced,Primary,No,0,No,No,Telephone,31,May,664,1,77,3,Success,No,2023-05-31
50,Management,Divorced,Tertiary,No,100,Yes,Yes,Cellular,13,May,157,1,299,3,Failure,No,2023-05-13
53,Blue-Collar,Married,Secondary,No,-626,Yes,No,Cellular,9,Jul,205,1,-1,0,Unknown,No,2023-07-09
37,Management,Single,Tertiary,No,9,No,No,Cellular,26,Aug,484,2,-1,0,Unknown,No,2023-08-26
55,Services,Divorced,Primary,No,653,No,No,Unknown,6,Jun,800,1,-1,0,Unknown,No,2023-06-06
49,Admin.,Married,Secondary,No,3608,Yes,No,Unknown,13,Nov,231,1,-1,0,Unknown,Yes,2023-11-13
41,Blue-Collar,Married,Primary,No,293,Yes,Yes,Cellular,7,May,102,1,-1,0,Unknown,No,2023-05-07
40,Management,Single,Tertiary,No,36,Yes,No,Unknown,27,May,240,3,-1,0,Unknown,No,2023-05-27
48,Management,Married,Tertiary,No,263,Yes,No,Unknown,5,May,350,2,-1,0,Unknown,No,2023-05-05
27,Student,Single,Secondary,No,8366,No,No,Cellular,7,May,458,2,349,1,Other,No,2023-05-07
30,Management,Single,Tertiary,No,2186,Yes,No,Unknown,3,Jun,366,1,-1,0,Unknown,No,2023-06-03
37,Entrepreneur,Single,Secondary,No,20453,Yes,No,Telephone,4,May,115,1,-1,0,Unknown,No,2023-05-04
37,Services,Single,Secondary,No,105,No,Yes,Unknown,17,Jun,260,4,-1,0,Unknown,No,2023-06-17
40,Blue-Collar,Married,Secondary,No,440,Yes,No,Unknown,5,Jun,327,2,-1,0,Unknown,No,2023-06-05
73,Retired,Married,Unknown,No,519,No,No,Telephone,16,Oct,434,1,57,1,Failure,Yes,2023-10-16
50,Management,Married,Tertiary,No,19447,Yes,Yes,Cellular,21,Nov,166,1,-1,0,Unknown,No,2023-11-21
53,Blue-Collar,Married,Primary,No,225,No,No,Cellular,18,Jul,171,7,-1,0,Unknown,No,2023-07-18
47,Blue-Collar,Married,Secondary,No,2548,Yes,No,Cellular,11,May,577,1,368,1,Other,No,2023-05-11
33,Technician,Divorced,Secondary,No,0,No,No,Cellular,21,Aug,224,8,-1,0,Unknown,No,2023-08-21
50,Blue-Collar,Married,Unknown,No,2284,Yes,No,Telephone,31,Jul,1088,17,-1,0,Unknown,Yes,2023-07-31
51,Blue-Collar,Married,Primary,No,40,Yes,No,Cellular,13,May,79,1,370,1,Failure,No,2023-05-13
42,Housemaid,Divorced,Tertiary,No,364,No,No,Cellular,18,Nov,52,1,-1,0,Unknown,No,2023-11-18
34,Technician,Single,Secondary,No,174,No,No,Telephone,11,May,259,4,-1,0,Unknown,No,2023-05-11
44,Technician,Married,Secondary,No,10888,Yes,No,Cellular,5,Aug,163,1,-1,0,Unknown,No,2023-08-05
32,Admin.,Married,Secondary,No,0,Yes,Yes,Cellular,17,Nov,159,2,195,2,Failure,No,2023-11-17
60,Retired,Married,Tertiary,No,225,No,No,Cellular,19,Aug,54,2,-1,0,Unknown,No,2023-08-19
60,Retired,Divorced,Tertiary,No,2131,No,No,Cellular,10,Jul,421,6,-1,0,Unknown,No,2023-07-10
29,Blue-Collar,Single,Secondary,No,-20,No,Yes,Cellular,21,Jul,574,1,-1,0,Unknown,Yes,2023-07-21
39,Management,Single,Secondary,No,36,No,No,Cellular,29,Aug,70,2,-1,0,Unknown,No,2023-08-29
47,Blue-Collar,Married,Primary,No,2642,No,No,Cellular,13,Aug,310,2,-1,0,Unknown,No,2023-08-13
30,Admin.,Married,Tertiary,No,400,Yes,No,Cellular,7,May,223,1,-1,0,Unknown,No,2023-05-07
31,Technician,Single,Tertiary,No,1214,No,No,Cellular,3,Feb,39,1,-1,0,Unknown,No,2023-02-03
34,Management,Single,Tertiary,No,-292,Yes,No,Cellular,19,Aug,181,6,-1,0,Unknown,No,2023-08-19
51,Admin.,Married,Secondary,No,1415,Yes,No,Unknown,2,Jun,151,3,-1,0,Unknown,No,2023-06-02
38,Blue-Collar,Married,Secondary,No,213,Yes,No,Unknown,16,Jun,270,15,-1,0,Unknown,No,2023-06-16
47,Admin.,Single,Secondary,No,2540,No,No,Cellular,18,Nov,110,5,-1,0,Unknown,No,2023-11-18
46,Housemaid,Single,Tertiary,No,3232,No,No,Telephone,15,Jun,94,2,-1,0,Unknown,No,2023-06-15
33,Management,Married,Tertiary,No,296,No,No,Cellular,16,Jul,90,2,-1,0,Unknown,No,2023-07-16
30,Management,Married,Tertiary,No,42,No,No,Cellular,25,Aug,115,6,-1,0,Unknown,No,2023-08-25
40,Technician,Married,Secondary,No,697,No,No,Cellular,24,Jun,220,2,219,2,Other,No,2023-06-24
38,Blue-Collar,Single,Secondary,No,13156,Yes,No,Cellular,17,Apr,291,4,331,1,Failure,No,2023-04-17
63,Retired,Divorced,Secondary,No,1490,No,No,Cellular,8,Jun,506,1,-1,0,Unknown,Yes,2023-06-08
33,Management,Married,Tertiary,No,150,No,No,Cellular,21,Aug,151,2,-1,0,Unknown,No,2023-08-21
59,Retired,Married,Secondary,No,0,No,No,Unknown,5,Jun,812,1,-1,0,Unknown,Yes,2023-06-05
29,Management,Single,Tertiary,No,4210,Yes,No,Cellular,18,May,119,1,-1,0,Unknown,No,2023-05-18
54,Services,Divorced,Secondary,No,1012,Yes,No,Cellular,12,May,33,3,175,2,Other,No,2023-05-12
57,Technician,Married,Secondary,No,16063,Yes,No,Unknown,30,May,352,3,-1,0,Unknown,No,2023-05-30
57,Blue-Collar,Married,Primary,No,5431,Yes,Yes,Unknown,6,May,383,1,-1,0,Unknown,No,2023-05-06
28,Services,Single,Secondary,No,317,Yes,No,Unknown,16,May,21,3,-1,0,Unknown,No,2023-05-16
30,Technician,Single,Secondary,No,4787,Yes,No,Cellular,18,Nov,266,1,167,2,Failure,No,2023-11-18
28,Blue-Collar,Married,Secondary,No,225,Yes,Yes,Unknown,7,May,866,2,-1,0,Unknown,No,2023-05-07
45,Services,Divorced,Primary,No,3854,Yes,No,Unknown,20,Jun,10,3,-1,0,Unknown,No,2023-06-20
29,Services,Divorced,Secondary,No,92,Yes,No,Cellular,7,May,240,1,-1,0,Unknown,No,2023-05-07
42,Blue-Collar,Married,Primary,No,-10,Yes,No,Unknown,9,May,291,4,-1,0,Unknown,No,2023-05-09
31,Blue-Collar,Married,Secondary,No,-617,Yes,No,Unknown,2,Jun,115,2,-1,0,Unknown,No,2023-06-02
59,Housemaid,Divorced,Primary,No,195,No,No,Unknown,5,May,366,2,-1,0,Unknown,No,2023-05-05
41,Blue-Collar,Married,Primary,No,1172,Yes,No,Unknown,15,May,153,1,-1,0,Unknown,No,2023-05-15
57,Housemaid,Married,Secondary,No,0,No,No,Cellular,22,Aug,197,2,-1,0,Unknown,No,2023-08-22
43,Services,Divorced,Secondary,No,0,No,No,Cellular,31,Jul,106,4,-1,0,Unknown,No,2023-07-31
30,Services,Divorced,Secondary,No,-94,Yes,No,Cellular,14,Jul,41,2,-1,0,Unknown,No,2023-07-14
26,Admin.,Single,Secondary,No,609,No,No,Telephone,28,Jan,112,1,-1,0,Unknown,No,2023-01-28
52,Management,Single,Tertiary,No,4,No,Yes,Cellular,28,Jul,30,9,-1,0,Unknown,No,2023-07-28
32,Entrepreneur,Divorced,Secondary,No,1121,Yes,Yes,Cellular,16,Apr,211,3,-1,0,Unknown,No,2023-04-16
39,Management,Divorced,Tertiary,No,355,Yes,No,Cellular,25,Aug,313,5,-1,0,Unknown,No,2023-08-25
31,Blue-Collar,Married,Secondary,No,3653,Yes,Yes,Cellular,21,Nov,252,1,168,4,Failure,No,2023-11-21
83,Retired,Divorced,Primary,No,1097,No,No,Telephone,5,Mar,181,1,-1,0,Unknown,Yes,2023-03-05
34,Management,Married,Tertiary,No,436,No,Yes,Cellular,28,Jul,118,4,-1,0,Unknown,No,2023-07-28
40,Blue-Collar,Married,Secondary,No,4795,Yes,No,Cellular,17,Apr,57,1,-1,0,Unknown,No,2023-04-17
39,Self-Employed,Married,Secondary,No,266,No,No,Cellular,11,May,102,2,-1,0,Unknown,No,2023-05-11
50,Unemployed,Married,Secondary,No,3357,No,No,Cellular,9,Jun,239,4,-1,0,Unknown,Yes,2023-06-09
30,Technician,Married,Tertiary,No,101,Yes,Yes,Cellular,7,Jul,187,3,-1,0,Unknown,No,2023-07-07
43,Blue-Collar,Married,Secondary,No,10910,Yes,No,Cellular,15,May,66,2,-1,0,Unknown,No,2023-05-15
49,Blue-Collar,Married,Secondary,No,1568,No,No,Unknown,21,May,206,6,-1,0,Unknown,No,2023-05-21
41,Retired,Single,Primary,No,0,No,No,Cellular,8,May,239,1,368,2,Failure,No,2023-05-08
35,Blue-Collar,Married,Secondary,No,305,Yes,No,Cellular,18,May,7,7,367,25,Failure,No,2023-05-18
57,Retired,Married,Tertiary,No,31,No,No,Cellular,19,Aug,260,2,-1,0,Unknown,No,2023-08-19
29,Entrepreneur,Married,Secondary,No,452,Yes,No,Unknown,27,May,347,1,-1,0,Unknown,No,2023-05-27
48,Admin.,Married,Secondary,No,5,Yes,No,Unknown,7,May,697,2,-1,0,Unknown,No,2023-05-07
38,Entrepreneur,Divorced,Tertiary,No,7929,No,No,Cellular,8,Jul,182,3,-1,0,Unknown,No,2023-07-08
41,Entrepreneur,Married,Primary,No,39,Yes,No,Cellular,21,Nov,549,2,-1,0,Unknown,Yes,2023-11-21
39,Housemaid,Married,Primary,No,267,No,No,Unknown,9,Jun,1151,5,-1,0,Unknown,No,2023-06-09
31,Management,Married,Tertiary,No,4945,No,No,Cellular,11,Aug,445,1,-1,0,Unknown,No,2023-08-11
51,Technician,Married,Secondary,No,463,Yes,No,Unknown,13,May,213,5,-1,0,Unknown,No,2023-05-13
35,Unemployed,Single,Secondary,No,2116,Yes,No,Cellular,13,May,409,2,-1,0,Unknown,No,2023-05-13
45,Admin.,Divorced,Secondary,No,59,Yes,No,Cellular,24,Jul,873,8,-1,0,Unknown,Yes,2023-07-24
28,Blue-Collar,Married,Secondary,No,131,Yes,No,Unknown,12,May,147,5,-1,0,Unknown,No,2023-05-12
57,Retired,Married,Secondary,No,107,No,No,Cellular,14,Jul,85,2,-1,0,Unknown,No,2023-07-14
36,Unemployed,Married,Secondary,No,-35,No,No,Cellular,30,Jan,339,3,-1,0,Unknown,No,2023-01-30
49,Technician,Married,Primary,No,230,Yes,No,Unknown,8,May,96,1,-1,0,Unknown,No,2023-05-08
34,Management,Single,Tertiary,No,2679,Yes,No,Cellular,7,May,195,1,-1,0,Unknown,No,2023-05-07
65,Retired,Married,Primary,No,493,No,No,Cellular,16,Oct,622,1,182,1,Failure,No,2023-10-16
26,Services,Single,Secondary,No,256,Yes,No,Cellular,4,May,101,2,-1,0,Unknown,No,2023-05-04
52,Blue-Collar,Married,Primary,No,-133,No,No,Unknown,5,Jun,96,2,-1,0,Unknown,No,2023-06-05
32,Blue-Collar,Single,Secondary,No,811,Yes,No,Cellular,14,May,563,1,-1,0,Unknown,Yes,2023-05-14
33,Unemployed,Married,Tertiary,No,302,Yes,Yes,Cellular,16,Apr,670,1,-1,0,Unknown,No,2023-04-16
43,Management,Married,Tertiary,No,3529,Yes,No,Cellular,4,Aug,190,3,-1,0,Unknown,No,2023-08-04
26,Technician,Single,Tertiary,No,75,Yes,Yes,Unknown,19,May,351,1,-1,0,Unknown,No,2023-05-19
45,Technician,Married,Secondary,No,999,Yes,No,Cellular,20,Nov,215,6,188,2,Failure,No,2023-11-20
30,Management,Single,Tertiary,No,7845,Yes,No,Unknown,3,Jun,59,1,-1,0,Unknown,No,2023-06-03
37,Services,Divorced,Primary,No,260,Yes,No,Cellular,17,Apr,446,2,-1,0,Unknown,No,2023-04-17
45,Management,Single,Tertiary,No,2048,Yes,No,Cellular,18,Oct,310,1,804,1,Failure,Yes,2023-10-18
34,Management,Married,Tertiary,No,1557,Yes,Yes,Unknown,13,May,213,1,-1,0,Unknown,No,2023-05-13
35,Services,Married,Secondary,No,505,Yes,Yes,Unknown,27,May,371,2,-1,0,Unknown,No,2023-05-27
41,Admin.,Married,Tertiary,No,1536,No,No,Cellular,4,May,54,2,-1,0,Unknown,No,2023-05-04
42,Self-Employed,Married,Tertiary,No,0,No,No,Cellular,8,Aug,118,6,-1,0,Unknown,No,2023-08-08
48,Blue-Collar,Married,Unknown,No,439,Yes,No,Cellular,2,Feb,212,1,249,2,Other,No,2023-02-02
45,Unknown,Married,Primary,No,44,No,No,Unknown,11,Jun,81,1,-1,0,Unknown,No,2023-06-11
47,Management,Married,Tertiary,No,295,Yes,No,Cellular,5,Aug,157,1,-1,0,Unknown,No,2023-08-05
37,Blue-Collar,Married,Primary,No,190,Yes,Yes,Unknown,8,May,194,1,-1,0,Unknown,No,2023-05-08
32,Management,Married,Secondary,No,3935,Yes,No,Unknown,29,May,129,2,-1,0,Unknown,No,2023-05-29
40,Management,Married,Tertiary,No,-17,Yes,Yes,Cellular,11,May,474,1,256,1,Success,Yes,2023-05-11
35,Technician,Single,Secondary,No,175,Yes,No,Cellular,29,Jan,219,1,246,1,Failure,No,2023-01-29
31,Technician,Single,Secondary,No,4888,Yes,No,Telephone,5,May,475,4,166,2,Failure,No,2023-05-05
36,Technician,Single,Tertiary,No,40,No,No,Cellular,26,Aug,359,3,-1,0,Unknown,No,2023-08-26
44,Management,Married,Tertiary,No,4460,No,No,Telephone,31,Jul,168,2,-1,0,Unknown,No,2023-07-31
52,Admin.,Divorced,Secondary,No,98,No,Yes,Unknown,19,Jun,148,1,-1,0,Unknown,No,2023-06-19
28,Student,Single,Secondary,No,330,No,No,Telephone,2,Feb,197,1,-1,0,Unknown,No,2023-02-02
45,Blue-Collar,Married,Primary,No,13117,No,No,Unknown,11,Jun,42,2,-1,0,Unknown,No,2023-06-11
38,Management,Married,Tertiary,No,12877,No,No,Unknown,17,Jun,118,3,-1,0,Unknown,No,2023-06-17
39,Blue-Collar,Married,Primary,No,1506,Yes,No,Cellular,11,May,299,2,-1,0,Unknown,No,2023-05-11
28,Management,Single,Tertiary,No,0,No,No,Telephone,27,May,198,2,-1,0,Unknown,No,2023-05-27
31,Technician,Single,Secondary,No,775,No,No,Cellular,2,Feb,361,1,-1,0,Unknown,No,2023-02-02
46,Blue-Collar,Married,Primary,No,258,Yes,No,Unknown,27,May,217,1,-1,0,Unknown,No,2023-05-27
22,Student,Single,Secondary,No,246,Yes,No,Telephone,12,May,25,1,-1,0,Unknown,No,2023-05-12
49,Blue-Collar,Single,Primary,No,2146,Yes,No,Cellular,7,May,1516,2,353,2,Other,Yes,2023-05-07
44,Unemployed,Married,Secondary,No,304,Yes,No,Unknown,12,May,129,2,-1,0,Unknown,No,2023-05-12
31,Self-Employed,Single,Secondary,No,360,Yes,No,Unknown,26,May,592,4,-1,0,Unknown,No,2023-05-26
53,Blue-Collar,Married,Primary,No,3316,Yes,No,Unknown,23,May,331,6,-1,0,Unknown,No,2023-05-23
55,Management,Married,Tertiary,No,6880,No,No,Cellular,8,Aug,353,2,-1,0,Unknown,No,2023-08-08
35,Technician,Married,Secondary,No,2189,No,No,Cellular,19,Nov,256,3,-1,0,Unknown,No,2023-11-19
35,Blue-Collar,Married,Secondary,No,5304,Yes,No,Cellular,20,Nov,340,1,183,2,Failure,No,2023-11-20
37,Management,Single,Tertiary,No,102,Yes,No,Cellular,21,Aug,101,2,-1,0,Unknown,No,2023-08-21
50,Blue-Collar,Married,Secondary,No,181,Yes,No,Cellular,17,Apr,599,2,-1,0,Unknown,No,2023-04-17
37,Management,Married,Primary,No,3953,Yes,No,Cellular,6,Apr,610,2,138,1,Failure,No,2023-04-06
37,Blue-Collar,Single,Primary,No,6969,Yes,No,Unknown,20,May,412,1,-1,0,Unknown,No,2023-05-20
29,Management,Single,Tertiary,No,572,No,No,Cellular,16,Dec,314,1,195,1,Success,Yes,2023-12-16
31,Admin.,Single,Secondary,No,223,Yes,No,Cellular,17,Apr,508,1,315,11,Success,No,2023-04-17
40,Technician,Married,Secondary,No,-396,Yes,No,Unknown,26,May,127,1,-1,0,Unknown,No,2023-05-26
47,Services,Divorced,Secondary,No,164,No,No,Unknown,5,May,212,1,-1,0,Unknown,No,2023-05-05
55,Self-Employed,Married,Secondary,No,2678,No,Yes,Cellular,18,Aug,151,12,-1,0,Unknown,No,2023-08-18
33,Technician,Single,Secondary,No,920,Yes,No,Cellular,21,Nov,58,1,122,4,Failure,No,2023-11-21
53,Services,Divorced,Secondary,No,4554,No,No,Cellular,5,Feb,8,6,-1,0,Unknown,No,2023-02-05
38,Management,Single,Tertiary,No,623,No,No,Cellular,28,Jun,297,4,144,4,Other,Yes,2023-06-28
61,Management,Married,Secondary,No,967,No,No,Cellular,20,Aug,180,1,-1,0,Unknown,No,2023-08-20
43,Unemployed,Divorced,Secondary,No,1577,Yes,No,Cellular,19,Nov,87,1,-1,0,Unknown,No,2023-11-19
42,Housemaid,Married,Primary,No,1,Yes,No,Telephone,28,Jul,59,5,-1,0,Unknown,No,2023-07-28
36,Management,Divorced,Tertiary,No,0,No,No,Cellular,28,Aug,81,4,-1,0,Unknown,No,2023-08-28
31,Technician,Single,Tertiary,No,1166,Yes,No,Unknown,3,Jun,207,1,-1,0,Unknown,No,2023-06-03
59,Management,Married,Unknown,No,3534,No,No,Cellular,21,Nov,216,4,-1,0,Unknown,No,2023-11-21
29,Blue-Collar,Married,Primary,No,200,Yes,No,Unknown,30,May,322,2,-1,0,Unknown,No,2023-05-30
33,Technician,Married,Secondary,No,4790,Yes,No,Cellular,20,Apr,137,1,272,2,Failure,No,2023-04-20
44,Blue-Collar,Married,Primary,No,-237,Yes,No,Telephone,10,Jul,73,1,-1,0,Unknown,No,2023-07-10
43,Blue-Collar,Married,Secondary,No,1335,Yes,No,Unknown,6,May,371,2,-1,0,Unknown,No,2023-05-06
42,Management,Married,Tertiary,No,603,Yes,No,Cellular,5,Nov,298,5,-1,0,Unknown,No,2023-11-05
32,Management,Single,Tertiary,No,577,No,No,Cellular,7,Aug,101,2,-1,0,Unknown,No,2023-08-07
43,Management,Married,Tertiary,No,0,Yes,No,Cellular,17,Nov,110,1,-1,0,Unknown,No,2023-11-17
39,Admin.,Single,Secondary,No,163,Yes,No,Cellular,30,Jan,107,2,-1,0,Unknown,No,2023-01-30
23,Blue-Collar,Married,Primary,No,1158,Yes,No,Cellular,16,Apr,743,1,-1,0,Unknown,No,2023-04-16
43,Services,Married,Secondary,No,642,No,No,Cellular,31,Jul,644,2,-1,0,Unknown,No,2023-07-31
46,Admin.,Married,Secondary,No,466,Yes,No,Cellular,29,Jan,169,1,-1,0,Unknown,No,2023-01-29
31,Technician,Married,Secondary,No,119,Yes,No,Cellular,4,Feb,380,1,-1,0,Unknown,No,2023-02-04
38,Management,Married,Tertiary,No,3436,No,No,Cellular,21,Nov,663,4,-1,0,Unknown,Yes,2023-11-21
53,Blue-Collar,Married,Primary,No,238,Yes,No,Cellular,11,May,238,2,361,5,Failure,No,2023-05-11
37,Blue-Collar,Married,Primary,No,378,Yes,No,Unknown,9,May,514,1,-1,0,Unknown,No,2023-05-09
49,Entrepreneur,Divorced,Secondary,No,32,No,No,Cellular,5,Feb,128,1,-1,0,Unknown,No,2023-02-05
31,Unemployed,Single,Secondary,No,315,No,No,Cellular,30,Jan,130,1,2,1,Other,No,2023-01-30
45,Management,Married,Tertiary,No,6945,No,No,Cellular,5,Aug,131,5,356,3,Failure,No,2023-08-05
58,Admin.,Married,Secondary,No,3496,Yes,No,Unknown,2,Jun,111,4,-1,0,Unknown,No,2023-06-02
35,Blue-Collar,Single,Secondary,No,0,Yes,No,Cellular,16,Apr,169,1,-1,0,Unknown,No,2023-04-16
32,Technician,Single,Secondary,No,309,Yes,Yes,Cellular,16,Apr,346,1,234,3,Failure,No,2023-04-16
28,Technician,Single,Tertiary,No,0,Yes,No,Unknown,4,Jun,205,6,-1,0,Unknown,No,2023-06-04
26,Technician,Single,Secondary,No,668,Yes,No,Unknown,28,May,576,3,-1,0,Unknown,Yes,2023-05-28
48,Management,Married,Tertiary,No,1175,Yes,No,Telephone,18,Nov,1476,3,-1,0,Unknown,No,2023-11-18
30,Blue-Collar,Single,Secondary,No,363,No,No,Cellular,28,Jul,171,3,-1,0,Unknown,No,2023-07-28
31,Entrepreneur,Single,Tertiary,No,38,No,No,Cellular,20,Nov,185,2,-1,0,Unknown,No,2023-11-20
31,Management,Married,Tertiary,No,1183,Yes,No,Unknown,27,May,676,6,-1,0,Unknown,No,2023-05-27
45,Blue-Collar,Divorced,Primary,No,942,No,No,Cellular,21,Nov,362,1,-1,0,Unknown,No,2023-11-21
38,Admin.,Married,Secondary,No,4196,Yes,No,Cellular,12,May,193,2,-1,0,Unknown,No,2023-05-12
34,Management,Married,Tertiary,No,297,Yes,No,Cellular,26,Aug,63,4,-1,0,Unknown,No,2023-08-26
42,Services,Married,Secondary,No,-91,Yes,Yes,Cellular,5,Feb,43,1,-1,0,Unknown,No,2023-02-05
60,Self-Employed,Married,Primary,No,362,No,Yes,Cellular,29,Jul,816,6,-1,0,Unknown,Yes,2023-07-29
42,Blue-Collar,Single,Secondary,No,1080,Yes,Yes,Cellular,13,May,951,3,370,4,Failure,Yes,2023-05-13
32,Admin.,Single,Secondary,No,620,Yes,No,Unknown,26,May,1234,3,-1,0,Unknown,Yes,2023-05-26
42,Unemployed,Divorced,Tertiary,No,-166,No,No,Cellular,29,Aug,85,4,-1,0,Unknown,No,2023-08-29
33,Services,Married,Secondary,No,288,Yes,No,Cellular,17,Apr,306,1,-1,0,Unknown,No,2023-04-17
42,Admin.,Married,Unknown,No,642,Yes,Yes,Unknown,16,May,509,2,-1,0,Unknown,No,2023-05-16
51,Technician,Married,Tertiary,No,2506,No,No,Cellular,30,Nov,210,3,-1,0,Unknown,No,2023-11-30
36,Technician,Divorced,Secondary,No,566,Yes,No,Unknown,20,May,129,2,-1,0,Unknown,No,2023-05-20
46,Blue-Collar,Married,Secondary,No,668,Yes,No,Unknown,15,May,1263,2,-1,0,Unknown,Yes,2023-05-15
40,Blue-Collar,Married,Secondary,No,1100,Yes,No,Unknown,29,May,660,2,-1,0,Unknown,No,2023-05-29
49,Blue-Collar,Married,Secondary,No,322,No,No,Cellular,14,Aug,356,2,-1,0,Unknown,No,2023-08-14
38,Blue-Collar,Married,Secondary,No,1205,Yes,No,Cellular,20,Apr,45,4,153,1,Failure,No,2023-04-20
32,Services,Single,Secondary,No,473,Yes,No,Cellular,7,Jul,624,5,-1,0,Unknown,No,2023-07-07
33,Services,Married,Secondary,No,-333,Yes,No,Cellular,30,Jul,329,5,-1,0,Unknown,No,2023-07-30
57,Self-Employed,Married,Tertiary,Yes,-3313,Yes,Yes,Unknown,9,May,153,1,-1,0,Unknown,No,2023-05-09
57,Technician,Married,Secondary,No,295,No,No,Cellular,19,Aug,151,11,-1,0,Unknown,No,2023-08-19
28,Blue-Collar,Married,Secondary,No,1137,No,No,Cellular,6,Feb,129,4,211,3,Other,No,2023-02-06
44,Entrepreneur,Single,Tertiary,No,1136,Yes,Yes,Cellular,3,Apr,345,2,249,7,Other,No,2023-04-03
